frame,cluster_id,x,y,cluster_size,source_sample_index,source_local_cluster_id
11,1039663,671.5,532.0,1,11872,0
11,1039664,611.5,514.0,1,11872,1
11,1039665,438.5,652.0,1,11873,0
11,1039666,611.5,514.0,1,11873,1
11,1039667,1019.0,479.5,1,11874,0
11,1039668,611.5,514.0,1,11875,0
11,1039669,671.5,532.0,1,11875,1
11,1039670,438.5,652.0,1,11875,2
21,1039663,671.5,532.0,1,11872,0
21,1039664,611.5,514.0,1,11872,1
21,1039665,438.5,652.0,1,11873,0
21,1039666,611.5,514.0,1,11873,1
21,1039667,1019.0,479.5,1,11874,0
21,1039668,611.5,514.0,1,11875,0
21,1039669,671.5,532.0,1,11875,1
21,1039670,438.5,652.0,1,11875,2
31,1039663,671.5,532.0,1,11872,0
31,1039664,611.5,514.0,1,11872,1
31,1039665,438.5,652.0,1,11873,0
31,1039666,611.5,514.0,1,11873,1
31,1039667,1019.0,479.5,1,11874,0
31,1039668,611.5,514.0,1,11875,0
31,1039669,671.5,532.0,1,11875,1
31,1039670,438.5,652.0,1,11875,2
41,1039663,671.5,532.0,1,11872,0
41,1039664,611.5,514.0,1,11872,1
41,1039665,438.5,652.0,1,11873,0
41,1039666,611.5,514.0,1,11873,1
41,1039667,1019.0,479.5,1,11874,0
41,1039668,611.5,514.0,1,11875,0
41,1039669,671.5,532.0,1,11875,1
41,1039670,438.5,652.0,1,11875,2
51,1039663,671.5,532.0,1,11872,0
51,1039664,611.5,514.0,1,11872,1
51,1039665,438.5,652.0,1,11873,0
51,1039666,611.5,514.0,1,11873,1
51,1039667,1019.0,479.5,1,11874,0
51,1039668,611.5,514.0,1,11875,0
51,1039669,671.5,532.0,1,11875,1
51,1039670,438.5,652.0,1,11875,2
61,1039663,671.5,532.0,1,11872,0
61,1039664,611.5,514.0,1,11872,1
61,1039665,438.5,652.0,1,11873,0
61,1039666,611.5,514.0,1,11873,1
61,1039667,1019.0,479.5,1,11874,0
61,1039668,611.5,514.0,1,11875,0
61,1039669,671.5,532.0,1,11875,1
61,1039670,438.5,652.0,1,11875,2
71,1039663,671.5,532.0,1,11872,0
71,1039664,611.5,514.0,1,11872,1
71,1039665,438.5,652.0,1,11873,0
71,1039666,611.5,514.0,1,11873,1
71,1039667,1019.0,479.5,1,11874,0
71,1039668,611.5,514.0,1,11875,0
71,1039669,671.5,532.0,1,11875,1
71,1039670,438.5,652.0,1,11875,2
81,1039663,671.5,532.0,1,11872,0
81,1039664,611.5,514.0,1,11872,1
81,1039665,438.5,652.0,1,11873,0
81,1039666,611.5,514.0,1,11873,1
81,1039667,1019.0,479.5,1,11874,0
81,1039668,611.5,514.0,1,11875,0
81,1039669,671.5,532.0,1,11875,1
81,1039670,438.5,652.0,1,11875,2
91,1039663,671.5,532.0,1,11872,0
91,1039664,611.5,514.0,1,11872,1
91,1039665,438.5,652.0,1,11873,0
91,1039666,611.5,514.0,1,11873,1
91,1039667,1019.0,479.5,1,11874,0
91,1039668,611.5,514.0,1,11875,0
91,1039669,671.5,532.0,1,11875,1
91,1039670,438.5,652.0,1,11875,2
101,1039663,691.0,520.0,1,11872,0
101,1039664,624.5,515.5,1,11872,1
101,1039665,425.5,649.0,1,11873,0
101,1039666,624.5,515.5,1,11873,1
101,1039667,1024.0,479.5,1,11874,0
101,1039668,624.5,515.5,1,11875,0
101,1039669,691.0,520.0,1,11875,1
101,1039670,425.5,649.0,1,11875,2
111,1039663,691.0,520.0,1,11872,0
111,1039664,624.5,515.5,1,11872,1
111,1039665,425.5,649.0,1,11873,0
111,1039666,624.5,515.5,1,11873,1
111,1039667,1024.0,479.5,1,11874,0
111,1039668,624.5,515.5,1,11875,0
111,1039669,691.0,520.0,1,11875,1
111,1039670,425.5,649.0,1,11875,2
121,1039663,691.0,520.0,1,11872,0
121,1039664,624.5,515.5,1,11872,1
121,1039665,425.5,649.0,1,11873,0
121,1039666,624.5,515.5,1,11873,1
121,1039667,1024.0,479.5,1,11874,0
121,1039668,624.5,515.5,1,11875,0
121,1039669,691.0,520.0,1,11875,1
121,1039670,425.5,649.0,1,11875,2
131,1039663,691.0,520.0,1,11872,0
131,1039664,624.5,515.5,1,11872,1
131,1039665,425.5,649.0,1,11873,0
131,1039666,624.5,515.5,1,11873,1
131,1039667,1024.0,479.5,1,11874,0
131,1039668,624.5,515.5,1,11875,0
131,1039669,691.0,520.0,1,11875,1
131,1039670,425.5,649.0,1,11875,2
141,1039663,691.0,520.0,1,11872,0
141,1039664,624.5,515.5,1,11872,1
141,1039665,425.5,649.0,1,11873,0
141,1039666,624.5,515.5,1,11873,1
141,1039667,1024.0,479.5,1,11874,0
141,1039668,624.5,515.5,1,11875,0
141,1039669,691.0,520.0,1,11875,1
141,1039670,425.5,649.0,1,11875,2
151,1039663,691.0,520.0,1,11872,0
151,1039664,624.5,515.5,1,11872,1
151,1039665,425.5,649.0,1,11873,0
151,1039666,624.5,515.5,1,11873,1
151,1039667,1024.0,479.5,1,11874,0
151,1039668,624.5,515.5,1,11875,0
151,1039669,691.0,520.0,1,11875,1
151,1039670,425.5,649.0,1,11875,2
161,1039663,691.0,520.0,1,11872,0
161,1039664,624.5,515.5,1,11872,1
161,1039665,425.5,649.0,1,11873,0
161,1039666,624.5,515.5,1,11873,1
161,1039667,1024.0,479.5,1,11874,0
161,1039668,624.5,515.5,1,11875,0
161,1039669,691.0,520.0,1,11875,1
161,1039670,425.5,649.0,1,11875,2
171,1039663,691.0,520.0,1,11872,0
171,1039664,624.5,515.5,1,11872,1
171,1039665,425.5,649.0,1,11873,0
171,1039666,624.5,515.5,1,11873,1
171,1039667,1024.0,479.5,1,11874,0
171,1039668,624.5,515.5,1,11875,0
171,1039669,691.0,520.0,1,11875,1
171,1039670,425.5,649.0,1,11875,2
181,1039663,691.0,520.0,1,11872,0
181,1039664,624.5,515.5,1,11872,1
181,1039665,425.5,649.0,1,11873,0
181,1039666,624.5,515.5,1,11873,1
181,1039667,1024.0,479.5,1,11874,0
181,1039668,624.5,515.5,1,11875,0
181,1039669,691.0,520.0,1,11875,1
181,1039670,425.5,649.0,1,11875,2
191,1039663,691.0,520.0,1,11872,0
191,1039664,624.5,515.5,1,11872,1
191,1039665,425.5,649.0,1,11873,0
191,1039666,624.5,515.5,1,11873,1
191,1039667,1024.0,479.5,1,11874,0
191,1039668,624.5,515.5,1,11875,0
191,1039669,691.0,520.0,1,11875,1
191,1039670,425.5,649.0,1,11875,2
201,1039663,750.0,546.5,1,11872,0
201,1039664,643.5,522.5,1,11872,1
201,1039665,421.5,648.0,1,11873,0
201,1039666,643.5,522.5,1,11873,1
201,1039667,1030.5,479.5,1,11874,0
201,1039668,643.5,522.5,1,11875,0
201,1039669,750.0,546.5,1,11875,1
201,1039670,421.5,648.0,1,11875,2
221,1039671,449.0,506.0,1,11876,0
221,1039672,695.8571166992188,520.7857055664062,7,11876,1
221,1039673,863.5,545.5,1,11876,2
221,1039674,675.5,584.0,1,11876,3
221,1039675,358.0,732.0,1,11876,4
221,1039676,215.5,725.0,1,11876,5
221,1039677,1122.5,476.0,1,11877,0
221,1039678,695.8571166992188,520.7857055664062,7,11878,0
221,1039679,449.0,506.0,1,11878,1
221,1039680,863.5,545.5,1,11878,2
221,1039681,675.5,584.0,1,11878,3
221,1039682,695.8571166992188,520.7857055664062,7,11879,0
221,1039683,449.0,506.0,1,11879,1
221,1039684,863.5,545.5,1,11879,2
221,1039685,675.5,584.0,1,11879,3
221,1039686,215.5,725.0,1,11879,4
221,1039687,695.8571166992188,520.7857055664062,7,11880,0
221,1039688,449.0,506.0,1,11880,1
221,1039689,863.5,545.5,1,11880,2
221,1039690,675.5,584.0,1,11880,3
221,1039691,215.5,725.0,1,11880,4
221,1039692,695.8571166992188,520.7857055664062,7,11881,0
221,1039693,449.0,506.0,1,11881,1
221,1039694,863.5,545.5,1,11881,2
221,1039695,675.5,584.0,1,11881,3
221,1039696,358.0,732.0,1,11881,4
221,1039697,215.5,725.0,1,11881,5
221,1039698,695.8571166992188,520.7857055664062,7,11882,0
221,1039699,449.0,506.0,1,11882,1
221,1039700,863.5,545.5,1,11882,2
221,1039701,675.5,584.0,1,11882,3
221,1039702,358.0,732.0,1,11882,4
221,1039703,215.5,725.0,1,11882,5
221,1039704,695.8571166992188,520.7857055664062,7,11883,0
221,1039705,449.0,506.0,1,11883,1
221,1039706,863.5,545.5,1,11883,2
221,1039707,675.5,584.0,1,11883,3
221,1039708,695.8571166992188,520.7857055664062,7,11884,0
221,1039709,449.0,506.0,1,11884,1
221,1039710,863.5,545.5,1,11884,2
221,1039711,675.5,584.0,1,11884,3
221,1039712,863.5,545.5,1,11885,0
221,1039713,675.5,584.0,1,11885,1
221,1039714,449.0,506.0,1,11885,2
221,1039715,695.8571166992188,520.7857055664062,7,11885,3
221,1039716,675.5,584.0,1,11886,0
221,1039717,358.0,732.0,1,11886,1
221,1039718,215.5,725.0,1,11886,2
221,1039719,863.5,545.5,1,11886,3
221,1039720,449.0,506.0,1,11886,4
221,1039721,695.8571166992188,520.7857055664062,7,11886,5
221,1039722,358.0,732.0,1,11887,0
221,1039723,215.5,725.0,1,11887,1
221,1039724,675.5,584.0,1,11887,2
221,1039725,449.0,506.0,1,11887,3
221,1039726,625.5,510.0,1,11887,4
221,1039727,844.0,528.5,1,11887,5
221,1039728,215.5,725.0,1,11888,0
221,1039729,675.5,584.0,1,11888,1
221,1039730,358.0,732.0,1,11888,2
221,1039731,449.0,506.0,1,11888,3
221,1039732,636.6666870117188,514.0,3,11888,4
221,1039733,844.0,528.5,1,11888,5
231,1039671,449.0,506.0,1,11876,0
231,1039672,695.8571166992188,520.7857055664062,7,11876,1
231,1039673,863.5,545.5,1,11876,2
231,1039674,675.5,584.0,1,11876,3
231,1039675,358.0,732.0,1,11876,4
231,1039676,215.5,725.0,1,11876,5
231,1039677,1122.5,476.0,1,11877,0
231,1039678,695.8571166992188,520.7857055664062,7,11878,0
231,1039679,449.0,506.0,1,11878,1
231,1039680,863.5,545.5,1,11878,2
231,1039681,675.5,584.0,1,11878,3
231,1039682,695.8571166992188,520.7857055664062,7,11879,0
231,1039683,449.0,506.0,1,11879,1
231,1039684,863.5,545.5,1,11879,2
231,1039685,675.5,584.0,1,11879,3
231,1039686,215.5,725.0,1,11879,4
231,1039687,695.8571166992188,520.7857055664062,7,11880,0
231,1039688,449.0,506.0,1,11880,1
231,1039689,863.5,545.5,1,11880,2
231,1039690,675.5,584.0,1,11880,3
231,1039691,215.5,725.0,1,11880,4
231,1039692,695.8571166992188,520.7857055664062,7,11881,0
231,1039693,449.0,506.0,1,11881,1
231,1039694,863.5,545.5,1,11881,2
231,1039695,675.5,584.0,1,11881,3
231,1039696,358.0,732.0,1,11881,4
231,1039697,215.5,725.0,1,11881,5
231,1039698,695.8571166992188,520.7857055664062,7,11882,0
231,1039699,449.0,506.0,1,11882,1
231,1039700,863.5,545.5,1,11882,2
231,1039701,675.5,584.0,1,11882,3
231,1039702,358.0,732.0,1,11882,4
231,1039703,215.5,725.0,1,11882,5
231,1039704,695.8571166992188,520.7857055664062,7,11883,0
231,1039705,449.0,506.0,1,11883,1
231,1039706,863.5,545.5,1,11883,2
231,1039707,675.5,584.0,1,11883,3
231,1039708,695.8571166992188,520.7857055664062,7,11884,0
231,1039709,449.0,506.0,1,11884,1
231,1039710,863.5,545.5,1,11884,2
231,1039711,675.5,584.0,1,11884,3
231,1039712,863.5,545.5,1,11885,0
231,1039713,675.5,584.0,1,11885,1
231,1039714,449.0,506.0,1,11885,2
231,1039715,695.8571166992188,520.7857055664062,7,11885,3
231,1039716,675.5,584.0,1,11886,0
231,1039717,358.0,732.0,1,11886,1
231,1039718,215.5,725.0,1,11886,2
231,1039719,863.5,545.5,1,11886,3
231,1039720,449.0,506.0,1,11886,4
231,1039721,695.8571166992188,520.7857055664062,7,11886,5
231,1039722,358.0,732.0,1,11887,0
231,1039723,215.5,725.0,1,11887,1
231,1039724,675.5,584.0,1,11887,2
231,1039725,449.0,506.0,1,11887,3
231,1039726,625.5,510.0,1,11887,4
231,1039727,844.0,528.5,1,11887,5
231,1039728,215.5,725.0,1,11888,0
231,1039729,675.5,584.0,1,11888,1
231,1039730,358.0,732.0,1,11888,2
231,1039731,449.0,506.0,1,11888,3
231,1039732,636.6666870117188,514.0,3,11888,4
231,1039733,844.0,528.5,1,11888,5
241,1039671,449.0,506.0,1,11876,0
241,1039672,695.8571166992188,520.7857055664062,7,11876,1
241,1039673,863.5,545.5,1,11876,2
241,1039674,675.5,584.0,1,11876,3
241,1039675,358.0,732.0,1,11876,4
241,1039676,215.5,725.0,1,11876,5
241,1039677,1122.5,476.0,1,11877,0
241,1039678,695.8571166992188,520.7857055664062,7,11878,0
241,1039679,449.0,506.0,1,11878,1
241,1039680,863.5,545.5,1,11878,2
241,1039681,675.5,584.0,1,11878,3
241,1039682,695.8571166992188,520.7857055664062,7,11879,0
241,1039683,449.0,506.0,1,11879,1
241,1039684,863.5,545.5,1,11879,2
241,1039685,675.5,584.0,1,11879,3
241,1039686,215.5,725.0,1,11879,4
241,1039687,695.8571166992188,520.7857055664062,7,11880,0
241,1039688,449.0,506.0,1,11880,1
241,1039689,863.5,545.5,1,11880,2
241,1039690,675.5,584.0,1,11880,3
241,1039691,215.5,725.0,1,11880,4
241,1039692,695.8571166992188,520.7857055664062,7,11881,0
241,1039693,449.0,506.0,1,11881,1
241,1039694,863.5,545.5,1,11881,2
241,1039695,675.5,584.0,1,11881,3
241,1039696,358.0,732.0,1,11881,4
241,1039697,215.5,725.0,1,11881,5
241,1039698,695.8571166992188,520.7857055664062,7,11882,0
241,1039699,449.0,506.0,1,11882,1
241,1039700,863.5,545.5,1,11882,2
241,1039701,675.5,584.0,1,11882,3
241,1039702,358.0,732.0,1,11882,4
241,1039703,215.5,725.0,1,11882,5
241,1039704,695.8571166992188,520.7857055664062,7,11883,0
241,1039705,449.0,506.0,1,11883,1
241,1039706,863.5,545.5,1,11883,2
241,1039707,675.5,584.0,1,11883,3
241,1039708,695.8571166992188,520.7857055664062,7,11884,0
241,1039709,449.0,506.0,1,11884,1
241,1039710,863.5,545.5,1,11884,2
241,1039711,675.5,584.0,1,11884,3
241,1039712,863.5,545.5,1,11885,0
241,1039713,675.5,584.0,1,11885,1
241,1039714,449.0,506.0,1,11885,2
241,1039715,695.8571166992188,520.7857055664062,7,11885,3
241,1039716,675.5,584.0,1,11886,0
241,1039717,358.0,732.0,1,11886,1
241,1039718,215.5,725.0,1,11886,2
241,1039719,863.5,545.5,1,11886,3
241,1039720,449.0,506.0,1,11886,4
241,1039721,695.8571166992188,520.7857055664062,7,11886,5
241,1039722,358.0,732.0,1,11887,0
241,1039723,215.5,725.0,1,11887,1
241,1039724,675.5,584.0,1,11887,2
241,1039725,449.0,506.0,1,11887,3
241,1039726,625.5,510.0,1,11887,4
241,1039727,844.0,528.5,1,11887,5
241,1039728,215.5,725.0,1,11888,0
241,1039729,675.5,584.0,1,11888,1
241,1039730,358.0,732.0,1,11888,2
241,1039731,449.0,506.0,1,11888,3
241,1039732,636.6666870117188,514.0,3,11888,4
241,1039733,844.0,528.5,1,11888,5
251,1039671,449.0,506.0,1,11876,0
251,1039672,695.8571166992188,520.7857055664062,7,11876,1
251,1039673,863.5,545.5,1,11876,2
251,1039674,675.5,584.0,1,11876,3
251,1039675,358.0,732.0,1,11876,4
251,1039676,215.5,725.0,1,11876,5
251,1039677,1122.5,476.0,1,11877,0
251,1039678,695.8571166992188,520.7857055664062,7,11878,0
251,1039679,449.0,506.0,1,11878,1
251,1039680,863.5,545.5,1,11878,2
251,1039681,675.5,584.0,1,11878,3
251,1039682,695.8571166992188,520.7857055664062,7,11879,0
251,1039683,449.0,506.0,1,11879,1
251,1039684,863.5,545.5,1,11879,2
251,1039685,675.5,584.0,1,11879,3
251,1039686,215.5,725.0,1,11879,4
251,1039687,695.8571166992188,520.7857055664062,7,11880,0
251,1039688,449.0,506.0,1,11880,1
251,1039689,863.5,545.5,1,11880,2
251,1039690,675.5,584.0,1,11880,3
251,1039691,215.5,725.0,1,11880,4
251,1039692,695.8571166992188,520.7857055664062,7,11881,0
251,1039693,449.0,506.0,1,11881,1
251,1039694,863.5,545.5,1,11881,2
251,1039695,675.5,584.0,1,11881,3
251,1039696,358.0,732.0,1,11881,4
251,1039697,215.5,725.0,1,11881,5
251,1039698,695.8571166992188,520.7857055664062,7,11882,0
251,1039699,449.0,506.0,1,11882,1
251,1039700,863.5,545.5,1,11882,2
251,1039701,675.5,584.0,1,11882,3
251,1039702,358.0,732.0,1,11882,4
251,1039703,215.5,725.0,1,11882,5
251,1039704,695.8571166992188,520.7857055664062,7,11883,0
251,1039705,449.0,506.0,1,11883,1
251,1039706,863.5,545.5,1,11883,2
251,1039707,675.5,584.0,1,11883,3
251,1039708,695.8571166992188,520.7857055664062,7,11884,0
251,1039709,449.0,506.0,1,11884,1
251,1039710,863.5,545.5,1,11884,2
251,1039711,675.5,584.0,1,11884,3
251,1039712,863.5,545.5,1,11885,0
251,1039713,675.5,584.0,1,11885,1
251,1039714,449.0,506.0,1,11885,2
251,1039715,695.8571166992188,520.7857055664062,7,11885,3
251,1039716,675.5,584.0,1,11886,0
251,1039717,358.0,732.0,1,11886,1
251,1039718,215.5,725.0,1,11886,2
251,1039719,863.5,545.5,1,11886,3
251,1039720,449.0,506.0,1,11886,4
251,1039721,695.8571166992188,520.7857055664062,7,11886,5
251,1039722,358.0,732.0,1,11887,0
251,1039723,215.5,725.0,1,11887,1
251,1039724,675.5,584.0,1,11887,2
251,1039725,449.0,506.0,1,11887,3
251,1039726,625.5,510.0,1,11887,4
251,1039727,844.0,528.5,1,11887,5
251,1039728,215.5,725.0,1,11888,0
251,1039729,675.5,584.0,1,11888,1
251,1039730,358.0,732.0,1,11888,2
251,1039731,449.0,506.0,1,11888,3
251,1039732,636.6666870117188,514.0,3,11888,4
251,1039733,844.0,528.5,1,11888,5
261,1039671,449.0,506.0,1,11876,0
261,1039672,695.8571166992188,520.7857055664062,7,11876,1
261,1039673,863.5,545.5,1,11876,2
261,1039674,675.5,584.0,1,11876,3
261,1039675,358.0,732.0,1,11876,4
261,1039676,215.5,725.0,1,11876,5
261,1039677,1122.5,476.0,1,11877,0
261,1039678,695.8571166992188,520.7857055664062,7,11878,0
261,1039679,449.0,506.0,1,11878,1
261,1039680,863.5,545.5,1,11878,2
261,1039681,675.5,584.0,1,11878,3
261,1039682,695.8571166992188,520.7857055664062,7,11879,0
261,1039683,449.0,506.0,1,11879,1
261,1039684,863.5,545.5,1,11879,2
261,1039685,675.5,584.0,1,11879,3
261,1039686,215.5,725.0,1,11879,4
261,1039687,695.8571166992188,520.7857055664062,7,11880,0
261,1039688,449.0,506.0,1,11880,1
261,1039689,863.5,545.5,1,11880,2
261,1039690,675.5,584.0,1,11880,3
261,1039691,215.5,725.0,1,11880,4
261,1039692,695.8571166992188,520.7857055664062,7,11881,0
261,1039693,449.0,506.0,1,11881,1
261,1039694,863.5,545.5,1,11881,2
261,1039695,675.5,584.0,1,11881,3
261,1039696,358.0,732.0,1,11881,4
261,1039697,215.5,725.0,1,11881,5
261,1039698,695.8571166992188,520.7857055664062,7,11882,0
261,1039699,449.0,506.0,1,11882,1
261,1039700,863.5,545.5,1,11882,2
261,1039701,675.5,584.0,1,11882,3
261,1039702,358.0,732.0,1,11882,4
261,1039703,215.5,725.0,1,11882,5
261,1039704,695.8571166992188,520.7857055664062,7,11883,0
261,1039705,449.0,506.0,1,11883,1
261,1039706,863.5,545.5,1,11883,2
261,1039707,675.5,584.0,1,11883,3
261,1039708,695.8571166992188,520.7857055664062,7,11884,0
261,1039709,449.0,506.0,1,11884,1
261,1039710,863.5,545.5,1,11884,2
261,1039711,675.5,584.0,1,11884,3
261,1039712,863.5,545.5,1,11885,0
261,1039713,675.5,584.0,1,11885,1
261,1039714,449.0,506.0,1,11885,2
261,1039715,695.8571166992188,520.7857055664062,7,11885,3
261,1039716,675.5,584.0,1,11886,0
261,1039717,358.0,732.0,1,11886,1
261,1039718,215.5,725.0,1,11886,2
261,1039719,863.5,545.5,1,11886,3
261,1039720,449.0,506.0,1,11886,4
261,1039721,695.8571166992188,520.7857055664062,7,11886,5
261,1039722,358.0,732.0,1,11887,0
261,1039723,215.5,725.0,1,11887,1
261,1039724,675.5,584.0,1,11887,2
261,1039725,449.0,506.0,1,11887,3
261,1039726,625.5,510.0,1,11887,4
261,1039727,844.0,528.5,1,11887,5
261,1039728,215.5,725.0,1,11888,0
261,1039729,675.5,584.0,1,11888,1
261,1039730,358.0,732.0,1,11888,2
261,1039731,449.0,506.0,1,11888,3
261,1039732,636.6666870117188,514.0,3,11888,4
261,1039733,844.0,528.5,1,11888,5
271,1039671,449.0,506.0,1,11876,0
271,1039672,695.8571166992188,520.7857055664062,7,11876,1
271,1039673,863.5,545.5,1,11876,2
271,1039674,675.5,584.0,1,11876,3
271,1039675,358.0,732.0,1,11876,4
271,1039676,215.5,725.0,1,11876,5
271,1039677,1122.5,476.0,1,11877,0
271,1039678,695.8571166992188,520.7857055664062,7,11878,0
271,1039679,449.0,506.0,1,11878,1
271,1039680,863.5,545.5,1,11878,2
271,1039681,675.5,584.0,1,11878,3
271,1039682,695.8571166992188,520.7857055664062,7,11879,0
271,1039683,449.0,506.0,1,11879,1
271,1039684,863.5,545.5,1,11879,2
271,1039685,675.5,584.0,1,11879,3
271,1039686,215.5,725.0,1,11879,4
271,1039687,695.8571166992188,520.7857055664062,7,11880,0
271,1039688,449.0,506.0,1,11880,1
271,1039689,863.5,545.5,1,11880,2
271,1039690,675.5,584.0,1,11880,3
271,1039691,215.5,725.0,1,11880,4
271,1039692,695.8571166992188,520.7857055664062,7,11881,0
271,1039693,449.0,506.0,1,11881,1
271,1039694,863.5,545.5,1,11881,2
271,1039695,675.5,584.0,1,11881,3
271,1039696,358.0,732.0,1,11881,4
271,1039697,215.5,725.0,1,11881,5
271,1039698,695.8571166992188,520.7857055664062,7,11882,0
271,1039699,449.0,506.0,1,11882,1
271,1039700,863.5,545.5,1,11882,2
271,1039701,675.5,584.0,1,11882,3
271,1039702,358.0,732.0,1,11882,4
271,1039703,215.5,725.0,1,11882,5
271,1039704,695.8571166992188,520.7857055664062,7,11883,0
271,1039705,449.0,506.0,1,11883,1
271,1039706,863.5,545.5,1,11883,2
271,1039707,675.5,584.0,1,11883,3
271,1039708,695.8571166992188,520.7857055664062,7,11884,0
271,1039709,449.0,506.0,1,11884,1
271,1039710,863.5,545.5,1,11884,2
271,1039711,675.5,584.0,1,11884,3
271,1039712,863.5,545.5,1,11885,0
271,1039713,675.5,584.0,1,11885,1
271,1039714,449.0,506.0,1,11885,2
271,1039715,695.8571166992188,520.7857055664062,7,11885,3
271,1039716,675.5,584.0,1,11886,0
271,1039717,358.0,732.0,1,11886,1
271,1039718,215.5,725.0,1,11886,2
271,1039719,863.5,545.5,1,11886,3
271,1039720,449.0,506.0,1,11886,4
271,1039721,695.8571166992188,520.7857055664062,7,11886,5
271,1039722,358.0,732.0,1,11887,0
271,1039723,215.5,725.0,1,11887,1
271,1039724,675.5,584.0,1,11887,2
271,1039725,449.0,506.0,1,11887,3
271,1039726,625.5,510.0,1,11887,4
271,1039727,844.0,528.5,1,11887,5
271,1039728,215.5,725.0,1,11888,0
271,1039729,675.5,584.0,1,11888,1
271,1039730,358.0,732.0,1,11888,2
271,1039731,449.0,506.0,1,11888,3
271,1039732,636.6666870117188,514.0,3,11888,4
271,1039733,844.0,528.5,1,11888,5
281,1039671,449.0,506.0,1,11876,0
281,1039672,695.8571166992188,520.7857055664062,7,11876,1
281,1039673,863.5,545.5,1,11876,2
281,1039674,675.5,584.0,1,11876,3
281,1039675,358.0,732.0,1,11876,4
281,1039676,215.5,725.0,1,11876,5
281,1039677,1122.5,476.0,1,11877,0
281,1039678,695.8571166992188,520.7857055664062,7,11878,0
281,1039679,449.0,506.0,1,11878,1
281,1039680,863.5,545.5,1,11878,2
281,1039681,675.5,584.0,1,11878,3
281,1039682,695.8571166992188,520.7857055664062,7,11879,0
281,1039683,449.0,506.0,1,11879,1
281,1039684,863.5,545.5,1,11879,2
281,1039685,675.5,584.0,1,11879,3
281,1039686,215.5,725.0,1,11879,4
281,1039687,695.8571166992188,520.7857055664062,7,11880,0
281,1039688,449.0,506.0,1,11880,1
281,1039689,863.5,545.5,1,11880,2
281,1039690,675.5,584.0,1,11880,3
281,1039691,215.5,725.0,1,11880,4
281,1039692,695.8571166992188,520.7857055664062,7,11881,0
281,1039693,449.0,506.0,1,11881,1
281,1039694,863.5,545.5,1,11881,2
281,1039695,675.5,584.0,1,11881,3
281,1039696,358.0,732.0,1,11881,4
281,1039697,215.5,725.0,1,11881,5
281,1039698,695.8571166992188,520.7857055664062,7,11882,0
281,1039699,449.0,506.0,1,11882,1
281,1039700,863.5,545.5,1,11882,2
281,1039701,675.5,584.0,1,11882,3
281,1039702,358.0,732.0,1,11882,4
281,1039703,215.5,725.0,1,11882,5
281,1039704,695.8571166992188,520.7857055664062,7,11883,0
281,1039705,449.0,506.0,1,11883,1
281,1039706,863.5,545.5,1,11883,2
281,1039707,675.5,584.0,1,11883,3
281,1039708,695.8571166992188,520.7857055664062,7,11884,0
281,1039709,449.0,506.0,1,11884,1
281,1039710,863.5,545.5,1,11884,2
281,1039711,675.5,584.0,1,11884,3
281,1039712,863.5,545.5,1,11885,0
281,1039713,675.5,584.0,1,11885,1
281,1039714,449.0,506.0,1,11885,2
281,1039715,695.8571166992188,520.7857055664062,7,11885,3
281,1039716,675.5,584.0,1,11886,0
281,1039717,358.0,732.0,1,11886,1
281,1039718,215.5,725.0,1,11886,2
281,1039719,863.5,545.5,1,11886,3
281,1039720,449.0,506.0,1,11886,4
281,1039721,695.8571166992188,520.7857055664062,7,11886,5
281,1039722,358.0,732.0,1,11887,0
281,1039723,215.5,725.0,1,11887,1
281,1039724,675.5,584.0,1,11887,2
281,1039725,449.0,506.0,1,11887,3
281,1039726,625.5,510.0,1,11887,4
281,1039727,844.0,528.5,1,11887,5
281,1039728,215.5,725.0,1,11888,0
281,1039729,675.5,584.0,1,11888,1
281,1039730,358.0,732.0,1,11888,2
281,1039731,449.0,506.0,1,11888,3
281,1039732,636.6666870117188,514.0,3,11888,4
281,1039733,844.0,528.5,1,11888,5
291,1039671,449.0,506.0,1,11876,0
291,1039672,695.8571166992188,520.7857055664062,7,11876,1
291,1039673,863.5,545.5,1,11876,2
291,1039674,675.5,584.0,1,11876,3
291,1039675,358.0,732.0,1,11876,4
291,1039676,215.5,725.0,1,11876,5
291,1039677,1122.5,476.0,1,11877,0
291,1039678,695.8571166992188,520.7857055664062,7,11878,0
291,1039679,449.0,506.0,1,11878,1
291,1039680,863.5,545.5,1,11878,2
291,1039681,675.5,584.0,1,11878,3
291,1039682,695.8571166992188,520.7857055664062,7,11879,0
291,1039683,449.0,506.0,1,11879,1
291,1039684,863.5,545.5,1,11879,2
291,1039685,675.5,584.0,1,11879,3
291,1039686,215.5,725.0,1,11879,4
291,1039687,695.8571166992188,520.7857055664062,7,11880,0
291,1039688,449.0,506.0,1,11880,1
291,1039689,863.5,545.5,1,11880,2
291,1039690,675.5,584.0,1,11880,3
291,1039691,215.5,725.0,1,11880,4
291,1039692,695.8571166992188,520.7857055664062,7,11881,0
291,1039693,449.0,506.0,1,11881,1
291,1039694,863.5,545.5,1,11881,2
291,1039695,675.5,584.0,1,11881,3
291,1039696,358.0,732.0,1,11881,4
291,1039697,215.5,725.0,1,11881,5
291,1039698,695.8571166992188,520.7857055664062,7,11882,0
291,1039699,449.0,506.0,1,11882,1
291,1039700,863.5,545.5,1,11882,2
291,1039701,675.5,584.0,1,11882,3
291,1039702,358.0,732.0,1,11882,4
291,1039703,215.5,725.0,1,11882,5
291,1039704,695.8571166992188,520.7857055664062,7,11883,0
291,1039705,449.0,506.0,1,11883,1
291,1039706,863.5,545.5,1,11883,2
291,1039707,675.5,584.0,1,11883,3
291,1039708,695.8571166992188,520.7857055664062,7,11884,0
291,1039709,449.0,506.0,1,11884,1
291,1039710,863.5,545.5,1,11884,2
291,1039711,675.5,584.0,1,11884,3
291,1039712,863.5,545.5,1,11885,0
291,1039713,675.5,584.0,1,11885,1
291,1039714,449.0,506.0,1,11885,2
291,1039715,695.8571166992188,520.7857055664062,7,11885,3
291,1039716,675.5,584.0,1,11886,0
291,1039717,358.0,732.0,1,11886,1
291,1039718,215.5,725.0,1,11886,2
291,1039719,863.5,545.5,1,11886,3
291,1039720,449.0,506.0,1,11886,4
291,1039721,695.8571166992188,520.7857055664062,7,11886,5
291,1039722,358.0,732.0,1,11887,0
291,1039723,215.5,725.0,1,11887,1
291,1039724,675.5,584.0,1,11887,2
291,1039725,449.0,506.0,1,11887,3
291,1039726,625.5,510.0,1,11887,4
291,1039727,844.0,528.5,1,11887,5
291,1039728,215.5,725.0,1,11888,0
291,1039729,675.5,584.0,1,11888,1
291,1039730,358.0,732.0,1,11888,2
291,1039731,449.0,506.0,1,11888,3
291,1039732,636.6666870117188,514.0,3,11888,4
291,1039733,844.0,528.5,1,11888,5
301,1039671,449.0,506.0,1,11876,0
301,1039672,695.8571166992188,520.7857055664062,7,11876,1
301,1039673,863.5,545.5,1,11876,2
301,1039674,675.5,584.0,1,11876,3
301,1039675,358.0,732.0,1,11876,4
301,1039676,215.5,725.0,1,11876,5
301,1039677,1122.5,476.0,1,11877,0
301,1039678,695.8571166992188,520.7857055664062,7,11878,0
301,1039679,449.0,506.0,1,11878,1
301,1039680,863.5,545.5,1,11878,2
301,1039681,675.5,584.0,1,11878,3
301,1039682,695.8571166992188,520.7857055664062,7,11879,0
301,1039683,449.0,506.0,1,11879,1
301,1039684,863.5,545.5,1,11879,2
301,1039685,675.5,584.0,1,11879,3
301,1039686,215.5,725.0,1,11879,4
301,1039687,695.8571166992188,520.7857055664062,7,11880,0
301,1039688,449.0,506.0,1,11880,1
301,1039689,863.5,545.5,1,11880,2
301,1039690,675.5,584.0,1,11880,3
301,1039691,215.5,725.0,1,11880,4
301,1039692,695.8571166992188,520.7857055664062,7,11881,0
301,1039693,449.0,506.0,1,11881,1
301,1039694,863.5,545.5,1,11881,2
301,1039695,675.5,584.0,1,11881,3
301,1039696,358.0,732.0,1,11881,4
301,1039697,215.5,725.0,1,11881,5
301,1039698,695.8571166992188,520.7857055664062,7,11882,0
301,1039699,449.0,506.0,1,11882,1
301,1039700,863.5,545.5,1,11882,2
301,1039701,675.5,584.0,1,11882,3
301,1039702,358.0,732.0,1,11882,4
301,1039703,215.5,725.0,1,11882,5
301,1039704,695.8571166992188,520.7857055664062,7,11883,0
301,1039705,449.0,506.0,1,11883,1
301,1039706,863.5,545.5,1,11883,2
301,1039707,675.5,584.0,1,11883,3
301,1039708,695.8571166992188,520.7857055664062,7,11884,0
301,1039709,449.0,506.0,1,11884,1
301,1039710,863.5,545.5,1,11884,2
301,1039711,675.5,584.0,1,11884,3
301,1039712,863.5,545.5,1,11885,0
301,1039713,675.5,584.0,1,11885,1
301,1039714,449.0,506.0,1,11885,2
301,1039715,695.8571166992188,520.7857055664062,7,11885,3
301,1039716,675.5,584.0,1,11886,0
301,1039717,358.0,732.0,1,11886,1
301,1039718,215.5,725.0,1,11886,2
301,1039719,863.5,545.5,1,11886,3
301,1039720,449.0,506.0,1,11886,4
301,1039721,695.8571166992188,520.7857055664062,7,11886,5
301,1039722,358.0,732.0,1,11887,0
301,1039723,215.5,725.0,1,11887,1
301,1039724,675.5,584.0,1,11887,2
301,1039725,449.0,506.0,1,11887,3
301,1039726,625.5,510.0,1,11887,4
301,1039727,844.0,528.5,1,11887,5
301,1039728,215.5,725.0,1,11888,0
301,1039729,675.5,584.0,1,11888,1
301,1039730,358.0,732.0,1,11888,2
301,1039731,449.0,506.0,1,11888,3
301,1039732,636.6666870117188,514.0,3,11888,4
301,1039733,844.0,528.5,1,11888,5
311,1039671,505.5,519.0,1,11876,0
311,1039672,676.05712890625,520.2857055664062,5,11876,1
311,1039673,837.0,542.5,1,11876,2
311,1039674,644.5,573.5,1,11876,3
311,1039675,399.0,725.0,1,11876,4
311,1039676,242.0,717.5,1,11876,5
311,1039677,1130.5,475.5,1,11877,0
311,1039678,676.05712890625,520.2857055664062,5,11878,0
311,1039679,505.5,519.0,1,11878,1
311,1039680,837.0,542.5,1,11878,2
311,1039681,644.5,573.5,1,11878,3
311,1039682,676.05712890625,520.2857055664062,5,11879,0
311,1039683,505.5,519.0,1,11879,1
311,1039684,837.0,542.5,1,11879,2
311,1039685,644.5,573.5,1,11879,3
311,1039686,242.0,717.5,1,11879,4
311,1039687,676.05712890625,520.2857055664062,5,11880,0
311,1039688,505.5,519.0,1,11880,1
311,1039689,837.0,542.5,1,11880,2
311,1039690,644.5,573.5,1,11880,3
311,1039691,242.0,717.5,1,11880,4
311,1039692,676.05712890625,520.2857055664062,5,11881,0
311,1039693,505.5,519.0,1,11881,1
311,1039694,837.0,542.5,1,11881,2
311,1039695,644.5,573.5,1,11881,3
311,1039696,399.0,725.0,1,11881,4
311,1039697,242.0,717.5,1,11881,5
311,1039698,676.05712890625,520.2857055664062,5,11882,0
311,1039699,505.5,519.0,1,11882,1
311,1039700,837.0,542.5,1,11882,2
311,1039701,644.5,573.5,1,11882,3
311,1039702,399.0,725.0,1,11882,4
311,1039703,242.0,717.5,1,11882,5
311,1039704,676.05712890625,520.2857055664062,5,11883,0
311,1039705,505.5,519.0,1,11883,1
311,1039706,837.0,542.5,1,11883,2
311,1039707,644.5,573.5,1,11883,3
311,1039708,676.05712890625,520.2857055664062,5,11884,0
311,1039709,505.5,519.0,1,11884,1
311,1039710,837.0,542.5,1,11884,2
311,1039711,644.5,573.5,1,11884,3
311,1039712,837.0,542.5,1,11885,0
311,1039713,644.5,573.5,1,11885,1
311,1039714,505.5,519.0,1,11885,2
311,1039715,676.05712890625,520.2857055664062,5,11885,3
311,1039716,644.5,573.5,1,11886,0
311,1039717,399.0,725.0,1,11886,1
311,1039718,242.0,717.5,1,11886,2
311,1039719,837.0,542.5,1,11886,3
311,1039720,505.5,519.0,1,11886,4
311,1039721,676.05712890625,520.2857055664062,5,11886,5
311,1039722,399.0,725.0,1,11887,0
311,1039723,242.0,717.5,1,11887,1
311,1039724,644.5,573.5,1,11887,2
311,1039725,505.5,519.0,1,11887,3
311,1039726,579.5,510.0,1,11887,4
311,1039727,837.0,527.0,1,11887,5
311,1039728,242.0,717.5,1,11888,0
311,1039729,644.5,573.5,1,11888,1
311,1039730,399.0,725.0,1,11888,2
311,1039731,505.5,519.0,1,11888,3
311,1039732,635.4166870117188,515.25,2,11888,4
311,1039733,837.0,527.0,1,11888,5
321,1039671,505.5,519.0,3,11876,0
321,1039672,676.05712890625,520.2857055664062,5,11876,1
321,1039673,837.0,542.5,1,11876,2
321,1039674,644.5,573.5,1,11876,3
321,1039675,399.0,725.0,1,11876,4
321,1039676,242.0,717.5,1,11876,5
321,1039677,1130.5,475.5,1,11877,0
321,1039678,676.05712890625,520.2857055664062,5,11878,0
321,1039679,505.5,519.0,3,11878,1
321,1039680,837.0,542.5,1,11878,2
321,1039681,644.5,573.5,1,11878,3
321,1039682,676.05712890625,520.2857055664062,5,11879,0
321,1039683,505.5,519.0,3,11879,1
321,1039684,837.0,542.5,1,11879,2
321,1039685,644.5,573.5,1,11879,3
321,1039686,242.0,717.5,1,11879,4
321,1039687,676.05712890625,520.2857055664062,5,11880,0
321,1039688,505.5,519.0,3,11880,1
321,1039689,837.0,542.5,1,11880,2
321,1039690,644.5,573.5,1,11880,3
321,1039691,242.0,717.5,1,11880,4
321,1039692,676.05712890625,520.2857055664062,5,11881,0
321,1039693,505.5,519.0,3,11881,1
321,1039694,837.0,542.5,1,11881,2
321,1039695,644.5,573.5,1,11881,3
321,1039696,399.0,725.0,1,11881,4
321,1039697,242.0,717.5,1,11881,5
321,1039698,676.05712890625,520.2857055664062,5,11882,0
321,1039699,505.5,519.0,3,11882,1
321,1039700,837.0,542.5,1,11882,2
321,1039701,644.5,573.5,1,11882,3
321,1039702,399.0,725.0,1,11882,4
321,1039703,242.0,717.5,1,11882,5
321,1039704,676.05712890625,520.2857055664062,5,11883,0
321,1039705,505.5,519.0,3,11883,1
321,1039706,837.0,542.5,1,11883,2
321,1039707,644.5,573.5,1,11883,3
321,1039708,676.05712890625,520.2857055664062,5,11884,0
321,1039709,505.5,519.0,3,11884,1
321,1039710,837.0,542.5,1,11884,2
321,1039711,644.5,573.5,1,11884,3
321,1039712,837.0,542.5,1,11885,0
321,1039713,644.5,573.5,1,11885,1
321,1039714,505.5,519.0,3,11885,2
321,1039715,676.05712890625,520.2857055664062,5,11885,3
321,1039716,644.5,573.5,1,11886,0
321,1039717,399.0,725.0,1,11886,1
321,1039718,242.0,717.5,1,11886,2
321,1039719,837.0,542.5,1,11886,3
321,1039720,505.5,519.0,3,11886,4
321,1039721,676.05712890625,520.2857055664062,5,11886,5
321,1039722,399.0,725.0,1,11887,0
321,1039723,242.0,717.5,1,11887,1
321,1039724,644.5,573.5,1,11887,2
321,1039725,505.5,519.0,1,11887,3
321,1039726,579.5,510.0,1,11887,4
321,1039727,837.0,527.0,1,11887,5
321,1039728,242.0,717.5,1,11888,0
321,1039729,644.5,573.5,1,11888,1
321,1039730,399.0,725.0,1,11888,2
321,1039731,505.5,519.0,2,11888,3
321,1039732,635.4166870117188,515.25,2,11888,4
321,1039733,837.0,527.0,1,11888,5
331,1039671,505.5,519.0,3,11876,0
331,1039672,676.05712890625,520.2857055664062,5,11876,1
331,1039673,837.0,542.5,1,11876,2
331,1039674,644.5,573.5,1,11876,3
331,1039675,399.0,725.0,1,11876,4
331,1039676,242.0,717.5,1,11876,5
331,1039677,1130.5,475.5,1,11877,0
331,1039678,676.05712890625,520.2857055664062,5,11878,0
331,1039679,505.5,519.0,3,11878,1
331,1039680,837.0,542.5,1,11878,2
331,1039681,644.5,573.5,1,11878,3
331,1039682,676.05712890625,520.2857055664062,5,11879,0
331,1039683,505.5,519.0,3,11879,1
331,1039684,837.0,542.5,1,11879,2
331,1039685,644.5,573.5,1,11879,3
331,1039686,242.0,717.5,1,11879,4
331,1039687,676.05712890625,520.2857055664062,5,11880,0
331,1039688,505.5,519.0,3,11880,1
331,1039689,837.0,542.5,1,11880,2
331,1039690,644.5,573.5,1,11880,3
331,1039691,242.0,717.5,1,11880,4
331,1039692,676.05712890625,520.2857055664062,5,11881,0
331,1039693,505.5,519.0,3,11881,1
331,1039694,837.0,542.5,1,11881,2
331,1039695,644.5,573.5,1,11881,3
331,1039696,399.0,725.0,1,11881,4
331,1039697,242.0,717.5,1,11881,5
331,1039698,676.05712890625,520.2857055664062,5,11882,0
331,1039699,505.5,519.0,3,11882,1
331,1039700,837.0,542.5,1,11882,2
331,1039701,644.5,573.5,1,11882,3
331,1039702,399.0,725.0,1,11882,4
331,1039703,242.0,717.5,1,11882,5
331,1039704,676.05712890625,520.2857055664062,5,11883,0
331,1039705,505.5,519.0,3,11883,1
331,1039706,837.0,542.5,1,11883,2
331,1039707,644.5,573.5,1,11883,3
331,1039708,676.05712890625,520.2857055664062,5,11884,0
331,1039709,505.5,519.0,3,11884,1
331,1039710,837.0,542.5,1,11884,2
331,1039711,644.5,573.5,1,11884,3
331,1039712,837.0,542.5,1,11885,0
331,1039713,644.5,573.5,1,11885,1
331,1039714,505.5,519.0,3,11885,2
331,1039715,676.05712890625,520.2857055664062,5,11885,3
331,1039716,644.5,573.5,1,11886,0
331,1039717,399.0,725.0,1,11886,1
331,1039718,242.0,717.5,1,11886,2
331,1039719,837.0,542.5,1,11886,3
331,1039720,505.5,519.0,3,11886,4
331,1039721,676.05712890625,520.2857055664062,5,11886,5
331,1039722,399.0,725.0,1,11887,0
331,1039723,242.0,717.5,1,11887,1
331,1039724,644.5,573.5,1,11887,2
331,1039725,505.5,519.0,1,11887,3
331,1039726,579.5,510.0,1,11887,4
331,1039727,837.0,527.0,1,11887,5
331,1039728,242.0,717.5,1,11888,0
331,1039729,644.5,573.5,1,11888,1
331,1039730,399.0,725.0,1,11888,2
331,1039731,505.5,519.0,2,11888,3
331,1039732,635.4166870117188,515.25,2,11888,4
331,1039733,837.0,527.0,1,11888,5
341,1039671,505.5,519.0,3,11876,0
341,1039672,676.05712890625,520.2857055664062,5,11876,1
341,1039673,837.0,542.5,1,11876,2
341,1039674,644.5,573.5,1,11876,3
341,1039675,399.0,725.0,1,11876,4
341,1039676,242.0,717.5,1,11876,5
341,1039677,1130.5,475.5,1,11877,0
341,1039678,676.05712890625,520.2857055664062,5,11878,0
341,1039679,505.5,519.0,3,11878,1
341,1039680,837.0,542.5,1,11878,2
341,1039681,644.5,573.5,1,11878,3
341,1039682,676.05712890625,520.2857055664062,5,11879,0
341,1039683,505.5,519.0,3,11879,1
341,1039684,837.0,542.5,1,11879,2
341,1039685,644.5,573.5,1,11879,3
341,1039686,242.0,717.5,1,11879,4
341,1039687,676.05712890625,520.2857055664062,5,11880,0
341,1039688,505.5,519.0,3,11880,1
341,1039689,837.0,542.5,1,11880,2
341,1039690,644.5,573.5,1,11880,3
341,1039691,242.0,717.5,1,11880,4
341,1039692,676.05712890625,520.2857055664062,5,11881,0
341,1039693,505.5,519.0,3,11881,1
341,1039694,837.0,542.5,1,11881,2
341,1039695,644.5,573.5,1,11881,3
341,1039696,399.0,725.0,1,11881,4
341,1039697,242.0,717.5,1,11881,5
341,1039698,676.05712890625,520.2857055664062,5,11882,0
341,1039699,505.5,519.0,3,11882,1
341,1039700,837.0,542.5,1,11882,2
341,1039701,644.5,573.5,1,11882,3
341,1039702,399.0,725.0,1,11882,4
341,1039703,242.0,717.5,1,11882,5
341,1039704,676.05712890625,520.2857055664062,5,11883,0
341,1039705,505.5,519.0,3,11883,1
341,1039706,837.0,542.5,1,11883,2
341,1039707,644.5,573.5,1,11883,3
341,1039708,676.05712890625,520.2857055664062,5,11884,0
341,1039709,505.5,519.0,3,11884,1
341,1039710,837.0,542.5,1,11884,2
341,1039711,644.5,573.5,1,11884,3
341,1039712,837.0,542.5,1,11885,0
341,1039713,644.5,573.5,1,11885,1
341,1039714,505.5,519.0,3,11885,2
341,1039715,676.05712890625,520.2857055664062,5,11885,3
341,1039716,644.5,573.5,1,11886,0
341,1039717,399.0,725.0,1,11886,1
341,1039718,242.0,717.5,1,11886,2
341,1039719,837.0,542.5,1,11886,3
341,1039720,505.5,519.0,3,11886,4
341,1039721,676.05712890625,520.2857055664062,5,11886,5
341,1039722,399.0,725.0,1,11887,0
341,1039723,242.0,717.5,1,11887,1
341,1039724,644.5,573.5,1,11887,2
341,1039725,505.5,519.0,1,11887,3
341,1039726,579.5,510.0,1,11887,4
341,1039727,837.0,527.0,1,11887,5
341,1039728,242.0,717.5,1,11888,0
341,1039729,644.5,573.5,1,11888,1
341,1039730,399.0,725.0,1,11888,2
341,1039731,505.5,519.0,2,11888,3
341,1039732,635.4166870117188,515.25,2,11888,4
341,1039733,837.0,527.0,1,11888,5
351,1039671,505.5,519.0,3,11876,0
351,1039672,676.05712890625,520.2857055664062,5,11876,1
351,1039673,837.0,542.5,1,11876,2
351,1039674,644.5,573.5,1,11876,3
351,1039675,399.0,725.0,1,11876,4
351,1039676,242.0,717.5,1,11876,5
351,1039677,1130.5,475.5,1,11877,0
351,1039678,676.05712890625,520.2857055664062,5,11878,0
351,1039679,505.5,519.0,3,11878,1
351,1039680,837.0,542.5,1,11878,2
351,1039681,644.5,573.5,1,11878,3
351,1039682,676.05712890625,520.2857055664062,5,11879,0
351,1039683,505.5,519.0,3,11879,1
351,1039684,837.0,542.5,1,11879,2
351,1039685,644.5,573.5,1,11879,3
351,1039686,242.0,717.5,1,11879,4
351,1039687,676.05712890625,520.2857055664062,5,11880,0
351,1039688,505.5,519.0,3,11880,1
351,1039689,837.0,542.5,1,11880,2
351,1039690,644.5,573.5,1,11880,3
351,1039691,242.0,717.5,1,11880,4
351,1039692,676.05712890625,520.2857055664062,5,11881,0
351,1039693,505.5,519.0,3,11881,1
351,1039694,837.0,542.5,1,11881,2
351,1039695,644.5,573.5,1,11881,3
351,1039696,399.0,725.0,1,11881,4
351,1039697,242.0,717.5,1,11881,5
351,1039698,676.05712890625,520.2857055664062,5,11882,0
351,1039699,505.5,519.0,3,11882,1
351,1039700,837.0,542.5,1,11882,2
351,1039701,644.5,573.5,1,11882,3
351,1039702,399.0,725.0,1,11882,4
351,1039703,242.0,717.5,1,11882,5
351,1039704,676.05712890625,520.2857055664062,5,11883,0
351,1039705,505.5,519.0,3,11883,1
351,1039706,837.0,542.5,1,11883,2
351,1039707,644.5,573.5,1,11883,3
351,1039708,676.05712890625,520.2857055664062,5,11884,0
351,1039709,505.5,519.0,3,11884,1
351,1039710,837.0,542.5,1,11884,2
351,1039711,644.5,573.5,1,11884,3
351,1039712,837.0,542.5,1,11885,0
351,1039713,644.5,573.5,1,11885,1
351,1039714,505.5,519.0,3,11885,2
351,1039715,676.05712890625,520.2857055664062,5,11885,3
351,1039716,644.5,573.5,1,11886,0
351,1039717,399.0,725.0,1,11886,1
351,1039718,242.0,717.5,1,11886,2
351,1039719,837.0,542.5,1,11886,3
351,1039720,505.5,519.0,3,11886,4
351,1039721,676.05712890625,520.2857055664062,5,11886,5
351,1039722,399.0,725.0,1,11887,0
351,1039723,242.0,717.5,1,11887,1
351,1039724,644.5,573.5,1,11887,2
351,1039725,505.5,519.0,1,11887,3
351,1039726,579.5,510.0,1,11887,4
351,1039727,837.0,527.0,1,11887,5
351,1039728,242.0,717.5,1,11888,0
351,1039729,644.5,573.5,1,11888,1
351,1039730,399.0,725.0,1,11888,2
351,1039731,505.5,519.0,2,11888,3
351,1039732,635.4166870117188,515.25,2,11888,4
351,1039733,837.0,527.0,1,11888,5
361,1039671,505.5,519.0,3,11876,0
361,1039672,676.05712890625,520.2857055664062,5,11876,1
361,1039673,837.0,542.5,1,11876,2
361,1039674,644.5,573.5,1,11876,3
361,1039675,399.0,725.0,1,11876,4
361,1039676,242.0,717.5,1,11876,5
361,1039677,1130.5,475.5,1,11877,0
361,1039678,676.05712890625,520.2857055664062,5,11878,0
361,1039679,505.5,519.0,3,11878,1
361,1039680,837.0,542.5,1,11878,2
361,1039681,644.5,573.5,1,11878,3
361,1039682,676.05712890625,520.2857055664062,5,11879,0
361,1039683,505.5,519.0,3,11879,1
361,1039684,837.0,542.5,1,11879,2
361,1039685,644.5,573.5,1,11879,3
361,1039686,242.0,717.5,1,11879,4
361,1039687,676.05712890625,520.2857055664062,5,11880,0
361,1039688,505.5,519.0,3,11880,1
361,1039689,837.0,542.5,1,11880,2
361,1039690,644.5,573.5,1,11880,3
361,1039691,242.0,717.5,1,11880,4
361,1039692,676.05712890625,520.2857055664062,5,11881,0
361,1039693,505.5,519.0,3,11881,1
361,1039694,837.0,542.5,1,11881,2
361,1039695,644.5,573.5,1,11881,3
361,1039696,399.0,725.0,1,11881,4
361,1039697,242.0,717.5,1,11881,5
361,1039698,676.05712890625,520.2857055664062,5,11882,0
361,1039699,505.5,519.0,3,11882,1
361,1039700,837.0,542.5,1,11882,2
361,1039701,644.5,573.5,1,11882,3
361,1039702,399.0,725.0,1,11882,4
361,1039703,242.0,717.5,1,11882,5
361,1039704,676.05712890625,520.2857055664062,5,11883,0
361,1039705,505.5,519.0,3,11883,1
361,1039706,837.0,542.5,1,11883,2
361,1039707,644.5,573.5,1,11883,3
361,1039708,676.05712890625,520.2857055664062,5,11884,0
361,1039709,505.5,519.0,3,11884,1
361,1039710,837.0,542.5,1,11884,2
361,1039711,644.5,573.5,1,11884,3
361,1039712,837.0,542.5,1,11885,0
361,1039713,644.5,573.5,1,11885,1
361,1039714,505.5,519.0,3,11885,2
361,1039715,676.05712890625,520.2857055664062,5,11885,3
361,1039716,644.5,573.5,1,11886,0
361,1039717,399.0,725.0,1,11886,1
361,1039718,242.0,717.5,1,11886,2
361,1039719,837.0,542.5,1,11886,3
361,1039720,505.5,519.0,3,11886,4
361,1039721,676.05712890625,520.2857055664062,5,11886,5
361,1039722,399.0,725.0,1,11887,0
361,1039723,242.0,717.5,1,11887,1
361,1039724,644.5,573.5,1,11887,2
361,1039725,505.5,519.0,1,11887,3
361,1039726,579.5,510.0,1,11887,4
361,1039727,837.0,527.0,1,11887,5
361,1039728,242.0,717.5,1,11888,0
361,1039729,644.5,573.5,1,11888,1
361,1039730,399.0,725.0,1,11888,2
361,1039731,505.5,519.0,2,11888,3
361,1039732,635.4166870117188,515.25,2,11888,4
361,1039733,837.0,527.0,1,11888,5
371,1039671,505.5,519.0,3,11876,0
371,1039672,676.05712890625,520.2857055664062,5,11876,1
371,1039673,837.0,542.5,1,11876,2
371,1039674,644.5,573.5,1,11876,3
371,1039675,399.0,725.0,1,11876,4
371,1039676,242.0,717.5,1,11876,5
371,1039677,1130.5,475.5,1,11877,0
371,1039678,676.05712890625,520.2857055664062,5,11878,0
371,1039679,505.5,519.0,3,11878,1
371,1039680,837.0,542.5,1,11878,2
371,1039681,644.5,573.5,1,11878,3
371,1039682,676.05712890625,520.2857055664062,5,11879,0
371,1039683,505.5,519.0,3,11879,1
371,1039684,837.0,542.5,1,11879,2
371,1039685,644.5,573.5,1,11879,3
371,1039686,242.0,717.5,1,11879,4
371,1039687,676.05712890625,520.2857055664062,5,11880,0
371,1039688,505.5,519.0,3,11880,1
371,1039689,837.0,542.5,1,11880,2
371,1039690,644.5,573.5,1,11880,3
371,1039691,242.0,717.5,1,11880,4
371,1039692,676.05712890625,520.2857055664062,5,11881,0
371,1039693,505.5,519.0,3,11881,1
371,1039694,837.0,542.5,1,11881,2
371,1039695,644.5,573.5,1,11881,3
371,1039696,399.0,725.0,1,11881,4
371,1039697,242.0,717.5,1,11881,5
371,1039698,676.05712890625,520.2857055664062,5,11882,0
371,1039699,505.5,519.0,3,11882,1
371,1039700,837.0,542.5,1,11882,2
371,1039701,644.5,573.5,1,11882,3
371,1039702,399.0,725.0,1,11882,4
371,1039703,242.0,717.5,1,11882,5
371,1039704,676.05712890625,520.2857055664062,5,11883,0
371,1039705,505.5,519.0,3,11883,1
371,1039706,837.0,542.5,1,11883,2
371,1039707,644.5,573.5,1,11883,3
371,1039708,676.05712890625,520.2857055664062,5,11884,0
371,1039709,505.5,519.0,3,11884,1
371,1039710,837.0,542.5,1,11884,2
371,1039711,644.5,573.5,1,11884,3
371,1039712,837.0,542.5,1,11885,0
371,1039713,644.5,573.5,1,11885,1
371,1039714,505.5,519.0,3,11885,2
371,1039715,676.05712890625,520.2857055664062,5,11885,3
371,1039716,644.5,573.5,1,11886,0
371,1039717,399.0,725.0,1,11886,1
371,1039718,242.0,717.5,1,11886,2
371,1039719,837.0,542.5,1,11886,3
371,1039720,505.5,519.0,3,11886,4
371,1039721,676.05712890625,520.2857055664062,5,11886,5
371,1039722,399.0,725.0,1,11887,0
371,1039723,242.0,717.5,1,11887,1
371,1039724,644.5,573.5,1,11887,2
371,1039725,505.5,519.0,1,11887,3
371,1039726,579.5,510.0,1,11887,4
371,1039727,837.0,527.0,1,11887,5
371,1039728,242.0,717.5,1,11888,0
371,1039729,644.5,573.5,1,11888,1
371,1039730,399.0,725.0,1,11888,2
371,1039731,505.5,519.0,2,11888,3
371,1039732,635.4166870117188,515.25,2,11888,4
371,1039733,837.0,527.0,1,11888,5
381,1039671,505.5,519.0,3,11876,0
381,1039672,676.05712890625,520.2857055664062,5,11876,1
381,1039673,837.0,542.5,1,11876,2
381,1039674,644.5,573.5,1,11876,3
381,1039675,399.0,725.0,1,11876,4
381,1039676,242.0,717.5,1,11876,5
381,1039677,1130.5,475.5,1,11877,0
381,1039678,676.05712890625,520.2857055664062,5,11878,0
381,1039679,505.5,519.0,3,11878,1
381,1039680,837.0,542.5,1,11878,2
381,1039681,644.5,573.5,1,11878,3
381,1039682,676.05712890625,520.2857055664062,5,11879,0
381,1039683,505.5,519.0,3,11879,1
381,1039684,837.0,542.5,1,11879,2
381,1039685,644.5,573.5,1,11879,3
381,1039686,242.0,717.5,1,11879,4
381,1039687,676.05712890625,520.2857055664062,5,11880,0
381,1039688,505.5,519.0,3,11880,1
381,1039689,837.0,542.5,1,11880,2
381,1039690,644.5,573.5,1,11880,3
381,1039691,242.0,717.5,1,11880,4
381,1039692,676.05712890625,520.2857055664062,5,11881,0
381,1039693,505.5,519.0,3,11881,1
381,1039694,837.0,542.5,1,11881,2
381,1039695,644.5,573.5,1,11881,3
381,1039696,399.0,725.0,1,11881,4
381,1039697,242.0,717.5,1,11881,5
381,1039698,676.05712890625,520.2857055664062,5,11882,0
381,1039699,505.5,519.0,3,11882,1
381,1039700,837.0,542.5,1,11882,2
381,1039701,644.5,573.5,1,11882,3
381,1039702,399.0,725.0,1,11882,4
381,1039703,242.0,717.5,1,11882,5
381,1039704,676.05712890625,520.2857055664062,5,11883,0
381,1039705,505.5,519.0,3,11883,1
381,1039706,837.0,542.5,1,11883,2
381,1039707,644.5,573.5,1,11883,3
381,1039708,676.05712890625,520.2857055664062,5,11884,0
381,1039709,505.5,519.0,3,11884,1
381,1039710,837.0,542.5,1,11884,2
381,1039711,644.5,573.5,1,11884,3
381,1039712,837.0,542.5,1,11885,0
381,1039713,644.5,573.5,1,11885,1
381,1039714,505.5,519.0,3,11885,2
381,1039715,676.05712890625,520.2857055664062,5,11885,3
381,1039716,644.5,573.5,1,11886,0
381,1039717,399.0,725.0,1,11886,1
381,1039718,242.0,717.5,1,11886,2
381,1039719,837.0,542.5,1,11886,3
381,1039720,505.5,519.0,3,11886,4
381,1039721,676.05712890625,520.2857055664062,5,11886,5
381,1039722,399.0,725.0,1,11887,0
381,1039723,242.0,717.5,1,11887,1
381,1039724,644.5,573.5,1,11887,2
381,1039725,505.5,519.0,1,11887,3
381,1039726,579.5,510.0,1,11887,4
381,1039727,837.0,527.0,1,11887,5
381,1039728,242.0,717.5,1,11888,0
381,1039729,644.5,573.5,1,11888,1
381,1039730,399.0,725.0,1,11888,2
381,1039731,505.5,519.0,2,11888,3
381,1039732,635.4166870117188,515.25,2,11888,4
381,1039733,837.0,527.0,1,11888,5
391,1039671,505.5,519.0,3,11876,0
391,1039672,676.05712890625,520.2857055664062,5,11876,1
391,1039673,837.0,542.5,1,11876,2
391,1039674,644.5,573.5,1,11876,3
391,1039675,399.0,725.0,1,11876,4
391,1039676,242.0,717.5,1,11876,5
391,1039677,1130.5,475.5,1,11877,0
391,1039678,676.05712890625,520.2857055664062,5,11878,0
391,1039679,505.5,519.0,3,11878,1
391,1039680,837.0,542.5,1,11878,2
391,1039681,644.5,573.5,1,11878,3
391,1039682,676.05712890625,520.2857055664062,5,11879,0
391,1039683,505.5,519.0,3,11879,1
391,1039684,837.0,542.5,1,11879,2
391,1039685,644.5,573.5,1,11879,3
391,1039686,242.0,717.5,1,11879,4
391,1039687,676.05712890625,520.2857055664062,5,11880,0
391,1039688,505.5,519.0,3,11880,1
391,1039689,837.0,542.5,1,11880,2
391,1039690,644.5,573.5,1,11880,3
391,1039691,242.0,717.5,1,11880,4
391,1039692,676.05712890625,520.2857055664062,5,11881,0
391,1039693,505.5,519.0,3,11881,1
391,1039694,837.0,542.5,1,11881,2
391,1039695,644.5,573.5,1,11881,3
391,1039696,399.0,725.0,1,11881,4
391,1039697,242.0,717.5,1,11881,5
391,1039698,676.05712890625,520.2857055664062,5,11882,0
391,1039699,505.5,519.0,3,11882,1
391,1039700,837.0,542.5,1,11882,2
391,1039701,644.5,573.5,1,11882,3
391,1039702,399.0,725.0,1,11882,4
391,1039703,242.0,717.5,1,11882,5
391,1039704,676.05712890625,520.2857055664062,5,11883,0
391,1039705,505.5,519.0,3,11883,1
391,1039706,837.0,542.5,1,11883,2
391,1039707,644.5,573.5,1,11883,3
391,1039708,676.05712890625,520.2857055664062,5,11884,0
391,1039709,505.5,519.0,3,11884,1
391,1039710,837.0,542.5,1,11884,2
391,1039711,644.5,573.5,1,11884,3
391,1039712,837.0,542.5,1,11885,0
391,1039713,644.5,573.5,1,11885,1
391,1039714,505.5,519.0,3,11885,2
391,1039715,676.05712890625,520.2857055664062,5,11885,3
391,1039716,644.5,573.5,1,11886,0
391,1039717,399.0,725.0,1,11886,1
391,1039718,242.0,717.5,1,11886,2
391,1039719,837.0,542.5,1,11886,3
391,1039720,505.5,519.0,3,11886,4
391,1039721,676.05712890625,520.2857055664062,5,11886,5
391,1039722,399.0,725.0,1,11887,0
391,1039723,242.0,717.5,1,11887,1
391,1039724,644.5,573.5,1,11887,2
391,1039725,505.5,519.0,1,11887,3
391,1039726,579.5,510.0,1,11887,4
391,1039727,837.0,527.0,1,11887,5
391,1039728,242.0,717.5,1,11888,0
391,1039729,644.5,573.5,1,11888,1
391,1039730,399.0,725.0,1,11888,2
391,1039731,505.5,519.0,2,11888,3
391,1039732,635.4166870117188,515.25,2,11888,4
391,1039733,837.0,527.0,1,11888,5
401,1039671,505.5,519.0,3,11876,0
401,1039672,676.05712890625,520.2857055664062,5,11876,1
401,1039673,837.0,542.5,1,11876,2
401,1039674,644.5,573.5,1,11876,3
401,1039675,399.0,725.0,1,11876,4
401,1039676,242.0,717.5,1,11876,5
401,1039677,1130.5,475.5,1,11877,0
401,1039678,676.05712890625,520.2857055664062,5,11878,0
401,1039679,505.5,519.0,3,11878,1
401,1039680,837.0,542.5,1,11878,2
401,1039681,644.5,573.5,1,11878,3
401,1039682,676.05712890625,520.2857055664062,5,11879,0
401,1039683,505.5,519.0,3,11879,1
401,1039684,837.0,542.5,1,11879,2
401,1039685,644.5,573.5,1,11879,3
401,1039686,242.0,717.5,1,11879,4
401,1039687,676.05712890625,520.2857055664062,5,11880,0
401,1039688,505.5,519.0,3,11880,1
401,1039689,837.0,542.5,1,11880,2
401,1039690,644.5,573.5,1,11880,3
401,1039691,242.0,717.5,1,11880,4
401,1039692,676.05712890625,520.2857055664062,5,11881,0
401,1039693,505.5,519.0,3,11881,1
401,1039694,837.0,542.5,1,11881,2
401,1039695,644.5,573.5,1,11881,3
401,1039696,399.0,725.0,1,11881,4
401,1039697,242.0,717.5,1,11881,5
401,1039698,676.05712890625,520.2857055664062,5,11882,0
401,1039699,505.5,519.0,3,11882,1
401,1039700,837.0,542.5,1,11882,2
401,1039701,644.5,573.5,1,11882,3
401,1039702,399.0,725.0,1,11882,4
401,1039703,242.0,717.5,1,11882,5
401,1039704,676.05712890625,520.2857055664062,5,11883,0
401,1039705,505.5,519.0,3,11883,1
401,1039706,837.0,542.5,1,11883,2
401,1039707,644.5,573.5,1,11883,3
401,1039708,676.05712890625,520.2857055664062,5,11884,0
401,1039709,505.5,519.0,3,11884,1
401,1039710,837.0,542.5,1,11884,2
401,1039711,644.5,573.5,1,11884,3
401,1039712,837.0,542.5,1,11885,0
401,1039713,644.5,573.5,1,11885,1
401,1039714,505.5,519.0,3,11885,2
401,1039715,676.05712890625,520.2857055664062,5,11885,3
401,1039716,644.5,573.5,1,11886,0
401,1039717,399.0,725.0,1,11886,1
401,1039718,242.0,717.5,1,11886,2
401,1039719,837.0,542.5,1,11886,3
401,1039720,505.5,519.0,3,11886,4
401,1039721,676.05712890625,520.2857055664062,5,11886,5
401,1039722,399.0,725.0,1,11887,0
401,1039723,242.0,717.5,1,11887,1
401,1039724,644.5,573.5,1,11887,2
401,1039725,505.5,519.0,1,11887,3
401,1039726,579.5,510.0,1,11887,4
401,1039727,837.0,527.0,1,11887,5
401,1039728,242.0,717.5,1,11888,0
401,1039729,644.5,573.5,1,11888,1
401,1039730,399.0,725.0,1,11888,2
401,1039731,505.5,519.0,2,11888,3
401,1039732,635.4166870117188,515.25,2,11888,4
401,1039733,837.0,527.0,1,11888,5
411,1039671,489.75,531.0,2,11876,0
411,1039672,693.43212890625,522.2857055664062,4,11876,1
411,1039673,863.5,545.0,1,11876,2
411,1039674,670.25,574.75,2,11876,3
411,1039675,359.0,724.0,1,11876,4
411,1039676,204.5,715.5,1,11876,5
411,1039677,1138.5,475.5,1,11877,0
411,1039678,693.43212890625,522.2857055664062,4,11878,0
411,1039679,489.75,531.0,2,11878,1
411,1039680,863.5,545.0,1,11878,2
411,1039681,670.25,574.75,2,11878,3
411,1039682,693.43212890625,522.2857055664062,4,11879,0
411,1039683,489.75,531.0,2,11879,1
411,1039684,863.5,545.0,1,11879,2
411,1039685,670.25,574.75,2,11879,3
411,1039686,204.5,715.5,1,11879,4
411,1039687,693.43212890625,522.2857055664062,4,11880,0
411,1039688,489.75,531.0,2,11880,1
411,1039689,863.5,545.0,1,11880,2
411,1039690,670.25,574.75,2,11880,3
411,1039691,204.5,715.5,1,11880,4
411,1039692,693.43212890625,522.2857055664062,4,11881,0
411,1039693,489.75,531.0,2,11881,1
411,1039694,863.5,545.0,1,11881,2
411,1039695,670.25,574.75,2,11881,3
411,1039696,359.0,724.0,1,11881,4
411,1039697,204.5,715.5,1,11881,5
411,1039698,693.43212890625,522.2857055664062,4,11882,0
411,1039699,489.75,531.0,2,11882,1
411,1039700,863.5,545.0,1,11882,2
411,1039701,670.25,574.75,2,11882,3
411,1039702,359.0,724.0,1,11882,4
411,1039703,204.5,715.5,1,11882,5
411,1039704,693.43212890625,522.2857055664062,4,11883,0
411,1039705,489.75,531.0,2,11883,1
411,1039706,863.5,545.0,1,11883,2
411,1039707,670.25,574.75,2,11883,3
411,1039708,693.43212890625,522.2857055664062,4,11884,0
411,1039709,489.75,531.0,2,11884,1
411,1039710,863.5,545.0,1,11884,2
411,1039711,670.25,574.75,2,11884,3
411,1039712,863.5,545.0,1,11885,0
411,1039713,670.25,574.75,2,11885,1
411,1039714,489.75,531.0,2,11885,2
411,1039715,693.43212890625,522.2857055664062,4,11885,3
411,1039716,670.25,574.75,2,11886,0
411,1039717,359.0,724.0,1,11886,1
411,1039718,204.5,715.5,1,11886,2
411,1039719,863.5,545.0,1,11886,3
411,1039720,489.75,531.0,2,11886,4
411,1039721,693.43212890625,522.2857055664062,4,11886,5
411,1039722,359.0,724.0,1,11887,0
411,1039723,204.5,715.5,1,11887,1
411,1039724,653.5,574.5,1,11887,2
411,1039725,479.5,545.0,1,11887,3
411,1039726,617.0,513.0,1,11887,4
411,1039727,879.5,528.5,1,11887,5
411,1039728,204.5,715.5,1,11888,0
411,1039729,653.5,574.5,1,11888,1
411,1039730,359.0,724.0,1,11888,2
411,1039731,511.25,533.5,2,11888,3
411,1039732,649.6666870117188,515.75,2,11888,4
411,1039733,879.5,528.5,1,11888,5
431,1039734,1273.5,473.5,1,11889,0
431,1039735,477.3333435058594,506.1666564941406,3,11890,0
431,1039736,843.25,553.5,2,11890,1
431,1039737,511.5,503.5,1,11890,2
431,1039738,564.0,510.5,5,11890,3
431,1039739,511.5,503.5,1,11891,0
431,1039740,564.0,510.5,5,11891,1
431,1039741,477.3333435058594,506.1666564941406,3,11891,2
431,1039742,843.25,553.5,2,11891,3
431,1039743,694.0,508.0,1,11892,0
431,1039744,843.25,553.5,2,11892,1
431,1039745,628.3333129882812,514.6666870117188,3,11892,2
431,1039746,564.0,510.5,5,11893,0
431,1039747,477.3333435058594,506.1666564941406,3,11893,1
431,1039748,843.25,553.5,2,11893,2
431,1039749,511.5,503.5,1,11893,3
431,1039750,477.3333435058594,506.1666564941406,3,11894,0
431,1039751,843.25,553.5,2,11894,1
431,1039752,564.0,510.5,5,11894,2
431,1039753,511.5,503.5,1,11894,3
431,1039754,477.3333435058594,506.1666564941406,3,11895,0
431,1039755,843.25,553.5,2,11895,1
431,1039756,564.0,510.5,5,11895,2
431,1039757,511.5,503.5,1,11895,3
431,1039758,564.0,510.5,5,11896,0
431,1039759,843.25,553.5,2,11896,1
431,1039760,477.3333435058594,506.1666564941406,3,11896,2
431,1039761,694.0,508.0,1,11896,3
431,1039762,511.5,503.5,1,11896,4
431,1039763,564.0,510.5,5,11897,0
431,1039764,843.25,553.5,2,11897,1
431,1039765,477.3333435058594,506.1666564941406,3,11897,2
431,1039766,511.5,503.5,1,11897,3
431,1039767,1066.5,478.0,1,11898,0
431,1039768,564.0,510.5,5,11899,0
431,1039769,843.25,553.5,2,11899,1
431,1039770,477.3333435058594,506.1666564941406,3,11899,2
431,1039771,694.0,508.0,1,11899,3
431,1039772,511.5,503.5,1,11899,4
431,1039773,843.25,553.5,2,11900,0
431,1039774,477.3333435058594,506.1666564941406,3,11900,1
431,1039775,694.0,508.0,1,11900,2
431,1039776,564.0,510.5,5,11900,3
431,1039777,511.5,503.5,1,11900,4
431,1039778,564.0,510.5,5,11901,0
431,1039779,843.25,553.5,2,11901,1
431,1039780,477.3333435058594,506.1666564941406,3,11901,2
431,1039781,694.0,508.0,1,11901,3
431,1039782,511.5,503.5,1,11901,4
431,1039783,843.25,553.5,2,11902,0
431,1039784,477.3333435058594,506.1666564941406,3,11902,1
431,1039785,694.0,508.0,1,11902,2
431,1039786,511.5,503.5,1,11902,3
431,1039787,564.0,510.5,5,11902,4
441,1039734,1273.5,473.5,1,11889,0
441,1039735,477.3333435058594,506.1666564941406,3,11890,0
441,1039736,843.25,553.5,2,11890,1
441,1039737,511.5,503.5,1,11890,2
441,1039738,564.0,510.5,5,11890,3
441,1039739,511.5,503.5,1,11891,0
441,1039740,564.0,510.5,5,11891,1
441,1039741,477.3333435058594,506.1666564941406,3,11891,2
441,1039742,843.25,553.5,2,11891,3
441,1039743,694.0,508.0,1,11892,0
441,1039744,843.25,553.5,2,11892,1
441,1039745,628.3333129882812,514.6666870117188,3,11892,2
441,1039746,564.0,510.5,5,11893,0
441,1039747,477.3333435058594,506.1666564941406,3,11893,1
441,1039748,843.25,553.5,2,11893,2
441,1039749,511.5,503.5,1,11893,3
441,1039750,477.3333435058594,506.1666564941406,3,11894,0
441,1039751,843.25,553.5,2,11894,1
441,1039752,564.0,510.5,5,11894,2
441,1039753,511.5,503.5,1,11894,3
441,1039754,477.3333435058594,506.1666564941406,3,11895,0
441,1039755,843.25,553.5,2,11895,1
441,1039756,564.0,510.5,5,11895,2
441,1039757,511.5,503.5,1,11895,3
441,1039758,564.0,510.5,5,11896,0
441,1039759,843.25,553.5,2,11896,1
441,1039760,477.3333435058594,506.1666564941406,3,11896,2
441,1039761,694.0,508.0,1,11896,3
441,1039762,511.5,503.5,1,11896,4
441,1039763,564.0,510.5,5,11897,0
441,1039764,843.25,553.5,2,11897,1
441,1039765,477.3333435058594,506.1666564941406,3,11897,2
441,1039766,511.5,503.5,1,11897,3
441,1039767,1066.5,478.0,1,11898,0
441,1039768,564.0,510.5,5,11899,0
441,1039769,843.25,553.5,2,11899,1
441,1039770,477.3333435058594,506.1666564941406,3,11899,2
441,1039771,694.0,508.0,1,11899,3
441,1039772,511.5,503.5,1,11899,4
441,1039773,843.25,553.5,2,11900,0
441,1039774,477.3333435058594,506.1666564941406,3,11900,1
441,1039775,694.0,508.0,1,11900,2
441,1039776,564.0,510.5,5,11900,3
441,1039777,511.5,503.5,1,11900,4
441,1039778,564.0,510.5,5,11901,0
441,1039779,843.25,553.5,2,11901,1
441,1039780,477.3333435058594,506.1666564941406,3,11901,2
441,1039781,694.0,508.0,1,11901,3
441,1039782,511.5,503.5,1,11901,4
441,1039783,843.25,553.5,2,11902,0
441,1039784,477.3333435058594,506.1666564941406,3,11902,1
441,1039785,694.0,508.0,1,11902,2
441,1039786,511.5,503.5,1,11902,3
441,1039787,564.0,510.5,5,11902,4
451,1039734,1273.5,473.5,1,11889,0
451,1039735,477.3333435058594,506.1666564941406,3,11890,0
451,1039736,843.25,553.5,2,11890,1
451,1039737,511.5,503.5,1,11890,2
451,1039738,564.0,510.5,5,11890,3
451,1039739,511.5,503.5,1,11891,0
451,1039740,564.0,510.5,5,11891,1
451,1039741,477.3333435058594,506.1666564941406,3,11891,2
451,1039742,843.25,553.5,2,11891,3
451,1039743,694.0,508.0,1,11892,0
451,1039744,843.25,553.5,2,11892,1
451,1039745,628.3333129882812,514.6666870117188,3,11892,2
451,1039746,564.0,510.5,5,11893,0
451,1039747,477.3333435058594,506.1666564941406,3,11893,1
451,1039748,843.25,553.5,2,11893,2
451,1039749,511.5,503.5,1,11893,3
451,1039750,477.3333435058594,506.1666564941406,3,11894,0
451,1039751,843.25,553.5,2,11894,1
451,1039752,564.0,510.5,5,11894,2
451,1039753,511.5,503.5,1,11894,3
451,1039754,477.3333435058594,506.1666564941406,3,11895,0
451,1039755,843.25,553.5,2,11895,1
451,1039756,564.0,510.5,5,11895,2
451,1039757,511.5,503.5,1,11895,3
451,1039758,564.0,510.5,5,11896,0
451,1039759,843.25,553.5,2,11896,1
451,1039760,477.3333435058594,506.1666564941406,3,11896,2
451,1039761,694.0,508.0,1,11896,3
451,1039762,511.5,503.5,1,11896,4
451,1039763,564.0,510.5,5,11897,0
451,1039764,843.25,553.5,2,11897,1
451,1039765,477.3333435058594,506.1666564941406,3,11897,2
451,1039766,511.5,503.5,1,11897,3
451,1039767,1066.5,478.0,1,11898,0
451,1039768,564.0,510.5,5,11899,0
451,1039769,843.25,553.5,2,11899,1
451,1039770,477.3333435058594,506.1666564941406,3,11899,2
451,1039771,694.0,508.0,1,11899,3
451,1039772,511.5,503.5,1,11899,4
451,1039773,843.25,553.5,2,11900,0
451,1039774,477.3333435058594,506.1666564941406,3,11900,1
451,1039775,694.0,508.0,1,11900,2
451,1039776,564.0,510.5,5,11900,3
451,1039777,511.5,503.5,1,11900,4
451,1039778,564.0,510.5,5,11901,0
451,1039779,843.25,553.5,2,11901,1
451,1039780,477.3333435058594,506.1666564941406,3,11901,2
451,1039781,694.0,508.0,1,11901,3
451,1039782,511.5,503.5,1,11901,4
451,1039783,843.25,553.5,2,11902,0
451,1039784,477.3333435058594,506.1666564941406,3,11902,1
451,1039785,694.0,508.0,1,11902,2
451,1039786,511.5,503.5,1,11902,3
451,1039787,564.0,510.5,5,11902,4
461,1039734,1273.5,473.5,1,11889,0
461,1039735,477.3333435058594,506.1666564941406,3,11890,0
461,1039736,843.25,553.5,2,11890,1
461,1039737,511.5,503.5,1,11890,2
461,1039738,564.0,510.5,5,11890,3
461,1039739,511.5,503.5,1,11891,0
461,1039740,564.0,510.5,5,11891,1
461,1039741,477.3333435058594,506.1666564941406,3,11891,2
461,1039742,843.25,553.5,2,11891,3
461,1039743,694.0,508.0,1,11892,0
461,1039744,843.25,553.5,2,11892,1
461,1039745,628.3333129882812,514.6666870117188,3,11892,2
461,1039746,564.0,510.5,5,11893,0
461,1039747,477.3333435058594,506.1666564941406,3,11893,1
461,1039748,843.25,553.5,2,11893,2
461,1039749,511.5,503.5,1,11893,3
461,1039750,477.3333435058594,506.1666564941406,3,11894,0
461,1039751,843.25,553.5,2,11894,1
461,1039752,564.0,510.5,5,11894,2
461,1039753,511.5,503.5,1,11894,3
461,1039754,477.3333435058594,506.1666564941406,3,11895,0
461,1039755,843.25,553.5,2,11895,1
461,1039756,564.0,510.5,5,11895,2
461,1039757,511.5,503.5,1,11895,3
461,1039758,564.0,510.5,5,11896,0
461,1039759,843.25,553.5,2,11896,1
461,1039760,477.3333435058594,506.1666564941406,3,11896,2
461,1039761,694.0,508.0,1,11896,3
461,1039762,511.5,503.5,1,11896,4
461,1039763,564.0,510.5,5,11897,0
461,1039764,843.25,553.5,2,11897,1
461,1039765,477.3333435058594,506.1666564941406,3,11897,2
461,1039766,511.5,503.5,1,11897,3
461,1039767,1066.5,478.0,1,11898,0
461,1039768,564.0,510.5,5,11899,0
461,1039769,843.25,553.5,2,11899,1
461,1039770,477.3333435058594,506.1666564941406,3,11899,2
461,1039771,694.0,508.0,1,11899,3
461,1039772,511.5,503.5,1,11899,4
461,1039773,843.25,553.5,2,11900,0
461,1039774,477.3333435058594,506.1666564941406,3,11900,1
461,1039775,694.0,508.0,1,11900,2
461,1039776,564.0,510.5,5,11900,3
461,1039777,511.5,503.5,1,11900,4
461,1039778,564.0,510.5,5,11901,0
461,1039779,843.25,553.5,2,11901,1
461,1039780,477.3333435058594,506.1666564941406,3,11901,2
461,1039781,694.0,508.0,1,11901,3
461,1039782,511.5,503.5,1,11901,4
461,1039783,843.25,553.5,2,11902,0
461,1039784,477.3333435058594,506.1666564941406,3,11902,1
461,1039785,694.0,508.0,1,11902,2
461,1039786,511.5,503.5,1,11902,3
461,1039787,564.0,510.5,5,11902,4
471,1039734,1273.5,473.5,1,11889,0
471,1039735,477.3333435058594,506.1666564941406,3,11890,0
471,1039736,843.25,553.5,2,11890,1
471,1039737,511.5,503.5,1,11890,2
471,1039738,564.0,510.5,5,11890,3
471,1039739,511.5,503.5,1,11891,0
471,1039740,564.0,510.5,5,11891,1
471,1039741,477.3333435058594,506.1666564941406,3,11891,2
471,1039742,843.25,553.5,2,11891,3
471,1039743,694.0,508.0,1,11892,0
471,1039744,843.25,553.5,2,11892,1
471,1039745,628.3333129882812,514.6666870117188,3,11892,2
471,1039746,564.0,510.5,5,11893,0
471,1039747,477.3333435058594,506.1666564941406,3,11893,1
471,1039748,843.25,553.5,2,11893,2
471,1039749,511.5,503.5,1,11893,3
471,1039750,477.3333435058594,506.1666564941406,3,11894,0
471,1039751,843.25,553.5,2,11894,1
471,1039752,564.0,510.5,5,11894,2
471,1039753,511.5,503.5,1,11894,3
471,1039754,477.3333435058594,506.1666564941406,3,11895,0
471,1039755,843.25,553.5,2,11895,1
471,1039756,564.0,510.5,5,11895,2
471,1039757,511.5,503.5,1,11895,3
471,1039758,564.0,510.5,5,11896,0
471,1039759,843.25,553.5,2,11896,1
471,1039760,477.3333435058594,506.1666564941406,3,11896,2
471,1039761,694.0,508.0,1,11896,3
471,1039762,511.5,503.5,1,11896,4
471,1039763,564.0,510.5,5,11897,0
471,1039764,843.25,553.5,2,11897,1
471,1039765,477.3333435058594,506.1666564941406,3,11897,2
471,1039766,511.5,503.5,1,11897,3
471,1039767,1066.5,478.0,1,11898,0
471,1039768,564.0,510.5,5,11899,0
471,1039769,843.25,553.5,2,11899,1
471,1039770,477.3333435058594,506.1666564941406,3,11899,2
471,1039771,694.0,508.0,1,11899,3
471,1039772,511.5,503.5,1,11899,4
471,1039773,843.25,553.5,2,11900,0
471,1039774,477.3333435058594,506.1666564941406,3,11900,1
471,1039775,694.0,508.0,1,11900,2
471,1039776,564.0,510.5,5,11900,3
471,1039777,511.5,503.5,1,11900,4
471,1039778,564.0,510.5,5,11901,0
471,1039779,843.25,553.5,2,11901,1
471,1039780,477.3333435058594,506.1666564941406,3,11901,2
471,1039781,694.0,508.0,1,11901,3
471,1039782,511.5,503.5,1,11901,4
471,1039783,843.25,553.5,2,11902,0
471,1039784,477.3333435058594,506.1666564941406,3,11902,1
471,1039785,694.0,508.0,1,11902,2
471,1039786,511.5,503.5,1,11902,3
471,1039787,564.0,510.5,5,11902,4
481,1039734,1273.5,473.5,1,11889,0
481,1039735,477.3333435058594,506.1666564941406,3,11890,0
481,1039736,843.25,553.5,2,11890,1
481,1039737,511.5,503.5,1,11890,2
481,1039738,564.0,510.5,5,11890,3
481,1039739,511.5,503.5,1,11891,0
481,1039740,564.0,510.5,5,11891,1
481,1039741,477.3333435058594,506.1666564941406,3,11891,2
481,1039742,843.25,553.5,2,11891,3
481,1039743,694.0,508.0,1,11892,0
481,1039744,843.25,553.5,2,11892,1
481,1039745,628.3333129882812,514.6666870117188,3,11892,2
481,1039746,564.0,510.5,5,11893,0
481,1039747,477.3333435058594,506.1666564941406,3,11893,1
481,1039748,843.25,553.5,2,11893,2
481,1039749,511.5,503.5,1,11893,3
481,1039750,477.3333435058594,506.1666564941406,3,11894,0
481,1039751,843.25,553.5,2,11894,1
481,1039752,564.0,510.5,5,11894,2
481,1039753,511.5,503.5,1,11894,3
481,1039754,477.3333435058594,506.1666564941406,3,11895,0
481,1039755,843.25,553.5,2,11895,1
481,1039756,564.0,510.5,5,11895,2
481,1039757,511.5,503.5,1,11895,3
481,1039758,564.0,510.5,5,11896,0
481,1039759,843.25,553.5,2,11896,1
481,1039760,477.3333435058594,506.1666564941406,3,11896,2
481,1039761,694.0,508.0,1,11896,3
481,1039762,511.5,503.5,1,11896,4
481,1039763,564.0,510.5,5,11897,0
481,1039764,843.25,553.5,2,11897,1
481,1039765,477.3333435058594,506.1666564941406,3,11897,2
481,1039766,511.5,503.5,1,11897,3
481,1039767,1066.5,478.0,1,11898,0
481,1039768,564.0,510.5,5,11899,0
481,1039769,843.25,553.5,2,11899,1
481,1039770,477.3333435058594,506.1666564941406,3,11899,2
481,1039771,694.0,508.0,1,11899,3
481,1039772,511.5,503.5,1,11899,4
481,1039773,843.25,553.5,2,11900,0
481,1039774,477.3333435058594,506.1666564941406,3,11900,1
481,1039775,694.0,508.0,1,11900,2
481,1039776,564.0,510.5,5,11900,3
481,1039777,511.5,503.5,1,11900,4
481,1039778,564.0,510.5,5,11901,0
481,1039779,843.25,553.5,2,11901,1
481,1039780,477.3333435058594,506.1666564941406,3,11901,2
481,1039781,694.0,508.0,1,11901,3
481,1039782,511.5,503.5,1,11901,4
481,1039783,843.25,553.5,2,11902,0
481,1039784,477.3333435058594,506.1666564941406,3,11902,1
481,1039785,694.0,508.0,1,11902,2
481,1039786,511.5,503.5,1,11902,3
481,1039787,564.0,510.5,5,11902,4
491,1039734,1273.5,473.5,1,11889,0
491,1039735,477.3333435058594,506.1666564941406,3,11890,0
491,1039736,843.25,553.5,2,11890,1
491,1039737,511.5,503.5,1,11890,2
491,1039738,564.0,510.5,5,11890,3
491,1039739,511.5,503.5,1,11891,0
491,1039740,564.0,510.5,5,11891,1
491,1039741,477.3333435058594,506.1666564941406,3,11891,2
491,1039742,843.25,553.5,2,11891,3
491,1039743,694.0,508.0,1,11892,0
491,1039744,843.25,553.5,2,11892,1
491,1039745,628.3333129882812,514.6666870117188,3,11892,2
491,1039746,564.0,510.5,5,11893,0
491,1039747,477.3333435058594,506.1666564941406,3,11893,1
491,1039748,843.25,553.5,2,11893,2
491,1039749,511.5,503.5,1,11893,3
491,1039750,477.3333435058594,506.1666564941406,3,11894,0
491,1039751,843.25,553.5,2,11894,1
491,1039752,564.0,510.5,5,11894,2
491,1039753,511.5,503.5,1,11894,3
491,1039754,477.3333435058594,506.1666564941406,3,11895,0
491,1039755,843.25,553.5,2,11895,1
491,1039756,564.0,510.5,5,11895,2
491,1039757,511.5,503.5,1,11895,3
491,1039758,564.0,510.5,5,11896,0
491,1039759,843.25,553.5,2,11896,1
491,1039760,477.3333435058594,506.1666564941406,3,11896,2
491,1039761,694.0,508.0,1,11896,3
491,1039762,511.5,503.5,1,11896,4
491,1039763,564.0,510.5,5,11897,0
491,1039764,843.25,553.5,2,11897,1
491,1039765,477.3333435058594,506.1666564941406,3,11897,2
491,1039766,511.5,503.5,1,11897,3
491,1039767,1066.5,478.0,1,11898,0
491,1039768,564.0,510.5,5,11899,0
491,1039769,843.25,553.5,2,11899,1
491,1039770,477.3333435058594,506.1666564941406,3,11899,2
491,1039771,694.0,508.0,1,11899,3
491,1039772,511.5,503.5,1,11899,4
491,1039773,843.25,553.5,2,11900,0
491,1039774,477.3333435058594,506.1666564941406,3,11900,1
491,1039775,694.0,508.0,1,11900,2
491,1039776,564.0,510.5,5,11900,3
491,1039777,511.5,503.5,1,11900,4
491,1039778,564.0,510.5,5,11901,0
491,1039779,843.25,553.5,2,11901,1
491,1039780,477.3333435058594,506.1666564941406,3,11901,2
491,1039781,694.0,508.0,1,11901,3
491,1039782,511.5,503.5,1,11901,4
491,1039783,843.25,553.5,2,11902,0
491,1039784,477.3333435058594,506.1666564941406,3,11902,1
491,1039785,694.0,508.0,1,11902,2
491,1039786,511.5,503.5,1,11902,3
491,1039787,564.0,510.5,5,11902,4
501,1039734,1273.5,473.5,1,11889,0
501,1039735,477.3333435058594,506.1666564941406,3,11890,0
501,1039736,843.25,553.5,2,11890,1
501,1039737,511.5,503.5,1,11890,2
501,1039738,564.0,510.5,5,11890,3
501,1039739,511.5,503.5,1,11891,0
501,1039740,564.0,510.5,5,11891,1
501,1039741,477.3333435058594,506.1666564941406,3,11891,2
501,1039742,843.25,553.5,2,11891,3
501,1039743,694.0,508.0,1,11892,0
501,1039744,843.25,553.5,2,11892,1
501,1039745,628.3333129882812,514.6666870117188,3,11892,2
501,1039746,564.0,510.5,5,11893,0
501,1039747,477.3333435058594,506.1666564941406,3,11893,1
501,1039748,843.25,553.5,2,11893,2
501,1039749,511.5,503.5,1,11893,3
501,1039750,477.3333435058594,506.1666564941406,3,11894,0
501,1039751,843.25,553.5,2,11894,1
501,1039752,564.0,510.5,5,11894,2
501,1039753,511.5,503.5,1,11894,3
501,1039754,477.3333435058594,506.1666564941406,3,11895,0
501,1039755,843.25,553.5,2,11895,1
501,1039756,564.0,510.5,5,11895,2
501,1039757,511.5,503.5,1,11895,3
501,1039758,564.0,510.5,5,11896,0
501,1039759,843.25,553.5,2,11896,1
501,1039760,477.3333435058594,506.1666564941406,3,11896,2
501,1039761,694.0,508.0,1,11896,3
501,1039762,511.5,503.5,1,11896,4
501,1039763,564.0,510.5,5,11897,0
501,1039764,843.25,553.5,2,11897,1
501,1039765,477.3333435058594,506.1666564941406,3,11897,2
501,1039766,511.5,503.5,1,11897,3
501,1039767,1066.5,478.0,1,11898,0
501,1039768,564.0,510.5,5,11899,0
501,1039769,843.25,553.5,2,11899,1
501,1039770,477.3333435058594,506.1666564941406,3,11899,2
501,1039771,694.0,508.0,1,11899,3
501,1039772,511.5,503.5,1,11899,4
501,1039773,843.25,553.5,2,11900,0
501,1039774,477.3333435058594,506.1666564941406,3,11900,1
501,1039775,694.0,508.0,1,11900,2
501,1039776,564.0,510.5,5,11900,3
501,1039777,511.5,503.5,1,11900,4
501,1039778,564.0,510.5,5,11901,0
501,1039779,843.25,553.5,2,11901,1
501,1039780,477.3333435058594,506.1666564941406,3,11901,2
501,1039781,694.0,508.0,1,11901,3
501,1039782,511.5,503.5,1,11901,4
501,1039783,843.25,553.5,2,11902,0
501,1039784,477.3333435058594,506.1666564941406,3,11902,1
501,1039785,694.0,508.0,1,11902,2
501,1039786,511.5,503.5,1,11902,3
501,1039787,564.0,510.5,5,11902,4
511,1039734,1273.5,473.5,1,11889,0
511,1039735,477.3333435058594,506.1666564941406,3,11890,0
511,1039736,843.25,553.5,2,11890,1
511,1039737,511.5,503.5,1,11890,2
511,1039738,564.0,510.5,5,11890,3
511,1039739,511.5,503.5,1,11891,0
511,1039740,564.0,510.5,5,11891,1
511,1039741,477.3333435058594,506.1666564941406,3,11891,2
511,1039742,843.25,553.5,2,11891,3
511,1039743,694.0,508.0,1,11892,0
511,1039744,843.25,553.5,2,11892,1
511,1039745,628.3333129882812,514.6666870117188,3,11892,2
511,1039746,564.0,510.5,5,11893,0
511,1039747,477.3333435058594,506.1666564941406,3,11893,1
511,1039748,843.25,553.5,2,11893,2
511,1039749,511.5,503.5,1,11893,3
511,1039750,477.3333435058594,506.1666564941406,3,11894,0
511,1039751,843.25,553.5,2,11894,1
511,1039752,564.0,510.5,5,11894,2
511,1039753,511.5,503.5,1,11894,3
511,1039754,477.3333435058594,506.1666564941406,3,11895,0
511,1039755,843.25,553.5,2,11895,1
511,1039756,564.0,510.5,5,11895,2
511,1039757,511.5,503.5,1,11895,3
511,1039758,564.0,510.5,5,11896,0
511,1039759,843.25,553.5,2,11896,1
511,1039760,477.3333435058594,506.1666564941406,3,11896,2
511,1039761,694.0,508.0,1,11896,3
511,1039762,511.5,503.5,1,11896,4
511,1039763,564.0,510.5,5,11897,0
511,1039764,843.25,553.5,2,11897,1
511,1039765,477.3333435058594,506.1666564941406,3,11897,2
511,1039766,511.5,503.5,1,11897,3
511,1039767,1066.5,478.0,1,11898,0
511,1039768,564.0,510.5,5,11899,0
511,1039769,843.25,553.5,2,11899,1
511,1039770,477.3333435058594,506.1666564941406,3,11899,2
511,1039771,694.0,508.0,1,11899,3
511,1039772,511.5,503.5,1,11899,4
511,1039773,843.25,553.5,2,11900,0
511,1039774,477.3333435058594,506.1666564941406,3,11900,1
511,1039775,694.0,508.0,1,11900,2
511,1039776,564.0,510.5,5,11900,3
511,1039777,511.5,503.5,1,11900,4
511,1039778,564.0,510.5,5,11901,0
511,1039779,843.25,553.5,2,11901,1
511,1039780,477.3333435058594,506.1666564941406,3,11901,2
511,1039781,694.0,508.0,1,11901,3
511,1039782,511.5,503.5,1,11901,4
511,1039783,843.25,553.5,2,11902,0
511,1039784,477.3333435058594,506.1666564941406,3,11902,1
511,1039785,694.0,508.0,1,11902,2
511,1039786,511.5,503.5,1,11902,3
511,1039787,564.0,510.5,5,11902,4
521,1039734,1283.0,473.5,1,11889,0
521,1039735,500.66668701171875,508.5,3,11890,0
521,1039736,837.5833129882812,555.5,3,11890,1
521,1039737,527.0,506.5,1,11890,2
521,1039738,574.25,510.875,4,11890,3
521,1039739,527.0,506.5,1,11891,0
521,1039740,574.25,510.875,4,11891,1
521,1039741,500.66668701171875,508.5,3,11891,2
521,1039742,837.5833129882812,555.5,3,11891,3
521,1039743,715.0,515.0,1,11892,0
521,1039744,820.5,553.0,2,11892,1
521,1039745,627.0833129882812,513.9166870117188,2,11892,2
521,1039746,574.25,510.875,4,11893,0
521,1039747,500.66668701171875,508.5,3,11893,1
521,1039748,837.5833129882812,555.5,3,11893,2
521,1039749,527.0,506.5,1,11893,3
521,1039750,500.66668701171875,508.5,3,11894,0
521,1039751,837.5833129882812,555.5,3,11894,1
521,1039752,574.25,510.875,4,11894,2
521,1039753,527.0,506.5,1,11894,3
521,1039754,500.66668701171875,508.5,3,11895,0
521,1039755,837.5833129882812,555.5,3,11895,1
521,1039756,574.25,510.875,4,11895,2
521,1039757,527.0,506.5,1,11895,3
521,1039758,574.25,510.875,4,11896,0
521,1039759,820.5,553.0,2,11896,1
521,1039760,500.66668701171875,508.5,3,11896,2
521,1039761,718.75,515.0,2,11896,3
521,1039762,527.0,506.5,1,11896,4
521,1039763,574.25,510.875,4,11897,0
521,1039764,837.5833129882812,555.5,3,11897,1
521,1039765,500.66668701171875,508.5,3,11897,2
521,1039766,527.0,506.5,1,11897,3
521,1039767,1073.5,478.5,1,11898,0
521,1039768,574.25,510.875,4,11899,0
521,1039769,820.5,553.0,2,11899,1
521,1039770,500.66668701171875,508.5,3,11899,2
521,1039771,718.75,515.0,2,11899,3
521,1039772,527.0,506.5,1,11899,4
521,1039773,820.5,553.0,2,11900,0
521,1039774,500.66668701171875,508.5,3,11900,1
521,1039775,718.75,515.0,2,11900,2
521,1039776,574.25,510.875,4,11900,3
521,1039777,527.0,506.5,1,11900,4
521,1039778,574.25,510.875,4,11901,0
521,1039779,820.5,553.0,2,11901,1
521,1039780,500.66668701171875,508.5,3,11901,2
521,1039781,718.75,515.0,2,11901,3
521,1039782,527.0,506.5,1,11901,4
521,1039783,820.5,553.0,2,11902,0
521,1039784,500.66668701171875,508.5,3,11902,1
521,1039785,718.75,515.0,2,11902,2
521,1039786,527.0,506.5,1,11902,3
521,1039787,574.25,510.875,4,11902,4
531,1039734,1283.0,473.5,1,11889,0
531,1039735,500.66668701171875,508.5,3,11890,0
531,1039736,837.5833129882812,555.5,3,11890,1
531,1039737,527.0,506.5,1,11890,2
531,1039738,574.25,510.875,4,11890,3
531,1039739,527.0,506.5,1,11891,0
531,1039740,574.25,510.875,4,11891,1
531,1039741,500.66668701171875,508.5,3,11891,2
531,1039742,837.5833129882812,555.5,3,11891,3
531,1039743,715.0,515.0,1,11892,0
531,1039744,820.5,553.0,2,11892,1
531,1039745,627.0833129882812,513.9166870117188,2,11892,2
531,1039746,574.25,510.875,4,11893,0
531,1039747,500.66668701171875,508.5,3,11893,1
531,1039748,837.5833129882812,555.5,3,11893,2
531,1039749,527.0,506.5,1,11893,3
531,1039750,500.66668701171875,508.5,3,11894,0
531,1039751,837.5833129882812,555.5,3,11894,1
531,1039752,574.25,510.875,4,11894,2
531,1039753,527.0,506.5,1,11894,3
531,1039754,500.66668701171875,508.5,3,11895,0
531,1039755,837.5833129882812,555.5,3,11895,1
531,1039756,574.25,510.875,4,11895,2
531,1039757,527.0,506.5,1,11895,3
531,1039758,574.25,510.875,4,11896,0
531,1039759,820.5,553.0,2,11896,1
531,1039760,500.66668701171875,508.5,3,11896,2
531,1039761,718.75,515.0,2,11896,3
531,1039762,527.0,506.5,1,11896,4
531,1039763,574.25,510.875,4,11897,0
531,1039764,837.5833129882812,555.5,3,11897,1
531,1039765,500.66668701171875,508.5,3,11897,2
531,1039766,527.0,506.5,1,11897,3
531,1039767,1073.5,478.5,1,11898,0
531,1039768,574.25,510.875,4,11899,0
531,1039769,820.5,553.0,2,11899,1
531,1039770,500.66668701171875,508.5,3,11899,2
531,1039771,718.75,515.0,2,11899,3
531,1039772,527.0,506.5,1,11899,4
531,1039773,820.5,553.0,2,11900,0
531,1039774,500.66668701171875,508.5,3,11900,1
531,1039775,718.75,515.0,2,11900,2
531,1039776,574.25,510.875,4,11900,3
531,1039777,527.0,506.5,1,11900,4
531,1039778,574.25,510.875,4,11901,0
531,1039779,820.5,553.0,2,11901,1
531,1039780,500.66668701171875,508.5,3,11901,2
531,1039781,718.75,515.0,2,11901,3
531,1039782,527.0,506.5,1,11901,4
531,1039783,820.5,553.0,2,11902,0
531,1039784,500.66668701171875,508.5,3,11902,1
531,1039785,718.75,515.0,2,11902,2
531,1039786,527.0,506.5,1,11902,3
531,1039787,574.25,510.875,4,11902,4
541,1039734,1283.0,473.5,1,11889,0
541,1039735,500.66668701171875,508.5,3,11890,0
541,1039736,837.5833129882812,555.5,3,11890,1
541,1039737,527.0,506.5,1,11890,2
541,1039738,574.25,510.875,4,11890,3
541,1039739,527.0,506.5,1,11891,0
541,1039740,574.25,510.875,4,11891,1
541,1039741,500.66668701171875,508.5,3,11891,2
541,1039742,837.5833129882812,555.5,3,11891,3
541,1039743,715.0,515.0,1,11892,0
541,1039744,820.5,553.0,2,11892,1
541,1039745,627.0833129882812,513.9166870117188,2,11892,2
541,1039746,574.25,510.875,4,11893,0
541,1039747,500.66668701171875,508.5,3,11893,1
541,1039748,837.5833129882812,555.5,3,11893,2
541,1039749,527.0,506.5,1,11893,3
541,1039750,500.66668701171875,508.5,3,11894,0
541,1039751,837.5833129882812,555.5,3,11894,1
541,1039752,574.25,510.875,4,11894,2
541,1039753,527.0,506.5,1,11894,3
541,1039754,500.66668701171875,508.5,3,11895,0
541,1039755,837.5833129882812,555.5,3,11895,1
541,1039756,574.25,510.875,4,11895,2
541,1039757,527.0,506.5,1,11895,3
541,1039758,574.25,510.875,4,11896,0
541,1039759,820.5,553.0,2,11896,1
541,1039760,500.66668701171875,508.5,3,11896,2
541,1039761,718.75,515.0,2,11896,3
541,1039762,527.0,506.5,1,11896,4
541,1039763,574.25,510.875,4,11897,0
541,1039764,837.5833129882812,555.5,3,11897,1
541,1039765,500.66668701171875,508.5,3,11897,2
541,1039766,527.0,506.5,1,11897,3
541,1039767,1073.5,478.5,1,11898,0
541,1039768,574.25,510.875,4,11899,0
541,1039769,820.5,553.0,2,11899,1
541,1039770,500.66668701171875,508.5,3,11899,2
541,1039771,718.75,515.0,2,11899,3
541,1039772,527.0,506.5,1,11899,4
541,1039773,820.5,553.0,2,11900,0
541,1039774,500.66668701171875,508.5,3,11900,1
541,1039775,718.75,515.0,2,11900,2
541,1039776,574.25,510.875,4,11900,3
541,1039777,527.0,506.5,1,11900,4
541,1039778,574.25,510.875,4,11901,0
541,1039779,820.5,553.0,2,11901,1
541,1039780,500.66668701171875,508.5,3,11901,2
541,1039781,718.75,515.0,2,11901,3
541,1039782,527.0,506.5,1,11901,4
541,1039783,820.5,553.0,2,11902,0
541,1039784,500.66668701171875,508.5,3,11902,1
541,1039785,718.75,515.0,2,11902,2
541,1039786,527.0,506.5,1,11902,3
541,1039787,574.25,510.875,4,11902,4
551,1039734,1283.0,473.5,1,11889,0
551,1039735,500.66668701171875,508.5,3,11890,0
551,1039736,837.5833129882812,555.5,3,11890,1
551,1039737,527.0,506.5,1,11890,2
551,1039738,574.25,510.875,4,11890,3
551,1039739,527.0,506.5,1,11891,0
551,1039740,574.25,510.875,4,11891,1
551,1039741,500.66668701171875,508.5,3,11891,2
551,1039742,837.5833129882812,555.5,3,11891,3
551,1039743,715.0,515.0,1,11892,0
551,1039744,820.5,553.0,2,11892,1
551,1039745,627.0833129882812,513.9166870117188,3,11892,2
551,1039746,574.25,510.875,4,11893,0
551,1039747,500.66668701171875,508.5,3,11893,1
551,1039748,837.5833129882812,555.5,3,11893,2
551,1039749,527.0,506.5,1,11893,3
551,1039750,500.66668701171875,508.5,3,11894,0
551,1039751,837.5833129882812,555.5,3,11894,1
551,1039752,574.25,510.875,4,11894,2
551,1039753,527.0,506.5,1,11894,3
551,1039754,500.66668701171875,508.5,3,11895,0
551,1039755,837.5833129882812,555.5,3,11895,1
551,1039756,574.25,510.875,4,11895,2
551,1039757,527.0,506.5,1,11895,3
551,1039758,574.25,510.875,4,11896,0
551,1039759,820.5,553.0,2,11896,1
551,1039760,500.66668701171875,508.5,3,11896,2
551,1039761,718.75,515.0,2,11896,3
551,1039762,527.0,506.5,1,11896,4
551,1039763,574.25,510.875,4,11897,0
551,1039764,837.5833129882812,555.5,3,11897,1
551,1039765,500.66668701171875,508.5,3,11897,2
551,1039766,527.0,506.5,1,11897,3
551,1039767,1073.5,478.5,1,11898,0
551,1039768,574.25,510.875,4,11899,0
551,1039769,820.5,553.0,2,11899,1
551,1039770,500.66668701171875,508.5,3,11899,2
551,1039771,718.75,515.0,2,11899,3
551,1039772,527.0,506.5,1,11899,4
551,1039773,820.5,553.0,2,11900,0
551,1039774,500.66668701171875,508.5,3,11900,1
551,1039775,718.75,515.0,2,11900,2
551,1039776,574.25,510.875,4,11900,3
551,1039777,527.0,506.5,1,11900,4
551,1039778,574.25,510.875,4,11901,0
551,1039779,820.5,553.0,2,11901,1
551,1039780,500.66668701171875,508.5,3,11901,2
551,1039781,718.75,515.0,2,11901,3
551,1039782,527.0,506.5,1,11901,4
551,1039783,820.5,553.0,2,11902,0
551,1039784,500.66668701171875,508.5,3,11902,1
551,1039785,718.75,515.0,2,11902,2
551,1039786,527.0,506.5,1,11902,3
551,1039787,574.25,510.875,4,11902,4
561,1039734,1283.0,473.5,1,11889,0
561,1039735,500.66668701171875,508.5,3,11890,0
561,1039736,837.5833129882812,555.5,3,11890,1
561,1039737,527.0,506.5,1,11890,2
561,1039738,574.25,510.875,4,11890,3
561,1039739,527.0,506.5,1,11891,0
561,1039740,574.25,510.875,4,11891,1
561,1039741,500.66668701171875,508.5,3,11891,2
561,1039742,837.5833129882812,555.5,3,11891,3
561,1039743,715.0,515.0,1,11892,0
561,1039744,820.5,553.0,2,11892,1
561,1039745,627.0833129882812,513.9166870117188,3,11892,2
561,1039746,574.25,510.875,4,11893,0
561,1039747,500.66668701171875,508.5,3,11893,1
561,1039748,837.5833129882812,555.5,3,11893,2
561,1039749,527.0,506.5,1,11893,3
561,1039750,500.66668701171875,508.5,3,11894,0
561,1039751,837.5833129882812,555.5,3,11894,1
561,1039752,574.25,510.875,4,11894,2
561,1039753,527.0,506.5,1,11894,3
561,1039754,500.66668701171875,508.5,3,11895,0
561,1039755,837.5833129882812,555.5,3,11895,1
561,1039756,574.25,510.875,4,11895,2
561,1039757,527.0,506.5,1,11895,3
561,1039758,574.25,510.875,4,11896,0
561,1039759,820.5,553.0,2,11896,1
561,1039760,500.66668701171875,508.5,3,11896,2
561,1039761,718.75,515.0,2,11896,3
561,1039762,527.0,506.5,1,11896,4
561,1039763,574.25,510.875,4,11897,0
561,1039764,837.5833129882812,555.5,3,11897,1
561,1039765,500.66668701171875,508.5,3,11897,2
561,1039766,527.0,506.5,1,11897,3
561,1039767,1073.5,478.5,1,11898,0
561,1039768,574.25,510.875,4,11899,0
561,1039769,820.5,553.0,2,11899,1
561,1039770,500.66668701171875,508.5,3,11899,2
561,1039771,718.75,515.0,2,11899,3
561,1039772,527.0,506.5,1,11899,4
561,1039773,820.5,553.0,2,11900,0
561,1039774,500.66668701171875,508.5,3,11900,1
561,1039775,718.75,515.0,2,11900,2
561,1039776,574.25,510.875,4,11900,3
561,1039777,527.0,506.5,1,11900,4
561,1039778,574.25,510.875,4,11901,0
561,1039779,820.5,553.0,2,11901,1
561,1039780,500.66668701171875,508.5,3,11901,2
561,1039781,718.75,515.0,2,11901,3
561,1039782,527.0,506.5,1,11901,4
561,1039783,820.5,553.0,2,11902,0
561,1039784,500.66668701171875,508.5,3,11902,1
561,1039785,718.75,515.0,2,11902,2
561,1039786,527.0,506.5,1,11902,3
561,1039787,574.25,510.875,4,11902,4
571,1039734,1283.0,473.5,1,11889,0
571,1039735,500.66668701171875,508.5,3,11890,0
571,1039736,837.5833129882812,555.5,3,11890,1
571,1039737,527.0,506.5,1,11890,2
571,1039738,574.25,510.875,4,11890,3
571,1039739,527.0,506.5,1,11891,0
571,1039740,574.25,510.875,4,11891,1
571,1039741,500.66668701171875,508.5,3,11891,2
571,1039742,837.5833129882812,555.5,3,11891,3
571,1039743,715.0,515.0,1,11892,0
571,1039744,820.5,553.0,2,11892,1
571,1039745,627.0833129882812,513.9166870117188,3,11892,2
571,1039746,574.25,510.875,4,11893,0
571,1039747,500.66668701171875,508.5,3,11893,1
571,1039748,837.5833129882812,555.5,3,11893,2
571,1039749,527.0,506.5,1,11893,3
571,1039750,500.66668701171875,508.5,3,11894,0
571,1039751,837.5833129882812,555.5,3,11894,1
571,1039752,574.25,510.875,4,11894,2
571,1039753,527.0,506.5,1,11894,3
571,1039754,500.66668701171875,508.5,3,11895,0
571,1039755,837.5833129882812,555.5,3,11895,1
571,1039756,574.25,510.875,4,11895,2
571,1039757,527.0,506.5,1,11895,3
571,1039758,574.25,510.875,4,11896,0
571,1039759,820.5,553.0,2,11896,1
571,1039760,500.66668701171875,508.5,3,11896,2
571,1039761,718.75,515.0,2,11896,3
571,1039762,527.0,506.5,1,11896,4
571,1039763,574.25,510.875,4,11897,0
571,1039764,837.5833129882812,555.5,3,11897,1
571,1039765,500.66668701171875,508.5,3,11897,2
571,1039766,527.0,506.5,1,11897,3
571,1039767,1073.5,478.5,1,11898,0
571,1039768,574.25,510.875,4,11899,0
571,1039769,820.5,553.0,2,11899,1
571,1039770,500.66668701171875,508.5,3,11899,2
571,1039771,718.75,515.0,2,11899,3
571,1039772,527.0,506.5,1,11899,4
571,1039773,820.5,553.0,2,11900,0
571,1039774,500.66668701171875,508.5,3,11900,1
571,1039775,718.75,515.0,2,11900,2
571,1039776,574.25,510.875,4,11900,3
571,1039777,527.0,506.5,1,11900,4
571,1039778,574.25,510.875,4,11901,0
571,1039779,820.5,553.0,2,11901,1
571,1039780,500.66668701171875,508.5,3,11901,2
571,1039781,718.75,515.0,2,11901,3
571,1039782,527.0,506.5,1,11901,4
571,1039783,820.5,553.0,2,11902,0
571,1039784,500.66668701171875,508.5,3,11902,1
571,1039785,718.75,515.0,2,11902,2
571,1039786,527.0,506.5,1,11902,3
571,1039787,574.25,510.875,4,11902,4
581,1039734,1283.0,473.5,1,11889,0
581,1039735,500.66668701171875,508.5,3,11890,0
581,1039736,837.5833129882812,555.5,3,11890,1
581,1039737,527.0,506.5,1,11890,2
581,1039738,574.25,510.875,4,11890,3
581,1039739,527.0,506.5,1,11891,0
581,1039740,574.25,510.875,4,11891,1
581,1039741,500.66668701171875,508.5,3,11891,2
581,1039742,837.5833129882812,555.5,3,11891,3
581,1039743,715.0,515.0,1,11892,0
581,1039744,820.5,553.0,2,11892,1
581,1039745,627.0833129882812,513.9166870117188,3,11892,2
581,1039746,574.25,510.875,4,11893,0
581,1039747,500.66668701171875,508.5,3,11893,1
581,1039748,837.5833129882812,555.5,3,11893,2
581,1039749,527.0,506.5,1,11893,3
581,1039750,500.66668701171875,508.5,3,11894,0
581,1039751,837.5833129882812,555.5,3,11894,1
581,1039752,574.25,510.875,4,11894,2
581,1039753,527.0,506.5,1,11894,3
581,1039754,500.66668701171875,508.5,3,11895,0
581,1039755,837.5833129882812,555.5,3,11895,1
581,1039756,574.25,510.875,4,11895,2
581,1039757,527.0,506.5,1,11895,3
581,1039758,574.25,510.875,4,11896,0
581,1039759,820.5,553.0,2,11896,1
581,1039760,500.66668701171875,508.5,3,11896,2
581,1039761,718.75,515.0,2,11896,3
581,1039762,527.0,506.5,1,11896,4
581,1039763,574.25,510.875,4,11897,0
581,1039764,837.5833129882812,555.5,3,11897,1
581,1039765,500.66668701171875,508.5,3,11897,2
581,1039766,527.0,506.5,1,11897,3
581,1039767,1073.5,478.5,1,11898,0
581,1039768,574.25,510.875,4,11899,0
581,1039769,820.5,553.0,2,11899,1
581,1039770,500.66668701171875,508.5,3,11899,2
581,1039771,718.75,515.0,2,11899,3
581,1039772,527.0,506.5,1,11899,4
581,1039773,820.5,553.0,2,11900,0
581,1039774,500.66668701171875,508.5,3,11900,1
581,1039775,718.75,515.0,2,11900,2
581,1039776,574.25,510.875,4,11900,3
581,1039777,527.0,506.5,1,11900,4
581,1039778,574.25,510.875,4,11901,0
581,1039779,820.5,553.0,2,11901,1
581,1039780,500.66668701171875,508.5,3,11901,2
581,1039781,718.75,515.0,2,11901,3
581,1039782,527.0,506.5,1,11901,4
581,1039783,820.5,553.0,2,11902,0
581,1039784,500.66668701171875,508.5,3,11902,1
581,1039785,718.75,515.0,2,11902,2
581,1039786,527.0,506.5,1,11902,3
581,1039787,574.25,510.875,4,11902,4
591,1039734,1283.0,473.5,1,11889,0
591,1039735,500.66668701171875,508.5,3,11890,0
591,1039736,837.5833129882812,555.5,3,11890,1
591,1039737,527.0,506.5,1,11890,2
591,1039738,574.25,510.875,4,11890,3
591,1039739,527.0,506.5,1,11891,0
591,1039740,574.25,510.875,4,11891,1
591,1039741,500.66668701171875,508.5,3,11891,2
591,1039742,837.5833129882812,555.5,3,11891,3
591,1039743,715.0,515.0,1,11892,0
591,1039744,820.5,553.0,2,11892,1
591,1039745,627.0833129882812,513.9166870117188,3,11892,2
591,1039746,574.25,510.875,4,11893,0
591,1039747,500.66668701171875,508.5,3,11893,1
591,1039748,837.5833129882812,555.5,3,11893,2
591,1039749,527.0,506.5,1,11893,3
591,1039750,500.66668701171875,508.5,3,11894,0
591,1039751,837.5833129882812,555.5,3,11894,1
591,1039752,574.25,510.875,4,11894,2
591,1039753,527.0,506.5,1,11894,3
591,1039754,500.66668701171875,508.5,3,11895,0
591,1039755,837.5833129882812,555.5,3,11895,1
591,1039756,574.25,510.875,4,11895,2
591,1039757,527.0,506.5,1,11895,3
591,1039758,574.25,510.875,4,11896,0
591,1039759,820.5,553.0,2,11896,1
591,1039760,500.66668701171875,508.5,3,11896,2
591,1039761,718.75,515.0,2,11896,3
591,1039762,527.0,506.5,1,11896,4
591,1039763,574.25,510.875,4,11897,0
591,1039764,837.5833129882812,555.5,3,11897,1
591,1039765,500.66668701171875,508.5,3,11897,2
591,1039766,527.0,506.5,1,11897,3
591,1039767,1073.5,478.5,1,11898,0
591,1039768,574.25,510.875,4,11899,0
591,1039769,820.5,553.0,2,11899,1
591,1039770,500.66668701171875,508.5,3,11899,2
591,1039771,718.75,515.0,2,11899,3
591,1039772,527.0,506.5,1,11899,4
591,1039773,820.5,553.0,2,11900,0
591,1039774,500.66668701171875,508.5,3,11900,1
591,1039775,718.75,515.0,2,11900,2
591,1039776,574.25,510.875,4,11900,3
591,1039777,527.0,506.5,1,11900,4
591,1039778,574.25,510.875,4,11901,0
591,1039779,820.5,553.0,2,11901,1
591,1039780,500.66668701171875,508.5,3,11901,2
591,1039781,718.75,515.0,2,11901,3
591,1039782,527.0,506.5,1,11901,4
591,1039783,820.5,553.0,2,11902,0
591,1039784,500.66668701171875,508.5,3,11902,1
591,1039785,718.75,515.0,2,11902,2
591,1039786,527.0,506.5,1,11902,3
591,1039787,574.25,510.875,4,11902,4
601,1039734,1283.0,473.5,1,11889,0
601,1039735,500.66668701171875,508.5,3,11890,0
601,1039736,837.5833129882812,555.5,3,11890,1
601,1039737,527.0,506.5,1,11890,2
601,1039738,574.25,510.875,4,11890,3
601,1039739,527.0,506.5,1,11891,0
601,1039740,574.25,510.875,4,11891,1
601,1039741,500.66668701171875,508.5,3,11891,2
601,1039742,837.5833129882812,555.5,3,11891,3
601,1039743,715.0,515.0,1,11892,0
601,1039744,820.5,553.0,2,11892,1
601,1039745,627.0833129882812,513.9166870117188,3,11892,2
601,1039746,574.25,510.875,4,11893,0
601,1039747,500.66668701171875,508.5,3,11893,1
601,1039748,837.5833129882812,555.5,3,11893,2
601,1039749,527.0,506.5,1,11893,3
601,1039750,500.66668701171875,508.5,3,11894,0
601,1039751,837.5833129882812,555.5,3,11894,1
601,1039752,574.25,510.875,4,11894,2
601,1039753,527.0,506.5,1,11894,3
601,1039754,500.66668701171875,508.5,3,11895,0
601,1039755,837.5833129882812,555.5,3,11895,1
601,1039756,574.25,510.875,4,11895,2
601,1039757,527.0,506.5,1,11895,3
601,1039758,574.25,510.875,4,11896,0
601,1039759,820.5,553.0,2,11896,1
601,1039760,500.66668701171875,508.5,3,11896,2
601,1039761,718.75,515.0,2,11896,3
601,1039762,527.0,506.5,1,11896,4
601,1039763,574.25,510.875,4,11897,0
601,1039764,837.5833129882812,555.5,3,11897,1
601,1039765,500.66668701171875,508.5,3,11897,2
601,1039766,527.0,506.5,1,11897,3
601,1039767,1073.5,478.5,1,11898,0
601,1039768,574.25,510.875,4,11899,0
601,1039769,820.5,553.0,2,11899,1
601,1039770,500.66668701171875,508.5,3,11899,2
601,1039771,718.75,515.0,2,11899,3
601,1039772,527.0,506.5,1,11899,4
601,1039773,820.5,553.0,2,11900,0
601,1039774,500.66668701171875,508.5,3,11900,1
601,1039775,718.75,515.0,2,11900,2
601,1039776,574.25,510.875,4,11900,3
601,1039777,527.0,506.5,1,11900,4
601,1039778,574.25,510.875,4,11901,0
601,1039779,820.5,553.0,2,11901,1
601,1039780,500.66668701171875,508.5,3,11901,2
601,1039781,718.75,515.0,2,11901,3
601,1039782,527.0,506.5,1,11901,4
601,1039783,820.5,553.0,2,11902,0
601,1039784,500.66668701171875,508.5,3,11902,1
601,1039785,718.75,515.0,2,11902,2
601,1039786,527.0,506.5,1,11902,3
601,1039787,574.25,510.875,4,11902,4
611,1039734,1283.0,473.5,1,11889,0
611,1039735,500.66668701171875,508.5,3,11890,0
611,1039736,837.5833129882812,555.5,3,11890,1
611,1039737,527.0,506.5,1,11890,2
611,1039738,574.25,510.875,4,11890,3
611,1039739,527.0,506.5,1,11891,0
611,1039740,574.25,510.875,4,11891,1
611,1039741,500.66668701171875,508.5,3,11891,2
611,1039742,837.5833129882812,555.5,3,11891,3
611,1039743,715.0,515.0,1,11892,0
611,1039744,820.5,553.0,2,11892,1
611,1039745,627.0833129882812,513.9166870117188,3,11892,2
611,1039746,574.25,510.875,4,11893,0
611,1039747,500.66668701171875,508.5,3,11893,1
611,1039748,837.5833129882812,555.5,3,11893,2
611,1039749,527.0,506.5,1,11893,3
611,1039750,500.66668701171875,508.5,3,11894,0
611,1039751,837.5833129882812,555.5,3,11894,1
611,1039752,574.25,510.875,4,11894,2
611,1039753,527.0,506.5,1,11894,3
611,1039754,500.66668701171875,508.5,3,11895,0
611,1039755,837.5833129882812,555.5,3,11895,1
611,1039756,574.25,510.875,4,11895,2
611,1039757,527.0,506.5,1,11895,3
611,1039758,574.25,510.875,4,11896,0
611,1039759,820.5,553.0,2,11896,1
611,1039760,500.66668701171875,508.5,3,11896,2
611,1039761,718.75,515.0,2,11896,3
611,1039762,527.0,506.5,1,11896,4
611,1039763,574.25,510.875,4,11897,0
611,1039764,837.5833129882812,555.5,3,11897,1
611,1039765,500.66668701171875,508.5,3,11897,2
611,1039766,527.0,506.5,1,11897,3
611,1039767,1073.5,478.5,1,11898,0
611,1039768,574.25,510.875,4,11899,0
611,1039769,820.5,553.0,2,11899,1
611,1039770,500.66668701171875,508.5,3,11899,2
611,1039771,718.75,515.0,2,11899,3
611,1039772,527.0,506.5,1,11899,4
611,1039773,820.5,553.0,2,11900,0
611,1039774,500.66668701171875,508.5,3,11900,1
611,1039775,718.75,515.0,2,11900,2
611,1039776,574.25,510.875,4,11900,3
611,1039777,527.0,506.5,1,11900,4
611,1039778,574.25,510.875,4,11901,0
611,1039779,820.5,553.0,2,11901,1
611,1039780,500.66668701171875,508.5,3,11901,2
611,1039781,718.75,515.0,2,11901,3
611,1039782,527.0,506.5,1,11901,4
611,1039783,820.5,553.0,2,11902,0
611,1039784,500.66668701171875,508.5,3,11902,1
611,1039785,718.75,515.0,2,11902,2
611,1039786,527.0,506.5,1,11902,3
611,1039787,574.25,510.875,4,11902,4
621,1039734,1292.5,472.5,1,11889,0
621,1039735,509.41668701171875,516.5,2,11890,0
621,1039736,812.9166259765625,554.0,3,11890,1
621,1039737,527.0,516.0,1,11890,2
621,1039738,575.625,515.625,4,11890,3
621,1039739,527.0,516.0,1,11891,0
621,1039740,575.625,515.625,4,11891,1
621,1039741,509.41668701171875,516.5,2,11891,2
621,1039742,812.9166259765625,554.0,3,11891,3
621,1039743,970.0,483.0,1,11892,0
621,1039744,835.3333129882812,555.6666870117188,3,11892,1
621,1039745,644.3333129882812,518.1666870117188,2,11892,2
621,1039746,575.625,515.625,4,11893,0
621,1039747,509.41668701171875,516.5,2,11893,1
621,1039748,812.9166259765625,554.0,3,11893,2
621,1039749,527.0,516.0,1,11893,3
621,1039750,509.41668701171875,516.5,2,11894,0
621,1039751,812.9166259765625,554.0,3,11894,1
621,1039752,575.625,515.625,4,11894,2
621,1039753,527.0,516.0,1,11894,3
621,1039754,509.41668701171875,516.5,2,11895,0
621,1039755,812.9166259765625,554.0,3,11895,1
621,1039756,575.625,515.625,4,11895,2
621,1039757,527.0,516.0,1,11895,3
621,1039758,581.75,517.7083129882812,3,11896,0
621,1039759,835.3333129882812,555.6666870117188,3,11896,1
621,1039760,509.41668701171875,516.5,2,11896,2
621,1039761,778.5,492.0,2,11896,3
621,1039762,527.0,516.0,1,11896,4
621,1039763,575.625,515.625,4,11897,0
621,1039764,812.9166259765625,554.0,3,11897,1
621,1039765,509.41668701171875,516.5,2,11897,2
621,1039766,527.0,516.0,1,11897,3
621,1039767,1081.5,478.5,1,11898,0
621,1039768,581.75,517.7083129882812,3,11899,0
621,1039769,835.3333129882812,555.6666870117188,3,11899,1
621,1039770,509.41668701171875,516.5,2,11899,2
621,1039771,778.5,492.0,2,11899,3
621,1039772,527.0,516.0,1,11899,4
621,1039773,835.3333129882812,555.6666870117188,3,11900,0
621,1039774,509.41668701171875,516.5,2,11900,1
621,1039775,778.5,492.0,2,11900,2
621,1039776,581.75,517.7083129882812,3,11900,3
621,1039777,527.0,516.0,1,11900,4
621,1039778,581.75,517.7083129882812,3,11901,0
621,1039779,835.3333129882812,555.6666870117188,3,11901,1
621,1039780,509.41668701171875,516.5,2,11901,2
621,1039781,778.5,492.0,2,11901,3
621,1039782,527.0,516.0,1,11901,4
621,1039783,835.3333129882812,555.6666870117188,3,11902,0
621,1039784,509.41668701171875,516.5,2,11902,1
621,1039785,778.5,492.0,2,11902,2
621,1039786,527.0,516.0,1,11902,3
621,1039787,581.75,517.7083129882812,3,11902,4
641,1039788,1498.5,474.5,1,11903,0
641,1039789,1204.5,473.5,1,11904,0
641,1039790,548.0,508.0,1,11905,0
641,1039791,588.25,511.0,2,11905,1
641,1039792,588.25,511.0,2,11906,0
641,1039793,548.0,508.0,1,11906,1
641,1039794,588.25,511.0,2,11907,0
641,1039795,548.0,508.0,1,11907,1
641,1039796,1685.0,755.5,1,11908,0
651,1039788,1498.5,474.5,1,11903,0
651,1039789,1204.5,473.5,1,11904,0
651,1039790,548.0,508.0,1,11905,0
651,1039791,588.25,511.0,2,11905,1
651,1039792,588.25,511.0,2,11906,0
651,1039793,548.0,508.0,1,11906,1
651,1039794,588.25,511.0,2,11907,0
651,1039795,548.0,508.0,1,11907,1
651,1039796,1685.0,755.5,1,11908,0
661,1039788,1498.5,474.5,1,11903,0
661,1039789,1204.5,473.5,1,11904,0
661,1039790,548.0,508.0,1,11905,0
661,1039791,588.25,511.0,2,11905,1
661,1039792,588.25,511.0,2,11906,0
661,1039793,548.0,508.0,1,11906,1
661,1039794,588.25,511.0,2,11907,0
661,1039795,548.0,508.0,1,11907,1
661,1039796,1685.0,755.5,1,11908,0
671,1039788,1498.5,474.5,1,11903,0
671,1039789,1204.5,473.5,1,11904,0
671,1039790,548.0,508.0,1,11905,0
671,1039791,588.25,511.0,2,11905,1
671,1039792,588.25,511.0,2,11906,0
671,1039793,548.0,508.0,1,11906,1
671,1039794,588.25,511.0,2,11907,0
671,1039795,548.0,508.0,1,11907,1
671,1039796,1685.0,755.5,1,11908,0
681,1039788,1498.5,474.5,1,11903,0
681,1039789,1204.5,473.5,1,11904,0
681,1039790,548.0,508.0,1,11905,0
681,1039791,588.25,511.0,2,11905,1
681,1039792,588.25,511.0,2,11906,0
681,1039793,548.0,508.0,1,11906,1
681,1039794,588.25,511.0,2,11907,0
681,1039795,548.0,508.0,1,11907,1
681,1039796,1685.0,755.5,1,11908,0
691,1039788,1498.5,474.5,1,11903,0
691,1039789,1204.5,473.5,1,11904,0
691,1039790,548.0,508.0,1,11905,0
691,1039791,588.25,511.0,2,11905,1
691,1039792,588.25,511.0,2,11906,0
691,1039793,548.0,508.0,1,11906,1
691,1039794,588.25,511.0,2,11907,0
691,1039795,548.0,508.0,1,11907,1
691,1039796,1685.0,755.5,1,11908,0
701,1039788,1498.5,474.5,1,11903,0
701,1039789,1204.5,473.5,1,11904,0
701,1039790,548.0,508.0,1,11905,0
701,1039791,588.25,511.0,2,11905,1
701,1039792,588.25,511.0,2,11906,0
701,1039793,548.0,508.0,1,11906,1
701,1039794,588.25,511.0,2,11907,0
701,1039795,548.0,508.0,1,11907,1
701,1039796,1685.0,755.5,1,11908,0
711,1039788,1498.5,474.5,1,11903,0
711,1039789,1204.5,473.5,1,11904,0
711,1039790,548.0,508.0,1,11905,0
711,1039791,588.25,511.0,2,11905,1
711,1039792,588.25,511.0,2,11906,0
711,1039793,548.0,508.0,1,11906,1
711,1039794,588.25,511.0,2,11907,0
711,1039795,548.0,508.0,1,11907,1
711,1039796,1685.0,755.5,1,11908,0
721,1039788,1498.5,474.5,1,11903,0
721,1039789,1204.5,473.5,1,11904,0
721,1039790,548.0,508.0,1,11905,0
721,1039791,588.25,511.0,2,11905,1
721,1039792,588.25,511.0,2,11906,0
721,1039793,548.0,508.0,1,11906,1
721,1039794,588.25,511.0,2,11907,0
721,1039795,548.0,508.0,1,11907,1
721,1039796,1685.0,755.5,1,11908,0
731,1039788,1515.0,475.5,1,11903,0
731,1039789,1213.5,473.0,1,11904,0
731,1039790,559.5,510.0,1,11905,0
731,1039791,607.0,517.75,2,11905,1
731,1039792,607.0,517.75,2,11906,0
731,1039793,559.5,510.0,1,11906,1
731,1039794,607.0,517.75,2,11907,0
731,1039795,559.5,510.0,1,11907,1
731,1039796,1689.0,748.0,1,11908,0
741,1039788,1515.0,475.5,1,11903,0
741,1039789,1213.5,473.0,1,11904,0
741,1039790,559.5,510.0,1,11905,0
741,1039791,607.0,517.75,2,11905,1
741,1039792,607.0,517.75,2,11906,0
741,1039793,559.5,510.0,1,11906,1
741,1039794,607.0,517.75,2,11907,0
741,1039795,559.5,510.0,1,11907,1
741,1039796,1689.0,748.0,1,11908,0
751,1039788,1515.0,475.5,1,11903,0
751,1039789,1213.5,473.0,1,11904,0
751,1039790,559.5,510.0,1,11905,0
751,1039791,607.0,517.75,2,11905,1
751,1039792,607.0,517.75,2,11906,0
751,1039793,559.5,510.0,1,11906,1
751,1039794,607.0,517.75,2,11907,0
751,1039795,559.5,510.0,1,11907,1
751,1039796,1689.0,748.0,1,11908,0
761,1039788,1515.0,475.5,1,11903,0
761,1039789,1213.5,473.0,1,11904,0
761,1039790,559.5,510.0,1,11905,0
761,1039791,607.0,517.75,2,11905,1
761,1039792,607.0,517.75,2,11906,0
761,1039793,559.5,510.0,1,11906,1
761,1039794,607.0,517.75,2,11907,0
761,1039795,559.5,510.0,1,11907,1
761,1039796,1689.0,748.0,1,11908,0
771,1039788,1515.0,475.5,1,11903,0
771,1039789,1213.5,473.0,1,11904,0
771,1039790,559.5,510.0,1,11905,0
771,1039791,607.0,517.75,2,11905,1
771,1039792,607.0,517.75,2,11906,0
771,1039793,559.5,510.0,1,11906,1
771,1039794,607.0,517.75,2,11907,0
771,1039795,559.5,510.0,1,11907,1
771,1039796,1689.0,748.0,1,11908,0
781,1039788,1515.0,475.5,1,11903,0
781,1039789,1213.5,473.0,1,11904,0
781,1039790,559.5,510.0,1,11905,0
781,1039791,607.0,517.75,2,11905,1
781,1039792,607.0,517.75,2,11906,0
781,1039793,559.5,510.0,1,11906,1
781,1039794,607.0,517.75,2,11907,0
781,1039795,559.5,510.0,1,11907,1
781,1039796,1689.0,748.0,1,11908,0
791,1039788,1515.0,475.5,1,11903,0
791,1039789,1213.5,473.0,1,11904,0
791,1039790,559.5,510.0,1,11905,0
791,1039791,607.0,517.75,2,11905,1
791,1039792,607.0,517.75,2,11906,0
791,1039793,559.5,510.0,1,11906,1
791,1039794,607.0,517.75,2,11907,0
791,1039795,559.5,510.0,1,11907,1
791,1039796,1689.0,748.0,1,11908,0
801,1039788,1515.0,475.5,1,11903,0
801,1039789,1213.5,473.0,1,11904,0
801,1039790,559.5,510.0,1,11905,0
801,1039791,607.0,517.75,2,11905,1
801,1039792,607.0,517.75,2,11906,0
801,1039793,559.5,510.0,1,11906,1
801,1039794,607.0,517.75,2,11907,0
801,1039795,559.5,510.0,1,11907,1
801,1039796,1689.0,748.0,1,11908,0
811,1039788,1515.0,475.5,1,11903,0
811,1039789,1213.5,473.0,1,11904,0
811,1039790,559.5,510.0,1,11905,0
811,1039791,607.0,517.75,2,11905,1
811,1039792,607.0,517.75,2,11906,0
811,1039793,559.5,510.0,1,11906,1
811,1039794,607.0,517.75,2,11907,0
811,1039795,559.5,510.0,1,11907,1
811,1039796,1689.0,748.0,1,11908,0
821,1039788,1515.0,475.5,1,11903,0
821,1039789,1213.5,473.0,1,11904,0
821,1039790,559.5,510.0,1,11905,0
821,1039791,607.0,517.75,2,11905,1
821,1039792,607.0,517.75,2,11906,0
821,1039793,559.5,510.0,1,11906,1
821,1039794,607.0,517.75,2,11907,0
821,1039795,559.5,510.0,1,11907,1
821,1039796,1689.0,748.0,1,11908,0
831,1039788,1537.0,476.0,1,11903,0
831,1039789,1226.0,473.5,1,11904,0
831,1039790,581.5,513.5,1,11905,0
831,1039791,502.25,516.0,2,11905,1
831,1039792,502.25,516.0,2,11906,0
831,1039793,581.5,513.5,1,11906,1
831,1039794,502.25,516.0,2,11907,0
831,1039795,581.5,513.5,1,11907,1
831,1039796,1651.0,794.5,1,11908,0
851,1039797,1411.5,476.5,1,11909,0
851,1039798,788.6666870117188,538.3333129882812,3,11910,0
851,1039799,942.25,549.5,2,11910,1
851,1039800,942.25,549.5,2,11911,0
851,1039801,1220.5,747.0,1,11911,1
851,1039802,788.6666870117188,538.3333129882812,3,11911,2
851,1039803,942.25,549.5,2,11912,0
851,1039804,788.6666870117188,538.3333129882812,3,11912,1
851,1039805,788.6666870117188,538.3333129882812,3,11913,0
851,1039806,1220.5,747.0,1,11913,1
851,1039807,942.25,549.5,2,11913,2
851,1039808,788.6666870117188,538.3333129882812,3,11914,0
851,1039809,1220.5,747.0,1,11914,1
851,1039810,942.25,549.5,2,11914,2
851,1039811,1498.5,728.0,1,11915,0
851,1039812,1220.5,747.0,1,11916,0
851,1039813,931.5,539.5,1,11916,1
851,1039814,814.25,538.0,2,11916,2
861,1039797,1411.5,476.5,1,11909,0
861,1039798,788.6666870117188,538.3333129882812,3,11910,0
861,1039799,942.25,549.5,2,11910,1
861,1039800,942.25,549.5,2,11911,0
861,1039801,1220.5,747.0,1,11911,1
861,1039802,788.6666870117188,538.3333129882812,3,11911,2
861,1039803,942.25,549.5,2,11912,0
861,1039804,788.6666870117188,538.3333129882812,3,11912,1
861,1039805,788.6666870117188,538.3333129882812,3,11913,0
861,1039806,1220.5,747.0,1,11913,1
861,1039807,942.25,549.5,2,11913,2
861,1039808,788.6666870117188,538.3333129882812,3,11914,0
861,1039809,1220.5,747.0,1,11914,1
861,1039810,942.25,549.5,2,11914,2
861,1039811,1498.5,728.0,1,11915,0
861,1039812,1220.5,747.0,1,11916,0
861,1039813,931.5,539.5,1,11916,1
861,1039814,814.25,538.0,2,11916,2
871,1039797,1411.5,476.5,1,11909,0
871,1039798,788.6666870117188,538.3333129882812,3,11910,0
871,1039799,942.25,549.5,2,11910,1
871,1039800,942.25,549.5,2,11911,0
871,1039801,1220.5,747.0,1,11911,1
871,1039802,788.6666870117188,538.3333129882812,3,11911,2
871,1039803,942.25,549.5,2,11912,0
871,1039804,788.6666870117188,538.3333129882812,3,11912,1
871,1039805,788.6666870117188,538.3333129882812,3,11913,0
871,1039806,1220.5,747.0,1,11913,1
871,1039807,942.25,549.5,2,11913,2
871,1039808,788.6666870117188,538.3333129882812,3,11914,0
871,1039809,1220.5,747.0,1,11914,1
871,1039810,942.25,549.5,2,11914,2
871,1039811,1498.5,728.0,1,11915,0
871,1039812,1220.5,747.0,1,11916,0
871,1039813,931.5,539.5,1,11916,1
871,1039814,814.25,538.0,2,11916,2
881,1039797,1411.5,476.5,1,11909,0
881,1039798,788.6666870117188,538.3333129882812,3,11910,0
881,1039799,942.25,549.5,2,11910,1
881,1039800,942.25,549.5,2,11911,0
881,1039801,1220.5,747.0,1,11911,1
881,1039802,788.6666870117188,538.3333129882812,3,11911,2
881,1039803,942.25,549.5,2,11912,0
881,1039804,788.6666870117188,538.3333129882812,3,11912,1
881,1039805,788.6666870117188,538.3333129882812,3,11913,0
881,1039806,1220.5,747.0,1,11913,1
881,1039807,942.25,549.5,2,11913,2
881,1039808,788.6666870117188,538.3333129882812,3,11914,0
881,1039809,1220.5,747.0,1,11914,1
881,1039810,942.25,549.5,2,11914,2
881,1039811,1498.5,728.0,1,11915,0
881,1039812,1220.5,747.0,1,11916,0
881,1039813,931.5,539.5,1,11916,1
881,1039814,814.25,538.0,2,11916,2
891,1039797,1411.5,476.5,1,11909,0
891,1039798,788.6666870117188,538.3333129882812,3,11910,0
891,1039799,942.25,549.5,2,11910,1
891,1039800,942.25,549.5,2,11911,0
891,1039801,1220.5,747.0,1,11911,1
891,1039802,788.6666870117188,538.3333129882812,3,11911,2
891,1039803,942.25,549.5,2,11912,0
891,1039804,788.6666870117188,538.3333129882812,3,11912,1
891,1039805,788.6666870117188,538.3333129882812,3,11913,0
891,1039806,1220.5,747.0,1,11913,1
891,1039807,942.25,549.5,2,11913,2
891,1039808,788.6666870117188,538.3333129882812,3,11914,0
891,1039809,1220.5,747.0,1,11914,1
891,1039810,942.25,549.5,2,11914,2
891,1039811,1498.5,728.0,1,11915,0
891,1039812,1220.5,747.0,1,11916,0
891,1039813,931.5,539.5,1,11916,1
891,1039814,814.25,538.0,2,11916,2
901,1039797,1411.5,476.5,1,11909,0
901,1039798,788.6666870117188,538.3333129882812,3,11910,0
901,1039799,942.25,549.5,2,11910,1
901,1039800,942.25,549.5,2,11911,0
901,1039801,1220.5,747.0,1,11911,1
901,1039802,788.6666870117188,538.3333129882812,3,11911,2
901,1039803,942.25,549.5,2,11912,0
901,1039804,788.6666870117188,538.3333129882812,3,11912,1
901,1039805,788.6666870117188,538.3333129882812,3,11913,0
901,1039806,1220.5,747.0,1,11913,1
901,1039807,942.25,549.5,2,11913,2
901,1039808,788.6666870117188,538.3333129882812,3,11914,0
901,1039809,1220.5,747.0,1,11914,1
901,1039810,942.25,549.5,2,11914,2
901,1039811,1498.5,728.0,1,11915,0
901,1039812,1220.5,747.0,1,11916,0
901,1039813,931.5,539.5,1,11916,1
901,1039814,814.25,538.0,2,11916,2
911,1039797,1411.5,476.5,1,11909,0
911,1039798,788.6666870117188,538.3333129882812,3,11910,0
911,1039799,942.25,549.5,2,11910,1
911,1039800,942.25,549.5,2,11911,0
911,1039801,1220.5,747.0,1,11911,1
911,1039802,788.6666870117188,538.3333129882812,3,11911,2
911,1039803,942.25,549.5,2,11912,0
911,1039804,788.6666870117188,538.3333129882812,3,11912,1
911,1039805,788.6666870117188,538.3333129882812,3,11913,0
911,1039806,1220.5,747.0,1,11913,1
911,1039807,942.25,549.5,2,11913,2
911,1039808,788.6666870117188,538.3333129882812,3,11914,0
911,1039809,1220.5,747.0,1,11914,1
911,1039810,942.25,549.5,2,11914,2
911,1039811,1498.5,728.0,1,11915,0
911,1039812,1220.5,747.0,1,11916,0
911,1039813,931.5,539.5,1,11916,1
911,1039814,814.25,538.0,2,11916,2
921,1039797,1411.5,476.5,1,11909,0
921,1039798,788.6666870117188,538.3333129882812,3,11910,0
921,1039799,942.25,549.5,2,11910,1
921,1039800,942.25,549.5,2,11911,0
921,1039801,1220.5,747.0,1,11911,1
921,1039802,788.6666870117188,538.3333129882812,3,11911,2
921,1039803,942.25,549.5,2,11912,0
921,1039804,788.6666870117188,538.3333129882812,3,11912,1
921,1039805,788.6666870117188,538.3333129882812,3,11913,0
921,1039806,1220.5,747.0,1,11913,1
921,1039807,942.25,549.5,2,11913,2
921,1039808,788.6666870117188,538.3333129882812,3,11914,0
921,1039809,1220.5,747.0,1,11914,1
921,1039810,942.25,549.5,2,11914,2
921,1039811,1498.5,728.0,1,11915,0
921,1039812,1220.5,747.0,1,11916,0
921,1039813,931.5,539.5,1,11916,1
921,1039814,814.25,538.0,2,11916,2
931,1039797,1411.5,476.5,1,11909,0
931,1039798,788.6666870117188,538.3333129882812,3,11910,0
931,1039799,942.25,549.5,2,11910,1
931,1039800,942.25,549.5,2,11911,0
931,1039801,1220.5,747.0,1,11911,1
931,1039802,788.6666870117188,538.3333129882812,3,11911,2
931,1039803,942.25,549.5,2,11912,0
931,1039804,788.6666870117188,538.3333129882812,3,11912,1
931,1039805,788.6666870117188,538.3333129882812,3,11913,0
931,1039806,1220.5,747.0,1,11913,1
931,1039807,942.25,549.5,2,11913,2
931,1039808,788.6666870117188,538.3333129882812,3,11914,0
931,1039809,1220.5,747.0,1,11914,1
931,1039810,942.25,549.5,2,11914,2
931,1039811,1498.5,728.0,1,11915,0
931,1039812,1220.5,747.0,1,11916,0
931,1039813,931.5,539.5,1,11916,1
931,1039814,814.25,538.0,2,11916,2
941,1039797,1425.5,477.0,1,11909,0
941,1039798,787.9166870117188,543.8333129882812,2,11910,0
941,1039799,915.25,549.5,2,11910,1
941,1039800,915.25,549.5,2,11911,0
941,1039801,1215.5,743.5,1,11911,1
941,1039802,787.9166870117188,543.8333129882812,2,11911,2
941,1039803,915.25,549.5,2,11912,0
941,1039804,787.9166870117188,543.8333129882812,2,11912,1
941,1039805,787.9166870117188,543.8333129882812,2,11913,0
941,1039806,1215.5,743.5,1,11913,1
941,1039807,915.25,549.5,2,11913,2
941,1039808,787.9166870117188,543.8333129882812,2,11914,0
941,1039809,1215.5,743.5,1,11914,1
941,1039810,915.25,549.5,2,11914,2
941,1039811,1478.0,721.5,1,11915,0
941,1039812,1215.5,743.5,1,11916,0
941,1039813,904.5,536.5,1,11916,1
941,1039814,788.25,536.0,2,11916,2
951,1039797,1425.5,477.0,1,11909,0
951,1039798,787.9166870117188,543.8333129882812,2,11910,0
951,1039799,915.25,549.5,2,11910,1
951,1039800,915.25,549.5,2,11911,0
951,1039801,1215.5,743.5,1,11911,1
951,1039802,787.9166870117188,543.8333129882812,2,11911,2
951,1039803,915.25,549.5,2,11912,0
951,1039804,787.9166870117188,543.8333129882812,2,11912,1
951,1039805,787.9166870117188,543.8333129882812,2,11913,0
951,1039806,1215.5,743.5,1,11913,1
951,1039807,915.25,549.5,2,11913,2
951,1039808,787.9166870117188,543.8333129882812,2,11914,0
951,1039809,1215.5,743.5,1,11914,1
951,1039810,915.25,549.5,2,11914,2
951,1039811,1478.0,721.5,1,11915,0
951,1039812,1215.5,743.5,1,11916,0
951,1039813,904.5,536.5,1,11916,1
951,1039814,788.25,536.0,2,11916,2
961,1039797,1425.5,477.0,1,11909,0
961,1039798,787.9166870117188,543.8333129882812,2,11910,0
961,1039799,915.25,549.5,2,11910,1
961,1039800,915.25,549.5,2,11911,0
961,1039801,1215.5,743.5,1,11911,1
961,1039802,787.9166870117188,543.8333129882812,2,11911,2
961,1039803,915.25,549.5,2,11912,0
961,1039804,787.9166870117188,543.8333129882812,2,11912,1
961,1039805,787.9166870117188,543.8333129882812,2,11913,0
961,1039806,1215.5,743.5,1,11913,1
961,1039807,915.25,549.5,2,11913,2
961,1039808,787.9166870117188,543.8333129882812,2,11914,0
961,1039809,1215.5,743.5,1,11914,1
961,1039810,915.25,549.5,2,11914,2
961,1039811,1478.0,721.5,1,11915,0
961,1039812,1215.5,743.5,1,11916,0
961,1039813,904.5,536.5,1,11916,1
961,1039814,788.25,536.0,2,11916,2
971,1039797,1425.5,477.0,1,11909,0
971,1039798,787.9166870117188,543.8333129882812,2,11910,0
971,1039799,915.25,549.5,2,11910,1
971,1039800,915.25,549.5,2,11911,0
971,1039801,1215.5,743.5,1,11911,1
971,1039802,787.9166870117188,543.8333129882812,2,11911,2
971,1039803,915.25,549.5,2,11912,0
971,1039804,787.9166870117188,543.8333129882812,2,11912,1
971,1039805,787.9166870117188,543.8333129882812,2,11913,0
971,1039806,1215.5,743.5,1,11913,1
971,1039807,915.25,549.5,2,11913,2
971,1039808,787.9166870117188,543.8333129882812,2,11914,0
971,1039809,1215.5,743.5,1,11914,1
971,1039810,915.25,549.5,2,11914,2
971,1039811,1478.0,721.5,1,11915,0
971,1039812,1215.5,743.5,1,11916,0
971,1039813,904.5,536.5,1,11916,1
971,1039814,788.25,536.0,2,11916,2
981,1039797,1425.5,477.0,1,11909,0
981,1039798,787.9166870117188,543.8333129882812,2,11910,0
981,1039799,915.25,549.5,2,11910,1
981,1039800,915.25,549.5,2,11911,0
981,1039801,1215.5,743.5,1,11911,1
981,1039802,787.9166870117188,543.8333129882812,2,11911,2
981,1039803,915.25,549.5,2,11912,0
981,1039804,787.9166870117188,543.8333129882812,2,11912,1
981,1039805,787.9166870117188,543.8333129882812,2,11913,0
981,1039806,1215.5,743.5,1,11913,1
981,1039807,915.25,549.5,2,11913,2
981,1039808,787.9166870117188,543.8333129882812,2,11914,0
981,1039809,1215.5,743.5,1,11914,1
981,1039810,915.25,549.5,2,11914,2
981,1039811,1478.0,721.5,1,11915,0
981,1039812,1215.5,743.5,1,11916,0
981,1039813,904.5,536.5,1,11916,1
981,1039814,788.25,536.0,2,11916,2
991,1039797,1425.5,477.0,1,11909,0
991,1039798,787.9166870117188,543.8333129882812,2,11910,0
991,1039799,915.25,549.5,2,11910,1
991,1039800,915.25,549.5,2,11911,0
991,1039801,1215.5,743.5,1,11911,1
991,1039802,787.9166870117188,543.8333129882812,2,11911,2
991,1039803,915.25,549.5,2,11912,0
991,1039804,787.9166870117188,543.8333129882812,2,11912,1
991,1039805,787.9166870117188,543.8333129882812,2,11913,0
991,1039806,1215.5,743.5,1,11913,1
991,1039807,915.25,549.5,2,11913,2
991,1039808,787.9166870117188,543.8333129882812,2,11914,0
991,1039809,1215.5,743.5,1,11914,1
991,1039810,915.25,549.5,2,11914,2
991,1039811,1478.0,721.5,1,11915,0
991,1039812,1215.5,743.5,1,11916,0
991,1039813,904.5,536.5,1,11916,1
991,1039814,788.25,536.0,2,11916,2
1001,1039797,1425.5,477.0,1,11909,0
1001,1039798,787.9166870117188,543.8333129882812,2,11910,0
1001,1039799,915.25,549.5,2,11910,1
1001,1039800,915.25,549.5,2,11911,0
1001,1039801,1215.5,743.5,1,11911,1
1001,1039802,787.9166870117188,543.8333129882812,2,11911,2
1001,1039803,915.25,549.5,2,11912,0
1001,1039804,787.9166870117188,543.8333129882812,2,11912,1
1001,1039805,787.9166870117188,543.8333129882812,2,11913,0
1001,1039806,1215.5,743.5,1,11913,1
1001,1039807,915.25,549.5,2,11913,2
1001,1039808,787.9166870117188,543.8333129882812,2,11914,0
1001,1039809,1215.5,743.5,1,11914,1
1001,1039810,915.25,549.5,2,11914,2
1001,1039811,1478.0,721.5,1,11915,0
1001,1039812,1215.5,743.5,1,11916,0
1001,1039813,904.5,536.5,1,11916,1
1001,1039814,788.25,536.0,2,11916,2
1011,1039797,1425.5,477.0,1,11909,0
1011,1039798,787.9166870117188,543.8333129882812,2,11910,0
1011,1039799,915.25,549.5,2,11910,1
1011,1039800,915.25,549.5,2,11911,0
1011,1039801,1215.5,743.5,1,11911,1
1011,1039802,787.9166870117188,543.8333129882812,2,11911,2
1011,1039803,915.25,549.5,2,11912,0
1011,1039804,787.9166870117188,543.8333129882812,2,11912,1
1011,1039805,787.9166870117188,543.8333129882812,2,11913,0
1011,1039806,1215.5,743.5,1,11913,1
1011,1039807,915.25,549.5,2,11913,2
1011,1039808,787.9166870117188,543.8333129882812,2,11914,0
1011,1039809,1215.5,743.5,1,11914,1
1011,1039810,915.25,549.5,2,11914,2
1011,1039811,1478.0,721.5,1,11915,0
1011,1039812,1215.5,743.5,1,11916,0
1011,1039813,904.5,536.5,1,11916,1
1011,1039814,788.25,536.0,2,11916,2
1021,1039797,1425.5,477.0,1,11909,0
1021,1039798,787.9166870117188,543.8333129882812,2,11910,0
1021,1039799,915.25,549.5,2,11910,1
1021,1039800,915.25,549.5,2,11911,0
1021,1039801,1215.5,743.5,1,11911,1
1021,1039802,787.9166870117188,543.8333129882812,2,11911,2
1021,1039803,915.25,549.5,2,11912,0
1021,1039804,787.9166870117188,543.8333129882812,2,11912,1
1021,1039805,787.9166870117188,543.8333129882812,2,11913,0
1021,1039806,1215.5,743.5,1,11913,1
1021,1039807,915.25,549.5,2,11913,2
1021,1039808,787.9166870117188,543.8333129882812,2,11914,0
1021,1039809,1215.5,743.5,1,11914,1
1021,1039810,915.25,549.5,2,11914,2
1021,1039811,1478.0,721.5,1,11915,0
1021,1039812,1215.5,743.5,1,11916,0
1021,1039813,904.5,536.5,1,11916,1
1021,1039814,788.25,536.0,2,11916,2
1031,1039797,1425.5,477.0,1,11909,0
1031,1039798,787.9166870117188,543.8333129882812,2,11910,0
1031,1039799,915.25,549.5,2,11910,1
1031,1039800,915.25,549.5,2,11911,0
1031,1039801,1215.5,743.5,1,11911,1
1031,1039802,787.9166870117188,543.8333129882812,2,11911,2
1031,1039803,915.25,549.5,2,11912,0
1031,1039804,787.9166870117188,543.8333129882812,2,11912,1
1031,1039805,787.9166870117188,543.8333129882812,2,11913,0
1031,1039806,1215.5,743.5,1,11913,1
1031,1039807,915.25,549.5,2,11913,2
1031,1039808,787.9166870117188,543.8333129882812,2,11914,0
1031,1039809,1215.5,743.5,1,11914,1
1031,1039810,915.25,549.5,2,11914,2
1031,1039811,1478.0,721.5,1,11915,0
1031,1039812,1215.5,743.5,1,11916,0
1031,1039813,904.5,536.5,1,11916,1
1031,1039814,788.25,536.0,2,11916,2
1041,1039797,1444.0,478.0,1,11909,0
1041,1039798,862.4166870117188,531.3333129882812,2,11910,0
1041,1039799,923.25,551.5,2,11910,1
1041,1039800,923.25,551.5,2,11911,0
1041,1039801,1231.5,743.0,1,11911,1
1041,1039802,862.4166870117188,531.3333129882812,2,11911,2
1041,1039803,923.25,551.5,2,11912,0
1041,1039804,862.4166870117188,531.3333129882812,2,11912,1
1041,1039805,862.4166870117188,531.3333129882812,2,11913,0
1041,1039806,1231.5,743.0,1,11913,1
1041,1039807,923.25,551.5,2,11913,2
1041,1039808,862.4166870117188,531.3333129882812,2,11914,0
1041,1039809,1231.5,743.0,1,11914,1
1041,1039810,923.25,551.5,2,11914,2
1041,1039811,1457.0,717.5,1,11915,0
1041,1039812,1231.5,743.0,1,11916,0
1041,1039813,906.5,540.5,1,11916,1
1041,1039814,804.75,537.25,2,11916,2
1061,1039815,501.6666564941406,509.8333435058594,3,11917,0
1061,1039816,743.1666870117188,551.5,3,11917,1
1061,1039817,455.5,696.0,1,11917,2
1061,1039818,706.5,532.5,1,11917,3
1061,1039819,552.5,506.5,1,11917,4
1061,1039820,501.6666564941406,509.8333435058594,3,11918,0
1061,1039821,743.1666870117188,551.5,3,11918,1
1061,1039822,455.5,696.0,1,11918,2
1061,1039823,706.5,532.5,1,11918,3
1061,1039824,552.5,506.5,1,11918,4
1061,1039825,501.6666564941406,509.8333435058594,3,11919,0
1061,1039826,743.1666870117188,551.5,3,11919,1
1061,1039827,455.5,696.0,1,11919,2
1061,1039828,706.5,532.5,1,11919,3
1061,1039829,552.5,506.5,1,11919,4
1061,1039830,706.5,532.5,1,11920,0
1061,1039831,552.5,506.5,1,11920,1
1061,1039832,743.1666870117188,551.5,3,11920,2
1061,1039833,501.6666564941406,509.8333435058594,3,11920,3
1061,1039834,552.5,506.5,1,11921,0
1061,1039835,706.5,532.5,1,11921,1
1061,1039836,743.1666870117188,551.5,3,11921,2
1061,1039837,455.5,696.0,1,11921,3
1061,1039838,501.6666564941406,509.8333435058594,3,11921,4
1061,1039839,743.1666870117188,551.5,3,11922,0
1061,1039840,501.6666564941406,509.8333435058594,3,11922,1
1061,1039841,706.5,532.5,1,11922,2
1061,1039842,552.5,506.5,1,11922,3
1061,1039843,743.1666870117188,551.5,3,11923,0
1061,1039844,455.5,696.0,1,11923,1
1061,1039845,501.6666564941406,509.8333435058594,3,11923,2
1061,1039846,706.5,532.5,1,11923,3
1061,1039847,552.5,506.5,1,11923,4
1061,1039848,743.1666870117188,551.5,3,11924,0
1061,1039849,455.5,696.0,1,11924,1
1061,1039850,501.6666564941406,509.8333435058594,3,11924,2
1061,1039851,706.5,532.5,1,11924,3
1061,1039852,552.5,506.5,1,11924,4
1061,1039853,455.5,696.0,1,11925,0
1061,1039854,501.6666564941406,509.8333435058594,3,11925,1
1061,1039855,816.0,536.5,1,11925,2
1061,1039856,659.5,580.5,1,11925,3
1061,1039857,552.5,506.5,1,11925,4
1071,1039815,501.6666564941406,509.8333435058594,3,11917,0
1071,1039816,743.1666870117188,551.5,3,11917,1
1071,1039817,455.5,696.0,1,11917,2
1071,1039818,706.5,532.5,1,11917,3
1071,1039819,552.5,506.5,1,11917,4
1071,1039820,501.6666564941406,509.8333435058594,3,11918,0
1071,1039821,743.1666870117188,551.5,3,11918,1
1071,1039822,455.5,696.0,1,11918,2
1071,1039823,706.5,532.5,1,11918,3
1071,1039824,552.5,506.5,1,11918,4
1071,1039825,501.6666564941406,509.8333435058594,3,11919,0
1071,1039826,743.1666870117188,551.5,3,11919,1
1071,1039827,455.5,696.0,1,11919,2
1071,1039828,706.5,532.5,1,11919,3
1071,1039829,552.5,506.5,1,11919,4
1071,1039830,706.5,532.5,1,11920,0
1071,1039831,552.5,506.5,1,11920,1
1071,1039832,743.1666870117188,551.5,3,11920,2
1071,1039833,501.6666564941406,509.8333435058594,3,11920,3
1071,1039834,552.5,506.5,1,11921,0
1071,1039835,706.5,532.5,1,11921,1
1071,1039836,743.1666870117188,551.5,3,11921,2
1071,1039837,455.5,696.0,1,11921,3
1071,1039838,501.6666564941406,509.8333435058594,3,11921,4
1071,1039839,743.1666870117188,551.5,3,11922,0
1071,1039840,501.6666564941406,509.8333435058594,3,11922,1
1071,1039841,706.5,532.5,1,11922,2
1071,1039842,552.5,506.5,1,11922,3
1071,1039843,743.1666870117188,551.5,3,11923,0
1071,1039844,455.5,696.0,1,11923,1
1071,1039845,501.6666564941406,509.8333435058594,3,11923,2
1071,1039846,706.5,532.5,1,11923,3
1071,1039847,552.5,506.5,1,11923,4
1071,1039848,743.1666870117188,551.5,3,11924,0
1071,1039849,455.5,696.0,1,11924,1
1071,1039850,501.6666564941406,509.8333435058594,3,11924,2
1071,1039851,706.5,532.5,1,11924,3
1071,1039852,552.5,506.5,1,11924,4
1071,1039853,455.5,696.0,1,11925,0
1071,1039854,501.6666564941406,509.8333435058594,3,11925,1
1071,1039855,816.0,536.5,1,11925,2
1071,1039856,659.5,580.5,1,11925,3
1071,1039857,552.5,506.5,1,11925,4
1081,1039815,501.6666564941406,509.8333435058594,3,11917,0
1081,1039816,743.1666870117188,551.5,3,11917,1
1081,1039817,455.5,696.0,1,11917,2
1081,1039818,706.5,532.5,1,11917,3
1081,1039819,552.5,506.5,1,11917,4
1081,1039820,501.6666564941406,509.8333435058594,3,11918,0
1081,1039821,743.1666870117188,551.5,3,11918,1
1081,1039822,455.5,696.0,1,11918,2
1081,1039823,706.5,532.5,1,11918,3
1081,1039824,552.5,506.5,1,11918,4
1081,1039825,501.6666564941406,509.8333435058594,3,11919,0
1081,1039826,743.1666870117188,551.5,3,11919,1
1081,1039827,455.5,696.0,1,11919,2
1081,1039828,706.5,532.5,1,11919,3
1081,1039829,552.5,506.5,1,11919,4
1081,1039830,706.5,532.5,1,11920,0
1081,1039831,552.5,506.5,1,11920,1
1081,1039832,743.1666870117188,551.5,3,11920,2
1081,1039833,501.6666564941406,509.8333435058594,3,11920,3
1081,1039834,552.5,506.5,1,11921,0
1081,1039835,706.5,532.5,1,11921,1
1081,1039836,743.1666870117188,551.5,3,11921,2
1081,1039837,455.5,696.0,1,11921,3
1081,1039838,501.6666564941406,509.8333435058594,3,11921,4
1081,1039839,743.1666870117188,551.5,3,11922,0
1081,1039840,501.6666564941406,509.8333435058594,3,11922,1
1081,1039841,706.5,532.5,1,11922,2
1081,1039842,552.5,506.5,1,11922,3
1081,1039843,743.1666870117188,551.5,3,11923,0
1081,1039844,455.5,696.0,1,11923,1
1081,1039845,501.6666564941406,509.8333435058594,3,11923,2
1081,1039846,706.5,532.5,1,11923,3
1081,1039847,552.5,506.5,1,11923,4
1081,1039848,743.1666870117188,551.5,3,11924,0
1081,1039849,455.5,696.0,1,11924,1
1081,1039850,501.6666564941406,509.8333435058594,3,11924,2
1081,1039851,706.5,532.5,1,11924,3
1081,1039852,552.5,506.5,1,11924,4
1081,1039853,455.5,696.0,1,11925,0
1081,1039854,501.6666564941406,509.8333435058594,3,11925,1
1081,1039855,816.0,536.5,1,11925,2
1081,1039856,659.5,580.5,1,11925,3
1081,1039857,552.5,506.5,1,11925,4
1091,1039815,501.6666564941406,509.8333435058594,3,11917,0
1091,1039816,743.1666870117188,551.5,3,11917,1
1091,1039817,455.5,696.0,1,11917,2
1091,1039818,706.5,532.5,1,11917,3
1091,1039819,552.5,506.5,1,11917,4
1091,1039820,501.6666564941406,509.8333435058594,3,11918,0
1091,1039821,743.1666870117188,551.5,3,11918,1
1091,1039822,455.5,696.0,1,11918,2
1091,1039823,706.5,532.5,1,11918,3
1091,1039824,552.5,506.5,1,11918,4
1091,1039825,501.6666564941406,509.8333435058594,3,11919,0
1091,1039826,743.1666870117188,551.5,3,11919,1
1091,1039827,455.5,696.0,1,11919,2
1091,1039828,706.5,532.5,1,11919,3
1091,1039829,552.5,506.5,1,11919,4
1091,1039830,706.5,532.5,1,11920,0
1091,1039831,552.5,506.5,1,11920,1
1091,1039832,743.1666870117188,551.5,3,11920,2
1091,1039833,501.6666564941406,509.8333435058594,3,11920,3
1091,1039834,552.5,506.5,1,11921,0
1091,1039835,706.5,532.5,1,11921,1
1091,1039836,743.1666870117188,551.5,3,11921,2
1091,1039837,455.5,696.0,1,11921,3
1091,1039838,501.6666564941406,509.8333435058594,3,11921,4
1091,1039839,743.1666870117188,551.5,3,11922,0
1091,1039840,501.6666564941406,509.8333435058594,3,11922,1
1091,1039841,706.5,532.5,1,11922,2
1091,1039842,552.5,506.5,1,11922,3
1091,1039843,743.1666870117188,551.5,3,11923,0
1091,1039844,455.5,696.0,1,11923,1
1091,1039845,501.6666564941406,509.8333435058594,3,11923,2
1091,1039846,706.5,532.5,1,11923,3
1091,1039847,552.5,506.5,1,11923,4
1091,1039848,743.1666870117188,551.5,3,11924,0
1091,1039849,455.5,696.0,1,11924,1
1091,1039850,501.6666564941406,509.8333435058594,3,11924,2
1091,1039851,706.5,532.5,1,11924,3
1091,1039852,552.5,506.5,1,11924,4
1091,1039853,455.5,696.0,1,11925,0
1091,1039854,501.6666564941406,509.8333435058594,3,11925,1
1091,1039855,816.0,536.5,1,11925,2
1091,1039856,659.5,580.5,1,11925,3
1091,1039857,552.5,506.5,1,11925,4
1101,1039815,501.6666564941406,509.8333435058594,3,11917,0
1101,1039816,743.1666870117188,551.5,3,11917,1
1101,1039817,455.5,696.0,1,11917,2
1101,1039818,706.5,532.5,1,11917,3
1101,1039819,552.5,506.5,1,11917,4
1101,1039820,501.6666564941406,509.8333435058594,3,11918,0
1101,1039821,743.1666870117188,551.5,3,11918,1
1101,1039822,455.5,696.0,1,11918,2
1101,1039823,706.5,532.5,1,11918,3
1101,1039824,552.5,506.5,1,11918,4
1101,1039825,501.6666564941406,509.8333435058594,3,11919,0
1101,1039826,743.1666870117188,551.5,3,11919,1
1101,1039827,455.5,696.0,1,11919,2
1101,1039828,706.5,532.5,1,11919,3
1101,1039829,552.5,506.5,1,11919,4
1101,1039830,706.5,532.5,1,11920,0
1101,1039831,552.5,506.5,1,11920,1
1101,1039832,743.1666870117188,551.5,3,11920,2
1101,1039833,501.6666564941406,509.8333435058594,3,11920,3
1101,1039834,552.5,506.5,1,11921,0
1101,1039835,706.5,532.5,1,11921,1
1101,1039836,743.1666870117188,551.5,3,11921,2
1101,1039837,455.5,696.0,1,11921,3
1101,1039838,501.6666564941406,509.8333435058594,3,11921,4
1101,1039839,743.1666870117188,551.5,3,11922,0
1101,1039840,501.6666564941406,509.8333435058594,3,11922,1
1101,1039841,706.5,532.5,1,11922,2
1101,1039842,552.5,506.5,1,11922,3
1101,1039843,743.1666870117188,551.5,3,11923,0
1101,1039844,455.5,696.0,1,11923,1
1101,1039845,501.6666564941406,509.8333435058594,3,11923,2
1101,1039846,706.5,532.5,1,11923,3
1101,1039847,552.5,506.5,1,11923,4
1101,1039848,743.1666870117188,551.5,3,11924,0
1101,1039849,455.5,696.0,1,11924,1
1101,1039850,501.6666564941406,509.8333435058594,3,11924,2
1101,1039851,706.5,532.5,1,11924,3
1101,1039852,552.5,506.5,1,11924,4
1101,1039853,455.5,696.0,1,11925,0
1101,1039854,501.6666564941406,509.8333435058594,3,11925,1
1101,1039855,816.0,536.5,1,11925,2
1101,1039856,659.5,580.5,1,11925,3
1101,1039857,552.5,506.5,1,11925,4
1111,1039815,501.6666564941406,509.8333435058594,3,11917,0
1111,1039816,743.1666870117188,551.5,3,11917,1
1111,1039817,455.5,696.0,1,11917,2
1111,1039818,706.5,532.5,1,11917,3
1111,1039819,552.5,506.5,1,11917,4
1111,1039820,501.6666564941406,509.8333435058594,3,11918,0
1111,1039821,743.1666870117188,551.5,3,11918,1
1111,1039822,455.5,696.0,1,11918,2
1111,1039823,706.5,532.5,1,11918,3
1111,1039824,552.5,506.5,1,11918,4
1111,1039825,501.6666564941406,509.8333435058594,3,11919,0
1111,1039826,743.1666870117188,551.5,3,11919,1
1111,1039827,455.5,696.0,1,11919,2
1111,1039828,706.5,532.5,1,11919,3
1111,1039829,552.5,506.5,1,11919,4
1111,1039830,706.5,532.5,1,11920,0
1111,1039831,552.5,506.5,1,11920,1
1111,1039832,743.1666870117188,551.5,3,11920,2
1111,1039833,501.6666564941406,509.8333435058594,3,11920,3
1111,1039834,552.5,506.5,1,11921,0
1111,1039835,706.5,532.5,1,11921,1
1111,1039836,743.1666870117188,551.5,3,11921,2
1111,1039837,455.5,696.0,1,11921,3
1111,1039838,501.6666564941406,509.8333435058594,3,11921,4
1111,1039839,743.1666870117188,551.5,3,11922,0
1111,1039840,501.6666564941406,509.8333435058594,3,11922,1
1111,1039841,706.5,532.5,1,11922,2
1111,1039842,552.5,506.5,1,11922,3
1111,1039843,743.1666870117188,551.5,3,11923,0
1111,1039844,455.5,696.0,1,11923,1
1111,1039845,501.6666564941406,509.8333435058594,3,11923,2
1111,1039846,706.5,532.5,1,11923,3
1111,1039847,552.5,506.5,1,11923,4
1111,1039848,743.1666870117188,551.5,3,11924,0
1111,1039849,455.5,696.0,1,11924,1
1111,1039850,501.6666564941406,509.8333435058594,3,11924,2
1111,1039851,706.5,532.5,1,11924,3
1111,1039852,552.5,506.5,1,11924,4
1111,1039853,455.5,696.0,1,11925,0
1111,1039854,501.6666564941406,509.8333435058594,3,11925,1
1111,1039855,816.0,536.5,1,11925,2
1111,1039856,659.5,580.5,1,11925,3
1111,1039857,552.5,506.5,1,11925,4
1121,1039815,501.6666564941406,509.8333435058594,3,11917,0
1121,1039816,743.1666870117188,551.5,3,11917,1
1121,1039817,455.5,696.0,1,11917,2
1121,1039818,706.5,532.5,1,11917,3
1121,1039819,552.5,506.5,1,11917,4
1121,1039820,501.6666564941406,509.8333435058594,3,11918,0
1121,1039821,743.1666870117188,551.5,3,11918,1
1121,1039822,455.5,696.0,1,11918,2
1121,1039823,706.5,532.5,1,11918,3
1121,1039824,552.5,506.5,1,11918,4
1121,1039825,501.6666564941406,509.8333435058594,3,11919,0
1121,1039826,743.1666870117188,551.5,3,11919,1
1121,1039827,455.5,696.0,1,11919,2
1121,1039828,706.5,532.5,1,11919,3
1121,1039829,552.5,506.5,1,11919,4
1121,1039830,706.5,532.5,1,11920,0
1121,1039831,552.5,506.5,1,11920,1
1121,1039832,743.1666870117188,551.5,3,11920,2
1121,1039833,501.6666564941406,509.8333435058594,3,11920,3
1121,1039834,552.5,506.5,1,11921,0
1121,1039835,706.5,532.5,1,11921,1
1121,1039836,743.1666870117188,551.5,3,11921,2
1121,1039837,455.5,696.0,1,11921,3
1121,1039838,501.6666564941406,509.8333435058594,3,11921,4
1121,1039839,743.1666870117188,551.5,3,11922,0
1121,1039840,501.6666564941406,509.8333435058594,3,11922,1
1121,1039841,706.5,532.5,1,11922,2
1121,1039842,552.5,506.5,1,11922,3
1121,1039843,743.1666870117188,551.5,3,11923,0
1121,1039844,455.5,696.0,1,11923,1
1121,1039845,501.6666564941406,509.8333435058594,3,11923,2
1121,1039846,706.5,532.5,1,11923,3
1121,1039847,552.5,506.5,1,11923,4
1121,1039848,743.1666870117188,551.5,3,11924,0
1121,1039849,455.5,696.0,1,11924,1
1121,1039850,501.6666564941406,509.8333435058594,3,11924,2
1121,1039851,706.5,532.5,1,11924,3
1121,1039852,552.5,506.5,1,11924,4
1121,1039853,455.5,696.0,1,11925,0
1121,1039854,501.6666564941406,509.8333435058594,3,11925,1
1121,1039855,816.0,536.5,1,11925,2
1121,1039856,659.5,580.5,1,11925,3
1121,1039857,552.5,506.5,1,11925,4
1131,1039815,501.6666564941406,509.8333435058594,3,11917,0
1131,1039816,743.1666870117188,551.5,3,11917,1
1131,1039817,455.5,696.0,1,11917,2
1131,1039818,706.5,532.5,1,11917,3
1131,1039819,552.5,506.5,1,11917,4
1131,1039820,501.6666564941406,509.8333435058594,3,11918,0
1131,1039821,743.1666870117188,551.5,3,11918,1
1131,1039822,455.5,696.0,1,11918,2
1131,1039823,706.5,532.5,1,11918,3
1131,1039824,552.5,506.5,1,11918,4
1131,1039825,501.6666564941406,509.8333435058594,3,11919,0
1131,1039826,743.1666870117188,551.5,3,11919,1
1131,1039827,455.5,696.0,1,11919,2
1131,1039828,706.5,532.5,1,11919,3
1131,1039829,552.5,506.5,1,11919,4
1131,1039830,706.5,532.5,1,11920,0
1131,1039831,552.5,506.5,1,11920,1
1131,1039832,743.1666870117188,551.5,3,11920,2
1131,1039833,501.6666564941406,509.8333435058594,3,11920,3
1131,1039834,552.5,506.5,1,11921,0
1131,1039835,706.5,532.5,1,11921,1
1131,1039836,743.1666870117188,551.5,3,11921,2
1131,1039837,455.5,696.0,1,11921,3
1131,1039838,501.6666564941406,509.8333435058594,3,11921,4
1131,1039839,743.1666870117188,551.5,3,11922,0
1131,1039840,501.6666564941406,509.8333435058594,3,11922,1
1131,1039841,706.5,532.5,1,11922,2
1131,1039842,552.5,506.5,1,11922,3
1131,1039843,743.1666870117188,551.5,3,11923,0
1131,1039844,455.5,696.0,1,11923,1
1131,1039845,501.6666564941406,509.8333435058594,3,11923,2
1131,1039846,706.5,532.5,1,11923,3
1131,1039847,552.5,506.5,1,11923,4
1131,1039848,743.1666870117188,551.5,3,11924,0
1131,1039849,455.5,696.0,1,11924,1
1131,1039850,501.6666564941406,509.8333435058594,3,11924,2
1131,1039851,706.5,532.5,1,11924,3
1131,1039852,552.5,506.5,1,11924,4
1131,1039853,455.5,696.0,1,11925,0
1131,1039854,501.6666564941406,509.8333435058594,3,11925,1
1131,1039855,816.0,536.5,1,11925,2
1131,1039856,659.5,580.5,1,11925,3
1131,1039857,552.5,506.5,1,11925,4
1141,1039815,501.6666564941406,509.8333435058594,3,11917,0
1141,1039816,743.1666870117188,551.5,3,11917,1
1141,1039817,455.5,696.0,1,11917,2
1141,1039818,706.5,532.5,1,11917,3
1141,1039819,552.5,506.5,1,11917,4
1141,1039820,501.6666564941406,509.8333435058594,3,11918,0
1141,1039821,743.1666870117188,551.5,3,11918,1
1141,1039822,455.5,696.0,1,11918,2
1141,1039823,706.5,532.5,1,11918,3
1141,1039824,552.5,506.5,1,11918,4
1141,1039825,501.6666564941406,509.8333435058594,3,11919,0
1141,1039826,743.1666870117188,551.5,3,11919,1
1141,1039827,455.5,696.0,1,11919,2
1141,1039828,706.5,532.5,1,11919,3
1141,1039829,552.5,506.5,1,11919,4
1141,1039830,706.5,532.5,1,11920,0
1141,1039831,552.5,506.5,1,11920,1
1141,1039832,743.1666870117188,551.5,3,11920,2
1141,1039833,501.6666564941406,509.8333435058594,3,11920,3
1141,1039834,552.5,506.5,1,11921,0
1141,1039835,706.5,532.5,1,11921,1
1141,1039836,743.1666870117188,551.5,3,11921,2
1141,1039837,455.5,696.0,1,11921,3
1141,1039838,501.6666564941406,509.8333435058594,3,11921,4
1141,1039839,743.1666870117188,551.5,3,11922,0
1141,1039840,501.6666564941406,509.8333435058594,3,11922,1
1141,1039841,706.5,532.5,1,11922,2
1141,1039842,552.5,506.5,1,11922,3
1141,1039843,743.1666870117188,551.5,3,11923,0
1141,1039844,455.5,696.0,1,11923,1
1141,1039845,501.6666564941406,509.8333435058594,3,11923,2
1141,1039846,706.5,532.5,1,11923,3
1141,1039847,552.5,506.5,1,11923,4
1141,1039848,743.1666870117188,551.5,3,11924,0
1141,1039849,455.5,696.0,1,11924,1
1141,1039850,501.6666564941406,509.8333435058594,3,11924,2
1141,1039851,706.5,532.5,1,11924,3
1141,1039852,552.5,506.5,1,11924,4
1141,1039853,455.5,696.0,1,11925,0
1141,1039854,501.6666564941406,509.8333435058594,3,11925,1
1141,1039855,816.0,536.5,1,11925,2
1141,1039856,659.5,580.5,1,11925,3
1141,1039857,552.5,506.5,1,11925,4
1151,1039815,524.6666259765625,513.3333740234375,2,11917,0
1151,1039816,728.8333740234375,550.6666870117188,3,11917,1
1151,1039817,434.5,700.5,1,11917,2
1151,1039818,689.0,531.5,1,11917,3
1151,1039819,567.0,507.5,1,11917,4
1151,1039820,524.6666259765625,513.3333740234375,2,11918,0
1151,1039821,728.8333740234375,550.6666870117188,3,11918,1
1151,1039822,434.5,700.5,1,11918,2
1151,1039823,689.0,531.5,1,11918,3
1151,1039824,567.0,507.5,1,11918,4
1151,1039825,524.6666259765625,513.3333740234375,2,11919,0
1151,1039826,728.8333740234375,550.6666870117188,3,11919,1
1151,1039827,434.5,700.5,1,11919,2
1151,1039828,689.0,531.5,1,11919,3
1151,1039829,567.0,507.5,1,11919,4
1151,1039830,689.0,531.5,1,11920,0
1151,1039831,567.0,507.5,1,11920,1
1151,1039832,728.8333740234375,550.6666870117188,3,11920,2
1151,1039833,524.6666259765625,513.3333740234375,2,11920,3
1151,1039834,567.0,507.5,1,11921,0
1151,1039835,689.0,531.5,1,11921,1
1151,1039836,728.8333740234375,550.6666870117188,3,11921,2
1151,1039837,434.5,700.5,1,11921,3
1151,1039838,524.6666259765625,513.3333740234375,2,11921,4
1151,1039839,728.8333740234375,550.6666870117188,3,11922,0
1151,1039840,524.6666259765625,513.3333740234375,2,11922,1
1151,1039841,689.0,531.5,1,11922,2
1151,1039842,567.0,507.5,1,11922,3
1151,1039843,728.8333740234375,550.6666870117188,3,11923,0
1151,1039844,434.5,700.5,1,11923,1
1151,1039845,524.6666259765625,513.3333740234375,2,11923,2
1151,1039846,689.0,531.5,1,11923,3
1151,1039847,567.0,507.5,1,11923,4
1151,1039848,728.8333740234375,550.6666870117188,3,11924,0
1151,1039849,434.5,700.5,1,11924,1
1151,1039850,524.6666259765625,513.3333740234375,2,11924,2
1151,1039851,689.0,531.5,1,11924,3
1151,1039852,567.0,507.5,1,11924,4
1151,1039853,434.5,700.5,1,11925,0
1151,1039854,524.6666259765625,513.3333740234375,2,11925,1
1151,1039855,808.5,536.25,2,11925,2
1151,1039856,623.5,576.5,1,11925,3
1151,1039857,567.0,507.5,1,11925,4
1161,1039815,524.6666259765625,513.3333740234375,3,11917,0
1161,1039816,728.8333740234375,550.6666870117188,3,11917,1
1161,1039817,434.5,700.5,1,11917,2
1161,1039818,689.0,531.5,1,11917,3
1161,1039819,567.0,507.5,1,11917,4
1161,1039820,524.6666259765625,513.3333740234375,3,11918,0
1161,1039821,728.8333740234375,550.6666870117188,3,11918,1
1161,1039822,434.5,700.5,1,11918,2
1161,1039823,689.0,531.5,1,11918,3
1161,1039824,567.0,507.5,1,11918,4
1161,1039825,524.6666259765625,513.3333740234375,3,11919,0
1161,1039826,728.8333740234375,550.6666870117188,3,11919,1
1161,1039827,434.5,700.5,1,11919,2
1161,1039828,689.0,531.5,1,11919,3
1161,1039829,567.0,507.5,1,11919,4
1161,1039830,689.0,531.5,1,11920,0
1161,1039831,567.0,507.5,1,11920,1
1161,1039832,728.8333740234375,550.6666870117188,3,11920,2
1161,1039833,524.6666259765625,513.3333740234375,3,11920,3
1161,1039834,567.0,507.5,1,11921,0
1161,1039835,689.0,531.5,1,11921,1
1161,1039836,728.8333740234375,550.6666870117188,3,11921,2
1161,1039837,434.5,700.5,1,11921,3
1161,1039838,524.6666259765625,513.3333740234375,3,11921,4
1161,1039839,728.8333740234375,550.6666870117188,3,11922,0
1161,1039840,524.6666259765625,513.3333740234375,3,11922,1
1161,1039841,689.0,531.5,1,11922,2
1161,1039842,567.0,507.5,1,11922,3
1161,1039843,728.8333740234375,550.6666870117188,3,11923,0
1161,1039844,434.5,700.5,1,11923,1
1161,1039845,524.6666259765625,513.3333740234375,3,11923,2
1161,1039846,689.0,531.5,1,11923,3
1161,1039847,567.0,507.5,1,11923,4
1161,1039848,728.8333740234375,550.6666870117188,3,11924,0
1161,1039849,434.5,700.5,1,11924,1
1161,1039850,524.6666259765625,513.3333740234375,3,11924,2
1161,1039851,689.0,531.5,1,11924,3
1161,1039852,567.0,507.5,1,11924,4
1161,1039853,434.5,700.5,1,11925,0
1161,1039854,524.6666259765625,513.3333740234375,2,11925,1
1161,1039855,808.5,536.25,2,11925,2
1161,1039856,623.5,576.5,1,11925,3
1161,1039857,567.0,507.5,1,11925,4
1171,1039815,524.6666259765625,513.3333740234375,3,11917,0
1171,1039816,728.8333740234375,550.6666870117188,3,11917,1
1171,1039817,434.5,700.5,1,11917,2
1171,1039818,689.0,531.5,1,11917,3
1171,1039819,567.0,507.5,1,11917,4
1171,1039820,524.6666259765625,513.3333740234375,3,11918,0
1171,1039821,728.8333740234375,550.6666870117188,3,11918,1
1171,1039822,434.5,700.5,1,11918,2
1171,1039823,689.0,531.5,1,11918,3
1171,1039824,567.0,507.5,1,11918,4
1171,1039825,524.6666259765625,513.3333740234375,3,11919,0
1171,1039826,728.8333740234375,550.6666870117188,3,11919,1
1171,1039827,434.5,700.5,1,11919,2
1171,1039828,689.0,531.5,1,11919,3
1171,1039829,567.0,507.5,1,11919,4
1171,1039830,689.0,531.5,1,11920,0
1171,1039831,567.0,507.5,1,11920,1
1171,1039832,728.8333740234375,550.6666870117188,3,11920,2
1171,1039833,524.6666259765625,513.3333740234375,3,11920,3
1171,1039834,567.0,507.5,1,11921,0
1171,1039835,689.0,531.5,1,11921,1
1171,1039836,728.8333740234375,550.6666870117188,3,11921,2
1171,1039837,434.5,700.5,1,11921,3
1171,1039838,524.6666259765625,513.3333740234375,3,11921,4
1171,1039839,728.8333740234375,550.6666870117188,3,11922,0
1171,1039840,524.6666259765625,513.3333740234375,3,11922,1
1171,1039841,689.0,531.5,1,11922,2
1171,1039842,567.0,507.5,1,11922,3
1171,1039843,728.8333740234375,550.6666870117188,3,11923,0
1171,1039844,434.5,700.5,1,11923,1
1171,1039845,524.6666259765625,513.3333740234375,3,11923,2
1171,1039846,689.0,531.5,1,11923,3
1171,1039847,567.0,507.5,1,11923,4
1171,1039848,728.8333740234375,550.6666870117188,3,11924,0
1171,1039849,434.5,700.5,1,11924,1
1171,1039850,524.6666259765625,513.3333740234375,3,11924,2
1171,1039851,689.0,531.5,1,11924,3
1171,1039852,567.0,507.5,1,11924,4
1171,1039853,434.5,700.5,1,11925,0
1171,1039854,524.6666259765625,513.3333740234375,2,11925,1
1171,1039855,808.5,536.25,2,11925,2
1171,1039856,623.5,576.5,1,11925,3
1171,1039857,567.0,507.5,1,11925,4
1181,1039815,524.6666259765625,513.3333740234375,3,11917,0
1181,1039816,728.8333740234375,550.6666870117188,3,11917,1
1181,1039817,434.5,700.5,1,11917,2
1181,1039818,689.0,531.5,1,11917,3
1181,1039819,567.0,507.5,1,11917,4
1181,1039820,524.6666259765625,513.3333740234375,3,11918,0
1181,1039821,728.8333740234375,550.6666870117188,3,11918,1
1181,1039822,434.5,700.5,1,11918,2
1181,1039823,689.0,531.5,1,11918,3
1181,1039824,567.0,507.5,1,11918,4
1181,1039825,524.6666259765625,513.3333740234375,3,11919,0
1181,1039826,728.8333740234375,550.6666870117188,3,11919,1
1181,1039827,434.5,700.5,1,11919,2
1181,1039828,689.0,531.5,1,11919,3
1181,1039829,567.0,507.5,1,11919,4
1181,1039830,689.0,531.5,1,11920,0
1181,1039831,567.0,507.5,1,11920,1
1181,1039832,728.8333740234375,550.6666870117188,3,11920,2
1181,1039833,524.6666259765625,513.3333740234375,3,11920,3
1181,1039834,567.0,507.5,1,11921,0
1181,1039835,689.0,531.5,1,11921,1
1181,1039836,728.8333740234375,550.6666870117188,3,11921,2
1181,1039837,434.5,700.5,1,11921,3
1181,1039838,524.6666259765625,513.3333740234375,3,11921,4
1181,1039839,728.8333740234375,550.6666870117188,3,11922,0
1181,1039840,524.6666259765625,513.3333740234375,3,11922,1
1181,1039841,689.0,531.5,1,11922,2
1181,1039842,567.0,507.5,1,11922,3
1181,1039843,728.8333740234375,550.6666870117188,3,11923,0
1181,1039844,434.5,700.5,1,11923,1
1181,1039845,524.6666259765625,513.3333740234375,3,11923,2
1181,1039846,689.0,531.5,1,11923,3
1181,1039847,567.0,507.5,1,11923,4
1181,1039848,728.8333740234375,550.6666870117188,3,11924,0
1181,1039849,434.5,700.5,1,11924,1
1181,1039850,524.6666259765625,513.3333740234375,3,11924,2
1181,1039851,689.0,531.5,1,11924,3
1181,1039852,567.0,507.5,1,11924,4
1181,1039853,434.5,700.5,1,11925,0
1181,1039854,524.6666259765625,513.3333740234375,2,11925,1
1181,1039855,808.5,536.25,2,11925,2
1181,1039856,623.5,576.5,1,11925,3
1181,1039857,567.0,507.5,1,11925,4
1191,1039815,524.6666259765625,513.3333740234375,3,11917,0
1191,1039816,728.8333740234375,550.6666870117188,3,11917,1
1191,1039817,434.5,700.5,1,11917,2
1191,1039818,689.0,531.5,1,11917,3
1191,1039819,567.0,507.5,1,11917,4
1191,1039820,524.6666259765625,513.3333740234375,3,11918,0
1191,1039821,728.8333740234375,550.6666870117188,3,11918,1
1191,1039822,434.5,700.5,1,11918,2
1191,1039823,689.0,531.5,1,11918,3
1191,1039824,567.0,507.5,1,11918,4
1191,1039825,524.6666259765625,513.3333740234375,3,11919,0
1191,1039826,728.8333740234375,550.6666870117188,3,11919,1
1191,1039827,434.5,700.5,1,11919,2
1191,1039828,689.0,531.5,1,11919,3
1191,1039829,567.0,507.5,1,11919,4
1191,1039830,689.0,531.5,1,11920,0
1191,1039831,567.0,507.5,1,11920,1
1191,1039832,728.8333740234375,550.6666870117188,3,11920,2
1191,1039833,524.6666259765625,513.3333740234375,3,11920,3
1191,1039834,567.0,507.5,1,11921,0
1191,1039835,689.0,531.5,1,11921,1
1191,1039836,728.8333740234375,550.6666870117188,3,11921,2
1191,1039837,434.5,700.5,1,11921,3
1191,1039838,524.6666259765625,513.3333740234375,3,11921,4
1191,1039839,728.8333740234375,550.6666870117188,3,11922,0
1191,1039840,524.6666259765625,513.3333740234375,3,11922,1
1191,1039841,689.0,531.5,1,11922,2
1191,1039842,567.0,507.5,1,11922,3
1191,1039843,728.8333740234375,550.6666870117188,3,11923,0
1191,1039844,434.5,700.5,1,11923,1
1191,1039845,524.6666259765625,513.3333740234375,3,11923,2
1191,1039846,689.0,531.5,1,11923,3
1191,1039847,567.0,507.5,1,11923,4
1191,1039848,728.8333740234375,550.6666870117188,3,11924,0
1191,1039849,434.5,700.5,1,11924,1
1191,1039850,524.6666259765625,513.3333740234375,3,11924,2
1191,1039851,689.0,531.5,1,11924,3
1191,1039852,567.0,507.5,1,11924,4
1191,1039853,434.5,700.5,1,11925,0
1191,1039854,524.6666259765625,513.3333740234375,2,11925,1
1191,1039855,808.5,536.25,2,11925,2
1191,1039856,623.5,576.5,1,11925,3
1191,1039857,567.0,507.5,1,11925,4
1201,1039815,524.6666259765625,513.3333740234375,3,11917,0
1201,1039816,728.8333740234375,550.6666870117188,3,11917,1
1201,1039817,434.5,700.5,1,11917,2
1201,1039818,689.0,531.5,1,11917,3
1201,1039819,567.0,507.5,1,11917,4
1201,1039820,524.6666259765625,513.3333740234375,3,11918,0
1201,1039821,728.8333740234375,550.6666870117188,3,11918,1
1201,1039822,434.5,700.5,1,11918,2
1201,1039823,689.0,531.5,1,11918,3
1201,1039824,567.0,507.5,1,11918,4
1201,1039825,524.6666259765625,513.3333740234375,3,11919,0
1201,1039826,728.8333740234375,550.6666870117188,3,11919,1
1201,1039827,434.5,700.5,1,11919,2
1201,1039828,689.0,531.5,1,11919,3
1201,1039829,567.0,507.5,1,11919,4
1201,1039830,689.0,531.5,1,11920,0
1201,1039831,567.0,507.5,1,11920,1
1201,1039832,728.8333740234375,550.6666870117188,3,11920,2
1201,1039833,524.6666259765625,513.3333740234375,3,11920,3
1201,1039834,567.0,507.5,1,11921,0
1201,1039835,689.0,531.5,1,11921,1
1201,1039836,728.8333740234375,550.6666870117188,3,11921,2
1201,1039837,434.5,700.5,1,11921,3
1201,1039838,524.6666259765625,513.3333740234375,3,11921,4
1201,1039839,728.8333740234375,550.6666870117188,3,11922,0
1201,1039840,524.6666259765625,513.3333740234375,3,11922,1
1201,1039841,689.0,531.5,1,11922,2
1201,1039842,567.0,507.5,1,11922,3
1201,1039843,728.8333740234375,550.6666870117188,3,11923,0
1201,1039844,434.5,700.5,1,11923,1
1201,1039845,524.6666259765625,513.3333740234375,3,11923,2
1201,1039846,689.0,531.5,1,11923,3
1201,1039847,567.0,507.5,1,11923,4
1201,1039848,728.8333740234375,550.6666870117188,3,11924,0
1201,1039849,434.5,700.5,1,11924,1
1201,1039850,524.6666259765625,513.3333740234375,3,11924,2
1201,1039851,689.0,531.5,1,11924,3
1201,1039852,567.0,507.5,1,11924,4
1201,1039853,434.5,700.5,1,11925,0
1201,1039854,524.6666259765625,513.3333740234375,2,11925,1
1201,1039855,808.5,536.25,2,11925,2
1201,1039856,623.5,576.5,1,11925,3
1201,1039857,567.0,507.5,1,11925,4
1211,1039815,524.6666259765625,513.3333740234375,3,11917,0
1211,1039816,728.8333740234375,550.6666870117188,3,11917,1
1211,1039817,434.5,700.5,1,11917,2
1211,1039818,689.0,531.5,1,11917,3
1211,1039819,567.0,507.5,1,11917,4
1211,1039820,524.6666259765625,513.3333740234375,3,11918,0
1211,1039821,728.8333740234375,550.6666870117188,3,11918,1
1211,1039822,434.5,700.5,1,11918,2
1211,1039823,689.0,531.5,1,11918,3
1211,1039824,567.0,507.5,1,11918,4
1211,1039825,524.6666259765625,513.3333740234375,3,11919,0
1211,1039826,728.8333740234375,550.6666870117188,3,11919,1
1211,1039827,434.5,700.5,1,11919,2
1211,1039828,689.0,531.5,1,11919,3
1211,1039829,567.0,507.5,1,11919,4
1211,1039830,689.0,531.5,1,11920,0
1211,1039831,567.0,507.5,1,11920,1
1211,1039832,728.8333740234375,550.6666870117188,3,11920,2
1211,1039833,524.6666259765625,513.3333740234375,3,11920,3
1211,1039834,567.0,507.5,1,11921,0
1211,1039835,689.0,531.5,1,11921,1
1211,1039836,728.8333740234375,550.6666870117188,3,11921,2
1211,1039837,434.5,700.5,1,11921,3
1211,1039838,524.6666259765625,513.3333740234375,3,11921,4
1211,1039839,728.8333740234375,550.6666870117188,3,11922,0
1211,1039840,524.6666259765625,513.3333740234375,3,11922,1
1211,1039841,689.0,531.5,1,11922,2
1211,1039842,567.0,507.5,1,11922,3
1211,1039843,728.8333740234375,550.6666870117188,3,11923,0
1211,1039844,434.5,700.5,1,11923,1
1211,1039845,524.6666259765625,513.3333740234375,3,11923,2
1211,1039846,689.0,531.5,1,11923,3
1211,1039847,567.0,507.5,1,11923,4
1211,1039848,728.8333740234375,550.6666870117188,3,11924,0
1211,1039849,434.5,700.5,1,11924,1
1211,1039850,524.6666259765625,513.3333740234375,3,11924,2
1211,1039851,689.0,531.5,1,11924,3
1211,1039852,567.0,507.5,1,11924,4
1211,1039853,434.5,700.5,1,11925,0
1211,1039854,524.6666259765625,513.3333740234375,2,11925,1
1211,1039855,808.5,536.25,2,11925,2
1211,1039856,623.5,576.5,1,11925,3
1211,1039857,567.0,507.5,1,11925,4
1221,1039815,524.6666259765625,513.3333740234375,3,11917,0
1221,1039816,728.8333740234375,550.6666870117188,3,11917,1
1221,1039817,434.5,700.5,1,11917,2
1221,1039818,689.0,531.5,1,11917,3
1221,1039819,567.0,507.5,1,11917,4
1221,1039820,524.6666259765625,513.3333740234375,3,11918,0
1221,1039821,728.8333740234375,550.6666870117188,3,11918,1
1221,1039822,434.5,700.5,1,11918,2
1221,1039823,689.0,531.5,1,11918,3
1221,1039824,567.0,507.5,1,11918,4
1221,1039825,524.6666259765625,513.3333740234375,3,11919,0
1221,1039826,728.8333740234375,550.6666870117188,3,11919,1
1221,1039827,434.5,700.5,1,11919,2
1221,1039828,689.0,531.5,1,11919,3
1221,1039829,567.0,507.5,1,11919,4
1221,1039830,689.0,531.5,1,11920,0
1221,1039831,567.0,507.5,1,11920,1
1221,1039832,728.8333740234375,550.6666870117188,3,11920,2
1221,1039833,524.6666259765625,513.3333740234375,3,11920,3
1221,1039834,567.0,507.5,1,11921,0
1221,1039835,689.0,531.5,1,11921,1
1221,1039836,728.8333740234375,550.6666870117188,3,11921,2
1221,1039837,434.5,700.5,1,11921,3
1221,1039838,524.6666259765625,513.3333740234375,3,11921,4
1221,1039839,728.8333740234375,550.6666870117188,3,11922,0
1221,1039840,524.6666259765625,513.3333740234375,3,11922,1
1221,1039841,689.0,531.5,1,11922,2
1221,1039842,567.0,507.5,1,11922,3
1221,1039843,728.8333740234375,550.6666870117188,3,11923,0
1221,1039844,434.5,700.5,1,11923,1
1221,1039845,524.6666259765625,513.3333740234375,3,11923,2
1221,1039846,689.0,531.5,1,11923,3
1221,1039847,567.0,507.5,1,11923,4
1221,1039848,728.8333740234375,550.6666870117188,3,11924,0
1221,1039849,434.5,700.5,1,11924,1
1221,1039850,524.6666259765625,513.3333740234375,3,11924,2
1221,1039851,689.0,531.5,1,11924,3
1221,1039852,567.0,507.5,1,11924,4
1221,1039853,434.5,700.5,1,11925,0
1221,1039854,524.6666259765625,513.3333740234375,2,11925,1
1221,1039855,808.5,536.25,2,11925,2
1221,1039856,623.5,576.5,1,11925,3
1221,1039857,567.0,507.5,1,11925,4
1231,1039815,524.6666259765625,513.3333740234375,3,11917,0
1231,1039816,728.8333740234375,550.6666870117188,3,11917,1
1231,1039817,434.5,700.5,1,11917,2
1231,1039818,689.0,531.5,1,11917,3
1231,1039819,567.0,507.5,1,11917,4
1231,1039820,524.6666259765625,513.3333740234375,3,11918,0
1231,1039821,728.8333740234375,550.6666870117188,3,11918,1
1231,1039822,434.5,700.5,1,11918,2
1231,1039823,689.0,531.5,1,11918,3
1231,1039824,567.0,507.5,1,11918,4
1231,1039825,524.6666259765625,513.3333740234375,3,11919,0
1231,1039826,728.8333740234375,550.6666870117188,3,11919,1
1231,1039827,434.5,700.5,1,11919,2
1231,1039828,689.0,531.5,1,11919,3
1231,1039829,567.0,507.5,1,11919,4
1231,1039830,689.0,531.5,1,11920,0
1231,1039831,567.0,507.5,1,11920,1
1231,1039832,728.8333740234375,550.6666870117188,3,11920,2
1231,1039833,524.6666259765625,513.3333740234375,3,11920,3
1231,1039834,567.0,507.5,1,11921,0
1231,1039835,689.0,531.5,1,11921,1
1231,1039836,728.8333740234375,550.6666870117188,3,11921,2
1231,1039837,434.5,700.5,1,11921,3
1231,1039838,524.6666259765625,513.3333740234375,3,11921,4
1231,1039839,728.8333740234375,550.6666870117188,3,11922,0
1231,1039840,524.6666259765625,513.3333740234375,3,11922,1
1231,1039841,689.0,531.5,1,11922,2
1231,1039842,567.0,507.5,1,11922,3
1231,1039843,728.8333740234375,550.6666870117188,3,11923,0
1231,1039844,434.5,700.5,1,11923,1
1231,1039845,524.6666259765625,513.3333740234375,3,11923,2
1231,1039846,689.0,531.5,1,11923,3
1231,1039847,567.0,507.5,1,11923,4
1231,1039848,728.8333740234375,550.6666870117188,3,11924,0
1231,1039849,434.5,700.5,1,11924,1
1231,1039850,524.6666259765625,513.3333740234375,3,11924,2
1231,1039851,689.0,531.5,1,11924,3
1231,1039852,567.0,507.5,1,11924,4
1231,1039853,434.5,700.5,1,11925,0
1231,1039854,524.6666259765625,513.3333740234375,2,11925,1
1231,1039855,808.5,536.25,2,11925,2
1231,1039856,623.5,576.5,1,11925,3
1231,1039857,567.0,507.5,1,11925,4
1241,1039815,524.6666259765625,513.3333740234375,3,11917,0
1241,1039816,728.8333740234375,550.6666870117188,3,11917,1
1241,1039817,434.5,700.5,1,11917,2
1241,1039818,689.0,531.5,1,11917,3
1241,1039819,567.0,507.5,1,11917,4
1241,1039820,524.6666259765625,513.3333740234375,3,11918,0
1241,1039821,728.8333740234375,550.6666870117188,3,11918,1
1241,1039822,434.5,700.5,1,11918,2
1241,1039823,689.0,531.5,1,11918,3
1241,1039824,567.0,507.5,1,11918,4
1241,1039825,524.6666259765625,513.3333740234375,3,11919,0
1241,1039826,728.8333740234375,550.6666870117188,3,11919,1
1241,1039827,434.5,700.5,1,11919,2
1241,1039828,689.0,531.5,1,11919,3
1241,1039829,567.0,507.5,1,11919,4
1241,1039830,689.0,531.5,1,11920,0
1241,1039831,567.0,507.5,1,11920,1
1241,1039832,728.8333740234375,550.6666870117188,3,11920,2
1241,1039833,524.6666259765625,513.3333740234375,3,11920,3
1241,1039834,567.0,507.5,1,11921,0
1241,1039835,689.0,531.5,1,11921,1
1241,1039836,728.8333740234375,550.6666870117188,3,11921,2
1241,1039837,434.5,700.5,1,11921,3
1241,1039838,524.6666259765625,513.3333740234375,3,11921,4
1241,1039839,728.8333740234375,550.6666870117188,3,11922,0
1241,1039840,524.6666259765625,513.3333740234375,3,11922,1
1241,1039841,689.0,531.5,1,11922,2
1241,1039842,567.0,507.5,1,11922,3
1241,1039843,728.8333740234375,550.6666870117188,3,11923,0
1241,1039844,434.5,700.5,1,11923,1
1241,1039845,524.6666259765625,513.3333740234375,3,11923,2
1241,1039846,689.0,531.5,1,11923,3
1241,1039847,567.0,507.5,1,11923,4
1241,1039848,728.8333740234375,550.6666870117188,3,11924,0
1241,1039849,434.5,700.5,1,11924,1
1241,1039850,524.6666259765625,513.3333740234375,3,11924,2
1241,1039851,689.0,531.5,1,11924,3
1241,1039852,567.0,507.5,1,11924,4
1241,1039853,434.5,700.5,1,11925,0
1241,1039854,524.6666259765625,513.3333740234375,2,11925,1
1241,1039855,808.5,536.25,2,11925,2
1241,1039856,623.5,576.5,1,11925,3
1241,1039857,567.0,507.5,1,11925,4
1251,1039815,629.1666259765625,502.8333740234375,2,11917,0
1251,1039816,765.8333740234375,570.4166870117188,2,11917,1
1251,1039817,403.0,699.5,1,11917,2
1251,1039818,691.0,531.5,1,11917,3
1251,1039819,580.5,513.5,1,11917,4
1251,1039820,629.1666259765625,502.8333740234375,2,11918,0
1251,1039821,765.8333740234375,570.4166870117188,2,11918,1
1251,1039822,403.0,699.5,1,11918,2
1251,1039823,691.0,531.5,1,11918,3
1251,1039824,580.5,513.5,1,11918,4
1251,1039825,629.1666259765625,502.8333740234375,2,11919,0
1251,1039826,765.8333740234375,570.4166870117188,2,11919,1
1251,1039827,403.0,699.5,1,11919,2
1251,1039828,691.0,531.5,1,11919,3
1251,1039829,580.5,513.5,1,11919,4
1251,1039830,691.0,531.5,1,11920,0
1251,1039831,580.5,513.5,1,11920,1
1251,1039832,765.8333740234375,570.4166870117188,2,11920,2
1251,1039833,629.1666259765625,502.8333740234375,2,11920,3
1251,1039834,580.5,513.5,1,11921,0
1251,1039835,691.0,531.5,1,11921,1
1251,1039836,765.8333740234375,570.4166870117188,2,11921,2
1251,1039837,403.0,699.5,1,11921,3
1251,1039838,629.1666259765625,502.8333740234375,2,11921,4
1251,1039839,765.8333740234375,570.4166870117188,2,11922,0
1251,1039840,629.1666259765625,502.8333740234375,2,11922,1
1251,1039841,691.0,531.5,1,11922,2
1251,1039842,580.5,513.5,1,11922,3
1251,1039843,765.8333740234375,570.4166870117188,2,11923,0
1251,1039844,403.0,699.5,1,11923,1
1251,1039845,629.1666259765625,502.8333740234375,2,11923,2
1251,1039846,691.0,531.5,1,11923,3
1251,1039847,580.5,513.5,1,11923,4
1251,1039848,765.8333740234375,570.4166870117188,2,11924,0
1251,1039849,403.0,699.5,1,11924,1
1251,1039850,629.1666259765625,502.8333740234375,2,11924,2
1251,1039851,691.0,531.5,1,11924,3
1251,1039852,580.5,513.5,1,11924,4
1251,1039853,403.0,699.5,1,11925,0
1251,1039854,617.9166259765625,503.3333740234375,2,11925,1
1251,1039855,854.25,557.25,2,11925,2
1251,1039856,630.5,577.0,1,11925,3
1251,1039857,580.5,513.5,1,11925,4
1271,1039858,612.9000244140625,610.0,5,11926,0
1271,1039859,458.75,507.0,2,11926,1
1271,1039860,483.5,505.5,3,11926,2
1271,1039861,769.5,527.0,1,11926,3
1271,1039862,483.5,505.5,3,11927,0
1271,1039863,769.5,527.0,1,11927,1
1271,1039864,458.75,507.0,2,11927,2
1271,1039865,612.9000244140625,610.0,5,11927,3
1271,1039866,458.75,507.0,2,11928,0
1271,1039867,612.9000244140625,610.0,5,11928,1
1271,1039868,483.5,505.5,3,11928,2
1271,1039869,769.5,527.0,1,11928,3
1271,1039870,716.0,549.75,2,11929,0
1271,1039871,769.5,527.0,1,11929,1
1271,1039872,458.75,507.0,2,11930,0
1271,1039873,612.9000244140625,610.0,5,11930,1
1271,1039874,483.5,505.5,3,11930,2
1271,1039875,769.5,527.0,1,11930,3
1271,1039876,483.5,505.5,3,11931,0
1271,1039877,769.5,527.0,1,11931,1
1271,1039878,612.9000244140625,610.0,5,11931,2
1271,1039879,458.75,507.0,2,11931,3
1271,1039880,483.5,505.5,3,11932,0
1271,1039881,769.5,527.0,1,11932,1
1271,1039882,612.9000244140625,610.0,5,11932,2
1271,1039883,458.75,507.0,2,11932,3
1271,1039884,769.5,527.0,1,11933,0
1271,1039885,483.5,505.5,3,11933,1
1271,1039886,632.0,596.6666870117188,6,11933,2
1271,1039887,458.75,507.0,2,11933,3
1271,1039888,632.0,596.6666870117188,6,11934,0
1271,1039889,458.75,507.0,2,11934,1
1271,1039890,483.5,505.5,3,11934,2
1271,1039891,769.5,527.0,1,11934,3
1271,1039892,643.625,597.875,4,11935,0
1271,1039893,458.75,507.0,2,11935,1
1271,1039894,483.5,505.5,3,11935,2
1271,1039895,769.5,527.0,1,11935,3
1271,1039896,612.9000244140625,610.0,5,11936,0
1271,1039897,458.75,507.0,2,11936,1
1271,1039898,483.5,505.5,3,11936,2
1271,1039899,769.5,527.0,1,11936,3
1271,1039900,604.25,610.125,4,11937,0
1271,1039901,458.75,507.0,2,11937,1
1271,1039902,483.5,505.5,3,11937,2
1271,1039903,769.5,527.0,1,11937,3
1281,1039858,612.9000244140625,610.0,5,11926,0
1281,1039859,458.75,507.0,2,11926,1
1281,1039860,483.5,505.5,3,11926,2
1281,1039861,769.5,527.0,1,11926,3
1281,1039862,483.5,505.5,3,11927,0
1281,1039863,769.5,527.0,1,11927,1
1281,1039864,458.75,507.0,2,11927,2
1281,1039865,612.9000244140625,610.0,5,11927,3
1281,1039866,458.75,507.0,2,11928,0
1281,1039867,612.9000244140625,610.0,5,11928,1
1281,1039868,483.5,505.5,3,11928,2
1281,1039869,769.5,527.0,1,11928,3
1281,1039870,716.0,549.75,2,11929,0
1281,1039871,769.5,527.0,1,11929,1
1281,1039872,458.75,507.0,2,11930,0
1281,1039873,612.9000244140625,610.0,5,11930,1
1281,1039874,483.5,505.5,3,11930,2
1281,1039875,769.5,527.0,1,11930,3
1281,1039876,483.5,505.5,3,11931,0
1281,1039877,769.5,527.0,1,11931,1
1281,1039878,612.9000244140625,610.0,5,11931,2
1281,1039879,458.75,507.0,2,11931,3
1281,1039880,483.5,505.5,3,11932,0
1281,1039881,769.5,527.0,1,11932,1
1281,1039882,612.9000244140625,610.0,5,11932,2
1281,1039883,458.75,507.0,2,11932,3
1281,1039884,769.5,527.0,1,11933,0
1281,1039885,483.5,505.5,3,11933,1
1281,1039886,632.0,596.6666870117188,6,11933,2
1281,1039887,458.75,507.0,2,11933,3
1281,1039888,632.0,596.6666870117188,6,11934,0
1281,1039889,458.75,507.0,2,11934,1
1281,1039890,483.5,505.5,3,11934,2
1281,1039891,769.5,527.0,1,11934,3
1281,1039892,643.625,597.875,4,11935,0
1281,1039893,458.75,507.0,2,11935,1
1281,1039894,483.5,505.5,3,11935,2
1281,1039895,769.5,527.0,1,11935,3
1281,1039896,612.9000244140625,610.0,5,11936,0
1281,1039897,458.75,507.0,2,11936,1
1281,1039898,483.5,505.5,3,11936,2
1281,1039899,769.5,527.0,1,11936,3
1281,1039900,604.25,610.125,4,11937,0
1281,1039901,458.75,507.0,2,11937,1
1281,1039902,483.5,505.5,3,11937,2
1281,1039903,769.5,527.0,1,11937,3
1291,1039858,612.9000244140625,610.0,5,11926,0
1291,1039859,458.75,507.0,2,11926,1
1291,1039860,483.5,505.5,3,11926,2
1291,1039861,769.5,527.0,1,11926,3
1291,1039862,483.5,505.5,3,11927,0
1291,1039863,769.5,527.0,1,11927,1
1291,1039864,458.75,507.0,2,11927,2
1291,1039865,612.9000244140625,610.0,5,11927,3
1291,1039866,458.75,507.0,2,11928,0
1291,1039867,612.9000244140625,610.0,5,11928,1
1291,1039868,483.5,505.5,3,11928,2
1291,1039869,769.5,527.0,1,11928,3
1291,1039870,716.0,549.75,2,11929,0
1291,1039871,769.5,527.0,1,11929,1
1291,1039872,458.75,507.0,2,11930,0
1291,1039873,612.9000244140625,610.0,5,11930,1
1291,1039874,483.5,505.5,3,11930,2
1291,1039875,769.5,527.0,1,11930,3
1291,1039876,483.5,505.5,3,11931,0
1291,1039877,769.5,527.0,1,11931,1
1291,1039878,612.9000244140625,610.0,5,11931,2
1291,1039879,458.75,507.0,2,11931,3
1291,1039880,483.5,505.5,3,11932,0
1291,1039881,769.5,527.0,1,11932,1
1291,1039882,612.9000244140625,610.0,5,11932,2
1291,1039883,458.75,507.0,2,11932,3
1291,1039884,769.5,527.0,1,11933,0
1291,1039885,483.5,505.5,3,11933,1
1291,1039886,632.0,596.6666870117188,6,11933,2
1291,1039887,458.75,507.0,2,11933,3
1291,1039888,632.0,596.6666870117188,6,11934,0
1291,1039889,458.75,507.0,2,11934,1
1291,1039890,483.5,505.5,3,11934,2
1291,1039891,769.5,527.0,1,11934,3
1291,1039892,643.625,597.875,4,11935,0
1291,1039893,458.75,507.0,2,11935,1
1291,1039894,483.5,505.5,3,11935,2
1291,1039895,769.5,527.0,1,11935,3
1291,1039896,612.9000244140625,610.0,5,11936,0
1291,1039897,458.75,507.0,2,11936,1
1291,1039898,483.5,505.5,3,11936,2
1291,1039899,769.5,527.0,1,11936,3
1291,1039900,604.25,610.125,4,11937,0
1291,1039901,458.75,507.0,2,11937,1
1291,1039902,483.5,505.5,3,11937,2
1291,1039903,769.5,527.0,1,11937,3
1301,1039858,612.9000244140625,610.0,5,11926,0
1301,1039859,458.75,507.0,2,11926,1
1301,1039860,483.5,505.5,3,11926,2
1301,1039861,769.5,527.0,1,11926,3
1301,1039862,483.5,505.5,3,11927,0
1301,1039863,769.5,527.0,1,11927,1
1301,1039864,458.75,507.0,2,11927,2
1301,1039865,612.9000244140625,610.0,5,11927,3
1301,1039866,458.75,507.0,2,11928,0
1301,1039867,612.9000244140625,610.0,5,11928,1
1301,1039868,483.5,505.5,3,11928,2
1301,1039869,769.5,527.0,1,11928,3
1301,1039870,716.0,549.75,2,11929,0
1301,1039871,769.5,527.0,1,11929,1
1301,1039872,458.75,507.0,2,11930,0
1301,1039873,612.9000244140625,610.0,5,11930,1
1301,1039874,483.5,505.5,3,11930,2
1301,1039875,769.5,527.0,1,11930,3
1301,1039876,483.5,505.5,3,11931,0
1301,1039877,769.5,527.0,1,11931,1
1301,1039878,612.9000244140625,610.0,5,11931,2
1301,1039879,458.75,507.0,2,11931,3
1301,1039880,483.5,505.5,3,11932,0
1301,1039881,769.5,527.0,1,11932,1
1301,1039882,612.9000244140625,610.0,5,11932,2
1301,1039883,458.75,507.0,2,11932,3
1301,1039884,769.5,527.0,1,11933,0
1301,1039885,483.5,505.5,3,11933,1
1301,1039886,632.0,596.6666870117188,6,11933,2
1301,1039887,458.75,507.0,2,11933,3
1301,1039888,632.0,596.6666870117188,6,11934,0
1301,1039889,458.75,507.0,2,11934,1
1301,1039890,483.5,505.5,3,11934,2
1301,1039891,769.5,527.0,1,11934,3
1301,1039892,643.625,597.875,4,11935,0
1301,1039893,458.75,507.0,2,11935,1
1301,1039894,483.5,505.5,3,11935,2
1301,1039895,769.5,527.0,1,11935,3
1301,1039896,612.9000244140625,610.0,5,11936,0
1301,1039897,458.75,507.0,2,11936,1
1301,1039898,483.5,505.5,3,11936,2
1301,1039899,769.5,527.0,1,11936,3
1301,1039900,604.25,610.125,4,11937,0
1301,1039901,458.75,507.0,2,11937,1
1301,1039902,483.5,505.5,3,11937,2
1301,1039903,769.5,527.0,1,11937,3
1311,1039858,612.9000244140625,610.0,5,11926,0
1311,1039859,458.75,507.0,2,11926,1
1311,1039860,483.5,505.5,3,11926,2
1311,1039861,769.5,527.0,1,11926,3
1311,1039862,483.5,505.5,3,11927,0
1311,1039863,769.5,527.0,1,11927,1
1311,1039864,458.75,507.0,2,11927,2
1311,1039865,612.9000244140625,610.0,5,11927,3
1311,1039866,458.75,507.0,2,11928,0
1311,1039867,612.9000244140625,610.0,5,11928,1
1311,1039868,483.5,505.5,3,11928,2
1311,1039869,769.5,527.0,1,11928,3
1311,1039870,716.0,549.75,2,11929,0
1311,1039871,769.5,527.0,1,11929,1
1311,1039872,458.75,507.0,2,11930,0
1311,1039873,612.9000244140625,610.0,5,11930,1
1311,1039874,483.5,505.5,3,11930,2
1311,1039875,769.5,527.0,1,11930,3
1311,1039876,483.5,505.5,3,11931,0
1311,1039877,769.5,527.0,1,11931,1
1311,1039878,612.9000244140625,610.0,5,11931,2
1311,1039879,458.75,507.0,2,11931,3
1311,1039880,483.5,505.5,3,11932,0
1311,1039881,769.5,527.0,1,11932,1
1311,1039882,612.9000244140625,610.0,5,11932,2
1311,1039883,458.75,507.0,2,11932,3
1311,1039884,769.5,527.0,1,11933,0
1311,1039885,483.5,505.5,3,11933,1
1311,1039886,632.0,596.6666870117188,6,11933,2
1311,1039887,458.75,507.0,2,11933,3
1311,1039888,632.0,596.6666870117188,6,11934,0
1311,1039889,458.75,507.0,2,11934,1
1311,1039890,483.5,505.5,3,11934,2
1311,1039891,769.5,527.0,1,11934,3
1311,1039892,643.625,597.875,4,11935,0
1311,1039893,458.75,507.0,2,11935,1
1311,1039894,483.5,505.5,3,11935,2
1311,1039895,769.5,527.0,1,11935,3
1311,1039896,612.9000244140625,610.0,5,11936,0
1311,1039897,458.75,507.0,2,11936,1
1311,1039898,483.5,505.5,3,11936,2
1311,1039899,769.5,527.0,1,11936,3
1311,1039900,604.25,610.125,4,11937,0
1311,1039901,458.75,507.0,2,11937,1
1311,1039902,483.5,505.5,3,11937,2
1311,1039903,769.5,527.0,1,11937,3
1321,1039858,612.9000244140625,610.0,5,11926,0
1321,1039859,458.75,507.0,2,11926,1
1321,1039860,483.5,505.5,3,11926,2
1321,1039861,769.5,527.0,1,11926,3
1321,1039862,483.5,505.5,3,11927,0
1321,1039863,769.5,527.0,1,11927,1
1321,1039864,458.75,507.0,2,11927,2
1321,1039865,612.9000244140625,610.0,5,11927,3
1321,1039866,458.75,507.0,2,11928,0
1321,1039867,612.9000244140625,610.0,5,11928,1
1321,1039868,483.5,505.5,3,11928,2
1321,1039869,769.5,527.0,1,11928,3
1321,1039870,716.0,549.75,2,11929,0
1321,1039871,769.5,527.0,1,11929,1
1321,1039872,458.75,507.0,2,11930,0
1321,1039873,612.9000244140625,610.0,5,11930,1
1321,1039874,483.5,505.5,3,11930,2
1321,1039875,769.5,527.0,1,11930,3
1321,1039876,483.5,505.5,3,11931,0
1321,1039877,769.5,527.0,1,11931,1
1321,1039878,612.9000244140625,610.0,5,11931,2
1321,1039879,458.75,507.0,2,11931,3
1321,1039880,483.5,505.5,3,11932,0
1321,1039881,769.5,527.0,1,11932,1
1321,1039882,612.9000244140625,610.0,5,11932,2
1321,1039883,458.75,507.0,2,11932,3
1321,1039884,769.5,527.0,1,11933,0
1321,1039885,483.5,505.5,3,11933,1
1321,1039886,632.0,596.6666870117188,6,11933,2
1321,1039887,458.75,507.0,2,11933,3
1321,1039888,632.0,596.6666870117188,6,11934,0
1321,1039889,458.75,507.0,2,11934,1
1321,1039890,483.5,505.5,3,11934,2
1321,1039891,769.5,527.0,1,11934,3
1321,1039892,643.625,597.875,4,11935,0
1321,1039893,458.75,507.0,2,11935,1
1321,1039894,483.5,505.5,3,11935,2
1321,1039895,769.5,527.0,1,11935,3
1321,1039896,612.9000244140625,610.0,5,11936,0
1321,1039897,458.75,507.0,2,11936,1
1321,1039898,483.5,505.5,3,11936,2
1321,1039899,769.5,527.0,1,11936,3
1321,1039900,604.25,610.125,4,11937,0
1321,1039901,458.75,507.0,2,11937,1
1321,1039902,483.5,505.5,3,11937,2
1321,1039903,769.5,527.0,1,11937,3
1331,1039858,612.9000244140625,610.0,5,11926,0
1331,1039859,458.75,507.0,2,11926,1
1331,1039860,483.5,505.5,3,11926,2
1331,1039861,769.5,527.0,1,11926,3
1331,1039862,483.5,505.5,3,11927,0
1331,1039863,769.5,527.0,1,11927,1
1331,1039864,458.75,507.0,2,11927,2
1331,1039865,612.9000244140625,610.0,5,11927,3
1331,1039866,458.75,507.0,2,11928,0
1331,1039867,612.9000244140625,610.0,5,11928,1
1331,1039868,483.5,505.5,3,11928,2
1331,1039869,769.5,527.0,1,11928,3
1331,1039870,716.0,549.75,2,11929,0
1331,1039871,769.5,527.0,1,11929,1
1331,1039872,458.75,507.0,2,11930,0
1331,1039873,612.9000244140625,610.0,5,11930,1
1331,1039874,483.5,505.5,3,11930,2
1331,1039875,769.5,527.0,1,11930,3
1331,1039876,483.5,505.5,3,11931,0
1331,1039877,769.5,527.0,1,11931,1
1331,1039878,612.9000244140625,610.0,5,11931,2
1331,1039879,458.75,507.0,2,11931,3
1331,1039880,483.5,505.5,3,11932,0
1331,1039881,769.5,527.0,1,11932,1
1331,1039882,612.9000244140625,610.0,5,11932,2
1331,1039883,458.75,507.0,2,11932,3
1331,1039884,769.5,527.0,1,11933,0
1331,1039885,483.5,505.5,3,11933,1
1331,1039886,632.0,596.6666870117188,6,11933,2
1331,1039887,458.75,507.0,2,11933,3
1331,1039888,632.0,596.6666870117188,6,11934,0
1331,1039889,458.75,507.0,2,11934,1
1331,1039890,483.5,505.5,3,11934,2
1331,1039891,769.5,527.0,1,11934,3
1331,1039892,643.625,597.875,4,11935,0
1331,1039893,458.75,507.0,2,11935,1
1331,1039894,483.5,505.5,3,11935,2
1331,1039895,769.5,527.0,1,11935,3
1331,1039896,612.9000244140625,610.0,5,11936,0
1331,1039897,458.75,507.0,2,11936,1
1331,1039898,483.5,505.5,3,11936,2
1331,1039899,769.5,527.0,1,11936,3
1331,1039900,604.25,610.125,4,11937,0
1331,1039901,458.75,507.0,2,11937,1
1331,1039902,483.5,505.5,3,11937,2
1331,1039903,769.5,527.0,1,11937,3
1341,1039858,612.9000244140625,610.0,5,11926,0
1341,1039859,458.75,507.0,2,11926,1
1341,1039860,483.5,505.5,3,11926,2
1341,1039861,769.5,527.0,1,11926,3
1341,1039862,483.5,505.5,3,11927,0
1341,1039863,769.5,527.0,1,11927,1
1341,1039864,458.75,507.0,2,11927,2
1341,1039865,612.9000244140625,610.0,5,11927,3
1341,1039866,458.75,507.0,2,11928,0
1341,1039867,612.9000244140625,610.0,5,11928,1
1341,1039868,483.5,505.5,3,11928,2
1341,1039869,769.5,527.0,1,11928,3
1341,1039870,716.0,549.75,2,11929,0
1341,1039871,769.5,527.0,1,11929,1
1341,1039872,458.75,507.0,2,11930,0
1341,1039873,612.9000244140625,610.0,5,11930,1
1341,1039874,483.5,505.5,3,11930,2
1341,1039875,769.5,527.0,1,11930,3
1341,1039876,483.5,505.5,3,11931,0
1341,1039877,769.5,527.0,1,11931,1
1341,1039878,612.9000244140625,610.0,5,11931,2
1341,1039879,458.75,507.0,2,11931,3
1341,1039880,483.5,505.5,3,11932,0
1341,1039881,769.5,527.0,1,11932,1
1341,1039882,612.9000244140625,610.0,5,11932,2
1341,1039883,458.75,507.0,2,11932,3
1341,1039884,769.5,527.0,1,11933,0
1341,1039885,483.5,505.5,3,11933,1
1341,1039886,632.0,596.6666870117188,6,11933,2
1341,1039887,458.75,507.0,2,11933,3
1341,1039888,632.0,596.6666870117188,6,11934,0
1341,1039889,458.75,507.0,2,11934,1
1341,1039890,483.5,505.5,3,11934,2
1341,1039891,769.5,527.0,1,11934,3
1341,1039892,643.625,597.875,4,11935,0
1341,1039893,458.75,507.0,2,11935,1
1341,1039894,483.5,505.5,3,11935,2
1341,1039895,769.5,527.0,1,11935,3
1341,1039896,612.9000244140625,610.0,5,11936,0
1341,1039897,458.75,507.0,2,11936,1
1341,1039898,483.5,505.5,3,11936,2
1341,1039899,769.5,527.0,1,11936,3
1341,1039900,604.25,610.125,4,11937,0
1341,1039901,458.75,507.0,2,11937,1
1341,1039902,483.5,505.5,3,11937,2
1341,1039903,769.5,527.0,1,11937,3
1351,1039858,612.9000244140625,610.0,5,11926,0
1351,1039859,458.75,507.0,2,11926,1
1351,1039860,483.5,505.5,3,11926,2
1351,1039861,769.5,527.0,1,11926,3
1351,1039862,483.5,505.5,3,11927,0
1351,1039863,769.5,527.0,1,11927,1
1351,1039864,458.75,507.0,2,11927,2
1351,1039865,612.9000244140625,610.0,5,11927,3
1351,1039866,458.75,507.0,2,11928,0
1351,1039867,612.9000244140625,610.0,5,11928,1
1351,1039868,483.5,505.5,3,11928,2
1351,1039869,769.5,527.0,1,11928,3
1351,1039870,716.0,549.75,2,11929,0
1351,1039871,769.5,527.0,1,11929,1
1351,1039872,458.75,507.0,2,11930,0
1351,1039873,612.9000244140625,610.0,5,11930,1
1351,1039874,483.5,505.5,3,11930,2
1351,1039875,769.5,527.0,1,11930,3
1351,1039876,483.5,505.5,3,11931,0
1351,1039877,769.5,527.0,1,11931,1
1351,1039878,612.9000244140625,610.0,5,11931,2
1351,1039879,458.75,507.0,2,11931,3
1351,1039880,483.5,505.5,3,11932,0
1351,1039881,769.5,527.0,1,11932,1
1351,1039882,612.9000244140625,610.0,5,11932,2
1351,1039883,458.75,507.0,2,11932,3
1351,1039884,769.5,527.0,1,11933,0
1351,1039885,483.5,505.5,3,11933,1
1351,1039886,632.0,596.6666870117188,6,11933,2
1351,1039887,458.75,507.0,2,11933,3
1351,1039888,632.0,596.6666870117188,6,11934,0
1351,1039889,458.75,507.0,2,11934,1
1351,1039890,483.5,505.5,3,11934,2
1351,1039891,769.5,527.0,1,11934,3
1351,1039892,643.625,597.875,4,11935,0
1351,1039893,458.75,507.0,2,11935,1
1351,1039894,483.5,505.5,3,11935,2
1351,1039895,769.5,527.0,1,11935,3
1351,1039896,612.9000244140625,610.0,5,11936,0
1351,1039897,458.75,507.0,2,11936,1
1351,1039898,483.5,505.5,3,11936,2
1351,1039899,769.5,527.0,1,11936,3
1351,1039900,604.25,610.125,4,11937,0
1351,1039901,458.75,507.0,2,11937,1
1351,1039902,483.5,505.5,3,11937,2
1351,1039903,769.5,527.0,1,11937,3
1361,1039858,586.4000244140625,605.5,4,11926,0
1361,1039859,459.25,510.6666564941406,3,11926,1
1361,1039860,492.5,507.0,2,11926,2
1361,1039861,749.5,525.5,1,11926,3
1361,1039862,492.5,507.0,2,11927,0
1361,1039863,749.5,525.5,1,11927,1
1361,1039864,459.25,510.6666564941406,3,11927,2
1361,1039865,586.4000244140625,605.5,4,11927,3
1361,1039866,459.25,510.6666564941406,3,11928,0
1361,1039867,586.4000244140625,605.5,4,11928,1
1361,1039868,492.5,507.0,2,11928,2
1361,1039869,749.5,525.5,1,11928,3
1361,1039870,695.5,546.0,2,11929,0
1361,1039871,749.5,525.5,1,11929,1
1361,1039872,459.25,510.6666564941406,3,11930,0
1361,1039873,586.4000244140625,605.5,4,11930,1
1361,1039874,492.5,507.0,2,11930,2
1361,1039875,749.5,525.5,1,11930,3
1361,1039876,492.5,507.0,2,11931,0
1361,1039877,749.5,525.5,1,11931,1
1361,1039878,586.4000244140625,605.5,4,11931,2
1361,1039879,459.25,510.6666564941406,3,11931,3
1361,1039880,492.5,507.0,2,11932,0
1361,1039881,749.5,525.5,1,11932,1
1361,1039882,586.4000244140625,605.5,4,11932,2
1361,1039883,459.25,510.6666564941406,3,11932,3
1361,1039884,749.5,525.5,1,11933,0
1361,1039885,492.5,507.0,2,11933,1
1361,1039886,607.875,593.1666870117188,4,11933,2
1361,1039887,459.25,510.6666564941406,3,11933,3
1361,1039888,607.875,593.1666870117188,4,11934,0
1361,1039889,459.25,510.6666564941406,3,11934,1
1361,1039890,492.5,507.0,2,11934,2
1361,1039891,749.5,525.5,1,11934,3
1361,1039892,617.125,594.7083129882812,3,11935,0
1361,1039893,459.25,510.6666564941406,3,11935,1
1361,1039894,492.5,507.0,2,11935,2
1361,1039895,749.5,525.5,1,11935,3
1361,1039896,586.4000244140625,605.5,4,11936,0
1361,1039897,459.25,510.6666564941406,3,11936,1
1361,1039898,492.5,507.0,2,11936,2
1361,1039899,749.5,525.5,1,11936,3
1361,1039900,579.25,603.625,3,11937,0
1361,1039901,459.25,510.6666564941406,3,11937,1
1361,1039902,492.5,507.0,2,11937,2
1361,1039903,749.5,525.5,1,11937,3
1371,1039858,586.4000244140625,605.5,4,11926,0
1371,1039859,459.25,510.6666564941406,3,11926,1
1371,1039860,492.5,507.0,2,11926,2
1371,1039861,749.5,525.5,1,11926,3
1371,1039862,492.5,507.0,2,11927,0
1371,1039863,749.5,525.5,1,11927,1
1371,1039864,459.25,510.6666564941406,3,11927,2
1371,1039865,586.4000244140625,605.5,4,11927,3
1371,1039866,459.25,510.6666564941406,3,11928,0
1371,1039867,586.4000244140625,605.5,4,11928,1
1371,1039868,492.5,507.0,2,11928,2
1371,1039869,749.5,525.5,1,11928,3
1371,1039870,695.5,546.0,2,11929,0
1371,1039871,749.5,525.5,1,11929,1
1371,1039872,459.25,510.6666564941406,3,11930,0
1371,1039873,586.4000244140625,605.5,4,11930,1
1371,1039874,492.5,507.0,2,11930,2
1371,1039875,749.5,525.5,1,11930,3
1371,1039876,492.5,507.0,2,11931,0
1371,1039877,749.5,525.5,1,11931,1
1371,1039878,586.4000244140625,605.5,4,11931,2
1371,1039879,459.25,510.6666564941406,3,11931,3
1371,1039880,492.5,507.0,2,11932,0
1371,1039881,749.5,525.5,1,11932,1
1371,1039882,586.4000244140625,605.5,4,11932,2
1371,1039883,459.25,510.6666564941406,3,11932,3
1371,1039884,749.5,525.5,1,11933,0
1371,1039885,492.5,507.0,2,11933,1
1371,1039886,607.875,593.1666870117188,4,11933,2
1371,1039887,459.25,510.6666564941406,3,11933,3
1371,1039888,607.875,593.1666870117188,4,11934,0
1371,1039889,459.25,510.6666564941406,3,11934,1
1371,1039890,492.5,507.0,2,11934,2
1371,1039891,749.5,525.5,1,11934,3
1371,1039892,617.125,594.7083129882812,3,11935,0
1371,1039893,459.25,510.6666564941406,3,11935,1
1371,1039894,492.5,507.0,2,11935,2
1371,1039895,749.5,525.5,1,11935,3
1371,1039896,586.4000244140625,605.5,4,11936,0
1371,1039897,459.25,510.6666564941406,3,11936,1
1371,1039898,492.5,507.0,2,11936,2
1371,1039899,749.5,525.5,1,11936,3
1371,1039900,579.25,603.625,3,11937,0
1371,1039901,459.25,510.6666564941406,3,11937,1
1371,1039902,492.5,507.0,2,11937,2
1371,1039903,749.5,525.5,1,11937,3
1381,1039858,586.4000244140625,605.5,4,11926,0
1381,1039859,459.25,510.6666564941406,3,11926,1
1381,1039860,492.5,507.0,2,11926,2
1381,1039861,749.5,525.5,1,11926,3
1381,1039862,492.5,507.0,2,11927,0
1381,1039863,749.5,525.5,1,11927,1
1381,1039864,459.25,510.6666564941406,3,11927,2
1381,1039865,586.4000244140625,605.5,4,11927,3
1381,1039866,459.25,510.6666564941406,3,11928,0
1381,1039867,586.4000244140625,605.5,4,11928,1
1381,1039868,492.5,507.0,2,11928,2
1381,1039869,749.5,525.5,1,11928,3
1381,1039870,695.5,546.0,2,11929,0
1381,1039871,749.5,525.5,1,11929,1
1381,1039872,459.25,510.6666564941406,3,11930,0
1381,1039873,586.4000244140625,605.5,4,11930,1
1381,1039874,492.5,507.0,2,11930,2
1381,1039875,749.5,525.5,1,11930,3
1381,1039876,492.5,507.0,2,11931,0
1381,1039877,749.5,525.5,1,11931,1
1381,1039878,586.4000244140625,605.5,4,11931,2
1381,1039879,459.25,510.6666564941406,3,11931,3
1381,1039880,492.5,507.0,2,11932,0
1381,1039881,749.5,525.5,1,11932,1
1381,1039882,586.4000244140625,605.5,4,11932,2
1381,1039883,459.25,510.6666564941406,3,11932,3
1381,1039884,749.5,525.5,1,11933,0
1381,1039885,492.5,507.0,2,11933,1
1381,1039886,607.875,593.1666870117188,4,11933,2
1381,1039887,459.25,510.6666564941406,3,11933,3
1381,1039888,607.875,593.1666870117188,4,11934,0
1381,1039889,459.25,510.6666564941406,3,11934,1
1381,1039890,492.5,507.0,2,11934,2
1381,1039891,749.5,525.5,1,11934,3
1381,1039892,617.125,594.7083129882812,3,11935,0
1381,1039893,459.25,510.6666564941406,3,11935,1
1381,1039894,492.5,507.0,2,11935,2
1381,1039895,749.5,525.5,1,11935,3
1381,1039896,586.4000244140625,605.5,4,11936,0
1381,1039897,459.25,510.6666564941406,3,11936,1
1381,1039898,492.5,507.0,2,11936,2
1381,1039899,749.5,525.5,1,11936,3
1381,1039900,579.25,603.625,3,11937,0
1381,1039901,459.25,510.6666564941406,3,11937,1
1381,1039902,492.5,507.0,2,11937,2
1381,1039903,749.5,525.5,1,11937,3
1391,1039858,586.4000244140625,605.5,4,11926,0
1391,1039859,459.25,510.6666564941406,3,11926,1
1391,1039860,492.5,507.0,3,11926,2
1391,1039861,749.5,525.5,1,11926,3
1391,1039862,492.5,507.0,3,11927,0
1391,1039863,749.5,525.5,1,11927,1
1391,1039864,459.25,510.6666564941406,3,11927,2
1391,1039865,586.4000244140625,605.5,4,11927,3
1391,1039866,459.25,510.6666564941406,3,11928,0
1391,1039867,586.4000244140625,605.5,4,11928,1
1391,1039868,492.5,507.0,3,11928,2
1391,1039869,749.5,525.5,1,11928,3
1391,1039870,695.5,546.0,2,11929,0
1391,1039871,749.5,525.5,1,11929,1
1391,1039872,459.25,510.6666564941406,3,11930,0
1391,1039873,586.4000244140625,605.5,4,11930,1
1391,1039874,492.5,507.0,3,11930,2
1391,1039875,749.5,525.5,1,11930,3
1391,1039876,492.5,507.0,3,11931,0
1391,1039877,749.5,525.5,1,11931,1
1391,1039878,586.4000244140625,605.5,4,11931,2
1391,1039879,459.25,510.6666564941406,3,11931,3
1391,1039880,492.5,507.0,3,11932,0
1391,1039881,749.5,525.5,1,11932,1
1391,1039882,586.4000244140625,605.5,4,11932,2
1391,1039883,459.25,510.6666564941406,3,11932,3
1391,1039884,749.5,525.5,1,11933,0
1391,1039885,492.5,507.0,3,11933,1
1391,1039886,607.875,593.1666870117188,4,11933,2
1391,1039887,459.25,510.6666564941406,3,11933,3
1391,1039888,607.875,593.1666870117188,4,11934,0
1391,1039889,459.25,510.6666564941406,3,11934,1
1391,1039890,492.5,507.0,3,11934,2
1391,1039891,749.5,525.5,1,11934,3
1391,1039892,617.125,594.7083129882812,3,11935,0
1391,1039893,459.25,510.6666564941406,3,11935,1
1391,1039894,492.5,507.0,3,11935,2
1391,1039895,749.5,525.5,1,11935,3
1391,1039896,586.4000244140625,605.5,4,11936,0
1391,1039897,459.25,510.6666564941406,3,11936,1
1391,1039898,492.5,507.0,3,11936,2
1391,1039899,749.5,525.5,1,11936,3
1391,1039900,579.25,603.625,3,11937,0
1391,1039901,459.25,510.6666564941406,3,11937,1
1391,1039902,492.5,507.0,3,11937,2
1391,1039903,749.5,525.5,1,11937,3
1401,1039858,586.4000244140625,605.5,4,11926,0
1401,1039859,459.25,510.6666564941406,3,11926,1
1401,1039860,492.5,507.0,3,11926,2
1401,1039861,749.5,525.5,1,11926,3
1401,1039862,492.5,507.0,3,11927,0
1401,1039863,749.5,525.5,1,11927,1
1401,1039864,459.25,510.6666564941406,3,11927,2
1401,1039865,586.4000244140625,605.5,4,11927,3
1401,1039866,459.25,510.6666564941406,3,11928,0
1401,1039867,586.4000244140625,605.5,4,11928,1
1401,1039868,492.5,507.0,3,11928,2
1401,1039869,749.5,525.5,1,11928,3
1401,1039870,695.5,546.0,2,11929,0
1401,1039871,749.5,525.5,1,11929,1
1401,1039872,459.25,510.6666564941406,3,11930,0
1401,1039873,586.4000244140625,605.5,4,11930,1
1401,1039874,492.5,507.0,3,11930,2
1401,1039875,749.5,525.5,1,11930,3
1401,1039876,492.5,507.0,3,11931,0
1401,1039877,749.5,525.5,1,11931,1
1401,1039878,586.4000244140625,605.5,4,11931,2
1401,1039879,459.25,510.6666564941406,3,11931,3
1401,1039880,492.5,507.0,3,11932,0
1401,1039881,749.5,525.5,1,11932,1
1401,1039882,586.4000244140625,605.5,4,11932,2
1401,1039883,459.25,510.6666564941406,3,11932,3
1401,1039884,749.5,525.5,1,11933,0
1401,1039885,492.5,507.0,4,11933,1
1401,1039886,607.875,593.1666870117188,4,11933,2
1401,1039887,459.25,510.6666564941406,3,11933,3
1401,1039888,607.875,593.1666870117188,4,11934,0
1401,1039889,459.25,510.6666564941406,3,11934,1
1401,1039890,492.5,507.0,4,11934,2
1401,1039891,749.5,525.5,1,11934,3
1401,1039892,617.125,594.7083129882812,3,11935,0
1401,1039893,459.25,510.6666564941406,3,11935,1
1401,1039894,492.5,507.0,3,11935,2
1401,1039895,749.5,525.5,1,11935,3
1401,1039896,586.4000244140625,605.5,4,11936,0
1401,1039897,459.25,510.6666564941406,3,11936,1
1401,1039898,492.5,507.0,3,11936,2
1401,1039899,749.5,525.5,1,11936,3
1401,1039900,579.25,603.625,3,11937,0
1401,1039901,459.25,510.6666564941406,3,11937,1
1401,1039902,492.5,507.0,3,11937,2
1401,1039903,749.5,525.5,1,11937,3
1411,1039858,586.4000244140625,605.5,4,11926,0
1411,1039859,459.25,510.6666564941406,3,11926,1
1411,1039860,492.5,507.0,3,11926,2
1411,1039861,749.5,525.5,1,11926,3
1411,1039862,492.5,507.0,3,11927,0
1411,1039863,749.5,525.5,1,11927,1
1411,1039864,459.25,510.6666564941406,3,11927,2
1411,1039865,586.4000244140625,605.5,4,11927,3
1411,1039866,459.25,510.6666564941406,3,11928,0
1411,1039867,586.4000244140625,605.5,4,11928,1
1411,1039868,492.5,507.0,3,11928,2
1411,1039869,749.5,525.5,1,11928,3
1411,1039870,695.5,546.0,2,11929,0
1411,1039871,749.5,525.5,1,11929,1
1411,1039872,459.25,510.6666564941406,3,11930,0
1411,1039873,586.4000244140625,605.5,4,11930,1
1411,1039874,492.5,507.0,3,11930,2
1411,1039875,749.5,525.5,1,11930,3
1411,1039876,492.5,507.0,3,11931,0
1411,1039877,749.5,525.5,1,11931,1
1411,1039878,586.4000244140625,605.5,4,11931,2
1411,1039879,459.25,510.6666564941406,3,11931,3
1411,1039880,492.5,507.0,3,11932,0
1411,1039881,749.5,525.5,1,11932,1
1411,1039882,586.4000244140625,605.5,4,11932,2
1411,1039883,459.25,510.6666564941406,3,11932,3
1411,1039884,749.5,525.5,1,11933,0
1411,1039885,492.5,507.0,4,11933,1
1411,1039886,607.875,593.1666870117188,4,11933,2
1411,1039887,459.25,510.6666564941406,3,11933,3
1411,1039888,607.875,593.1666870117188,4,11934,0
1411,1039889,459.25,510.6666564941406,3,11934,1
1411,1039890,492.5,507.0,4,11934,2
1411,1039891,749.5,525.5,1,11934,3
1411,1039892,617.125,594.7083129882812,3,11935,0
1411,1039893,459.25,510.6666564941406,3,11935,1
1411,1039894,492.5,507.0,3,11935,2
1411,1039895,749.5,525.5,1,11935,3
1411,1039896,586.4000244140625,605.5,4,11936,0
1411,1039897,459.25,510.6666564941406,3,11936,1
1411,1039898,492.5,507.0,3,11936,2
1411,1039899,749.5,525.5,1,11936,3
1411,1039900,579.25,603.625,3,11937,0
1411,1039901,459.25,510.6666564941406,3,11937,1
1411,1039902,492.5,507.0,3,11937,2
1411,1039903,749.5,525.5,1,11937,3
1421,1039858,586.4000244140625,605.5,4,11926,0
1421,1039859,459.25,510.6666564941406,3,11926,1
1421,1039860,492.5,507.0,3,11926,2
1421,1039861,749.5,525.5,1,11926,3
1421,1039862,492.5,507.0,3,11927,0
1421,1039863,749.5,525.5,1,11927,1
1421,1039864,459.25,510.6666564941406,3,11927,2
1421,1039865,586.4000244140625,605.5,4,11927,3
1421,1039866,459.25,510.6666564941406,3,11928,0
1421,1039867,586.4000244140625,605.5,4,11928,1
1421,1039868,492.5,507.0,3,11928,2
1421,1039869,749.5,525.5,1,11928,3
1421,1039870,695.5,546.0,2,11929,0
1421,1039871,749.5,525.5,1,11929,1
1421,1039872,459.25,510.6666564941406,3,11930,0
1421,1039873,586.4000244140625,605.5,4,11930,1
1421,1039874,492.5,507.0,3,11930,2
1421,1039875,749.5,525.5,1,11930,3
1421,1039876,492.5,507.0,3,11931,0
1421,1039877,749.5,525.5,1,11931,1
1421,1039878,586.4000244140625,605.5,4,11931,2
1421,1039879,459.25,510.6666564941406,3,11931,3
1421,1039880,492.5,507.0,3,11932,0
1421,1039881,749.5,525.5,1,11932,1
1421,1039882,586.4000244140625,605.5,4,11932,2
1421,1039883,459.25,510.6666564941406,3,11932,3
1421,1039884,749.5,525.5,1,11933,0
1421,1039885,492.5,507.0,4,11933,1
1421,1039886,607.875,593.1666870117188,4,11933,2
1421,1039887,459.25,510.6666564941406,3,11933,3
1421,1039888,607.875,593.1666870117188,4,11934,0
1421,1039889,459.25,510.6666564941406,3,11934,1
1421,1039890,492.5,507.0,4,11934,2
1421,1039891,749.5,525.5,1,11934,3
1421,1039892,617.125,594.7083129882812,3,11935,0
1421,1039893,459.25,510.6666564941406,3,11935,1
1421,1039894,492.5,507.0,3,11935,2
1421,1039895,749.5,525.5,1,11935,3
1421,1039896,586.4000244140625,605.5,4,11936,0
1421,1039897,459.25,510.6666564941406,3,11936,1
1421,1039898,492.5,507.0,3,11936,2
1421,1039899,749.5,525.5,1,11936,3
1421,1039900,579.25,603.625,3,11937,0
1421,1039901,459.25,510.6666564941406,3,11937,1
1421,1039902,492.5,507.0,3,11937,2
1421,1039903,749.5,525.5,1,11937,3
1431,1039858,586.4000244140625,605.5,4,11926,0
1431,1039859,459.25,510.6666564941406,3,11926,1
1431,1039860,492.5,507.0,3,11926,2
1431,1039861,749.5,525.5,1,11926,3
1431,1039862,492.5,507.0,3,11927,0
1431,1039863,749.5,525.5,1,11927,1
1431,1039864,459.25,510.6666564941406,3,11927,2
1431,1039865,586.4000244140625,605.5,4,11927,3
1431,1039866,459.25,510.6666564941406,3,11928,0
1431,1039867,586.4000244140625,605.5,4,11928,1
1431,1039868,492.5,507.0,3,11928,2
1431,1039869,749.5,525.5,1,11928,3
1431,1039870,695.5,546.0,2,11929,0
1431,1039871,749.5,525.5,1,11929,1
1431,1039872,459.25,510.6666564941406,3,11930,0
1431,1039873,586.4000244140625,605.5,4,11930,1
1431,1039874,492.5,507.0,3,11930,2
1431,1039875,749.5,525.5,1,11930,3
1431,1039876,492.5,507.0,3,11931,0
1431,1039877,749.5,525.5,1,11931,1
1431,1039878,586.4000244140625,605.5,4,11931,2
1431,1039879,459.25,510.6666564941406,3,11931,3
1431,1039880,492.5,507.0,3,11932,0
1431,1039881,749.5,525.5,1,11932,1
1431,1039882,586.4000244140625,605.5,4,11932,2
1431,1039883,459.25,510.6666564941406,3,11932,3
1431,1039884,749.5,525.5,1,11933,0
1431,1039885,492.5,507.0,4,11933,1
1431,1039886,607.875,593.1666870117188,4,11933,2
1431,1039887,459.25,510.6666564941406,3,11933,3
1431,1039888,607.875,593.1666870117188,4,11934,0
1431,1039889,459.25,510.6666564941406,3,11934,1
1431,1039890,492.5,507.0,4,11934,2
1431,1039891,749.5,525.5,1,11934,3
1431,1039892,617.125,594.7083129882812,3,11935,0
1431,1039893,459.25,510.6666564941406,3,11935,1
1431,1039894,492.5,507.0,3,11935,2
1431,1039895,749.5,525.5,1,11935,3
1431,1039896,586.4000244140625,605.5,4,11936,0
1431,1039897,459.25,510.6666564941406,3,11936,1
1431,1039898,492.5,507.0,3,11936,2
1431,1039899,749.5,525.5,1,11936,3
1431,1039900,579.25,603.625,3,11937,0
1431,1039901,459.25,510.6666564941406,3,11937,1
1431,1039902,492.5,507.0,3,11937,2
1431,1039903,749.5,525.5,1,11937,3
1441,1039858,586.4000244140625,605.5,4,11926,0
1441,1039859,459.25,510.6666564941406,3,11926,1
1441,1039860,492.5,507.0,3,11926,2
1441,1039861,749.5,525.5,1,11926,3
1441,1039862,492.5,507.0,3,11927,0
1441,1039863,749.5,525.5,1,11927,1
1441,1039864,459.25,510.6666564941406,3,11927,2
1441,1039865,586.4000244140625,605.5,4,11927,3
1441,1039866,459.25,510.6666564941406,3,11928,0
1441,1039867,586.4000244140625,605.5,4,11928,1
1441,1039868,492.5,507.0,3,11928,2
1441,1039869,749.5,525.5,1,11928,3
1441,1039870,695.5,546.0,2,11929,0
1441,1039871,749.5,525.5,1,11929,1
1441,1039872,459.25,510.6666564941406,3,11930,0
1441,1039873,586.4000244140625,605.5,4,11930,1
1441,1039874,492.5,507.0,3,11930,2
1441,1039875,749.5,525.5,1,11930,3
1441,1039876,492.5,507.0,3,11931,0
1441,1039877,749.5,525.5,1,11931,1
1441,1039878,586.4000244140625,605.5,4,11931,2
1441,1039879,459.25,510.6666564941406,3,11931,3
1441,1039880,492.5,507.0,3,11932,0
1441,1039881,749.5,525.5,1,11932,1
1441,1039882,586.4000244140625,605.5,4,11932,2
1441,1039883,459.25,510.6666564941406,3,11932,3
1441,1039884,749.5,525.5,1,11933,0
1441,1039885,492.5,507.0,4,11933,1
1441,1039886,607.875,593.1666870117188,4,11933,2
1441,1039887,459.25,510.6666564941406,3,11933,3
1441,1039888,607.875,593.1666870117188,4,11934,0
1441,1039889,459.25,510.6666564941406,3,11934,1
1441,1039890,492.5,507.0,4,11934,2
1441,1039891,749.5,525.5,1,11934,3
1441,1039892,617.125,594.7083129882812,3,11935,0
1441,1039893,459.25,510.6666564941406,3,11935,1
1441,1039894,492.5,507.0,3,11935,2
1441,1039895,749.5,525.5,1,11935,3
1441,1039896,586.4000244140625,605.5,4,11936,0
1441,1039897,459.25,510.6666564941406,3,11936,1
1441,1039898,492.5,507.0,3,11936,2
1441,1039899,749.5,525.5,1,11936,3
1441,1039900,579.25,603.625,3,11937,0
1441,1039901,459.25,510.6666564941406,3,11937,1
1441,1039902,492.5,507.0,3,11937,2
1441,1039903,749.5,525.5,1,11937,3
1451,1039858,586.4000244140625,605.5,4,11926,0
1451,1039859,459.25,510.6666564941406,3,11926,1
1451,1039860,492.5,507.0,3,11926,2
1451,1039861,749.5,525.5,1,11926,3
1451,1039862,492.5,507.0,3,11927,0
1451,1039863,749.5,525.5,1,11927,1
1451,1039864,459.25,510.6666564941406,3,11927,2
1451,1039865,586.4000244140625,605.5,4,11927,3
1451,1039866,459.25,510.6666564941406,3,11928,0
1451,1039867,586.4000244140625,605.5,4,11928,1
1451,1039868,492.5,507.0,3,11928,2
1451,1039869,749.5,525.5,1,11928,3
1451,1039870,695.5,546.0,2,11929,0
1451,1039871,749.5,525.5,1,11929,1
1451,1039872,459.25,510.6666564941406,3,11930,0
1451,1039873,586.4000244140625,605.5,4,11930,1
1451,1039874,492.5,507.0,3,11930,2
1451,1039875,749.5,525.5,1,11930,3
1451,1039876,492.5,507.0,3,11931,0
1451,1039877,749.5,525.5,1,11931,1
1451,1039878,586.4000244140625,605.5,4,11931,2
1451,1039879,459.25,510.6666564941406,3,11931,3
1451,1039880,492.5,507.0,3,11932,0
1451,1039881,749.5,525.5,1,11932,1
1451,1039882,586.4000244140625,605.5,4,11932,2
1451,1039883,459.25,510.6666564941406,3,11932,3
1451,1039884,749.5,525.5,1,11933,0
1451,1039885,492.5,507.0,4,11933,1
1451,1039886,607.875,593.1666870117188,4,11933,2
1451,1039887,459.25,510.6666564941406,3,11933,3
1451,1039888,607.875,593.1666870117188,4,11934,0
1451,1039889,459.25,510.6666564941406,3,11934,1
1451,1039890,492.5,507.0,4,11934,2
1451,1039891,749.5,525.5,1,11934,3
1451,1039892,617.125,594.7083129882812,3,11935,0
1451,1039893,459.25,510.6666564941406,3,11935,1
1451,1039894,492.5,507.0,3,11935,2
1451,1039895,749.5,525.5,1,11935,3
1451,1039896,586.4000244140625,605.5,4,11936,0
1451,1039897,459.25,510.6666564941406,3,11936,1
1451,1039898,492.5,507.0,3,11936,2
1451,1039899,749.5,525.5,1,11936,3
1451,1039900,579.25,603.625,3,11937,0
1451,1039901,459.25,510.6666564941406,3,11937,1
1451,1039902,492.5,507.0,3,11937,2
1451,1039903,749.5,525.5,1,11937,3
1461,1039858,575.7333374023438,605.3333129882812,3,11926,0
1461,1039859,435.0,537.9166259765625,2,11926,1
1461,1039860,498.5,510.25,2,11926,2
1461,1039861,790.0,531.1666870117188,3,11926,3
1461,1039862,498.5,510.25,2,11927,0
1461,1039863,790.0,531.1666870117188,3,11927,1
1461,1039864,435.0,537.9166259765625,2,11927,2
1461,1039865,575.7333374023438,605.3333129882812,3,11927,3
1461,1039866,435.0,537.9166259765625,2,11928,0
1461,1039867,575.7333374023438,605.3333129882812,3,11928,1
1461,1039868,498.5,510.25,2,11928,2
1461,1039869,790.0,531.1666870117188,3,11928,3
1461,1039870,819.75,526.5,2,11929,0
1461,1039871,784.0,528.5,1,11929,1
1461,1039872,435.0,537.9166259765625,2,11930,0
1461,1039873,575.7333374023438,605.3333129882812,3,11930,1
1461,1039874,498.5,510.25,2,11930,2
1461,1039875,790.0,531.1666870117188,3,11930,3
1461,1039876,498.5,510.25,2,11931,0
1461,1039877,790.0,531.1666870117188,3,11931,1
1461,1039878,575.7333374023438,605.3333129882812,3,11931,2
1461,1039879,435.0,537.9166259765625,2,11931,3
1461,1039880,498.5,510.25,2,11932,0
1461,1039881,790.0,531.1666870117188,3,11932,1
1461,1039882,575.7333374023438,605.3333129882812,3,11932,2
1461,1039883,435.0,537.9166259765625,2,11932,3
1461,1039884,788.25,532.25,2,11933,0
1461,1039885,511.1666564941406,510.3333435058594,3,11933,1
1461,1039886,692.2083129882812,580.3333740234375,3,11933,2
1461,1039887,435.0,537.9166259765625,2,11933,3
1461,1039888,692.2083129882812,580.3333740234375,3,11934,0
1461,1039889,435.0,537.9166259765625,2,11934,1
1461,1039890,511.1666564941406,510.3333435058594,3,11934,2
1461,1039891,788.25,532.25,2,11934,3
1461,1039892,599.875,594.4583129882812,2,11935,0
1461,1039893,435.0,537.9166259765625,2,11935,1
1461,1039894,498.5,510.25,2,11935,2
1461,1039895,790.0,531.1666870117188,3,11935,3
1461,1039896,575.7333374023438,605.3333129882812,3,11936,0
1461,1039897,435.0,537.9166259765625,2,11936,1
1461,1039898,498.5,510.25,2,11936,2
1461,1039899,790.0,531.1666870117188,3,11936,3
1461,1039900,561.0,603.125,2,11937,0
1461,1039901,435.0,537.9166259765625,2,11937,1
1461,1039902,498.5,510.25,2,11937,2
1461,1039903,790.0,531.1666870117188,3,11937,3
1481,1039904,456.5,503.0,1,11938,0
1481,1039905,695.0,576.5,2,11938,1
1481,1039906,462.75,507.125,4,11938,2
1481,1039907,695.0,576.5,2,11939,0
1481,1039908,462.75,507.125,4,11939,1
1481,1039909,493.75,504.0,2,11939,2
1481,1039910,531.0,505.0,1,11940,0
1481,1039911,462.75,507.125,4,11940,1
1481,1039912,695.0,576.5,2,11940,2
1481,1039913,462.75,507.125,4,11941,0
1481,1039914,695.0,576.5,2,11941,1
1481,1039915,493.75,504.0,2,11941,2
1481,1039916,520.75,508.0,2,11942,0
1481,1039917,695.0,576.5,2,11942,1
1481,1039918,374.5,507.0,1,11942,2
1481,1039919,493.75,504.0,2,11942,3
1481,1039920,435.0,506.1666564941406,3,11943,0
1481,1039921,695.0,576.5,2,11943,1
1481,1039922,493.75,504.0,2,11943,2
1481,1039923,462.75,507.125,4,11944,0
1481,1039924,695.0,576.5,2,11944,1
1481,1039925,493.75,504.0,2,11944,2
1481,1039926,1044.5,479.0,1,11945,0
1481,1039927,695.0,576.5,2,11946,0
1481,1039928,462.75,507.125,4,11946,1
1481,1039929,493.75,504.0,2,11946,2
1491,1039904,456.5,503.0,1,11938,0
1491,1039905,695.0,576.5,2,11938,1
1491,1039906,462.75,507.125,4,11938,2
1491,1039907,695.0,576.5,2,11939,0
1491,1039908,462.75,507.125,4,11939,1
1491,1039909,493.75,504.0,2,11939,2
1491,1039910,531.0,505.0,1,11940,0
1491,1039911,462.75,507.125,4,11940,1
1491,1039912,695.0,576.5,2,11940,2
1491,1039913,462.75,507.125,4,11941,0
1491,1039914,695.0,576.5,2,11941,1
1491,1039915,493.75,504.0,2,11941,2
1491,1039916,520.75,508.0,2,11942,0
1491,1039917,695.0,576.5,2,11942,1
1491,1039918,374.5,507.0,1,11942,2
1491,1039919,493.75,504.0,2,11942,3
1491,1039920,435.0,506.1666564941406,3,11943,0
1491,1039921,695.0,576.5,2,11943,1
1491,1039922,493.75,504.0,2,11943,2
1491,1039923,462.75,507.125,4,11944,0
1491,1039924,695.0,576.5,2,11944,1
1491,1039925,493.75,504.0,2,11944,2
1491,1039926,1044.5,479.0,1,11945,0
1491,1039927,695.0,576.5,2,11946,0
1491,1039928,462.75,507.125,4,11946,1
1491,1039929,493.75,504.0,2,11946,2
1501,1039904,456.5,503.0,1,11938,0
1501,1039905,695.0,576.5,2,11938,1
1501,1039906,462.75,507.125,4,11938,2
1501,1039907,695.0,576.5,2,11939,0
1501,1039908,462.75,507.125,4,11939,1
1501,1039909,493.75,504.0,2,11939,2
1501,1039910,531.0,505.0,1,11940,0
1501,1039911,462.75,507.125,4,11940,1
1501,1039912,695.0,576.5,2,11940,2
1501,1039913,462.75,507.125,4,11941,0
1501,1039914,695.0,576.5,2,11941,1
1501,1039915,493.75,504.0,2,11941,2
1501,1039916,520.75,508.0,2,11942,0
1501,1039917,695.0,576.5,2,11942,1
1501,1039918,374.5,507.0,1,11942,2
1501,1039919,493.75,504.0,2,11942,3
1501,1039920,435.0,506.1666564941406,3,11943,0
1501,1039921,695.0,576.5,2,11943,1
1501,1039922,493.75,504.0,2,11943,2
1501,1039923,462.75,507.125,4,11944,0
1501,1039924,695.0,576.5,2,11944,1
1501,1039925,493.75,504.0,2,11944,2
1501,1039926,1044.5,479.0,1,11945,0
1501,1039927,695.0,576.5,2,11946,0
1501,1039928,462.75,507.125,4,11946,1
1501,1039929,493.75,504.0,2,11946,2
1511,1039904,456.5,503.0,1,11938,0
1511,1039905,695.0,576.5,2,11938,1
1511,1039906,462.75,507.125,4,11938,2
1511,1039907,695.0,576.5,2,11939,0
1511,1039908,462.75,507.125,4,11939,1
1511,1039909,493.75,504.0,2,11939,2
1511,1039910,531.0,505.0,1,11940,0
1511,1039911,462.75,507.125,4,11940,1
1511,1039912,695.0,576.5,2,11940,2
1511,1039913,462.75,507.125,4,11941,0
1511,1039914,695.0,576.5,2,11941,1
1511,1039915,493.75,504.0,2,11941,2
1511,1039916,520.75,508.0,2,11942,0
1511,1039917,695.0,576.5,2,11942,1
1511,1039918,374.5,507.0,1,11942,2
1511,1039919,493.75,504.0,2,11942,3
1511,1039920,435.0,506.1666564941406,3,11943,0
1511,1039921,695.0,576.5,2,11943,1
1511,1039922,493.75,504.0,2,11943,2
1511,1039923,462.75,507.125,4,11944,0
1511,1039924,695.0,576.5,2,11944,1
1511,1039925,493.75,504.0,2,11944,2
1511,1039926,1044.5,479.0,1,11945,0
1511,1039927,695.0,576.5,2,11946,0
1511,1039928,462.75,507.125,4,11946,1
1511,1039929,493.75,504.0,2,11946,2
1521,1039904,456.5,503.0,1,11938,0
1521,1039905,695.0,576.5,2,11938,1
1521,1039906,462.75,507.125,4,11938,2
1521,1039907,695.0,576.5,2,11939,0
1521,1039908,462.75,507.125,4,11939,1
1521,1039909,493.75,504.0,2,11939,2
1521,1039910,531.0,505.0,1,11940,0
1521,1039911,462.75,507.125,4,11940,1
1521,1039912,695.0,576.5,2,11940,2
1521,1039913,462.75,507.125,4,11941,0
1521,1039914,695.0,576.5,2,11941,1
1521,1039915,493.75,504.0,2,11941,2
1521,1039916,520.75,508.0,2,11942,0
1521,1039917,695.0,576.5,2,11942,1
1521,1039918,374.5,507.0,1,11942,2
1521,1039919,493.75,504.0,2,11942,3
1521,1039920,435.0,506.1666564941406,3,11943,0
1521,1039921,695.0,576.5,2,11943,1
1521,1039922,493.75,504.0,2,11943,2
1521,1039923,462.75,507.125,4,11944,0
1521,1039924,695.0,576.5,2,11944,1
1521,1039925,493.75,504.0,2,11944,2
1521,1039926,1044.5,479.0,1,11945,0
1521,1039927,695.0,576.5,2,11946,0
1521,1039928,462.75,507.125,4,11946,1
1521,1039929,493.75,504.0,2,11946,2
1531,1039904,456.5,503.0,1,11938,0
1531,1039905,695.0,576.5,2,11938,1
1531,1039906,462.75,507.125,4,11938,2
1531,1039907,695.0,576.5,2,11939,0
1531,1039908,462.75,507.125,4,11939,1
1531,1039909,493.75,504.0,2,11939,2
1531,1039910,531.0,505.0,1,11940,0
1531,1039911,462.75,507.125,4,11940,1
1531,1039912,695.0,576.5,2,11940,2
1531,1039913,462.75,507.125,4,11941,0
1531,1039914,695.0,576.5,2,11941,1
1531,1039915,493.75,504.0,2,11941,2
1531,1039916,520.75,508.0,2,11942,0
1531,1039917,695.0,576.5,2,11942,1
1531,1039918,374.5,507.0,1,11942,2
1531,1039919,493.75,504.0,2,11942,3
1531,1039920,435.0,506.1666564941406,3,11943,0
1531,1039921,695.0,576.5,2,11943,1
1531,1039922,493.75,504.0,2,11943,2
1531,1039923,462.75,507.125,4,11944,0
1531,1039924,695.0,576.5,2,11944,1
1531,1039925,493.75,504.0,2,11944,2
1531,1039926,1044.5,479.0,1,11945,0
1531,1039927,695.0,576.5,2,11946,0
1531,1039928,462.75,507.125,4,11946,1
1531,1039929,493.75,504.0,2,11946,2
1541,1039904,456.5,503.0,1,11938,0
1541,1039905,695.0,576.5,2,11938,1
1541,1039906,462.75,507.125,4,11938,2
1541,1039907,695.0,576.5,2,11939,0
1541,1039908,462.75,507.125,4,11939,1
1541,1039909,493.75,504.0,2,11939,2
1541,1039910,531.0,505.0,1,11940,0
1541,1039911,462.75,507.125,4,11940,1
1541,1039912,695.0,576.5,2,11940,2
1541,1039913,462.75,507.125,4,11941,0
1541,1039914,695.0,576.5,2,11941,1
1541,1039915,493.75,504.0,2,11941,2
1541,1039916,520.75,508.0,2,11942,0
1541,1039917,695.0,576.5,2,11942,1
1541,1039918,374.5,507.0,1,11942,2
1541,1039919,493.75,504.0,2,11942,3
1541,1039920,435.0,506.1666564941406,3,11943,0
1541,1039921,695.0,576.5,2,11943,1
1541,1039922,493.75,504.0,2,11943,2
1541,1039923,462.75,507.125,4,11944,0
1541,1039924,695.0,576.5,2,11944,1
1541,1039925,493.75,504.0,2,11944,2
1541,1039926,1044.5,479.0,1,11945,0
1541,1039927,695.0,576.5,2,11946,0
1541,1039928,462.75,507.125,4,11946,1
1541,1039929,493.75,504.0,2,11946,2
1551,1039904,456.5,503.0,1,11938,0
1551,1039905,695.0,576.5,2,11938,1
1551,1039906,462.75,507.125,4,11938,2
1551,1039907,695.0,576.5,2,11939,0
1551,1039908,462.75,507.125,4,11939,1
1551,1039909,493.75,504.0,2,11939,2
1551,1039910,531.0,505.0,1,11940,0
1551,1039911,462.75,507.125,4,11940,1
1551,1039912,695.0,576.5,2,11940,2
1551,1039913,462.75,507.125,4,11941,0
1551,1039914,695.0,576.5,2,11941,1
1551,1039915,493.75,504.0,2,11941,2
1551,1039916,520.75,508.0,2,11942,0
1551,1039917,695.0,576.5,2,11942,1
1551,1039918,374.5,507.0,1,11942,2
1551,1039919,493.75,504.0,2,11942,3
1551,1039920,435.0,506.1666564941406,3,11943,0
1551,1039921,695.0,576.5,2,11943,1
1551,1039922,493.75,504.0,2,11943,2
1551,1039923,462.75,507.125,4,11944,0
1551,1039924,695.0,576.5,2,11944,1
1551,1039925,493.75,504.0,2,11944,2
1551,1039926,1044.5,479.0,1,11945,0
1551,1039927,695.0,576.5,2,11946,0
1551,1039928,462.75,507.125,4,11946,1
1551,1039929,493.75,504.0,2,11946,2
1561,1039904,456.5,503.0,1,11938,0
1561,1039905,695.0,576.5,2,11938,1
1561,1039906,462.75,507.125,4,11938,2
1561,1039907,695.0,576.5,2,11939,0
1561,1039908,462.75,507.125,4,11939,1
1561,1039909,493.75,504.0,2,11939,2
1561,1039910,531.0,505.0,1,11940,0
1561,1039911,462.75,507.125,4,11940,1
1561,1039912,695.0,576.5,2,11940,2
1561,1039913,462.75,507.125,4,11941,0
1561,1039914,695.0,576.5,2,11941,1
1561,1039915,493.75,504.0,2,11941,2
1561,1039916,520.75,508.0,2,11942,0
1561,1039917,695.0,576.5,2,11942,1
1561,1039918,374.5,507.0,1,11942,2
1561,1039919,493.75,504.0,2,11942,3
1561,1039920,435.0,506.1666564941406,3,11943,0
1561,1039921,695.0,576.5,2,11943,1
1561,1039922,493.75,504.0,2,11943,2
1561,1039923,462.75,507.125,4,11944,0
1561,1039924,695.0,576.5,2,11944,1
1561,1039925,493.75,504.0,2,11944,2
1561,1039926,1044.5,479.0,1,11945,0
1561,1039927,695.0,576.5,2,11946,0
1561,1039928,462.75,507.125,4,11946,1
1561,1039929,493.75,504.0,2,11946,2
1571,1039904,481.0,505.5,1,11938,0
1571,1039905,711.8333129882812,574.8333129882812,3,11938,1
1571,1039906,488.25,510.9583435058594,3,11938,2
1571,1039907,711.8333129882812,574.8333129882812,3,11939,0
1571,1039908,488.25,510.9583435058594,3,11939,1
1571,1039909,515.75,506.5,2,11939,2
1571,1039910,550.5,507.5,1,11940,0
1571,1039911,488.25,510.9583435058594,3,11940,1
1571,1039912,711.8333129882812,574.8333129882812,3,11940,2
1571,1039913,488.25,510.9583435058594,3,11941,0
1571,1039914,711.8333129882812,574.8333129882812,3,11941,1
1571,1039915,515.75,506.5,2,11941,2
1571,1039916,549.0,510.75,2,11942,0
1571,1039917,698.75,571.25,2,11942,1
1571,1039918,417.5,512.5,1,11942,2
1571,1039919,515.75,506.5,2,11942,3
1571,1039920,461.5,510.9166564941406,2,11943,0
1571,1039921,711.8333129882812,574.8333129882812,3,11943,1
1571,1039922,515.75,506.5,2,11943,2
1571,1039923,488.25,510.9583435058594,3,11944,0
1571,1039924,711.8333129882812,574.8333129882812,3,11944,1
1571,1039925,515.75,506.5,2,11944,2
1571,1039926,1051.0,479.0,1,11945,0
1571,1039927,711.8333129882812,574.8333129882812,3,11946,0
1571,1039928,488.25,510.9583435058594,3,11946,1
1571,1039929,515.75,506.5,2,11946,2
1581,1039904,481.0,505.5,1,11938,0
1581,1039905,711.8333129882812,574.8333129882812,3,11938,1
1581,1039906,488.25,510.9583435058594,3,11938,2
1581,1039907,711.8333129882812,574.8333129882812,3,11939,0
1581,1039908,488.25,510.9583435058594,3,11939,1
1581,1039909,515.75,506.5,2,11939,2
1581,1039910,550.5,507.5,1,11940,0
1581,1039911,488.25,510.9583435058594,3,11940,1
1581,1039912,711.8333129882812,574.8333129882812,3,11940,2
1581,1039913,488.25,510.9583435058594,3,11941,0
1581,1039914,711.8333129882812,574.8333129882812,3,11941,1
1581,1039915,515.75,506.5,2,11941,2
1581,1039916,549.0,510.75,2,11942,0
1581,1039917,698.75,571.25,2,11942,1
1581,1039918,417.5,512.5,1,11942,2
1581,1039919,515.75,506.5,2,11942,3
1581,1039920,461.5,510.9166564941406,2,11943,0
1581,1039921,711.8333129882812,574.8333129882812,3,11943,1
1581,1039922,515.75,506.5,2,11943,2
1581,1039923,488.25,510.9583435058594,3,11944,0
1581,1039924,711.8333129882812,574.8333129882812,3,11944,1
1581,1039925,515.75,506.5,2,11944,2
1581,1039926,1051.0,479.0,1,11945,0
1581,1039927,711.8333129882812,574.8333129882812,3,11946,0
1581,1039928,488.25,510.9583435058594,3,11946,1
1581,1039929,515.75,506.5,2,11946,2
1591,1039904,481.0,505.5,1,11938,0
1591,1039905,711.8333129882812,574.8333129882812,3,11938,1
1591,1039906,488.25,510.9583435058594,3,11938,2
1591,1039907,711.8333129882812,574.8333129882812,3,11939,0
1591,1039908,488.25,510.9583435058594,3,11939,1
1591,1039909,515.75,506.5,2,11939,2
1591,1039910,550.5,507.5,1,11940,0
1591,1039911,488.25,510.9583435058594,3,11940,1
1591,1039912,711.8333129882812,574.8333129882812,3,11940,2
1591,1039913,488.25,510.9583435058594,3,11941,0
1591,1039914,711.8333129882812,574.8333129882812,3,11941,1
1591,1039915,515.75,506.5,2,11941,2
1591,1039916,549.0,510.75,2,11942,0
1591,1039917,698.75,571.25,2,11942,1
1591,1039918,417.5,512.5,1,11942,2
1591,1039919,515.75,506.5,2,11942,3
1591,1039920,461.5,510.9166564941406,2,11943,0
1591,1039921,711.8333129882812,574.8333129882812,3,11943,1
1591,1039922,515.75,506.5,2,11943,2
1591,1039923,488.25,510.9583435058594,3,11944,0
1591,1039924,711.8333129882812,574.8333129882812,3,11944,1
1591,1039925,515.75,506.5,2,11944,2
1591,1039926,1051.0,479.0,1,11945,0
1591,1039927,711.8333129882812,574.8333129882812,3,11946,0
1591,1039928,488.25,510.9583435058594,3,11946,1
1591,1039929,515.75,506.5,2,11946,2
1601,1039904,481.0,505.5,1,11938,0
1601,1039905,711.8333129882812,574.8333129882812,3,11938,1
1601,1039906,488.25,510.9583435058594,3,11938,2
1601,1039907,711.8333129882812,574.8333129882812,3,11939,0
1601,1039908,488.25,510.9583435058594,3,11939,1
1601,1039909,515.75,506.5,2,11939,2
1601,1039910,550.5,507.5,1,11940,0
1601,1039911,488.25,510.9583435058594,3,11940,1
1601,1039912,711.8333129882812,574.8333129882812,3,11940,2
1601,1039913,488.25,510.9583435058594,3,11941,0
1601,1039914,711.8333129882812,574.8333129882812,3,11941,1
1601,1039915,515.75,506.5,2,11941,2
1601,1039916,549.0,510.75,2,11942,0
1601,1039917,698.75,571.25,2,11942,1
1601,1039918,417.5,512.5,1,11942,2
1601,1039919,515.75,506.5,2,11942,3
1601,1039920,461.5,510.9166564941406,2,11943,0
1601,1039921,711.8333129882812,574.8333129882812,3,11943,1
1601,1039922,515.75,506.5,2,11943,2
1601,1039923,488.25,510.9583435058594,3,11944,0
1601,1039924,711.8333129882812,574.8333129882812,3,11944,1
1601,1039925,515.75,506.5,2,11944,2
1601,1039926,1051.0,479.0,1,11945,0
1601,1039927,711.8333129882812,574.8333129882812,3,11946,0
1601,1039928,488.25,510.9583435058594,3,11946,1
1601,1039929,515.75,506.5,2,11946,2
1611,1039904,481.0,505.5,1,11938,0
1611,1039905,711.8333129882812,574.8333129882812,3,11938,1
1611,1039906,488.25,510.9583435058594,3,11938,2
1611,1039907,711.8333129882812,574.8333129882812,3,11939,0
1611,1039908,488.25,510.9583435058594,3,11939,1
1611,1039909,515.75,506.5,2,11939,2
1611,1039910,550.5,507.5,1,11940,0
1611,1039911,488.25,510.9583435058594,3,11940,1
1611,1039912,711.8333129882812,574.8333129882812,3,11940,2
1611,1039913,488.25,510.9583435058594,3,11941,0
1611,1039914,711.8333129882812,574.8333129882812,3,11941,1
1611,1039915,515.75,506.5,2,11941,2
1611,1039916,549.0,510.75,2,11942,0
1611,1039917,698.75,571.25,2,11942,1
1611,1039918,417.5,512.5,1,11942,2
1611,1039919,515.75,506.5,2,11942,3
1611,1039920,461.5,510.9166564941406,2,11943,0
1611,1039921,711.8333129882812,574.8333129882812,3,11943,1
1611,1039922,515.75,506.5,2,11943,2
1611,1039923,488.25,510.9583435058594,3,11944,0
1611,1039924,711.8333129882812,574.8333129882812,3,11944,1
1611,1039925,515.75,506.5,2,11944,2
1611,1039926,1051.0,479.0,1,11945,0
1611,1039927,711.8333129882812,574.8333129882812,3,11946,0
1611,1039928,488.25,510.9583435058594,3,11946,1
1611,1039929,515.75,506.5,2,11946,2
1621,1039904,481.0,505.5,1,11938,0
1621,1039905,711.8333129882812,574.8333129882812,3,11938,1
1621,1039906,488.25,510.9583435058594,3,11938,2
1621,1039907,711.8333129882812,574.8333129882812,3,11939,0
1621,1039908,488.25,510.9583435058594,3,11939,1
1621,1039909,515.75,506.5,2,11939,2
1621,1039910,550.5,507.5,1,11940,0
1621,1039911,488.25,510.9583435058594,3,11940,1
1621,1039912,711.8333129882812,574.8333129882812,3,11940,2
1621,1039913,488.25,510.9583435058594,3,11941,0
1621,1039914,711.8333129882812,574.8333129882812,3,11941,1
1621,1039915,515.75,506.5,2,11941,2
1621,1039916,549.0,510.75,2,11942,0
1621,1039917,698.75,571.25,2,11942,1
1621,1039918,417.5,512.5,1,11942,2
1621,1039919,515.75,506.5,2,11942,3
1621,1039920,461.5,510.9166564941406,2,11943,0
1621,1039921,711.8333129882812,574.8333129882812,3,11943,1
1621,1039922,515.75,506.5,2,11943,2
1621,1039923,488.25,510.9583435058594,3,11944,0
1621,1039924,711.8333129882812,574.8333129882812,3,11944,1
1621,1039925,515.75,506.5,2,11944,2
1621,1039926,1051.0,479.0,1,11945,0
1621,1039927,711.8333129882812,574.8333129882812,3,11946,0
1621,1039928,488.25,510.9583435058594,3,11946,1
1621,1039929,515.75,506.5,2,11946,2
1631,1039904,481.0,505.5,1,11938,0
1631,1039905,711.8333129882812,574.8333129882812,3,11938,1
1631,1039906,488.25,510.9583435058594,3,11938,2
1631,1039907,711.8333129882812,574.8333129882812,3,11939,0
1631,1039908,488.25,510.9583435058594,3,11939,1
1631,1039909,515.75,506.5,2,11939,2
1631,1039910,550.5,507.5,1,11940,0
1631,1039911,488.25,510.9583435058594,3,11940,1
1631,1039912,711.8333129882812,574.8333129882812,3,11940,2
1631,1039913,488.25,510.9583435058594,3,11941,0
1631,1039914,711.8333129882812,574.8333129882812,3,11941,1
1631,1039915,515.75,506.5,2,11941,2
1631,1039916,549.0,510.75,2,11942,0
1631,1039917,698.75,571.25,2,11942,1
1631,1039918,417.5,512.5,1,11942,2
1631,1039919,515.75,506.5,2,11942,3
1631,1039920,461.5,510.9166564941406,2,11943,0
1631,1039921,711.8333129882812,574.8333129882812,3,11943,1
1631,1039922,515.75,506.5,2,11943,2
1631,1039923,488.25,510.9583435058594,3,11944,0
1631,1039924,711.8333129882812,574.8333129882812,3,11944,1
1631,1039925,515.75,506.5,2,11944,2
1631,1039926,1051.0,479.0,1,11945,0
1631,1039927,711.8333129882812,574.8333129882812,3,11946,0
1631,1039928,488.25,510.9583435058594,3,11946,1
1631,1039929,515.75,506.5,2,11946,2
1641,1039904,481.0,505.5,1,11938,0
1641,1039905,711.8333129882812,574.8333129882812,3,11938,1
1641,1039906,488.25,510.9583435058594,3,11938,2
1641,1039907,711.8333129882812,574.8333129882812,3,11939,0
1641,1039908,488.25,510.9583435058594,3,11939,1
1641,1039909,515.75,506.5,2,11939,2
1641,1039910,550.5,507.5,1,11940,0
1641,1039911,488.25,510.9583435058594,3,11940,1
1641,1039912,711.8333129882812,574.8333129882812,3,11940,2
1641,1039913,488.25,510.9583435058594,3,11941,0
1641,1039914,711.8333129882812,574.8333129882812,3,11941,1
1641,1039915,515.75,506.5,2,11941,2
1641,1039916,549.0,510.75,2,11942,0
1641,1039917,698.75,571.25,2,11942,1
1641,1039918,417.5,512.5,1,11942,2
1641,1039919,515.75,506.5,2,11942,3
1641,1039920,461.5,510.9166564941406,2,11943,0
1641,1039921,711.8333129882812,574.8333129882812,3,11943,1
1641,1039922,515.75,506.5,2,11943,2
1641,1039923,488.25,510.9583435058594,3,11944,0
1641,1039924,711.8333129882812,574.8333129882812,3,11944,1
1641,1039925,515.75,506.5,2,11944,2
1641,1039926,1051.0,479.0,1,11945,0
1641,1039927,711.8333129882812,574.8333129882812,3,11946,0
1641,1039928,488.25,510.9583435058594,3,11946,1
1641,1039929,515.75,506.5,2,11946,2
1651,1039904,481.0,505.5,1,11938,0
1651,1039905,711.8333129882812,574.8333129882812,3,11938,1
1651,1039906,488.25,510.9583435058594,3,11938,2
1651,1039907,711.8333129882812,574.8333129882812,3,11939,0
1651,1039908,488.25,510.9583435058594,3,11939,1
1651,1039909,515.75,506.5,2,11939,2
1651,1039910,550.5,507.5,1,11940,0
1651,1039911,488.25,510.9583435058594,3,11940,1
1651,1039912,711.8333129882812,574.8333129882812,3,11940,2
1651,1039913,488.25,510.9583435058594,3,11941,0
1651,1039914,711.8333129882812,574.8333129882812,3,11941,1
1651,1039915,515.75,506.5,2,11941,2
1651,1039916,549.0,510.75,2,11942,0
1651,1039917,698.75,571.25,2,11942,1
1651,1039918,417.5,512.5,1,11942,2
1651,1039919,515.75,506.5,2,11942,3
1651,1039920,461.5,510.9166564941406,2,11943,0
1651,1039921,711.8333129882812,574.8333129882812,3,11943,1
1651,1039922,515.75,506.5,2,11943,2
1651,1039923,488.25,510.9583435058594,3,11944,0
1651,1039924,711.8333129882812,574.8333129882812,3,11944,1
1651,1039925,515.75,506.5,2,11944,2
1651,1039926,1051.0,479.0,1,11945,0
1651,1039927,711.8333129882812,574.8333129882812,3,11946,0
1651,1039928,488.25,510.9583435058594,3,11946,1
1651,1039929,515.75,506.5,2,11946,2
1661,1039904,481.0,505.5,1,11938,0
1661,1039905,711.8333129882812,574.8333129882812,3,11938,1
1661,1039906,488.25,510.9583435058594,3,11938,2
1661,1039907,711.8333129882812,574.8333129882812,3,11939,0
1661,1039908,488.25,510.9583435058594,3,11939,1
1661,1039909,515.75,506.5,2,11939,2
1661,1039910,550.5,507.5,1,11940,0
1661,1039911,488.25,510.9583435058594,3,11940,1
1661,1039912,711.8333129882812,574.8333129882812,3,11940,2
1661,1039913,488.25,510.9583435058594,3,11941,0
1661,1039914,711.8333129882812,574.8333129882812,3,11941,1
1661,1039915,515.75,506.5,2,11941,2
1661,1039916,549.0,510.75,2,11942,0
1661,1039917,698.75,571.25,2,11942,1
1661,1039918,417.5,512.5,1,11942,2
1661,1039919,515.75,506.5,2,11942,3
1661,1039920,461.5,510.9166564941406,2,11943,0
1661,1039921,711.8333129882812,574.8333129882812,3,11943,1
1661,1039922,515.75,506.5,2,11943,2
1661,1039923,488.25,510.9583435058594,3,11944,0
1661,1039924,711.8333129882812,574.8333129882812,3,11944,1
1661,1039925,515.75,506.5,2,11944,2
1661,1039926,1051.0,479.0,1,11945,0
1661,1039927,711.8333129882812,574.8333129882812,3,11946,0
1661,1039928,488.25,510.9583435058594,3,11946,1
1661,1039929,515.75,506.5,2,11946,2
1671,1039904,480.0,516.0,1,11938,0
1671,1039905,683.8333129882812,587.3333129882812,2,11938,1
1671,1039906,473.75,522.2083740234375,2,11938,2
1671,1039907,683.8333129882812,587.3333129882812,2,11939,0
1671,1039908,473.75,522.2083740234375,2,11939,1
1671,1039909,528.0,515.5,2,11939,2
1671,1039910,576.0,515.0,1,11940,0
1671,1039911,473.75,522.2083740234375,2,11940,1
1671,1039912,683.8333129882812,587.3333129882812,2,11940,2
1671,1039913,473.75,522.2083740234375,2,11941,0
1671,1039914,683.8333129882812,587.3333129882812,2,11941,1
1671,1039915,528.0,515.5,2,11941,2
1671,1039916,598.0,515.5,2,11942,0
1671,1039917,700.5,571.75,2,11942,1
1671,1039918,358.0,537.0,1,11942,2
1671,1039919,528.0,515.5,2,11942,3
1671,1039920,481.0,530.4166259765625,2,11943,0
1671,1039921,683.8333129882812,587.3333129882812,2,11943,1
1671,1039922,528.0,515.5,2,11943,2
1671,1039923,473.75,522.2083740234375,2,11944,0
1671,1039924,683.8333129882812,587.3333129882812,2,11944,1
1671,1039925,528.0,515.5,2,11944,2
1671,1039926,1057.5,479.0,1,11945,0
1671,1039927,683.8333129882812,587.3333129882812,2,11946,0
1671,1039928,473.75,522.2083740234375,2,11946,1
1671,1039929,528.0,515.5,2,11946,2
