frame,cluster_id,x,y,cluster_size,source_sample_index,source_local_cluster_id
11,1055418,1911.0,468.5,1,16171,0
11,1055419,1894.5,472.5,1,16171,1
11,1055420,531.0,348.1666564941406,3,16172,0
11,1055421,1474.5,485.5,1,16172,1
11,1055422,1435.1666259765625,471.8333435058594,3,16173,0
11,1055423,531.0,348.1666564941406,3,16174,0
11,1055424,1894.5,472.5,1,16175,0
11,1055425,1911.0,468.5,1,16175,1
11,1055426,1518.25,498.25,2,16176,0
11,1055427,1339.0,556.5,1,16176,1
11,1055428,1531.5,460.0,3,16177,0
11,1055429,531.0,348.1666564941406,3,16178,0
11,1055430,1560.0,447.25,2,16179,0
11,1055431,1480.300048828125,474.6000061035156,5,16180,0
11,1055432,525.0,347.5,1,16180,1
11,1055433,1435.1666259765625,471.8333435058594,3,16181,0
11,1055434,1339.0,556.5,1,16182,0
11,1055435,1562.0,511.0,1,16182,1
11,1055436,28.5,474.5,1,16183,0
21,1055418,1911.0,468.5,1,16171,0
21,1055419,1894.5,472.5,1,16171,1
21,1055420,531.0,348.1666564941406,3,16172,0
21,1055421,1474.5,485.5,1,16172,1
21,1055422,1435.1666259765625,471.8333435058594,3,16173,0
21,1055423,531.0,348.1666564941406,3,16174,0
21,1055424,1894.5,472.5,1,16175,0
21,1055425,1911.0,468.5,1,16175,1
21,1055426,1518.25,498.25,2,16176,0
21,1055427,1339.0,556.5,1,16176,1
21,1055428,1531.5,460.0,3,16177,0
21,1055429,531.0,348.1666564941406,3,16178,0
21,1055430,1560.0,447.25,2,16179,0
21,1055431,1480.300048828125,474.6000061035156,5,16180,0
21,1055432,525.0,347.5,1,16180,1
21,1055433,1435.1666259765625,471.8333435058594,3,16181,0
21,1055434,1339.0,556.5,1,16182,0
21,1055435,1562.0,511.0,1,16182,1
21,1055436,28.5,474.5,1,16183,0
31,1055418,1911.0,468.5,1,16171,0
31,1055419,1894.5,472.5,1,16171,1
31,1055420,531.0,348.1666564941406,3,16172,0
31,1055421,1474.5,485.5,1,16172,1
31,1055422,1435.1666259765625,471.8333435058594,3,16173,0
31,1055423,531.0,348.1666564941406,3,16174,0
31,1055424,1894.5,472.5,1,16175,0
31,1055425,1911.0,468.5,1,16175,1
31,1055426,1518.25,498.25,2,16176,0
31,1055427,1339.0,556.5,1,16176,1
31,1055428,1531.5,460.0,3,16177,0
31,1055429,531.0,348.1666564941406,3,16178,0
31,1055430,1560.0,447.25,2,16179,0
31,1055431,1480.300048828125,474.6000061035156,5,16180,0
31,1055432,525.0,347.5,1,16180,1
31,1055433,1435.1666259765625,471.8333435058594,3,16181,0
31,1055434,1339.0,556.5,1,16182,0
31,1055435,1562.0,511.0,1,16182,1
31,1055436,28.5,474.5,1,16183,0
41,1055418,1911.0,468.5,1,16171,0
41,1055419,1894.5,472.5,1,16171,1
41,1055420,531.0,348.1666564941406,3,16172,0
41,1055421,1474.5,485.5,1,16172,1
41,1055422,1435.1666259765625,471.8333435058594,3,16173,0
41,1055423,531.0,348.1666564941406,3,16174,0
41,1055424,1894.5,472.5,1,16175,0
41,1055425,1911.0,468.5,1,16175,1
41,1055426,1518.25,498.25,2,16176,0
41,1055427,1339.0,556.5,1,16176,1
41,1055428,1531.5,460.0,3,16177,0
41,1055429,531.0,348.1666564941406,3,16178,0
41,1055430,1560.0,447.25,2,16179,0
41,1055431,1480.300048828125,474.6000061035156,5,16180,0
41,1055432,525.0,347.5,1,16180,1
41,1055433,1435.1666259765625,471.8333435058594,3,16181,0
41,1055434,1339.0,556.5,1,16182,0
41,1055435,1562.0,511.0,1,16182,1
41,1055436,28.5,474.5,1,16183,0
51,1055418,1911.0,468.5,1,16171,0
51,1055419,1894.5,472.5,1,16171,1
51,1055420,531.0,348.1666564941406,3,16172,0
51,1055421,1474.5,485.5,1,16172,1
51,1055422,1435.1666259765625,471.8333435058594,3,16173,0
51,1055423,531.0,348.1666564941406,3,16174,0
51,1055424,1894.5,472.5,1,16175,0
51,1055425,1911.0,468.5,1,16175,1
51,1055426,1518.25,498.25,2,16176,0
51,1055427,1339.0,556.5,1,16176,1
51,1055428,1531.5,460.0,3,16177,0
51,1055429,531.0,348.1666564941406,3,16178,0
51,1055430,1560.0,447.25,2,16179,0
51,1055431,1480.300048828125,474.6000061035156,5,16180,0
51,1055432,525.0,347.5,1,16180,1
51,1055433,1435.1666259765625,471.8333435058594,3,16181,0
51,1055434,1339.0,556.5,1,16182,0
51,1055435,1562.0,511.0,1,16182,1
51,1055436,28.5,474.5,1,16183,0
61,1055418,1911.0,468.5,1,16171,0
61,1055419,1894.5,472.5,1,16171,1
61,1055420,531.0,348.1666564941406,3,16172,0
61,1055421,1474.5,485.5,1,16172,1
61,1055422,1435.1666259765625,471.8333435058594,3,16173,0
61,1055423,531.0,348.1666564941406,3,16174,0
61,1055424,1894.5,472.5,1,16175,0
61,1055425,1911.0,468.5,1,16175,1
61,1055426,1518.25,498.25,2,16176,0
61,1055427,1339.0,556.5,1,16176,1
61,1055428,1531.5,460.0,3,16177,0
61,1055429,531.0,348.1666564941406,3,16178,0
61,1055430,1560.0,447.25,2,16179,0
61,1055431,1480.300048828125,474.6000061035156,5,16180,0
61,1055432,525.0,347.5,1,16180,1
61,1055433,1435.1666259765625,471.8333435058594,3,16181,0
61,1055434,1339.0,556.5,1,16182,0
61,1055435,1562.0,511.0,1,16182,1
61,1055436,28.5,474.5,1,16183,0
71,1055418,1911.0,468.5,1,16171,0
71,1055419,1894.5,472.5,1,16171,1
71,1055420,531.0,348.1666564941406,3,16172,0
71,1055421,1474.5,485.5,1,16172,1
71,1055422,1435.1666259765625,471.8333435058594,3,16173,0
71,1055423,531.0,348.1666564941406,3,16174,0
71,1055424,1894.5,472.5,1,16175,0
71,1055425,1911.0,468.5,1,16175,1
71,1055426,1518.25,498.25,2,16176,0
71,1055427,1339.0,556.5,1,16176,1
71,1055428,1531.5,460.0,3,16177,0
71,1055429,531.0,348.1666564941406,3,16178,0
71,1055430,1560.0,447.25,2,16179,0
71,1055431,1480.300048828125,474.6000061035156,5,16180,0
71,1055432,525.0,347.5,1,16180,1
71,1055433,1435.1666259765625,471.8333435058594,3,16181,0
71,1055434,1339.0,556.5,1,16182,0
71,1055435,1562.0,511.0,1,16182,1
71,1055436,28.5,474.5,1,16183,0
81,1055418,1911.0,468.5,1,16171,0
81,1055419,1894.5,472.5,1,16171,1
81,1055420,531.0,348.1666564941406,3,16172,0
81,1055421,1474.5,485.5,1,16172,1
81,1055422,1435.1666259765625,471.8333435058594,3,16173,0
81,1055423,531.0,348.1666564941406,3,16174,0
81,1055424,1894.5,472.5,1,16175,0
81,1055425,1911.0,468.5,1,16175,1
81,1055426,1518.25,498.25,2,16176,0
81,1055427,1339.0,556.5,1,16176,1
81,1055428,1531.5,460.0,3,16177,0
81,1055429,531.0,348.1666564941406,3,16178,0
81,1055430,1560.0,447.25,2,16179,0
81,1055431,1480.300048828125,474.6000061035156,5,16180,0
81,1055432,525.0,347.5,1,16180,1
81,1055433,1435.1666259765625,471.8333435058594,3,16181,0
81,1055434,1339.0,556.5,1,16182,0
81,1055435,1562.0,511.0,1,16182,1
81,1055436,28.5,474.5,1,16183,0
91,1055418,1911.0,468.5,1,16171,0
91,1055419,1894.5,472.5,1,16171,1
91,1055420,531.0,348.1666564941406,3,16172,0
91,1055421,1474.5,485.5,1,16172,1
91,1055422,1435.1666259765625,471.8333435058594,3,16173,0
91,1055423,531.0,348.1666564941406,3,16174,0
91,1055424,1894.5,472.5,1,16175,0
91,1055425,1911.0,468.5,1,16175,1
91,1055426,1518.25,498.25,2,16176,0
91,1055427,1339.0,556.5,1,16176,1
91,1055428,1531.5,460.0,3,16177,0
91,1055429,531.0,348.1666564941406,3,16178,0
91,1055430,1560.0,447.25,2,16179,0
91,1055431,1480.300048828125,474.6000061035156,5,16180,0
91,1055432,525.0,347.5,1,16180,1
91,1055433,1435.1666259765625,471.8333435058594,3,16181,0
91,1055434,1339.0,556.5,1,16182,0
91,1055435,1562.0,511.0,1,16182,1
91,1055436,28.5,474.5,1,16183,0
101,1055418,1884.5,465.5,1,16171,0
101,1055419,1889.0,469.5,1,16171,1
101,1055420,530.0,348.1666564941406,3,16172,0
101,1055421,1423.0,485.0,1,16172,1
101,1055422,1397.6666259765625,472.0833435058594,2,16173,0
101,1055423,530.0,348.1666564941406,3,16174,0
101,1055424,1889.0,469.5,1,16175,0
101,1055425,1884.5,465.5,1,16175,1
101,1055426,1493.75,498.5,2,16176,0
101,1055427,1370.5,551.5,1,16176,1
101,1055428,1501.75,460.75,2,16177,0
101,1055429,530.0,348.1666564941406,3,16178,0
101,1055430,1542.5,448.0,2,16179,0
101,1055431,1453.675048828125,474.9750061035156,4,16180,0
101,1055432,521.5,347.5,1,16180,1
101,1055433,1397.6666259765625,472.0833435058594,2,16181,0
101,1055434,1370.5,551.5,1,16182,0
101,1055435,1564.5,512.0,1,16182,1
101,1055436,21.0,473.0,1,16183,0
111,1055418,1884.5,465.5,1,16171,0
111,1055419,1889.0,469.5,1,16171,1
111,1055420,530.0,348.1666564941406,3,16172,0
111,1055421,1423.0,485.0,1,16172,1
111,1055422,1397.6666259765625,472.0833435058594,2,16173,0
111,1055423,530.0,348.1666564941406,3,16174,0
111,1055424,1889.0,469.5,1,16175,0
111,1055425,1884.5,465.5,1,16175,1
111,1055426,1493.75,498.5,2,16176,0
111,1055427,1370.5,551.5,1,16176,1
111,1055428,1501.75,460.75,2,16177,0
111,1055429,530.0,348.1666564941406,3,16178,0
111,1055430,1542.5,448.0,2,16179,0
111,1055431,1453.675048828125,474.9750061035156,4,16180,0
111,1055432,521.5,347.5,1,16180,1
111,1055433,1397.6666259765625,472.0833435058594,2,16181,0
111,1055434,1370.5,551.5,1,16182,0
111,1055435,1564.5,512.0,1,16182,1
111,1055436,21.0,473.0,1,16183,0
121,1055418,1884.5,465.5,1,16171,0
121,1055419,1889.0,469.5,1,16171,1
121,1055420,530.0,348.1666564941406,3,16172,0
121,1055421,1423.0,485.0,1,16172,1
121,1055422,1397.6666259765625,472.0833435058594,2,16173,0
121,1055423,530.0,348.1666564941406,3,16174,0
121,1055424,1889.0,469.5,1,16175,0
121,1055425,1884.5,465.5,1,16175,1
121,1055426,1493.75,498.5,2,16176,0
121,1055427,1370.5,551.5,1,16176,1
121,1055428,1501.75,460.75,2,16177,0
121,1055429,530.0,348.1666564941406,3,16178,0
121,1055430,1542.5,448.0,2,16179,0
121,1055431,1453.675048828125,474.9750061035156,4,16180,0
121,1055432,521.5,347.5,1,16180,1
121,1055433,1397.6666259765625,472.0833435058594,2,16181,0
121,1055434,1370.5,551.5,1,16182,0
121,1055435,1564.5,512.0,1,16182,1
121,1055436,21.0,473.0,1,16183,0
131,1055418,1884.5,465.5,1,16171,0
131,1055419,1889.0,469.5,1,16171,1
131,1055420,530.0,348.1666564941406,3,16172,0
131,1055421,1423.0,485.0,1,16172,1
131,1055422,1397.6666259765625,472.0833435058594,2,16173,0
131,1055423,530.0,348.1666564941406,3,16174,0
131,1055424,1889.0,469.5,1,16175,0
131,1055425,1884.5,465.5,1,16175,1
131,1055426,1493.75,498.5,2,16176,0
131,1055427,1370.5,551.5,1,16176,1
131,1055428,1501.75,460.75,2,16177,0
131,1055429,530.0,348.1666564941406,3,16178,0
131,1055430,1542.5,448.0,2,16179,0
131,1055431,1453.675048828125,474.9750061035156,4,16180,0
131,1055432,521.5,347.5,1,16180,1
131,1055433,1397.6666259765625,472.0833435058594,2,16181,0
131,1055434,1370.5,551.5,1,16182,0
131,1055435,1564.5,512.0,1,16182,1
131,1055436,21.0,473.0,1,16183,0
141,1055418,1884.5,465.5,1,16171,0
141,1055419,1889.0,469.5,1,16171,1
141,1055420,530.0,348.1666564941406,3,16172,0
141,1055421,1423.0,485.0,1,16172,1
141,1055422,1397.6666259765625,472.0833435058594,2,16173,0
141,1055423,530.0,348.1666564941406,3,16174,0
141,1055424,1889.0,469.5,1,16175,0
141,1055425,1884.5,465.5,1,16175,1
141,1055426,1493.75,498.5,2,16176,0
141,1055427,1370.5,551.5,1,16176,1
141,1055428,1501.75,460.75,2,16177,0
141,1055429,530.0,348.1666564941406,3,16178,0
141,1055430,1542.5,448.0,2,16179,0
141,1055431,1453.675048828125,474.9750061035156,4,16180,0
141,1055432,521.5,347.5,1,16180,1
141,1055433,1397.6666259765625,472.0833435058594,2,16181,0
141,1055434,1370.5,551.5,1,16182,0
141,1055435,1564.5,512.0,1,16182,1
141,1055436,21.0,473.0,1,16183,0
151,1055418,1884.5,465.5,1,16171,0
151,1055419,1889.0,469.5,1,16171,1
151,1055420,530.0,348.1666564941406,3,16172,0
151,1055421,1423.0,485.0,1,16172,1
151,1055422,1397.6666259765625,472.0833435058594,2,16173,0
151,1055423,530.0,348.1666564941406,3,16174,0
151,1055424,1889.0,469.5,1,16175,0
151,1055425,1884.5,465.5,1,16175,1
151,1055426,1493.75,498.5,2,16176,0
151,1055427,1370.5,551.5,1,16176,1
151,1055428,1501.75,460.75,2,16177,0
151,1055429,530.0,348.1666564941406,3,16178,0
151,1055430,1542.5,448.0,2,16179,0
151,1055431,1453.675048828125,474.9750061035156,4,16180,0
151,1055432,521.5,347.5,1,16180,1
151,1055433,1397.6666259765625,472.0833435058594,2,16181,0
151,1055434,1370.5,551.5,1,16182,0
151,1055435,1564.5,512.0,1,16182,1
151,1055436,21.0,473.0,1,16183,0
161,1055418,1884.5,465.5,1,16171,0
161,1055419,1889.0,469.5,1,16171,1
161,1055420,530.0,348.1666564941406,3,16172,0
161,1055421,1423.0,485.0,1,16172,1
161,1055422,1397.6666259765625,472.0833435058594,2,16173,0
161,1055423,530.0,348.1666564941406,3,16174,0
161,1055424,1889.0,469.5,1,16175,0
161,1055425,1884.5,465.5,1,16175,1
161,1055426,1493.75,498.5,2,16176,0
161,1055427,1370.5,551.5,1,16176,1
161,1055428,1501.75,460.75,2,16177,0
161,1055429,530.0,348.1666564941406,3,16178,0
161,1055430,1542.5,448.0,2,16179,0
161,1055431,1453.675048828125,474.9750061035156,4,16180,0
161,1055432,521.5,347.5,1,16180,1
161,1055433,1397.6666259765625,472.0833435058594,2,16181,0
161,1055434,1370.5,551.5,1,16182,0
161,1055435,1564.5,512.0,1,16182,1
161,1055436,21.0,473.0,1,16183,0
171,1055418,1884.5,465.5,1,16171,0
171,1055419,1889.0,469.5,1,16171,1
171,1055420,530.0,348.1666564941406,3,16172,0
171,1055421,1423.0,485.0,1,16172,1
171,1055422,1397.6666259765625,472.0833435058594,2,16173,0
171,1055423,530.0,348.1666564941406,3,16174,0
171,1055424,1889.0,469.5,1,16175,0
171,1055425,1884.5,465.5,1,16175,1
171,1055426,1493.75,498.5,2,16176,0
171,1055427,1370.5,551.5,1,16176,1
171,1055428,1501.75,460.75,2,16177,0
171,1055429,530.0,348.1666564941406,3,16178,0
171,1055430,1542.5,448.0,2,16179,0
171,1055431,1453.675048828125,474.9750061035156,4,16180,0
171,1055432,521.5,347.5,1,16180,1
171,1055433,1397.6666259765625,472.0833435058594,2,16181,0
171,1055434,1370.5,551.5,1,16182,0
171,1055435,1564.5,512.0,1,16182,1
171,1055436,21.0,473.0,1,16183,0
181,1055418,1884.5,465.5,1,16171,0
181,1055419,1889.0,469.5,1,16171,1
181,1055420,530.0,348.1666564941406,3,16172,0
181,1055421,1423.0,485.0,1,16172,1
181,1055422,1397.6666259765625,472.0833435058594,2,16173,0
181,1055423,530.0,348.1666564941406,3,16174,0
181,1055424,1889.0,469.5,1,16175,0
181,1055425,1884.5,465.5,1,16175,1
181,1055426,1493.75,498.5,2,16176,0
181,1055427,1370.5,551.5,1,16176,1
181,1055428,1501.75,460.75,2,16177,0
181,1055429,530.0,348.1666564941406,3,16178,0
181,1055430,1542.5,448.0,2,16179,0
181,1055431,1453.675048828125,474.9750061035156,4,16180,0
181,1055432,521.5,347.5,1,16180,1
181,1055433,1397.6666259765625,472.0833435058594,2,16181,0
181,1055434,1370.5,551.5,1,16182,0
181,1055435,1564.5,512.0,1,16182,1
181,1055436,21.0,473.0,1,16183,0
191,1055418,1884.5,465.5,1,16171,0
191,1055419,1889.0,469.5,1,16171,1
191,1055420,530.0,348.1666564941406,3,16172,0
191,1055421,1423.0,485.0,1,16172,1
191,1055422,1397.6666259765625,472.0833435058594,2,16173,0
191,1055423,530.0,348.1666564941406,3,16174,0
191,1055424,1889.0,469.5,1,16175,0
191,1055425,1884.5,465.5,1,16175,1
191,1055426,1493.75,498.5,2,16176,0
191,1055427,1370.5,551.5,1,16176,1
191,1055428,1501.75,460.75,2,16177,0
191,1055429,530.0,348.1666564941406,3,16178,0
191,1055430,1542.5,448.0,2,16179,0
191,1055431,1453.675048828125,474.9750061035156,4,16180,0
191,1055432,521.5,347.5,1,16180,1
191,1055433,1397.6666259765625,472.0833435058594,2,16181,0
191,1055434,1370.5,551.5,1,16182,0
191,1055435,1564.5,512.0,1,16182,1
191,1055436,21.0,473.0,1,16183,0
201,1055418,1897.5,462.0,1,16171,0
201,1055419,1900.0,469.5,1,16171,1
201,1055420,529.5,346.6666564941406,3,16172,0
201,1055421,1367.5,485.0,1,16172,1
201,1055422,1355.9166259765625,472.5833435058594,2,16173,0
201,1055423,529.5,346.6666564941406,3,16174,0
201,1055424,1900.0,469.5,1,16175,0
201,1055425,1897.5,462.0,1,16175,1
201,1055426,1463.5,498.5,2,16176,0
201,1055427,1384.5,551.5,1,16176,1
201,1055428,1464.75,461.25,2,16177,0
201,1055429,529.5,346.6666564941406,3,16178,0
201,1055430,1512.5,449.0,2,16179,0
201,1055431,1424.175048828125,475.308349609375,3,16180,0
201,1055432,520.0,343.0,1,16180,1
201,1055433,1355.9166259765625,472.5833435058594,2,16181,0
201,1055434,1384.5,551.5,1,16182,0
201,1055435,1559.5,512.0,1,16182,1
201,1055436,22.0,473.0,1,16183,0
221,1055437,1782.5,459.5,4,16184,0
221,1055438,1524.5,429.5,1,16184,1
221,1055439,1730.0,443.5,1,16184,2
221,1055440,1524.5,429.5,1,16185,0
221,1055441,1730.0,443.5,1,16185,1
221,1055442,1622.375,451.125,4,16185,2
221,1055443,1900.5,459.0,1,16185,3
221,1055444,421.75,464.0,2,16186,0
221,1055445,777.3333129882812,474.5,3,16186,1
221,1055446,977.5,474.0,1,16186,2
221,1055447,1331.5999755859375,468.29998779296875,5,16187,0
221,1055448,777.3333129882812,474.5,3,16188,0
221,1055449,977.5,474.0,1,16188,1
221,1055450,462.0,448.5,1,16188,2
221,1055451,513.0,346.0,1,16189,0
221,1055452,555.0,351.0,1,16189,1
221,1055453,547.5,369.5,1,16189,2
221,1055454,1730.0,443.5,1,16190,0
221,1055455,1524.5,429.5,1,16190,1
221,1055456,1782.5,459.5,4,16190,2
221,1055457,777.3333129882812,474.5,3,16191,0
221,1055458,421.75,464.0,2,16191,1
221,1055459,23.0,471.5,1,16191,2
221,1055460,1344.9166259765625,467.75,6,16192,0
221,1055461,1331.5999755859375,468.29998779296875,5,16193,0
221,1055462,909.0,469.0,1,16193,1
221,1055463,1560.5,512.0,1,16194,0
221,1055464,1275.5,569.0,1,16194,1
221,1055465,755.0,620.5,1,16194,2
221,1055466,303.0,654.5,1,16194,3
221,1055467,1817.5,488.5,1,16194,4
221,1055468,1365.857177734375,466.71429443359375,7,16195,0
221,1055469,1817.5,488.5,1,16195,1
221,1055470,1701.25,458.6666564941406,6,16196,0
221,1055471,1270.5,466.5,1,16196,1
221,1055472,1808.5,480.375,4,16196,2
221,1055473,1560.5,512.0,1,16196,3
221,1055474,555.0,351.0,1,16197,0
221,1055475,547.5,369.5,1,16197,1
221,1055476,513.0,346.0,1,16197,2
221,1055477,421.75,464.0,2,16198,0
221,1055478,23.0,471.5,1,16198,1
221,1055479,773.25,475.25,2,16198,2
221,1055480,1586.0,453.5,1,16199,0
221,1055481,1817.5,488.5,1,16199,1
221,1055482,1524.5,429.5,1,16199,2
221,1055483,1491.5,460.5,1,16200,0
221,1055484,1270.5,466.5,1,16200,1
221,1055485,1817.5,488.5,1,16200,2
221,1055486,1524.5,429.5,1,16200,3
221,1055487,943.25,471.5,2,16201,0
221,1055488,1311.0,479.0,1,16201,1
221,1055489,1353.625,465.75,4,16202,0
221,1055490,1834.6666259765625,492.6666564941406,3,16203,0
221,1055491,1275.5,569.0,1,16203,1
221,1055492,646.5,638.5,1,16203,2
221,1055493,1859.0,473.75,2,16203,3
221,1055494,23.0,471.5,1,16204,0
221,1055495,773.25,475.25,2,16204,1
221,1055496,381.5,479.5,1,16204,2
221,1055497,1344.9166259765625,467.75,6,16205,0
221,1055498,547.5,369.5,1,16206,0
221,1055499,513.0,346.0,1,16206,1
221,1055500,555.0,351.0,1,16206,2
221,1055501,1834.6666259765625,492.6666564941406,3,16207,0
221,1055502,303.0,654.5,1,16207,1
221,1055503,1859.0,473.75,2,16207,2
221,1055504,777.3333129882812,474.5,3,16208,0
221,1055505,421.75,464.0,2,16208,1
221,1055506,23.0,471.5,1,16208,2
221,1055507,1834.6666259765625,492.6666564941406,3,16209,0
221,1055508,646.5,638.5,1,16209,1
221,1055509,303.0,654.5,1,16209,2
221,1055510,1859.0,473.75,2,16209,3
221,1055511,1743.1666259765625,459.6666564941406,3,16210,0
221,1055512,1524.5,429.5,1,16210,1
221,1055513,1730.0,443.5,1,16210,2
221,1055514,943.25,471.5,2,16211,0
221,1055515,462.0,448.5,1,16211,1
221,1055516,785.5,473.0,1,16211,2
221,1055517,1815.3333740234375,464.0,3,16212,0
221,1055518,1524.5,429.5,1,16212,1
221,1055519,1808.5,480.375,4,16212,2
221,1055520,1275.5,569.0,1,16213,0
221,1055521,700.75,629.5,2,16213,1
221,1055522,303.0,654.5,1,16213,2
221,1055523,1560.5,512.0,1,16213,3
221,1055524,1867.5,481.0,1,16213,4
221,1055525,700.75,629.5,2,16214,0
221,1055526,303.0,654.5,1,16214,1
221,1055527,1560.5,512.0,1,16214,2
221,1055528,1275.5,569.0,1,16214,3
221,1055529,700.75,629.5,2,16215,0
221,1055530,303.0,654.5,1,16215,1
221,1055531,1862.0,489.0,2,16215,2
221,1055532,1275.5,569.0,1,16215,3
221,1055533,303.0,654.5,1,16216,0
221,1055534,1560.5,512.0,1,16216,1
221,1055535,1780.0,500.0,1,16216,2
221,1055536,1275.5,569.0,1,16216,3
221,1055537,700.75,629.5,2,16216,4
221,1055538,1856.5,497.0,1,16216,5
231,1055437,1782.5,459.5,4,16184,0
231,1055438,1524.5,429.5,1,16184,1
231,1055439,1730.0,443.5,1,16184,2
231,1055440,1524.5,429.5,1,16185,0
231,1055441,1730.0,443.5,1,16185,1
231,1055442,1622.375,451.125,4,16185,2
231,1055443,1900.5,459.0,1,16185,3
231,1055444,421.75,464.0,2,16186,0
231,1055445,777.3333129882812,474.5,3,16186,1
231,1055446,977.5,474.0,1,16186,2
231,1055447,1331.5999755859375,468.29998779296875,5,16187,0
231,1055448,777.3333129882812,474.5,3,16188,0
231,1055449,977.5,474.0,1,16188,1
231,1055450,462.0,448.5,1,16188,2
231,1055451,513.0,346.0,1,16189,0
231,1055452,555.0,351.0,1,16189,1
231,1055453,547.5,369.5,1,16189,2
231,1055454,1730.0,443.5,1,16190,0
231,1055455,1524.5,429.5,1,16190,1
231,1055456,1782.5,459.5,4,16190,2
231,1055457,777.3333129882812,474.5,3,16191,0
231,1055458,421.75,464.0,2,16191,1
231,1055459,23.0,471.5,1,16191,2
231,1055460,1344.9166259765625,467.75,6,16192,0
231,1055461,1331.5999755859375,468.29998779296875,5,16193,0
231,1055462,909.0,469.0,1,16193,1
231,1055463,1560.5,512.0,1,16194,0
231,1055464,1275.5,569.0,1,16194,1
231,1055465,755.0,620.5,1,16194,2
231,1055466,303.0,654.5,1,16194,3
231,1055467,1817.5,488.5,1,16194,4
231,1055468,1365.857177734375,466.71429443359375,7,16195,0
231,1055469,1817.5,488.5,1,16195,1
231,1055470,1701.25,458.6666564941406,6,16196,0
231,1055471,1270.5,466.5,1,16196,1
231,1055472,1808.5,480.375,4,16196,2
231,1055473,1560.5,512.0,1,16196,3
231,1055474,555.0,351.0,1,16197,0
231,1055475,547.5,369.5,1,16197,1
231,1055476,513.0,346.0,1,16197,2
231,1055477,421.75,464.0,2,16198,0
231,1055478,23.0,471.5,1,16198,1
231,1055479,773.25,475.25,2,16198,2
231,1055480,1586.0,453.5,1,16199,0
231,1055481,1817.5,488.5,1,16199,1
231,1055482,1524.5,429.5,1,16199,2
231,1055483,1491.5,460.5,1,16200,0
231,1055484,1270.5,466.5,1,16200,1
231,1055485,1817.5,488.5,1,16200,2
231,1055486,1524.5,429.5,1,16200,3
231,1055487,943.25,471.5,2,16201,0
231,1055488,1311.0,479.0,1,16201,1
231,1055489,1353.625,465.75,4,16202,0
231,1055490,1834.6666259765625,492.6666564941406,3,16203,0
231,1055491,1275.5,569.0,1,16203,1
231,1055492,646.5,638.5,1,16203,2
231,1055493,1859.0,473.75,2,16203,3
231,1055494,23.0,471.5,1,16204,0
231,1055495,773.25,475.25,2,16204,1
231,1055496,381.5,479.5,1,16204,2
231,1055497,1344.9166259765625,467.75,6,16205,0
231,1055498,547.5,369.5,1,16206,0
231,1055499,513.0,346.0,1,16206,1
231,1055500,555.0,351.0,1,16206,2
231,1055501,1834.6666259765625,492.6666564941406,3,16207,0
231,1055502,303.0,654.5,1,16207,1
231,1055503,1859.0,473.75,2,16207,2
231,1055504,777.3333129882812,474.5,3,16208,0
231,1055505,421.75,464.0,2,16208,1
231,1055506,23.0,471.5,1,16208,2
231,1055507,1834.6666259765625,492.6666564941406,3,16209,0
231,1055508,646.5,638.5,1,16209,1
231,1055509,303.0,654.5,1,16209,2
231,1055510,1859.0,473.75,2,16209,3
231,1055511,1743.1666259765625,459.6666564941406,3,16210,0
231,1055512,1524.5,429.5,1,16210,1
231,1055513,1730.0,443.5,1,16210,2
231,1055514,943.25,471.5,2,16211,0
231,1055515,462.0,448.5,1,16211,1
231,1055516,785.5,473.0,1,16211,2
231,1055517,1815.3333740234375,464.0,3,16212,0
231,1055518,1524.5,429.5,1,16212,1
231,1055519,1808.5,480.375,4,16212,2
231,1055520,1275.5,569.0,1,16213,0
231,1055521,700.75,629.5,2,16213,1
231,1055522,303.0,654.5,1,16213,2
231,1055523,1560.5,512.0,1,16213,3
231,1055524,1867.5,481.0,1,16213,4
231,1055525,700.75,629.5,2,16214,0
231,1055526,303.0,654.5,1,16214,1
231,1055527,1560.5,512.0,1,16214,2
231,1055528,1275.5,569.0,1,16214,3
231,1055529,700.75,629.5,2,16215,0
231,1055530,303.0,654.5,1,16215,1
231,1055531,1862.0,489.0,2,16215,2
231,1055532,1275.5,569.0,1,16215,3
231,1055533,303.0,654.5,1,16216,0
231,1055534,1560.5,512.0,1,16216,1
231,1055535,1780.0,500.0,1,16216,2
231,1055536,1275.5,569.0,1,16216,3
231,1055537,700.75,629.5,2,16216,4
231,1055538,1856.5,497.0,1,16216,5
241,1055437,1782.5,459.5,4,16184,0
241,1055438,1524.5,429.5,1,16184,1
241,1055439,1730.0,443.5,1,16184,2
241,1055440,1524.5,429.5,1,16185,0
241,1055441,1730.0,443.5,1,16185,1
241,1055442,1622.375,451.125,4,16185,2
241,1055443,1900.5,459.0,1,16185,3
241,1055444,421.75,464.0,2,16186,0
241,1055445,777.3333129882812,474.5,3,16186,1
241,1055446,977.5,474.0,1,16186,2
241,1055447,1331.5999755859375,468.29998779296875,5,16187,0
241,1055448,777.3333129882812,474.5,3,16188,0
241,1055449,977.5,474.0,1,16188,1
241,1055450,462.0,448.5,1,16188,2
241,1055451,513.0,346.0,1,16189,0
241,1055452,555.0,351.0,1,16189,1
241,1055453,547.5,369.5,1,16189,2
241,1055454,1730.0,443.5,1,16190,0
241,1055455,1524.5,429.5,1,16190,1
241,1055456,1782.5,459.5,4,16190,2
241,1055457,777.3333129882812,474.5,3,16191,0
241,1055458,421.75,464.0,2,16191,1
241,1055459,23.0,471.5,1,16191,2
241,1055460,1344.9166259765625,467.75,6,16192,0
241,1055461,1331.5999755859375,468.29998779296875,5,16193,0
241,1055462,909.0,469.0,1,16193,1
241,1055463,1560.5,512.0,1,16194,0
241,1055464,1275.5,569.0,1,16194,1
241,1055465,755.0,620.5,1,16194,2
241,1055466,303.0,654.5,1,16194,3
241,1055467,1817.5,488.5,1,16194,4
241,1055468,1365.857177734375,466.71429443359375,7,16195,0
241,1055469,1817.5,488.5,1,16195,1
241,1055470,1701.25,458.6666564941406,6,16196,0
241,1055471,1270.5,466.5,1,16196,1
241,1055472,1808.5,480.375,4,16196,2
241,1055473,1560.5,512.0,1,16196,3
241,1055474,555.0,351.0,1,16197,0
241,1055475,547.5,369.5,1,16197,1
241,1055476,513.0,346.0,1,16197,2
241,1055477,421.75,464.0,2,16198,0
241,1055478,23.0,471.5,1,16198,1
241,1055479,773.25,475.25,2,16198,2
241,1055480,1586.0,453.5,1,16199,0
241,1055481,1817.5,488.5,1,16199,1
241,1055482,1524.5,429.5,1,16199,2
241,1055483,1491.5,460.5,1,16200,0
241,1055484,1270.5,466.5,1,16200,1
241,1055485,1817.5,488.5,1,16200,2
241,1055486,1524.5,429.5,1,16200,3
241,1055487,943.25,471.5,2,16201,0
241,1055488,1311.0,479.0,1,16201,1
241,1055489,1353.625,465.75,4,16202,0
241,1055490,1834.6666259765625,492.6666564941406,3,16203,0
241,1055491,1275.5,569.0,1,16203,1
241,1055492,646.5,638.5,1,16203,2
241,1055493,1859.0,473.75,2,16203,3
241,1055494,23.0,471.5,1,16204,0
241,1055495,773.25,475.25,2,16204,1
241,1055496,381.5,479.5,1,16204,2
241,1055497,1344.9166259765625,467.75,6,16205,0
241,1055498,547.5,369.5,1,16206,0
241,1055499,513.0,346.0,1,16206,1
241,1055500,555.0,351.0,1,16206,2
241,1055501,1834.6666259765625,492.6666564941406,3,16207,0
241,1055502,303.0,654.5,1,16207,1
241,1055503,1859.0,473.75,2,16207,2
241,1055504,777.3333129882812,474.5,3,16208,0
241,1055505,421.75,464.0,2,16208,1
241,1055506,23.0,471.5,1,16208,2
241,1055507,1834.6666259765625,492.6666564941406,3,16209,0
241,1055508,646.5,638.5,1,16209,1
241,1055509,303.0,654.5,1,16209,2
241,1055510,1859.0,473.75,2,16209,3
241,1055511,1743.1666259765625,459.6666564941406,3,16210,0
241,1055512,1524.5,429.5,1,16210,1
241,1055513,1730.0,443.5,1,16210,2
241,1055514,943.25,471.5,2,16211,0
241,1055515,462.0,448.5,1,16211,1
241,1055516,785.5,473.0,1,16211,2
241,1055517,1815.3333740234375,464.0,3,16212,0
241,1055518,1524.5,429.5,1,16212,1
241,1055519,1808.5,480.375,4,16212,2
241,1055520,1275.5,569.0,1,16213,0
241,1055521,700.75,629.5,2,16213,1
241,1055522,303.0,654.5,1,16213,2
241,1055523,1560.5,512.0,1,16213,3
241,1055524,1867.5,481.0,1,16213,4
241,1055525,700.75,629.5,2,16214,0
241,1055526,303.0,654.5,1,16214,1
241,1055527,1560.5,512.0,1,16214,2
241,1055528,1275.5,569.0,1,16214,3
241,1055529,700.75,629.5,2,16215,0
241,1055530,303.0,654.5,1,16215,1
241,1055531,1862.0,489.0,2,16215,2
241,1055532,1275.5,569.0,1,16215,3
241,1055533,303.0,654.5,1,16216,0
241,1055534,1560.5,512.0,1,16216,1
241,1055535,1780.0,500.0,1,16216,2
241,1055536,1275.5,569.0,1,16216,3
241,1055537,700.75,629.5,2,16216,4
241,1055538,1856.5,497.0,1,16216,5
251,1055437,1782.5,459.5,4,16184,0
251,1055438,1524.5,429.5,1,16184,1
251,1055439,1730.0,443.5,1,16184,2
251,1055440,1524.5,429.5,1,16185,0
251,1055441,1730.0,443.5,1,16185,1
251,1055442,1622.375,451.125,4,16185,2
251,1055443,1900.5,459.0,1,16185,3
251,1055444,421.75,464.0,2,16186,0
251,1055445,777.3333129882812,474.5,3,16186,1
251,1055446,977.5,474.0,1,16186,2
251,1055447,1331.5999755859375,468.29998779296875,5,16187,0
251,1055448,777.3333129882812,474.5,3,16188,0
251,1055449,977.5,474.0,1,16188,1
251,1055450,462.0,448.5,1,16188,2
251,1055451,513.0,346.0,1,16189,0
251,1055452,555.0,351.0,1,16189,1
251,1055453,547.5,369.5,1,16189,2
251,1055454,1730.0,443.5,1,16190,0
251,1055455,1524.5,429.5,1,16190,1
251,1055456,1782.5,459.5,4,16190,2
251,1055457,777.3333129882812,474.5,3,16191,0
251,1055458,421.75,464.0,2,16191,1
251,1055459,23.0,471.5,1,16191,2
251,1055460,1344.9166259765625,467.75,6,16192,0
251,1055461,1331.5999755859375,468.29998779296875,5,16193,0
251,1055462,909.0,469.0,1,16193,1
251,1055463,1560.5,512.0,1,16194,0
251,1055464,1275.5,569.0,1,16194,1
251,1055465,755.0,620.5,1,16194,2
251,1055466,303.0,654.5,1,16194,3
251,1055467,1817.5,488.5,1,16194,4
251,1055468,1365.857177734375,466.71429443359375,7,16195,0
251,1055469,1817.5,488.5,1,16195,1
251,1055470,1701.25,458.6666564941406,6,16196,0
251,1055471,1270.5,466.5,1,16196,1
251,1055472,1808.5,480.375,4,16196,2
251,1055473,1560.5,512.0,1,16196,3
251,1055474,555.0,351.0,1,16197,0
251,1055475,547.5,369.5,1,16197,1
251,1055476,513.0,346.0,1,16197,2
251,1055477,421.75,464.0,2,16198,0
251,1055478,23.0,471.5,1,16198,1
251,1055479,773.25,475.25,2,16198,2
251,1055480,1586.0,453.5,1,16199,0
251,1055481,1817.5,488.5,1,16199,1
251,1055482,1524.5,429.5,1,16199,2
251,1055483,1491.5,460.5,1,16200,0
251,1055484,1270.5,466.5,1,16200,1
251,1055485,1817.5,488.5,1,16200,2
251,1055486,1524.5,429.5,1,16200,3
251,1055487,943.25,471.5,2,16201,0
251,1055488,1311.0,479.0,1,16201,1
251,1055489,1353.625,465.75,4,16202,0
251,1055490,1834.6666259765625,492.6666564941406,3,16203,0
251,1055491,1275.5,569.0,1,16203,1
251,1055492,646.5,638.5,1,16203,2
251,1055493,1859.0,473.75,2,16203,3
251,1055494,23.0,471.5,1,16204,0
251,1055495,773.25,475.25,2,16204,1
251,1055496,381.5,479.5,1,16204,2
251,1055497,1344.9166259765625,467.75,6,16205,0
251,1055498,547.5,369.5,1,16206,0
251,1055499,513.0,346.0,1,16206,1
251,1055500,555.0,351.0,1,16206,2
251,1055501,1834.6666259765625,492.6666564941406,3,16207,0
251,1055502,303.0,654.5,1,16207,1
251,1055503,1859.0,473.75,2,16207,2
251,1055504,777.3333129882812,474.5,3,16208,0
251,1055505,421.75,464.0,2,16208,1
251,1055506,23.0,471.5,1,16208,2
251,1055507,1834.6666259765625,492.6666564941406,3,16209,0
251,1055508,646.5,638.5,1,16209,1
251,1055509,303.0,654.5,1,16209,2
251,1055510,1859.0,473.75,2,16209,3
251,1055511,1743.1666259765625,459.6666564941406,3,16210,0
251,1055512,1524.5,429.5,1,16210,1
251,1055513,1730.0,443.5,1,16210,2
251,1055514,943.25,471.5,2,16211,0
251,1055515,462.0,448.5,1,16211,1
251,1055516,785.5,473.0,1,16211,2
251,1055517,1815.3333740234375,464.0,3,16212,0
251,1055518,1524.5,429.5,1,16212,1
251,1055519,1808.5,480.375,4,16212,2
251,1055520,1275.5,569.0,1,16213,0
251,1055521,700.75,629.5,2,16213,1
251,1055522,303.0,654.5,1,16213,2
251,1055523,1560.5,512.0,1,16213,3
251,1055524,1867.5,481.0,1,16213,4
251,1055525,700.75,629.5,2,16214,0
251,1055526,303.0,654.5,1,16214,1
251,1055527,1560.5,512.0,1,16214,2
251,1055528,1275.5,569.0,1,16214,3
251,1055529,700.75,629.5,2,16215,0
251,1055530,303.0,654.5,1,16215,1
251,1055531,1862.0,489.0,2,16215,2
251,1055532,1275.5,569.0,1,16215,3
251,1055533,303.0,654.5,1,16216,0
251,1055534,1560.5,512.0,1,16216,1
251,1055535,1780.0,500.0,1,16216,2
251,1055536,1275.5,569.0,1,16216,3
251,1055537,700.75,629.5,2,16216,4
251,1055538,1856.5,497.0,1,16216,5
261,1055437,1782.5,459.5,4,16184,0
261,1055438,1524.5,429.5,1,16184,1
261,1055439,1730.0,443.5,1,16184,2
261,1055440,1524.5,429.5,1,16185,0
261,1055441,1730.0,443.5,1,16185,1
261,1055442,1622.375,451.125,4,16185,2
261,1055443,1900.5,459.0,1,16185,3
261,1055444,421.75,464.0,2,16186,0
261,1055445,777.3333129882812,474.5,3,16186,1
261,1055446,977.5,474.0,1,16186,2
261,1055447,1331.5999755859375,468.29998779296875,5,16187,0
261,1055448,777.3333129882812,474.5,3,16188,0
261,1055449,977.5,474.0,1,16188,1
261,1055450,462.0,448.5,1,16188,2
261,1055451,513.0,346.0,1,16189,0
261,1055452,555.0,351.0,1,16189,1
261,1055453,547.5,369.5,1,16189,2
261,1055454,1730.0,443.5,1,16190,0
261,1055455,1524.5,429.5,1,16190,1
261,1055456,1782.5,459.5,4,16190,2
261,1055457,777.3333129882812,474.5,3,16191,0
261,1055458,421.75,464.0,2,16191,1
261,1055459,23.0,471.5,1,16191,2
261,1055460,1344.9166259765625,467.75,6,16192,0
261,1055461,1331.5999755859375,468.29998779296875,5,16193,0
261,1055462,909.0,469.0,1,16193,1
261,1055463,1560.5,512.0,1,16194,0
261,1055464,1275.5,569.0,1,16194,1
261,1055465,755.0,620.5,1,16194,2
261,1055466,303.0,654.5,1,16194,3
261,1055467,1817.5,488.5,1,16194,4
261,1055468,1365.857177734375,466.71429443359375,7,16195,0
261,1055469,1817.5,488.5,1,16195,1
261,1055470,1701.25,458.6666564941406,6,16196,0
261,1055471,1270.5,466.5,1,16196,1
261,1055472,1808.5,480.375,4,16196,2
261,1055473,1560.5,512.0,1,16196,3
261,1055474,555.0,351.0,1,16197,0
261,1055475,547.5,369.5,1,16197,1
261,1055476,513.0,346.0,1,16197,2
261,1055477,421.75,464.0,2,16198,0
261,1055478,23.0,471.5,1,16198,1
261,1055479,773.25,475.25,2,16198,2
261,1055480,1586.0,453.5,1,16199,0
261,1055481,1817.5,488.5,1,16199,1
261,1055482,1524.5,429.5,1,16199,2
261,1055483,1491.5,460.5,1,16200,0
261,1055484,1270.5,466.5,1,16200,1
261,1055485,1817.5,488.5,1,16200,2
261,1055486,1524.5,429.5,1,16200,3
261,1055487,943.25,471.5,2,16201,0
261,1055488,1311.0,479.0,1,16201,1
261,1055489,1353.625,465.75,4,16202,0
261,1055490,1834.6666259765625,492.6666564941406,3,16203,0
261,1055491,1275.5,569.0,1,16203,1
261,1055492,646.5,638.5,1,16203,2
261,1055493,1859.0,473.75,2,16203,3
261,1055494,23.0,471.5,1,16204,0
261,1055495,773.25,475.25,2,16204,1
261,1055496,381.5,479.5,1,16204,2
261,1055497,1344.9166259765625,467.75,6,16205,0
261,1055498,547.5,369.5,1,16206,0
261,1055499,513.0,346.0,1,16206,1
261,1055500,555.0,351.0,1,16206,2
261,1055501,1834.6666259765625,492.6666564941406,3,16207,0
261,1055502,303.0,654.5,1,16207,1
261,1055503,1859.0,473.75,2,16207,2
261,1055504,777.3333129882812,474.5,3,16208,0
261,1055505,421.75,464.0,2,16208,1
261,1055506,23.0,471.5,1,16208,2
261,1055507,1834.6666259765625,492.6666564941406,3,16209,0
261,1055508,646.5,638.5,1,16209,1
261,1055509,303.0,654.5,1,16209,2
261,1055510,1859.0,473.75,2,16209,3
261,1055511,1743.1666259765625,459.6666564941406,3,16210,0
261,1055512,1524.5,429.5,1,16210,1
261,1055513,1730.0,443.5,1,16210,2
261,1055514,943.25,471.5,2,16211,0
261,1055515,462.0,448.5,1,16211,1
261,1055516,785.5,473.0,1,16211,2
261,1055517,1815.3333740234375,464.0,3,16212,0
261,1055518,1524.5,429.5,1,16212,1
261,1055519,1808.5,480.375,4,16212,2
261,1055520,1275.5,569.0,1,16213,0
261,1055521,700.75,629.5,2,16213,1
261,1055522,303.0,654.5,1,16213,2
261,1055523,1560.5,512.0,1,16213,3
261,1055524,1867.5,481.0,1,16213,4
261,1055525,700.75,629.5,2,16214,0
261,1055526,303.0,654.5,1,16214,1
261,1055527,1560.5,512.0,1,16214,2
261,1055528,1275.5,569.0,1,16214,3
261,1055529,700.75,629.5,2,16215,0
261,1055530,303.0,654.5,1,16215,1
261,1055531,1862.0,489.0,2,16215,2
261,1055532,1275.5,569.0,1,16215,3
261,1055533,303.0,654.5,1,16216,0
261,1055534,1560.5,512.0,1,16216,1
261,1055535,1780.0,500.0,1,16216,2
261,1055536,1275.5,569.0,1,16216,3
261,1055537,700.75,629.5,2,16216,4
261,1055538,1856.5,497.0,1,16216,5
271,1055437,1782.5,459.5,4,16184,0
271,1055438,1524.5,429.5,1,16184,1
271,1055439,1730.0,443.5,1,16184,2
271,1055440,1524.5,429.5,1,16185,0
271,1055441,1730.0,443.5,1,16185,1
271,1055442,1622.375,451.125,4,16185,2
271,1055443,1900.5,459.0,1,16185,3
271,1055444,421.75,464.0,2,16186,0
271,1055445,777.3333129882812,474.5,3,16186,1
271,1055446,977.5,474.0,1,16186,2
271,1055447,1331.5999755859375,468.29998779296875,5,16187,0
271,1055448,777.3333129882812,474.5,3,16188,0
271,1055449,977.5,474.0,1,16188,1
271,1055450,462.0,448.5,1,16188,2
271,1055451,513.0,346.0,1,16189,0
271,1055452,555.0,351.0,1,16189,1
271,1055453,547.5,369.5,1,16189,2
271,1055454,1730.0,443.5,1,16190,0
271,1055455,1524.5,429.5,1,16190,1
271,1055456,1782.5,459.5,4,16190,2
271,1055457,777.3333129882812,474.5,3,16191,0
271,1055458,421.75,464.0,2,16191,1
271,1055459,23.0,471.5,1,16191,2
271,1055460,1344.9166259765625,467.75,6,16192,0
271,1055461,1331.5999755859375,468.29998779296875,5,16193,0
271,1055462,909.0,469.0,1,16193,1
271,1055463,1560.5,512.0,1,16194,0
271,1055464,1275.5,569.0,1,16194,1
271,1055465,755.0,620.5,1,16194,2
271,1055466,303.0,654.5,1,16194,3
271,1055467,1817.5,488.5,1,16194,4
271,1055468,1365.857177734375,466.71429443359375,7,16195,0
271,1055469,1817.5,488.5,1,16195,1
271,1055470,1701.25,458.6666564941406,6,16196,0
271,1055471,1270.5,466.5,1,16196,1
271,1055472,1808.5,480.375,4,16196,2
271,1055473,1560.5,512.0,1,16196,3
271,1055474,555.0,351.0,1,16197,0
271,1055475,547.5,369.5,1,16197,1
271,1055476,513.0,346.0,1,16197,2
271,1055477,421.75,464.0,2,16198,0
271,1055478,23.0,471.5,1,16198,1
271,1055479,773.25,475.25,2,16198,2
271,1055480,1586.0,453.5,1,16199,0
271,1055481,1817.5,488.5,1,16199,1
271,1055482,1524.5,429.5,1,16199,2
271,1055483,1491.5,460.5,1,16200,0
271,1055484,1270.5,466.5,1,16200,1
271,1055485,1817.5,488.5,1,16200,2
271,1055486,1524.5,429.5,1,16200,3
271,1055487,943.25,471.5,2,16201,0
271,1055488,1311.0,479.0,1,16201,1
271,1055489,1353.625,465.75,4,16202,0
271,1055490,1834.6666259765625,492.6666564941406,3,16203,0
271,1055491,1275.5,569.0,1,16203,1
271,1055492,646.5,638.5,1,16203,2
271,1055493,1859.0,473.75,2,16203,3
271,1055494,23.0,471.5,1,16204,0
271,1055495,773.25,475.25,2,16204,1
271,1055496,381.5,479.5,1,16204,2
271,1055497,1344.9166259765625,467.75,6,16205,0
271,1055498,547.5,369.5,1,16206,0
271,1055499,513.0,346.0,1,16206,1
271,1055500,555.0,351.0,1,16206,2
271,1055501,1834.6666259765625,492.6666564941406,3,16207,0
271,1055502,303.0,654.5,1,16207,1
271,1055503,1859.0,473.75,2,16207,2
271,1055504,777.3333129882812,474.5,3,16208,0
271,1055505,421.75,464.0,2,16208,1
271,1055506,23.0,471.5,1,16208,2
271,1055507,1834.6666259765625,492.6666564941406,3,16209,0
271,1055508,646.5,638.5,1,16209,1
271,1055509,303.0,654.5,1,16209,2
271,1055510,1859.0,473.75,2,16209,3
271,1055511,1743.1666259765625,459.6666564941406,3,16210,0
271,1055512,1524.5,429.5,1,16210,1
271,1055513,1730.0,443.5,1,16210,2
271,1055514,943.25,471.5,2,16211,0
271,1055515,462.0,448.5,1,16211,1
271,1055516,785.5,473.0,1,16211,2
271,1055517,1815.3333740234375,464.0,3,16212,0
271,1055518,1524.5,429.5,1,16212,1
271,1055519,1808.5,480.375,4,16212,2
271,1055520,1275.5,569.0,1,16213,0
271,1055521,700.75,629.5,2,16213,1
271,1055522,303.0,654.5,1,16213,2
271,1055523,1560.5,512.0,1,16213,3
271,1055524,1867.5,481.0,1,16213,4
271,1055525,700.75,629.5,2,16214,0
271,1055526,303.0,654.5,1,16214,1
271,1055527,1560.5,512.0,1,16214,2
271,1055528,1275.5,569.0,1,16214,3
271,1055529,700.75,629.5,2,16215,0
271,1055530,303.0,654.5,1,16215,1
271,1055531,1862.0,489.0,2,16215,2
271,1055532,1275.5,569.0,1,16215,3
271,1055533,303.0,654.5,1,16216,0
271,1055534,1560.5,512.0,1,16216,1
271,1055535,1780.0,500.0,1,16216,2
271,1055536,1275.5,569.0,1,16216,3
271,1055537,700.75,629.5,2,16216,4
271,1055538,1856.5,497.0,1,16216,5
281,1055437,1782.5,459.5,4,16184,0
281,1055438,1524.5,429.5,1,16184,1
281,1055439,1730.0,443.5,1,16184,2
281,1055440,1524.5,429.5,1,16185,0
281,1055441,1730.0,443.5,1,16185,1
281,1055442,1622.375,451.125,4,16185,2
281,1055443,1900.5,459.0,1,16185,3
281,1055444,421.75,464.0,2,16186,0
281,1055445,777.3333129882812,474.5,3,16186,1
281,1055446,977.5,474.0,1,16186,2
281,1055447,1331.5999755859375,468.29998779296875,5,16187,0
281,1055448,777.3333129882812,474.5,3,16188,0
281,1055449,977.5,474.0,1,16188,1
281,1055450,462.0,448.5,1,16188,2
281,1055451,513.0,346.0,1,16189,0
281,1055452,555.0,351.0,1,16189,1
281,1055453,547.5,369.5,1,16189,2
281,1055454,1730.0,443.5,1,16190,0
281,1055455,1524.5,429.5,1,16190,1
281,1055456,1782.5,459.5,4,16190,2
281,1055457,777.3333129882812,474.5,3,16191,0
281,1055458,421.75,464.0,2,16191,1
281,1055459,23.0,471.5,1,16191,2
281,1055460,1344.9166259765625,467.75,6,16192,0
281,1055461,1331.5999755859375,468.29998779296875,5,16193,0
281,1055462,909.0,469.0,1,16193,1
281,1055463,1560.5,512.0,1,16194,0
281,1055464,1275.5,569.0,1,16194,1
281,1055465,755.0,620.5,1,16194,2
281,1055466,303.0,654.5,1,16194,3
281,1055467,1817.5,488.5,1,16194,4
281,1055468,1365.857177734375,466.71429443359375,7,16195,0
281,1055469,1817.5,488.5,1,16195,1
281,1055470,1701.25,458.6666564941406,6,16196,0
281,1055471,1270.5,466.5,1,16196,1
281,1055472,1808.5,480.375,4,16196,2
281,1055473,1560.5,512.0,1,16196,3
281,1055474,555.0,351.0,1,16197,0
281,1055475,547.5,369.5,1,16197,1
281,1055476,513.0,346.0,1,16197,2
281,1055477,421.75,464.0,2,16198,0
281,1055478,23.0,471.5,1,16198,1
281,1055479,773.25,475.25,2,16198,2
281,1055480,1586.0,453.5,1,16199,0
281,1055481,1817.5,488.5,1,16199,1
281,1055482,1524.5,429.5,1,16199,2
281,1055483,1491.5,460.5,1,16200,0
281,1055484,1270.5,466.5,1,16200,1
281,1055485,1817.5,488.5,1,16200,2
281,1055486,1524.5,429.5,1,16200,3
281,1055487,943.25,471.5,2,16201,0
281,1055488,1311.0,479.0,1,16201,1
281,1055489,1353.625,465.75,4,16202,0
281,1055490,1834.6666259765625,492.6666564941406,3,16203,0
281,1055491,1275.5,569.0,1,16203,1
281,1055492,646.5,638.5,1,16203,2
281,1055493,1859.0,473.75,2,16203,3
281,1055494,23.0,471.5,1,16204,0
281,1055495,773.25,475.25,2,16204,1
281,1055496,381.5,479.5,1,16204,2
281,1055497,1344.9166259765625,467.75,6,16205,0
281,1055498,547.5,369.5,1,16206,0
281,1055499,513.0,346.0,1,16206,1
281,1055500,555.0,351.0,1,16206,2
281,1055501,1834.6666259765625,492.6666564941406,3,16207,0
281,1055502,303.0,654.5,1,16207,1
281,1055503,1859.0,473.75,2,16207,2
281,1055504,777.3333129882812,474.5,3,16208,0
281,1055505,421.75,464.0,2,16208,1
281,1055506,23.0,471.5,1,16208,2
281,1055507,1834.6666259765625,492.6666564941406,3,16209,0
281,1055508,646.5,638.5,1,16209,1
281,1055509,303.0,654.5,1,16209,2
281,1055510,1859.0,473.75,2,16209,3
281,1055511,1743.1666259765625,459.6666564941406,3,16210,0
281,1055512,1524.5,429.5,1,16210,1
281,1055513,1730.0,443.5,1,16210,2
281,1055514,943.25,471.5,2,16211,0
281,1055515,462.0,448.5,1,16211,1
281,1055516,785.5,473.0,1,16211,2
281,1055517,1815.3333740234375,464.0,3,16212,0
281,1055518,1524.5,429.5,1,16212,1
281,1055519,1808.5,480.375,4,16212,2
281,1055520,1275.5,569.0,1,16213,0
281,1055521,700.75,629.5,2,16213,1
281,1055522,303.0,654.5,1,16213,2
281,1055523,1560.5,512.0,1,16213,3
281,1055524,1867.5,481.0,1,16213,4
281,1055525,700.75,629.5,2,16214,0
281,1055526,303.0,654.5,1,16214,1
281,1055527,1560.5,512.0,1,16214,2
281,1055528,1275.5,569.0,1,16214,3
281,1055529,700.75,629.5,2,16215,0
281,1055530,303.0,654.5,1,16215,1
281,1055531,1862.0,489.0,2,16215,2
281,1055532,1275.5,569.0,1,16215,3
281,1055533,303.0,654.5,1,16216,0
281,1055534,1560.5,512.0,1,16216,1
281,1055535,1780.0,500.0,1,16216,2
281,1055536,1275.5,569.0,1,16216,3
281,1055537,700.75,629.5,2,16216,4
281,1055538,1856.5,497.0,1,16216,5
291,1055437,1782.5,459.5,4,16184,0
291,1055438,1524.5,429.5,1,16184,1
291,1055439,1730.0,443.5,1,16184,2
291,1055440,1524.5,429.5,1,16185,0
291,1055441,1730.0,443.5,1,16185,1
291,1055442,1622.375,451.125,4,16185,2
291,1055443,1900.5,459.0,1,16185,3
291,1055444,421.75,464.0,2,16186,0
291,1055445,777.3333129882812,474.5,3,16186,1
291,1055446,977.5,474.0,1,16186,2
291,1055447,1331.5999755859375,468.29998779296875,5,16187,0
291,1055448,777.3333129882812,474.5,3,16188,0
291,1055449,977.5,474.0,1,16188,1
291,1055450,462.0,448.5,1,16188,2
291,1055451,513.0,346.0,1,16189,0
291,1055452,555.0,351.0,1,16189,1
291,1055453,547.5,369.5,1,16189,2
291,1055454,1730.0,443.5,1,16190,0
291,1055455,1524.5,429.5,1,16190,1
291,1055456,1782.5,459.5,4,16190,2
291,1055457,777.3333129882812,474.5,3,16191,0
291,1055458,421.75,464.0,2,16191,1
291,1055459,23.0,471.5,1,16191,2
291,1055460,1344.9166259765625,467.75,6,16192,0
291,1055461,1331.5999755859375,468.29998779296875,5,16193,0
291,1055462,909.0,469.0,1,16193,1
291,1055463,1560.5,512.0,1,16194,0
291,1055464,1275.5,569.0,1,16194,1
291,1055465,755.0,620.5,1,16194,2
291,1055466,303.0,654.5,1,16194,3
291,1055467,1817.5,488.5,1,16194,4
291,1055468,1365.857177734375,466.71429443359375,7,16195,0
291,1055469,1817.5,488.5,1,16195,1
291,1055470,1701.25,458.6666564941406,6,16196,0
291,1055471,1270.5,466.5,1,16196,1
291,1055472,1808.5,480.375,4,16196,2
291,1055473,1560.5,512.0,1,16196,3
291,1055474,555.0,351.0,1,16197,0
291,1055475,547.5,369.5,1,16197,1
291,1055476,513.0,346.0,1,16197,2
291,1055477,421.75,464.0,2,16198,0
291,1055478,23.0,471.5,1,16198,1
291,1055479,773.25,475.25,2,16198,2
291,1055480,1586.0,453.5,1,16199,0
291,1055481,1817.5,488.5,1,16199,1
291,1055482,1524.5,429.5,1,16199,2
291,1055483,1491.5,460.5,1,16200,0
291,1055484,1270.5,466.5,1,16200,1
291,1055485,1817.5,488.5,1,16200,2
291,1055486,1524.5,429.5,1,16200,3
291,1055487,943.25,471.5,2,16201,0
291,1055488,1311.0,479.0,1,16201,1
291,1055489,1353.625,465.75,4,16202,0
291,1055490,1834.6666259765625,492.6666564941406,3,16203,0
291,1055491,1275.5,569.0,1,16203,1
291,1055492,646.5,638.5,1,16203,2
291,1055493,1859.0,473.75,2,16203,3
291,1055494,23.0,471.5,1,16204,0
291,1055495,773.25,475.25,2,16204,1
291,1055496,381.5,479.5,1,16204,2
291,1055497,1344.9166259765625,467.75,6,16205,0
291,1055498,547.5,369.5,1,16206,0
291,1055499,513.0,346.0,1,16206,1
291,1055500,555.0,351.0,1,16206,2
291,1055501,1834.6666259765625,492.6666564941406,3,16207,0
291,1055502,303.0,654.5,1,16207,1
291,1055503,1859.0,473.75,2,16207,2
291,1055504,777.3333129882812,474.5,3,16208,0
291,1055505,421.75,464.0,2,16208,1
291,1055506,23.0,471.5,1,16208,2
291,1055507,1834.6666259765625,492.6666564941406,3,16209,0
291,1055508,646.5,638.5,1,16209,1
291,1055509,303.0,654.5,1,16209,2
291,1055510,1859.0,473.75,2,16209,3
291,1055511,1743.1666259765625,459.6666564941406,3,16210,0
291,1055512,1524.5,429.5,1,16210,1
291,1055513,1730.0,443.5,1,16210,2
291,1055514,943.25,471.5,2,16211,0
291,1055515,462.0,448.5,1,16211,1
291,1055516,785.5,473.0,1,16211,2
291,1055517,1815.3333740234375,464.0,3,16212,0
291,1055518,1524.5,429.5,1,16212,1
291,1055519,1808.5,480.375,4,16212,2
291,1055520,1275.5,569.0,1,16213,0
291,1055521,700.75,629.5,2,16213,1
291,1055522,303.0,654.5,1,16213,2
291,1055523,1560.5,512.0,1,16213,3
291,1055524,1867.5,481.0,1,16213,4
291,1055525,700.75,629.5,2,16214,0
291,1055526,303.0,654.5,1,16214,1
291,1055527,1560.5,512.0,1,16214,2
291,1055528,1275.5,569.0,1,16214,3
291,1055529,700.75,629.5,2,16215,0
291,1055530,303.0,654.5,1,16215,1
291,1055531,1862.0,489.0,2,16215,2
291,1055532,1275.5,569.0,1,16215,3
291,1055533,303.0,654.5,1,16216,0
291,1055534,1560.5,512.0,1,16216,1
291,1055535,1780.0,500.0,1,16216,2
291,1055536,1275.5,569.0,1,16216,3
291,1055537,700.75,629.5,2,16216,4
291,1055538,1856.5,497.0,1,16216,5
301,1055437,1782.5,459.5,4,16184,0
301,1055438,1524.5,429.5,1,16184,1
301,1055439,1730.0,443.5,1,16184,2
301,1055440,1524.5,429.5,1,16185,0
301,1055441,1730.0,443.5,1,16185,1
301,1055442,1622.375,451.125,4,16185,2
301,1055443,1900.5,459.0,1,16185,3
301,1055444,421.75,464.0,2,16186,0
301,1055445,777.3333129882812,474.5,3,16186,1
301,1055446,977.5,474.0,1,16186,2
301,1055447,1331.5999755859375,468.29998779296875,5,16187,0
301,1055448,777.3333129882812,474.5,3,16188,0
301,1055449,977.5,474.0,1,16188,1
301,1055450,462.0,448.5,1,16188,2
301,1055451,513.0,346.0,1,16189,0
301,1055452,555.0,351.0,1,16189,1
301,1055453,547.5,369.5,1,16189,2
301,1055454,1730.0,443.5,1,16190,0
301,1055455,1524.5,429.5,1,16190,1
301,1055456,1782.5,459.5,4,16190,2
301,1055457,777.3333129882812,474.5,3,16191,0
301,1055458,421.75,464.0,2,16191,1
301,1055459,23.0,471.5,1,16191,2
301,1055460,1344.9166259765625,467.75,6,16192,0
301,1055461,1331.5999755859375,468.29998779296875,5,16193,0
301,1055462,909.0,469.0,1,16193,1
301,1055463,1560.5,512.0,1,16194,0
301,1055464,1275.5,569.0,1,16194,1
301,1055465,755.0,620.5,1,16194,2
301,1055466,303.0,654.5,1,16194,3
301,1055467,1817.5,488.5,1,16194,4
301,1055468,1365.857177734375,466.71429443359375,7,16195,0
301,1055469,1817.5,488.5,1,16195,1
301,1055470,1701.25,458.6666564941406,6,16196,0
301,1055471,1270.5,466.5,1,16196,1
301,1055472,1808.5,480.375,4,16196,2
301,1055473,1560.5,512.0,1,16196,3
301,1055474,555.0,351.0,1,16197,0
301,1055475,547.5,369.5,1,16197,1
301,1055476,513.0,346.0,1,16197,2
301,1055477,421.75,464.0,2,16198,0
301,1055478,23.0,471.5,1,16198,1
301,1055479,773.25,475.25,2,16198,2
301,1055480,1586.0,453.5,1,16199,0
301,1055481,1817.5,488.5,1,16199,1
301,1055482,1524.5,429.5,1,16199,2
301,1055483,1491.5,460.5,1,16200,0
301,1055484,1270.5,466.5,1,16200,1
301,1055485,1817.5,488.5,1,16200,2
301,1055486,1524.5,429.5,1,16200,3
301,1055487,943.25,471.5,2,16201,0
301,1055488,1311.0,479.0,1,16201,1
301,1055489,1353.625,465.75,4,16202,0
301,1055490,1834.6666259765625,492.6666564941406,3,16203,0
301,1055491,1275.5,569.0,1,16203,1
301,1055492,646.5,638.5,1,16203,2
301,1055493,1859.0,473.75,2,16203,3
301,1055494,23.0,471.5,1,16204,0
301,1055495,773.25,475.25,2,16204,1
301,1055496,381.5,479.5,1,16204,2
301,1055497,1344.9166259765625,467.75,6,16205,0
301,1055498,547.5,369.5,1,16206,0
301,1055499,513.0,346.0,1,16206,1
301,1055500,555.0,351.0,1,16206,2
301,1055501,1834.6666259765625,492.6666564941406,3,16207,0
301,1055502,303.0,654.5,1,16207,1
301,1055503,1859.0,473.75,2,16207,2
301,1055504,777.3333129882812,474.5,3,16208,0
301,1055505,421.75,464.0,2,16208,1
301,1055506,23.0,471.5,1,16208,2
301,1055507,1834.6666259765625,492.6666564941406,3,16209,0
301,1055508,646.5,638.5,1,16209,1
301,1055509,303.0,654.5,1,16209,2
301,1055510,1859.0,473.75,2,16209,3
301,1055511,1743.1666259765625,459.6666564941406,3,16210,0
301,1055512,1524.5,429.5,1,16210,1
301,1055513,1730.0,443.5,1,16210,2
301,1055514,943.25,471.5,2,16211,0
301,1055515,462.0,448.5,1,16211,1
301,1055516,785.5,473.0,1,16211,2
301,1055517,1815.3333740234375,464.0,3,16212,0
301,1055518,1524.5,429.5,1,16212,1
301,1055519,1808.5,480.375,4,16212,2
301,1055520,1275.5,569.0,1,16213,0
301,1055521,700.75,629.5,2,16213,1
301,1055522,303.0,654.5,1,16213,2
301,1055523,1560.5,512.0,1,16213,3
301,1055524,1867.5,481.0,1,16213,4
301,1055525,700.75,629.5,2,16214,0
301,1055526,303.0,654.5,1,16214,1
301,1055527,1560.5,512.0,1,16214,2
301,1055528,1275.5,569.0,1,16214,3
301,1055529,700.75,629.5,2,16215,0
301,1055530,303.0,654.5,1,16215,1
301,1055531,1862.0,489.0,2,16215,2
301,1055532,1275.5,569.0,1,16215,3
301,1055533,303.0,654.5,1,16216,0
301,1055534,1560.5,512.0,1,16216,1
301,1055535,1780.0,500.0,1,16216,2
301,1055536,1275.5,569.0,1,16216,3
301,1055537,700.75,629.5,2,16216,4
301,1055538,1856.5,497.0,1,16216,5
311,1055437,1755.0,458.3333435058594,3,16184,0
311,1055438,1537.0,430.0,1,16184,1
311,1055439,1697.5,443.5,1,16184,2
311,1055440,1537.0,430.0,1,16185,0
311,1055441,1697.5,443.5,1,16185,1
311,1055442,1601.5416259765625,451.625,3,16185,2
311,1055443,1879.5,456.0,1,16185,3
311,1055444,444.0,463.25,2,16186,0
311,1055445,734.0833129882812,475.75,2,16186,1
311,1055446,910.5,473.5,1,16186,2
311,1055447,1294.3499755859375,469.04998779296875,4,16187,0
311,1055448,734.0833129882812,475.75,2,16188,0
311,1055449,910.5,473.5,1,16188,1
311,1055450,450.0,448.5,1,16188,2
311,1055451,513.5,346.0,1,16189,0
311,1055452,555.0,351.0,1,16189,1
311,1055453,546.0,382.0,1,16189,2
311,1055454,1697.5,443.5,1,16190,0
311,1055455,1537.0,430.0,1,16190,1
311,1055456,1755.0,458.3333435058594,3,16190,2
311,1055457,734.0833129882812,475.75,2,16191,0
311,1055458,444.0,463.25,2,16191,1
311,1055459,23.5,471.5,1,16191,2
311,1055460,1306.9166259765625,467.75,4,16192,0
311,1055461,1294.3499755859375,469.04998779296875,4,16193,0
311,1055462,887.0,469.0,1,16193,1
311,1055463,1563.5,513.0,1,16194,0
311,1055464,1293.0,574.0,1,16194,1
311,1055465,814.5,608.5,1,16194,2
311,1055466,371.0,642.5,1,16194,3
311,1055467,1767.0,487.5,1,16194,4
311,1055468,1330.1572265625,466.8143005371094,5,16195,0
311,1055469,1767.0,487.5,1,16195,1
311,1055470,1670.5,457.9166564941406,4,16196,0
311,1055471,1249.0,467.5,1,16196,1
311,1055472,1801.8333740234375,479.7083435058594,3,16196,2
311,1055473,1563.5,513.0,1,16196,3
311,1055474,555.0,351.0,1,16197,0
311,1055475,546.0,382.0,1,16197,1
311,1055476,513.5,346.0,1,16197,2
311,1055477,444.0,463.25,2,16198,0
311,1055478,23.5,471.5,1,16198,1
311,1055479,722.25,476.0,2,16198,2
311,1055480,1561.0,454.0,1,16199,0
311,1055481,1767.0,487.5,1,16199,1
311,1055482,1537.0,430.0,1,16199,2
311,1055483,1465.0,461.0,1,16200,0
311,1055484,1249.0,467.5,1,16200,1
311,1055485,1767.0,487.5,1,16200,2
311,1055486,1537.0,430.0,1,16200,3
311,1055487,898.75,471.25,2,16201,0
311,1055488,1254.5,478.0,1,16201,1
311,1055489,1321.7916259765625,466.0833435058594,3,16202,0
311,1055490,1840.9166259765625,491.6666564941406,2,16203,0
311,1055491,1293.0,574.0,1,16203,1
311,1055492,699.0,631.5,1,16203,2
311,1055493,1823.25,471.75,2,16203,3
311,1055494,23.5,471.5,1,16204,0
311,1055495,722.25,476.0,2,16204,1
311,1055496,438.0,478.0,1,16204,2
311,1055497,1306.9166259765625,467.75,4,16205,0
311,1055498,546.0,382.0,1,16206,0
311,1055499,513.5,346.0,1,16206,1
311,1055500,555.0,351.0,1,16206,2
311,1055501,1840.9166259765625,491.6666564941406,2,16207,0
311,1055502,371.0,642.5,1,16207,1
311,1055503,1823.25,471.75,2,16207,2
311,1055504,734.0833129882812,475.75,2,16208,0
311,1055505,444.0,463.25,2,16208,1
311,1055506,23.5,471.5,1,16208,2
311,1055507,1840.9166259765625,491.6666564941406,2,16209,0
311,1055508,699.0,631.5,1,16209,1
311,1055509,371.0,642.5,1,16209,2
311,1055510,1823.25,471.75,2,16209,3
311,1055511,1712.4166259765625,459.4166564941406,2,16210,0
311,1055512,1537.0,430.0,1,16210,1
311,1055513,1697.5,443.5,1,16210,2
311,1055514,898.75,471.25,2,16211,0
311,1055515,450.0,448.5,1,16211,1
311,1055516,740.0,474.0,1,16211,2
311,1055517,1779.5833740234375,462.0,2,16212,0
311,1055518,1537.0,430.0,1,16212,1
311,1055519,1801.8333740234375,479.7083435058594,3,16212,2
311,1055520,1293.0,574.0,1,16213,0
311,1055521,756.75,620.0,2,16213,1
311,1055522,371.0,642.5,1,16213,2
311,1055523,1563.5,513.0,1,16213,3
311,1055524,1871.0,479.5,1,16213,4
311,1055525,756.75,620.0,2,16214,0
311,1055526,371.0,642.5,1,16214,1
311,1055527,1563.5,513.0,1,16214,2
311,1055528,1293.0,574.0,1,16214,3
311,1055529,756.75,620.0,2,16215,0
311,1055530,371.0,642.5,1,16215,1
311,1055531,1862.25,488.0,2,16215,2
311,1055532,1293.0,574.0,1,16215,3
311,1055533,371.0,642.5,1,16216,0
311,1055534,1563.5,513.0,1,16216,1
311,1055535,1789.0,499.5,1,16216,2
311,1055536,1293.0,574.0,1,16216,3
311,1055537,756.75,620.0,2,16216,4
311,1055538,1853.5,496.5,1,16216,5
321,1055437,1755.0,458.3333435058594,3,16184,0
321,1055438,1537.0,430.0,2,16184,1
321,1055439,1697.5,443.5,1,16184,2
321,1055440,1537.0,430.0,2,16185,0
321,1055441,1697.5,443.5,1,16185,1
321,1055442,1601.5416259765625,451.625,3,16185,2
321,1055443,1879.5,456.0,1,16185,3
321,1055444,444.0,463.25,2,16186,0
321,1055445,734.0833129882812,475.75,2,16186,1
321,1055446,910.5,473.5,1,16186,2
321,1055447,1294.3499755859375,469.04998779296875,4,16187,0
321,1055448,734.0833129882812,475.75,2,16188,0
321,1055449,910.5,473.5,1,16188,1
321,1055450,450.0,448.5,1,16188,2
321,1055451,513.5,346.0,1,16189,0
321,1055452,555.0,351.0,1,16189,1
321,1055453,546.0,382.0,1,16189,2
321,1055454,1697.5,443.5,1,16190,0
321,1055455,1537.0,430.0,2,16190,1
321,1055456,1755.0,458.3333435058594,3,16190,2
321,1055457,734.0833129882812,475.75,2,16191,0
321,1055458,444.0,463.25,2,16191,1
321,1055459,23.5,471.5,1,16191,2
321,1055460,1306.9166259765625,467.75,4,16192,0
321,1055461,1294.3499755859375,469.04998779296875,4,16193,0
321,1055462,887.0,469.0,1,16193,1
321,1055463,1563.5,513.0,1,16194,0
321,1055464,1293.0,574.0,1,16194,1
321,1055465,814.5,608.5,1,16194,2
321,1055466,371.0,642.5,1,16194,3
321,1055467,1767.0,487.5,1,16194,4
321,1055468,1330.1572265625,466.8143005371094,5,16195,0
321,1055469,1767.0,487.5,1,16195,1
321,1055470,1670.5,457.9166564941406,4,16196,0
321,1055471,1249.0,467.5,1,16196,1
321,1055472,1801.8333740234375,479.7083435058594,4,16196,2
321,1055473,1563.5,513.0,2,16196,3
321,1055474,555.0,351.0,1,16197,0
321,1055475,546.0,382.0,1,16197,1
321,1055476,513.5,346.0,1,16197,2
321,1055477,444.0,463.25,2,16198,0
321,1055478,23.5,471.5,1,16198,1
321,1055479,722.25,476.0,2,16198,2
321,1055480,1561.0,454.0,1,16199,0
321,1055481,1767.0,487.5,1,16199,1
321,1055482,1537.0,430.0,1,16199,2
321,1055483,1465.0,461.0,1,16200,0
321,1055484,1249.0,467.5,1,16200,1
321,1055485,1767.0,487.5,1,16200,2
321,1055486,1537.0,430.0,1,16200,3
321,1055487,898.75,471.25,2,16201,0
321,1055488,1254.5,478.0,1,16201,1
321,1055489,1321.7916259765625,466.0833435058594,3,16202,0
321,1055490,1840.9166259765625,491.6666564941406,2,16203,0
321,1055491,1293.0,574.0,1,16203,1
321,1055492,699.0,631.5,1,16203,2
321,1055493,1823.25,471.75,3,16203,3
321,1055494,23.5,471.5,1,16204,0
321,1055495,722.25,476.0,2,16204,1
321,1055496,438.0,478.0,1,16204,2
321,1055497,1306.9166259765625,467.75,4,16205,0
321,1055498,546.0,382.0,1,16206,0
321,1055499,513.5,346.0,1,16206,1
321,1055500,555.0,351.0,1,16206,2
321,1055501,1840.9166259765625,491.6666564941406,2,16207,0
321,1055502,371.0,642.5,1,16207,1
321,1055503,1823.25,471.75,3,16207,2
321,1055504,734.0833129882812,475.75,2,16208,0
321,1055505,444.0,463.25,2,16208,1
321,1055506,23.5,471.5,1,16208,2
321,1055507,1840.9166259765625,491.6666564941406,2,16209,0
321,1055508,699.0,631.5,1,16209,1
321,1055509,371.0,642.5,1,16209,2
321,1055510,1823.25,471.75,3,16209,3
321,1055511,1712.4166259765625,459.4166564941406,2,16210,0
321,1055512,1537.0,430.0,2,16210,1
321,1055513,1697.5,443.5,1,16210,2
321,1055514,898.75,471.25,2,16211,0
321,1055515,450.0,448.5,1,16211,1
321,1055516,740.0,474.0,1,16211,2
321,1055517,1779.5833740234375,462.0,2,16212,0
321,1055518,1537.0,430.0,2,16212,1
321,1055519,1801.8333740234375,479.7083435058594,4,16212,2
321,1055520,1293.0,574.0,1,16213,0
321,1055521,756.75,620.0,2,16213,1
321,1055522,371.0,642.5,1,16213,2
321,1055523,1563.5,513.0,1,16213,3
321,1055524,1871.0,479.5,1,16213,4
321,1055525,756.75,620.0,2,16214,0
321,1055526,371.0,642.5,1,16214,1
321,1055527,1563.5,513.0,1,16214,2
321,1055528,1293.0,574.0,1,16214,3
321,1055529,756.75,620.0,2,16215,0
321,1055530,371.0,642.5,1,16215,1
321,1055531,1862.25,488.0,2,16215,2
321,1055532,1293.0,574.0,1,16215,3
321,1055533,371.0,642.5,1,16216,0
321,1055534,1563.5,513.0,1,16216,1
321,1055535,1789.0,499.5,1,16216,2
321,1055536,1293.0,574.0,1,16216,3
321,1055537,756.75,620.0,2,16216,4
321,1055538,1853.5,496.5,1,16216,5
331,1055437,1755.0,458.3333435058594,3,16184,0
331,1055438,1537.0,430.0,2,16184,1
331,1055439,1697.5,443.5,1,16184,2
331,1055440,1537.0,430.0,2,16185,0
331,1055441,1697.5,443.5,1,16185,1
331,1055442,1601.5416259765625,451.625,3,16185,2
331,1055443,1879.5,456.0,1,16185,3
331,1055444,444.0,463.25,2,16186,0
331,1055445,734.0833129882812,475.75,2,16186,1
331,1055446,910.5,473.5,1,16186,2
331,1055447,1294.3499755859375,469.04998779296875,4,16187,0
331,1055448,734.0833129882812,475.75,2,16188,0
331,1055449,910.5,473.5,1,16188,1
331,1055450,450.0,448.5,1,16188,2
331,1055451,513.5,346.0,1,16189,0
331,1055452,555.0,351.0,1,16189,1
331,1055453,546.0,382.0,1,16189,2
331,1055454,1697.5,443.5,1,16190,0
331,1055455,1537.0,430.0,2,16190,1
331,1055456,1755.0,458.3333435058594,3,16190,2
331,1055457,734.0833129882812,475.75,2,16191,0
331,1055458,444.0,463.25,2,16191,1
331,1055459,23.5,471.5,1,16191,2
331,1055460,1306.9166259765625,467.75,4,16192,0
331,1055461,1294.3499755859375,469.04998779296875,4,16193,0
331,1055462,887.0,469.0,1,16193,1
331,1055463,1563.5,513.0,1,16194,0
331,1055464,1293.0,574.0,1,16194,1
331,1055465,814.5,608.5,1,16194,2
331,1055466,371.0,642.5,1,16194,3
331,1055467,1767.0,487.5,1,16194,4
331,1055468,1330.1572265625,466.8143005371094,5,16195,0
331,1055469,1767.0,487.5,1,16195,1
331,1055470,1670.5,457.9166564941406,4,16196,0
331,1055471,1249.0,467.5,1,16196,1
331,1055472,1801.8333740234375,479.7083435058594,4,16196,2
331,1055473,1563.5,513.0,2,16196,3
331,1055474,555.0,351.0,1,16197,0
331,1055475,546.0,382.0,1,16197,1
331,1055476,513.5,346.0,1,16197,2
331,1055477,444.0,463.25,2,16198,0
331,1055478,23.5,471.5,1,16198,1
331,1055479,722.25,476.0,2,16198,2
331,1055480,1561.0,454.0,1,16199,0
331,1055481,1767.0,487.5,1,16199,1
331,1055482,1537.0,430.0,1,16199,2
331,1055483,1465.0,461.0,1,16200,0
331,1055484,1249.0,467.5,1,16200,1
331,1055485,1767.0,487.5,1,16200,2
331,1055486,1537.0,430.0,1,16200,3
331,1055487,898.75,471.25,2,16201,0
331,1055488,1254.5,478.0,1,16201,1
331,1055489,1321.7916259765625,466.0833435058594,3,16202,0
331,1055490,1840.9166259765625,491.6666564941406,2,16203,0
331,1055491,1293.0,574.0,1,16203,1
331,1055492,699.0,631.5,1,16203,2
331,1055493,1823.25,471.75,3,16203,3
331,1055494,23.5,471.5,1,16204,0
331,1055495,722.25,476.0,2,16204,1
331,1055496,438.0,478.0,1,16204,2
331,1055497,1306.9166259765625,467.75,4,16205,0
331,1055498,546.0,382.0,1,16206,0
331,1055499,513.5,346.0,1,16206,1
331,1055500,555.0,351.0,1,16206,2
331,1055501,1840.9166259765625,491.6666564941406,2,16207,0
331,1055502,371.0,642.5,1,16207,1
331,1055503,1823.25,471.75,3,16207,2
331,1055504,734.0833129882812,475.75,2,16208,0
331,1055505,444.0,463.25,2,16208,1
331,1055506,23.5,471.5,1,16208,2
331,1055507,1840.9166259765625,491.6666564941406,2,16209,0
331,1055508,699.0,631.5,1,16209,1
331,1055509,371.0,642.5,1,16209,2
331,1055510,1823.25,471.75,3,16209,3
331,1055511,1712.4166259765625,459.4166564941406,2,16210,0
331,1055512,1537.0,430.0,2,16210,1
331,1055513,1697.5,443.5,1,16210,2
331,1055514,898.75,471.25,2,16211,0
331,1055515,450.0,448.5,1,16211,1
331,1055516,740.0,474.0,1,16211,2
331,1055517,1779.5833740234375,462.0,2,16212,0
331,1055518,1537.0,430.0,2,16212,1
331,1055519,1801.8333740234375,479.7083435058594,4,16212,2
331,1055520,1293.0,574.0,1,16213,0
331,1055521,756.75,620.0,2,16213,1
331,1055522,371.0,642.5,1,16213,2
331,1055523,1563.5,513.0,1,16213,3
331,1055524,1871.0,479.5,1,16213,4
331,1055525,756.75,620.0,2,16214,0
331,1055526,371.0,642.5,1,16214,1
331,1055527,1563.5,513.0,1,16214,2
331,1055528,1293.0,574.0,1,16214,3
331,1055529,756.75,620.0,2,16215,0
331,1055530,371.0,642.5,1,16215,1
331,1055531,1862.25,488.0,2,16215,2
331,1055532,1293.0,574.0,1,16215,3
331,1055533,371.0,642.5,1,16216,0
331,1055534,1563.5,513.0,1,16216,1
331,1055535,1789.0,499.5,1,16216,2
331,1055536,1293.0,574.0,1,16216,3
331,1055537,756.75,620.0,2,16216,4
331,1055538,1853.5,496.5,1,16216,5
341,1055437,1755.0,458.3333435058594,3,16184,0
341,1055438,1537.0,430.0,2,16184,1
341,1055439,1697.5,443.5,1,16184,2
341,1055440,1537.0,430.0,2,16185,0
341,1055441,1697.5,443.5,1,16185,1
341,1055442,1601.5416259765625,451.625,3,16185,2
341,1055443,1879.5,456.0,1,16185,3
341,1055444,444.0,463.25,2,16186,0
341,1055445,734.0833129882812,475.75,2,16186,1
341,1055446,910.5,473.5,1,16186,2
341,1055447,1294.3499755859375,469.04998779296875,4,16187,0
341,1055448,734.0833129882812,475.75,2,16188,0
341,1055449,910.5,473.5,1,16188,1
341,1055450,450.0,448.5,1,16188,2
341,1055451,513.5,346.0,1,16189,0
341,1055452,555.0,351.0,1,16189,1
341,1055453,546.0,382.0,1,16189,2
341,1055454,1697.5,443.5,1,16190,0
341,1055455,1537.0,430.0,2,16190,1
341,1055456,1755.0,458.3333435058594,3,16190,2
341,1055457,734.0833129882812,475.75,2,16191,0
341,1055458,444.0,463.25,2,16191,1
341,1055459,23.5,471.5,1,16191,2
341,1055460,1306.9166259765625,467.75,4,16192,0
341,1055461,1294.3499755859375,469.04998779296875,4,16193,0
341,1055462,887.0,469.0,1,16193,1
341,1055463,1563.5,513.0,1,16194,0
341,1055464,1293.0,574.0,1,16194,1
341,1055465,814.5,608.5,1,16194,2
341,1055466,371.0,642.5,1,16194,3
341,1055467,1767.0,487.5,1,16194,4
341,1055468,1330.1572265625,466.8143005371094,5,16195,0
341,1055469,1767.0,487.5,1,16195,1
341,1055470,1670.5,457.9166564941406,4,16196,0
341,1055471,1249.0,467.5,1,16196,1
341,1055472,1801.8333740234375,479.7083435058594,4,16196,2
341,1055473,1563.5,513.0,2,16196,3
341,1055474,555.0,351.0,1,16197,0
341,1055475,546.0,382.0,1,16197,1
341,1055476,513.5,346.0,1,16197,2
341,1055477,444.0,463.25,2,16198,0
341,1055478,23.5,471.5,1,16198,1
341,1055479,722.25,476.0,2,16198,2
341,1055480,1561.0,454.0,1,16199,0
341,1055481,1767.0,487.5,1,16199,1
341,1055482,1537.0,430.0,1,16199,2
341,1055483,1465.0,461.0,1,16200,0
341,1055484,1249.0,467.5,1,16200,1
341,1055485,1767.0,487.5,1,16200,2
341,1055486,1537.0,430.0,1,16200,3
341,1055487,898.75,471.25,2,16201,0
341,1055488,1254.5,478.0,1,16201,1
341,1055489,1321.7916259765625,466.0833435058594,3,16202,0
341,1055490,1840.9166259765625,491.6666564941406,2,16203,0
341,1055491,1293.0,574.0,1,16203,1
341,1055492,699.0,631.5,1,16203,2
341,1055493,1823.25,471.75,3,16203,3
341,1055494,23.5,471.5,1,16204,0
341,1055495,722.25,476.0,2,16204,1
341,1055496,438.0,478.0,1,16204,2
341,1055497,1306.9166259765625,467.75,4,16205,0
341,1055498,546.0,382.0,1,16206,0
341,1055499,513.5,346.0,1,16206,1
341,1055500,555.0,351.0,1,16206,2
341,1055501,1840.9166259765625,491.6666564941406,2,16207,0
341,1055502,371.0,642.5,1,16207,1
341,1055503,1823.25,471.75,3,16207,2
341,1055504,734.0833129882812,475.75,2,16208,0
341,1055505,444.0,463.25,2,16208,1
341,1055506,23.5,471.5,1,16208,2
341,1055507,1840.9166259765625,491.6666564941406,2,16209,0
341,1055508,699.0,631.5,1,16209,1
341,1055509,371.0,642.5,1,16209,2
341,1055510,1823.25,471.75,3,16209,3
341,1055511,1712.4166259765625,459.4166564941406,2,16210,0
341,1055512,1537.0,430.0,2,16210,1
341,1055513,1697.5,443.5,1,16210,2
341,1055514,898.75,471.25,2,16211,0
341,1055515,450.0,448.5,1,16211,1
341,1055516,740.0,474.0,1,16211,2
341,1055517,1779.5833740234375,462.0,2,16212,0
341,1055518,1537.0,430.0,2,16212,1
341,1055519,1801.8333740234375,479.7083435058594,4,16212,2
341,1055520,1293.0,574.0,1,16213,0
341,1055521,756.75,620.0,2,16213,1
341,1055522,371.0,642.5,1,16213,2
341,1055523,1563.5,513.0,1,16213,3
341,1055524,1871.0,479.5,1,16213,4
341,1055525,756.75,620.0,2,16214,0
341,1055526,371.0,642.5,1,16214,1
341,1055527,1563.5,513.0,1,16214,2
341,1055528,1293.0,574.0,1,16214,3
341,1055529,756.75,620.0,2,16215,0
341,1055530,371.0,642.5,1,16215,1
341,1055531,1862.25,488.0,2,16215,2
341,1055532,1293.0,574.0,1,16215,3
341,1055533,371.0,642.5,1,16216,0
341,1055534,1563.5,513.0,1,16216,1
341,1055535,1789.0,499.5,1,16216,2
341,1055536,1293.0,574.0,1,16216,3
341,1055537,756.75,620.0,2,16216,4
341,1055538,1853.5,496.5,1,16216,5
351,1055437,1755.0,458.3333435058594,3,16184,0
351,1055438,1537.0,430.0,2,16184,1
351,1055439,1697.5,443.5,1,16184,2
351,1055440,1537.0,430.0,2,16185,0
351,1055441,1697.5,443.5,1,16185,1
351,1055442,1601.5416259765625,451.625,3,16185,2
351,1055443,1879.5,456.0,1,16185,3
351,1055444,444.0,463.25,2,16186,0
351,1055445,734.0833129882812,475.75,2,16186,1
351,1055446,910.5,473.5,1,16186,2
351,1055447,1294.3499755859375,469.04998779296875,4,16187,0
351,1055448,734.0833129882812,475.75,2,16188,0
351,1055449,910.5,473.5,1,16188,1
351,1055450,450.0,448.5,1,16188,2
351,1055451,513.5,346.0,1,16189,0
351,1055452,555.0,351.0,1,16189,1
351,1055453,546.0,382.0,1,16189,2
351,1055454,1697.5,443.5,1,16190,0
351,1055455,1537.0,430.0,2,16190,1
351,1055456,1755.0,458.3333435058594,3,16190,2
351,1055457,734.0833129882812,475.75,2,16191,0
351,1055458,444.0,463.25,2,16191,1
351,1055459,23.5,471.5,2,16191,2
351,1055460,1306.9166259765625,467.75,4,16192,0
351,1055461,1294.3499755859375,469.04998779296875,4,16193,0
351,1055462,887.0,469.0,1,16193,1
351,1055463,1563.5,513.0,1,16194,0
351,1055464,1293.0,574.0,1,16194,1
351,1055465,814.5,608.5,1,16194,2
351,1055466,371.0,642.5,1,16194,3
351,1055467,1767.0,487.5,1,16194,4
351,1055468,1330.1572265625,466.8143005371094,5,16195,0
351,1055469,1767.0,487.5,1,16195,1
351,1055470,1670.5,457.9166564941406,4,16196,0
351,1055471,1249.0,467.5,1,16196,1
351,1055472,1801.8333740234375,479.7083435058594,4,16196,2
351,1055473,1563.5,513.0,2,16196,3
351,1055474,555.0,351.0,1,16197,0
351,1055475,546.0,382.0,1,16197,1
351,1055476,513.5,346.0,1,16197,2
351,1055477,444.0,463.25,2,16198,0
351,1055478,23.5,471.5,1,16198,1
351,1055479,722.25,476.0,2,16198,2
351,1055480,1561.0,454.0,1,16199,0
351,1055481,1767.0,487.5,1,16199,1
351,1055482,1537.0,430.0,1,16199,2
351,1055483,1465.0,461.0,1,16200,0
351,1055484,1249.0,467.5,1,16200,1
351,1055485,1767.0,487.5,1,16200,2
351,1055486,1537.0,430.0,1,16200,3
351,1055487,898.75,471.25,2,16201,0
351,1055488,1254.5,478.0,1,16201,1
351,1055489,1321.7916259765625,466.0833435058594,3,16202,0
351,1055490,1840.9166259765625,491.6666564941406,2,16203,0
351,1055491,1293.0,574.0,1,16203,1
351,1055492,699.0,631.5,1,16203,2
351,1055493,1823.25,471.75,3,16203,3
351,1055494,23.5,471.5,1,16204,0
351,1055495,722.25,476.0,2,16204,1
351,1055496,438.0,478.0,1,16204,2
351,1055497,1306.9166259765625,467.75,4,16205,0
351,1055498,546.0,382.0,1,16206,0
351,1055499,513.5,346.0,1,16206,1
351,1055500,555.0,351.0,1,16206,2
351,1055501,1840.9166259765625,491.6666564941406,2,16207,0
351,1055502,371.0,642.5,1,16207,1
351,1055503,1823.25,471.75,3,16207,2
351,1055504,734.0833129882812,475.75,2,16208,0
351,1055505,444.0,463.25,2,16208,1
351,1055506,23.5,471.5,2,16208,2
351,1055507,1840.9166259765625,491.6666564941406,2,16209,0
351,1055508,699.0,631.5,1,16209,1
351,1055509,371.0,642.5,1,16209,2
351,1055510,1823.25,471.75,3,16209,3
351,1055511,1712.4166259765625,459.4166564941406,2,16210,0
351,1055512,1537.0,430.0,2,16210,1
351,1055513,1697.5,443.5,1,16210,2
351,1055514,898.75,471.25,2,16211,0
351,1055515,450.0,448.5,1,16211,1
351,1055516,740.0,474.0,1,16211,2
351,1055517,1779.5833740234375,462.0,2,16212,0
351,1055518,1537.0,430.0,2,16212,1
351,1055519,1801.8333740234375,479.7083435058594,4,16212,2
351,1055520,1293.0,574.0,1,16213,0
351,1055521,756.75,620.0,2,16213,1
351,1055522,371.0,642.5,1,16213,2
351,1055523,1563.5,513.0,1,16213,3
351,1055524,1871.0,479.5,1,16213,4
351,1055525,756.75,620.0,2,16214,0
351,1055526,371.0,642.5,1,16214,1
351,1055527,1563.5,513.0,1,16214,2
351,1055528,1293.0,574.0,1,16214,3
351,1055529,756.75,620.0,2,16215,0
351,1055530,371.0,642.5,1,16215,1
351,1055531,1862.25,488.0,2,16215,2
351,1055532,1293.0,574.0,1,16215,3
351,1055533,371.0,642.5,1,16216,0
351,1055534,1563.5,513.0,1,16216,1
351,1055535,1789.0,499.5,1,16216,2
351,1055536,1293.0,574.0,1,16216,3
351,1055537,756.75,620.0,2,16216,4
351,1055538,1853.5,496.5,1,16216,5
361,1055437,1755.0,458.3333435058594,3,16184,0
361,1055438,1537.0,430.0,2,16184,1
361,1055439,1697.5,443.5,1,16184,2
361,1055440,1537.0,430.0,2,16185,0
361,1055441,1697.5,443.5,1,16185,1
361,1055442,1601.5416259765625,451.625,3,16185,2
361,1055443,1879.5,456.0,1,16185,3
361,1055444,444.0,463.25,2,16186,0
361,1055445,734.0833129882812,475.75,2,16186,1
361,1055446,910.5,473.5,1,16186,2
361,1055447,1294.3499755859375,469.04998779296875,4,16187,0
361,1055448,734.0833129882812,475.75,2,16188,0
361,1055449,910.5,473.5,1,16188,1
361,1055450,450.0,448.5,1,16188,2
361,1055451,513.5,346.0,1,16189,0
361,1055452,555.0,351.0,1,16189,1
361,1055453,546.0,382.0,1,16189,2
361,1055454,1697.5,443.5,1,16190,0
361,1055455,1537.0,430.0,2,16190,1
361,1055456,1755.0,458.3333435058594,3,16190,2
361,1055457,734.0833129882812,475.75,2,16191,0
361,1055458,444.0,463.25,2,16191,1
361,1055459,23.5,471.5,2,16191,2
361,1055460,1306.9166259765625,467.75,4,16192,0
361,1055461,1294.3499755859375,469.04998779296875,4,16193,0
361,1055462,887.0,469.0,1,16193,1
361,1055463,1563.5,513.0,1,16194,0
361,1055464,1293.0,574.0,1,16194,1
361,1055465,814.5,608.5,1,16194,2
361,1055466,371.0,642.5,1,16194,3
361,1055467,1767.0,487.5,1,16194,4
361,1055468,1330.1572265625,466.8143005371094,5,16195,0
361,1055469,1767.0,487.5,1,16195,1
361,1055470,1670.5,457.9166564941406,4,16196,0
361,1055471,1249.0,467.5,1,16196,1
361,1055472,1801.8333740234375,479.7083435058594,4,16196,2
361,1055473,1563.5,513.0,2,16196,3
361,1055474,555.0,351.0,1,16197,0
361,1055475,546.0,382.0,1,16197,1
361,1055476,513.5,346.0,1,16197,2
361,1055477,444.0,463.25,2,16198,0
361,1055478,23.5,471.5,1,16198,1
361,1055479,722.25,476.0,2,16198,2
361,1055480,1561.0,454.0,1,16199,0
361,1055481,1767.0,487.5,1,16199,1
361,1055482,1537.0,430.0,1,16199,2
361,1055483,1465.0,461.0,1,16200,0
361,1055484,1249.0,467.5,1,16200,1
361,1055485,1767.0,487.5,1,16200,2
361,1055486,1537.0,430.0,1,16200,3
361,1055487,898.75,471.25,2,16201,0
361,1055488,1254.5,478.0,1,16201,1
361,1055489,1321.7916259765625,466.0833435058594,3,16202,0
361,1055490,1840.9166259765625,491.6666564941406,2,16203,0
361,1055491,1293.0,574.0,1,16203,1
361,1055492,699.0,631.5,1,16203,2
361,1055493,1823.25,471.75,3,16203,3
361,1055494,23.5,471.5,1,16204,0
361,1055495,722.25,476.0,2,16204,1
361,1055496,438.0,478.0,1,16204,2
361,1055497,1306.9166259765625,467.75,4,16205,0
361,1055498,546.0,382.0,1,16206,0
361,1055499,513.5,346.0,1,16206,1
361,1055500,555.0,351.0,1,16206,2
361,1055501,1840.9166259765625,491.6666564941406,2,16207,0
361,1055502,371.0,642.5,1,16207,1
361,1055503,1823.25,471.75,3,16207,2
361,1055504,734.0833129882812,475.75,2,16208,0
361,1055505,444.0,463.25,2,16208,1
361,1055506,23.5,471.5,2,16208,2
361,1055507,1840.9166259765625,491.6666564941406,2,16209,0
361,1055508,699.0,631.5,1,16209,1
361,1055509,371.0,642.5,1,16209,2
361,1055510,1823.25,471.75,3,16209,3
361,1055511,1712.4166259765625,459.4166564941406,2,16210,0
361,1055512,1537.0,430.0,2,16210,1
361,1055513,1697.5,443.5,1,16210,2
361,1055514,898.75,471.25,2,16211,0
361,1055515,450.0,448.5,1,16211,1
361,1055516,740.0,474.0,1,16211,2
361,1055517,1779.5833740234375,462.0,2,16212,0
361,1055518,1537.0,430.0,2,16212,1
361,1055519,1801.8333740234375,479.7083435058594,4,16212,2
361,1055520,1293.0,574.0,1,16213,0
361,1055521,756.75,620.0,2,16213,1
361,1055522,371.0,642.5,1,16213,2
361,1055523,1563.5,513.0,1,16213,3
361,1055524,1871.0,479.5,1,16213,4
361,1055525,756.75,620.0,2,16214,0
361,1055526,371.0,642.5,1,16214,1
361,1055527,1563.5,513.0,1,16214,2
361,1055528,1293.0,574.0,1,16214,3
361,1055529,756.75,620.0,2,16215,0
361,1055530,371.0,642.5,1,16215,1
361,1055531,1862.25,488.0,2,16215,2
361,1055532,1293.0,574.0,1,16215,3
361,1055533,371.0,642.5,1,16216,0
361,1055534,1563.5,513.0,1,16216,1
361,1055535,1789.0,499.5,1,16216,2
361,1055536,1293.0,574.0,1,16216,3
361,1055537,756.75,620.0,2,16216,4
361,1055538,1853.5,496.5,1,16216,5
371,1055437,1755.0,458.3333435058594,3,16184,0
371,1055438,1537.0,430.0,2,16184,1
371,1055439,1697.5,443.5,1,16184,2
371,1055440,1537.0,430.0,2,16185,0
371,1055441,1697.5,443.5,1,16185,1
371,1055442,1601.5416259765625,451.625,3,16185,2
371,1055443,1879.5,456.0,1,16185,3
371,1055444,444.0,463.25,2,16186,0
371,1055445,734.0833129882812,475.75,2,16186,1
371,1055446,910.5,473.5,1,16186,2
371,1055447,1294.3499755859375,469.04998779296875,4,16187,0
371,1055448,734.0833129882812,475.75,2,16188,0
371,1055449,910.5,473.5,1,16188,1
371,1055450,450.0,448.5,1,16188,2
371,1055451,513.5,346.0,1,16189,0
371,1055452,555.0,351.0,1,16189,1
371,1055453,546.0,382.0,1,16189,2
371,1055454,1697.5,443.5,1,16190,0
371,1055455,1537.0,430.0,2,16190,1
371,1055456,1755.0,458.3333435058594,3,16190,2
371,1055457,734.0833129882812,475.75,2,16191,0
371,1055458,444.0,463.25,2,16191,1
371,1055459,23.5,471.5,2,16191,2
371,1055460,1306.9166259765625,467.75,4,16192,0
371,1055461,1294.3499755859375,469.04998779296875,4,16193,0
371,1055462,887.0,469.0,1,16193,1
371,1055463,1563.5,513.0,1,16194,0
371,1055464,1293.0,574.0,1,16194,1
371,1055465,814.5,608.5,1,16194,2
371,1055466,371.0,642.5,1,16194,3
371,1055467,1767.0,487.5,1,16194,4
371,1055468,1330.1572265625,466.8143005371094,5,16195,0
371,1055469,1767.0,487.5,1,16195,1
371,1055470,1670.5,457.9166564941406,4,16196,0
371,1055471,1249.0,467.5,1,16196,1
371,1055472,1801.8333740234375,479.7083435058594,4,16196,2
371,1055473,1563.5,513.0,2,16196,3
371,1055474,555.0,351.0,1,16197,0
371,1055475,546.0,382.0,1,16197,1
371,1055476,513.5,346.0,1,16197,2
371,1055477,444.0,463.25,2,16198,0
371,1055478,23.5,471.5,1,16198,1
371,1055479,722.25,476.0,2,16198,2
371,1055480,1561.0,454.0,1,16199,0
371,1055481,1767.0,487.5,1,16199,1
371,1055482,1537.0,430.0,1,16199,2
371,1055483,1465.0,461.0,1,16200,0
371,1055484,1249.0,467.5,1,16200,1
371,1055485,1767.0,487.5,1,16200,2
371,1055486,1537.0,430.0,1,16200,3
371,1055487,898.75,471.25,2,16201,0
371,1055488,1254.5,478.0,1,16201,1
371,1055489,1321.7916259765625,466.0833435058594,3,16202,0
371,1055490,1840.9166259765625,491.6666564941406,2,16203,0
371,1055491,1293.0,574.0,1,16203,1
371,1055492,699.0,631.5,1,16203,2
371,1055493,1823.25,471.75,3,16203,3
371,1055494,23.5,471.5,1,16204,0
371,1055495,722.25,476.0,2,16204,1
371,1055496,438.0,478.0,1,16204,2
371,1055497,1306.9166259765625,467.75,4,16205,0
371,1055498,546.0,382.0,1,16206,0
371,1055499,513.5,346.0,1,16206,1
371,1055500,555.0,351.0,1,16206,2
371,1055501,1840.9166259765625,491.6666564941406,2,16207,0
371,1055502,371.0,642.5,1,16207,1
371,1055503,1823.25,471.75,3,16207,2
371,1055504,734.0833129882812,475.75,2,16208,0
371,1055505,444.0,463.25,2,16208,1
371,1055506,23.5,471.5,2,16208,2
371,1055507,1840.9166259765625,491.6666564941406,2,16209,0
371,1055508,699.0,631.5,1,16209,1
371,1055509,371.0,642.5,1,16209,2
371,1055510,1823.25,471.75,3,16209,3
371,1055511,1712.4166259765625,459.4166564941406,2,16210,0
371,1055512,1537.0,430.0,2,16210,1
371,1055513,1697.5,443.5,1,16210,2
371,1055514,898.75,471.25,2,16211,0
371,1055515,450.0,448.5,1,16211,1
371,1055516,740.0,474.0,1,16211,2
371,1055517,1779.5833740234375,462.0,2,16212,0
371,1055518,1537.0,430.0,2,16212,1
371,1055519,1801.8333740234375,479.7083435058594,4,16212,2
371,1055520,1293.0,574.0,1,16213,0
371,1055521,756.75,620.0,2,16213,1
371,1055522,371.0,642.5,1,16213,2
371,1055523,1563.5,513.0,1,16213,3
371,1055524,1871.0,479.5,1,16213,4
371,1055525,756.75,620.0,2,16214,0
371,1055526,371.0,642.5,1,16214,1
371,1055527,1563.5,513.0,1,16214,2
371,1055528,1293.0,574.0,1,16214,3
371,1055529,756.75,620.0,2,16215,0
371,1055530,371.0,642.5,1,16215,1
371,1055531,1862.25,488.0,2,16215,2
371,1055532,1293.0,574.0,1,16215,3
371,1055533,371.0,642.5,1,16216,0
371,1055534,1563.5,513.0,1,16216,1
371,1055535,1789.0,499.5,1,16216,2
371,1055536,1293.0,574.0,1,16216,3
371,1055537,756.75,620.0,2,16216,4
371,1055538,1853.5,496.5,1,16216,5
381,1055437,1755.0,458.3333435058594,3,16184,0
381,1055438,1537.0,430.0,2,16184,1
381,1055439,1697.5,443.5,1,16184,2
381,1055440,1537.0,430.0,2,16185,0
381,1055441,1697.5,443.5,1,16185,1
381,1055442,1601.5416259765625,451.625,3,16185,2
381,1055443,1879.5,456.0,1,16185,3
381,1055444,444.0,463.25,2,16186,0
381,1055445,734.0833129882812,475.75,2,16186,1
381,1055446,910.5,473.5,1,16186,2
381,1055447,1294.3499755859375,469.04998779296875,4,16187,0
381,1055448,734.0833129882812,475.75,2,16188,0
381,1055449,910.5,473.5,1,16188,1
381,1055450,450.0,448.5,1,16188,2
381,1055451,513.5,346.0,1,16189,0
381,1055452,555.0,351.0,1,16189,1
381,1055453,546.0,382.0,1,16189,2
381,1055454,1697.5,443.5,1,16190,0
381,1055455,1537.0,430.0,2,16190,1
381,1055456,1755.0,458.3333435058594,3,16190,2
381,1055457,734.0833129882812,475.75,2,16191,0
381,1055458,444.0,463.25,2,16191,1
381,1055459,23.5,471.5,2,16191,2
381,1055460,1306.9166259765625,467.75,4,16192,0
381,1055461,1294.3499755859375,469.04998779296875,4,16193,0
381,1055462,887.0,469.0,1,16193,1
381,1055463,1563.5,513.0,1,16194,0
381,1055464,1293.0,574.0,1,16194,1
381,1055465,814.5,608.5,1,16194,2
381,1055466,371.0,642.5,1,16194,3
381,1055467,1767.0,487.5,1,16194,4
381,1055468,1330.1572265625,466.8143005371094,5,16195,0
381,1055469,1767.0,487.5,1,16195,1
381,1055470,1670.5,457.9166564941406,4,16196,0
381,1055471,1249.0,467.5,1,16196,1
381,1055472,1801.8333740234375,479.7083435058594,4,16196,2
381,1055473,1563.5,513.0,2,16196,3
381,1055474,555.0,351.0,1,16197,0
381,1055475,546.0,382.0,1,16197,1
381,1055476,513.5,346.0,1,16197,2
381,1055477,444.0,463.25,2,16198,0
381,1055478,23.5,471.5,1,16198,1
381,1055479,722.25,476.0,2,16198,2
381,1055480,1561.0,454.0,1,16199,0
381,1055481,1767.0,487.5,1,16199,1
381,1055482,1537.0,430.0,1,16199,2
381,1055483,1465.0,461.0,1,16200,0
381,1055484,1249.0,467.5,1,16200,1
381,1055485,1767.0,487.5,1,16200,2
381,1055486,1537.0,430.0,1,16200,3
381,1055487,898.75,471.25,2,16201,0
381,1055488,1254.5,478.0,1,16201,1
381,1055489,1321.7916259765625,466.0833435058594,3,16202,0
381,1055490,1840.9166259765625,491.6666564941406,2,16203,0
381,1055491,1293.0,574.0,1,16203,1
381,1055492,699.0,631.5,1,16203,2
381,1055493,1823.25,471.75,3,16203,3
381,1055494,23.5,471.5,1,16204,0
381,1055495,722.25,476.0,2,16204,1
381,1055496,438.0,478.0,1,16204,2
381,1055497,1306.9166259765625,467.75,4,16205,0
381,1055498,546.0,382.0,1,16206,0
381,1055499,513.5,346.0,1,16206,1
381,1055500,555.0,351.0,1,16206,2
381,1055501,1840.9166259765625,491.6666564941406,2,16207,0
381,1055502,371.0,642.5,1,16207,1
381,1055503,1823.25,471.75,3,16207,2
381,1055504,734.0833129882812,475.75,2,16208,0
381,1055505,444.0,463.25,2,16208,1
381,1055506,23.5,471.5,2,16208,2
381,1055507,1840.9166259765625,491.6666564941406,2,16209,0
381,1055508,699.0,631.5,1,16209,1
381,1055509,371.0,642.5,1,16209,2
381,1055510,1823.25,471.75,3,16209,3
381,1055511,1712.4166259765625,459.4166564941406,2,16210,0
381,1055512,1537.0,430.0,2,16210,1
381,1055513,1697.5,443.5,1,16210,2
381,1055514,898.75,471.25,2,16211,0
381,1055515,450.0,448.5,1,16211,1
381,1055516,740.0,474.0,1,16211,2
381,1055517,1779.5833740234375,462.0,2,16212,0
381,1055518,1537.0,430.0,2,16212,1
381,1055519,1801.8333740234375,479.7083435058594,4,16212,2
381,1055520,1293.0,574.0,1,16213,0
381,1055521,756.75,620.0,2,16213,1
381,1055522,371.0,642.5,1,16213,2
381,1055523,1563.5,513.0,1,16213,3
381,1055524,1871.0,479.5,1,16213,4
381,1055525,756.75,620.0,2,16214,0
381,1055526,371.0,642.5,1,16214,1
381,1055527,1563.5,513.0,1,16214,2
381,1055528,1293.0,574.0,1,16214,3
381,1055529,756.75,620.0,2,16215,0
381,1055530,371.0,642.5,1,16215,1
381,1055531,1862.25,488.0,2,16215,2
381,1055532,1293.0,574.0,1,16215,3
381,1055533,371.0,642.5,1,16216,0
381,1055534,1563.5,513.0,1,16216,1
381,1055535,1789.0,499.5,1,16216,2
381,1055536,1293.0,574.0,1,16216,3
381,1055537,756.75,620.0,2,16216,4
381,1055538,1853.5,496.5,1,16216,5
391,1055437,1755.0,458.3333435058594,3,16184,0
391,1055438,1537.0,430.0,2,16184,1
391,1055439,1697.5,443.5,1,16184,2
391,1055440,1537.0,430.0,2,16185,0
391,1055441,1697.5,443.5,1,16185,1
391,1055442,1601.5416259765625,451.625,3,16185,2
391,1055443,1879.5,456.0,1,16185,3
391,1055444,444.0,463.25,2,16186,0
391,1055445,734.0833129882812,475.75,2,16186,1
391,1055446,910.5,473.5,1,16186,2
391,1055447,1294.3499755859375,469.04998779296875,4,16187,0
391,1055448,734.0833129882812,475.75,2,16188,0
391,1055449,910.5,473.5,1,16188,1
391,1055450,450.0,448.5,1,16188,2
391,1055451,513.5,346.0,1,16189,0
391,1055452,555.0,351.0,1,16189,1
391,1055453,546.0,382.0,1,16189,2
391,1055454,1697.5,443.5,1,16190,0
391,1055455,1537.0,430.0,2,16190,1
391,1055456,1755.0,458.3333435058594,3,16190,2
391,1055457,734.0833129882812,475.75,2,16191,0
391,1055458,444.0,463.25,2,16191,1
391,1055459,23.5,471.5,2,16191,2
391,1055460,1306.9166259765625,467.75,4,16192,0
391,1055461,1294.3499755859375,469.04998779296875,4,16193,0
391,1055462,887.0,469.0,1,16193,1
391,1055463,1563.5,513.0,1,16194,0
391,1055464,1293.0,574.0,1,16194,1
391,1055465,814.5,608.5,1,16194,2
391,1055466,371.0,642.5,1,16194,3
391,1055467,1767.0,487.5,1,16194,4
391,1055468,1330.1572265625,466.8143005371094,5,16195,0
391,1055469,1767.0,487.5,1,16195,1
391,1055470,1670.5,457.9166564941406,4,16196,0
391,1055471,1249.0,467.5,1,16196,1
391,1055472,1801.8333740234375,479.7083435058594,4,16196,2
391,1055473,1563.5,513.0,2,16196,3
391,1055474,555.0,351.0,1,16197,0
391,1055475,546.0,382.0,1,16197,1
391,1055476,513.5,346.0,1,16197,2
391,1055477,444.0,463.25,2,16198,0
391,1055478,23.5,471.5,1,16198,1
391,1055479,722.25,476.0,2,16198,2
391,1055480,1561.0,454.0,1,16199,0
391,1055481,1767.0,487.5,1,16199,1
391,1055482,1537.0,430.0,1,16199,2
391,1055483,1465.0,461.0,1,16200,0
391,1055484,1249.0,467.5,1,16200,1
391,1055485,1767.0,487.5,1,16200,2
391,1055486,1537.0,430.0,1,16200,3
391,1055487,898.75,471.25,2,16201,0
391,1055488,1254.5,478.0,1,16201,1
391,1055489,1321.7916259765625,466.0833435058594,3,16202,0
391,1055490,1840.9166259765625,491.6666564941406,2,16203,0
391,1055491,1293.0,574.0,1,16203,1
391,1055492,699.0,631.5,1,16203,2
391,1055493,1823.25,471.75,3,16203,3
391,1055494,23.5,471.5,1,16204,0
391,1055495,722.25,476.0,2,16204,1
391,1055496,438.0,478.0,1,16204,2
391,1055497,1306.9166259765625,467.75,4,16205,0
391,1055498,546.0,382.0,1,16206,0
391,1055499,513.5,346.0,1,16206,1
391,1055500,555.0,351.0,1,16206,2
391,1055501,1840.9166259765625,491.6666564941406,2,16207,0
391,1055502,371.0,642.5,1,16207,1
391,1055503,1823.25,471.75,3,16207,2
391,1055504,734.0833129882812,475.75,2,16208,0
391,1055505,444.0,463.25,2,16208,1
391,1055506,23.5,471.5,2,16208,2
391,1055507,1840.9166259765625,491.6666564941406,2,16209,0
391,1055508,699.0,631.5,1,16209,1
391,1055509,371.0,642.5,1,16209,2
391,1055510,1823.25,471.75,3,16209,3
391,1055511,1712.4166259765625,459.4166564941406,2,16210,0
391,1055512,1537.0,430.0,2,16210,1
391,1055513,1697.5,443.5,1,16210,2
391,1055514,898.75,471.25,2,16211,0
391,1055515,450.0,448.5,1,16211,1
391,1055516,740.0,474.0,1,16211,2
391,1055517,1779.5833740234375,462.0,2,16212,0
391,1055518,1537.0,430.0,2,16212,1
391,1055519,1801.8333740234375,479.7083435058594,4,16212,2
391,1055520,1293.0,574.0,1,16213,0
391,1055521,756.75,620.0,2,16213,1
391,1055522,371.0,642.5,1,16213,2
391,1055523,1563.5,513.0,1,16213,3
391,1055524,1871.0,479.5,1,16213,4
391,1055525,756.75,620.0,2,16214,0
391,1055526,371.0,642.5,1,16214,1
391,1055527,1563.5,513.0,1,16214,2
391,1055528,1293.0,574.0,1,16214,3
391,1055529,756.75,620.0,2,16215,0
391,1055530,371.0,642.5,1,16215,1
391,1055531,1862.25,488.0,2,16215,2
391,1055532,1293.0,574.0,1,16215,3
391,1055533,371.0,642.5,1,16216,0
391,1055534,1563.5,513.0,1,16216,1
391,1055535,1789.0,499.5,1,16216,2
391,1055536,1293.0,574.0,1,16216,3
391,1055537,756.75,620.0,2,16216,4
391,1055538,1853.5,496.5,1,16216,5
401,1055437,1755.0,458.3333435058594,3,16184,0
401,1055438,1537.0,430.0,2,16184,1
401,1055439,1697.5,443.5,1,16184,2
401,1055440,1537.0,430.0,2,16185,0
401,1055441,1697.5,443.5,1,16185,1
401,1055442,1601.5416259765625,451.625,3,16185,2
401,1055443,1879.5,456.0,1,16185,3
401,1055444,444.0,463.25,2,16186,0
401,1055445,734.0833129882812,475.75,2,16186,1
401,1055446,910.5,473.5,1,16186,2
401,1055447,1294.3499755859375,469.04998779296875,4,16187,0
401,1055448,734.0833129882812,475.75,2,16188,0
401,1055449,910.5,473.5,1,16188,1
401,1055450,450.0,448.5,1,16188,2
401,1055451,513.5,346.0,1,16189,0
401,1055452,555.0,351.0,1,16189,1
401,1055453,546.0,382.0,1,16189,2
401,1055454,1697.5,443.5,1,16190,0
401,1055455,1537.0,430.0,2,16190,1
401,1055456,1755.0,458.3333435058594,3,16190,2
401,1055457,734.0833129882812,475.75,2,16191,0
401,1055458,444.0,463.25,2,16191,1
401,1055459,23.5,471.5,2,16191,2
401,1055460,1306.9166259765625,467.75,4,16192,0
401,1055461,1294.3499755859375,469.04998779296875,4,16193,0
401,1055462,887.0,469.0,1,16193,1
401,1055463,1563.5,513.0,1,16194,0
401,1055464,1293.0,574.0,1,16194,1
401,1055465,814.5,608.5,1,16194,2
401,1055466,371.0,642.5,1,16194,3
401,1055467,1767.0,487.5,1,16194,4
401,1055468,1330.1572265625,466.8143005371094,5,16195,0
401,1055469,1767.0,487.5,1,16195,1
401,1055470,1670.5,457.9166564941406,4,16196,0
401,1055471,1249.0,467.5,1,16196,1
401,1055472,1801.8333740234375,479.7083435058594,4,16196,2
401,1055473,1563.5,513.0,2,16196,3
401,1055474,555.0,351.0,1,16197,0
401,1055475,546.0,382.0,1,16197,1
401,1055476,513.5,346.0,1,16197,2
401,1055477,444.0,463.25,2,16198,0
401,1055478,23.5,471.5,1,16198,1
401,1055479,722.25,476.0,2,16198,2
401,1055480,1561.0,454.0,1,16199,0
401,1055481,1767.0,487.5,1,16199,1
401,1055482,1537.0,430.0,1,16199,2
401,1055483,1465.0,461.0,1,16200,0
401,1055484,1249.0,467.5,1,16200,1
401,1055485,1767.0,487.5,1,16200,2
401,1055486,1537.0,430.0,1,16200,3
401,1055487,898.75,471.25,2,16201,0
401,1055488,1254.5,478.0,1,16201,1
401,1055489,1321.7916259765625,466.0833435058594,3,16202,0
401,1055490,1840.9166259765625,491.6666564941406,2,16203,0
401,1055491,1293.0,574.0,1,16203,1
401,1055492,699.0,631.5,1,16203,2
401,1055493,1823.25,471.75,3,16203,3
401,1055494,23.5,471.5,1,16204,0
401,1055495,722.25,476.0,2,16204,1
401,1055496,438.0,478.0,1,16204,2
401,1055497,1306.9166259765625,467.75,4,16205,0
401,1055498,546.0,382.0,1,16206,0
401,1055499,513.5,346.0,1,16206,1
401,1055500,555.0,351.0,1,16206,2
401,1055501,1840.9166259765625,491.6666564941406,2,16207,0
401,1055502,371.0,642.5,1,16207,1
401,1055503,1823.25,471.75,3,16207,2
401,1055504,734.0833129882812,475.75,2,16208,0
401,1055505,444.0,463.25,2,16208,1
401,1055506,23.5,471.5,2,16208,2
401,1055507,1840.9166259765625,491.6666564941406,2,16209,0
401,1055508,699.0,631.5,1,16209,1
401,1055509,371.0,642.5,1,16209,2
401,1055510,1823.25,471.75,3,16209,3
401,1055511,1712.4166259765625,459.4166564941406,2,16210,0
401,1055512,1537.0,430.0,2,16210,1
401,1055513,1697.5,443.5,1,16210,2
401,1055514,898.75,471.25,2,16211,0
401,1055515,450.0,448.5,1,16211,1
401,1055516,740.0,474.0,1,16211,2
401,1055517,1779.5833740234375,462.0,2,16212,0
401,1055518,1537.0,430.0,2,16212,1
401,1055519,1801.8333740234375,479.7083435058594,4,16212,2
401,1055520,1293.0,574.0,1,16213,0
401,1055521,756.75,620.0,2,16213,1
401,1055522,371.0,642.5,1,16213,2
401,1055523,1563.5,513.0,1,16213,3
401,1055524,1871.0,479.5,1,16213,4
401,1055525,756.75,620.0,2,16214,0
401,1055526,371.0,642.5,1,16214,1
401,1055527,1563.5,513.0,1,16214,2
401,1055528,1293.0,574.0,1,16214,3
401,1055529,756.75,620.0,2,16215,0
401,1055530,371.0,642.5,1,16215,1
401,1055531,1862.25,488.0,2,16215,2
401,1055532,1293.0,574.0,1,16215,3
401,1055533,371.0,642.5,1,16216,0
401,1055534,1563.5,513.0,1,16216,1
401,1055535,1789.0,499.5,1,16216,2
401,1055536,1293.0,574.0,1,16216,3
401,1055537,756.75,620.0,2,16216,4
401,1055538,1853.5,496.5,1,16216,5
411,1055437,1720.25,460.5833435058594,2,16184,0
411,1055438,1516.6666259765625,430.5,3,16184,1
411,1055439,1677.0,444.5,1,16184,2
411,1055440,1516.75,429.75,2,16185,0
411,1055441,1677.0,444.5,1,16185,1
411,1055442,1571.5416259765625,452.875,2,16185,2
411,1055443,1859.0,458.0,1,16185,3
411,1055444,427.0,462.75,2,16186,0
411,1055445,699.5833129882812,473.5,2,16186,1
411,1055446,891.0,471.5,1,16186,2
411,1055447,1242.8499755859375,469.04998779296875,3,16187,0
411,1055448,699.5833129882812,473.5,2,16188,0
411,1055449,891.0,471.5,1,16188,1
411,1055450,417.0,449.5,1,16188,2
411,1055451,514.0,346.0,1,16189,0
411,1055452,555.0,351.0,1,16189,1
411,1055453,542.0,391.0,1,16189,2
411,1055454,1677.0,444.5,1,16190,0
411,1055455,1516.6666259765625,430.5,3,16190,1
411,1055456,1720.25,460.5833435058594,2,16190,2
411,1055457,699.5833129882812,473.5,2,16191,0
411,1055458,427.0,462.75,2,16191,1
411,1055459,12.75,472.5,2,16191,2
411,1055460,1259.4166259765625,468.0833435058594,3,16192,0
411,1055461,1242.8499755859375,469.04998779296875,3,16193,0
411,1055462,857.5,469.5,1,16193,1
411,1055463,1557.5,511.0,1,16194,0
411,1055464,1301.5,573.5,1,16194,1
411,1055465,829.0,607.5,1,16194,2
411,1055466,362.0,639.5,1,16194,3
411,1055467,1717.0,488.0,1,16194,4
411,1055468,1281.6572265625,466.9393005371094,4,16195,0
411,1055469,1717.0,488.0,1,16195,1
411,1055470,1633.5,458.25,3,16196,0
411,1055471,1214.0,467.0,1,16196,1
411,1055472,1788.166748046875,478.54168701171875,3,16196,2
411,1055473,1550.75,514.0,2,16196,3
411,1055474,555.0,351.0,1,16197,0
411,1055475,542.0,391.0,1,16197,1
411,1055476,514.0,346.0,1,16197,2
411,1055477,427.0,462.75,2,16198,0
411,1055478,25.5,471.5,1,16198,1
411,1055479,704.5,475.5,2,16198,2
411,1055480,1523.5,454.5,1,16199,0
411,1055481,1717.0,488.0,1,16199,1
411,1055482,1536.0,430.0,1,16199,2
411,1055483,1424.5,459.5,1,16200,0
411,1055484,1214.0,467.0,1,16200,1
411,1055485,1717.0,488.0,1,16200,2
411,1055486,1536.0,430.0,1,16200,3
411,1055487,874.25,470.5,2,16201,0
411,1055488,1188.0,478.5,1,16201,1
411,1055489,1283.7916259765625,466.3333435058594,2,16202,0
411,1055490,1824.583251953125,490.83331298828125,3,16203,0
411,1055491,1301.5,573.5,1,16203,1
411,1055492,706.0,628.5,1,16203,2
411,1055493,1788.0,473.0,2,16203,3
411,1055494,25.5,471.5,1,16204,0
411,1055495,704.5,475.5,2,16204,1
411,1055496,437.0,476.0,1,16204,2
411,1055497,1259.4166259765625,468.0833435058594,3,16205,0
411,1055498,542.0,391.0,1,16206,0
411,1055499,514.0,346.0,1,16206,1
411,1055500,555.0,351.0,1,16206,2
411,1055501,1824.583251953125,490.83331298828125,3,16207,0
411,1055502,362.0,639.5,1,16207,1
411,1055503,1788.0,473.0,2,16207,2
411,1055504,699.5833129882812,473.5,2,16208,0
411,1055505,427.0,462.75,2,16208,1
411,1055506,12.75,472.5,2,16208,2
411,1055507,1824.583251953125,490.83331298828125,3,16209,0
411,1055508,706.0,628.5,1,16209,1
411,1055509,362.0,639.5,1,16209,2
411,1055510,1788.0,473.0,2,16209,3
411,1055511,1677.6666259765625,461.6666564941406,2,16210,0
411,1055512,1516.75,429.75,2,16210,1
411,1055513,1677.0,444.5,1,16210,2
411,1055514,874.25,470.5,2,16211,0
411,1055515,417.0,449.5,1,16211,1
411,1055516,683.0,472.5,1,16211,2
411,1055517,1744.3333740234375,463.25,2,16212,0
411,1055518,1526.75,432.0,2,16212,1
411,1055519,1788.166748046875,478.54168701171875,3,16212,2
411,1055520,1301.5,573.5,1,16213,0
411,1055521,767.5,618.0,2,16213,1
411,1055522,362.0,639.5,1,16213,2
411,1055523,1557.5,511.0,1,16213,3
411,1055524,1848.5,477.0,1,16213,4
411,1055525,767.5,618.0,2,16214,0
411,1055526,362.0,639.5,1,16214,1
411,1055527,1557.5,511.0,1,16214,2
411,1055528,1301.5,573.5,1,16214,3
411,1055529,767.5,618.0,2,16215,0
411,1055530,362.0,639.5,1,16215,1
411,1055531,1836.75,487.75,2,16215,2
411,1055532,1301.5,573.5,1,16215,3
411,1055533,362.0,639.5,1,16216,0
411,1055534,1557.5,511.0,1,16216,1
411,1055535,1791.0,497.5,1,16216,2
411,1055536,1301.5,573.5,1,16216,3
411,1055537,767.5,618.0,2,16216,4
411,1055538,1825.0,498.5,1,16216,5
431,1055539,525.375,378.375,4,16217,0
431,1055540,524.3333129882812,357.5,3,16217,1
431,1055541,836.125,473.0,4,16218,0
431,1055542,1027.0,473.5,1,16218,1
431,1055543,511.5,415.0,1,16218,2
431,1055544,874.75,475.0,2,16218,3
431,1055545,505.25,478.75,2,16218,4
431,1055546,273.5,480.0,1,16218,5
431,1055547,1434.75,464.5,2,16219,0
431,1055548,1714.5,484.5,1,16219,1
431,1055549,1243.0,466.5,1,16219,2
431,1055550,874.75,475.0,2,16219,3
431,1055551,505.25,478.75,2,16219,4
431,1055552,273.5,480.0,1,16219,5
431,1055553,1672.5,442.0,1,16220,0
431,1055554,877.0,470.0,1,16220,1
431,1055555,1761.75,455.4166564941406,6,16220,2
431,1055556,1875.0,483.0,1,16220,3
431,1055557,509.0,360.75,2,16221,0
431,1055558,530.0,366.1666564941406,3,16221,1
431,1055559,525.375,378.375,4,16222,0
431,1055560,524.3333129882812,357.5,3,16222,1
431,1055561,1457.8333740234375,461.5,3,16223,0
431,1055562,1714.5,484.5,1,16223,1
431,1055563,874.75,475.0,2,16223,2
431,1055564,505.25,478.75,2,16223,3
431,1055565,273.5,480.0,1,16223,4
431,1055566,524.3333129882812,357.5,3,16224,0
431,1055567,525.375,378.375,4,16224,1
431,1055568,1560.0,507.5,1,16225,0
431,1055569,874.75,475.0,2,16225,1
431,1055570,1308.5,573.0,1,16225,2
431,1055571,49.5,550.5,1,16225,3
431,1055572,1714.5,484.5,1,16225,4
431,1055573,817.7000122070312,474.20001220703125,5,16226,0
431,1055574,1027.0,473.5,1,16226,1
431,1055575,511.5,415.0,1,16226,2
431,1055576,874.75,475.0,2,16226,3
431,1055577,505.25,478.75,2,16226,4
431,1055578,273.5,480.0,1,16226,5
431,1055579,800.75,474.375,4,16227,0
431,1055580,511.5,415.0,1,16227,1
431,1055581,33.5,472.5,1,16227,2
431,1055582,877.0,470.0,1,16227,3
431,1055583,505.25,478.75,2,16227,4
431,1055584,273.5,480.0,1,16227,5
431,1055585,1714.25,454.5,4,16228,0
431,1055586,1243.0,466.5,1,16228,1
431,1055587,1457.8333740234375,461.5,3,16228,2
431,1055588,874.75,475.0,2,16228,3
431,1055589,1737.8333740234375,480.0,3,16228,4
431,1055590,505.25,478.75,2,16228,5
431,1055591,273.5,480.0,1,16228,6
431,1055592,1560.0,507.5,1,16228,7
431,1055593,535.75,364.25,2,16229,0
431,1055594,530.0,366.1666564941406,3,16229,1
431,1055595,1243.0,466.5,1,16230,0
431,1055596,1094.0,468.5,1,16230,1
431,1055597,1408.0,466.0,1,16230,2
431,1055598,1714.5,484.5,1,16230,3
431,1055599,874.75,475.0,2,16230,4
431,1055600,505.25,478.75,2,16230,5
431,1055601,273.5,480.0,1,16230,6
431,1055602,1027.0,473.5,1,16231,0
431,1055603,511.5,415.0,1,16231,1
431,1055604,841.25,474.25,2,16231,2
431,1055605,874.75,475.0,2,16231,3
431,1055606,505.25,478.75,2,16231,4
431,1055607,273.5,480.0,1,16231,5
431,1055608,817.7000122070312,474.20001220703125,5,16232,0
431,1055609,511.5,415.0,1,16232,1
431,1055610,33.5,472.5,1,16232,2
431,1055611,874.75,475.0,2,16232,3
431,1055612,505.25,478.75,2,16232,4
431,1055613,273.5,480.0,1,16232,5
431,1055614,1755.0,457.25,4,16233,0
431,1055615,874.75,475.0,2,16233,1
431,1055616,522.0,480.0,1,16233,2
431,1055617,1672.5,442.0,1,16233,3
431,1055618,530.0,366.1666564941406,3,16234,0
431,1055619,524.3333129882812,357.5,3,16234,1
431,1055620,1678.25,462.75,2,16235,0
431,1055621,874.75,475.0,2,16235,1
431,1055622,505.25,478.75,2,16235,2
431,1055623,1672.5,442.0,1,16235,3
431,1055624,1785.699951171875,458.29998779296875,5,16236,0
431,1055625,874.75,475.0,2,16236,1
431,1055626,1737.8333740234375,480.0,3,16236,2
431,1055627,817.7000122070312,474.20001220703125,5,16237,0
431,1055628,511.5,415.0,1,16237,1
431,1055629,33.5,472.5,1,16237,2
431,1055630,874.75,475.0,2,16237,3
431,1055631,505.25,478.75,2,16237,4
431,1055632,273.5,480.0,1,16237,5
431,1055633,33.5,472.5,1,16238,0
431,1055634,802.0,474.1666564941406,3,16238,1
431,1055635,511.5,415.0,1,16239,0
431,1055636,817.7000122070312,474.20001220703125,5,16239,1
431,1055637,1027.0,473.5,1,16239,2
431,1055638,273.5,480.0,1,16239,3
431,1055639,516.5,377.5,1,16239,4
431,1055640,535.5,376.75,2,16239,5
431,1055641,1840.75,463.75,4,16240,0
431,1055642,877.0,470.0,1,16240,1
431,1055643,1772.125,480.75,4,16240,2
431,1055644,1803.5,451.75,4,16241,0
431,1055645,877.0,470.0,1,16241,1
431,1055646,1772.125,480.75,4,16241,2
431,1055647,1094.0,468.5,1,16242,0
431,1055648,1243.0,466.5,1,16242,1
431,1055649,874.75,475.0,2,16242,2
431,1055650,505.25,478.75,2,16242,3
431,1055651,273.5,480.0,1,16242,4
431,1055652,1482.75,459.25,2,16243,0
431,1055653,1714.5,484.5,1,16243,1
431,1055654,874.75,475.0,2,16243,2
431,1055655,505.25,478.75,2,16243,3
431,1055656,273.5,480.0,1,16243,4
431,1055657,874.75,475.0,2,16244,0
431,1055658,49.5,550.5,1,16244,1
431,1055659,1672.5,442.0,1,16244,2
431,1055660,1560.0,507.5,1,16244,3
431,1055661,1778.5,460.4285583496094,7,16244,4
431,1055662,817.7000122070312,474.20001220703125,5,16244,5
431,1055663,1457.8333740234375,461.5,3,16244,6
431,1055664,1243.0,466.5,1,16244,7
431,1055665,1060.5,471.0,2,16244,8
431,1055666,1805.3333740234375,493.6666564941406,3,16245,0
431,1055667,1308.5,573.0,1,16245,1
431,1055668,1815.5,467.8999938964844,5,16245,2
431,1055669,1772.125,480.75,4,16246,0
431,1055670,1308.5,573.0,1,16246,1
431,1055671,1864.1666259765625,468.3333435058594,3,16246,2
431,1055672,1893.75,476.5,2,16247,0
431,1055673,1805.3333740234375,493.6666564941406,3,16247,1
431,1055674,1308.5,573.0,1,16247,2
431,1055675,877.0,470.0,1,16247,3
431,1055676,1805.3333740234375,493.6666564941406,3,16248,0
431,1055677,1308.5,573.0,1,16248,1
431,1055678,1815.5,467.8999938964844,5,16248,2
431,1055679,874.75,475.0,2,16249,0
431,1055680,505.25,478.75,2,16249,1
431,1055681,1560.0,507.5,1,16249,2
431,1055682,836.125,473.0,4,16249,3
431,1055683,1457.8333740234375,461.5,3,16249,4
431,1055684,1714.25,454.5,4,16249,5
431,1055685,1243.0,466.5,1,16249,6
431,1055686,1060.5,471.0,2,16249,7
431,1055687,505.25,478.75,2,16250,0
431,1055688,872.5,480.0,1,16250,1
431,1055689,817.7000122070312,474.20001220703125,5,16250,2
431,1055690,1457.8333740234375,461.5,3,16250,3
431,1055691,1695.5,456.0,3,16250,4
431,1055692,1243.0,466.5,1,16250,5
431,1055693,1060.5,471.0,2,16250,6
431,1055694,505.25,478.75,2,16251,0
431,1055695,872.5,480.0,1,16251,1
431,1055696,817.7000122070312,474.20001220703125,5,16251,2
431,1055697,1457.8333740234375,461.5,3,16251,3
431,1055698,1678.25,462.75,2,16251,4
431,1055699,1243.0,466.5,1,16251,5
431,1055700,1060.5,471.0,2,16251,6
431,1055701,1308.5,573.0,1,16252,0
431,1055702,1560.0,507.5,1,16252,1
431,1055703,1805.3333740234375,493.6666564941406,3,16252,2
431,1055704,1879.0,490.5,1,16252,3
431,1055705,273.5,480.0,1,16253,0
431,1055706,817.7000122070312,474.20001220703125,5,16253,1
431,1055707,1457.8333740234375,461.5,3,16253,2
431,1055708,1714.5,484.5,1,16253,3
431,1055709,1243.0,466.5,1,16253,4
431,1055710,1060.5,471.0,2,16253,5
431,1055711,511.5,415.0,1,16253,6
431,1055712,49.5,550.5,1,16254,0
431,1055713,1560.0,507.5,1,16254,1
431,1055714,877.0,470.0,1,16254,2
441,1055539,525.375,378.375,4,16217,0
441,1055540,524.3333129882812,357.5,3,16217,1
441,1055541,836.125,473.0,4,16218,0
441,1055542,1027.0,473.5,1,16218,1
441,1055543,511.5,415.0,1,16218,2
441,1055544,874.75,475.0,2,16218,3
441,1055545,505.25,478.75,2,16218,4
441,1055546,273.5,480.0,1,16218,5
441,1055547,1434.75,464.5,2,16219,0
441,1055548,1714.5,484.5,1,16219,1
441,1055549,1243.0,466.5,1,16219,2
441,1055550,874.75,475.0,2,16219,3
441,1055551,505.25,478.75,2,16219,4
441,1055552,273.5,480.0,1,16219,5
441,1055553,1672.5,442.0,1,16220,0
441,1055554,877.0,470.0,1,16220,1
441,1055555,1761.75,455.4166564941406,6,16220,2
441,1055556,1875.0,483.0,1,16220,3
441,1055557,509.0,360.75,2,16221,0
441,1055558,530.0,366.1666564941406,3,16221,1
441,1055559,525.375,378.375,4,16222,0
441,1055560,524.3333129882812,357.5,3,16222,1
441,1055561,1457.8333740234375,461.5,3,16223,0
441,1055562,1714.5,484.5,1,16223,1
441,1055563,874.75,475.0,2,16223,2
441,1055564,505.25,478.75,2,16223,3
441,1055565,273.5,480.0,1,16223,4
441,1055566,524.3333129882812,357.5,3,16224,0
441,1055567,525.375,378.375,4,16224,1
441,1055568,1560.0,507.5,1,16225,0
441,1055569,874.75,475.0,2,16225,1
441,1055570,1308.5,573.0,1,16225,2
441,1055571,49.5,550.5,1,16225,3
441,1055572,1714.5,484.5,1,16225,4
441,1055573,817.7000122070312,474.20001220703125,5,16226,0
441,1055574,1027.0,473.5,1,16226,1
441,1055575,511.5,415.0,1,16226,2
441,1055576,874.75,475.0,2,16226,3
441,1055577,505.25,478.75,2,16226,4
441,1055578,273.5,480.0,1,16226,5
441,1055579,800.75,474.375,4,16227,0
441,1055580,511.5,415.0,1,16227,1
441,1055581,33.5,472.5,1,16227,2
441,1055582,877.0,470.0,1,16227,3
441,1055583,505.25,478.75,2,16227,4
441,1055584,273.5,480.0,1,16227,5
441,1055585,1714.25,454.5,4,16228,0
441,1055586,1243.0,466.5,1,16228,1
441,1055587,1457.8333740234375,461.5,3,16228,2
441,1055588,874.75,475.0,2,16228,3
441,1055589,1737.8333740234375,480.0,3,16228,4
441,1055590,505.25,478.75,2,16228,5
441,1055591,273.5,480.0,1,16228,6
441,1055592,1560.0,507.5,1,16228,7
441,1055593,535.75,364.25,2,16229,0
441,1055594,530.0,366.1666564941406,3,16229,1
441,1055595,1243.0,466.5,1,16230,0
441,1055596,1094.0,468.5,1,16230,1
441,1055597,1408.0,466.0,1,16230,2
441,1055598,1714.5,484.5,1,16230,3
441,1055599,874.75,475.0,2,16230,4
441,1055600,505.25,478.75,2,16230,5
441,1055601,273.5,480.0,1,16230,6
441,1055602,1027.0,473.5,1,16231,0
441,1055603,511.5,415.0,1,16231,1
441,1055604,841.25,474.25,2,16231,2
441,1055605,874.75,475.0,2,16231,3
441,1055606,505.25,478.75,2,16231,4
441,1055607,273.5,480.0,1,16231,5
441,1055608,817.7000122070312,474.20001220703125,5,16232,0
441,1055609,511.5,415.0,1,16232,1
441,1055610,33.5,472.5,1,16232,2
441,1055611,874.75,475.0,2,16232,3
441,1055612,505.25,478.75,2,16232,4
441,1055613,273.5,480.0,1,16232,5
441,1055614,1755.0,457.25,4,16233,0
441,1055615,874.75,475.0,2,16233,1
441,1055616,522.0,480.0,1,16233,2
441,1055617,1672.5,442.0,1,16233,3
441,1055618,530.0,366.1666564941406,3,16234,0
441,1055619,524.3333129882812,357.5,3,16234,1
441,1055620,1678.25,462.75,2,16235,0
441,1055621,874.75,475.0,2,16235,1
441,1055622,505.25,478.75,2,16235,2
441,1055623,1672.5,442.0,1,16235,3
441,1055624,1785.699951171875,458.29998779296875,5,16236,0
441,1055625,874.75,475.0,2,16236,1
441,1055626,1737.8333740234375,480.0,3,16236,2
441,1055627,817.7000122070312,474.20001220703125,5,16237,0
441,1055628,511.5,415.0,1,16237,1
441,1055629,33.5,472.5,1,16237,2
441,1055630,874.75,475.0,2,16237,3
441,1055631,505.25,478.75,2,16237,4
441,1055632,273.5,480.0,1,16237,5
441,1055633,33.5,472.5,1,16238,0
441,1055634,802.0,474.1666564941406,3,16238,1
441,1055635,511.5,415.0,1,16239,0
441,1055636,817.7000122070312,474.20001220703125,5,16239,1
441,1055637,1027.0,473.5,1,16239,2
441,1055638,273.5,480.0,1,16239,3
441,1055639,516.5,377.5,1,16239,4
441,1055640,535.5,376.75,2,16239,5
441,1055641,1840.75,463.75,4,16240,0
441,1055642,877.0,470.0,1,16240,1
441,1055643,1772.125,480.75,4,16240,2
441,1055644,1803.5,451.75,4,16241,0
441,1055645,877.0,470.0,1,16241,1
441,1055646,1772.125,480.75,4,16241,2
441,1055647,1094.0,468.5,1,16242,0
441,1055648,1243.0,466.5,1,16242,1
441,1055649,874.75,475.0,2,16242,2
441,1055650,505.25,478.75,2,16242,3
441,1055651,273.5,480.0,1,16242,4
441,1055652,1482.75,459.25,2,16243,0
441,1055653,1714.5,484.5,1,16243,1
441,1055654,874.75,475.0,2,16243,2
441,1055655,505.25,478.75,2,16243,3
441,1055656,273.5,480.0,1,16243,4
441,1055657,874.75,475.0,2,16244,0
441,1055658,49.5,550.5,1,16244,1
441,1055659,1672.5,442.0,1,16244,2
441,1055660,1560.0,507.5,1,16244,3
441,1055661,1778.5,460.4285583496094,7,16244,4
441,1055662,817.7000122070312,474.20001220703125,5,16244,5
441,1055663,1457.8333740234375,461.5,3,16244,6
441,1055664,1243.0,466.5,1,16244,7
441,1055665,1060.5,471.0,2,16244,8
441,1055666,1805.3333740234375,493.6666564941406,3,16245,0
441,1055667,1308.5,573.0,1,16245,1
441,1055668,1815.5,467.8999938964844,5,16245,2
441,1055669,1772.125,480.75,4,16246,0
441,1055670,1308.5,573.0,1,16246,1
441,1055671,1864.1666259765625,468.3333435058594,3,16246,2
441,1055672,1893.75,476.5,2,16247,0
441,1055673,1805.3333740234375,493.6666564941406,3,16247,1
441,1055674,1308.5,573.0,1,16247,2
441,1055675,877.0,470.0,1,16247,3
441,1055676,1805.3333740234375,493.6666564941406,3,16248,0
441,1055677,1308.5,573.0,1,16248,1
441,1055678,1815.5,467.8999938964844,5,16248,2
441,1055679,874.75,475.0,2,16249,0
441,1055680,505.25,478.75,2,16249,1
441,1055681,1560.0,507.5,1,16249,2
441,1055682,836.125,473.0,4,16249,3
441,1055683,1457.8333740234375,461.5,3,16249,4
441,1055684,1714.25,454.5,4,16249,5
441,1055685,1243.0,466.5,1,16249,6
441,1055686,1060.5,471.0,2,16249,7
441,1055687,505.25,478.75,2,16250,0
441,1055688,872.5,480.0,1,16250,1
441,1055689,817.7000122070312,474.20001220703125,5,16250,2
441,1055690,1457.8333740234375,461.5,3,16250,3
441,1055691,1695.5,456.0,3,16250,4
441,1055692,1243.0,466.5,1,16250,5
441,1055693,1060.5,471.0,2,16250,6
441,1055694,505.25,478.75,2,16251,0
441,1055695,872.5,480.0,1,16251,1
441,1055696,817.7000122070312,474.20001220703125,5,16251,2
441,1055697,1457.8333740234375,461.5,3,16251,3
441,1055698,1678.25,462.75,2,16251,4
441,1055699,1243.0,466.5,1,16251,5
441,1055700,1060.5,471.0,2,16251,6
441,1055701,1308.5,573.0,1,16252,0
441,1055702,1560.0,507.5,1,16252,1
441,1055703,1805.3333740234375,493.6666564941406,3,16252,2
441,1055704,1879.0,490.5,1,16252,3
441,1055705,273.5,480.0,1,16253,0
441,1055706,817.7000122070312,474.20001220703125,5,16253,1
441,1055707,1457.8333740234375,461.5,3,16253,2
441,1055708,1714.5,484.5,1,16253,3
441,1055709,1243.0,466.5,1,16253,4
441,1055710,1060.5,471.0,2,16253,5
441,1055711,511.5,415.0,1,16253,6
441,1055712,49.5,550.5,1,16254,0
441,1055713,1560.0,507.5,1,16254,1
441,1055714,877.0,470.0,1,16254,2
451,1055539,525.375,378.375,4,16217,0
451,1055540,524.3333129882812,357.5,3,16217,1
451,1055541,836.125,473.0,4,16218,0
451,1055542,1027.0,473.5,1,16218,1
451,1055543,511.5,415.0,1,16218,2
451,1055544,874.75,475.0,2,16218,3
451,1055545,505.25,478.75,2,16218,4
451,1055546,273.5,480.0,1,16218,5
451,1055547,1434.75,464.5,2,16219,0
451,1055548,1714.5,484.5,1,16219,1
451,1055549,1243.0,466.5,1,16219,2
451,1055550,874.75,475.0,2,16219,3
451,1055551,505.25,478.75,2,16219,4
451,1055552,273.5,480.0,1,16219,5
451,1055553,1672.5,442.0,1,16220,0
451,1055554,877.0,470.0,1,16220,1
451,1055555,1761.75,455.4166564941406,6,16220,2
451,1055556,1875.0,483.0,1,16220,3
451,1055557,509.0,360.75,2,16221,0
451,1055558,530.0,366.1666564941406,3,16221,1
451,1055559,525.375,378.375,4,16222,0
451,1055560,524.3333129882812,357.5,3,16222,1
451,1055561,1457.8333740234375,461.5,3,16223,0
451,1055562,1714.5,484.5,1,16223,1
451,1055563,874.75,475.0,2,16223,2
451,1055564,505.25,478.75,2,16223,3
451,1055565,273.5,480.0,1,16223,4
451,1055566,524.3333129882812,357.5,3,16224,0
451,1055567,525.375,378.375,4,16224,1
451,1055568,1560.0,507.5,1,16225,0
451,1055569,874.75,475.0,2,16225,1
451,1055570,1308.5,573.0,1,16225,2
451,1055571,49.5,550.5,1,16225,3
451,1055572,1714.5,484.5,1,16225,4
451,1055573,817.7000122070312,474.20001220703125,5,16226,0
451,1055574,1027.0,473.5,1,16226,1
451,1055575,511.5,415.0,1,16226,2
451,1055576,874.75,475.0,2,16226,3
451,1055577,505.25,478.75,2,16226,4
451,1055578,273.5,480.0,1,16226,5
451,1055579,800.75,474.375,4,16227,0
451,1055580,511.5,415.0,1,16227,1
451,1055581,33.5,472.5,1,16227,2
451,1055582,877.0,470.0,1,16227,3
451,1055583,505.25,478.75,2,16227,4
451,1055584,273.5,480.0,1,16227,5
451,1055585,1714.25,454.5,4,16228,0
451,1055586,1243.0,466.5,1,16228,1
451,1055587,1457.8333740234375,461.5,3,16228,2
451,1055588,874.75,475.0,2,16228,3
451,1055589,1737.8333740234375,480.0,3,16228,4
451,1055590,505.25,478.75,2,16228,5
451,1055591,273.5,480.0,1,16228,6
451,1055592,1560.0,507.5,1,16228,7
451,1055593,535.75,364.25,2,16229,0
451,1055594,530.0,366.1666564941406,3,16229,1
451,1055595,1243.0,466.5,1,16230,0
451,1055596,1094.0,468.5,1,16230,1
451,1055597,1408.0,466.0,1,16230,2
451,1055598,1714.5,484.5,1,16230,3
451,1055599,874.75,475.0,2,16230,4
451,1055600,505.25,478.75,2,16230,5
451,1055601,273.5,480.0,1,16230,6
451,1055602,1027.0,473.5,1,16231,0
451,1055603,511.5,415.0,1,16231,1
451,1055604,841.25,474.25,2,16231,2
451,1055605,874.75,475.0,2,16231,3
451,1055606,505.25,478.75,2,16231,4
451,1055607,273.5,480.0,1,16231,5
451,1055608,817.7000122070312,474.20001220703125,5,16232,0
451,1055609,511.5,415.0,1,16232,1
451,1055610,33.5,472.5,1,16232,2
451,1055611,874.75,475.0,2,16232,3
451,1055612,505.25,478.75,2,16232,4
451,1055613,273.5,480.0,1,16232,5
451,1055614,1755.0,457.25,4,16233,0
451,1055615,874.75,475.0,2,16233,1
451,1055616,522.0,480.0,1,16233,2
451,1055617,1672.5,442.0,1,16233,3
451,1055618,530.0,366.1666564941406,3,16234,0
451,1055619,524.3333129882812,357.5,3,16234,1
451,1055620,1678.25,462.75,2,16235,0
451,1055621,874.75,475.0,2,16235,1
451,1055622,505.25,478.75,2,16235,2
451,1055623,1672.5,442.0,1,16235,3
451,1055624,1785.699951171875,458.29998779296875,5,16236,0
451,1055625,874.75,475.0,2,16236,1
451,1055626,1737.8333740234375,480.0,3,16236,2
451,1055627,817.7000122070312,474.20001220703125,5,16237,0
451,1055628,511.5,415.0,1,16237,1
451,1055629,33.5,472.5,1,16237,2
451,1055630,874.75,475.0,2,16237,3
451,1055631,505.25,478.75,2,16237,4
451,1055632,273.5,480.0,1,16237,5
451,1055633,33.5,472.5,1,16238,0
451,1055634,802.0,474.1666564941406,3,16238,1
451,1055635,511.5,415.0,1,16239,0
451,1055636,817.7000122070312,474.20001220703125,5,16239,1
451,1055637,1027.0,473.5,1,16239,2
451,1055638,273.5,480.0,1,16239,3
451,1055639,516.5,377.5,1,16239,4
451,1055640,535.5,376.75,2,16239,5
451,1055641,1840.75,463.75,4,16240,0
451,1055642,877.0,470.0,1,16240,1
451,1055643,1772.125,480.75,4,16240,2
451,1055644,1803.5,451.75,4,16241,0
451,1055645,877.0,470.0,1,16241,1
451,1055646,1772.125,480.75,4,16241,2
451,1055647,1094.0,468.5,1,16242,0
451,1055648,1243.0,466.5,1,16242,1
451,1055649,874.75,475.0,2,16242,2
451,1055650,505.25,478.75,2,16242,3
451,1055651,273.5,480.0,1,16242,4
451,1055652,1482.75,459.25,2,16243,0
451,1055653,1714.5,484.5,1,16243,1
451,1055654,874.75,475.0,2,16243,2
451,1055655,505.25,478.75,2,16243,3
451,1055656,273.5,480.0,1,16243,4
451,1055657,874.75,475.0,2,16244,0
451,1055658,49.5,550.5,1,16244,1
451,1055659,1672.5,442.0,1,16244,2
451,1055660,1560.0,507.5,1,16244,3
451,1055661,1778.5,460.4285583496094,7,16244,4
451,1055662,817.7000122070312,474.20001220703125,5,16244,5
451,1055663,1457.8333740234375,461.5,3,16244,6
451,1055664,1243.0,466.5,1,16244,7
451,1055665,1060.5,471.0,2,16244,8
451,1055666,1805.3333740234375,493.6666564941406,3,16245,0
451,1055667,1308.5,573.0,1,16245,1
451,1055668,1815.5,467.8999938964844,5,16245,2
451,1055669,1772.125,480.75,4,16246,0
451,1055670,1308.5,573.0,1,16246,1
451,1055671,1864.1666259765625,468.3333435058594,3,16246,2
451,1055672,1893.75,476.5,2,16247,0
451,1055673,1805.3333740234375,493.6666564941406,3,16247,1
451,1055674,1308.5,573.0,1,16247,2
451,1055675,877.0,470.0,1,16247,3
451,1055676,1805.3333740234375,493.6666564941406,3,16248,0
451,1055677,1308.5,573.0,1,16248,1
451,1055678,1815.5,467.8999938964844,5,16248,2
451,1055679,874.75,475.0,2,16249,0
451,1055680,505.25,478.75,2,16249,1
451,1055681,1560.0,507.5,1,16249,2
451,1055682,836.125,473.0,4,16249,3
451,1055683,1457.8333740234375,461.5,3,16249,4
451,1055684,1714.25,454.5,4,16249,5
451,1055685,1243.0,466.5,1,16249,6
451,1055686,1060.5,471.0,2,16249,7
451,1055687,505.25,478.75,2,16250,0
451,1055688,872.5,480.0,1,16250,1
451,1055689,817.7000122070312,474.20001220703125,5,16250,2
451,1055690,1457.8333740234375,461.5,3,16250,3
451,1055691,1695.5,456.0,3,16250,4
451,1055692,1243.0,466.5,1,16250,5
451,1055693,1060.5,471.0,2,16250,6
451,1055694,505.25,478.75,2,16251,0
451,1055695,872.5,480.0,1,16251,1
451,1055696,817.7000122070312,474.20001220703125,5,16251,2
451,1055697,1457.8333740234375,461.5,3,16251,3
451,1055698,1678.25,462.75,2,16251,4
451,1055699,1243.0,466.5,1,16251,5
451,1055700,1060.5,471.0,2,16251,6
451,1055701,1308.5,573.0,1,16252,0
451,1055702,1560.0,507.5,1,16252,1
451,1055703,1805.3333740234375,493.6666564941406,3,16252,2
451,1055704,1879.0,490.5,1,16252,3
451,1055705,273.5,480.0,1,16253,0
451,1055706,817.7000122070312,474.20001220703125,5,16253,1
451,1055707,1457.8333740234375,461.5,3,16253,2
451,1055708,1714.5,484.5,1,16253,3
451,1055709,1243.0,466.5,1,16253,4
451,1055710,1060.5,471.0,2,16253,5
451,1055711,511.5,415.0,1,16253,6
451,1055712,49.5,550.5,1,16254,0
451,1055713,1560.0,507.5,1,16254,1
451,1055714,877.0,470.0,1,16254,2
461,1055539,525.375,378.375,4,16217,0
461,1055540,524.3333129882812,357.5,3,16217,1
461,1055541,836.125,473.0,4,16218,0
461,1055542,1027.0,473.5,1,16218,1
461,1055543,511.5,415.0,1,16218,2
461,1055544,874.75,475.0,2,16218,3
461,1055545,505.25,478.75,2,16218,4
461,1055546,273.5,480.0,1,16218,5
461,1055547,1434.75,464.5,2,16219,0
461,1055548,1714.5,484.5,1,16219,1
461,1055549,1243.0,466.5,1,16219,2
461,1055550,874.75,475.0,2,16219,3
461,1055551,505.25,478.75,2,16219,4
461,1055552,273.5,480.0,1,16219,5
461,1055553,1672.5,442.0,1,16220,0
461,1055554,877.0,470.0,1,16220,1
461,1055555,1761.75,455.4166564941406,6,16220,2
461,1055556,1875.0,483.0,1,16220,3
461,1055557,509.0,360.75,2,16221,0
461,1055558,530.0,366.1666564941406,3,16221,1
461,1055559,525.375,378.375,4,16222,0
461,1055560,524.3333129882812,357.5,3,16222,1
461,1055561,1457.8333740234375,461.5,3,16223,0
461,1055562,1714.5,484.5,1,16223,1
461,1055563,874.75,475.0,2,16223,2
461,1055564,505.25,478.75,2,16223,3
461,1055565,273.5,480.0,1,16223,4
461,1055566,524.3333129882812,357.5,3,16224,0
461,1055567,525.375,378.375,4,16224,1
461,1055568,1560.0,507.5,1,16225,0
461,1055569,874.75,475.0,2,16225,1
461,1055570,1308.5,573.0,1,16225,2
461,1055571,49.5,550.5,1,16225,3
461,1055572,1714.5,484.5,1,16225,4
461,1055573,817.7000122070312,474.20001220703125,5,16226,0
461,1055574,1027.0,473.5,1,16226,1
461,1055575,511.5,415.0,1,16226,2
461,1055576,874.75,475.0,2,16226,3
461,1055577,505.25,478.75,2,16226,4
461,1055578,273.5,480.0,1,16226,5
461,1055579,800.75,474.375,4,16227,0
461,1055580,511.5,415.0,1,16227,1
461,1055581,33.5,472.5,1,16227,2
461,1055582,877.0,470.0,1,16227,3
461,1055583,505.25,478.75,2,16227,4
461,1055584,273.5,480.0,1,16227,5
461,1055585,1714.25,454.5,4,16228,0
461,1055586,1243.0,466.5,1,16228,1
461,1055587,1457.8333740234375,461.5,3,16228,2
461,1055588,874.75,475.0,2,16228,3
461,1055589,1737.8333740234375,480.0,3,16228,4
461,1055590,505.25,478.75,2,16228,5
461,1055591,273.5,480.0,1,16228,6
461,1055592,1560.0,507.5,1,16228,7
461,1055593,535.75,364.25,2,16229,0
461,1055594,530.0,366.1666564941406,3,16229,1
461,1055595,1243.0,466.5,1,16230,0
461,1055596,1094.0,468.5,1,16230,1
461,1055597,1408.0,466.0,1,16230,2
461,1055598,1714.5,484.5,1,16230,3
461,1055599,874.75,475.0,2,16230,4
461,1055600,505.25,478.75,2,16230,5
461,1055601,273.5,480.0,1,16230,6
461,1055602,1027.0,473.5,1,16231,0
461,1055603,511.5,415.0,1,16231,1
461,1055604,841.25,474.25,2,16231,2
461,1055605,874.75,475.0,2,16231,3
461,1055606,505.25,478.75,2,16231,4
461,1055607,273.5,480.0,1,16231,5
461,1055608,817.7000122070312,474.20001220703125,5,16232,0
461,1055609,511.5,415.0,1,16232,1
461,1055610,33.5,472.5,1,16232,2
461,1055611,874.75,475.0,2,16232,3
461,1055612,505.25,478.75,2,16232,4
461,1055613,273.5,480.0,1,16232,5
461,1055614,1755.0,457.25,4,16233,0
461,1055615,874.75,475.0,2,16233,1
461,1055616,522.0,480.0,1,16233,2
461,1055617,1672.5,442.0,1,16233,3
461,1055618,530.0,366.1666564941406,3,16234,0
461,1055619,524.3333129882812,357.5,3,16234,1
461,1055620,1678.25,462.75,2,16235,0
461,1055621,874.75,475.0,2,16235,1
461,1055622,505.25,478.75,2,16235,2
461,1055623,1672.5,442.0,1,16235,3
461,1055624,1785.699951171875,458.29998779296875,5,16236,0
461,1055625,874.75,475.0,2,16236,1
461,1055626,1737.8333740234375,480.0,3,16236,2
461,1055627,817.7000122070312,474.20001220703125,5,16237,0
461,1055628,511.5,415.0,1,16237,1
461,1055629,33.5,472.5,1,16237,2
461,1055630,874.75,475.0,2,16237,3
461,1055631,505.25,478.75,2,16237,4
461,1055632,273.5,480.0,1,16237,5
461,1055633,33.5,472.5,1,16238,0
461,1055634,802.0,474.1666564941406,3,16238,1
461,1055635,511.5,415.0,1,16239,0
461,1055636,817.7000122070312,474.20001220703125,5,16239,1
461,1055637,1027.0,473.5,1,16239,2
461,1055638,273.5,480.0,1,16239,3
461,1055639,516.5,377.5,1,16239,4
461,1055640,535.5,376.75,2,16239,5
461,1055641,1840.75,463.75,4,16240,0
461,1055642,877.0,470.0,1,16240,1
461,1055643,1772.125,480.75,4,16240,2
461,1055644,1803.5,451.75,4,16241,0
461,1055645,877.0,470.0,1,16241,1
461,1055646,1772.125,480.75,4,16241,2
461,1055647,1094.0,468.5,1,16242,0
461,1055648,1243.0,466.5,1,16242,1
461,1055649,874.75,475.0,2,16242,2
461,1055650,505.25,478.75,2,16242,3
461,1055651,273.5,480.0,1,16242,4
461,1055652,1482.75,459.25,2,16243,0
461,1055653,1714.5,484.5,1,16243,1
461,1055654,874.75,475.0,2,16243,2
461,1055655,505.25,478.75,2,16243,3
461,1055656,273.5,480.0,1,16243,4
461,1055657,874.75,475.0,2,16244,0
461,1055658,49.5,550.5,1,16244,1
461,1055659,1672.5,442.0,1,16244,2
461,1055660,1560.0,507.5,1,16244,3
461,1055661,1778.5,460.4285583496094,7,16244,4
461,1055662,817.7000122070312,474.20001220703125,5,16244,5
461,1055663,1457.8333740234375,461.5,3,16244,6
461,1055664,1243.0,466.5,1,16244,7
461,1055665,1060.5,471.0,2,16244,8
461,1055666,1805.3333740234375,493.6666564941406,3,16245,0
461,1055667,1308.5,573.0,1,16245,1
461,1055668,1815.5,467.8999938964844,5,16245,2
461,1055669,1772.125,480.75,4,16246,0
461,1055670,1308.5,573.0,1,16246,1
461,1055671,1864.1666259765625,468.3333435058594,3,16246,2
461,1055672,1893.75,476.5,2,16247,0
461,1055673,1805.3333740234375,493.6666564941406,3,16247,1
461,1055674,1308.5,573.0,1,16247,2
461,1055675,877.0,470.0,1,16247,3
461,1055676,1805.3333740234375,493.6666564941406,3,16248,0
461,1055677,1308.5,573.0,1,16248,1
461,1055678,1815.5,467.8999938964844,5,16248,2
461,1055679,874.75,475.0,2,16249,0
461,1055680,505.25,478.75,2,16249,1
461,1055681,1560.0,507.5,1,16249,2
461,1055682,836.125,473.0,4,16249,3
461,1055683,1457.8333740234375,461.5,3,16249,4
461,1055684,1714.25,454.5,4,16249,5
461,1055685,1243.0,466.5,1,16249,6
461,1055686,1060.5,471.0,2,16249,7
461,1055687,505.25,478.75,2,16250,0
461,1055688,872.5,480.0,1,16250,1
461,1055689,817.7000122070312,474.20001220703125,5,16250,2
461,1055690,1457.8333740234375,461.5,3,16250,3
461,1055691,1695.5,456.0,3,16250,4
461,1055692,1243.0,466.5,1,16250,5
461,1055693,1060.5,471.0,2,16250,6
461,1055694,505.25,478.75,2,16251,0
461,1055695,872.5,480.0,1,16251,1
461,1055696,817.7000122070312,474.20001220703125,5,16251,2
461,1055697,1457.8333740234375,461.5,3,16251,3
461,1055698,1678.25,462.75,2,16251,4
461,1055699,1243.0,466.5,1,16251,5
461,1055700,1060.5,471.0,2,16251,6
461,1055701,1308.5,573.0,1,16252,0
461,1055702,1560.0,507.5,1,16252,1
461,1055703,1805.3333740234375,493.6666564941406,3,16252,2
461,1055704,1879.0,490.5,1,16252,3
461,1055705,273.5,480.0,1,16253,0
461,1055706,817.7000122070312,474.20001220703125,5,16253,1
461,1055707,1457.8333740234375,461.5,3,16253,2
461,1055708,1714.5,484.5,1,16253,3
461,1055709,1243.0,466.5,1,16253,4
461,1055710,1060.5,471.0,2,16253,5
461,1055711,511.5,415.0,1,16253,6
461,1055712,49.5,550.5,1,16254,0
461,1055713,1560.0,507.5,1,16254,1
461,1055714,877.0,470.0,1,16254,2
471,1055539,525.375,378.375,4,16217,0
471,1055540,524.3333129882812,357.5,3,16217,1
471,1055541,836.125,473.0,4,16218,0
471,1055542,1027.0,473.5,1,16218,1
471,1055543,511.5,415.0,1,16218,2
471,1055544,874.75,475.0,2,16218,3
471,1055545,505.25,478.75,2,16218,4
471,1055546,273.5,480.0,1,16218,5
471,1055547,1434.75,464.5,2,16219,0
471,1055548,1714.5,484.5,1,16219,1
471,1055549,1243.0,466.5,1,16219,2
471,1055550,874.75,475.0,2,16219,3
471,1055551,505.25,478.75,2,16219,4
471,1055552,273.5,480.0,1,16219,5
471,1055553,1672.5,442.0,1,16220,0
471,1055554,877.0,470.0,1,16220,1
471,1055555,1761.75,455.4166564941406,6,16220,2
471,1055556,1875.0,483.0,1,16220,3
471,1055557,509.0,360.75,2,16221,0
471,1055558,530.0,366.1666564941406,3,16221,1
471,1055559,525.375,378.375,4,16222,0
471,1055560,524.3333129882812,357.5,3,16222,1
471,1055561,1457.8333740234375,461.5,3,16223,0
471,1055562,1714.5,484.5,1,16223,1
471,1055563,874.75,475.0,2,16223,2
471,1055564,505.25,478.75,2,16223,3
471,1055565,273.5,480.0,1,16223,4
471,1055566,524.3333129882812,357.5,3,16224,0
471,1055567,525.375,378.375,4,16224,1
471,1055568,1560.0,507.5,1,16225,0
471,1055569,874.75,475.0,2,16225,1
471,1055570,1308.5,573.0,1,16225,2
471,1055571,49.5,550.5,1,16225,3
471,1055572,1714.5,484.5,1,16225,4
471,1055573,817.7000122070312,474.20001220703125,5,16226,0
471,1055574,1027.0,473.5,1,16226,1
471,1055575,511.5,415.0,1,16226,2
471,1055576,874.75,475.0,2,16226,3
471,1055577,505.25,478.75,2,16226,4
471,1055578,273.5,480.0,1,16226,5
471,1055579,800.75,474.375,4,16227,0
471,1055580,511.5,415.0,1,16227,1
471,1055581,33.5,472.5,1,16227,2
471,1055582,877.0,470.0,1,16227,3
471,1055583,505.25,478.75,2,16227,4
471,1055584,273.5,480.0,1,16227,5
471,1055585,1714.25,454.5,4,16228,0
471,1055586,1243.0,466.5,1,16228,1
471,1055587,1457.8333740234375,461.5,3,16228,2
471,1055588,874.75,475.0,2,16228,3
471,1055589,1737.8333740234375,480.0,3,16228,4
471,1055590,505.25,478.75,2,16228,5
471,1055591,273.5,480.0,1,16228,6
471,1055592,1560.0,507.5,1,16228,7
471,1055593,535.75,364.25,2,16229,0
471,1055594,530.0,366.1666564941406,3,16229,1
471,1055595,1243.0,466.5,1,16230,0
471,1055596,1094.0,468.5,1,16230,1
471,1055597,1408.0,466.0,1,16230,2
471,1055598,1714.5,484.5,1,16230,3
471,1055599,874.75,475.0,2,16230,4
471,1055600,505.25,478.75,2,16230,5
471,1055601,273.5,480.0,1,16230,6
471,1055602,1027.0,473.5,1,16231,0
471,1055603,511.5,415.0,1,16231,1
471,1055604,841.25,474.25,2,16231,2
471,1055605,874.75,475.0,2,16231,3
471,1055606,505.25,478.75,2,16231,4
471,1055607,273.5,480.0,1,16231,5
471,1055608,817.7000122070312,474.20001220703125,5,16232,0
471,1055609,511.5,415.0,1,16232,1
471,1055610,33.5,472.5,1,16232,2
471,1055611,874.75,475.0,2,16232,3
471,1055612,505.25,478.75,2,16232,4
471,1055613,273.5,480.0,1,16232,5
471,1055614,1755.0,457.25,4,16233,0
471,1055615,874.75,475.0,2,16233,1
471,1055616,522.0,480.0,1,16233,2
471,1055617,1672.5,442.0,1,16233,3
471,1055618,530.0,366.1666564941406,3,16234,0
471,1055619,524.3333129882812,357.5,3,16234,1
471,1055620,1678.25,462.75,2,16235,0
471,1055621,874.75,475.0,2,16235,1
471,1055622,505.25,478.75,2,16235,2
471,1055623,1672.5,442.0,1,16235,3
471,1055624,1785.699951171875,458.29998779296875,5,16236,0
471,1055625,874.75,475.0,2,16236,1
471,1055626,1737.8333740234375,480.0,3,16236,2
471,1055627,817.7000122070312,474.20001220703125,5,16237,0
471,1055628,511.5,415.0,1,16237,1
471,1055629,33.5,472.5,1,16237,2
471,1055630,874.75,475.0,2,16237,3
471,1055631,505.25,478.75,2,16237,4
471,1055632,273.5,480.0,1,16237,5
471,1055633,33.5,472.5,1,16238,0
471,1055634,802.0,474.1666564941406,3,16238,1
471,1055635,511.5,415.0,1,16239,0
471,1055636,817.7000122070312,474.20001220703125,5,16239,1
471,1055637,1027.0,473.5,1,16239,2
471,1055638,273.5,480.0,1,16239,3
471,1055639,516.5,377.5,1,16239,4
471,1055640,535.5,376.75,2,16239,5
471,1055641,1840.75,463.75,4,16240,0
471,1055642,877.0,470.0,1,16240,1
471,1055643,1772.125,480.75,4,16240,2
471,1055644,1803.5,451.75,4,16241,0
471,1055645,877.0,470.0,1,16241,1
471,1055646,1772.125,480.75,4,16241,2
471,1055647,1094.0,468.5,1,16242,0
471,1055648,1243.0,466.5,1,16242,1
471,1055649,874.75,475.0,2,16242,2
471,1055650,505.25,478.75,2,16242,3
471,1055651,273.5,480.0,1,16242,4
471,1055652,1482.75,459.25,2,16243,0
471,1055653,1714.5,484.5,1,16243,1
471,1055654,874.75,475.0,2,16243,2
471,1055655,505.25,478.75,2,16243,3
471,1055656,273.5,480.0,1,16243,4
471,1055657,874.75,475.0,2,16244,0
471,1055658,49.5,550.5,1,16244,1
471,1055659,1672.5,442.0,1,16244,2
471,1055660,1560.0,507.5,1,16244,3
471,1055661,1778.5,460.4285583496094,7,16244,4
471,1055662,817.7000122070312,474.20001220703125,5,16244,5
471,1055663,1457.8333740234375,461.5,3,16244,6
471,1055664,1243.0,466.5,1,16244,7
471,1055665,1060.5,471.0,2,16244,8
471,1055666,1805.3333740234375,493.6666564941406,3,16245,0
471,1055667,1308.5,573.0,1,16245,1
471,1055668,1815.5,467.8999938964844,5,16245,2
471,1055669,1772.125,480.75,4,16246,0
471,1055670,1308.5,573.0,1,16246,1
471,1055671,1864.1666259765625,468.3333435058594,3,16246,2
471,1055672,1893.75,476.5,2,16247,0
471,1055673,1805.3333740234375,493.6666564941406,3,16247,1
471,1055674,1308.5,573.0,1,16247,2
471,1055675,877.0,470.0,1,16247,3
471,1055676,1805.3333740234375,493.6666564941406,3,16248,0
471,1055677,1308.5,573.0,1,16248,1
471,1055678,1815.5,467.8999938964844,5,16248,2
471,1055679,874.75,475.0,2,16249,0
471,1055680,505.25,478.75,2,16249,1
471,1055681,1560.0,507.5,1,16249,2
471,1055682,836.125,473.0,4,16249,3
471,1055683,1457.8333740234375,461.5,3,16249,4
471,1055684,1714.25,454.5,4,16249,5
471,1055685,1243.0,466.5,1,16249,6
471,1055686,1060.5,471.0,2,16249,7
471,1055687,505.25,478.75,2,16250,0
471,1055688,872.5,480.0,1,16250,1
471,1055689,817.7000122070312,474.20001220703125,5,16250,2
471,1055690,1457.8333740234375,461.5,3,16250,3
471,1055691,1695.5,456.0,3,16250,4
471,1055692,1243.0,466.5,1,16250,5
471,1055693,1060.5,471.0,2,16250,6
471,1055694,505.25,478.75,2,16251,0
471,1055695,872.5,480.0,1,16251,1
471,1055696,817.7000122070312,474.20001220703125,5,16251,2
471,1055697,1457.8333740234375,461.5,3,16251,3
471,1055698,1678.25,462.75,2,16251,4
471,1055699,1243.0,466.5,1,16251,5
471,1055700,1060.5,471.0,2,16251,6
471,1055701,1308.5,573.0,1,16252,0
471,1055702,1560.0,507.5,1,16252,1
471,1055703,1805.3333740234375,493.6666564941406,3,16252,2
471,1055704,1879.0,490.5,1,16252,3
471,1055705,273.5,480.0,1,16253,0
471,1055706,817.7000122070312,474.20001220703125,5,16253,1
471,1055707,1457.8333740234375,461.5,3,16253,2
471,1055708,1714.5,484.5,1,16253,3
471,1055709,1243.0,466.5,1,16253,4
471,1055710,1060.5,471.0,2,16253,5
471,1055711,511.5,415.0,1,16253,6
471,1055712,49.5,550.5,1,16254,0
471,1055713,1560.0,507.5,1,16254,1
471,1055714,877.0,470.0,1,16254,2
481,1055539,525.375,378.375,4,16217,0
481,1055540,524.3333129882812,357.5,3,16217,1
481,1055541,836.125,473.0,4,16218,0
481,1055542,1027.0,473.5,1,16218,1
481,1055543,511.5,415.0,1,16218,2
481,1055544,874.75,475.0,2,16218,3
481,1055545,505.25,478.75,2,16218,4
481,1055546,273.5,480.0,1,16218,5
481,1055547,1434.75,464.5,2,16219,0
481,1055548,1714.5,484.5,1,16219,1
481,1055549,1243.0,466.5,1,16219,2
481,1055550,874.75,475.0,2,16219,3
481,1055551,505.25,478.75,2,16219,4
481,1055552,273.5,480.0,1,16219,5
481,1055553,1672.5,442.0,1,16220,0
481,1055554,877.0,470.0,1,16220,1
481,1055555,1761.75,455.4166564941406,6,16220,2
481,1055556,1875.0,483.0,1,16220,3
481,1055557,509.0,360.75,2,16221,0
481,1055558,530.0,366.1666564941406,3,16221,1
481,1055559,525.375,378.375,4,16222,0
481,1055560,524.3333129882812,357.5,3,16222,1
481,1055561,1457.8333740234375,461.5,3,16223,0
481,1055562,1714.5,484.5,1,16223,1
481,1055563,874.75,475.0,2,16223,2
481,1055564,505.25,478.75,2,16223,3
481,1055565,273.5,480.0,1,16223,4
481,1055566,524.3333129882812,357.5,3,16224,0
481,1055567,525.375,378.375,4,16224,1
481,1055568,1560.0,507.5,1,16225,0
481,1055569,874.75,475.0,2,16225,1
481,1055570,1308.5,573.0,1,16225,2
481,1055571,49.5,550.5,1,16225,3
481,1055572,1714.5,484.5,1,16225,4
481,1055573,817.7000122070312,474.20001220703125,5,16226,0
481,1055574,1027.0,473.5,1,16226,1
481,1055575,511.5,415.0,1,16226,2
481,1055576,874.75,475.0,2,16226,3
481,1055577,505.25,478.75,2,16226,4
481,1055578,273.5,480.0,1,16226,5
481,1055579,800.75,474.375,4,16227,0
481,1055580,511.5,415.0,1,16227,1
481,1055581,33.5,472.5,1,16227,2
481,1055582,877.0,470.0,1,16227,3
481,1055583,505.25,478.75,2,16227,4
481,1055584,273.5,480.0,1,16227,5
481,1055585,1714.25,454.5,4,16228,0
481,1055586,1243.0,466.5,1,16228,1
481,1055587,1457.8333740234375,461.5,3,16228,2
481,1055588,874.75,475.0,2,16228,3
481,1055589,1737.8333740234375,480.0,3,16228,4
481,1055590,505.25,478.75,2,16228,5
481,1055591,273.5,480.0,1,16228,6
481,1055592,1560.0,507.5,1,16228,7
481,1055593,535.75,364.25,2,16229,0
481,1055594,530.0,366.1666564941406,3,16229,1
481,1055595,1243.0,466.5,1,16230,0
481,1055596,1094.0,468.5,1,16230,1
481,1055597,1408.0,466.0,1,16230,2
481,1055598,1714.5,484.5,1,16230,3
481,1055599,874.75,475.0,2,16230,4
481,1055600,505.25,478.75,2,16230,5
481,1055601,273.5,480.0,1,16230,6
481,1055602,1027.0,473.5,1,16231,0
481,1055603,511.5,415.0,1,16231,1
481,1055604,841.25,474.25,2,16231,2
481,1055605,874.75,475.0,2,16231,3
481,1055606,505.25,478.75,2,16231,4
481,1055607,273.5,480.0,1,16231,5
481,1055608,817.7000122070312,474.20001220703125,5,16232,0
481,1055609,511.5,415.0,1,16232,1
481,1055610,33.5,472.5,1,16232,2
481,1055611,874.75,475.0,2,16232,3
481,1055612,505.25,478.75,2,16232,4
481,1055613,273.5,480.0,1,16232,5
481,1055614,1755.0,457.25,4,16233,0
481,1055615,874.75,475.0,2,16233,1
481,1055616,522.0,480.0,1,16233,2
481,1055617,1672.5,442.0,1,16233,3
481,1055618,530.0,366.1666564941406,3,16234,0
481,1055619,524.3333129882812,357.5,3,16234,1
481,1055620,1678.25,462.75,2,16235,0
481,1055621,874.75,475.0,2,16235,1
481,1055622,505.25,478.75,2,16235,2
481,1055623,1672.5,442.0,1,16235,3
481,1055624,1785.699951171875,458.29998779296875,5,16236,0
481,1055625,874.75,475.0,2,16236,1
481,1055626,1737.8333740234375,480.0,3,16236,2
481,1055627,817.7000122070312,474.20001220703125,5,16237,0
481,1055628,511.5,415.0,1,16237,1
481,1055629,33.5,472.5,1,16237,2
481,1055630,874.75,475.0,2,16237,3
481,1055631,505.25,478.75,2,16237,4
481,1055632,273.5,480.0,1,16237,5
481,1055633,33.5,472.5,1,16238,0
481,1055634,802.0,474.1666564941406,3,16238,1
481,1055635,511.5,415.0,1,16239,0
481,1055636,817.7000122070312,474.20001220703125,5,16239,1
481,1055637,1027.0,473.5,1,16239,2
481,1055638,273.5,480.0,1,16239,3
481,1055639,516.5,377.5,1,16239,4
481,1055640,535.5,376.75,2,16239,5
481,1055641,1840.75,463.75,4,16240,0
481,1055642,877.0,470.0,1,16240,1
481,1055643,1772.125,480.75,4,16240,2
481,1055644,1803.5,451.75,4,16241,0
481,1055645,877.0,470.0,1,16241,1
481,1055646,1772.125,480.75,4,16241,2
481,1055647,1094.0,468.5,1,16242,0
481,1055648,1243.0,466.5,1,16242,1
481,1055649,874.75,475.0,2,16242,2
481,1055650,505.25,478.75,2,16242,3
481,1055651,273.5,480.0,1,16242,4
481,1055652,1482.75,459.25,2,16243,0
481,1055653,1714.5,484.5,1,16243,1
481,1055654,874.75,475.0,2,16243,2
481,1055655,505.25,478.75,2,16243,3
481,1055656,273.5,480.0,1,16243,4
481,1055657,874.75,475.0,2,16244,0
481,1055658,49.5,550.5,1,16244,1
481,1055659,1672.5,442.0,1,16244,2
481,1055660,1560.0,507.5,1,16244,3
481,1055661,1778.5,460.4285583496094,7,16244,4
481,1055662,817.7000122070312,474.20001220703125,5,16244,5
481,1055663,1457.8333740234375,461.5,3,16244,6
481,1055664,1243.0,466.5,1,16244,7
481,1055665,1060.5,471.0,2,16244,8
481,1055666,1805.3333740234375,493.6666564941406,3,16245,0
481,1055667,1308.5,573.0,1,16245,1
481,1055668,1815.5,467.8999938964844,5,16245,2
481,1055669,1772.125,480.75,4,16246,0
481,1055670,1308.5,573.0,1,16246,1
481,1055671,1864.1666259765625,468.3333435058594,3,16246,2
481,1055672,1893.75,476.5,2,16247,0
481,1055673,1805.3333740234375,493.6666564941406,3,16247,1
481,1055674,1308.5,573.0,1,16247,2
481,1055675,877.0,470.0,1,16247,3
481,1055676,1805.3333740234375,493.6666564941406,3,16248,0
481,1055677,1308.5,573.0,1,16248,1
481,1055678,1815.5,467.8999938964844,5,16248,2
481,1055679,874.75,475.0,2,16249,0
481,1055680,505.25,478.75,2,16249,1
481,1055681,1560.0,507.5,1,16249,2
481,1055682,836.125,473.0,4,16249,3
481,1055683,1457.8333740234375,461.5,3,16249,4
481,1055684,1714.25,454.5,4,16249,5
481,1055685,1243.0,466.5,1,16249,6
481,1055686,1060.5,471.0,2,16249,7
481,1055687,505.25,478.75,2,16250,0
481,1055688,872.5,480.0,1,16250,1
481,1055689,817.7000122070312,474.20001220703125,5,16250,2
481,1055690,1457.8333740234375,461.5,3,16250,3
481,1055691,1695.5,456.0,3,16250,4
481,1055692,1243.0,466.5,1,16250,5
481,1055693,1060.5,471.0,2,16250,6
481,1055694,505.25,478.75,2,16251,0
481,1055695,872.5,480.0,1,16251,1
481,1055696,817.7000122070312,474.20001220703125,5,16251,2
481,1055697,1457.8333740234375,461.5,3,16251,3
481,1055698,1678.25,462.75,2,16251,4
481,1055699,1243.0,466.5,1,16251,5
481,1055700,1060.5,471.0,2,16251,6
481,1055701,1308.5,573.0,1,16252,0
481,1055702,1560.0,507.5,1,16252,1
481,1055703,1805.3333740234375,493.6666564941406,3,16252,2
481,1055704,1879.0,490.5,1,16252,3
481,1055705,273.5,480.0,1,16253,0
481,1055706,817.7000122070312,474.20001220703125,5,16253,1
481,1055707,1457.8333740234375,461.5,3,16253,2
481,1055708,1714.5,484.5,1,16253,3
481,1055709,1243.0,466.5,1,16253,4
481,1055710,1060.5,471.0,2,16253,5
481,1055711,511.5,415.0,1,16253,6
481,1055712,49.5,550.5,1,16254,0
481,1055713,1560.0,507.5,1,16254,1
481,1055714,877.0,470.0,1,16254,2
491,1055539,525.375,378.375,4,16217,0
491,1055540,524.3333129882812,357.5,3,16217,1
491,1055541,836.125,473.0,4,16218,0
491,1055542,1027.0,473.5,1,16218,1
491,1055543,511.5,415.0,1,16218,2
491,1055544,874.75,475.0,2,16218,3
491,1055545,505.25,478.75,2,16218,4
491,1055546,273.5,480.0,1,16218,5
491,1055547,1434.75,464.5,2,16219,0
491,1055548,1714.5,484.5,1,16219,1
491,1055549,1243.0,466.5,1,16219,2
491,1055550,874.75,475.0,2,16219,3
491,1055551,505.25,478.75,2,16219,4
491,1055552,273.5,480.0,1,16219,5
491,1055553,1672.5,442.0,1,16220,0
491,1055554,877.0,470.0,1,16220,1
491,1055555,1761.75,455.4166564941406,6,16220,2
491,1055556,1875.0,483.0,1,16220,3
491,1055557,509.0,360.75,2,16221,0
491,1055558,530.0,366.1666564941406,3,16221,1
491,1055559,525.375,378.375,4,16222,0
491,1055560,524.3333129882812,357.5,3,16222,1
491,1055561,1457.8333740234375,461.5,3,16223,0
491,1055562,1714.5,484.5,1,16223,1
491,1055563,874.75,475.0,2,16223,2
491,1055564,505.25,478.75,2,16223,3
491,1055565,273.5,480.0,1,16223,4
491,1055566,524.3333129882812,357.5,3,16224,0
491,1055567,525.375,378.375,4,16224,1
491,1055568,1560.0,507.5,1,16225,0
491,1055569,874.75,475.0,2,16225,1
491,1055570,1308.5,573.0,1,16225,2
491,1055571,49.5,550.5,1,16225,3
491,1055572,1714.5,484.5,1,16225,4
491,1055573,817.7000122070312,474.20001220703125,5,16226,0
491,1055574,1027.0,473.5,1,16226,1
491,1055575,511.5,415.0,1,16226,2
491,1055576,874.75,475.0,2,16226,3
491,1055577,505.25,478.75,2,16226,4
491,1055578,273.5,480.0,1,16226,5
491,1055579,800.75,474.375,4,16227,0
491,1055580,511.5,415.0,1,16227,1
491,1055581,33.5,472.5,1,16227,2
491,1055582,877.0,470.0,1,16227,3
491,1055583,505.25,478.75,2,16227,4
491,1055584,273.5,480.0,1,16227,5
491,1055585,1714.25,454.5,4,16228,0
491,1055586,1243.0,466.5,1,16228,1
491,1055587,1457.8333740234375,461.5,3,16228,2
491,1055588,874.75,475.0,2,16228,3
491,1055589,1737.8333740234375,480.0,3,16228,4
491,1055590,505.25,478.75,2,16228,5
491,1055591,273.5,480.0,1,16228,6
491,1055592,1560.0,507.5,1,16228,7
491,1055593,535.75,364.25,2,16229,0
491,1055594,530.0,366.1666564941406,3,16229,1
491,1055595,1243.0,466.5,1,16230,0
491,1055596,1094.0,468.5,1,16230,1
491,1055597,1408.0,466.0,1,16230,2
491,1055598,1714.5,484.5,1,16230,3
491,1055599,874.75,475.0,2,16230,4
491,1055600,505.25,478.75,2,16230,5
491,1055601,273.5,480.0,1,16230,6
491,1055602,1027.0,473.5,1,16231,0
491,1055603,511.5,415.0,1,16231,1
491,1055604,841.25,474.25,2,16231,2
491,1055605,874.75,475.0,2,16231,3
491,1055606,505.25,478.75,2,16231,4
491,1055607,273.5,480.0,1,16231,5
491,1055608,817.7000122070312,474.20001220703125,5,16232,0
491,1055609,511.5,415.0,1,16232,1
491,1055610,33.5,472.5,1,16232,2
491,1055611,874.75,475.0,2,16232,3
491,1055612,505.25,478.75,2,16232,4
491,1055613,273.5,480.0,1,16232,5
491,1055614,1755.0,457.25,4,16233,0
491,1055615,874.75,475.0,2,16233,1
491,1055616,522.0,480.0,1,16233,2
491,1055617,1672.5,442.0,1,16233,3
491,1055618,530.0,366.1666564941406,3,16234,0
491,1055619,524.3333129882812,357.5,3,16234,1
491,1055620,1678.25,462.75,2,16235,0
491,1055621,874.75,475.0,2,16235,1
491,1055622,505.25,478.75,2,16235,2
491,1055623,1672.5,442.0,1,16235,3
491,1055624,1785.699951171875,458.29998779296875,5,16236,0
491,1055625,874.75,475.0,2,16236,1
491,1055626,1737.8333740234375,480.0,3,16236,2
491,1055627,817.7000122070312,474.20001220703125,5,16237,0
491,1055628,511.5,415.0,1,16237,1
491,1055629,33.5,472.5,1,16237,2
491,1055630,874.75,475.0,2,16237,3
491,1055631,505.25,478.75,2,16237,4
491,1055632,273.5,480.0,1,16237,5
491,1055633,33.5,472.5,1,16238,0
491,1055634,802.0,474.1666564941406,3,16238,1
491,1055635,511.5,415.0,1,16239,0
491,1055636,817.7000122070312,474.20001220703125,5,16239,1
491,1055637,1027.0,473.5,1,16239,2
491,1055638,273.5,480.0,1,16239,3
491,1055639,516.5,377.5,1,16239,4
491,1055640,535.5,376.75,2,16239,5
491,1055641,1840.75,463.75,4,16240,0
491,1055642,877.0,470.0,1,16240,1
491,1055643,1772.125,480.75,4,16240,2
491,1055644,1803.5,451.75,4,16241,0
491,1055645,877.0,470.0,1,16241,1
491,1055646,1772.125,480.75,4,16241,2
491,1055647,1094.0,468.5,1,16242,0
491,1055648,1243.0,466.5,1,16242,1
491,1055649,874.75,475.0,2,16242,2
491,1055650,505.25,478.75,2,16242,3
491,1055651,273.5,480.0,1,16242,4
491,1055652,1482.75,459.25,2,16243,0
491,1055653,1714.5,484.5,1,16243,1
491,1055654,874.75,475.0,2,16243,2
491,1055655,505.25,478.75,2,16243,3
491,1055656,273.5,480.0,1,16243,4
491,1055657,874.75,475.0,2,16244,0
491,1055658,49.5,550.5,1,16244,1
491,1055659,1672.5,442.0,1,16244,2
491,1055660,1560.0,507.5,1,16244,3
491,1055661,1778.5,460.4285583496094,7,16244,4
491,1055662,817.7000122070312,474.20001220703125,5,16244,5
491,1055663,1457.8333740234375,461.5,3,16244,6
491,1055664,1243.0,466.5,1,16244,7
491,1055665,1060.5,471.0,2,16244,8
491,1055666,1805.3333740234375,493.6666564941406,3,16245,0
491,1055667,1308.5,573.0,1,16245,1
491,1055668,1815.5,467.8999938964844,5,16245,2
491,1055669,1772.125,480.75,4,16246,0
491,1055670,1308.5,573.0,1,16246,1
491,1055671,1864.1666259765625,468.3333435058594,3,16246,2
491,1055672,1893.75,476.5,2,16247,0
491,1055673,1805.3333740234375,493.6666564941406,3,16247,1
491,1055674,1308.5,573.0,1,16247,2
491,1055675,877.0,470.0,1,16247,3
491,1055676,1805.3333740234375,493.6666564941406,3,16248,0
491,1055677,1308.5,573.0,1,16248,1
491,1055678,1815.5,467.8999938964844,5,16248,2
491,1055679,874.75,475.0,2,16249,0
491,1055680,505.25,478.75,2,16249,1
491,1055681,1560.0,507.5,1,16249,2
491,1055682,836.125,473.0,4,16249,3
491,1055683,1457.8333740234375,461.5,3,16249,4
491,1055684,1714.25,454.5,4,16249,5
491,1055685,1243.0,466.5,1,16249,6
491,1055686,1060.5,471.0,2,16249,7
491,1055687,505.25,478.75,2,16250,0
491,1055688,872.5,480.0,1,16250,1
491,1055689,817.7000122070312,474.20001220703125,5,16250,2
491,1055690,1457.8333740234375,461.5,3,16250,3
491,1055691,1695.5,456.0,3,16250,4
491,1055692,1243.0,466.5,1,16250,5
491,1055693,1060.5,471.0,2,16250,6
491,1055694,505.25,478.75,2,16251,0
491,1055695,872.5,480.0,1,16251,1
491,1055696,817.7000122070312,474.20001220703125,5,16251,2
491,1055697,1457.8333740234375,461.5,3,16251,3
491,1055698,1678.25,462.75,2,16251,4
491,1055699,1243.0,466.5,1,16251,5
491,1055700,1060.5,471.0,2,16251,6
491,1055701,1308.5,573.0,1,16252,0
491,1055702,1560.0,507.5,1,16252,1
491,1055703,1805.3333740234375,493.6666564941406,3,16252,2
491,1055704,1879.0,490.5,1,16252,3
491,1055705,273.5,480.0,1,16253,0
491,1055706,817.7000122070312,474.20001220703125,5,16253,1
491,1055707,1457.8333740234375,461.5,3,16253,2
491,1055708,1714.5,484.5,1,16253,3
491,1055709,1243.0,466.5,1,16253,4
491,1055710,1060.5,471.0,2,16253,5
491,1055711,511.5,415.0,1,16253,6
491,1055712,49.5,550.5,1,16254,0
491,1055713,1560.0,507.5,1,16254,1
491,1055714,877.0,470.0,1,16254,2
501,1055539,525.375,378.375,4,16217,0
501,1055540,524.3333129882812,357.5,3,16217,1
501,1055541,836.125,473.0,4,16218,0
501,1055542,1027.0,473.5,1,16218,1
501,1055543,511.5,415.0,1,16218,2
501,1055544,874.75,475.0,2,16218,3
501,1055545,505.25,478.75,2,16218,4
501,1055546,273.5,480.0,1,16218,5
501,1055547,1434.75,464.5,2,16219,0
501,1055548,1714.5,484.5,1,16219,1
501,1055549,1243.0,466.5,1,16219,2
501,1055550,874.75,475.0,2,16219,3
501,1055551,505.25,478.75,2,16219,4
501,1055552,273.5,480.0,1,16219,5
501,1055553,1672.5,442.0,1,16220,0
501,1055554,877.0,470.0,1,16220,1
501,1055555,1761.75,455.4166564941406,6,16220,2
501,1055556,1875.0,483.0,1,16220,3
501,1055557,509.0,360.75,2,16221,0
501,1055558,530.0,366.1666564941406,3,16221,1
501,1055559,525.375,378.375,4,16222,0
501,1055560,524.3333129882812,357.5,3,16222,1
501,1055561,1457.8333740234375,461.5,3,16223,0
501,1055562,1714.5,484.5,1,16223,1
501,1055563,874.75,475.0,2,16223,2
501,1055564,505.25,478.75,2,16223,3
501,1055565,273.5,480.0,1,16223,4
501,1055566,524.3333129882812,357.5,3,16224,0
501,1055567,525.375,378.375,4,16224,1
501,1055568,1560.0,507.5,1,16225,0
501,1055569,874.75,475.0,2,16225,1
501,1055570,1308.5,573.0,1,16225,2
501,1055571,49.5,550.5,1,16225,3
501,1055572,1714.5,484.5,1,16225,4
501,1055573,817.7000122070312,474.20001220703125,5,16226,0
501,1055574,1027.0,473.5,1,16226,1
501,1055575,511.5,415.0,1,16226,2
501,1055576,874.75,475.0,2,16226,3
501,1055577,505.25,478.75,2,16226,4
501,1055578,273.5,480.0,1,16226,5
501,1055579,800.75,474.375,4,16227,0
501,1055580,511.5,415.0,1,16227,1
501,1055581,33.5,472.5,1,16227,2
501,1055582,877.0,470.0,1,16227,3
501,1055583,505.25,478.75,2,16227,4
501,1055584,273.5,480.0,1,16227,5
501,1055585,1714.25,454.5,4,16228,0
501,1055586,1243.0,466.5,1,16228,1
501,1055587,1457.8333740234375,461.5,3,16228,2
501,1055588,874.75,475.0,2,16228,3
501,1055589,1737.8333740234375,480.0,3,16228,4
501,1055590,505.25,478.75,2,16228,5
501,1055591,273.5,480.0,1,16228,6
501,1055592,1560.0,507.5,1,16228,7
501,1055593,535.75,364.25,2,16229,0
501,1055594,530.0,366.1666564941406,3,16229,1
501,1055595,1243.0,466.5,1,16230,0
501,1055596,1094.0,468.5,1,16230,1
501,1055597,1408.0,466.0,1,16230,2
501,1055598,1714.5,484.5,1,16230,3
501,1055599,874.75,475.0,2,16230,4
501,1055600,505.25,478.75,2,16230,5
501,1055601,273.5,480.0,1,16230,6
501,1055602,1027.0,473.5,1,16231,0
501,1055603,511.5,415.0,1,16231,1
501,1055604,841.25,474.25,2,16231,2
501,1055605,874.75,475.0,2,16231,3
501,1055606,505.25,478.75,2,16231,4
501,1055607,273.5,480.0,1,16231,5
501,1055608,817.7000122070312,474.20001220703125,5,16232,0
501,1055609,511.5,415.0,1,16232,1
501,1055610,33.5,472.5,1,16232,2
501,1055611,874.75,475.0,2,16232,3
501,1055612,505.25,478.75,2,16232,4
501,1055613,273.5,480.0,1,16232,5
501,1055614,1755.0,457.25,4,16233,0
501,1055615,874.75,475.0,2,16233,1
501,1055616,522.0,480.0,1,16233,2
501,1055617,1672.5,442.0,1,16233,3
501,1055618,530.0,366.1666564941406,3,16234,0
501,1055619,524.3333129882812,357.5,3,16234,1
501,1055620,1678.25,462.75,2,16235,0
501,1055621,874.75,475.0,2,16235,1
501,1055622,505.25,478.75,2,16235,2
501,1055623,1672.5,442.0,1,16235,3
501,1055624,1785.699951171875,458.29998779296875,5,16236,0
501,1055625,874.75,475.0,2,16236,1
501,1055626,1737.8333740234375,480.0,3,16236,2
501,1055627,817.7000122070312,474.20001220703125,5,16237,0
501,1055628,511.5,415.0,1,16237,1
501,1055629,33.5,472.5,1,16237,2
501,1055630,874.75,475.0,2,16237,3
501,1055631,505.25,478.75,2,16237,4
501,1055632,273.5,480.0,1,16237,5
501,1055633,33.5,472.5,1,16238,0
501,1055634,802.0,474.1666564941406,3,16238,1
501,1055635,511.5,415.0,1,16239,0
501,1055636,817.7000122070312,474.20001220703125,5,16239,1
501,1055637,1027.0,473.5,1,16239,2
501,1055638,273.5,480.0,1,16239,3
501,1055639,516.5,377.5,1,16239,4
501,1055640,535.5,376.75,2,16239,5
501,1055641,1840.75,463.75,4,16240,0
501,1055642,877.0,470.0,1,16240,1
501,1055643,1772.125,480.75,4,16240,2
501,1055644,1803.5,451.75,4,16241,0
501,1055645,877.0,470.0,1,16241,1
501,1055646,1772.125,480.75,4,16241,2
501,1055647,1094.0,468.5,1,16242,0
501,1055648,1243.0,466.5,1,16242,1
501,1055649,874.75,475.0,2,16242,2
501,1055650,505.25,478.75,2,16242,3
501,1055651,273.5,480.0,1,16242,4
501,1055652,1482.75,459.25,2,16243,0
501,1055653,1714.5,484.5,1,16243,1
501,1055654,874.75,475.0,2,16243,2
501,1055655,505.25,478.75,2,16243,3
501,1055656,273.5,480.0,1,16243,4
501,1055657,874.75,475.0,2,16244,0
501,1055658,49.5,550.5,1,16244,1
501,1055659,1672.5,442.0,1,16244,2
501,1055660,1560.0,507.5,1,16244,3
501,1055661,1778.5,460.4285583496094,7,16244,4
501,1055662,817.7000122070312,474.20001220703125,5,16244,5
501,1055663,1457.8333740234375,461.5,3,16244,6
501,1055664,1243.0,466.5,1,16244,7
501,1055665,1060.5,471.0,2,16244,8
501,1055666,1805.3333740234375,493.6666564941406,3,16245,0
501,1055667,1308.5,573.0,1,16245,1
501,1055668,1815.5,467.8999938964844,5,16245,2
501,1055669,1772.125,480.75,4,16246,0
501,1055670,1308.5,573.0,1,16246,1
501,1055671,1864.1666259765625,468.3333435058594,3,16246,2
501,1055672,1893.75,476.5,2,16247,0
501,1055673,1805.3333740234375,493.6666564941406,3,16247,1
501,1055674,1308.5,573.0,1,16247,2
501,1055675,877.0,470.0,1,16247,3
501,1055676,1805.3333740234375,493.6666564941406,3,16248,0
501,1055677,1308.5,573.0,1,16248,1
501,1055678,1815.5,467.8999938964844,5,16248,2
501,1055679,874.75,475.0,2,16249,0
501,1055680,505.25,478.75,2,16249,1
501,1055681,1560.0,507.5,1,16249,2
501,1055682,836.125,473.0,4,16249,3
501,1055683,1457.8333740234375,461.5,3,16249,4
501,1055684,1714.25,454.5,4,16249,5
501,1055685,1243.0,466.5,1,16249,6
501,1055686,1060.5,471.0,2,16249,7
501,1055687,505.25,478.75,2,16250,0
501,1055688,872.5,480.0,1,16250,1
501,1055689,817.7000122070312,474.20001220703125,5,16250,2
501,1055690,1457.8333740234375,461.5,3,16250,3
501,1055691,1695.5,456.0,3,16250,4
501,1055692,1243.0,466.5,1,16250,5
501,1055693,1060.5,471.0,2,16250,6
501,1055694,505.25,478.75,2,16251,0
501,1055695,872.5,480.0,1,16251,1
501,1055696,817.7000122070312,474.20001220703125,5,16251,2
501,1055697,1457.8333740234375,461.5,3,16251,3
501,1055698,1678.25,462.75,2,16251,4
501,1055699,1243.0,466.5,1,16251,5
501,1055700,1060.5,471.0,2,16251,6
501,1055701,1308.5,573.0,1,16252,0
501,1055702,1560.0,507.5,1,16252,1
501,1055703,1805.3333740234375,493.6666564941406,3,16252,2
501,1055704,1879.0,490.5,1,16252,3
501,1055705,273.5,480.0,1,16253,0
501,1055706,817.7000122070312,474.20001220703125,5,16253,1
501,1055707,1457.8333740234375,461.5,3,16253,2
501,1055708,1714.5,484.5,1,16253,3
501,1055709,1243.0,466.5,1,16253,4
501,1055710,1060.5,471.0,2,16253,5
501,1055711,511.5,415.0,1,16253,6
501,1055712,49.5,550.5,1,16254,0
501,1055713,1560.0,507.5,1,16254,1
501,1055714,877.0,470.0,1,16254,2
511,1055539,525.375,378.375,4,16217,0
511,1055540,524.3333129882812,357.5,3,16217,1
511,1055541,836.125,473.0,4,16218,0
511,1055542,1027.0,473.5,1,16218,1
511,1055543,511.5,415.0,1,16218,2
511,1055544,874.75,475.0,2,16218,3
511,1055545,505.25,478.75,2,16218,4
511,1055546,273.5,480.0,1,16218,5
511,1055547,1434.75,464.5,2,16219,0
511,1055548,1714.5,484.5,1,16219,1
511,1055549,1243.0,466.5,1,16219,2
511,1055550,874.75,475.0,2,16219,3
511,1055551,505.25,478.75,2,16219,4
511,1055552,273.5,480.0,1,16219,5
511,1055553,1672.5,442.0,1,16220,0
511,1055554,877.0,470.0,1,16220,1
511,1055555,1761.75,455.4166564941406,6,16220,2
511,1055556,1875.0,483.0,1,16220,3
511,1055557,509.0,360.75,2,16221,0
511,1055558,530.0,366.1666564941406,3,16221,1
511,1055559,525.375,378.375,4,16222,0
511,1055560,524.3333129882812,357.5,3,16222,1
511,1055561,1457.8333740234375,461.5,3,16223,0
511,1055562,1714.5,484.5,1,16223,1
511,1055563,874.75,475.0,2,16223,2
511,1055564,505.25,478.75,2,16223,3
511,1055565,273.5,480.0,1,16223,4
511,1055566,524.3333129882812,357.5,3,16224,0
511,1055567,525.375,378.375,4,16224,1
511,1055568,1560.0,507.5,1,16225,0
511,1055569,874.75,475.0,2,16225,1
511,1055570,1308.5,573.0,1,16225,2
511,1055571,49.5,550.5,1,16225,3
511,1055572,1714.5,484.5,1,16225,4
511,1055573,817.7000122070312,474.20001220703125,5,16226,0
511,1055574,1027.0,473.5,1,16226,1
511,1055575,511.5,415.0,1,16226,2
511,1055576,874.75,475.0,2,16226,3
511,1055577,505.25,478.75,2,16226,4
511,1055578,273.5,480.0,1,16226,5
511,1055579,800.75,474.375,4,16227,0
511,1055580,511.5,415.0,1,16227,1
511,1055581,33.5,472.5,1,16227,2
511,1055582,877.0,470.0,1,16227,3
511,1055583,505.25,478.75,2,16227,4
511,1055584,273.5,480.0,1,16227,5
511,1055585,1714.25,454.5,4,16228,0
511,1055586,1243.0,466.5,1,16228,1
511,1055587,1457.8333740234375,461.5,3,16228,2
511,1055588,874.75,475.0,2,16228,3
511,1055589,1737.8333740234375,480.0,3,16228,4
511,1055590,505.25,478.75,2,16228,5
511,1055591,273.5,480.0,1,16228,6
511,1055592,1560.0,507.5,1,16228,7
511,1055593,535.75,364.25,2,16229,0
511,1055594,530.0,366.1666564941406,3,16229,1
511,1055595,1243.0,466.5,1,16230,0
511,1055596,1094.0,468.5,1,16230,1
511,1055597,1408.0,466.0,1,16230,2
511,1055598,1714.5,484.5,1,16230,3
511,1055599,874.75,475.0,2,16230,4
511,1055600,505.25,478.75,2,16230,5
511,1055601,273.5,480.0,1,16230,6
511,1055602,1027.0,473.5,1,16231,0
511,1055603,511.5,415.0,1,16231,1
511,1055604,841.25,474.25,2,16231,2
511,1055605,874.75,475.0,2,16231,3
511,1055606,505.25,478.75,2,16231,4
511,1055607,273.5,480.0,1,16231,5
511,1055608,817.7000122070312,474.20001220703125,5,16232,0
511,1055609,511.5,415.0,1,16232,1
511,1055610,33.5,472.5,1,16232,2
511,1055611,874.75,475.0,2,16232,3
511,1055612,505.25,478.75,2,16232,4
511,1055613,273.5,480.0,1,16232,5
511,1055614,1755.0,457.25,4,16233,0
511,1055615,874.75,475.0,2,16233,1
511,1055616,522.0,480.0,1,16233,2
511,1055617,1672.5,442.0,1,16233,3
511,1055618,530.0,366.1666564941406,3,16234,0
511,1055619,524.3333129882812,357.5,3,16234,1
511,1055620,1678.25,462.75,2,16235,0
511,1055621,874.75,475.0,2,16235,1
511,1055622,505.25,478.75,2,16235,2
511,1055623,1672.5,442.0,1,16235,3
511,1055624,1785.699951171875,458.29998779296875,5,16236,0
511,1055625,874.75,475.0,2,16236,1
511,1055626,1737.8333740234375,480.0,3,16236,2
511,1055627,817.7000122070312,474.20001220703125,5,16237,0
511,1055628,511.5,415.0,1,16237,1
511,1055629,33.5,472.5,1,16237,2
511,1055630,874.75,475.0,2,16237,3
511,1055631,505.25,478.75,2,16237,4
511,1055632,273.5,480.0,1,16237,5
511,1055633,33.5,472.5,1,16238,0
511,1055634,802.0,474.1666564941406,3,16238,1
511,1055635,511.5,415.0,1,16239,0
511,1055636,817.7000122070312,474.20001220703125,5,16239,1
511,1055637,1027.0,473.5,1,16239,2
511,1055638,273.5,480.0,1,16239,3
511,1055639,516.5,377.5,1,16239,4
511,1055640,535.5,376.75,2,16239,5
511,1055641,1840.75,463.75,4,16240,0
511,1055642,877.0,470.0,1,16240,1
511,1055643,1772.125,480.75,4,16240,2
511,1055644,1803.5,451.75,4,16241,0
511,1055645,877.0,470.0,1,16241,1
511,1055646,1772.125,480.75,4,16241,2
511,1055647,1094.0,468.5,1,16242,0
511,1055648,1243.0,466.5,1,16242,1
511,1055649,874.75,475.0,2,16242,2
511,1055650,505.25,478.75,2,16242,3
511,1055651,273.5,480.0,1,16242,4
511,1055652,1482.75,459.25,2,16243,0
511,1055653,1714.5,484.5,1,16243,1
511,1055654,874.75,475.0,2,16243,2
511,1055655,505.25,478.75,2,16243,3
511,1055656,273.5,480.0,1,16243,4
511,1055657,874.75,475.0,2,16244,0
511,1055658,49.5,550.5,1,16244,1
511,1055659,1672.5,442.0,1,16244,2
511,1055660,1560.0,507.5,1,16244,3
511,1055661,1778.5,460.4285583496094,7,16244,4
511,1055662,817.7000122070312,474.20001220703125,5,16244,5
511,1055663,1457.8333740234375,461.5,3,16244,6
511,1055664,1243.0,466.5,1,16244,7
511,1055665,1060.5,471.0,2,16244,8
511,1055666,1805.3333740234375,493.6666564941406,3,16245,0
511,1055667,1308.5,573.0,1,16245,1
511,1055668,1815.5,467.8999938964844,5,16245,2
511,1055669,1772.125,480.75,4,16246,0
511,1055670,1308.5,573.0,1,16246,1
511,1055671,1864.1666259765625,468.3333435058594,3,16246,2
511,1055672,1893.75,476.5,2,16247,0
511,1055673,1805.3333740234375,493.6666564941406,3,16247,1
511,1055674,1308.5,573.0,1,16247,2
511,1055675,877.0,470.0,1,16247,3
511,1055676,1805.3333740234375,493.6666564941406,3,16248,0
511,1055677,1308.5,573.0,1,16248,1
511,1055678,1815.5,467.8999938964844,5,16248,2
511,1055679,874.75,475.0,2,16249,0
511,1055680,505.25,478.75,2,16249,1
511,1055681,1560.0,507.5,1,16249,2
511,1055682,836.125,473.0,4,16249,3
511,1055683,1457.8333740234375,461.5,3,16249,4
511,1055684,1714.25,454.5,4,16249,5
511,1055685,1243.0,466.5,1,16249,6
511,1055686,1060.5,471.0,2,16249,7
511,1055687,505.25,478.75,2,16250,0
511,1055688,872.5,480.0,1,16250,1
511,1055689,817.7000122070312,474.20001220703125,5,16250,2
511,1055690,1457.8333740234375,461.5,3,16250,3
511,1055691,1695.5,456.0,3,16250,4
511,1055692,1243.0,466.5,1,16250,5
511,1055693,1060.5,471.0,2,16250,6
511,1055694,505.25,478.75,2,16251,0
511,1055695,872.5,480.0,1,16251,1
511,1055696,817.7000122070312,474.20001220703125,5,16251,2
511,1055697,1457.8333740234375,461.5,3,16251,3
511,1055698,1678.25,462.75,2,16251,4
511,1055699,1243.0,466.5,1,16251,5
511,1055700,1060.5,471.0,2,16251,6
511,1055701,1308.5,573.0,1,16252,0
511,1055702,1560.0,507.5,1,16252,1
511,1055703,1805.3333740234375,493.6666564941406,3,16252,2
511,1055704,1879.0,490.5,1,16252,3
511,1055705,273.5,480.0,1,16253,0
511,1055706,817.7000122070312,474.20001220703125,5,16253,1
511,1055707,1457.8333740234375,461.5,3,16253,2
511,1055708,1714.5,484.5,1,16253,3
511,1055709,1243.0,466.5,1,16253,4
511,1055710,1060.5,471.0,2,16253,5
511,1055711,511.5,415.0,1,16253,6
511,1055712,49.5,550.5,1,16254,0
511,1055713,1560.0,507.5,1,16254,1
511,1055714,877.0,470.0,1,16254,2
521,1055539,518.75,375.625,4,16217,0
521,1055540,524.8333129882812,358.0,2,16217,1
521,1055541,803.2916870117188,474.8333435058594,3,16218,0
521,1055542,989.5,475.5,1,16218,1
521,1055543,505.5,415.5,1,16218,2
521,1055544,922.5,474.0,2,16218,3
521,1055545,534.25,477.25,2,16218,4
521,1055546,320.0,481.0,1,16218,5
521,1055547,1402.75,466.0,2,16219,0
521,1055548,1689.0,482.5,1,16219,1
521,1055549,1200.5,466.5,1,16219,2
521,1055550,922.5,474.0,2,16219,3
521,1055551,534.25,477.25,2,16219,4
521,1055552,320.0,481.0,1,16219,5
521,1055553,1674.5,442.0,1,16220,0
521,1055554,920.5,469.5,1,16220,1
521,1055555,1753.0,455.5416564941406,4,16220,2
521,1055556,1879.5,481.5,1,16220,3
521,1055557,509.5,361.25,2,16221,0
521,1055558,519.75,360.4166564941406,2,16221,1
521,1055559,518.75,375.625,4,16222,0
521,1055560,524.8333129882812,358.0,2,16222,1
521,1055561,1424.8333740234375,462.75,2,16223,0
521,1055562,1689.0,482.5,1,16223,1
521,1055563,922.5,474.0,2,16223,2
521,1055564,534.25,477.25,2,16223,3
521,1055565,320.0,481.0,1,16223,4
521,1055566,524.8333129882812,358.0,2,16224,0
521,1055567,518.75,375.625,4,16224,1
521,1055568,1562.5,506.5,1,16225,0
521,1055569,922.5,474.0,2,16225,1
521,1055570,1331.5,570.0,1,16225,2
521,1055571,166.0,539.0,1,16225,3
521,1055572,1689.0,482.5,1,16225,4
521,1055573,785.2000122070312,475.70001220703125,4,16226,0
521,1055574,989.5,475.5,1,16226,1
521,1055575,505.5,415.5,1,16226,2
521,1055576,922.5,474.0,2,16226,3
521,1055577,534.25,477.25,2,16226,4
521,1055578,320.0,481.0,1,16226,5
521,1055579,769.4166870117188,475.7083435058594,3,16227,0
521,1055580,505.5,415.5,1,16227,1
521,1055581,38.0,473.5,1,16227,2
521,1055582,920.5,469.5,1,16227,3
521,1055583,534.25,477.25,2,16227,4
521,1055584,320.0,481.0,1,16227,5
521,1055585,1699.5833740234375,455.3333435058594,3,16228,0
521,1055586,1200.5,466.5,1,16228,1
521,1055587,1424.8333740234375,462.75,2,16228,2
521,1055588,922.5,474.0,2,16228,3
521,1055589,1740.3333740234375,477.75,2,16228,4
521,1055590,534.25,477.25,2,16228,5
521,1055591,320.0,481.0,1,16228,6
521,1055592,1562.5,506.5,1,16228,7
521,1055593,536.0,364.75,2,16229,0
521,1055594,519.75,360.4166564941406,2,16229,1
521,1055595,1200.5,466.5,1,16230,0
521,1055596,1056.5,469.0,1,16230,1
521,1055597,1379.0,467.5,1,16230,2
521,1055598,1689.0,482.5,1,16230,3
521,1055599,922.5,474.0,2,16230,4
521,1055600,534.25,477.25,2,16230,5
521,1055601,320.0,481.0,1,16230,6
521,1055602,989.5,475.5,1,16231,0
521,1055603,505.5,415.5,1,16231,1
521,1055604,797.5,475.5,2,16231,2
521,1055605,922.5,474.0,2,16231,3
521,1055606,534.25,477.25,2,16231,4
521,1055607,320.0,481.0,1,16231,5
521,1055608,785.2000122070312,475.70001220703125,4,16232,0
521,1055609,505.5,415.5,1,16232,1
521,1055610,38.0,473.5,1,16232,2
521,1055611,922.5,474.0,2,16232,3
521,1055612,534.25,477.25,2,16232,4
521,1055613,320.0,481.0,1,16232,5
521,1055614,1747.3333740234375,456.75,3,16233,0
521,1055615,922.5,474.0,2,16233,1
521,1055616,562.0,478.5,1,16233,2
521,1055617,1674.5,442.0,1,16233,3
521,1055618,523.1666870117188,362.33331298828125,3,16234,0
521,1055619,524.8333129882812,358.0,2,16234,1
521,1055620,1657.25,463.75,2,16235,0
521,1055621,922.5,474.0,2,16235,1
521,1055622,534.25,477.25,2,16235,2
521,1055623,1674.5,442.0,1,16235,3
521,1055624,1781.0,457.6999816894531,5,16236,0
521,1055625,922.5,474.0,2,16236,1
521,1055626,1740.3333740234375,477.75,2,16236,2
521,1055627,785.2000122070312,475.70001220703125,4,16237,0
521,1055628,505.5,415.5,1,16237,1
521,1055629,38.0,473.5,1,16237,2
521,1055630,922.5,474.0,2,16237,3
521,1055631,534.25,477.25,2,16237,4
521,1055632,320.0,481.0,1,16237,5
521,1055633,38.0,473.5,1,16238,0
521,1055634,776.25,476.1666564941406,2,16238,1
521,1055635,505.5,415.5,1,16239,0
521,1055636,785.2000122070312,475.70001220703125,4,16239,1
521,1055637,989.5,475.5,1,16239,2
521,1055638,320.0,481.0,1,16239,3
521,1055639,517.0,378.5,1,16239,4
521,1055640,525.25,371.0,2,16239,5
521,1055641,1838.625,463.0,4,16240,0
521,1055642,920.5,469.5,1,16240,1
521,1055643,1775.2916259765625,478.75,3,16240,2
521,1055644,1801.75,450.875,4,16241,0
521,1055645,920.5,469.5,1,16241,1
521,1055646,1775.2916259765625,478.75,3,16241,2
521,1055647,1056.5,469.0,1,16242,0
521,1055648,1200.5,466.5,1,16242,1
521,1055649,922.5,474.0,2,16242,2
521,1055650,534.25,477.25,2,16242,3
521,1055651,320.0,481.0,1,16242,4
521,1055652,1446.75,460.5,2,16243,0
521,1055653,1689.0,482.5,1,16243,1
521,1055654,922.5,474.0,2,16243,2
521,1055655,534.25,477.25,2,16243,3
521,1055656,320.0,481.0,1,16243,4
521,1055657,922.5,474.0,2,16244,0
521,1055658,166.0,539.0,1,16244,1
521,1055659,1674.5,442.0,1,16244,2
521,1055660,1562.5,506.5,1,16244,3
521,1055661,1769.9000244140625,461.1285705566406,5,16244,4
521,1055662,785.2000122070312,475.70001220703125,4,16244,5
521,1055663,1424.8333740234375,462.75,2,16244,6
521,1055664,1200.5,466.5,1,16244,7
521,1055665,1023.0,472.25,2,16244,8
521,1055666,1809.0833740234375,490.6666564941406,2,16245,0
521,1055667,1331.5,570.0,1,16245,1
521,1055668,1812.5,467.1000061035156,5,16245,2
521,1055669,1775.2916259765625,478.75,3,16246,0
521,1055670,1331.5,570.0,1,16246,1
521,1055671,1868.333251953125,467.5,3,16246,2
521,1055672,1889.4166259765625,475.5,3,16247,0
521,1055673,1809.0833740234375,490.6666564941406,2,16247,1
521,1055674,1331.5,570.0,1,16247,2
521,1055675,920.5,469.5,1,16247,3
521,1055676,1809.0833740234375,490.6666564941406,2,16248,0
521,1055677,1331.5,570.0,1,16248,1
521,1055678,1812.5,467.1000061035156,5,16248,2
521,1055679,922.5,474.0,2,16249,0
521,1055680,534.25,477.25,2,16249,1
521,1055681,1562.5,506.5,1,16249,2
521,1055682,803.2916870117188,474.8333435058594,3,16249,3
521,1055683,1424.8333740234375,462.75,2,16249,4
521,1055684,1699.5833740234375,455.3333435058594,3,16249,5
521,1055685,1200.5,466.5,1,16249,6
521,1055686,1023.0,472.25,2,16249,7
521,1055687,534.25,477.25,2,16250,0
521,1055688,924.5,478.5,1,16250,1
521,1055689,785.2000122070312,475.70001220703125,4,16250,2
521,1055690,1424.8333740234375,462.75,2,16250,3
521,1055691,1674.5,457.0,2,16250,4
521,1055692,1200.5,466.5,1,16250,5
521,1055693,1023.0,472.25,2,16250,6
521,1055694,534.25,477.25,2,16251,0
521,1055695,924.5,478.5,1,16251,1
521,1055696,785.2000122070312,475.70001220703125,4,16251,2
521,1055697,1424.8333740234375,462.75,2,16251,3
521,1055698,1657.25,463.75,2,16251,4
521,1055699,1200.5,466.5,1,16251,5
521,1055700,1023.0,472.25,2,16251,6
521,1055701,1331.5,570.0,1,16252,0
521,1055702,1562.5,506.5,1,16252,1
521,1055703,1809.0833740234375,490.6666564941406,2,16252,2
521,1055704,1883.0,489.25,2,16252,3
521,1055705,320.0,481.0,1,16253,0
521,1055706,785.2000122070312,475.70001220703125,4,16253,1
521,1055707,1424.8333740234375,462.75,2,16253,2
521,1055708,1689.0,482.5,1,16253,3
521,1055709,1200.5,466.5,1,16253,4
521,1055710,1023.0,472.25,2,16253,5
521,1055711,505.5,415.5,1,16253,6
521,1055712,166.0,539.0,1,16254,0
521,1055713,1562.5,506.5,1,16254,1
521,1055714,920.5,469.5,1,16254,2
531,1055539,518.75,375.625,4,16217,0
531,1055540,524.8333129882812,358.0,3,16217,1
531,1055541,803.2916870117188,474.8333435058594,3,16218,0
531,1055542,989.5,475.5,1,16218,1
531,1055543,505.5,415.5,1,16218,2
531,1055544,922.5,474.0,2,16218,3
531,1055545,534.25,477.25,3,16218,4
531,1055546,320.0,481.0,1,16218,5
531,1055547,1402.75,466.0,2,16219,0
531,1055548,1689.0,482.5,1,16219,1
531,1055549,1200.5,466.5,1,16219,2
531,1055550,922.5,474.0,2,16219,3
531,1055551,534.25,477.25,2,16219,4
531,1055552,320.0,481.0,1,16219,5
531,1055553,1674.5,442.0,2,16220,0
531,1055554,920.5,469.5,1,16220,1
531,1055555,1753.0,455.5416564941406,4,16220,2
531,1055556,1879.5,481.5,1,16220,3
531,1055557,509.5,361.25,3,16221,0
531,1055558,519.75,360.4166564941406,2,16221,1
531,1055559,518.75,375.625,4,16222,0
531,1055560,524.8333129882812,358.0,3,16222,1
531,1055561,1424.8333740234375,462.75,2,16223,0
531,1055562,1689.0,482.5,1,16223,1
531,1055563,922.5,474.0,2,16223,2
531,1055564,534.25,477.25,2,16223,3
531,1055565,320.0,481.0,1,16223,4
531,1055566,524.8333129882812,358.0,3,16224,0
531,1055567,518.75,375.625,4,16224,1
531,1055568,1562.5,506.5,1,16225,0
531,1055569,922.5,474.0,2,16225,1
531,1055570,1331.5,570.0,1,16225,2
531,1055571,166.0,539.0,1,16225,3
531,1055572,1689.0,482.5,1,16225,4
531,1055573,785.2000122070312,475.70001220703125,4,16226,0
531,1055574,989.5,475.5,1,16226,1
531,1055575,505.5,415.5,1,16226,2
531,1055576,922.5,474.0,2,16226,3
531,1055577,534.25,477.25,3,16226,4
531,1055578,320.0,481.0,1,16226,5
531,1055579,769.4166870117188,475.7083435058594,3,16227,0
531,1055580,505.5,415.5,1,16227,1
531,1055581,38.0,473.5,1,16227,2
531,1055582,920.5,469.5,1,16227,3
531,1055583,534.25,477.25,2,16227,4
531,1055584,320.0,481.0,2,16227,5
531,1055585,1699.5833740234375,455.3333435058594,3,16228,0
531,1055586,1200.5,466.5,1,16228,1
531,1055587,1424.8333740234375,462.75,2,16228,2
531,1055588,922.5,474.0,2,16228,3
531,1055589,1740.3333740234375,477.75,2,16228,4
531,1055590,534.25,477.25,2,16228,5
531,1055591,320.0,481.0,1,16228,6
531,1055592,1562.5,506.5,2,16228,7
531,1055593,536.0,364.75,3,16229,0
531,1055594,519.75,360.4166564941406,2,16229,1
531,1055595,1200.5,466.5,1,16230,0
531,1055596,1056.5,469.0,1,16230,1
531,1055597,1379.0,467.5,1,16230,2
531,1055598,1689.0,482.5,1,16230,3
531,1055599,922.5,474.0,2,16230,4
531,1055600,534.25,477.25,2,16230,5
531,1055601,320.0,481.0,1,16230,6
531,1055602,989.5,475.5,1,16231,0
531,1055603,505.5,415.5,1,16231,1
531,1055604,797.5,475.5,2,16231,2
531,1055605,922.5,474.0,2,16231,3
531,1055606,534.25,477.25,2,16231,4
531,1055607,320.0,481.0,1,16231,5
531,1055608,785.2000122070312,475.70001220703125,4,16232,0
531,1055609,505.5,415.5,1,16232,1
531,1055610,38.0,473.5,1,16232,2
531,1055611,922.5,474.0,2,16232,3
531,1055612,534.25,477.25,3,16232,4
531,1055613,320.0,481.0,1,16232,5
531,1055614,1747.3333740234375,456.75,3,16233,0
531,1055615,922.5,474.0,2,16233,1
531,1055616,562.0,478.5,1,16233,2
531,1055617,1674.5,442.0,2,16233,3
531,1055618,523.1666870117188,362.33331298828125,3,16234,0
531,1055619,524.8333129882812,358.0,3,16234,1
531,1055620,1657.25,463.75,2,16235,0
531,1055621,922.5,474.0,2,16235,1
531,1055622,534.25,477.25,2,16235,2
531,1055623,1674.5,442.0,1,16235,3
531,1055624,1781.0,457.6999816894531,5,16236,0
531,1055625,922.5,474.0,2,16236,1
531,1055626,1740.3333740234375,477.75,3,16236,2
531,1055627,785.2000122070312,475.70001220703125,4,16237,0
531,1055628,505.5,415.5,1,16237,1
531,1055629,38.0,473.5,1,16237,2
531,1055630,922.5,474.0,2,16237,3
531,1055631,534.25,477.25,3,16237,4
531,1055632,320.0,481.0,1,16237,5
531,1055633,38.0,473.5,1,16238,0
531,1055634,776.25,476.1666564941406,2,16238,1
531,1055635,505.5,415.5,1,16239,0
531,1055636,785.2000122070312,475.70001220703125,4,16239,1
531,1055637,989.5,475.5,1,16239,2
531,1055638,320.0,481.0,2,16239,3
531,1055639,517.0,378.5,1,16239,4
531,1055640,525.25,371.0,2,16239,5
531,1055641,1838.625,463.0,4,16240,0
531,1055642,920.5,469.5,1,16240,1
531,1055643,1775.2916259765625,478.75,3,16240,2
531,1055644,1801.75,450.875,4,16241,0
531,1055645,920.5,469.5,1,16241,1
531,1055646,1775.2916259765625,478.75,3,16241,2
531,1055647,1056.5,469.0,1,16242,0
531,1055648,1200.5,466.5,1,16242,1
531,1055649,922.5,474.0,2,16242,2
531,1055650,534.25,477.25,2,16242,3
531,1055651,320.0,481.0,1,16242,4
531,1055652,1446.75,460.5,2,16243,0
531,1055653,1689.0,482.5,1,16243,1
531,1055654,922.5,474.0,2,16243,2
531,1055655,534.25,477.25,2,16243,3
531,1055656,320.0,481.0,1,16243,4
531,1055657,922.5,474.0,2,16244,0
531,1055658,166.0,539.0,1,16244,1
531,1055659,1674.5,442.0,3,16244,2
531,1055660,1562.5,506.5,1,16244,3
531,1055661,1769.9000244140625,461.1285705566406,5,16244,4
531,1055662,785.2000122070312,475.70001220703125,4,16244,5
531,1055663,1424.8333740234375,462.75,2,16244,6
531,1055664,1200.5,466.5,1,16244,7
531,1055665,1023.0,472.25,2,16244,8
531,1055666,1809.0833740234375,490.6666564941406,2,16245,0
531,1055667,1331.5,570.0,1,16245,1
531,1055668,1812.5,467.1000061035156,5,16245,2
531,1055669,1775.2916259765625,478.75,4,16246,0
531,1055670,1331.5,570.0,1,16246,1
531,1055671,1868.333251953125,467.5,3,16246,2
531,1055672,1889.4166259765625,475.5,3,16247,0
531,1055673,1809.0833740234375,490.6666564941406,2,16247,1
531,1055674,1331.5,570.0,1,16247,2
531,1055675,920.5,469.5,1,16247,3
531,1055676,1809.0833740234375,490.6666564941406,2,16248,0
531,1055677,1331.5,570.0,1,16248,1
531,1055678,1812.5,467.1000061035156,5,16248,2
531,1055679,922.5,474.0,2,16249,0
531,1055680,534.25,477.25,3,16249,1
531,1055681,1562.5,506.5,2,16249,2
531,1055682,803.2916870117188,474.8333435058594,3,16249,3
531,1055683,1424.8333740234375,462.75,2,16249,4
531,1055684,1699.5833740234375,455.3333435058594,3,16249,5
531,1055685,1200.5,466.5,1,16249,6
531,1055686,1023.0,472.25,2,16249,7
531,1055687,534.25,477.25,3,16250,0
531,1055688,924.5,478.5,1,16250,1
531,1055689,785.2000122070312,475.70001220703125,4,16250,2
531,1055690,1424.8333740234375,462.75,2,16250,3
531,1055691,1674.5,457.0,2,16250,4
531,1055692,1200.5,466.5,1,16250,5
531,1055693,1023.0,472.25,2,16250,6
531,1055694,534.25,477.25,3,16251,0
531,1055695,924.5,478.5,1,16251,1
531,1055696,785.2000122070312,475.70001220703125,4,16251,2
531,1055697,1424.8333740234375,462.75,2,16251,3
531,1055698,1657.25,463.75,2,16251,4
531,1055699,1200.5,466.5,1,16251,5
531,1055700,1023.0,472.25,2,16251,6
531,1055701,1331.5,570.0,1,16252,0
531,1055702,1562.5,506.5,1,16252,1
531,1055703,1809.0833740234375,490.6666564941406,2,16252,2
531,1055704,1883.0,489.25,2,16252,3
531,1055705,320.0,481.0,2,16253,0
531,1055706,785.2000122070312,475.70001220703125,4,16253,1
531,1055707,1424.8333740234375,462.75,2,16253,2
531,1055708,1689.0,482.5,1,16253,3
531,1055709,1200.5,466.5,1,16253,4
531,1055710,1023.0,472.25,2,16253,5
531,1055711,505.5,415.5,1,16253,6
531,1055712,166.0,539.0,1,16254,0
531,1055713,1562.5,506.5,1,16254,1
531,1055714,920.5,469.5,1,16254,2
541,1055539,518.75,375.625,4,16217,0
541,1055540,524.8333129882812,358.0,3,16217,1
541,1055541,803.2916870117188,474.8333435058594,3,16218,0
541,1055542,989.5,475.5,1,16218,1
541,1055543,505.5,415.5,1,16218,2
541,1055544,922.5,474.0,2,16218,3
541,1055545,534.25,477.25,3,16218,4
541,1055546,320.0,481.0,1,16218,5
541,1055547,1402.75,466.0,2,16219,0
541,1055548,1689.0,482.5,1,16219,1
541,1055549,1200.5,466.5,1,16219,2
541,1055550,922.5,474.0,2,16219,3
541,1055551,534.25,477.25,2,16219,4
541,1055552,320.0,481.0,1,16219,5
541,1055553,1674.5,442.0,2,16220,0
541,1055554,920.5,469.5,1,16220,1
541,1055555,1753.0,455.5416564941406,4,16220,2
541,1055556,1879.5,481.5,1,16220,3
541,1055557,509.5,361.25,3,16221,0
541,1055558,519.75,360.4166564941406,2,16221,1
541,1055559,518.75,375.625,4,16222,0
541,1055560,524.8333129882812,358.0,3,16222,1
541,1055561,1424.8333740234375,462.75,2,16223,0
541,1055562,1689.0,482.5,1,16223,1
541,1055563,922.5,474.0,2,16223,2
541,1055564,534.25,477.25,2,16223,3
541,1055565,320.0,481.0,1,16223,4
541,1055566,524.8333129882812,358.0,3,16224,0
541,1055567,518.75,375.625,4,16224,1
541,1055568,1562.5,506.5,1,16225,0
541,1055569,922.5,474.0,2,16225,1
541,1055570,1331.5,570.0,1,16225,2
541,1055571,166.0,539.0,1,16225,3
541,1055572,1689.0,482.5,1,16225,4
541,1055573,785.2000122070312,475.70001220703125,4,16226,0
541,1055574,989.5,475.5,1,16226,1
541,1055575,505.5,415.5,1,16226,2
541,1055576,922.5,474.0,2,16226,3
541,1055577,534.25,477.25,3,16226,4
541,1055578,320.0,481.0,1,16226,5
541,1055579,769.4166870117188,475.7083435058594,3,16227,0
541,1055580,505.5,415.5,1,16227,1
541,1055581,38.0,473.5,1,16227,2
541,1055582,920.5,469.5,1,16227,3
541,1055583,534.25,477.25,2,16227,4
541,1055584,320.0,481.0,2,16227,5
541,1055585,1699.5833740234375,455.3333435058594,3,16228,0
541,1055586,1200.5,466.5,1,16228,1
541,1055587,1424.8333740234375,462.75,2,16228,2
541,1055588,922.5,474.0,2,16228,3
541,1055589,1740.3333740234375,477.75,2,16228,4
541,1055590,534.25,477.25,2,16228,5
541,1055591,320.0,481.0,1,16228,6
541,1055592,1562.5,506.5,2,16228,7
541,1055593,536.0,364.75,3,16229,0
541,1055594,519.75,360.4166564941406,2,16229,1
541,1055595,1200.5,466.5,1,16230,0
541,1055596,1056.5,469.0,1,16230,1
541,1055597,1379.0,467.5,1,16230,2
541,1055598,1689.0,482.5,1,16230,3
541,1055599,922.5,474.0,2,16230,4
541,1055600,534.25,477.25,2,16230,5
541,1055601,320.0,481.0,1,16230,6
541,1055602,989.5,475.5,1,16231,0
541,1055603,505.5,415.5,1,16231,1
541,1055604,797.5,475.5,2,16231,2
541,1055605,922.5,474.0,2,16231,3
541,1055606,534.25,477.25,2,16231,4
541,1055607,320.0,481.0,1,16231,5
541,1055608,785.2000122070312,475.70001220703125,4,16232,0
541,1055609,505.5,415.5,1,16232,1
541,1055610,38.0,473.5,1,16232,2
541,1055611,922.5,474.0,2,16232,3
541,1055612,534.25,477.25,3,16232,4
541,1055613,320.0,481.0,1,16232,5
541,1055614,1747.3333740234375,456.75,3,16233,0
541,1055615,922.5,474.0,2,16233,1
541,1055616,562.0,478.5,1,16233,2
541,1055617,1674.5,442.0,2,16233,3
541,1055618,523.1666870117188,362.33331298828125,3,16234,0
541,1055619,524.8333129882812,358.0,3,16234,1
541,1055620,1657.25,463.75,2,16235,0
541,1055621,922.5,474.0,2,16235,1
541,1055622,534.25,477.25,2,16235,2
541,1055623,1674.5,442.0,1,16235,3
541,1055624,1781.0,457.6999816894531,5,16236,0
541,1055625,922.5,474.0,2,16236,1
541,1055626,1740.3333740234375,477.75,3,16236,2
541,1055627,785.2000122070312,475.70001220703125,4,16237,0
541,1055628,505.5,415.5,1,16237,1
541,1055629,38.0,473.5,1,16237,2
541,1055630,922.5,474.0,2,16237,3
541,1055631,534.25,477.25,3,16237,4
541,1055632,320.0,481.0,1,16237,5
541,1055633,38.0,473.5,1,16238,0
541,1055634,776.25,476.1666564941406,2,16238,1
541,1055635,505.5,415.5,1,16239,0
541,1055636,785.2000122070312,475.70001220703125,4,16239,1
541,1055637,989.5,475.5,1,16239,2
541,1055638,320.0,481.0,2,16239,3
541,1055639,517.0,378.5,1,16239,4
541,1055640,525.25,371.0,2,16239,5
541,1055641,1838.625,463.0,4,16240,0
541,1055642,920.5,469.5,1,16240,1
541,1055643,1775.2916259765625,478.75,3,16240,2
541,1055644,1801.75,450.875,4,16241,0
541,1055645,920.5,469.5,1,16241,1
541,1055646,1775.2916259765625,478.75,3,16241,2
541,1055647,1056.5,469.0,1,16242,0
541,1055648,1200.5,466.5,1,16242,1
541,1055649,922.5,474.0,2,16242,2
541,1055650,534.25,477.25,2,16242,3
541,1055651,320.0,481.0,1,16242,4
541,1055652,1446.75,460.5,2,16243,0
541,1055653,1689.0,482.5,1,16243,1
541,1055654,922.5,474.0,2,16243,2
541,1055655,534.25,477.25,2,16243,3
541,1055656,320.0,481.0,1,16243,4
541,1055657,922.5,474.0,2,16244,0
541,1055658,166.0,539.0,1,16244,1
541,1055659,1674.5,442.0,3,16244,2
541,1055660,1562.5,506.5,1,16244,3
541,1055661,1769.9000244140625,461.1285705566406,5,16244,4
541,1055662,785.2000122070312,475.70001220703125,4,16244,5
541,1055663,1424.8333740234375,462.75,2,16244,6
541,1055664,1200.5,466.5,1,16244,7
541,1055665,1023.0,472.25,2,16244,8
541,1055666,1809.0833740234375,490.6666564941406,2,16245,0
541,1055667,1331.5,570.0,1,16245,1
541,1055668,1812.5,467.1000061035156,5,16245,2
541,1055669,1775.2916259765625,478.75,4,16246,0
541,1055670,1331.5,570.0,1,16246,1
541,1055671,1868.333251953125,467.5,3,16246,2
541,1055672,1889.4166259765625,475.5,3,16247,0
541,1055673,1809.0833740234375,490.6666564941406,2,16247,1
541,1055674,1331.5,570.0,1,16247,2
541,1055675,920.5,469.5,1,16247,3
541,1055676,1809.0833740234375,490.6666564941406,2,16248,0
541,1055677,1331.5,570.0,1,16248,1
541,1055678,1812.5,467.1000061035156,5,16248,2
541,1055679,922.5,474.0,2,16249,0
541,1055680,534.25,477.25,3,16249,1
541,1055681,1562.5,506.5,2,16249,2
541,1055682,803.2916870117188,474.8333435058594,3,16249,3
541,1055683,1424.8333740234375,462.75,2,16249,4
541,1055684,1699.5833740234375,455.3333435058594,3,16249,5
541,1055685,1200.5,466.5,1,16249,6
541,1055686,1023.0,472.25,2,16249,7
541,1055687,534.25,477.25,3,16250,0
541,1055688,924.5,478.5,1,16250,1
541,1055689,785.2000122070312,475.70001220703125,4,16250,2
541,1055690,1424.8333740234375,462.75,2,16250,3
541,1055691,1674.5,457.0,2,16250,4
541,1055692,1200.5,466.5,1,16250,5
541,1055693,1023.0,472.25,2,16250,6
541,1055694,534.25,477.25,3,16251,0
541,1055695,924.5,478.5,1,16251,1
541,1055696,785.2000122070312,475.70001220703125,4,16251,2
541,1055697,1424.8333740234375,462.75,2,16251,3
541,1055698,1657.25,463.75,2,16251,4
541,1055699,1200.5,466.5,1,16251,5
541,1055700,1023.0,472.25,2,16251,6
541,1055701,1331.5,570.0,1,16252,0
541,1055702,1562.5,506.5,1,16252,1
541,1055703,1809.0833740234375,490.6666564941406,2,16252,2
541,1055704,1883.0,489.25,2,16252,3
541,1055705,320.0,481.0,2,16253,0
541,1055706,785.2000122070312,475.70001220703125,4,16253,1
541,1055707,1424.8333740234375,462.75,2,16253,2
541,1055708,1689.0,482.5,1,16253,3
541,1055709,1200.5,466.5,1,16253,4
541,1055710,1023.0,472.25,2,16253,5
541,1055711,505.5,415.5,1,16253,6
541,1055712,166.0,539.0,1,16254,0
541,1055713,1562.5,506.5,1,16254,1
541,1055714,920.5,469.5,1,16254,2
551,1055539,518.75,375.625,4,16217,0
551,1055540,524.8333129882812,358.0,3,16217,1
551,1055541,803.2916870117188,474.8333435058594,3,16218,0
551,1055542,989.5,475.5,1,16218,1
551,1055543,505.5,415.5,1,16218,2
551,1055544,922.5,474.0,2,16218,3
551,1055545,534.25,477.25,3,16218,4
551,1055546,320.0,481.0,1,16218,5
551,1055547,1402.75,466.0,2,16219,0
551,1055548,1689.0,482.5,1,16219,1
551,1055549,1200.5,466.5,1,16219,2
551,1055550,922.5,474.0,2,16219,3
551,1055551,534.25,477.25,2,16219,4
551,1055552,320.0,481.0,1,16219,5
551,1055553,1674.5,442.0,2,16220,0
551,1055554,920.5,469.5,1,16220,1
551,1055555,1753.0,455.5416564941406,4,16220,2
551,1055556,1879.5,481.5,1,16220,3
551,1055557,509.5,361.25,3,16221,0
551,1055558,519.75,360.4166564941406,2,16221,1
551,1055559,518.75,375.625,4,16222,0
551,1055560,524.8333129882812,358.0,3,16222,1
551,1055561,1424.8333740234375,462.75,2,16223,0
551,1055562,1689.0,482.5,1,16223,1
551,1055563,922.5,474.0,2,16223,2
551,1055564,534.25,477.25,2,16223,3
551,1055565,320.0,481.0,1,16223,4
551,1055566,524.8333129882812,358.0,3,16224,0
551,1055567,518.75,375.625,4,16224,1
551,1055568,1562.5,506.5,1,16225,0
551,1055569,922.5,474.0,2,16225,1
551,1055570,1331.5,570.0,1,16225,2
551,1055571,166.0,539.0,1,16225,3
551,1055572,1689.0,482.5,1,16225,4
551,1055573,785.2000122070312,475.70001220703125,4,16226,0
551,1055574,989.5,475.5,1,16226,1
551,1055575,505.5,415.5,1,16226,2
551,1055576,922.5,474.0,2,16226,3
551,1055577,534.25,477.25,3,16226,4
551,1055578,320.0,481.0,1,16226,5
551,1055579,769.4166870117188,475.7083435058594,3,16227,0
551,1055580,505.5,415.5,1,16227,1
551,1055581,38.0,473.5,1,16227,2
551,1055582,920.5,469.5,1,16227,3
551,1055583,534.25,477.25,2,16227,4
551,1055584,320.0,481.0,2,16227,5
551,1055585,1699.5833740234375,455.3333435058594,3,16228,0
551,1055586,1200.5,466.5,1,16228,1
551,1055587,1424.8333740234375,462.75,2,16228,2
551,1055588,922.5,474.0,2,16228,3
551,1055589,1740.3333740234375,477.75,2,16228,4
551,1055590,534.25,477.25,2,16228,5
551,1055591,320.0,481.0,1,16228,6
551,1055592,1562.5,506.5,2,16228,7
551,1055593,536.0,364.75,3,16229,0
551,1055594,519.75,360.4166564941406,2,16229,1
551,1055595,1200.5,466.5,1,16230,0
551,1055596,1056.5,469.0,1,16230,1
551,1055597,1379.0,467.5,1,16230,2
551,1055598,1689.0,482.5,1,16230,3
551,1055599,922.5,474.0,2,16230,4
551,1055600,534.25,477.25,2,16230,5
551,1055601,320.0,481.0,1,16230,6
551,1055602,989.5,475.5,1,16231,0
551,1055603,505.5,415.5,1,16231,1
551,1055604,797.5,475.5,2,16231,2
551,1055605,922.5,474.0,2,16231,3
551,1055606,534.25,477.25,2,16231,4
551,1055607,320.0,481.0,1,16231,5
551,1055608,785.2000122070312,475.70001220703125,4,16232,0
551,1055609,505.5,415.5,1,16232,1
551,1055610,38.0,473.5,1,16232,2
551,1055611,922.5,474.0,2,16232,3
551,1055612,534.25,477.25,3,16232,4
551,1055613,320.0,481.0,1,16232,5
551,1055614,1747.3333740234375,456.75,3,16233,0
551,1055615,922.5,474.0,2,16233,1
551,1055616,562.0,478.5,1,16233,2
551,1055617,1674.5,442.0,2,16233,3
551,1055618,523.1666870117188,362.33331298828125,3,16234,0
551,1055619,524.8333129882812,358.0,3,16234,1
551,1055620,1657.25,463.75,2,16235,0
551,1055621,922.5,474.0,2,16235,1
551,1055622,534.25,477.25,2,16235,2
551,1055623,1674.5,442.0,1,16235,3
551,1055624,1781.0,457.6999816894531,5,16236,0
551,1055625,922.5,474.0,2,16236,1
551,1055626,1740.3333740234375,477.75,3,16236,2
551,1055627,785.2000122070312,475.70001220703125,4,16237,0
551,1055628,505.5,415.5,1,16237,1
551,1055629,38.0,473.5,1,16237,2
551,1055630,922.5,474.0,2,16237,3
551,1055631,534.25,477.25,3,16237,4
551,1055632,320.0,481.0,1,16237,5
551,1055633,38.0,473.5,1,16238,0
551,1055634,776.25,476.1666564941406,2,16238,1
551,1055635,505.5,415.5,1,16239,0
551,1055636,785.2000122070312,475.70001220703125,4,16239,1
551,1055637,989.5,475.5,1,16239,2
551,1055638,320.0,481.0,2,16239,3
551,1055639,517.0,378.5,1,16239,4
551,1055640,525.25,371.0,2,16239,5
551,1055641,1838.625,463.0,4,16240,0
551,1055642,920.5,469.5,1,16240,1
551,1055643,1775.2916259765625,478.75,3,16240,2
551,1055644,1801.75,450.875,4,16241,0
551,1055645,920.5,469.5,1,16241,1
551,1055646,1775.2916259765625,478.75,3,16241,2
551,1055647,1056.5,469.0,1,16242,0
551,1055648,1200.5,466.5,1,16242,1
551,1055649,922.5,474.0,2,16242,2
551,1055650,534.25,477.25,2,16242,3
551,1055651,320.0,481.0,1,16242,4
551,1055652,1446.75,460.5,2,16243,0
551,1055653,1689.0,482.5,1,16243,1
551,1055654,922.5,474.0,2,16243,2
551,1055655,534.25,477.25,2,16243,3
551,1055656,320.0,481.0,1,16243,4
551,1055657,922.5,474.0,2,16244,0
551,1055658,166.0,539.0,1,16244,1
551,1055659,1674.5,442.0,3,16244,2
551,1055660,1562.5,506.5,1,16244,3
551,1055661,1769.9000244140625,461.1285705566406,5,16244,4
551,1055662,785.2000122070312,475.70001220703125,4,16244,5
551,1055663,1424.8333740234375,462.75,2,16244,6
551,1055664,1200.5,466.5,1,16244,7
551,1055665,1023.0,472.25,2,16244,8
551,1055666,1809.0833740234375,490.6666564941406,2,16245,0
551,1055667,1331.5,570.0,1,16245,1
551,1055668,1812.5,467.1000061035156,5,16245,2
551,1055669,1775.2916259765625,478.75,4,16246,0
551,1055670,1331.5,570.0,1,16246,1
551,1055671,1868.333251953125,467.5,3,16246,2
551,1055672,1889.4166259765625,475.5,3,16247,0
551,1055673,1809.0833740234375,490.6666564941406,2,16247,1
551,1055674,1331.5,570.0,1,16247,2
551,1055675,920.5,469.5,1,16247,3
551,1055676,1809.0833740234375,490.6666564941406,2,16248,0
551,1055677,1331.5,570.0,1,16248,1
551,1055678,1812.5,467.1000061035156,5,16248,2
551,1055679,922.5,474.0,2,16249,0
551,1055680,534.25,477.25,3,16249,1
551,1055681,1562.5,506.5,2,16249,2
551,1055682,803.2916870117188,474.8333435058594,3,16249,3
551,1055683,1424.8333740234375,462.75,2,16249,4
551,1055684,1699.5833740234375,455.3333435058594,3,16249,5
551,1055685,1200.5,466.5,1,16249,6
551,1055686,1023.0,472.25,2,16249,7
551,1055687,534.25,477.25,3,16250,0
551,1055688,924.5,478.5,1,16250,1
551,1055689,785.2000122070312,475.70001220703125,4,16250,2
551,1055690,1424.8333740234375,462.75,2,16250,3
551,1055691,1674.5,457.0,2,16250,4
551,1055692,1200.5,466.5,1,16250,5
551,1055693,1023.0,472.25,2,16250,6
551,1055694,534.25,477.25,3,16251,0
551,1055695,924.5,478.5,1,16251,1
551,1055696,785.2000122070312,475.70001220703125,4,16251,2
551,1055697,1424.8333740234375,462.75,2,16251,3
551,1055698,1657.25,463.75,2,16251,4
551,1055699,1200.5,466.5,1,16251,5
551,1055700,1023.0,472.25,2,16251,6
551,1055701,1331.5,570.0,1,16252,0
551,1055702,1562.5,506.5,1,16252,1
551,1055703,1809.0833740234375,490.6666564941406,2,16252,2
551,1055704,1883.0,489.25,2,16252,3
551,1055705,320.0,481.0,2,16253,0
551,1055706,785.2000122070312,475.70001220703125,4,16253,1
551,1055707,1424.8333740234375,462.75,2,16253,2
551,1055708,1689.0,482.5,1,16253,3
551,1055709,1200.5,466.5,1,16253,4
551,1055710,1023.0,472.25,2,16253,5
551,1055711,505.5,415.5,1,16253,6
551,1055712,166.0,539.0,1,16254,0
551,1055713,1562.5,506.5,1,16254,1
551,1055714,920.5,469.5,1,16254,2
561,1055539,518.75,375.625,4,16217,0
561,1055540,524.8333129882812,358.0,3,16217,1
561,1055541,803.2916870117188,474.8333435058594,3,16218,0
561,1055542,989.5,475.5,1,16218,1
561,1055543,505.5,415.5,1,16218,2
561,1055544,922.5,474.0,2,16218,3
561,1055545,534.25,477.25,3,16218,4
561,1055546,320.0,481.0,1,16218,5
561,1055547,1402.75,466.0,2,16219,0
561,1055548,1689.0,482.5,1,16219,1
561,1055549,1200.5,466.5,1,16219,2
561,1055550,922.5,474.0,2,16219,3
561,1055551,534.25,477.25,2,16219,4
561,1055552,320.0,481.0,1,16219,5
561,1055553,1674.5,442.0,2,16220,0
561,1055554,920.5,469.5,1,16220,1
561,1055555,1753.0,455.5416564941406,4,16220,2
561,1055556,1879.5,481.5,1,16220,3
561,1055557,509.5,361.25,3,16221,0
561,1055558,519.75,360.4166564941406,2,16221,1
561,1055559,518.75,375.625,4,16222,0
561,1055560,524.8333129882812,358.0,3,16222,1
561,1055561,1424.8333740234375,462.75,2,16223,0
561,1055562,1689.0,482.5,1,16223,1
561,1055563,922.5,474.0,3,16223,2
561,1055564,534.25,477.25,2,16223,3
561,1055565,320.0,481.0,1,16223,4
561,1055566,524.8333129882812,358.0,3,16224,0
561,1055567,518.75,375.625,4,16224,1
561,1055568,1562.5,506.5,1,16225,0
561,1055569,922.5,474.0,2,16225,1
561,1055570,1331.5,570.0,1,16225,2
561,1055571,166.0,539.0,1,16225,3
561,1055572,1689.0,482.5,1,16225,4
561,1055573,785.2000122070312,475.70001220703125,4,16226,0
561,1055574,989.5,475.5,1,16226,1
561,1055575,505.5,415.5,1,16226,2
561,1055576,922.5,474.0,2,16226,3
561,1055577,534.25,477.25,3,16226,4
561,1055578,320.0,481.0,1,16226,5
561,1055579,769.4166870117188,475.7083435058594,3,16227,0
561,1055580,505.5,415.5,1,16227,1
561,1055581,38.0,473.5,1,16227,2
561,1055582,920.5,469.5,1,16227,3
561,1055583,534.25,477.25,2,16227,4
561,1055584,320.0,481.0,2,16227,5
561,1055585,1699.5833740234375,455.3333435058594,3,16228,0
561,1055586,1200.5,466.5,1,16228,1
561,1055587,1424.8333740234375,462.75,2,16228,2
561,1055588,922.5,474.0,3,16228,3
561,1055589,1740.3333740234375,477.75,2,16228,4
561,1055590,534.25,477.25,2,16228,5
561,1055591,320.0,481.0,1,16228,6
561,1055592,1562.5,506.5,2,16228,7
561,1055593,536.0,364.75,3,16229,0
561,1055594,519.75,360.4166564941406,2,16229,1
561,1055595,1200.5,466.5,1,16230,0
561,1055596,1056.5,469.0,1,16230,1
561,1055597,1379.0,467.5,1,16230,2
561,1055598,1689.0,482.5,1,16230,3
561,1055599,922.5,474.0,2,16230,4
561,1055600,534.25,477.25,2,16230,5
561,1055601,320.0,481.0,1,16230,6
561,1055602,989.5,475.5,1,16231,0
561,1055603,505.5,415.5,1,16231,1
561,1055604,797.5,475.5,2,16231,2
561,1055605,922.5,474.0,2,16231,3
561,1055606,534.25,477.25,2,16231,4
561,1055607,320.0,481.0,1,16231,5
561,1055608,785.2000122070312,475.70001220703125,4,16232,0
561,1055609,505.5,415.5,1,16232,1
561,1055610,38.0,473.5,1,16232,2
561,1055611,922.5,474.0,2,16232,3
561,1055612,534.25,477.25,3,16232,4
561,1055613,320.0,481.0,1,16232,5
561,1055614,1747.3333740234375,456.75,3,16233,0
561,1055615,922.5,474.0,2,16233,1
561,1055616,562.0,478.5,1,16233,2
561,1055617,1674.5,442.0,2,16233,3
561,1055618,523.1666870117188,362.33331298828125,3,16234,0
561,1055619,524.8333129882812,358.0,3,16234,1
561,1055620,1657.25,463.75,2,16235,0
561,1055621,922.5,474.0,2,16235,1
561,1055622,534.25,477.25,2,16235,2
561,1055623,1674.5,442.0,1,16235,3
561,1055624,1781.0,457.6999816894531,5,16236,0
561,1055625,922.5,474.0,2,16236,1
561,1055626,1740.3333740234375,477.75,3,16236,2
561,1055627,785.2000122070312,475.70001220703125,4,16237,0
561,1055628,505.5,415.5,1,16237,1
561,1055629,38.0,473.5,1,16237,2
561,1055630,922.5,474.0,2,16237,3
561,1055631,534.25,477.25,3,16237,4
561,1055632,320.0,481.0,1,16237,5
561,1055633,38.0,473.5,1,16238,0
561,1055634,776.25,476.1666564941406,2,16238,1
561,1055635,505.5,415.5,1,16239,0
561,1055636,785.2000122070312,475.70001220703125,4,16239,1
561,1055637,989.5,475.5,1,16239,2
561,1055638,320.0,481.0,2,16239,3
561,1055639,517.0,378.5,1,16239,4
561,1055640,525.25,371.0,2,16239,5
561,1055641,1838.625,463.0,4,16240,0
561,1055642,920.5,469.5,1,16240,1
561,1055643,1775.2916259765625,478.75,3,16240,2
561,1055644,1801.75,450.875,4,16241,0
561,1055645,920.5,469.5,1,16241,1
561,1055646,1775.2916259765625,478.75,3,16241,2
561,1055647,1056.5,469.0,1,16242,0
561,1055648,1200.5,466.5,1,16242,1
561,1055649,922.5,474.0,2,16242,2
561,1055650,534.25,477.25,2,16242,3
561,1055651,320.0,481.0,1,16242,4
561,1055652,1446.75,460.5,2,16243,0
561,1055653,1689.0,482.5,1,16243,1
561,1055654,922.5,474.0,2,16243,2
561,1055655,534.25,477.25,2,16243,3
561,1055656,320.0,481.0,1,16243,4
561,1055657,922.5,474.0,3,16244,0
561,1055658,166.0,539.0,2,16244,1
561,1055659,1674.5,442.0,3,16244,2
561,1055660,1562.5,506.5,1,16244,3
561,1055661,1769.9000244140625,461.1285705566406,5,16244,4
561,1055662,785.2000122070312,475.70001220703125,4,16244,5
561,1055663,1424.8333740234375,462.75,2,16244,6
561,1055664,1200.5,466.5,1,16244,7
561,1055665,1023.0,472.25,2,16244,8
561,1055666,1809.0833740234375,490.6666564941406,2,16245,0
561,1055667,1331.5,570.0,1,16245,1
561,1055668,1812.5,467.1000061035156,5,16245,2
561,1055669,1775.2916259765625,478.75,4,16246,0
561,1055670,1331.5,570.0,1,16246,1
561,1055671,1868.333251953125,467.5,3,16246,2
561,1055672,1889.4166259765625,475.5,3,16247,0
561,1055673,1809.0833740234375,490.6666564941406,2,16247,1
561,1055674,1331.5,570.0,1,16247,2
561,1055675,920.5,469.5,1,16247,3
561,1055676,1809.0833740234375,490.6666564941406,2,16248,0
561,1055677,1331.5,570.0,1,16248,1
561,1055678,1812.5,467.1000061035156,5,16248,2
561,1055679,922.5,474.0,3,16249,0
561,1055680,534.25,477.25,3,16249,1
561,1055681,1562.5,506.5,2,16249,2
561,1055682,803.2916870117188,474.8333435058594,3,16249,3
561,1055683,1424.8333740234375,462.75,2,16249,4
561,1055684,1699.5833740234375,455.3333435058594,3,16249,5
561,1055685,1200.5,466.5,1,16249,6
561,1055686,1023.0,472.25,2,16249,7
561,1055687,534.25,477.25,3,16250,0
561,1055688,924.5,478.5,2,16250,1
561,1055689,785.2000122070312,475.70001220703125,4,16250,2
561,1055690,1424.8333740234375,462.75,2,16250,3
561,1055691,1674.5,457.0,2,16250,4
561,1055692,1200.5,466.5,1,16250,5
561,1055693,1023.0,472.25,2,16250,6
561,1055694,534.25,477.25,3,16251,0
561,1055695,924.5,478.5,2,16251,1
561,1055696,785.2000122070312,475.70001220703125,4,16251,2
561,1055697,1424.8333740234375,462.75,2,16251,3
561,1055698,1657.25,463.75,2,16251,4
561,1055699,1200.5,466.5,1,16251,5
561,1055700,1023.0,472.25,2,16251,6
561,1055701,1331.5,570.0,1,16252,0
561,1055702,1562.5,506.5,1,16252,1
561,1055703,1809.0833740234375,490.6666564941406,2,16252,2
561,1055704,1883.0,489.25,2,16252,3
561,1055705,320.0,481.0,2,16253,0
561,1055706,785.2000122070312,475.70001220703125,4,16253,1
561,1055707,1424.8333740234375,462.75,2,16253,2
561,1055708,1689.0,482.5,1,16253,3
561,1055709,1200.5,466.5,1,16253,4
561,1055710,1023.0,472.25,2,16253,5
561,1055711,505.5,415.5,1,16253,6
561,1055712,166.0,539.0,1,16254,0
561,1055713,1562.5,506.5,1,16254,1
561,1055714,920.5,469.5,1,16254,2
571,1055539,518.75,375.625,4,16217,0
571,1055540,524.8333129882812,358.0,3,16217,1
571,1055541,803.2916870117188,474.8333435058594,3,16218,0
571,1055542,989.5,475.5,1,16218,1
571,1055543,505.5,415.5,1,16218,2
571,1055544,922.5,474.0,2,16218,3
571,1055545,534.25,477.25,3,16218,4
571,1055546,320.0,481.0,1,16218,5
571,1055547,1402.75,466.0,2,16219,0
571,1055548,1689.0,482.5,1,16219,1
571,1055549,1200.5,466.5,1,16219,2
571,1055550,922.5,474.0,2,16219,3
571,1055551,534.25,477.25,2,16219,4
571,1055552,320.0,481.0,1,16219,5
571,1055553,1674.5,442.0,2,16220,0
571,1055554,920.5,469.5,1,16220,1
571,1055555,1753.0,455.5416564941406,4,16220,2
571,1055556,1879.5,481.5,1,16220,3
571,1055557,509.5,361.25,3,16221,0
571,1055558,519.75,360.4166564941406,2,16221,1
571,1055559,518.75,375.625,4,16222,0
571,1055560,524.8333129882812,358.0,3,16222,1
571,1055561,1424.8333740234375,462.75,2,16223,0
571,1055562,1689.0,482.5,1,16223,1
571,1055563,922.5,474.0,3,16223,2
571,1055564,534.25,477.25,2,16223,3
571,1055565,320.0,481.0,1,16223,4
571,1055566,524.8333129882812,358.0,3,16224,0
571,1055567,518.75,375.625,4,16224,1
571,1055568,1562.5,506.5,1,16225,0
571,1055569,922.5,474.0,2,16225,1
571,1055570,1331.5,570.0,1,16225,2
571,1055571,166.0,539.0,1,16225,3
571,1055572,1689.0,482.5,1,16225,4
571,1055573,785.2000122070312,475.70001220703125,4,16226,0
571,1055574,989.5,475.5,1,16226,1
571,1055575,505.5,415.5,1,16226,2
571,1055576,922.5,474.0,2,16226,3
571,1055577,534.25,477.25,3,16226,4
571,1055578,320.0,481.0,1,16226,5
571,1055579,769.4166870117188,475.7083435058594,3,16227,0
571,1055580,505.5,415.5,1,16227,1
571,1055581,38.0,473.5,1,16227,2
571,1055582,920.5,469.5,1,16227,3
571,1055583,534.25,477.25,2,16227,4
571,1055584,320.0,481.0,2,16227,5
571,1055585,1699.5833740234375,455.3333435058594,3,16228,0
571,1055586,1200.5,466.5,1,16228,1
571,1055587,1424.8333740234375,462.75,2,16228,2
571,1055588,922.5,474.0,3,16228,3
571,1055589,1740.3333740234375,477.75,2,16228,4
571,1055590,534.25,477.25,2,16228,5
571,1055591,320.0,481.0,1,16228,6
571,1055592,1562.5,506.5,2,16228,7
571,1055593,536.0,364.75,3,16229,0
571,1055594,519.75,360.4166564941406,2,16229,1
571,1055595,1200.5,466.5,1,16230,0
571,1055596,1056.5,469.0,1,16230,1
571,1055597,1379.0,467.5,1,16230,2
571,1055598,1689.0,482.5,1,16230,3
571,1055599,922.5,474.0,2,16230,4
571,1055600,534.25,477.25,2,16230,5
571,1055601,320.0,481.0,1,16230,6
571,1055602,989.5,475.5,1,16231,0
571,1055603,505.5,415.5,1,16231,1
571,1055604,797.5,475.5,2,16231,2
571,1055605,922.5,474.0,2,16231,3
571,1055606,534.25,477.25,2,16231,4
571,1055607,320.0,481.0,1,16231,5
571,1055608,785.2000122070312,475.70001220703125,4,16232,0
571,1055609,505.5,415.5,1,16232,1
571,1055610,38.0,473.5,1,16232,2
571,1055611,922.5,474.0,2,16232,3
571,1055612,534.25,477.25,3,16232,4
571,1055613,320.0,481.0,1,16232,5
571,1055614,1747.3333740234375,456.75,3,16233,0
571,1055615,922.5,474.0,2,16233,1
571,1055616,562.0,478.5,1,16233,2
571,1055617,1674.5,442.0,2,16233,3
571,1055618,523.1666870117188,362.33331298828125,3,16234,0
571,1055619,524.8333129882812,358.0,3,16234,1
571,1055620,1657.25,463.75,2,16235,0
571,1055621,922.5,474.0,2,16235,1
571,1055622,534.25,477.25,2,16235,2
571,1055623,1674.5,442.0,1,16235,3
571,1055624,1781.0,457.6999816894531,5,16236,0
571,1055625,922.5,474.0,2,16236,1
571,1055626,1740.3333740234375,477.75,3,16236,2
571,1055627,785.2000122070312,475.70001220703125,4,16237,0
571,1055628,505.5,415.5,1,16237,1
571,1055629,38.0,473.5,1,16237,2
571,1055630,922.5,474.0,2,16237,3
571,1055631,534.25,477.25,3,16237,4
571,1055632,320.0,481.0,1,16237,5
571,1055633,38.0,473.5,1,16238,0
571,1055634,776.25,476.1666564941406,2,16238,1
571,1055635,505.5,415.5,1,16239,0
571,1055636,785.2000122070312,475.70001220703125,4,16239,1
571,1055637,989.5,475.5,1,16239,2
571,1055638,320.0,481.0,2,16239,3
571,1055639,517.0,378.5,1,16239,4
571,1055640,525.25,371.0,2,16239,5
571,1055641,1838.625,463.0,4,16240,0
571,1055642,920.5,469.5,1,16240,1
571,1055643,1775.2916259765625,478.75,3,16240,2
571,1055644,1801.75,450.875,4,16241,0
571,1055645,920.5,469.5,1,16241,1
571,1055646,1775.2916259765625,478.75,3,16241,2
571,1055647,1056.5,469.0,1,16242,0
571,1055648,1200.5,466.5,1,16242,1
571,1055649,922.5,474.0,2,16242,2
571,1055650,534.25,477.25,2,16242,3
571,1055651,320.0,481.0,1,16242,4
571,1055652,1446.75,460.5,2,16243,0
571,1055653,1689.0,482.5,1,16243,1
571,1055654,922.5,474.0,2,16243,2
571,1055655,534.25,477.25,2,16243,3
571,1055656,320.0,481.0,1,16243,4
571,1055657,922.5,474.0,3,16244,0
571,1055658,166.0,539.0,2,16244,1
571,1055659,1674.5,442.0,3,16244,2
571,1055660,1562.5,506.5,1,16244,3
571,1055661,1769.9000244140625,461.1285705566406,5,16244,4
571,1055662,785.2000122070312,475.70001220703125,4,16244,5
571,1055663,1424.8333740234375,462.75,2,16244,6
571,1055664,1200.5,466.5,1,16244,7
571,1055665,1023.0,472.25,2,16244,8
571,1055666,1809.0833740234375,490.6666564941406,2,16245,0
571,1055667,1331.5,570.0,1,16245,1
571,1055668,1812.5,467.1000061035156,5,16245,2
571,1055669,1775.2916259765625,478.75,4,16246,0
571,1055670,1331.5,570.0,1,16246,1
571,1055671,1868.333251953125,467.5,3,16246,2
571,1055672,1889.4166259765625,475.5,3,16247,0
571,1055673,1809.0833740234375,490.6666564941406,2,16247,1
571,1055674,1331.5,570.0,1,16247,2
571,1055675,920.5,469.5,1,16247,3
571,1055676,1809.0833740234375,490.6666564941406,2,16248,0
571,1055677,1331.5,570.0,1,16248,1
571,1055678,1812.5,467.1000061035156,5,16248,2
571,1055679,922.5,474.0,3,16249,0
571,1055680,534.25,477.25,3,16249,1
571,1055681,1562.5,506.5,2,16249,2
571,1055682,803.2916870117188,474.8333435058594,3,16249,3
571,1055683,1424.8333740234375,462.75,2,16249,4
571,1055684,1699.5833740234375,455.3333435058594,3,16249,5
571,1055685,1200.5,466.5,1,16249,6
571,1055686,1023.0,472.25,2,16249,7
571,1055687,534.25,477.25,3,16250,0
571,1055688,924.5,478.5,2,16250,1
571,1055689,785.2000122070312,475.70001220703125,4,16250,2
571,1055690,1424.8333740234375,462.75,2,16250,3
571,1055691,1674.5,457.0,2,16250,4
571,1055692,1200.5,466.5,1,16250,5
571,1055693,1023.0,472.25,2,16250,6
571,1055694,534.25,477.25,3,16251,0
571,1055695,924.5,478.5,2,16251,1
571,1055696,785.2000122070312,475.70001220703125,4,16251,2
571,1055697,1424.8333740234375,462.75,2,16251,3
571,1055698,1657.25,463.75,2,16251,4
571,1055699,1200.5,466.5,1,16251,5
571,1055700,1023.0,472.25,2,16251,6
571,1055701,1331.5,570.0,1,16252,0
571,1055702,1562.5,506.5,1,16252,1
571,1055703,1809.0833740234375,490.6666564941406,2,16252,2
571,1055704,1883.0,489.25,2,16252,3
571,1055705,320.0,481.0,2,16253,0
571,1055706,785.2000122070312,475.70001220703125,4,16253,1
571,1055707,1424.8333740234375,462.75,2,16253,2
571,1055708,1689.0,482.5,1,16253,3
571,1055709,1200.5,466.5,1,16253,4
571,1055710,1023.0,472.25,2,16253,5
571,1055711,505.5,415.5,1,16253,6
571,1055712,166.0,539.0,1,16254,0
571,1055713,1562.5,506.5,1,16254,1
571,1055714,920.5,469.5,1,16254,2
581,1055539,518.75,375.625,4,16217,0
581,1055540,524.8333129882812,358.0,3,16217,1
581,1055541,803.2916870117188,474.8333435058594,3,16218,0
581,1055542,989.5,475.5,1,16218,1
581,1055543,505.5,415.5,1,16218,2
581,1055544,922.5,474.0,2,16218,3
581,1055545,534.25,477.25,3,16218,4
581,1055546,320.0,481.0,1,16218,5
581,1055547,1402.75,466.0,2,16219,0
581,1055548,1689.0,482.5,1,16219,1
581,1055549,1200.5,466.5,1,16219,2
581,1055550,922.5,474.0,2,16219,3
581,1055551,534.25,477.25,2,16219,4
581,1055552,320.0,481.0,1,16219,5
581,1055553,1674.5,442.0,2,16220,0
581,1055554,920.5,469.5,1,16220,1
581,1055555,1753.0,455.5416564941406,4,16220,2
581,1055556,1879.5,481.5,1,16220,3
581,1055557,509.5,361.25,3,16221,0
581,1055558,519.75,360.4166564941406,2,16221,1
581,1055559,518.75,375.625,4,16222,0
581,1055560,524.8333129882812,358.0,3,16222,1
581,1055561,1424.8333740234375,462.75,2,16223,0
581,1055562,1689.0,482.5,1,16223,1
581,1055563,922.5,474.0,3,16223,2
581,1055564,534.25,477.25,2,16223,3
581,1055565,320.0,481.0,1,16223,4
581,1055566,524.8333129882812,358.0,3,16224,0
581,1055567,518.75,375.625,4,16224,1
581,1055568,1562.5,506.5,1,16225,0
581,1055569,922.5,474.0,2,16225,1
581,1055570,1331.5,570.0,1,16225,2
581,1055571,166.0,539.0,1,16225,3
581,1055572,1689.0,482.5,1,16225,4
581,1055573,785.2000122070312,475.70001220703125,4,16226,0
581,1055574,989.5,475.5,1,16226,1
581,1055575,505.5,415.5,1,16226,2
581,1055576,922.5,474.0,2,16226,3
581,1055577,534.25,477.25,3,16226,4
581,1055578,320.0,481.0,1,16226,5
581,1055579,769.4166870117188,475.7083435058594,3,16227,0
581,1055580,505.5,415.5,1,16227,1
581,1055581,38.0,473.5,1,16227,2
581,1055582,920.5,469.5,1,16227,3
581,1055583,534.25,477.25,2,16227,4
581,1055584,320.0,481.0,2,16227,5
581,1055585,1699.5833740234375,455.3333435058594,3,16228,0
581,1055586,1200.5,466.5,1,16228,1
581,1055587,1424.8333740234375,462.75,2,16228,2
581,1055588,922.5,474.0,3,16228,3
581,1055589,1740.3333740234375,477.75,2,16228,4
581,1055590,534.25,477.25,2,16228,5
581,1055591,320.0,481.0,1,16228,6
581,1055592,1562.5,506.5,2,16228,7
581,1055593,536.0,364.75,3,16229,0
581,1055594,519.75,360.4166564941406,2,16229,1
581,1055595,1200.5,466.5,1,16230,0
581,1055596,1056.5,469.0,1,16230,1
581,1055597,1379.0,467.5,1,16230,2
581,1055598,1689.0,482.5,1,16230,3
581,1055599,922.5,474.0,2,16230,4
581,1055600,534.25,477.25,2,16230,5
581,1055601,320.0,481.0,1,16230,6
581,1055602,989.5,475.5,1,16231,0
581,1055603,505.5,415.5,1,16231,1
581,1055604,797.5,475.5,2,16231,2
581,1055605,922.5,474.0,2,16231,3
581,1055606,534.25,477.25,2,16231,4
581,1055607,320.0,481.0,1,16231,5
581,1055608,785.2000122070312,475.70001220703125,4,16232,0
581,1055609,505.5,415.5,1,16232,1
581,1055610,38.0,473.5,1,16232,2
581,1055611,922.5,474.0,2,16232,3
581,1055612,534.25,477.25,3,16232,4
581,1055613,320.0,481.0,1,16232,5
581,1055614,1747.3333740234375,456.75,3,16233,0
581,1055615,922.5,474.0,2,16233,1
581,1055616,562.0,478.5,1,16233,2
581,1055617,1674.5,442.0,2,16233,3
581,1055618,523.1666870117188,362.33331298828125,3,16234,0
581,1055619,524.8333129882812,358.0,3,16234,1
581,1055620,1657.25,463.75,2,16235,0
581,1055621,922.5,474.0,2,16235,1
581,1055622,534.25,477.25,2,16235,2
581,1055623,1674.5,442.0,1,16235,3
581,1055624,1781.0,457.6999816894531,5,16236,0
581,1055625,922.5,474.0,2,16236,1
581,1055626,1740.3333740234375,477.75,3,16236,2
581,1055627,785.2000122070312,475.70001220703125,4,16237,0
581,1055628,505.5,415.5,1,16237,1
581,1055629,38.0,473.5,1,16237,2
581,1055630,922.5,474.0,2,16237,3
581,1055631,534.25,477.25,3,16237,4
581,1055632,320.0,481.0,1,16237,5
581,1055633,38.0,473.5,1,16238,0
581,1055634,776.25,476.1666564941406,2,16238,1
581,1055635,505.5,415.5,1,16239,0
581,1055636,785.2000122070312,475.70001220703125,4,16239,1
581,1055637,989.5,475.5,1,16239,2
581,1055638,320.0,481.0,2,16239,3
581,1055639,517.0,378.5,1,16239,4
581,1055640,525.25,371.0,2,16239,5
581,1055641,1838.625,463.0,4,16240,0
581,1055642,920.5,469.5,1,16240,1
581,1055643,1775.2916259765625,478.75,3,16240,2
581,1055644,1801.75,450.875,4,16241,0
581,1055645,920.5,469.5,1,16241,1
581,1055646,1775.2916259765625,478.75,3,16241,2
581,1055647,1056.5,469.0,1,16242,0
581,1055648,1200.5,466.5,1,16242,1
581,1055649,922.5,474.0,2,16242,2
581,1055650,534.25,477.25,2,16242,3
581,1055651,320.0,481.0,1,16242,4
581,1055652,1446.75,460.5,2,16243,0
581,1055653,1689.0,482.5,1,16243,1
581,1055654,922.5,474.0,2,16243,2
581,1055655,534.25,477.25,2,16243,3
581,1055656,320.0,481.0,1,16243,4
581,1055657,922.5,474.0,3,16244,0
581,1055658,166.0,539.0,2,16244,1
581,1055659,1674.5,442.0,3,16244,2
581,1055660,1562.5,506.5,1,16244,3
581,1055661,1769.9000244140625,461.1285705566406,5,16244,4
581,1055662,785.2000122070312,475.70001220703125,4,16244,5
581,1055663,1424.8333740234375,462.75,2,16244,6
581,1055664,1200.5,466.5,1,16244,7
581,1055665,1023.0,472.25,2,16244,8
581,1055666,1809.0833740234375,490.6666564941406,2,16245,0
581,1055667,1331.5,570.0,1,16245,1
581,1055668,1812.5,467.1000061035156,5,16245,2
581,1055669,1775.2916259765625,478.75,4,16246,0
581,1055670,1331.5,570.0,1,16246,1
581,1055671,1868.333251953125,467.5,3,16246,2
581,1055672,1889.4166259765625,475.5,3,16247,0
581,1055673,1809.0833740234375,490.6666564941406,2,16247,1
581,1055674,1331.5,570.0,1,16247,2
581,1055675,920.5,469.5,1,16247,3
581,1055676,1809.0833740234375,490.6666564941406,2,16248,0
581,1055677,1331.5,570.0,1,16248,1
581,1055678,1812.5,467.1000061035156,5,16248,2
581,1055679,922.5,474.0,3,16249,0
581,1055680,534.25,477.25,3,16249,1
581,1055681,1562.5,506.5,2,16249,2
581,1055682,803.2916870117188,474.8333435058594,3,16249,3
581,1055683,1424.8333740234375,462.75,2,16249,4
581,1055684,1699.5833740234375,455.3333435058594,3,16249,5
581,1055685,1200.5,466.5,1,16249,6
581,1055686,1023.0,472.25,2,16249,7
581,1055687,534.25,477.25,3,16250,0
581,1055688,924.5,478.5,2,16250,1
581,1055689,785.2000122070312,475.70001220703125,4,16250,2
581,1055690,1424.8333740234375,462.75,2,16250,3
581,1055691,1674.5,457.0,2,16250,4
581,1055692,1200.5,466.5,1,16250,5
581,1055693,1023.0,472.25,2,16250,6
581,1055694,534.25,477.25,3,16251,0
581,1055695,924.5,478.5,2,16251,1
581,1055696,785.2000122070312,475.70001220703125,4,16251,2
581,1055697,1424.8333740234375,462.75,2,16251,3
581,1055698,1657.25,463.75,2,16251,4
581,1055699,1200.5,466.5,1,16251,5
581,1055700,1023.0,472.25,2,16251,6
581,1055701,1331.5,570.0,1,16252,0
581,1055702,1562.5,506.5,1,16252,1
581,1055703,1809.0833740234375,490.6666564941406,2,16252,2
581,1055704,1883.0,489.25,2,16252,3
581,1055705,320.0,481.0,2,16253,0
581,1055706,785.2000122070312,475.70001220703125,4,16253,1
581,1055707,1424.8333740234375,462.75,2,16253,2
581,1055708,1689.0,482.5,1,16253,3
581,1055709,1200.5,466.5,1,16253,4
581,1055710,1023.0,472.25,2,16253,5
581,1055711,505.5,415.5,1,16253,6
581,1055712,166.0,539.0,1,16254,0
581,1055713,1562.5,506.5,1,16254,1
581,1055714,920.5,469.5,1,16254,2
591,1055539,518.75,375.625,4,16217,0
591,1055540,524.8333129882812,358.0,3,16217,1
591,1055541,803.2916870117188,474.8333435058594,3,16218,0
591,1055542,989.5,475.5,1,16218,1
591,1055543,505.5,415.5,1,16218,2
591,1055544,922.5,474.0,2,16218,3
591,1055545,534.25,477.25,3,16218,4
591,1055546,320.0,481.0,1,16218,5
591,1055547,1402.75,466.0,2,16219,0
591,1055548,1689.0,482.5,1,16219,1
591,1055549,1200.5,466.5,1,16219,2
591,1055550,922.5,474.0,2,16219,3
591,1055551,534.25,477.25,2,16219,4
591,1055552,320.0,481.0,1,16219,5
591,1055553,1674.5,442.0,2,16220,0
591,1055554,920.5,469.5,1,16220,1
591,1055555,1753.0,455.5416564941406,4,16220,2
591,1055556,1879.5,481.5,1,16220,3
591,1055557,509.5,361.25,3,16221,0
591,1055558,519.75,360.4166564941406,2,16221,1
591,1055559,518.75,375.625,4,16222,0
591,1055560,524.8333129882812,358.0,3,16222,1
591,1055561,1424.8333740234375,462.75,2,16223,0
591,1055562,1689.0,482.5,1,16223,1
591,1055563,922.5,474.0,3,16223,2
591,1055564,534.25,477.25,2,16223,3
591,1055565,320.0,481.0,1,16223,4
591,1055566,524.8333129882812,358.0,3,16224,0
591,1055567,518.75,375.625,4,16224,1
591,1055568,1562.5,506.5,1,16225,0
591,1055569,922.5,474.0,2,16225,1
591,1055570,1331.5,570.0,1,16225,2
591,1055571,166.0,539.0,1,16225,3
591,1055572,1689.0,482.5,1,16225,4
591,1055573,785.2000122070312,475.70001220703125,4,16226,0
591,1055574,989.5,475.5,1,16226,1
591,1055575,505.5,415.5,1,16226,2
591,1055576,922.5,474.0,2,16226,3
591,1055577,534.25,477.25,3,16226,4
591,1055578,320.0,481.0,1,16226,5
591,1055579,769.4166870117188,475.7083435058594,3,16227,0
591,1055580,505.5,415.5,1,16227,1
591,1055581,38.0,473.5,1,16227,2
591,1055582,920.5,469.5,1,16227,3
591,1055583,534.25,477.25,2,16227,4
591,1055584,320.0,481.0,2,16227,5
591,1055585,1699.5833740234375,455.3333435058594,3,16228,0
591,1055586,1200.5,466.5,1,16228,1
591,1055587,1424.8333740234375,462.75,2,16228,2
591,1055588,922.5,474.0,3,16228,3
591,1055589,1740.3333740234375,477.75,2,16228,4
591,1055590,534.25,477.25,2,16228,5
591,1055591,320.0,481.0,1,16228,6
591,1055592,1562.5,506.5,2,16228,7
591,1055593,536.0,364.75,3,16229,0
591,1055594,519.75,360.4166564941406,2,16229,1
591,1055595,1200.5,466.5,1,16230,0
591,1055596,1056.5,469.0,1,16230,1
591,1055597,1379.0,467.5,1,16230,2
591,1055598,1689.0,482.5,1,16230,3
591,1055599,922.5,474.0,2,16230,4
591,1055600,534.25,477.25,2,16230,5
591,1055601,320.0,481.0,1,16230,6
591,1055602,989.5,475.5,1,16231,0
591,1055603,505.5,415.5,1,16231,1
591,1055604,797.5,475.5,2,16231,2
591,1055605,922.5,474.0,2,16231,3
591,1055606,534.25,477.25,2,16231,4
591,1055607,320.0,481.0,1,16231,5
591,1055608,785.2000122070312,475.70001220703125,4,16232,0
591,1055609,505.5,415.5,1,16232,1
591,1055610,38.0,473.5,1,16232,2
591,1055611,922.5,474.0,2,16232,3
591,1055612,534.25,477.25,3,16232,4
591,1055613,320.0,481.0,1,16232,5
591,1055614,1747.3333740234375,456.75,3,16233,0
591,1055615,922.5,474.0,2,16233,1
591,1055616,562.0,478.5,1,16233,2
591,1055617,1674.5,442.0,2,16233,3
591,1055618,523.1666870117188,362.33331298828125,3,16234,0
591,1055619,524.8333129882812,358.0,3,16234,1
591,1055620,1657.25,463.75,2,16235,0
591,1055621,922.5,474.0,2,16235,1
591,1055622,534.25,477.25,2,16235,2
591,1055623,1674.5,442.0,1,16235,3
591,1055624,1781.0,457.6999816894531,5,16236,0
591,1055625,922.5,474.0,2,16236,1
591,1055626,1740.3333740234375,477.75,3,16236,2
591,1055627,785.2000122070312,475.70001220703125,4,16237,0
591,1055628,505.5,415.5,1,16237,1
591,1055629,38.0,473.5,1,16237,2
591,1055630,922.5,474.0,2,16237,3
591,1055631,534.25,477.25,3,16237,4
591,1055632,320.0,481.0,1,16237,5
591,1055633,38.0,473.5,2,16238,0
591,1055634,776.25,476.1666564941406,2,16238,1
591,1055635,505.5,415.5,1,16239,0
591,1055636,785.2000122070312,475.70001220703125,4,16239,1
591,1055637,989.5,475.5,1,16239,2
591,1055638,320.0,481.0,2,16239,3
591,1055639,517.0,378.5,1,16239,4
591,1055640,525.25,371.0,2,16239,5
591,1055641,1838.625,463.0,4,16240,0
591,1055642,920.5,469.5,1,16240,1
591,1055643,1775.2916259765625,478.75,3,16240,2
591,1055644,1801.75,450.875,4,16241,0
591,1055645,920.5,469.5,1,16241,1
591,1055646,1775.2916259765625,478.75,3,16241,2
591,1055647,1056.5,469.0,1,16242,0
591,1055648,1200.5,466.5,1,16242,1
591,1055649,922.5,474.0,2,16242,2
591,1055650,534.25,477.25,2,16242,3
591,1055651,320.0,481.0,1,16242,4
591,1055652,1446.75,460.5,2,16243,0
591,1055653,1689.0,482.5,1,16243,1
591,1055654,922.5,474.0,2,16243,2
591,1055655,534.25,477.25,2,16243,3
591,1055656,320.0,481.0,1,16243,4
591,1055657,922.5,474.0,3,16244,0
591,1055658,166.0,539.0,2,16244,1
591,1055659,1674.5,442.0,3,16244,2
591,1055660,1562.5,506.5,1,16244,3
591,1055661,1769.9000244140625,461.1285705566406,5,16244,4
591,1055662,785.2000122070312,475.70001220703125,4,16244,5
591,1055663,1424.8333740234375,462.75,2,16244,6
591,1055664,1200.5,466.5,1,16244,7
591,1055665,1023.0,472.25,2,16244,8
591,1055666,1809.0833740234375,490.6666564941406,2,16245,0
591,1055667,1331.5,570.0,1,16245,1
591,1055668,1812.5,467.1000061035156,5,16245,2
591,1055669,1775.2916259765625,478.75,4,16246,0
591,1055670,1331.5,570.0,1,16246,1
591,1055671,1868.333251953125,467.5,3,16246,2
591,1055672,1889.4166259765625,475.5,3,16247,0
591,1055673,1809.0833740234375,490.6666564941406,2,16247,1
591,1055674,1331.5,570.0,1,16247,2
591,1055675,920.5,469.5,1,16247,3
591,1055676,1809.0833740234375,490.6666564941406,2,16248,0
591,1055677,1331.5,570.0,1,16248,1
591,1055678,1812.5,467.1000061035156,5,16248,2
591,1055679,922.5,474.0,3,16249,0
591,1055680,534.25,477.25,3,16249,1
591,1055681,1562.5,506.5,2,16249,2
591,1055682,803.2916870117188,474.8333435058594,3,16249,3
591,1055683,1424.8333740234375,462.75,2,16249,4
591,1055684,1699.5833740234375,455.3333435058594,3,16249,5
591,1055685,1200.5,466.5,1,16249,6
591,1055686,1023.0,472.25,2,16249,7
591,1055687,534.25,477.25,3,16250,0
591,1055688,924.5,478.5,2,16250,1
591,1055689,785.2000122070312,475.70001220703125,4,16250,2
591,1055690,1424.8333740234375,462.75,2,16250,3
591,1055691,1674.5,457.0,2,16250,4
591,1055692,1200.5,466.5,1,16250,5
591,1055693,1023.0,472.25,2,16250,6
591,1055694,534.25,477.25,3,16251,0
591,1055695,924.5,478.5,2,16251,1
591,1055696,785.2000122070312,475.70001220703125,4,16251,2
591,1055697,1424.8333740234375,462.75,2,16251,3
591,1055698,1657.25,463.75,2,16251,4
591,1055699,1200.5,466.5,1,16251,5
591,1055700,1023.0,472.25,2,16251,6
591,1055701,1331.5,570.0,1,16252,0
591,1055702,1562.5,506.5,1,16252,1
591,1055703,1809.0833740234375,490.6666564941406,2,16252,2
591,1055704,1883.0,489.25,2,16252,3
591,1055705,320.0,481.0,2,16253,0
591,1055706,785.2000122070312,475.70001220703125,4,16253,1
591,1055707,1424.8333740234375,462.75,2,16253,2
591,1055708,1689.0,482.5,1,16253,3
591,1055709,1200.5,466.5,1,16253,4
591,1055710,1023.0,472.25,2,16253,5
591,1055711,505.5,415.5,1,16253,6
591,1055712,166.0,539.0,1,16254,0
591,1055713,1562.5,506.5,1,16254,1
591,1055714,920.5,469.5,1,16254,2
601,1055539,518.75,375.625,4,16217,0
601,1055540,524.8333129882812,358.0,3,16217,1
601,1055541,803.2916870117188,474.8333435058594,3,16218,0
601,1055542,989.5,475.5,1,16218,1
601,1055543,505.5,415.5,1,16218,2
601,1055544,922.5,474.0,2,16218,3
601,1055545,534.25,477.25,3,16218,4
601,1055546,320.0,481.0,1,16218,5
601,1055547,1402.75,466.0,2,16219,0
601,1055548,1689.0,482.5,1,16219,1
601,1055549,1200.5,466.5,1,16219,2
601,1055550,922.5,474.0,2,16219,3
601,1055551,534.25,477.25,2,16219,4
601,1055552,320.0,481.0,1,16219,5
601,1055553,1674.5,442.0,2,16220,0
601,1055554,920.5,469.5,1,16220,1
601,1055555,1753.0,455.5416564941406,4,16220,2
601,1055556,1879.5,481.5,1,16220,3
601,1055557,509.5,361.25,3,16221,0
601,1055558,519.75,360.4166564941406,2,16221,1
601,1055559,518.75,375.625,4,16222,0
601,1055560,524.8333129882812,358.0,3,16222,1
601,1055561,1424.8333740234375,462.75,2,16223,0
601,1055562,1689.0,482.5,1,16223,1
601,1055563,922.5,474.0,3,16223,2
601,1055564,534.25,477.25,2,16223,3
601,1055565,320.0,481.0,1,16223,4
601,1055566,524.8333129882812,358.0,3,16224,0
601,1055567,518.75,375.625,4,16224,1
601,1055568,1562.5,506.5,1,16225,0
601,1055569,922.5,474.0,2,16225,1
601,1055570,1331.5,570.0,1,16225,2
601,1055571,166.0,539.0,1,16225,3
601,1055572,1689.0,482.5,1,16225,4
601,1055573,785.2000122070312,475.70001220703125,4,16226,0
601,1055574,989.5,475.5,1,16226,1
601,1055575,505.5,415.5,1,16226,2
601,1055576,922.5,474.0,2,16226,3
601,1055577,534.25,477.25,3,16226,4
601,1055578,320.0,481.0,1,16226,5
601,1055579,769.4166870117188,475.7083435058594,3,16227,0
601,1055580,505.5,415.5,1,16227,1
601,1055581,38.0,473.5,1,16227,2
601,1055582,920.5,469.5,1,16227,3
601,1055583,534.25,477.25,2,16227,4
601,1055584,320.0,481.0,2,16227,5
601,1055585,1699.5833740234375,455.3333435058594,3,16228,0
601,1055586,1200.5,466.5,1,16228,1
601,1055587,1424.8333740234375,462.75,2,16228,2
601,1055588,922.5,474.0,3,16228,3
601,1055589,1740.3333740234375,477.75,2,16228,4
601,1055590,534.25,477.25,2,16228,5
601,1055591,320.0,481.0,1,16228,6
601,1055592,1562.5,506.5,2,16228,7
601,1055593,536.0,364.75,3,16229,0
601,1055594,519.75,360.4166564941406,2,16229,1
601,1055595,1200.5,466.5,1,16230,0
601,1055596,1056.5,469.0,1,16230,1
601,1055597,1379.0,467.5,1,16230,2
601,1055598,1689.0,482.5,1,16230,3
601,1055599,922.5,474.0,2,16230,4
601,1055600,534.25,477.25,2,16230,5
601,1055601,320.0,481.0,1,16230,6
601,1055602,989.5,475.5,1,16231,0
601,1055603,505.5,415.5,1,16231,1
601,1055604,797.5,475.5,2,16231,2
601,1055605,922.5,474.0,2,16231,3
601,1055606,534.25,477.25,2,16231,4
601,1055607,320.0,481.0,1,16231,5
601,1055608,785.2000122070312,475.70001220703125,4,16232,0
601,1055609,505.5,415.5,1,16232,1
601,1055610,38.0,473.5,1,16232,2
601,1055611,922.5,474.0,2,16232,3
601,1055612,534.25,477.25,3,16232,4
601,1055613,320.0,481.0,1,16232,5
601,1055614,1747.3333740234375,456.75,3,16233,0
601,1055615,922.5,474.0,2,16233,1
601,1055616,562.0,478.5,1,16233,2
601,1055617,1674.5,442.0,2,16233,3
601,1055618,523.1666870117188,362.33331298828125,3,16234,0
601,1055619,524.8333129882812,358.0,3,16234,1
601,1055620,1657.25,463.75,2,16235,0
601,1055621,922.5,474.0,2,16235,1
601,1055622,534.25,477.25,2,16235,2
601,1055623,1674.5,442.0,1,16235,3
601,1055624,1781.0,457.6999816894531,5,16236,0
601,1055625,922.5,474.0,2,16236,1
601,1055626,1740.3333740234375,477.75,3,16236,2
601,1055627,785.2000122070312,475.70001220703125,4,16237,0
601,1055628,505.5,415.5,1,16237,1
601,1055629,38.0,473.5,1,16237,2
601,1055630,922.5,474.0,2,16237,3
601,1055631,534.25,477.25,3,16237,4
601,1055632,320.0,481.0,1,16237,5
601,1055633,38.0,473.5,2,16238,0
601,1055634,776.25,476.1666564941406,2,16238,1
601,1055635,505.5,415.5,1,16239,0
601,1055636,785.2000122070312,475.70001220703125,4,16239,1
601,1055637,989.5,475.5,1,16239,2
601,1055638,320.0,481.0,2,16239,3
601,1055639,517.0,378.5,1,16239,4
601,1055640,525.25,371.0,2,16239,5
601,1055641,1838.625,463.0,4,16240,0
601,1055642,920.5,469.5,1,16240,1
601,1055643,1775.2916259765625,478.75,3,16240,2
601,1055644,1801.75,450.875,4,16241,0
601,1055645,920.5,469.5,1,16241,1
601,1055646,1775.2916259765625,478.75,3,16241,2
601,1055647,1056.5,469.0,1,16242,0
601,1055648,1200.5,466.5,1,16242,1
601,1055649,922.5,474.0,2,16242,2
601,1055650,534.25,477.25,2,16242,3
601,1055651,320.0,481.0,1,16242,4
601,1055652,1446.75,460.5,2,16243,0
601,1055653,1689.0,482.5,1,16243,1
601,1055654,922.5,474.0,2,16243,2
601,1055655,534.25,477.25,2,16243,3
601,1055656,320.0,481.0,1,16243,4
601,1055657,922.5,474.0,3,16244,0
601,1055658,166.0,539.0,2,16244,1
601,1055659,1674.5,442.0,3,16244,2
601,1055660,1562.5,506.5,1,16244,3
601,1055661,1769.9000244140625,461.1285705566406,5,16244,4
601,1055662,785.2000122070312,475.70001220703125,4,16244,5
601,1055663,1424.8333740234375,462.75,2,16244,6
601,1055664,1200.5,466.5,1,16244,7
601,1055665,1023.0,472.25,2,16244,8
601,1055666,1809.0833740234375,490.6666564941406,2,16245,0
601,1055667,1331.5,570.0,1,16245,1
601,1055668,1812.5,467.1000061035156,5,16245,2
601,1055669,1775.2916259765625,478.75,4,16246,0
601,1055670,1331.5,570.0,1,16246,1
601,1055671,1868.333251953125,467.5,3,16246,2
601,1055672,1889.4166259765625,475.5,3,16247,0
601,1055673,1809.0833740234375,490.6666564941406,2,16247,1
601,1055674,1331.5,570.0,1,16247,2
601,1055675,920.5,469.5,1,16247,3
601,1055676,1809.0833740234375,490.6666564941406,2,16248,0
601,1055677,1331.5,570.0,1,16248,1
601,1055678,1812.5,467.1000061035156,5,16248,2
601,1055679,922.5,474.0,3,16249,0
601,1055680,534.25,477.25,3,16249,1
601,1055681,1562.5,506.5,2,16249,2
601,1055682,803.2916870117188,474.8333435058594,3,16249,3
601,1055683,1424.8333740234375,462.75,2,16249,4
601,1055684,1699.5833740234375,455.3333435058594,3,16249,5
601,1055685,1200.5,466.5,1,16249,6
601,1055686,1023.0,472.25,2,16249,7
601,1055687,534.25,477.25,3,16250,0
601,1055688,924.5,478.5,2,16250,1
601,1055689,785.2000122070312,475.70001220703125,4,16250,2
601,1055690,1424.8333740234375,462.75,2,16250,3
601,1055691,1674.5,457.0,2,16250,4
601,1055692,1200.5,466.5,1,16250,5
601,1055693,1023.0,472.25,2,16250,6
601,1055694,534.25,477.25,3,16251,0
601,1055695,924.5,478.5,2,16251,1
601,1055696,785.2000122070312,475.70001220703125,4,16251,2
601,1055697,1424.8333740234375,462.75,2,16251,3
601,1055698,1657.25,463.75,2,16251,4
601,1055699,1200.5,466.5,1,16251,5
601,1055700,1023.0,472.25,2,16251,6
601,1055701,1331.5,570.0,1,16252,0
601,1055702,1562.5,506.5,1,16252,1
601,1055703,1809.0833740234375,490.6666564941406,2,16252,2
601,1055704,1883.0,489.25,2,16252,3
601,1055705,320.0,481.0,2,16253,0
601,1055706,785.2000122070312,475.70001220703125,4,16253,1
601,1055707,1424.8333740234375,462.75,2,16253,2
601,1055708,1689.0,482.5,1,16253,3
601,1055709,1200.5,466.5,1,16253,4
601,1055710,1023.0,472.25,2,16253,5
601,1055711,505.5,415.5,1,16253,6
601,1055712,166.0,539.0,1,16254,0
601,1055713,1562.5,506.5,1,16254,1
601,1055714,920.5,469.5,1,16254,2
611,1055539,518.75,375.625,4,16217,0
611,1055540,524.8333129882812,358.0,3,16217,1
611,1055541,803.2916870117188,474.8333435058594,3,16218,0
611,1055542,989.5,475.5,1,16218,1
611,1055543,505.5,415.5,1,16218,2
611,1055544,922.5,474.0,2,16218,3
611,1055545,534.25,477.25,3,16218,4
611,1055546,320.0,481.0,1,16218,5
611,1055547,1402.75,466.0,2,16219,0
611,1055548,1689.0,482.5,1,16219,1
611,1055549,1200.5,466.5,1,16219,2
611,1055550,922.5,474.0,2,16219,3
611,1055551,534.25,477.25,2,16219,4
611,1055552,320.0,481.0,1,16219,5
611,1055553,1674.5,442.0,2,16220,0
611,1055554,920.5,469.5,1,16220,1
611,1055555,1753.0,455.5416564941406,4,16220,2
611,1055556,1879.5,481.5,1,16220,3
611,1055557,509.5,361.25,3,16221,0
611,1055558,519.75,360.4166564941406,2,16221,1
611,1055559,518.75,375.625,4,16222,0
611,1055560,524.8333129882812,358.0,3,16222,1
611,1055561,1424.8333740234375,462.75,2,16223,0
611,1055562,1689.0,482.5,1,16223,1
611,1055563,922.5,474.0,3,16223,2
611,1055564,534.25,477.25,2,16223,3
611,1055565,320.0,481.0,1,16223,4
611,1055566,524.8333129882812,358.0,3,16224,0
611,1055567,518.75,375.625,4,16224,1
611,1055568,1562.5,506.5,1,16225,0
611,1055569,922.5,474.0,2,16225,1
611,1055570,1331.5,570.0,1,16225,2
611,1055571,166.0,539.0,1,16225,3
611,1055572,1689.0,482.5,1,16225,4
611,1055573,785.2000122070312,475.70001220703125,4,16226,0
611,1055574,989.5,475.5,1,16226,1
611,1055575,505.5,415.5,1,16226,2
611,1055576,922.5,474.0,2,16226,3
611,1055577,534.25,477.25,3,16226,4
611,1055578,320.0,481.0,1,16226,5
611,1055579,769.4166870117188,475.7083435058594,3,16227,0
611,1055580,505.5,415.5,1,16227,1
611,1055581,38.0,473.5,1,16227,2
611,1055582,920.5,469.5,1,16227,3
611,1055583,534.25,477.25,2,16227,4
611,1055584,320.0,481.0,2,16227,5
611,1055585,1699.5833740234375,455.3333435058594,3,16228,0
611,1055586,1200.5,466.5,1,16228,1
611,1055587,1424.8333740234375,462.75,2,16228,2
611,1055588,922.5,474.0,3,16228,3
611,1055589,1740.3333740234375,477.75,3,16228,4
611,1055590,534.25,477.25,2,16228,5
611,1055591,320.0,481.0,1,16228,6
611,1055592,1562.5,506.5,2,16228,7
611,1055593,536.0,364.75,3,16229,0
611,1055594,519.75,360.4166564941406,2,16229,1
611,1055595,1200.5,466.5,1,16230,0
611,1055596,1056.5,469.0,1,16230,1
611,1055597,1379.0,467.5,1,16230,2
611,1055598,1689.0,482.5,1,16230,3
611,1055599,922.5,474.0,2,16230,4
611,1055600,534.25,477.25,2,16230,5
611,1055601,320.0,481.0,1,16230,6
611,1055602,989.5,475.5,1,16231,0
611,1055603,505.5,415.5,1,16231,1
611,1055604,797.5,475.5,2,16231,2
611,1055605,922.5,474.0,2,16231,3
611,1055606,534.25,477.25,2,16231,4
611,1055607,320.0,481.0,1,16231,5
611,1055608,785.2000122070312,475.70001220703125,4,16232,0
611,1055609,505.5,415.5,1,16232,1
611,1055610,38.0,473.5,1,16232,2
611,1055611,922.5,474.0,2,16232,3
611,1055612,534.25,477.25,3,16232,4
611,1055613,320.0,481.0,1,16232,5
611,1055614,1747.3333740234375,456.75,3,16233,0
611,1055615,922.5,474.0,2,16233,1
611,1055616,562.0,478.5,1,16233,2
611,1055617,1674.5,442.0,2,16233,3
611,1055618,523.1666870117188,362.33331298828125,3,16234,0
611,1055619,524.8333129882812,358.0,3,16234,1
611,1055620,1657.25,463.75,2,16235,0
611,1055621,922.5,474.0,2,16235,1
611,1055622,534.25,477.25,2,16235,2
611,1055623,1674.5,442.0,1,16235,3
611,1055624,1781.0,457.6999816894531,5,16236,0
611,1055625,922.5,474.0,2,16236,1
611,1055626,1740.3333740234375,477.75,3,16236,2
611,1055627,785.2000122070312,475.70001220703125,4,16237,0
611,1055628,505.5,415.5,1,16237,1
611,1055629,38.0,473.5,1,16237,2
611,1055630,922.5,474.0,2,16237,3
611,1055631,534.25,477.25,3,16237,4
611,1055632,320.0,481.0,1,16237,5
611,1055633,38.0,473.5,2,16238,0
611,1055634,776.25,476.1666564941406,2,16238,1
611,1055635,505.5,415.5,1,16239,0
611,1055636,785.2000122070312,475.70001220703125,4,16239,1
611,1055637,989.5,475.5,1,16239,2
611,1055638,320.0,481.0,2,16239,3
611,1055639,517.0,378.5,1,16239,4
611,1055640,525.25,371.0,2,16239,5
611,1055641,1838.625,463.0,4,16240,0
611,1055642,920.5,469.5,1,16240,1
611,1055643,1775.2916259765625,478.75,3,16240,2
611,1055644,1801.75,450.875,4,16241,0
611,1055645,920.5,469.5,1,16241,1
611,1055646,1775.2916259765625,478.75,3,16241,2
611,1055647,1056.5,469.0,1,16242,0
611,1055648,1200.5,466.5,1,16242,1
611,1055649,922.5,474.0,2,16242,2
611,1055650,534.25,477.25,2,16242,3
611,1055651,320.0,481.0,1,16242,4
611,1055652,1446.75,460.5,2,16243,0
611,1055653,1689.0,482.5,1,16243,1
611,1055654,922.5,474.0,2,16243,2
611,1055655,534.25,477.25,2,16243,3
611,1055656,320.0,481.0,1,16243,4
611,1055657,922.5,474.0,3,16244,0
611,1055658,166.0,539.0,2,16244,1
611,1055659,1674.5,442.0,3,16244,2
611,1055660,1562.5,506.5,1,16244,3
611,1055661,1769.9000244140625,461.1285705566406,5,16244,4
611,1055662,785.2000122070312,475.70001220703125,4,16244,5
611,1055663,1424.8333740234375,462.75,2,16244,6
611,1055664,1200.5,466.5,1,16244,7
611,1055665,1023.0,472.25,2,16244,8
611,1055666,1809.0833740234375,490.6666564941406,2,16245,0
611,1055667,1331.5,570.0,1,16245,1
611,1055668,1812.5,467.1000061035156,5,16245,2
611,1055669,1775.2916259765625,478.75,4,16246,0
611,1055670,1331.5,570.0,1,16246,1
611,1055671,1868.333251953125,467.5,3,16246,2
611,1055672,1889.4166259765625,475.5,3,16247,0
611,1055673,1809.0833740234375,490.6666564941406,2,16247,1
611,1055674,1331.5,570.0,1,16247,2
611,1055675,920.5,469.5,1,16247,3
611,1055676,1809.0833740234375,490.6666564941406,2,16248,0
611,1055677,1331.5,570.0,1,16248,1
611,1055678,1812.5,467.1000061035156,5,16248,2
611,1055679,922.5,474.0,3,16249,0
611,1055680,534.25,477.25,3,16249,1
611,1055681,1562.5,506.5,2,16249,2
611,1055682,803.2916870117188,474.8333435058594,3,16249,3
611,1055683,1424.8333740234375,462.75,2,16249,4
611,1055684,1699.5833740234375,455.3333435058594,3,16249,5
611,1055685,1200.5,466.5,1,16249,6
611,1055686,1023.0,472.25,2,16249,7
611,1055687,534.25,477.25,3,16250,0
611,1055688,924.5,478.5,2,16250,1
611,1055689,785.2000122070312,475.70001220703125,4,16250,2
611,1055690,1424.8333740234375,462.75,2,16250,3
611,1055691,1674.5,457.0,2,16250,4
611,1055692,1200.5,466.5,1,16250,5
611,1055693,1023.0,472.25,2,16250,6
611,1055694,534.25,477.25,3,16251,0
611,1055695,924.5,478.5,2,16251,1
611,1055696,785.2000122070312,475.70001220703125,4,16251,2
611,1055697,1424.8333740234375,462.75,2,16251,3
611,1055698,1657.25,463.75,2,16251,4
611,1055699,1200.5,466.5,1,16251,5
611,1055700,1023.0,472.25,2,16251,6
611,1055701,1331.5,570.0,1,16252,0
611,1055702,1562.5,506.5,1,16252,1
611,1055703,1809.0833740234375,490.6666564941406,2,16252,2
611,1055704,1883.0,489.25,2,16252,3
611,1055705,320.0,481.0,2,16253,0
611,1055706,785.2000122070312,475.70001220703125,4,16253,1
611,1055707,1424.8333740234375,462.75,2,16253,2
611,1055708,1689.0,482.5,1,16253,3
611,1055709,1200.5,466.5,1,16253,4
611,1055710,1023.0,472.25,2,16253,5
611,1055711,505.5,415.5,1,16253,6
611,1055712,166.0,539.0,1,16254,0
611,1055713,1562.5,506.5,1,16254,1
611,1055714,920.5,469.5,1,16254,2
621,1055539,511.0833435058594,379.625,3,16217,0
621,1055540,522.3333129882812,363.5,3,16217,1
621,1055541,765.0416870117188,478.5833435058594,2,16218,0
621,1055542,901.0,477.0,1,16218,1
621,1055543,483.5,417.0,1,16218,2
621,1055544,996.25,476.75,2,16218,3
621,1055545,538.75,477.0,2,16218,4
621,1055546,371.0,483.0,1,16218,5
621,1055547,1360.25,467.0,2,16219,0
621,1055548,1643.5,484.5,1,16219,1
621,1055549,1217.0,467.5,1,16219,2
621,1055550,996.25,476.75,2,16219,3
621,1055551,582.5,479.25,2,16219,4
621,1055552,371.0,483.0,1,16219,5
621,1055553,1666.75,442.25,2,16220,0
621,1055554,1005.5,471.5,1,16220,1
621,1055555,1729.0,457.375,3,16220,2
621,1055556,1857.5,482.0,1,16220,3
621,1055557,507.0,366.75,3,16221,0
621,1055558,519.75,369.9166564941406,2,16221,1
621,1055559,511.0833435058594,379.625,3,16222,0
621,1055560,522.3333129882812,363.5,3,16222,1
621,1055561,1375.3333740234375,463.5,2,16223,0
621,1055562,1643.5,484.5,1,16223,1
621,1055563,945.5,475.75,2,16223,2
621,1055564,582.5,479.25,2,16223,3
621,1055565,371.0,483.0,1,16223,4
621,1055566,522.3333129882812,363.5,3,16224,0
621,1055567,511.0833435058594,379.625,3,16224,1
621,1055568,1561.5,507.5,1,16225,0
621,1055569,996.25,476.75,2,16225,1
621,1055570,1338.5,567.5,1,16225,2
621,1055571,192.5,531.0,1,16225,3
621,1055572,1643.5,484.5,1,16225,4
621,1055573,745.7000122070312,479.8666687011719,3,16226,0
621,1055574,901.0,477.0,1,16226,1
621,1055575,483.5,417.0,1,16226,2
621,1055576,996.25,476.75,2,16226,3
621,1055577,538.75,477.0,2,16226,4
621,1055578,371.0,483.0,1,16226,5
621,1055579,733.9166870117188,481.9583435058594,2,16227,0
621,1055580,483.5,417.0,1,16227,1
621,1055581,30.25,475.0,2,16227,2
621,1055582,1005.5,471.5,1,16227,3
621,1055583,582.5,479.25,2,16227,4
621,1055584,321.75,482.0,2,16227,5
621,1055585,1671.8333740234375,457.3333435058594,2,16228,0
621,1055586,1217.0,467.5,1,16228,1
621,1055587,1375.3333740234375,463.5,2,16228,2
621,1055588,945.5,475.75,2,16228,3
621,1055589,1729.8333740234375,476.5833435058594,3,16228,4
621,1055590,582.5,479.25,2,16228,5
621,1055591,371.0,483.0,1,16228,6
621,1055592,1554.0,507.75,2,16228,7
621,1055593,533.25,373.0,2,16229,0
621,1055594,519.75,369.9166564941406,2,16229,1
621,1055595,1217.0,467.5,1,16230,0
621,1055596,1028.0,467.0,1,16230,1
621,1055597,1333.0,468.0,1,16230,2
621,1055598,1643.5,484.5,1,16230,3
621,1055599,996.25,476.75,2,16230,4
621,1055600,582.5,479.25,2,16230,5
621,1055601,371.0,483.0,1,16230,6
621,1055602,901.0,477.0,1,16231,0
621,1055603,483.5,417.0,1,16231,1
621,1055604,760.75,477.5,2,16231,2
621,1055605,996.25,476.75,2,16231,3
621,1055606,582.5,479.25,2,16231,4
621,1055607,371.0,483.0,1,16231,5
621,1055608,745.7000122070312,479.8666687011719,3,16232,0
621,1055609,483.5,417.0,1,16232,1
621,1055610,30.25,475.0,2,16232,2
621,1055611,996.25,476.75,2,16232,3
621,1055612,538.75,477.0,2,16232,4
621,1055613,371.0,483.0,1,16232,5
621,1055614,1719.5833740234375,458.75,2,16233,0
621,1055615,996.25,476.75,2,16233,1
621,1055616,615.5,481.5,1,16233,2
621,1055617,1663.5,443.0,3,16233,3
621,1055618,523.6666870117188,366.58331298828125,2,16234,0
621,1055619,522.3333129882812,363.5,3,16234,1
621,1055620,1623.5,465.0,2,16235,0
621,1055621,996.25,476.75,2,16235,1
621,1055622,582.5,479.25,2,16235,2
621,1055623,1674.0,442.0,1,16235,3
621,1055624,1755.25,458.1999816894531,4,16236,0
621,1055625,996.25,476.75,2,16236,1
621,1055626,1735.166748046875,477.9166564941406,3,16236,2
621,1055627,745.7000122070312,479.8666687011719,3,16237,0
621,1055628,483.5,417.0,1,16237,1
621,1055629,30.25,475.0,2,16237,2
621,1055630,996.25,476.75,2,16237,3
621,1055631,538.75,477.0,2,16237,4
621,1055632,371.0,483.0,1,16237,5
621,1055633,15.25,473.5,2,16238,0
621,1055634,746.5,480.1666564941406,2,16238,1
621,1055635,483.5,417.0,1,16239,0
621,1055636,745.7000122070312,479.8666687011719,3,16239,1
621,1055637,901.0,477.0,1,16239,2
621,1055638,323.25,480.25,2,16239,3
621,1055639,515.5,378.5,1,16239,4
621,1055640,525.25,380.5,2,16239,5
621,1055641,1817.7916259765625,462.5,3,16240,0
621,1055642,1005.5,471.5,1,16240,1
621,1055643,1763.7916259765625,478.5,4,16240,2
621,1055644,1782.5833740234375,450.875,3,16241,0
621,1055645,1005.5,471.5,1,16241,1
621,1055646,1767.7916259765625,478.9166564941406,3,16241,2
621,1055647,1028.0,467.0,1,16242,0
621,1055648,1217.0,467.5,1,16242,1
621,1055649,996.25,476.75,2,16242,2
621,1055650,582.5,479.25,2,16242,3
621,1055651,371.0,483.0,1,16242,4
621,1055652,1400.75,461.75,2,16243,0
621,1055653,1643.5,484.5,1,16243,1
621,1055654,996.25,476.75,2,16243,2
621,1055655,582.5,479.25,2,16243,3
621,1055656,371.0,483.0,1,16243,4
621,1055657,945.5,475.75,2,16244,0
621,1055658,157.0,533.25,2,16244,1
621,1055659,1666.25,442.75,2,16244,2
621,1055660,1554.5,507.25,2,16244,3
621,1055661,1746.0250244140625,462.1285705566406,4,16244,4
621,1055662,745.7000122070312,479.8666687011719,3,16244,5
621,1055663,1375.3333740234375,463.5,2,16244,6
621,1055664,1217.0,467.5,1,16244,7
621,1055665,964.5,472.0,2,16244,8
621,1055666,1798.0833740234375,490.9166564941406,2,16245,0
621,1055667,1338.5,567.5,1,16245,1
621,1055668,1785.0,466.8500061035156,4,16245,2
621,1055669,1763.0916748046875,478.6499938964844,5,16246,0
621,1055670,1338.5,567.5,1,16246,1
621,1055671,1844.583251953125,466.5,2,16246,2
621,1055672,1866.4166259765625,474.0,2,16247,0
621,1055673,1793.916748046875,490.33331298828125,3,16247,1
621,1055674,1338.5,567.5,1,16247,2
621,1055675,1005.5,471.5,1,16247,3
621,1055676,1798.0833740234375,490.9166564941406,2,16248,0
621,1055677,1338.5,567.5,1,16248,1
621,1055678,1785.0,466.8500061035156,4,16248,2
621,1055679,945.5,475.75,2,16249,0
621,1055680,538.75,477.0,2,16249,1
621,1055681,1554.0,507.75,2,16249,2
621,1055682,765.0416870117188,478.5833435058594,2,16249,3
621,1055683,1375.3333740234375,463.5,2,16249,4
621,1055684,1671.8333740234375,457.3333435058594,2,16249,5
621,1055685,1230.25,467.5,2,16249,6
621,1055686,964.5,472.0,2,16249,7
621,1055687,538.75,477.0,2,16250,0
621,1055688,936.25,481.0,2,16250,1
621,1055689,745.7000122070312,479.8666687011719,3,16250,2
621,1055690,1375.3333740234375,463.5,2,16250,3
621,1055691,1640.75,458.25,2,16250,4
621,1055692,1230.25,467.5,2,16250,5
621,1055693,964.5,472.0,2,16250,6
621,1055694,538.75,477.0,2,16251,0
621,1055695,936.25,481.0,2,16251,1
621,1055696,745.7000122070312,479.8666687011719,3,16251,2
621,1055697,1375.3333740234375,463.5,2,16251,3
621,1055698,1623.5,465.0,2,16251,4
621,1055699,1230.25,467.5,2,16251,5
621,1055700,964.5,472.0,2,16251,6
621,1055701,1338.5,567.5,1,16252,0
621,1055702,1561.5,507.5,1,16252,1
621,1055703,1798.0833740234375,490.9166564941406,2,16252,2
621,1055704,1855.75,486.75,2,16252,3
621,1055705,323.25,480.25,2,16253,0
621,1055706,745.7000122070312,479.8666687011719,3,16253,1
621,1055707,1375.3333740234375,463.5,2,16253,2
621,1055708,1643.5,484.5,1,16253,3
621,1055709,1217.0,467.5,1,16253,4
621,1055710,964.5,472.0,2,16253,5
621,1055711,483.5,417.0,1,16253,6
621,1055712,192.5,531.0,1,16254,0
621,1055713,1561.5,507.5,1,16254,1
621,1055714,1005.5,471.5,1,16254,2
641,1055715,1278.8333740234375,473.8333435058594,3,16255,0
641,1055716,562.5,483.0,1,16255,1
641,1055717,635.0,477.5,1,16255,2
641,1055718,519.5,377.5,1,16256,0
641,1055719,527.25,347.5,2,16256,1
641,1055720,492.5,464.5,1,16256,2
641,1055721,241.5,502.0,1,16256,3
641,1055722,56.5,516.0,1,16256,4
641,1055723,515.0,376.3333435058594,3,16256,5
641,1055724,1673.0,442.0,1,16257,0
641,1055725,1907.25,468.75,2,16257,1
641,1055726,1712.0,444.25,4,16257,2
641,1055727,499.5,344.0,1,16258,0
641,1055728,515.0,376.3333435058594,3,16258,1
641,1055729,519.5,377.5,1,16258,2
641,1055730,503.5,394.125,4,16259,0
641,1055731,492.5,464.5,1,16259,1
641,1055732,241.5,502.0,1,16259,2
641,1055733,56.5,516.0,1,16259,3
641,1055734,499.5,344.0,1,16259,4
641,1055735,519.5,377.5,1,16259,5
641,1055736,503.5,394.125,4,16260,0
641,1055737,492.5,464.5,1,16260,1
641,1055738,281.75,493.5,2,16260,2
641,1055739,56.5,516.0,1,16260,3
641,1055740,499.5,344.0,1,16260,4
641,1055741,519.5,377.5,1,16260,5
641,1055742,1548.0,507.0,1,16261,0
641,1055743,562.5,483.0,1,16261,1
641,1055744,635.0,477.5,1,16261,2
641,1055745,1527.0,536.0,1,16261,3
641,1055746,327.0,642.0,1,16261,4
641,1055747,1278.8333740234375,473.8333435058594,3,16262,0
641,1055748,562.5,483.0,1,16262,1
641,1055749,635.0,477.5,1,16262,2
641,1055750,570.125,468.625,4,16263,0
641,1055751,40.0,495.75,2,16263,1
641,1055752,635.0,477.5,1,16263,2
641,1055753,492.5,464.5,1,16263,3
641,1055754,281.75,493.5,2,16263,4
641,1055755,555.0,351.0,1,16264,0
641,1055756,536.0,376.5,1,16264,1
641,1055757,519.5,377.5,1,16264,2
641,1055758,1423.0,462.0,1,16265,0
641,1055759,562.5,483.0,1,16265,1
641,1055760,635.0,477.5,1,16265,2
641,1055761,492.6666564941406,400.0,3,16266,0
641,1055762,679.0,478.0,1,16266,1
641,1055763,492.5,464.5,1,16266,2
641,1055764,281.75,493.5,2,16266,3
641,1055765,56.5,516.0,1,16266,4
641,1055766,1278.8333740234375,473.8333435058594,3,16267,0
641,1055767,562.5,483.0,1,16267,1
641,1055768,635.0,477.5,1,16267,2
641,1055769,1488.0,455.0,1,16268,0
641,1055770,562.5,483.0,1,16268,1
641,1055771,635.0,477.5,1,16268,2
641,1055772,23.5,475.5,1,16269,0
641,1055773,679.0,478.0,1,16269,1
641,1055774,515.0,376.3333435058594,3,16270,0
641,1055775,519.5,377.5,1,16270,1
641,1055776,527.25,347.5,2,16270,2
641,1055777,1569.25,449.75,2,16271,0
641,1055778,562.5,483.0,1,16271,1
641,1055779,635.0,477.5,1,16271,2
641,1055780,1569.25,449.75,2,16272,0
641,1055781,562.5,483.0,1,16272,1
641,1055782,635.0,477.5,1,16272,2
641,1055783,1907.25,468.75,2,16273,0
641,1055784,1805.5,494.0,1,16273,1
641,1055785,1673.0,442.0,1,16273,2
641,1055786,1712.0,444.25,4,16274,0
641,1055787,562.5,483.0,1,16274,1
641,1055788,635.0,477.5,1,16274,2
641,1055789,1673.0,442.0,1,16274,3
641,1055790,1712.0,444.25,4,16275,0
641,1055791,562.5,483.0,1,16275,1
641,1055792,635.0,477.5,1,16275,2
641,1055793,1673.0,442.0,1,16275,3
641,1055794,1712.0,444.25,4,16276,0
641,1055795,562.5,483.0,1,16276,1
641,1055796,635.0,477.5,1,16276,2
641,1055797,1673.0,442.0,1,16276,3
641,1055798,1712.0,444.25,4,16277,0
641,1055799,562.5,483.0,1,16277,1
641,1055800,635.0,477.5,1,16277,2
641,1055801,1805.5,494.0,1,16277,3
641,1055802,1673.0,442.0,1,16277,4
641,1055803,603.8333129882812,475.6666564941406,3,16278,0
641,1055804,1521.272705078125,455.9090881347656,11,16278,1
641,1055805,635.0,477.5,1,16278,2
641,1055806,1548.0,507.0,1,16278,3
641,1055807,635.0,477.5,1,16279,0
641,1055808,603.8333129882812,475.6666564941406,3,16279,1
641,1055809,1521.272705078125,455.9090881347656,11,16279,2
641,1055810,1548.0,507.0,1,16279,3
641,1055811,1907.25,468.75,2,16280,0
641,1055812,1805.5,494.0,1,16280,1
641,1055813,1527.0,536.0,1,16280,2
641,1055814,1673.0,442.0,1,16280,3
641,1055815,1805.5,494.0,1,16281,0
641,1055816,1527.0,536.0,1,16281,1
641,1055817,1907.25,468.75,2,16281,2
641,1055818,1761.5,446.5,1,16281,3
641,1055819,492.5,464.5,1,16282,0
641,1055820,281.75,493.5,2,16282,1
641,1055821,56.5,516.0,1,16282,2
641,1055822,545.4000244140625,428.79998779296875,5,16282,3
641,1055823,519.5,377.5,1,16282,4
641,1055824,603.8333129882812,475.6666564941406,3,16283,0
641,1055825,281.75,493.5,2,16283,1
641,1055826,56.5,516.0,1,16283,2
641,1055827,635.0,477.5,1,16283,3
641,1055828,492.5,464.5,1,16283,4
641,1055829,281.75,493.5,2,16284,0
641,1055830,56.5,516.0,1,16284,1
641,1055831,492.5,464.5,1,16284,2
641,1055832,554.875,442.0,4,16284,3
641,1055833,1527.0,536.0,1,16285,0
641,1055834,1805.5,494.0,1,16285,1
641,1055835,1548.0,507.0,1,16285,2
641,1055836,1900.0,474.5,1,16285,3
641,1055837,281.75,493.5,2,16286,0
641,1055838,56.5,516.0,1,16286,1
641,1055839,492.5,464.5,1,16286,2
641,1055840,519.5,377.5,1,16286,3
641,1055841,545.4000244140625,428.79998779296875,5,16286,4
641,1055842,56.5,516.0,1,16287,0
641,1055843,492.5,464.5,1,16287,1
641,1055844,281.75,493.5,2,16287,2
641,1055845,519.5,377.5,1,16287,3
641,1055846,545.4000244140625,428.79998779296875,5,16287,4
641,1055847,327.0,642.0,1,16288,0
641,1055848,1548.0,507.0,1,16288,1
651,1055715,1278.8333740234375,473.8333435058594,3,16255,0
651,1055716,562.5,483.0,1,16255,1
651,1055717,635.0,477.5,1,16255,2
651,1055718,519.5,377.5,1,16256,0
651,1055719,527.25,347.5,2,16256,1
651,1055720,492.5,464.5,1,16256,2
651,1055721,241.5,502.0,1,16256,3
651,1055722,56.5,516.0,1,16256,4
651,1055723,515.0,376.3333435058594,3,16256,5
651,1055724,1673.0,442.0,1,16257,0
651,1055725,1907.25,468.75,2,16257,1
651,1055726,1712.0,444.25,4,16257,2
651,1055727,499.5,344.0,1,16258,0
651,1055728,515.0,376.3333435058594,3,16258,1
651,1055729,519.5,377.5,1,16258,2
651,1055730,503.5,394.125,4,16259,0
651,1055731,492.5,464.5,1,16259,1
651,1055732,241.5,502.0,1,16259,2
651,1055733,56.5,516.0,1,16259,3
651,1055734,499.5,344.0,1,16259,4
651,1055735,519.5,377.5,1,16259,5
651,1055736,503.5,394.125,4,16260,0
651,1055737,492.5,464.5,1,16260,1
651,1055738,281.75,493.5,2,16260,2
651,1055739,56.5,516.0,1,16260,3
651,1055740,499.5,344.0,1,16260,4
651,1055741,519.5,377.5,1,16260,5
651,1055742,1548.0,507.0,1,16261,0
651,1055743,562.5,483.0,1,16261,1
651,1055744,635.0,477.5,1,16261,2
651,1055745,1527.0,536.0,1,16261,3
651,1055746,327.0,642.0,1,16261,4
651,1055747,1278.8333740234375,473.8333435058594,3,16262,0
651,1055748,562.5,483.0,1,16262,1
651,1055749,635.0,477.5,1,16262,2
651,1055750,570.125,468.625,4,16263,0
651,1055751,40.0,495.75,2,16263,1
651,1055752,635.0,477.5,1,16263,2
651,1055753,492.5,464.5,1,16263,3
651,1055754,281.75,493.5,2,16263,4
651,1055755,555.0,351.0,1,16264,0
651,1055756,536.0,376.5,1,16264,1
651,1055757,519.5,377.5,1,16264,2
651,1055758,1423.0,462.0,1,16265,0
651,1055759,562.5,483.0,1,16265,1
651,1055760,635.0,477.5,1,16265,2
651,1055761,492.6666564941406,400.0,3,16266,0
651,1055762,679.0,478.0,1,16266,1
651,1055763,492.5,464.5,1,16266,2
651,1055764,281.75,493.5,2,16266,3
651,1055765,56.5,516.0,1,16266,4
651,1055766,1278.8333740234375,473.8333435058594,3,16267,0
651,1055767,562.5,483.0,1,16267,1
651,1055768,635.0,477.5,1,16267,2
651,1055769,1488.0,455.0,1,16268,0
651,1055770,562.5,483.0,1,16268,1
651,1055771,635.0,477.5,1,16268,2
651,1055772,23.5,475.5,1,16269,0
651,1055773,679.0,478.0,1,16269,1
651,1055774,515.0,376.3333435058594,3,16270,0
651,1055775,519.5,377.5,1,16270,1
651,1055776,527.25,347.5,2,16270,2
651,1055777,1569.25,449.75,2,16271,0
651,1055778,562.5,483.0,1,16271,1
651,1055779,635.0,477.5,1,16271,2
651,1055780,1569.25,449.75,2,16272,0
651,1055781,562.5,483.0,1,16272,1
651,1055782,635.0,477.5,1,16272,2
651,1055783,1907.25,468.75,2,16273,0
651,1055784,1805.5,494.0,1,16273,1
651,1055785,1673.0,442.0,1,16273,2
651,1055786,1712.0,444.25,4,16274,0
651,1055787,562.5,483.0,1,16274,1
651,1055788,635.0,477.5,1,16274,2
651,1055789,1673.0,442.0,1,16274,3
651,1055790,1712.0,444.25,4,16275,0
651,1055791,562.5,483.0,1,16275,1
651,1055792,635.0,477.5,1,16275,2
651,1055793,1673.0,442.0,1,16275,3
651,1055794,1712.0,444.25,4,16276,0
651,1055795,562.5,483.0,1,16276,1
651,1055796,635.0,477.5,1,16276,2
651,1055797,1673.0,442.0,1,16276,3
651,1055798,1712.0,444.25,4,16277,0
651,1055799,562.5,483.0,1,16277,1
651,1055800,635.0,477.5,1,16277,2
651,1055801,1805.5,494.0,1,16277,3
651,1055802,1673.0,442.0,1,16277,4
651,1055803,603.8333129882812,475.6666564941406,3,16278,0
651,1055804,1521.272705078125,455.9090881347656,11,16278,1
651,1055805,635.0,477.5,1,16278,2
651,1055806,1548.0,507.0,1,16278,3
651,1055807,635.0,477.5,1,16279,0
651,1055808,603.8333129882812,475.6666564941406,3,16279,1
651,1055809,1521.272705078125,455.9090881347656,11,16279,2
651,1055810,1548.0,507.0,1,16279,3
651,1055811,1907.25,468.75,2,16280,0
651,1055812,1805.5,494.0,1,16280,1
651,1055813,1527.0,536.0,1,16280,2
651,1055814,1673.0,442.0,1,16280,3
651,1055815,1805.5,494.0,1,16281,0
651,1055816,1527.0,536.0,1,16281,1
651,1055817,1907.25,468.75,2,16281,2
651,1055818,1761.5,446.5,1,16281,3
651,1055819,492.5,464.5,1,16282,0
651,1055820,281.75,493.5,2,16282,1
651,1055821,56.5,516.0,1,16282,2
651,1055822,545.4000244140625,428.79998779296875,5,16282,3
651,1055823,519.5,377.5,1,16282,4
651,1055824,603.8333129882812,475.6666564941406,3,16283,0
651,1055825,281.75,493.5,2,16283,1
651,1055826,56.5,516.0,1,16283,2
651,1055827,635.0,477.5,1,16283,3
651,1055828,492.5,464.5,1,16283,4
651,1055829,281.75,493.5,2,16284,0
651,1055830,56.5,516.0,1,16284,1
651,1055831,492.5,464.5,1,16284,2
651,1055832,554.875,442.0,4,16284,3
651,1055833,1527.0,536.0,1,16285,0
651,1055834,1805.5,494.0,1,16285,1
651,1055835,1548.0,507.0,1,16285,2
651,1055836,1900.0,474.5,1,16285,3
651,1055837,281.75,493.5,2,16286,0
651,1055838,56.5,516.0,1,16286,1
651,1055839,492.5,464.5,1,16286,2
651,1055840,519.5,377.5,1,16286,3
651,1055841,545.4000244140625,428.79998779296875,5,16286,4
651,1055842,56.5,516.0,1,16287,0
651,1055843,492.5,464.5,1,16287,1
651,1055844,281.75,493.5,2,16287,2
651,1055845,519.5,377.5,1,16287,3
651,1055846,545.4000244140625,428.79998779296875,5,16287,4
651,1055847,327.0,642.0,1,16288,0
651,1055848,1548.0,507.0,1,16288,1
661,1055715,1278.8333740234375,473.8333435058594,3,16255,0
661,1055716,562.5,483.0,1,16255,1
661,1055717,635.0,477.5,1,16255,2
661,1055718,519.5,377.5,1,16256,0
661,1055719,527.25,347.5,2,16256,1
661,1055720,492.5,464.5,1,16256,2
661,1055721,241.5,502.0,1,16256,3
661,1055722,56.5,516.0,1,16256,4
661,1055723,515.0,376.3333435058594,3,16256,5
661,1055724,1673.0,442.0,1,16257,0
661,1055725,1907.25,468.75,2,16257,1
661,1055726,1712.0,444.25,4,16257,2
661,1055727,499.5,344.0,1,16258,0
661,1055728,515.0,376.3333435058594,3,16258,1
661,1055729,519.5,377.5,1,16258,2
661,1055730,503.5,394.125,4,16259,0
661,1055731,492.5,464.5,1,16259,1
661,1055732,241.5,502.0,1,16259,2
661,1055733,56.5,516.0,1,16259,3
661,1055734,499.5,344.0,1,16259,4
661,1055735,519.5,377.5,1,16259,5
661,1055736,503.5,394.125,4,16260,0
661,1055737,492.5,464.5,1,16260,1
661,1055738,281.75,493.5,2,16260,2
661,1055739,56.5,516.0,1,16260,3
661,1055740,499.5,344.0,1,16260,4
661,1055741,519.5,377.5,1,16260,5
661,1055742,1548.0,507.0,1,16261,0
661,1055743,562.5,483.0,1,16261,1
661,1055744,635.0,477.5,1,16261,2
661,1055745,1527.0,536.0,1,16261,3
661,1055746,327.0,642.0,1,16261,4
661,1055747,1278.8333740234375,473.8333435058594,3,16262,0
661,1055748,562.5,483.0,1,16262,1
661,1055749,635.0,477.5,1,16262,2
661,1055750,570.125,468.625,4,16263,0
661,1055751,40.0,495.75,2,16263,1
661,1055752,635.0,477.5,1,16263,2
661,1055753,492.5,464.5,1,16263,3
661,1055754,281.75,493.5,2,16263,4
661,1055755,555.0,351.0,1,16264,0
661,1055756,536.0,376.5,1,16264,1
661,1055757,519.5,377.5,1,16264,2
661,1055758,1423.0,462.0,1,16265,0
661,1055759,562.5,483.0,1,16265,1
661,1055760,635.0,477.5,1,16265,2
661,1055761,492.6666564941406,400.0,3,16266,0
661,1055762,679.0,478.0,1,16266,1
661,1055763,492.5,464.5,1,16266,2
661,1055764,281.75,493.5,2,16266,3
661,1055765,56.5,516.0,1,16266,4
661,1055766,1278.8333740234375,473.8333435058594,3,16267,0
661,1055767,562.5,483.0,1,16267,1
661,1055768,635.0,477.5,1,16267,2
661,1055769,1488.0,455.0,1,16268,0
661,1055770,562.5,483.0,1,16268,1
661,1055771,635.0,477.5,1,16268,2
661,1055772,23.5,475.5,1,16269,0
661,1055773,679.0,478.0,1,16269,1
661,1055774,515.0,376.3333435058594,3,16270,0
661,1055775,519.5,377.5,1,16270,1
661,1055776,527.25,347.5,2,16270,2
661,1055777,1569.25,449.75,2,16271,0
661,1055778,562.5,483.0,1,16271,1
661,1055779,635.0,477.5,1,16271,2
661,1055780,1569.25,449.75,2,16272,0
661,1055781,562.5,483.0,1,16272,1
661,1055782,635.0,477.5,1,16272,2
661,1055783,1907.25,468.75,2,16273,0
661,1055784,1805.5,494.0,1,16273,1
661,1055785,1673.0,442.0,1,16273,2
661,1055786,1712.0,444.25,4,16274,0
661,1055787,562.5,483.0,1,16274,1
661,1055788,635.0,477.5,1,16274,2
661,1055789,1673.0,442.0,1,16274,3
661,1055790,1712.0,444.25,4,16275,0
661,1055791,562.5,483.0,1,16275,1
661,1055792,635.0,477.5,1,16275,2
661,1055793,1673.0,442.0,1,16275,3
661,1055794,1712.0,444.25,4,16276,0
661,1055795,562.5,483.0,1,16276,1
661,1055796,635.0,477.5,1,16276,2
661,1055797,1673.0,442.0,1,16276,3
661,1055798,1712.0,444.25,4,16277,0
661,1055799,562.5,483.0,1,16277,1
661,1055800,635.0,477.5,1,16277,2
661,1055801,1805.5,494.0,1,16277,3
661,1055802,1673.0,442.0,1,16277,4
661,1055803,603.8333129882812,475.6666564941406,3,16278,0
661,1055804,1521.272705078125,455.9090881347656,11,16278,1
661,1055805,635.0,477.5,1,16278,2
661,1055806,1548.0,507.0,1,16278,3
661,1055807,635.0,477.5,1,16279,0
661,1055808,603.8333129882812,475.6666564941406,3,16279,1
661,1055809,1521.272705078125,455.9090881347656,11,16279,2
661,1055810,1548.0,507.0,1,16279,3
661,1055811,1907.25,468.75,2,16280,0
661,1055812,1805.5,494.0,1,16280,1
661,1055813,1527.0,536.0,1,16280,2
661,1055814,1673.0,442.0,1,16280,3
661,1055815,1805.5,494.0,1,16281,0
661,1055816,1527.0,536.0,1,16281,1
661,1055817,1907.25,468.75,2,16281,2
661,1055818,1761.5,446.5,1,16281,3
661,1055819,492.5,464.5,1,16282,0
661,1055820,281.75,493.5,2,16282,1
661,1055821,56.5,516.0,1,16282,2
661,1055822,545.4000244140625,428.79998779296875,5,16282,3
661,1055823,519.5,377.5,1,16282,4
661,1055824,603.8333129882812,475.6666564941406,3,16283,0
661,1055825,281.75,493.5,2,16283,1
661,1055826,56.5,516.0,1,16283,2
661,1055827,635.0,477.5,1,16283,3
661,1055828,492.5,464.5,1,16283,4
661,1055829,281.75,493.5,2,16284,0
661,1055830,56.5,516.0,1,16284,1
661,1055831,492.5,464.5,1,16284,2
661,1055832,554.875,442.0,4,16284,3
661,1055833,1527.0,536.0,1,16285,0
661,1055834,1805.5,494.0,1,16285,1
661,1055835,1548.0,507.0,1,16285,2
661,1055836,1900.0,474.5,1,16285,3
661,1055837,281.75,493.5,2,16286,0
661,1055838,56.5,516.0,1,16286,1
661,1055839,492.5,464.5,1,16286,2
661,1055840,519.5,377.5,1,16286,3
661,1055841,545.4000244140625,428.79998779296875,5,16286,4
661,1055842,56.5,516.0,1,16287,0
661,1055843,492.5,464.5,1,16287,1
661,1055844,281.75,493.5,2,16287,2
661,1055845,519.5,377.5,1,16287,3
661,1055846,545.4000244140625,428.79998779296875,5,16287,4
661,1055847,327.0,642.0,1,16288,0
661,1055848,1548.0,507.0,1,16288,1
671,1055715,1278.8333740234375,473.8333435058594,3,16255,0
671,1055716,562.5,483.0,1,16255,1
671,1055717,635.0,477.5,1,16255,2
671,1055718,519.5,377.5,1,16256,0
671,1055719,527.25,347.5,2,16256,1
671,1055720,492.5,464.5,1,16256,2
671,1055721,241.5,502.0,1,16256,3
671,1055722,56.5,516.0,1,16256,4
671,1055723,515.0,376.3333435058594,3,16256,5
671,1055724,1673.0,442.0,1,16257,0
671,1055725,1907.25,468.75,2,16257,1
671,1055726,1712.0,444.25,4,16257,2
671,1055727,499.5,344.0,1,16258,0
671,1055728,515.0,376.3333435058594,3,16258,1
671,1055729,519.5,377.5,1,16258,2
671,1055730,503.5,394.125,4,16259,0
671,1055731,492.5,464.5,1,16259,1
671,1055732,241.5,502.0,1,16259,2
671,1055733,56.5,516.0,1,16259,3
671,1055734,499.5,344.0,1,16259,4
671,1055735,519.5,377.5,1,16259,5
671,1055736,503.5,394.125,4,16260,0
671,1055737,492.5,464.5,1,16260,1
671,1055738,281.75,493.5,2,16260,2
671,1055739,56.5,516.0,1,16260,3
671,1055740,499.5,344.0,1,16260,4
671,1055741,519.5,377.5,1,16260,5
671,1055742,1548.0,507.0,1,16261,0
671,1055743,562.5,483.0,1,16261,1
671,1055744,635.0,477.5,1,16261,2
671,1055745,1527.0,536.0,1,16261,3
671,1055746,327.0,642.0,1,16261,4
671,1055747,1278.8333740234375,473.8333435058594,3,16262,0
671,1055748,562.5,483.0,1,16262,1
671,1055749,635.0,477.5,1,16262,2
671,1055750,570.125,468.625,4,16263,0
671,1055751,40.0,495.75,2,16263,1
671,1055752,635.0,477.5,1,16263,2
671,1055753,492.5,464.5,1,16263,3
671,1055754,281.75,493.5,2,16263,4
671,1055755,555.0,351.0,1,16264,0
671,1055756,536.0,376.5,1,16264,1
671,1055757,519.5,377.5,1,16264,2
671,1055758,1423.0,462.0,1,16265,0
671,1055759,562.5,483.0,1,16265,1
671,1055760,635.0,477.5,1,16265,2
671,1055761,492.6666564941406,400.0,3,16266,0
671,1055762,679.0,478.0,1,16266,1
671,1055763,492.5,464.5,1,16266,2
671,1055764,281.75,493.5,2,16266,3
671,1055765,56.5,516.0,1,16266,4
671,1055766,1278.8333740234375,473.8333435058594,3,16267,0
671,1055767,562.5,483.0,1,16267,1
671,1055768,635.0,477.5,1,16267,2
671,1055769,1488.0,455.0,1,16268,0
671,1055770,562.5,483.0,1,16268,1
671,1055771,635.0,477.5,1,16268,2
671,1055772,23.5,475.5,1,16269,0
671,1055773,679.0,478.0,1,16269,1
671,1055774,515.0,376.3333435058594,3,16270,0
671,1055775,519.5,377.5,1,16270,1
671,1055776,527.25,347.5,2,16270,2
671,1055777,1569.25,449.75,2,16271,0
671,1055778,562.5,483.0,1,16271,1
671,1055779,635.0,477.5,1,16271,2
671,1055780,1569.25,449.75,2,16272,0
671,1055781,562.5,483.0,1,16272,1
671,1055782,635.0,477.5,1,16272,2
671,1055783,1907.25,468.75,2,16273,0
671,1055784,1805.5,494.0,1,16273,1
671,1055785,1673.0,442.0,1,16273,2
671,1055786,1712.0,444.25,4,16274,0
671,1055787,562.5,483.0,1,16274,1
671,1055788,635.0,477.5,1,16274,2
671,1055789,1673.0,442.0,1,16274,3
671,1055790,1712.0,444.25,4,16275,0
671,1055791,562.5,483.0,1,16275,1
671,1055792,635.0,477.5,1,16275,2
671,1055793,1673.0,442.0,1,16275,3
671,1055794,1712.0,444.25,4,16276,0
671,1055795,562.5,483.0,1,16276,1
671,1055796,635.0,477.5,1,16276,2
671,1055797,1673.0,442.0,1,16276,3
671,1055798,1712.0,444.25,4,16277,0
671,1055799,562.5,483.0,1,16277,1
671,1055800,635.0,477.5,1,16277,2
671,1055801,1805.5,494.0,1,16277,3
671,1055802,1673.0,442.0,1,16277,4
671,1055803,603.8333129882812,475.6666564941406,3,16278,0
671,1055804,1521.272705078125,455.9090881347656,11,16278,1
671,1055805,635.0,477.5,1,16278,2
671,1055806,1548.0,507.0,1,16278,3
671,1055807,635.0,477.5,1,16279,0
671,1055808,603.8333129882812,475.6666564941406,3,16279,1
671,1055809,1521.272705078125,455.9090881347656,11,16279,2
671,1055810,1548.0,507.0,1,16279,3
671,1055811,1907.25,468.75,2,16280,0
671,1055812,1805.5,494.0,1,16280,1
671,1055813,1527.0,536.0,1,16280,2
671,1055814,1673.0,442.0,1,16280,3
671,1055815,1805.5,494.0,1,16281,0
671,1055816,1527.0,536.0,1,16281,1
671,1055817,1907.25,468.75,2,16281,2
671,1055818,1761.5,446.5,1,16281,3
671,1055819,492.5,464.5,1,16282,0
671,1055820,281.75,493.5,2,16282,1
671,1055821,56.5,516.0,1,16282,2
671,1055822,545.4000244140625,428.79998779296875,5,16282,3
671,1055823,519.5,377.5,1,16282,4
671,1055824,603.8333129882812,475.6666564941406,3,16283,0
671,1055825,281.75,493.5,2,16283,1
671,1055826,56.5,516.0,1,16283,2
671,1055827,635.0,477.5,1,16283,3
671,1055828,492.5,464.5,1,16283,4
671,1055829,281.75,493.5,2,16284,0
671,1055830,56.5,516.0,1,16284,1
671,1055831,492.5,464.5,1,16284,2
671,1055832,554.875,442.0,4,16284,3
671,1055833,1527.0,536.0,1,16285,0
671,1055834,1805.5,494.0,1,16285,1
671,1055835,1548.0,507.0,1,16285,2
671,1055836,1900.0,474.5,1,16285,3
671,1055837,281.75,493.5,2,16286,0
671,1055838,56.5,516.0,1,16286,1
671,1055839,492.5,464.5,1,16286,2
671,1055840,519.5,377.5,1,16286,3
671,1055841,545.4000244140625,428.79998779296875,5,16286,4
671,1055842,56.5,516.0,1,16287,0
671,1055843,492.5,464.5,1,16287,1
671,1055844,281.75,493.5,2,16287,2
671,1055845,519.5,377.5,1,16287,3
671,1055846,545.4000244140625,428.79998779296875,5,16287,4
671,1055847,327.0,642.0,1,16288,0
671,1055848,1548.0,507.0,1,16288,1
681,1055715,1278.8333740234375,473.8333435058594,3,16255,0
681,1055716,562.5,483.0,1,16255,1
681,1055717,635.0,477.5,1,16255,2
681,1055718,519.5,377.5,1,16256,0
681,1055719,527.25,347.5,2,16256,1
681,1055720,492.5,464.5,1,16256,2
681,1055721,241.5,502.0,1,16256,3
681,1055722,56.5,516.0,1,16256,4
681,1055723,515.0,376.3333435058594,3,16256,5
681,1055724,1673.0,442.0,1,16257,0
681,1055725,1907.25,468.75,2,16257,1
681,1055726,1712.0,444.25,4,16257,2
681,1055727,499.5,344.0,1,16258,0
681,1055728,515.0,376.3333435058594,3,16258,1
681,1055729,519.5,377.5,1,16258,2
681,1055730,503.5,394.125,4,16259,0
681,1055731,492.5,464.5,1,16259,1
681,1055732,241.5,502.0,1,16259,2
681,1055733,56.5,516.0,1,16259,3
681,1055734,499.5,344.0,1,16259,4
681,1055735,519.5,377.5,1,16259,5
681,1055736,503.5,394.125,4,16260,0
681,1055737,492.5,464.5,1,16260,1
681,1055738,281.75,493.5,2,16260,2
681,1055739,56.5,516.0,1,16260,3
681,1055740,499.5,344.0,1,16260,4
681,1055741,519.5,377.5,1,16260,5
681,1055742,1548.0,507.0,1,16261,0
681,1055743,562.5,483.0,1,16261,1
681,1055744,635.0,477.5,1,16261,2
681,1055745,1527.0,536.0,1,16261,3
681,1055746,327.0,642.0,1,16261,4
681,1055747,1278.8333740234375,473.8333435058594,3,16262,0
681,1055748,562.5,483.0,1,16262,1
681,1055749,635.0,477.5,1,16262,2
681,1055750,570.125,468.625,4,16263,0
681,1055751,40.0,495.75,2,16263,1
681,1055752,635.0,477.5,1,16263,2
681,1055753,492.5,464.5,1,16263,3
681,1055754,281.75,493.5,2,16263,4
681,1055755,555.0,351.0,1,16264,0
681,1055756,536.0,376.5,1,16264,1
681,1055757,519.5,377.5,1,16264,2
681,1055758,1423.0,462.0,1,16265,0
681,1055759,562.5,483.0,1,16265,1
681,1055760,635.0,477.5,1,16265,2
681,1055761,492.6666564941406,400.0,3,16266,0
681,1055762,679.0,478.0,1,16266,1
681,1055763,492.5,464.5,1,16266,2
681,1055764,281.75,493.5,2,16266,3
681,1055765,56.5,516.0,1,16266,4
681,1055766,1278.8333740234375,473.8333435058594,3,16267,0
681,1055767,562.5,483.0,1,16267,1
681,1055768,635.0,477.5,1,16267,2
681,1055769,1488.0,455.0,1,16268,0
681,1055770,562.5,483.0,1,16268,1
681,1055771,635.0,477.5,1,16268,2
681,1055772,23.5,475.5,1,16269,0
681,1055773,679.0,478.0,1,16269,1
681,1055774,515.0,376.3333435058594,3,16270,0
681,1055775,519.5,377.5,1,16270,1
681,1055776,527.25,347.5,2,16270,2
681,1055777,1569.25,449.75,2,16271,0
681,1055778,562.5,483.0,1,16271,1
681,1055779,635.0,477.5,1,16271,2
681,1055780,1569.25,449.75,2,16272,0
681,1055781,562.5,483.0,1,16272,1
681,1055782,635.0,477.5,1,16272,2
681,1055783,1907.25,468.75,2,16273,0
681,1055784,1805.5,494.0,1,16273,1
681,1055785,1673.0,442.0,1,16273,2
681,1055786,1712.0,444.25,4,16274,0
681,1055787,562.5,483.0,1,16274,1
681,1055788,635.0,477.5,1,16274,2
681,1055789,1673.0,442.0,1,16274,3
681,1055790,1712.0,444.25,4,16275,0
681,1055791,562.5,483.0,1,16275,1
681,1055792,635.0,477.5,1,16275,2
681,1055793,1673.0,442.0,1,16275,3
681,1055794,1712.0,444.25,4,16276,0
681,1055795,562.5,483.0,1,16276,1
681,1055796,635.0,477.5,1,16276,2
681,1055797,1673.0,442.0,1,16276,3
681,1055798,1712.0,444.25,4,16277,0
681,1055799,562.5,483.0,1,16277,1
681,1055800,635.0,477.5,1,16277,2
681,1055801,1805.5,494.0,1,16277,3
681,1055802,1673.0,442.0,1,16277,4
681,1055803,603.8333129882812,475.6666564941406,3,16278,0
681,1055804,1521.272705078125,455.9090881347656,11,16278,1
681,1055805,635.0,477.5,1,16278,2
681,1055806,1548.0,507.0,1,16278,3
681,1055807,635.0,477.5,1,16279,0
681,1055808,603.8333129882812,475.6666564941406,3,16279,1
681,1055809,1521.272705078125,455.9090881347656,11,16279,2
681,1055810,1548.0,507.0,1,16279,3
681,1055811,1907.25,468.75,2,16280,0
681,1055812,1805.5,494.0,1,16280,1
681,1055813,1527.0,536.0,1,16280,2
681,1055814,1673.0,442.0,1,16280,3
681,1055815,1805.5,494.0,1,16281,0
681,1055816,1527.0,536.0,1,16281,1
681,1055817,1907.25,468.75,2,16281,2
681,1055818,1761.5,446.5,1,16281,3
681,1055819,492.5,464.5,1,16282,0
681,1055820,281.75,493.5,2,16282,1
681,1055821,56.5,516.0,1,16282,2
681,1055822,545.4000244140625,428.79998779296875,5,16282,3
681,1055823,519.5,377.5,1,16282,4
681,1055824,603.8333129882812,475.6666564941406,3,16283,0
681,1055825,281.75,493.5,2,16283,1
681,1055826,56.5,516.0,1,16283,2
681,1055827,635.0,477.5,1,16283,3
681,1055828,492.5,464.5,1,16283,4
681,1055829,281.75,493.5,2,16284,0
681,1055830,56.5,516.0,1,16284,1
681,1055831,492.5,464.5,1,16284,2
681,1055832,554.875,442.0,4,16284,3
681,1055833,1527.0,536.0,1,16285,0
681,1055834,1805.5,494.0,1,16285,1
681,1055835,1548.0,507.0,1,16285,2
681,1055836,1900.0,474.5,1,16285,3
681,1055837,281.75,493.5,2,16286,0
681,1055838,56.5,516.0,1,16286,1
681,1055839,492.5,464.5,1,16286,2
681,1055840,519.5,377.5,1,16286,3
681,1055841,545.4000244140625,428.79998779296875,5,16286,4
681,1055842,56.5,516.0,1,16287,0
681,1055843,492.5,464.5,1,16287,1
681,1055844,281.75,493.5,2,16287,2
681,1055845,519.5,377.5,1,16287,3
681,1055846,545.4000244140625,428.79998779296875,5,16287,4
681,1055847,327.0,642.0,1,16288,0
681,1055848,1548.0,507.0,1,16288,1
691,1055715,1278.8333740234375,473.8333435058594,3,16255,0
691,1055716,562.5,483.0,1,16255,1
691,1055717,635.0,477.5,1,16255,2
691,1055718,519.5,377.5,1,16256,0
691,1055719,527.25,347.5,2,16256,1
691,1055720,492.5,464.5,1,16256,2
691,1055721,241.5,502.0,1,16256,3
691,1055722,56.5,516.0,1,16256,4
691,1055723,515.0,376.3333435058594,3,16256,5
691,1055724,1673.0,442.0,1,16257,0
691,1055725,1907.25,468.75,2,16257,1
691,1055726,1712.0,444.25,4,16257,2
691,1055727,499.5,344.0,1,16258,0
691,1055728,515.0,376.3333435058594,3,16258,1
691,1055729,519.5,377.5,1,16258,2
691,1055730,503.5,394.125,4,16259,0
691,1055731,492.5,464.5,1,16259,1
691,1055732,241.5,502.0,1,16259,2
691,1055733,56.5,516.0,1,16259,3
691,1055734,499.5,344.0,1,16259,4
691,1055735,519.5,377.5,1,16259,5
691,1055736,503.5,394.125,4,16260,0
691,1055737,492.5,464.5,1,16260,1
691,1055738,281.75,493.5,2,16260,2
691,1055739,56.5,516.0,1,16260,3
691,1055740,499.5,344.0,1,16260,4
691,1055741,519.5,377.5,1,16260,5
691,1055742,1548.0,507.0,1,16261,0
691,1055743,562.5,483.0,1,16261,1
691,1055744,635.0,477.5,1,16261,2
691,1055745,1527.0,536.0,1,16261,3
691,1055746,327.0,642.0,1,16261,4
691,1055747,1278.8333740234375,473.8333435058594,3,16262,0
691,1055748,562.5,483.0,1,16262,1
691,1055749,635.0,477.5,1,16262,2
691,1055750,570.125,468.625,4,16263,0
691,1055751,40.0,495.75,2,16263,1
691,1055752,635.0,477.5,1,16263,2
691,1055753,492.5,464.5,1,16263,3
691,1055754,281.75,493.5,2,16263,4
691,1055755,555.0,351.0,1,16264,0
691,1055756,536.0,376.5,1,16264,1
691,1055757,519.5,377.5,1,16264,2
691,1055758,1423.0,462.0,1,16265,0
691,1055759,562.5,483.0,1,16265,1
691,1055760,635.0,477.5,1,16265,2
691,1055761,492.6666564941406,400.0,3,16266,0
691,1055762,679.0,478.0,1,16266,1
691,1055763,492.5,464.5,1,16266,2
691,1055764,281.75,493.5,2,16266,3
691,1055765,56.5,516.0,1,16266,4
691,1055766,1278.8333740234375,473.8333435058594,3,16267,0
691,1055767,562.5,483.0,1,16267,1
691,1055768,635.0,477.5,1,16267,2
691,1055769,1488.0,455.0,1,16268,0
691,1055770,562.5,483.0,1,16268,1
691,1055771,635.0,477.5,1,16268,2
691,1055772,23.5,475.5,1,16269,0
691,1055773,679.0,478.0,1,16269,1
691,1055774,515.0,376.3333435058594,3,16270,0
691,1055775,519.5,377.5,1,16270,1
691,1055776,527.25,347.5,2,16270,2
691,1055777,1569.25,449.75,2,16271,0
691,1055778,562.5,483.0,1,16271,1
691,1055779,635.0,477.5,1,16271,2
691,1055780,1569.25,449.75,2,16272,0
691,1055781,562.5,483.0,1,16272,1
691,1055782,635.0,477.5,1,16272,2
691,1055783,1907.25,468.75,2,16273,0
691,1055784,1805.5,494.0,1,16273,1
691,1055785,1673.0,442.0,1,16273,2
691,1055786,1712.0,444.25,4,16274,0
691,1055787,562.5,483.0,1,16274,1
691,1055788,635.0,477.5,1,16274,2
691,1055789,1673.0,442.0,1,16274,3
691,1055790,1712.0,444.25,4,16275,0
691,1055791,562.5,483.0,1,16275,1
691,1055792,635.0,477.5,1,16275,2
691,1055793,1673.0,442.0,1,16275,3
691,1055794,1712.0,444.25,4,16276,0
691,1055795,562.5,483.0,1,16276,1
691,1055796,635.0,477.5,1,16276,2
691,1055797,1673.0,442.0,1,16276,3
691,1055798,1712.0,444.25,4,16277,0
691,1055799,562.5,483.0,1,16277,1
691,1055800,635.0,477.5,1,16277,2
691,1055801,1805.5,494.0,1,16277,3
691,1055802,1673.0,442.0,1,16277,4
691,1055803,603.8333129882812,475.6666564941406,3,16278,0
691,1055804,1521.272705078125,455.9090881347656,11,16278,1
691,1055805,635.0,477.5,1,16278,2
691,1055806,1548.0,507.0,1,16278,3
691,1055807,635.0,477.5,1,16279,0
691,1055808,603.8333129882812,475.6666564941406,3,16279,1
691,1055809,1521.272705078125,455.9090881347656,11,16279,2
691,1055810,1548.0,507.0,1,16279,3
691,1055811,1907.25,468.75,2,16280,0
691,1055812,1805.5,494.0,1,16280,1
691,1055813,1527.0,536.0,1,16280,2
691,1055814,1673.0,442.0,1,16280,3
691,1055815,1805.5,494.0,1,16281,0
691,1055816,1527.0,536.0,1,16281,1
691,1055817,1907.25,468.75,2,16281,2
691,1055818,1761.5,446.5,1,16281,3
691,1055819,492.5,464.5,1,16282,0
691,1055820,281.75,493.5,2,16282,1
691,1055821,56.5,516.0,1,16282,2
691,1055822,545.4000244140625,428.79998779296875,5,16282,3
691,1055823,519.5,377.5,1,16282,4
691,1055824,603.8333129882812,475.6666564941406,3,16283,0
691,1055825,281.75,493.5,2,16283,1
691,1055826,56.5,516.0,1,16283,2
691,1055827,635.0,477.5,1,16283,3
691,1055828,492.5,464.5,1,16283,4
691,1055829,281.75,493.5,2,16284,0
691,1055830,56.5,516.0,1,16284,1
691,1055831,492.5,464.5,1,16284,2
691,1055832,554.875,442.0,4,16284,3
691,1055833,1527.0,536.0,1,16285,0
691,1055834,1805.5,494.0,1,16285,1
691,1055835,1548.0,507.0,1,16285,2
691,1055836,1900.0,474.5,1,16285,3
691,1055837,281.75,493.5,2,16286,0
691,1055838,56.5,516.0,1,16286,1
691,1055839,492.5,464.5,1,16286,2
691,1055840,519.5,377.5,1,16286,3
691,1055841,545.4000244140625,428.79998779296875,5,16286,4
691,1055842,56.5,516.0,1,16287,0
691,1055843,492.5,464.5,1,16287,1
691,1055844,281.75,493.5,2,16287,2
691,1055845,519.5,377.5,1,16287,3
691,1055846,545.4000244140625,428.79998779296875,5,16287,4
691,1055847,327.0,642.0,1,16288,0
691,1055848,1548.0,507.0,1,16288,1
701,1055715,1278.8333740234375,473.8333435058594,3,16255,0
701,1055716,562.5,483.0,1,16255,1
701,1055717,635.0,477.5,1,16255,2
701,1055718,519.5,377.5,1,16256,0
701,1055719,527.25,347.5,2,16256,1
701,1055720,492.5,464.5,1,16256,2
701,1055721,241.5,502.0,1,16256,3
701,1055722,56.5,516.0,1,16256,4
701,1055723,515.0,376.3333435058594,3,16256,5
701,1055724,1673.0,442.0,1,16257,0
701,1055725,1907.25,468.75,2,16257,1
701,1055726,1712.0,444.25,4,16257,2
701,1055727,499.5,344.0,1,16258,0
701,1055728,515.0,376.3333435058594,3,16258,1
701,1055729,519.5,377.5,1,16258,2
701,1055730,503.5,394.125,4,16259,0
701,1055731,492.5,464.5,1,16259,1
701,1055732,241.5,502.0,1,16259,2
701,1055733,56.5,516.0,1,16259,3
701,1055734,499.5,344.0,1,16259,4
701,1055735,519.5,377.5,1,16259,5
701,1055736,503.5,394.125,4,16260,0
701,1055737,492.5,464.5,1,16260,1
701,1055738,281.75,493.5,2,16260,2
701,1055739,56.5,516.0,1,16260,3
701,1055740,499.5,344.0,1,16260,4
701,1055741,519.5,377.5,1,16260,5
701,1055742,1548.0,507.0,1,16261,0
701,1055743,562.5,483.0,1,16261,1
701,1055744,635.0,477.5,1,16261,2
701,1055745,1527.0,536.0,1,16261,3
701,1055746,327.0,642.0,1,16261,4
701,1055747,1278.8333740234375,473.8333435058594,3,16262,0
701,1055748,562.5,483.0,1,16262,1
701,1055749,635.0,477.5,1,16262,2
701,1055750,570.125,468.625,4,16263,0
701,1055751,40.0,495.75,2,16263,1
701,1055752,635.0,477.5,1,16263,2
701,1055753,492.5,464.5,1,16263,3
701,1055754,281.75,493.5,2,16263,4
701,1055755,555.0,351.0,1,16264,0
701,1055756,536.0,376.5,1,16264,1
701,1055757,519.5,377.5,1,16264,2
701,1055758,1423.0,462.0,1,16265,0
701,1055759,562.5,483.0,1,16265,1
701,1055760,635.0,477.5,1,16265,2
701,1055761,492.6666564941406,400.0,3,16266,0
701,1055762,679.0,478.0,1,16266,1
701,1055763,492.5,464.5,1,16266,2
701,1055764,281.75,493.5,2,16266,3
701,1055765,56.5,516.0,1,16266,4
701,1055766,1278.8333740234375,473.8333435058594,3,16267,0
701,1055767,562.5,483.0,1,16267,1
701,1055768,635.0,477.5,1,16267,2
701,1055769,1488.0,455.0,1,16268,0
701,1055770,562.5,483.0,1,16268,1
701,1055771,635.0,477.5,1,16268,2
701,1055772,23.5,475.5,1,16269,0
701,1055773,679.0,478.0,1,16269,1
701,1055774,515.0,376.3333435058594,3,16270,0
701,1055775,519.5,377.5,1,16270,1
701,1055776,527.25,347.5,2,16270,2
701,1055777,1569.25,449.75,2,16271,0
701,1055778,562.5,483.0,1,16271,1
701,1055779,635.0,477.5,1,16271,2
701,1055780,1569.25,449.75,2,16272,0
701,1055781,562.5,483.0,1,16272,1
701,1055782,635.0,477.5,1,16272,2
701,1055783,1907.25,468.75,2,16273,0
701,1055784,1805.5,494.0,1,16273,1
701,1055785,1673.0,442.0,1,16273,2
701,1055786,1712.0,444.25,4,16274,0
701,1055787,562.5,483.0,1,16274,1
701,1055788,635.0,477.5,1,16274,2
701,1055789,1673.0,442.0,1,16274,3
701,1055790,1712.0,444.25,4,16275,0
701,1055791,562.5,483.0,1,16275,1
701,1055792,635.0,477.5,1,16275,2
701,1055793,1673.0,442.0,1,16275,3
701,1055794,1712.0,444.25,4,16276,0
701,1055795,562.5,483.0,1,16276,1
701,1055796,635.0,477.5,1,16276,2
701,1055797,1673.0,442.0,1,16276,3
701,1055798,1712.0,444.25,4,16277,0
701,1055799,562.5,483.0,1,16277,1
701,1055800,635.0,477.5,1,16277,2
701,1055801,1805.5,494.0,1,16277,3
701,1055802,1673.0,442.0,1,16277,4
701,1055803,603.8333129882812,475.6666564941406,3,16278,0
701,1055804,1521.272705078125,455.9090881347656,11,16278,1
701,1055805,635.0,477.5,1,16278,2
701,1055806,1548.0,507.0,1,16278,3
701,1055807,635.0,477.5,1,16279,0
701,1055808,603.8333129882812,475.6666564941406,3,16279,1
701,1055809,1521.272705078125,455.9090881347656,11,16279,2
701,1055810,1548.0,507.0,1,16279,3
701,1055811,1907.25,468.75,2,16280,0
701,1055812,1805.5,494.0,1,16280,1
701,1055813,1527.0,536.0,1,16280,2
701,1055814,1673.0,442.0,1,16280,3
701,1055815,1805.5,494.0,1,16281,0
701,1055816,1527.0,536.0,1,16281,1
701,1055817,1907.25,468.75,2,16281,2
701,1055818,1761.5,446.5,1,16281,3
701,1055819,492.5,464.5,1,16282,0
701,1055820,281.75,493.5,2,16282,1
701,1055821,56.5,516.0,1,16282,2
701,1055822,545.4000244140625,428.79998779296875,5,16282,3
701,1055823,519.5,377.5,1,16282,4
701,1055824,603.8333129882812,475.6666564941406,3,16283,0
701,1055825,281.75,493.5,2,16283,1
701,1055826,56.5,516.0,1,16283,2
701,1055827,635.0,477.5,1,16283,3
701,1055828,492.5,464.5,1,16283,4
701,1055829,281.75,493.5,2,16284,0
701,1055830,56.5,516.0,1,16284,1
701,1055831,492.5,464.5,1,16284,2
701,1055832,554.875,442.0,4,16284,3
701,1055833,1527.0,536.0,1,16285,0
701,1055834,1805.5,494.0,1,16285,1
701,1055835,1548.0,507.0,1,16285,2
701,1055836,1900.0,474.5,1,16285,3
701,1055837,281.75,493.5,2,16286,0
701,1055838,56.5,516.0,1,16286,1
701,1055839,492.5,464.5,1,16286,2
701,1055840,519.5,377.5,1,16286,3
701,1055841,545.4000244140625,428.79998779296875,5,16286,4
701,1055842,56.5,516.0,1,16287,0
701,1055843,492.5,464.5,1,16287,1
701,1055844,281.75,493.5,2,16287,2
701,1055845,519.5,377.5,1,16287,3
701,1055846,545.4000244140625,428.79998779296875,5,16287,4
701,1055847,327.0,642.0,1,16288,0
701,1055848,1548.0,507.0,1,16288,1
711,1055715,1278.8333740234375,473.8333435058594,3,16255,0
711,1055716,562.5,483.0,1,16255,1
711,1055717,635.0,477.5,1,16255,2
711,1055718,519.5,377.5,1,16256,0
711,1055719,527.25,347.5,2,16256,1
711,1055720,492.5,464.5,1,16256,2
711,1055721,241.5,502.0,1,16256,3
711,1055722,56.5,516.0,1,16256,4
711,1055723,515.0,376.3333435058594,3,16256,5
711,1055724,1673.0,442.0,1,16257,0
711,1055725,1907.25,468.75,2,16257,1
711,1055726,1712.0,444.25,4,16257,2
711,1055727,499.5,344.0,1,16258,0
711,1055728,515.0,376.3333435058594,3,16258,1
711,1055729,519.5,377.5,1,16258,2
711,1055730,503.5,394.125,4,16259,0
711,1055731,492.5,464.5,1,16259,1
711,1055732,241.5,502.0,1,16259,2
711,1055733,56.5,516.0,1,16259,3
711,1055734,499.5,344.0,1,16259,4
711,1055735,519.5,377.5,1,16259,5
711,1055736,503.5,394.125,4,16260,0
711,1055737,492.5,464.5,1,16260,1
711,1055738,281.75,493.5,2,16260,2
711,1055739,56.5,516.0,1,16260,3
711,1055740,499.5,344.0,1,16260,4
711,1055741,519.5,377.5,1,16260,5
711,1055742,1548.0,507.0,1,16261,0
711,1055743,562.5,483.0,1,16261,1
711,1055744,635.0,477.5,1,16261,2
711,1055745,1527.0,536.0,1,16261,3
711,1055746,327.0,642.0,1,16261,4
711,1055747,1278.8333740234375,473.8333435058594,3,16262,0
711,1055748,562.5,483.0,1,16262,1
711,1055749,635.0,477.5,1,16262,2
711,1055750,570.125,468.625,4,16263,0
711,1055751,40.0,495.75,2,16263,1
711,1055752,635.0,477.5,1,16263,2
711,1055753,492.5,464.5,1,16263,3
711,1055754,281.75,493.5,2,16263,4
711,1055755,555.0,351.0,1,16264,0
711,1055756,536.0,376.5,1,16264,1
711,1055757,519.5,377.5,1,16264,2
711,1055758,1423.0,462.0,1,16265,0
711,1055759,562.5,483.0,1,16265,1
711,1055760,635.0,477.5,1,16265,2
711,1055761,492.6666564941406,400.0,3,16266,0
711,1055762,679.0,478.0,1,16266,1
711,1055763,492.5,464.5,1,16266,2
711,1055764,281.75,493.5,2,16266,3
711,1055765,56.5,516.0,1,16266,4
711,1055766,1278.8333740234375,473.8333435058594,3,16267,0
711,1055767,562.5,483.0,1,16267,1
711,1055768,635.0,477.5,1,16267,2
711,1055769,1488.0,455.0,1,16268,0
711,1055770,562.5,483.0,1,16268,1
711,1055771,635.0,477.5,1,16268,2
711,1055772,23.5,475.5,1,16269,0
711,1055773,679.0,478.0,1,16269,1
711,1055774,515.0,376.3333435058594,3,16270,0
711,1055775,519.5,377.5,1,16270,1
711,1055776,527.25,347.5,2,16270,2
711,1055777,1569.25,449.75,2,16271,0
711,1055778,562.5,483.0,1,16271,1
711,1055779,635.0,477.5,1,16271,2
711,1055780,1569.25,449.75,2,16272,0
711,1055781,562.5,483.0,1,16272,1
711,1055782,635.0,477.5,1,16272,2
711,1055783,1907.25,468.75,2,16273,0
711,1055784,1805.5,494.0,1,16273,1
711,1055785,1673.0,442.0,1,16273,2
711,1055786,1712.0,444.25,4,16274,0
711,1055787,562.5,483.0,1,16274,1
711,1055788,635.0,477.5,1,16274,2
711,1055789,1673.0,442.0,1,16274,3
711,1055790,1712.0,444.25,4,16275,0
711,1055791,562.5,483.0,1,16275,1
711,1055792,635.0,477.5,1,16275,2
711,1055793,1673.0,442.0,1,16275,3
711,1055794,1712.0,444.25,4,16276,0
711,1055795,562.5,483.0,1,16276,1
711,1055796,635.0,477.5,1,16276,2
711,1055797,1673.0,442.0,1,16276,3
711,1055798,1712.0,444.25,4,16277,0
711,1055799,562.5,483.0,1,16277,1
711,1055800,635.0,477.5,1,16277,2
711,1055801,1805.5,494.0,1,16277,3
711,1055802,1673.0,442.0,1,16277,4
711,1055803,603.8333129882812,475.6666564941406,3,16278,0
711,1055804,1521.272705078125,455.9090881347656,11,16278,1
711,1055805,635.0,477.5,1,16278,2
711,1055806,1548.0,507.0,1,16278,3
711,1055807,635.0,477.5,1,16279,0
711,1055808,603.8333129882812,475.6666564941406,3,16279,1
711,1055809,1521.272705078125,455.9090881347656,11,16279,2
711,1055810,1548.0,507.0,1,16279,3
711,1055811,1907.25,468.75,2,16280,0
711,1055812,1805.5,494.0,1,16280,1
711,1055813,1527.0,536.0,1,16280,2
711,1055814,1673.0,442.0,1,16280,3
711,1055815,1805.5,494.0,1,16281,0
711,1055816,1527.0,536.0,1,16281,1
711,1055817,1907.25,468.75,2,16281,2
711,1055818,1761.5,446.5,1,16281,3
711,1055819,492.5,464.5,1,16282,0
711,1055820,281.75,493.5,2,16282,1
711,1055821,56.5,516.0,1,16282,2
711,1055822,545.4000244140625,428.79998779296875,5,16282,3
711,1055823,519.5,377.5,1,16282,4
711,1055824,603.8333129882812,475.6666564941406,3,16283,0
711,1055825,281.75,493.5,2,16283,1
711,1055826,56.5,516.0,1,16283,2
711,1055827,635.0,477.5,1,16283,3
711,1055828,492.5,464.5,1,16283,4
711,1055829,281.75,493.5,2,16284,0
711,1055830,56.5,516.0,1,16284,1
711,1055831,492.5,464.5,1,16284,2
711,1055832,554.875,442.0,4,16284,3
711,1055833,1527.0,536.0,1,16285,0
711,1055834,1805.5,494.0,1,16285,1
711,1055835,1548.0,507.0,1,16285,2
711,1055836,1900.0,474.5,1,16285,3
711,1055837,281.75,493.5,2,16286,0
711,1055838,56.5,516.0,1,16286,1
711,1055839,492.5,464.5,1,16286,2
711,1055840,519.5,377.5,1,16286,3
711,1055841,545.4000244140625,428.79998779296875,5,16286,4
711,1055842,56.5,516.0,1,16287,0
711,1055843,492.5,464.5,1,16287,1
711,1055844,281.75,493.5,2,16287,2
711,1055845,519.5,377.5,1,16287,3
711,1055846,545.4000244140625,428.79998779296875,5,16287,4
711,1055847,327.0,642.0,1,16288,0
711,1055848,1548.0,507.0,1,16288,1
721,1055715,1278.8333740234375,473.8333435058594,3,16255,0
721,1055716,562.5,483.0,1,16255,1
721,1055717,635.0,477.5,1,16255,2
721,1055718,519.5,377.5,1,16256,0
721,1055719,527.25,347.5,2,16256,1
721,1055720,492.5,464.5,1,16256,2
721,1055721,241.5,502.0,1,16256,3
721,1055722,56.5,516.0,1,16256,4
721,1055723,515.0,376.3333435058594,3,16256,5
721,1055724,1673.0,442.0,1,16257,0
721,1055725,1907.25,468.75,2,16257,1
721,1055726,1712.0,444.25,4,16257,2
721,1055727,499.5,344.0,1,16258,0
721,1055728,515.0,376.3333435058594,3,16258,1
721,1055729,519.5,377.5,1,16258,2
721,1055730,503.5,394.125,4,16259,0
721,1055731,492.5,464.5,1,16259,1
721,1055732,241.5,502.0,1,16259,2
721,1055733,56.5,516.0,1,16259,3
721,1055734,499.5,344.0,1,16259,4
721,1055735,519.5,377.5,1,16259,5
721,1055736,503.5,394.125,4,16260,0
721,1055737,492.5,464.5,1,16260,1
721,1055738,281.75,493.5,2,16260,2
721,1055739,56.5,516.0,1,16260,3
721,1055740,499.5,344.0,1,16260,4
721,1055741,519.5,377.5,1,16260,5
721,1055742,1548.0,507.0,1,16261,0
721,1055743,562.5,483.0,1,16261,1
721,1055744,635.0,477.5,1,16261,2
721,1055745,1527.0,536.0,1,16261,3
721,1055746,327.0,642.0,1,16261,4
721,1055747,1278.8333740234375,473.8333435058594,3,16262,0
721,1055748,562.5,483.0,1,16262,1
721,1055749,635.0,477.5,1,16262,2
721,1055750,570.125,468.625,4,16263,0
721,1055751,40.0,495.75,2,16263,1
721,1055752,635.0,477.5,1,16263,2
721,1055753,492.5,464.5,1,16263,3
721,1055754,281.75,493.5,2,16263,4
721,1055755,555.0,351.0,1,16264,0
721,1055756,536.0,376.5,1,16264,1
721,1055757,519.5,377.5,1,16264,2
721,1055758,1423.0,462.0,1,16265,0
721,1055759,562.5,483.0,1,16265,1
721,1055760,635.0,477.5,1,16265,2
721,1055761,492.6666564941406,400.0,3,16266,0
721,1055762,679.0,478.0,1,16266,1
721,1055763,492.5,464.5,1,16266,2
721,1055764,281.75,493.5,2,16266,3
721,1055765,56.5,516.0,1,16266,4
721,1055766,1278.8333740234375,473.8333435058594,3,16267,0
721,1055767,562.5,483.0,1,16267,1
721,1055768,635.0,477.5,1,16267,2
721,1055769,1488.0,455.0,1,16268,0
721,1055770,562.5,483.0,1,16268,1
721,1055771,635.0,477.5,1,16268,2
721,1055772,23.5,475.5,1,16269,0
721,1055773,679.0,478.0,1,16269,1
721,1055774,515.0,376.3333435058594,3,16270,0
721,1055775,519.5,377.5,1,16270,1
721,1055776,527.25,347.5,2,16270,2
721,1055777,1569.25,449.75,2,16271,0
721,1055778,562.5,483.0,1,16271,1
721,1055779,635.0,477.5,1,16271,2
721,1055780,1569.25,449.75,2,16272,0
721,1055781,562.5,483.0,1,16272,1
721,1055782,635.0,477.5,1,16272,2
721,1055783,1907.25,468.75,2,16273,0
721,1055784,1805.5,494.0,1,16273,1
721,1055785,1673.0,442.0,1,16273,2
721,1055786,1712.0,444.25,4,16274,0
721,1055787,562.5,483.0,1,16274,1
721,1055788,635.0,477.5,1,16274,2
721,1055789,1673.0,442.0,1,16274,3
721,1055790,1712.0,444.25,4,16275,0
721,1055791,562.5,483.0,1,16275,1
721,1055792,635.0,477.5,1,16275,2
721,1055793,1673.0,442.0,1,16275,3
721,1055794,1712.0,444.25,4,16276,0
721,1055795,562.5,483.0,1,16276,1
721,1055796,635.0,477.5,1,16276,2
721,1055797,1673.0,442.0,1,16276,3
721,1055798,1712.0,444.25,4,16277,0
721,1055799,562.5,483.0,1,16277,1
721,1055800,635.0,477.5,1,16277,2
721,1055801,1805.5,494.0,1,16277,3
721,1055802,1673.0,442.0,1,16277,4
721,1055803,603.8333129882812,475.6666564941406,3,16278,0
721,1055804,1521.272705078125,455.9090881347656,11,16278,1
721,1055805,635.0,477.5,1,16278,2
721,1055806,1548.0,507.0,1,16278,3
721,1055807,635.0,477.5,1,16279,0
721,1055808,603.8333129882812,475.6666564941406,3,16279,1
721,1055809,1521.272705078125,455.9090881347656,11,16279,2
721,1055810,1548.0,507.0,1,16279,3
721,1055811,1907.25,468.75,2,16280,0
721,1055812,1805.5,494.0,1,16280,1
721,1055813,1527.0,536.0,1,16280,2
721,1055814,1673.0,442.0,1,16280,3
721,1055815,1805.5,494.0,1,16281,0
721,1055816,1527.0,536.0,1,16281,1
721,1055817,1907.25,468.75,2,16281,2
721,1055818,1761.5,446.5,1,16281,3
721,1055819,492.5,464.5,1,16282,0
721,1055820,281.75,493.5,2,16282,1
721,1055821,56.5,516.0,1,16282,2
721,1055822,545.4000244140625,428.79998779296875,5,16282,3
721,1055823,519.5,377.5,1,16282,4
721,1055824,603.8333129882812,475.6666564941406,3,16283,0
721,1055825,281.75,493.5,2,16283,1
721,1055826,56.5,516.0,1,16283,2
721,1055827,635.0,477.5,1,16283,3
721,1055828,492.5,464.5,1,16283,4
721,1055829,281.75,493.5,2,16284,0
721,1055830,56.5,516.0,1,16284,1
721,1055831,492.5,464.5,1,16284,2
721,1055832,554.875,442.0,4,16284,3
721,1055833,1527.0,536.0,1,16285,0
721,1055834,1805.5,494.0,1,16285,1
721,1055835,1548.0,507.0,1,16285,2
721,1055836,1900.0,474.5,1,16285,3
721,1055837,281.75,493.5,2,16286,0
721,1055838,56.5,516.0,1,16286,1
721,1055839,492.5,464.5,1,16286,2
721,1055840,519.5,377.5,1,16286,3
721,1055841,545.4000244140625,428.79998779296875,5,16286,4
721,1055842,56.5,516.0,1,16287,0
721,1055843,492.5,464.5,1,16287,1
721,1055844,281.75,493.5,2,16287,2
721,1055845,519.5,377.5,1,16287,3
721,1055846,545.4000244140625,428.79998779296875,5,16287,4
721,1055847,327.0,642.0,1,16288,0
721,1055848,1548.0,507.0,1,16288,1
731,1055715,1246.3333740234375,474.3333435058594,2,16255,0
731,1055716,613.5,481.0,1,16255,1
731,1055717,679.0,478.5,1,16255,2
731,1055718,515.0,383.5,1,16256,0
731,1055719,527.0,347.5,2,16256,1
731,1055720,490.5,463.5,1,16256,2
731,1055721,254.0,501.0,1,16256,3
731,1055722,78.5,513.5,1,16256,4
731,1055723,511.75,386.0833435058594,2,16256,5
731,1055724,1673.0,442.0,1,16257,0
731,1055725,1882.75,466.75,2,16257,1
731,1055726,1698.6666259765625,444.25,3,16257,2
731,1055727,499.5,344.0,1,16258,0
731,1055728,511.75,386.0833435058594,2,16258,1
731,1055729,515.0,383.5,1,16258,2
731,1055730,499.8333435058594,400.7916564941406,3,16259,0
731,1055731,490.5,463.5,1,16259,1
731,1055732,254.0,501.0,1,16259,2
731,1055733,78.5,513.5,1,16259,3
731,1055734,499.5,344.0,1,16259,4
731,1055735,515.0,383.5,1,16259,5
731,1055736,499.8333435058594,400.7916564941406,3,16260,0
731,1055737,490.5,463.5,1,16260,1
731,1055738,295.0,492.5,2,16260,2
731,1055739,78.5,513.5,1,16260,3
731,1055740,499.5,344.0,1,16260,4
731,1055741,515.0,383.5,1,16260,5
731,1055742,1538.0,502.0,1,16261,0
731,1055743,613.5,481.0,1,16261,1
731,1055744,679.0,478.5,1,16261,2
731,1055745,1533.0,533.5,1,16261,3
731,1055746,396.0,643.0,1,16261,4
731,1055747,1246.3333740234375,474.3333435058594,2,16262,0
731,1055748,613.5,481.0,1,16262,1
731,1055749,679.0,478.5,1,16262,2
731,1055750,567.4583129882812,468.9583435058594,3,16263,0
731,1055751,51.75,494.5,2,16263,1
731,1055752,679.0,478.5,1,16263,2
731,1055753,490.5,463.5,1,16263,3
731,1055754,295.0,492.5,2,16263,4
731,1055755,554.5,351.0,1,16264,0
731,1055756,532.5,377.0,1,16264,1
731,1055757,515.0,383.5,1,16264,2
731,1055758,1394.0,463.0,1,16265,0
731,1055759,613.5,481.0,1,16265,1
731,1055760,679.0,478.5,1,16265,2
731,1055761,489.6666564941406,409.25,2,16266,0
731,1055762,624.5,480.5,1,16266,1
731,1055763,490.5,463.5,1,16266,2
731,1055764,295.0,492.5,2,16266,3
731,1055765,78.5,513.5,1,16266,4
731,1055766,1246.3333740234375,474.3333435058594,2,16267,0
731,1055767,613.5,481.0,1,16267,1
731,1055768,679.0,478.5,1,16267,2
731,1055769,1464.0,456.0,1,16268,0
731,1055770,613.5,481.0,1,16268,1
731,1055771,679.0,478.5,1,16268,2
731,1055772,25.0,475.5,1,16269,0
731,1055773,624.5,480.5,1,16269,1
731,1055774,511.75,386.0833435058594,2,16270,0
731,1055775,515.0,383.5,1,16270,1
731,1055776,527.0,347.5,2,16270,2
731,1055777,1541.5,449.5,2,16271,0
731,1055778,613.5,481.0,1,16271,1
731,1055779,679.0,478.5,1,16271,2
731,1055780,1541.5,449.5,2,16272,0
731,1055781,613.5,481.0,1,16272,1
731,1055782,679.0,478.5,1,16272,2
731,1055783,1882.75,466.75,2,16273,0
731,1055784,1814.5,492.0,1,16273,1
731,1055785,1673.0,442.0,1,16273,2
731,1055786,1698.6666259765625,444.25,3,16274,0
731,1055787,613.5,481.0,1,16274,1
731,1055788,679.0,478.5,1,16274,2
731,1055789,1673.0,442.0,1,16274,3
731,1055790,1698.6666259765625,444.25,3,16275,0
731,1055791,613.5,481.0,1,16275,1
731,1055792,679.0,478.5,1,16275,2
731,1055793,1673.0,442.0,1,16275,3
731,1055794,1698.6666259765625,444.25,3,16276,0
731,1055795,613.5,481.0,1,16276,1
731,1055796,679.0,478.5,1,16276,2
731,1055797,1673.0,442.0,1,16276,3
731,1055798,1698.6666259765625,444.25,3,16277,0
731,1055799,613.5,481.0,1,16277,1
731,1055800,679.0,478.5,1,16277,2
731,1055801,1814.5,492.0,1,16277,3
731,1055802,1673.0,442.0,1,16277,4
731,1055803,574.5833129882812,476.6666564941406,2,16278,0
731,1055804,1496.460205078125,456.2840881347656,8,16278,1
731,1055805,679.0,478.5,1,16278,2
731,1055806,1538.0,502.0,1,16278,3
731,1055807,679.0,478.5,1,16279,0
731,1055808,574.5833129882812,476.6666564941406,2,16279,1
731,1055809,1496.460205078125,456.2840881347656,8,16279,2
731,1055810,1538.0,502.0,1,16279,3
731,1055811,1882.75,466.75,2,16280,0
731,1055812,1814.5,492.0,1,16280,1
731,1055813,1533.0,533.5,1,16280,2
731,1055814,1673.0,442.0,1,16280,3
731,1055815,1814.5,492.0,1,16281,0
731,1055816,1533.0,533.5,1,16281,1
731,1055817,1882.75,466.75,2,16281,2
731,1055818,1740.5,442.0,1,16281,3
731,1055819,490.5,463.5,1,16282,0
731,1055820,295.0,492.5,2,16282,1
731,1055821,78.5,513.5,1,16282,2
731,1055822,529.2750244140625,433.92498779296875,4,16282,3
731,1055823,515.0,383.5,1,16282,4
731,1055824,574.5833129882812,476.6666564941406,2,16283,0
731,1055825,295.0,492.5,2,16283,1
731,1055826,78.5,513.5,1,16283,2
731,1055827,679.0,478.5,1,16283,3
731,1055828,490.5,463.5,1,16283,4
731,1055829,295.0,492.5,2,16284,0
731,1055830,78.5,513.5,1,16284,1
731,1055831,490.5,463.5,1,16284,2
731,1055832,534.375,449.0,3,16284,3
731,1055833,1533.0,533.5,1,16285,0
731,1055834,1814.5,492.0,1,16285,1
731,1055835,1538.0,502.0,1,16285,2
731,1055836,1869.0,471.5,1,16285,3
731,1055837,295.0,492.5,2,16286,0
731,1055838,78.5,513.5,1,16286,1
731,1055839,490.5,463.5,1,16286,2
731,1055840,515.0,383.5,1,16286,3
731,1055841,529.2750244140625,433.92498779296875,4,16286,4
731,1055842,78.5,513.5,1,16287,0
731,1055843,490.5,463.5,1,16287,1
731,1055844,295.0,492.5,2,16287,2
731,1055845,515.0,383.5,1,16287,3
731,1055846,529.2750244140625,433.92498779296875,4,16287,4
731,1055847,396.0,643.0,1,16288,0
731,1055848,1538.0,502.0,1,16288,1
741,1055715,1246.3333740234375,474.3333435058594,2,16255,0
741,1055716,613.5,481.0,1,16255,1
741,1055717,679.0,478.5,1,16255,2
741,1055718,515.0,383.5,1,16256,0
741,1055719,527.0,347.5,2,16256,1
741,1055720,490.5,463.5,1,16256,2
741,1055721,254.0,501.0,1,16256,3
741,1055722,78.5,513.5,1,16256,4
741,1055723,511.75,386.0833435058594,2,16256,5
741,1055724,1673.0,442.0,1,16257,0
741,1055725,1882.75,466.75,2,16257,1
741,1055726,1698.6666259765625,444.25,3,16257,2
741,1055727,499.5,344.0,1,16258,0
741,1055728,511.75,386.0833435058594,2,16258,1
741,1055729,515.0,383.5,1,16258,2
741,1055730,499.8333435058594,400.7916564941406,3,16259,0
741,1055731,490.5,463.5,1,16259,1
741,1055732,254.0,501.0,1,16259,2
741,1055733,78.5,513.5,1,16259,3
741,1055734,499.5,344.0,1,16259,4
741,1055735,515.0,383.5,1,16259,5
741,1055736,499.8333435058594,400.7916564941406,3,16260,0
741,1055737,490.5,463.5,1,16260,1
741,1055738,295.0,492.5,2,16260,2
741,1055739,78.5,513.5,1,16260,3
741,1055740,499.5,344.0,1,16260,4
741,1055741,515.0,383.5,1,16260,5
741,1055742,1538.0,502.0,1,16261,0
741,1055743,613.5,481.0,1,16261,1
741,1055744,679.0,478.5,1,16261,2
741,1055745,1533.0,533.5,1,16261,3
741,1055746,396.0,643.0,1,16261,4
741,1055747,1246.3333740234375,474.3333435058594,2,16262,0
741,1055748,613.5,481.0,1,16262,1
741,1055749,679.0,478.5,1,16262,2
741,1055750,567.4583129882812,468.9583435058594,3,16263,0
741,1055751,51.75,494.5,2,16263,1
741,1055752,679.0,478.5,1,16263,2
741,1055753,490.5,463.5,1,16263,3
741,1055754,295.0,492.5,2,16263,4
741,1055755,554.5,351.0,1,16264,0
741,1055756,532.5,377.0,1,16264,1
741,1055757,515.0,383.5,1,16264,2
741,1055758,1394.0,463.0,1,16265,0
741,1055759,613.5,481.0,1,16265,1
741,1055760,679.0,478.5,1,16265,2
741,1055761,489.6666564941406,409.25,2,16266,0
741,1055762,624.5,480.5,1,16266,1
741,1055763,490.5,463.5,1,16266,2
741,1055764,295.0,492.5,2,16266,3
741,1055765,78.5,513.5,1,16266,4
741,1055766,1246.3333740234375,474.3333435058594,2,16267,0
741,1055767,613.5,481.0,1,16267,1
741,1055768,679.0,478.5,1,16267,2
741,1055769,1464.0,456.0,1,16268,0
741,1055770,613.5,481.0,1,16268,1
741,1055771,679.0,478.5,1,16268,2
741,1055772,25.0,475.5,1,16269,0
741,1055773,624.5,480.5,1,16269,1
741,1055774,511.75,386.0833435058594,2,16270,0
741,1055775,515.0,383.5,1,16270,1
741,1055776,527.0,347.5,2,16270,2
741,1055777,1541.5,449.5,2,16271,0
741,1055778,613.5,481.0,1,16271,1
741,1055779,679.0,478.5,1,16271,2
741,1055780,1541.5,449.5,2,16272,0
741,1055781,613.5,481.0,1,16272,1
741,1055782,679.0,478.5,1,16272,2
741,1055783,1882.75,466.75,2,16273,0
741,1055784,1814.5,492.0,1,16273,1
741,1055785,1673.0,442.0,1,16273,2
741,1055786,1698.6666259765625,444.25,3,16274,0
741,1055787,613.5,481.0,1,16274,1
741,1055788,679.0,478.5,1,16274,2
741,1055789,1673.0,442.0,1,16274,3
741,1055790,1698.6666259765625,444.25,3,16275,0
741,1055791,613.5,481.0,1,16275,1
741,1055792,679.0,478.5,1,16275,2
741,1055793,1673.0,442.0,1,16275,3
741,1055794,1698.6666259765625,444.25,3,16276,0
741,1055795,613.5,481.0,1,16276,1
741,1055796,679.0,478.5,1,16276,2
741,1055797,1673.0,442.0,1,16276,3
741,1055798,1698.6666259765625,444.25,3,16277,0
741,1055799,613.5,481.0,1,16277,1
741,1055800,679.0,478.5,1,16277,2
741,1055801,1814.5,492.0,1,16277,3
741,1055802,1673.0,442.0,1,16277,4
741,1055803,574.5833129882812,476.6666564941406,2,16278,0
741,1055804,1496.460205078125,456.2840881347656,8,16278,1
741,1055805,679.0,478.5,1,16278,2
741,1055806,1538.0,502.0,1,16278,3
741,1055807,679.0,478.5,1,16279,0
741,1055808,574.5833129882812,476.6666564941406,2,16279,1
741,1055809,1496.460205078125,456.2840881347656,8,16279,2
741,1055810,1538.0,502.0,1,16279,3
741,1055811,1882.75,466.75,2,16280,0
741,1055812,1814.5,492.0,1,16280,1
741,1055813,1533.0,533.5,1,16280,2
741,1055814,1673.0,442.0,1,16280,3
741,1055815,1814.5,492.0,1,16281,0
741,1055816,1533.0,533.5,1,16281,1
741,1055817,1882.75,466.75,2,16281,2
741,1055818,1740.5,442.0,1,16281,3
741,1055819,490.5,463.5,1,16282,0
741,1055820,295.0,492.5,2,16282,1
741,1055821,78.5,513.5,1,16282,2
741,1055822,529.2750244140625,433.92498779296875,4,16282,3
741,1055823,515.0,383.5,1,16282,4
741,1055824,574.5833129882812,476.6666564941406,2,16283,0
741,1055825,295.0,492.5,2,16283,1
741,1055826,78.5,513.5,1,16283,2
741,1055827,679.0,478.5,1,16283,3
741,1055828,490.5,463.5,1,16283,4
741,1055829,295.0,492.5,2,16284,0
741,1055830,78.5,513.5,1,16284,1
741,1055831,490.5,463.5,1,16284,2
741,1055832,534.375,449.0,3,16284,3
741,1055833,1533.0,533.5,1,16285,0
741,1055834,1814.5,492.0,1,16285,1
741,1055835,1538.0,502.0,1,16285,2
741,1055836,1869.0,471.5,1,16285,3
741,1055837,295.0,492.5,2,16286,0
741,1055838,78.5,513.5,1,16286,1
741,1055839,490.5,463.5,1,16286,2
741,1055840,515.0,383.5,1,16286,3
741,1055841,529.2750244140625,433.92498779296875,4,16286,4
741,1055842,78.5,513.5,1,16287,0
741,1055843,490.5,463.5,1,16287,1
741,1055844,295.0,492.5,2,16287,2
741,1055845,515.0,383.5,1,16287,3
741,1055846,529.2750244140625,433.92498779296875,4,16287,4
741,1055847,396.0,643.0,1,16288,0
741,1055848,1538.0,502.0,1,16288,1
751,1055715,1246.3333740234375,474.3333435058594,2,16255,0
751,1055716,613.5,481.0,1,16255,1
751,1055717,679.0,478.5,1,16255,2
751,1055718,515.0,383.5,1,16256,0
751,1055719,527.0,347.5,2,16256,1
751,1055720,490.5,463.5,1,16256,2
751,1055721,254.0,501.0,1,16256,3
751,1055722,78.5,513.5,1,16256,4
751,1055723,511.75,386.0833435058594,2,16256,5
751,1055724,1673.0,442.0,1,16257,0
751,1055725,1882.75,466.75,2,16257,1
751,1055726,1698.6666259765625,444.25,3,16257,2
751,1055727,499.5,344.0,1,16258,0
751,1055728,511.75,386.0833435058594,2,16258,1
751,1055729,515.0,383.5,1,16258,2
751,1055730,499.8333435058594,400.7916564941406,3,16259,0
751,1055731,490.5,463.5,1,16259,1
751,1055732,254.0,501.0,1,16259,2
751,1055733,78.5,513.5,1,16259,3
751,1055734,499.5,344.0,1,16259,4
751,1055735,515.0,383.5,1,16259,5
751,1055736,499.8333435058594,400.7916564941406,3,16260,0
751,1055737,490.5,463.5,1,16260,1
751,1055738,295.0,492.5,2,16260,2
751,1055739,78.5,513.5,1,16260,3
751,1055740,499.5,344.0,1,16260,4
751,1055741,515.0,383.5,1,16260,5
751,1055742,1538.0,502.0,1,16261,0
751,1055743,613.5,481.0,1,16261,1
751,1055744,679.0,478.5,1,16261,2
751,1055745,1533.0,533.5,1,16261,3
751,1055746,396.0,643.0,1,16261,4
751,1055747,1246.3333740234375,474.3333435058594,2,16262,0
751,1055748,613.5,481.0,1,16262,1
751,1055749,679.0,478.5,1,16262,2
751,1055750,567.4583129882812,468.9583435058594,3,16263,0
751,1055751,51.75,494.5,2,16263,1
751,1055752,679.0,478.5,1,16263,2
751,1055753,490.5,463.5,1,16263,3
751,1055754,295.0,492.5,2,16263,4
751,1055755,554.5,351.0,1,16264,0
751,1055756,532.5,377.0,1,16264,1
751,1055757,515.0,383.5,1,16264,2
751,1055758,1394.0,463.0,1,16265,0
751,1055759,613.5,481.0,1,16265,1
751,1055760,679.0,478.5,1,16265,2
751,1055761,489.6666564941406,409.25,2,16266,0
751,1055762,624.5,480.5,1,16266,1
751,1055763,490.5,463.5,1,16266,2
751,1055764,295.0,492.5,2,16266,3
751,1055765,78.5,513.5,1,16266,4
751,1055766,1246.3333740234375,474.3333435058594,2,16267,0
751,1055767,613.5,481.0,1,16267,1
751,1055768,679.0,478.5,1,16267,2
751,1055769,1464.0,456.0,1,16268,0
751,1055770,613.5,481.0,1,16268,1
751,1055771,679.0,478.5,1,16268,2
751,1055772,25.0,475.5,1,16269,0
751,1055773,624.5,480.5,1,16269,1
751,1055774,511.75,386.0833435058594,2,16270,0
751,1055775,515.0,383.5,1,16270,1
751,1055776,527.0,347.5,2,16270,2
751,1055777,1541.5,449.5,2,16271,0
751,1055778,613.5,481.0,1,16271,1
751,1055779,679.0,478.5,1,16271,2
751,1055780,1541.5,449.5,2,16272,0
751,1055781,613.5,481.0,1,16272,1
751,1055782,679.0,478.5,1,16272,2
751,1055783,1882.75,466.75,2,16273,0
751,1055784,1814.5,492.0,1,16273,1
751,1055785,1673.0,442.0,1,16273,2
751,1055786,1698.6666259765625,444.25,3,16274,0
751,1055787,613.5,481.0,1,16274,1
751,1055788,679.0,478.5,1,16274,2
751,1055789,1673.0,442.0,1,16274,3
751,1055790,1698.6666259765625,444.25,3,16275,0
751,1055791,613.5,481.0,1,16275,1
751,1055792,679.0,478.5,1,16275,2
751,1055793,1673.0,442.0,1,16275,3
751,1055794,1698.6666259765625,444.25,3,16276,0
751,1055795,613.5,481.0,1,16276,1
751,1055796,679.0,478.5,1,16276,2
751,1055797,1673.0,442.0,1,16276,3
751,1055798,1698.6666259765625,444.25,3,16277,0
751,1055799,613.5,481.0,1,16277,1
751,1055800,679.0,478.5,1,16277,2
751,1055801,1814.5,492.0,1,16277,3
751,1055802,1673.0,442.0,1,16277,4
751,1055803,574.5833129882812,476.6666564941406,2,16278,0
751,1055804,1496.460205078125,456.2840881347656,8,16278,1
751,1055805,679.0,478.5,1,16278,2
751,1055806,1538.0,502.0,1,16278,3
751,1055807,679.0,478.5,1,16279,0
751,1055808,574.5833129882812,476.6666564941406,2,16279,1
751,1055809,1496.460205078125,456.2840881347656,8,16279,2
751,1055810,1538.0,502.0,1,16279,3
751,1055811,1882.75,466.75,2,16280,0
751,1055812,1814.5,492.0,1,16280,1
751,1055813,1533.0,533.5,1,16280,2
751,1055814,1673.0,442.0,1,16280,3
751,1055815,1814.5,492.0,1,16281,0
751,1055816,1533.0,533.5,1,16281,1
751,1055817,1882.75,466.75,2,16281,2
751,1055818,1740.5,442.0,1,16281,3
751,1055819,490.5,463.5,1,16282,0
751,1055820,295.0,492.5,2,16282,1
751,1055821,78.5,513.5,1,16282,2
751,1055822,529.2750244140625,433.92498779296875,4,16282,3
751,1055823,515.0,383.5,1,16282,4
751,1055824,574.5833129882812,476.6666564941406,2,16283,0
751,1055825,295.0,492.5,2,16283,1
751,1055826,78.5,513.5,1,16283,2
751,1055827,679.0,478.5,1,16283,3
751,1055828,490.5,463.5,1,16283,4
751,1055829,295.0,492.5,2,16284,0
751,1055830,78.5,513.5,1,16284,1
751,1055831,490.5,463.5,1,16284,2
751,1055832,534.375,449.0,3,16284,3
751,1055833,1533.0,533.5,1,16285,0
751,1055834,1814.5,492.0,1,16285,1
751,1055835,1538.0,502.0,1,16285,2
751,1055836,1869.0,471.5,1,16285,3
751,1055837,295.0,492.5,2,16286,0
751,1055838,78.5,513.5,1,16286,1
751,1055839,490.5,463.5,1,16286,2
751,1055840,515.0,383.5,1,16286,3
751,1055841,529.2750244140625,433.92498779296875,4,16286,4
751,1055842,78.5,513.5,1,16287,0
751,1055843,490.5,463.5,1,16287,1
751,1055844,295.0,492.5,2,16287,2
751,1055845,515.0,383.5,1,16287,3
751,1055846,529.2750244140625,433.92498779296875,4,16287,4
751,1055847,396.0,643.0,1,16288,0
751,1055848,1538.0,502.0,1,16288,1
761,1055715,1246.3333740234375,474.3333435058594,2,16255,0
761,1055716,613.5,481.0,1,16255,1
761,1055717,679.0,478.5,1,16255,2
761,1055718,515.0,383.5,1,16256,0
761,1055719,527.0,347.5,2,16256,1
761,1055720,490.5,463.5,1,16256,2
761,1055721,254.0,501.0,1,16256,3
761,1055722,78.5,513.5,1,16256,4
761,1055723,511.75,386.0833435058594,2,16256,5
761,1055724,1673.0,442.0,1,16257,0
761,1055725,1882.75,466.75,2,16257,1
761,1055726,1698.6666259765625,444.25,3,16257,2
761,1055727,499.5,344.0,1,16258,0
761,1055728,511.75,386.0833435058594,2,16258,1
761,1055729,515.0,383.5,1,16258,2
761,1055730,499.8333435058594,400.7916564941406,3,16259,0
761,1055731,490.5,463.5,1,16259,1
761,1055732,254.0,501.0,1,16259,2
761,1055733,78.5,513.5,1,16259,3
761,1055734,499.5,344.0,1,16259,4
761,1055735,515.0,383.5,1,16259,5
761,1055736,499.8333435058594,400.7916564941406,3,16260,0
761,1055737,490.5,463.5,1,16260,1
761,1055738,295.0,492.5,2,16260,2
761,1055739,78.5,513.5,1,16260,3
761,1055740,499.5,344.0,1,16260,4
761,1055741,515.0,383.5,1,16260,5
761,1055742,1538.0,502.0,1,16261,0
761,1055743,613.5,481.0,1,16261,1
761,1055744,679.0,478.5,1,16261,2
761,1055745,1533.0,533.5,1,16261,3
761,1055746,396.0,643.0,1,16261,4
761,1055747,1246.3333740234375,474.3333435058594,2,16262,0
761,1055748,613.5,481.0,1,16262,1
761,1055749,679.0,478.5,1,16262,2
761,1055750,567.4583129882812,468.9583435058594,3,16263,0
761,1055751,51.75,494.5,2,16263,1
761,1055752,679.0,478.5,1,16263,2
761,1055753,490.5,463.5,1,16263,3
761,1055754,295.0,492.5,2,16263,4
761,1055755,554.5,351.0,1,16264,0
761,1055756,532.5,377.0,1,16264,1
761,1055757,515.0,383.5,1,16264,2
761,1055758,1394.0,463.0,1,16265,0
761,1055759,613.5,481.0,1,16265,1
761,1055760,679.0,478.5,1,16265,2
761,1055761,489.6666564941406,409.25,2,16266,0
761,1055762,624.5,480.5,1,16266,1
761,1055763,490.5,463.5,1,16266,2
761,1055764,295.0,492.5,2,16266,3
761,1055765,78.5,513.5,1,16266,4
761,1055766,1246.3333740234375,474.3333435058594,2,16267,0
761,1055767,613.5,481.0,1,16267,1
761,1055768,679.0,478.5,1,16267,2
761,1055769,1464.0,456.0,1,16268,0
761,1055770,613.5,481.0,1,16268,1
761,1055771,679.0,478.5,1,16268,2
761,1055772,25.0,475.5,1,16269,0
761,1055773,624.5,480.5,1,16269,1
761,1055774,511.75,386.0833435058594,2,16270,0
761,1055775,515.0,383.5,1,16270,1
761,1055776,527.0,347.5,2,16270,2
761,1055777,1541.5,449.5,2,16271,0
761,1055778,613.5,481.0,1,16271,1
761,1055779,679.0,478.5,1,16271,2
761,1055780,1541.5,449.5,2,16272,0
761,1055781,613.5,481.0,1,16272,1
761,1055782,679.0,478.5,1,16272,2
761,1055783,1882.75,466.75,2,16273,0
761,1055784,1814.5,492.0,1,16273,1
761,1055785,1673.0,442.0,1,16273,2
761,1055786,1698.6666259765625,444.25,3,16274,0
761,1055787,613.5,481.0,1,16274,1
761,1055788,679.0,478.5,1,16274,2
761,1055789,1673.0,442.0,1,16274,3
761,1055790,1698.6666259765625,444.25,3,16275,0
761,1055791,613.5,481.0,1,16275,1
761,1055792,679.0,478.5,1,16275,2
761,1055793,1673.0,442.0,1,16275,3
761,1055794,1698.6666259765625,444.25,3,16276,0
761,1055795,613.5,481.0,1,16276,1
761,1055796,679.0,478.5,1,16276,2
761,1055797,1673.0,442.0,1,16276,3
761,1055798,1698.6666259765625,444.25,3,16277,0
761,1055799,613.5,481.0,1,16277,1
761,1055800,679.0,478.5,1,16277,2
761,1055801,1814.5,492.0,1,16277,3
761,1055802,1673.0,442.0,1,16277,4
761,1055803,574.5833129882812,476.6666564941406,2,16278,0
761,1055804,1496.460205078125,456.2840881347656,8,16278,1
761,1055805,679.0,478.5,1,16278,2
761,1055806,1538.0,502.0,1,16278,3
761,1055807,679.0,478.5,1,16279,0
761,1055808,574.5833129882812,476.6666564941406,2,16279,1
761,1055809,1496.460205078125,456.2840881347656,8,16279,2
761,1055810,1538.0,502.0,1,16279,3
761,1055811,1882.75,466.75,2,16280,0
761,1055812,1814.5,492.0,1,16280,1
761,1055813,1533.0,533.5,1,16280,2
761,1055814,1673.0,442.0,1,16280,3
761,1055815,1814.5,492.0,1,16281,0
761,1055816,1533.0,533.5,1,16281,1
761,1055817,1882.75,466.75,2,16281,2
761,1055818,1740.5,442.0,1,16281,3
761,1055819,490.5,463.5,1,16282,0
761,1055820,295.0,492.5,2,16282,1
761,1055821,78.5,513.5,1,16282,2
761,1055822,529.2750244140625,433.92498779296875,4,16282,3
761,1055823,515.0,383.5,1,16282,4
761,1055824,574.5833129882812,476.6666564941406,2,16283,0
761,1055825,295.0,492.5,2,16283,1
761,1055826,78.5,513.5,1,16283,2
761,1055827,679.0,478.5,1,16283,3
761,1055828,490.5,463.5,1,16283,4
761,1055829,295.0,492.5,2,16284,0
761,1055830,78.5,513.5,1,16284,1
761,1055831,490.5,463.5,1,16284,2
761,1055832,534.375,449.0,3,16284,3
761,1055833,1533.0,533.5,1,16285,0
761,1055834,1814.5,492.0,1,16285,1
761,1055835,1538.0,502.0,1,16285,2
761,1055836,1869.0,471.5,1,16285,3
761,1055837,295.0,492.5,2,16286,0
761,1055838,78.5,513.5,1,16286,1
761,1055839,490.5,463.5,1,16286,2
761,1055840,515.0,383.5,1,16286,3
761,1055841,529.2750244140625,433.92498779296875,4,16286,4
761,1055842,78.5,513.5,1,16287,0
761,1055843,490.5,463.5,1,16287,1
761,1055844,295.0,492.5,2,16287,2
761,1055845,515.0,383.5,1,16287,3
761,1055846,529.2750244140625,433.92498779296875,4,16287,4
761,1055847,396.0,643.0,1,16288,0
761,1055848,1538.0,502.0,1,16288,1
771,1055715,1246.3333740234375,474.3333435058594,2,16255,0
771,1055716,613.5,481.0,1,16255,1
771,1055717,679.0,478.5,1,16255,2
771,1055718,515.0,383.5,1,16256,0
771,1055719,527.0,347.5,2,16256,1
771,1055720,490.5,463.5,1,16256,2
771,1055721,254.0,501.0,1,16256,3
771,1055722,78.5,513.5,1,16256,4
771,1055723,511.75,386.0833435058594,2,16256,5
771,1055724,1673.0,442.0,1,16257,0
771,1055725,1882.75,466.75,2,16257,1
771,1055726,1698.6666259765625,444.25,3,16257,2
771,1055727,499.5,344.0,1,16258,0
771,1055728,511.75,386.0833435058594,2,16258,1
771,1055729,515.0,383.5,1,16258,2
771,1055730,499.8333435058594,400.7916564941406,3,16259,0
771,1055731,490.5,463.5,1,16259,1
771,1055732,254.0,501.0,1,16259,2
771,1055733,78.5,513.5,1,16259,3
771,1055734,499.5,344.0,1,16259,4
771,1055735,515.0,383.5,1,16259,5
771,1055736,499.8333435058594,400.7916564941406,3,16260,0
771,1055737,490.5,463.5,1,16260,1
771,1055738,295.0,492.5,2,16260,2
771,1055739,78.5,513.5,1,16260,3
771,1055740,499.5,344.0,1,16260,4
771,1055741,515.0,383.5,1,16260,5
771,1055742,1538.0,502.0,1,16261,0
771,1055743,613.5,481.0,1,16261,1
771,1055744,679.0,478.5,1,16261,2
771,1055745,1533.0,533.5,1,16261,3
771,1055746,396.0,643.0,1,16261,4
771,1055747,1246.3333740234375,474.3333435058594,2,16262,0
771,1055748,613.5,481.0,1,16262,1
771,1055749,679.0,478.5,1,16262,2
771,1055750,567.4583129882812,468.9583435058594,3,16263,0
771,1055751,51.75,494.5,2,16263,1
771,1055752,679.0,478.5,1,16263,2
771,1055753,490.5,463.5,1,16263,3
771,1055754,295.0,492.5,2,16263,4
771,1055755,554.5,351.0,1,16264,0
771,1055756,532.5,377.0,1,16264,1
771,1055757,515.0,383.5,1,16264,2
771,1055758,1394.0,463.0,1,16265,0
771,1055759,613.5,481.0,1,16265,1
771,1055760,679.0,478.5,1,16265,2
771,1055761,489.6666564941406,409.25,2,16266,0
771,1055762,624.5,480.5,1,16266,1
771,1055763,490.5,463.5,1,16266,2
771,1055764,295.0,492.5,2,16266,3
771,1055765,78.5,513.5,1,16266,4
771,1055766,1246.3333740234375,474.3333435058594,2,16267,0
771,1055767,613.5,481.0,1,16267,1
771,1055768,679.0,478.5,1,16267,2
771,1055769,1464.0,456.0,1,16268,0
771,1055770,613.5,481.0,1,16268,1
771,1055771,679.0,478.5,1,16268,2
771,1055772,25.0,475.5,1,16269,0
771,1055773,624.5,480.5,1,16269,1
771,1055774,511.75,386.0833435058594,2,16270,0
771,1055775,515.0,383.5,1,16270,1
771,1055776,527.0,347.5,2,16270,2
771,1055777,1541.5,449.5,2,16271,0
771,1055778,613.5,481.0,1,16271,1
771,1055779,679.0,478.5,1,16271,2
771,1055780,1541.5,449.5,2,16272,0
771,1055781,613.5,481.0,1,16272,1
771,1055782,679.0,478.5,1,16272,2
771,1055783,1882.75,466.75,2,16273,0
771,1055784,1814.5,492.0,1,16273,1
771,1055785,1673.0,442.0,1,16273,2
771,1055786,1698.6666259765625,444.25,3,16274,0
771,1055787,613.5,481.0,1,16274,1
771,1055788,679.0,478.5,1,16274,2
771,1055789,1673.0,442.0,1,16274,3
771,1055790,1698.6666259765625,444.25,3,16275,0
771,1055791,613.5,481.0,1,16275,1
771,1055792,679.0,478.5,1,16275,2
771,1055793,1673.0,442.0,1,16275,3
771,1055794,1698.6666259765625,444.25,3,16276,0
771,1055795,613.5,481.0,1,16276,1
771,1055796,679.0,478.5,1,16276,2
771,1055797,1673.0,442.0,1,16276,3
771,1055798,1698.6666259765625,444.25,3,16277,0
771,1055799,613.5,481.0,1,16277,1
771,1055800,679.0,478.5,1,16277,2
771,1055801,1814.5,492.0,1,16277,3
771,1055802,1673.0,442.0,1,16277,4
771,1055803,574.5833129882812,476.6666564941406,2,16278,0
771,1055804,1496.460205078125,456.2840881347656,8,16278,1
771,1055805,679.0,478.5,1,16278,2
771,1055806,1538.0,502.0,1,16278,3
771,1055807,679.0,478.5,1,16279,0
771,1055808,574.5833129882812,476.6666564941406,2,16279,1
771,1055809,1496.460205078125,456.2840881347656,8,16279,2
771,1055810,1538.0,502.0,1,16279,3
771,1055811,1882.75,466.75,2,16280,0
771,1055812,1814.5,492.0,1,16280,1
771,1055813,1533.0,533.5,1,16280,2
771,1055814,1673.0,442.0,1,16280,3
771,1055815,1814.5,492.0,1,16281,0
771,1055816,1533.0,533.5,1,16281,1
771,1055817,1882.75,466.75,2,16281,2
771,1055818,1740.5,442.0,1,16281,3
771,1055819,490.5,463.5,1,16282,0
771,1055820,295.0,492.5,2,16282,1
771,1055821,78.5,513.5,1,16282,2
771,1055822,529.2750244140625,433.92498779296875,4,16282,3
771,1055823,515.0,383.5,1,16282,4
771,1055824,574.5833129882812,476.6666564941406,2,16283,0
771,1055825,295.0,492.5,2,16283,1
771,1055826,78.5,513.5,1,16283,2
771,1055827,679.0,478.5,1,16283,3
771,1055828,490.5,463.5,1,16283,4
771,1055829,295.0,492.5,2,16284,0
771,1055830,78.5,513.5,1,16284,1
771,1055831,490.5,463.5,1,16284,2
771,1055832,534.375,449.0,3,16284,3
771,1055833,1533.0,533.5,1,16285,0
771,1055834,1814.5,492.0,1,16285,1
771,1055835,1538.0,502.0,1,16285,2
771,1055836,1869.0,471.5,1,16285,3
771,1055837,295.0,492.5,2,16286,0
771,1055838,78.5,513.5,1,16286,1
771,1055839,490.5,463.5,1,16286,2
771,1055840,515.0,383.5,1,16286,3
771,1055841,529.2750244140625,433.92498779296875,4,16286,4
771,1055842,78.5,513.5,1,16287,0
771,1055843,490.5,463.5,1,16287,1
771,1055844,295.0,492.5,2,16287,2
771,1055845,515.0,383.5,1,16287,3
771,1055846,529.2750244140625,433.92498779296875,4,16287,4
771,1055847,396.0,643.0,1,16288,0
771,1055848,1538.0,502.0,1,16288,1
781,1055715,1246.3333740234375,474.3333435058594,2,16255,0
781,1055716,613.5,481.0,1,16255,1
781,1055717,679.0,478.5,1,16255,2
781,1055718,515.0,383.5,1,16256,0
781,1055719,527.0,347.5,2,16256,1
781,1055720,490.5,463.5,1,16256,2
781,1055721,254.0,501.0,1,16256,3
781,1055722,78.5,513.5,1,16256,4
781,1055723,511.75,386.0833435058594,2,16256,5
781,1055724,1673.0,442.0,1,16257,0
781,1055725,1882.75,466.75,2,16257,1
781,1055726,1698.6666259765625,444.25,3,16257,2
781,1055727,499.5,344.0,1,16258,0
781,1055728,511.75,386.0833435058594,2,16258,1
781,1055729,515.0,383.5,1,16258,2
781,1055730,499.8333435058594,400.7916564941406,3,16259,0
781,1055731,490.5,463.5,1,16259,1
781,1055732,254.0,501.0,1,16259,2
781,1055733,78.5,513.5,1,16259,3
781,1055734,499.5,344.0,1,16259,4
781,1055735,515.0,383.5,1,16259,5
781,1055736,499.8333435058594,400.7916564941406,3,16260,0
781,1055737,490.5,463.5,1,16260,1
781,1055738,295.0,492.5,2,16260,2
781,1055739,78.5,513.5,1,16260,3
781,1055740,499.5,344.0,1,16260,4
781,1055741,515.0,383.5,1,16260,5
781,1055742,1538.0,502.0,1,16261,0
781,1055743,613.5,481.0,1,16261,1
781,1055744,679.0,478.5,1,16261,2
781,1055745,1533.0,533.5,1,16261,3
781,1055746,396.0,643.0,1,16261,4
781,1055747,1246.3333740234375,474.3333435058594,2,16262,0
781,1055748,613.5,481.0,1,16262,1
781,1055749,679.0,478.5,1,16262,2
781,1055750,567.4583129882812,468.9583435058594,3,16263,0
781,1055751,51.75,494.5,2,16263,1
781,1055752,679.0,478.5,1,16263,2
781,1055753,490.5,463.5,1,16263,3
781,1055754,295.0,492.5,2,16263,4
781,1055755,554.5,351.0,1,16264,0
781,1055756,532.5,377.0,1,16264,1
781,1055757,515.0,383.5,1,16264,2
781,1055758,1394.0,463.0,1,16265,0
781,1055759,613.5,481.0,1,16265,1
781,1055760,679.0,478.5,1,16265,2
781,1055761,489.6666564941406,409.25,2,16266,0
781,1055762,624.5,480.5,1,16266,1
781,1055763,490.5,463.5,1,16266,2
781,1055764,295.0,492.5,2,16266,3
781,1055765,78.5,513.5,1,16266,4
781,1055766,1246.3333740234375,474.3333435058594,2,16267,0
781,1055767,613.5,481.0,1,16267,1
781,1055768,679.0,478.5,1,16267,2
781,1055769,1464.0,456.0,1,16268,0
781,1055770,613.5,481.0,1,16268,1
781,1055771,679.0,478.5,1,16268,2
781,1055772,25.0,475.5,1,16269,0
781,1055773,624.5,480.5,1,16269,1
781,1055774,511.75,386.0833435058594,2,16270,0
781,1055775,515.0,383.5,1,16270,1
781,1055776,527.0,347.5,2,16270,2
781,1055777,1541.5,449.5,2,16271,0
781,1055778,613.5,481.0,1,16271,1
781,1055779,679.0,478.5,1,16271,2
781,1055780,1541.5,449.5,2,16272,0
781,1055781,613.5,481.0,1,16272,1
781,1055782,679.0,478.5,1,16272,2
781,1055783,1882.75,466.75,2,16273,0
781,1055784,1814.5,492.0,1,16273,1
781,1055785,1673.0,442.0,1,16273,2
781,1055786,1698.6666259765625,444.25,3,16274,0
781,1055787,613.5,481.0,1,16274,1
781,1055788,679.0,478.5,1,16274,2
781,1055789,1673.0,442.0,1,16274,3
781,1055790,1698.6666259765625,444.25,3,16275,0
781,1055791,613.5,481.0,1,16275,1
781,1055792,679.0,478.5,1,16275,2
781,1055793,1673.0,442.0,1,16275,3
781,1055794,1698.6666259765625,444.25,3,16276,0
781,1055795,613.5,481.0,1,16276,1
781,1055796,679.0,478.5,1,16276,2
781,1055797,1673.0,442.0,1,16276,3
781,1055798,1698.6666259765625,444.25,3,16277,0
781,1055799,613.5,481.0,1,16277,1
781,1055800,679.0,478.5,1,16277,2
781,1055801,1814.5,492.0,1,16277,3
781,1055802,1673.0,442.0,1,16277,4
781,1055803,574.5833129882812,476.6666564941406,2,16278,0
781,1055804,1496.460205078125,456.2840881347656,8,16278,1
781,1055805,679.0,478.5,1,16278,2
781,1055806,1538.0,502.0,1,16278,3
781,1055807,679.0,478.5,1,16279,0
781,1055808,574.5833129882812,476.6666564941406,2,16279,1
781,1055809,1496.460205078125,456.2840881347656,8,16279,2
781,1055810,1538.0,502.0,1,16279,3
781,1055811,1882.75,466.75,2,16280,0
781,1055812,1814.5,492.0,1,16280,1
781,1055813,1533.0,533.5,1,16280,2
781,1055814,1673.0,442.0,1,16280,3
781,1055815,1814.5,492.0,1,16281,0
781,1055816,1533.0,533.5,1,16281,1
781,1055817,1882.75,466.75,2,16281,2
781,1055818,1740.5,442.0,1,16281,3
781,1055819,490.5,463.5,1,16282,0
781,1055820,295.0,492.5,2,16282,1
781,1055821,78.5,513.5,1,16282,2
781,1055822,529.2750244140625,433.92498779296875,4,16282,3
781,1055823,515.0,383.5,1,16282,4
781,1055824,574.5833129882812,476.6666564941406,2,16283,0
781,1055825,295.0,492.5,2,16283,1
781,1055826,78.5,513.5,1,16283,2
781,1055827,679.0,478.5,1,16283,3
781,1055828,490.5,463.5,1,16283,4
781,1055829,295.0,492.5,2,16284,0
781,1055830,78.5,513.5,1,16284,1
781,1055831,490.5,463.5,1,16284,2
781,1055832,534.375,449.0,3,16284,3
781,1055833,1533.0,533.5,1,16285,0
781,1055834,1814.5,492.0,1,16285,1
781,1055835,1538.0,502.0,1,16285,2
781,1055836,1869.0,471.5,1,16285,3
781,1055837,295.0,492.5,2,16286,0
781,1055838,78.5,513.5,1,16286,1
781,1055839,490.5,463.5,1,16286,2
781,1055840,515.0,383.5,1,16286,3
781,1055841,529.2750244140625,433.92498779296875,4,16286,4
781,1055842,78.5,513.5,1,16287,0
781,1055843,490.5,463.5,1,16287,1
781,1055844,295.0,492.5,2,16287,2
781,1055845,515.0,383.5,1,16287,3
781,1055846,529.2750244140625,433.92498779296875,4,16287,4
781,1055847,396.0,643.0,1,16288,0
781,1055848,1538.0,502.0,1,16288,1
791,1055715,1246.3333740234375,474.3333435058594,2,16255,0
791,1055716,613.5,481.0,1,16255,1
791,1055717,679.0,478.5,1,16255,2
791,1055718,515.0,383.5,1,16256,0
791,1055719,527.0,347.5,2,16256,1
791,1055720,490.5,463.5,1,16256,2
791,1055721,254.0,501.0,1,16256,3
791,1055722,78.5,513.5,1,16256,4
791,1055723,511.75,386.0833435058594,2,16256,5
791,1055724,1673.0,442.0,1,16257,0
791,1055725,1882.75,466.75,2,16257,1
791,1055726,1698.6666259765625,444.25,3,16257,2
791,1055727,499.5,344.0,1,16258,0
791,1055728,511.75,386.0833435058594,2,16258,1
791,1055729,515.0,383.5,1,16258,2
791,1055730,499.8333435058594,400.7916564941406,3,16259,0
791,1055731,490.5,463.5,1,16259,1
791,1055732,254.0,501.0,1,16259,2
791,1055733,78.5,513.5,1,16259,3
791,1055734,499.5,344.0,1,16259,4
791,1055735,515.0,383.5,1,16259,5
791,1055736,499.8333435058594,400.7916564941406,3,16260,0
791,1055737,490.5,463.5,1,16260,1
791,1055738,295.0,492.5,2,16260,2
791,1055739,78.5,513.5,1,16260,3
791,1055740,499.5,344.0,1,16260,4
791,1055741,515.0,383.5,1,16260,5
791,1055742,1538.0,502.0,1,16261,0
791,1055743,613.5,481.0,1,16261,1
791,1055744,679.0,478.5,1,16261,2
791,1055745,1533.0,533.5,1,16261,3
791,1055746,396.0,643.0,1,16261,4
791,1055747,1246.3333740234375,474.3333435058594,2,16262,0
791,1055748,613.5,481.0,1,16262,1
791,1055749,679.0,478.5,1,16262,2
791,1055750,567.4583129882812,468.9583435058594,3,16263,0
791,1055751,51.75,494.5,2,16263,1
791,1055752,679.0,478.5,1,16263,2
791,1055753,490.5,463.5,1,16263,3
791,1055754,295.0,492.5,2,16263,4
791,1055755,554.5,351.0,1,16264,0
791,1055756,532.5,377.0,1,16264,1
791,1055757,515.0,383.5,1,16264,2
791,1055758,1394.0,463.0,1,16265,0
791,1055759,613.5,481.0,1,16265,1
791,1055760,679.0,478.5,1,16265,2
791,1055761,489.6666564941406,409.25,2,16266,0
791,1055762,624.5,480.5,1,16266,1
791,1055763,490.5,463.5,1,16266,2
791,1055764,295.0,492.5,3,16266,3
791,1055765,78.5,513.5,1,16266,4
791,1055766,1246.3333740234375,474.3333435058594,2,16267,0
791,1055767,613.5,481.0,1,16267,1
791,1055768,679.0,478.5,1,16267,2
791,1055769,1464.0,456.0,1,16268,0
791,1055770,613.5,481.0,1,16268,1
791,1055771,679.0,478.5,1,16268,2
791,1055772,25.0,475.5,1,16269,0
791,1055773,624.5,480.5,1,16269,1
791,1055774,511.75,386.0833435058594,2,16270,0
791,1055775,515.0,383.5,1,16270,1
791,1055776,527.0,347.5,2,16270,2
791,1055777,1541.5,449.5,2,16271,0
791,1055778,613.5,481.0,1,16271,1
791,1055779,679.0,478.5,1,16271,2
791,1055780,1541.5,449.5,2,16272,0
791,1055781,613.5,481.0,1,16272,1
791,1055782,679.0,478.5,1,16272,2
791,1055783,1882.75,466.75,2,16273,0
791,1055784,1814.5,492.0,1,16273,1
791,1055785,1673.0,442.0,1,16273,2
791,1055786,1698.6666259765625,444.25,3,16274,0
791,1055787,613.5,481.0,1,16274,1
791,1055788,679.0,478.5,1,16274,2
791,1055789,1673.0,442.0,1,16274,3
791,1055790,1698.6666259765625,444.25,3,16275,0
791,1055791,613.5,481.0,1,16275,1
791,1055792,679.0,478.5,1,16275,2
791,1055793,1673.0,442.0,1,16275,3
791,1055794,1698.6666259765625,444.25,3,16276,0
791,1055795,613.5,481.0,1,16276,1
791,1055796,679.0,478.5,1,16276,2
791,1055797,1673.0,442.0,1,16276,3
791,1055798,1698.6666259765625,444.25,3,16277,0
791,1055799,613.5,481.0,1,16277,1
791,1055800,679.0,478.5,1,16277,2
791,1055801,1814.5,492.0,1,16277,3
791,1055802,1673.0,442.0,1,16277,4
791,1055803,574.5833129882812,476.6666564941406,2,16278,0
791,1055804,1496.460205078125,456.2840881347656,8,16278,1
791,1055805,679.0,478.5,1,16278,2
791,1055806,1538.0,502.0,1,16278,3
791,1055807,679.0,478.5,1,16279,0
791,1055808,574.5833129882812,476.6666564941406,2,16279,1
791,1055809,1496.460205078125,456.2840881347656,8,16279,2
791,1055810,1538.0,502.0,1,16279,3
791,1055811,1882.75,466.75,2,16280,0
791,1055812,1814.5,492.0,1,16280,1
791,1055813,1533.0,533.5,1,16280,2
791,1055814,1673.0,442.0,1,16280,3
791,1055815,1814.5,492.0,1,16281,0
791,1055816,1533.0,533.5,1,16281,1
791,1055817,1882.75,466.75,2,16281,2
791,1055818,1740.5,442.0,1,16281,3
791,1055819,490.5,463.5,1,16282,0
791,1055820,295.0,492.5,3,16282,1
791,1055821,78.5,513.5,1,16282,2
791,1055822,529.2750244140625,433.92498779296875,4,16282,3
791,1055823,515.0,383.5,1,16282,4
791,1055824,574.5833129882812,476.6666564941406,2,16283,0
791,1055825,295.0,492.5,2,16283,1
791,1055826,78.5,513.5,1,16283,2
791,1055827,679.0,478.5,1,16283,3
791,1055828,490.5,463.5,1,16283,4
791,1055829,295.0,492.5,3,16284,0
791,1055830,78.5,513.5,1,16284,1
791,1055831,490.5,463.5,1,16284,2
791,1055832,534.375,449.0,3,16284,3
791,1055833,1533.0,533.5,1,16285,0
791,1055834,1814.5,492.0,1,16285,1
791,1055835,1538.0,502.0,1,16285,2
791,1055836,1869.0,471.5,1,16285,3
791,1055837,295.0,492.5,3,16286,0
791,1055838,78.5,513.5,1,16286,1
791,1055839,490.5,463.5,1,16286,2
791,1055840,515.0,383.5,1,16286,3
791,1055841,529.2750244140625,433.92498779296875,4,16286,4
791,1055842,78.5,513.5,1,16287,0
791,1055843,490.5,463.5,1,16287,1
791,1055844,295.0,492.5,3,16287,2
791,1055845,515.0,383.5,1,16287,3
791,1055846,529.2750244140625,433.92498779296875,4,16287,4
791,1055847,396.0,643.0,1,16288,0
791,1055848,1538.0,502.0,1,16288,1
801,1055715,1246.3333740234375,474.3333435058594,2,16255,0
801,1055716,613.5,481.0,1,16255,1
801,1055717,679.0,478.5,2,16255,2
801,1055718,515.0,383.5,1,16256,0
801,1055719,527.0,347.5,2,16256,1
801,1055720,490.5,463.5,1,16256,2
801,1055721,254.0,501.0,1,16256,3
801,1055722,78.5,513.5,1,16256,4
801,1055723,511.75,386.0833435058594,2,16256,5
801,1055724,1673.0,442.0,1,16257,0
801,1055725,1882.75,466.75,2,16257,1
801,1055726,1698.6666259765625,444.25,3,16257,2
801,1055727,499.5,344.0,1,16258,0
801,1055728,511.75,386.0833435058594,2,16258,1
801,1055729,515.0,383.5,1,16258,2
801,1055730,499.8333435058594,400.7916564941406,3,16259,0
801,1055731,490.5,463.5,1,16259,1
801,1055732,254.0,501.0,1,16259,2
801,1055733,78.5,513.5,1,16259,3
801,1055734,499.5,344.0,1,16259,4
801,1055735,515.0,383.5,1,16259,5
801,1055736,499.8333435058594,400.7916564941406,3,16260,0
801,1055737,490.5,463.5,1,16260,1
801,1055738,295.0,492.5,2,16260,2
801,1055739,78.5,513.5,1,16260,3
801,1055740,499.5,344.0,1,16260,4
801,1055741,515.0,383.5,1,16260,5
801,1055742,1538.0,502.0,1,16261,0
801,1055743,613.5,481.0,1,16261,1
801,1055744,679.0,478.5,1,16261,2
801,1055745,1533.0,533.5,1,16261,3
801,1055746,396.0,643.0,1,16261,4
801,1055747,1246.3333740234375,474.3333435058594,2,16262,0
801,1055748,613.5,481.0,1,16262,1
801,1055749,679.0,478.5,2,16262,2
801,1055750,567.4583129882812,468.9583435058594,3,16263,0
801,1055751,51.75,494.5,2,16263,1
801,1055752,679.0,478.5,1,16263,2
801,1055753,490.5,463.5,1,16263,3
801,1055754,295.0,492.5,2,16263,4
801,1055755,554.5,351.0,1,16264,0
801,1055756,532.5,377.0,1,16264,1
801,1055757,515.0,383.5,1,16264,2
801,1055758,1394.0,463.0,1,16265,0
801,1055759,613.5,481.0,1,16265,1
801,1055760,679.0,478.5,1,16265,2
801,1055761,489.6666564941406,409.25,2,16266,0
801,1055762,624.5,480.5,1,16266,1
801,1055763,490.5,463.5,1,16266,2
801,1055764,295.0,492.5,3,16266,3
801,1055765,78.5,513.5,1,16266,4
801,1055766,1246.3333740234375,474.3333435058594,2,16267,0
801,1055767,613.5,481.0,1,16267,1
801,1055768,679.0,478.5,2,16267,2
801,1055769,1464.0,456.0,1,16268,0
801,1055770,613.5,481.0,1,16268,1
801,1055771,679.0,478.5,1,16268,2
801,1055772,25.0,475.5,1,16269,0
801,1055773,624.5,480.5,1,16269,1
801,1055774,511.75,386.0833435058594,2,16270,0
801,1055775,515.0,383.5,1,16270,1
801,1055776,527.0,347.5,2,16270,2
801,1055777,1541.5,449.5,2,16271,0
801,1055778,613.5,481.0,1,16271,1
801,1055779,679.0,478.5,1,16271,2
801,1055780,1541.5,449.5,2,16272,0
801,1055781,613.5,481.0,1,16272,1
801,1055782,679.0,478.5,1,16272,2
801,1055783,1882.75,466.75,2,16273,0
801,1055784,1814.5,492.0,1,16273,1
801,1055785,1673.0,442.0,1,16273,2
801,1055786,1698.6666259765625,444.25,3,16274,0
801,1055787,613.5,481.0,1,16274,1
801,1055788,679.0,478.5,1,16274,2
801,1055789,1673.0,442.0,1,16274,3
801,1055790,1698.6666259765625,444.25,3,16275,0
801,1055791,613.5,481.0,1,16275,1
801,1055792,679.0,478.5,1,16275,2
801,1055793,1673.0,442.0,1,16275,3
801,1055794,1698.6666259765625,444.25,3,16276,0
801,1055795,613.5,481.0,1,16276,1
801,1055796,679.0,478.5,1,16276,2
801,1055797,1673.0,442.0,1,16276,3
801,1055798,1698.6666259765625,444.25,3,16277,0
801,1055799,613.5,481.0,1,16277,1
801,1055800,679.0,478.5,1,16277,2
801,1055801,1814.5,492.0,1,16277,3
801,1055802,1673.0,442.0,1,16277,4
801,1055803,574.5833129882812,476.6666564941406,2,16278,0
801,1055804,1496.460205078125,456.2840881347656,8,16278,1
801,1055805,679.0,478.5,1,16278,2
801,1055806,1538.0,502.0,1,16278,3
801,1055807,679.0,478.5,1,16279,0
801,1055808,574.5833129882812,476.6666564941406,2,16279,1
801,1055809,1496.460205078125,456.2840881347656,8,16279,2
801,1055810,1538.0,502.0,1,16279,3
801,1055811,1882.75,466.75,2,16280,0
801,1055812,1814.5,492.0,1,16280,1
801,1055813,1533.0,533.5,1,16280,2
801,1055814,1673.0,442.0,1,16280,3
801,1055815,1814.5,492.0,1,16281,0
801,1055816,1533.0,533.5,1,16281,1
801,1055817,1882.75,466.75,2,16281,2
801,1055818,1740.5,442.0,1,16281,3
801,1055819,490.5,463.5,1,16282,0
801,1055820,295.0,492.5,3,16282,1
801,1055821,78.5,513.5,1,16282,2
801,1055822,529.2750244140625,433.92498779296875,4,16282,3
801,1055823,515.0,383.5,1,16282,4
801,1055824,574.5833129882812,476.6666564941406,2,16283,0
801,1055825,295.0,492.5,2,16283,1
801,1055826,78.5,513.5,1,16283,2
801,1055827,679.0,478.5,1,16283,3
801,1055828,490.5,463.5,1,16283,4
801,1055829,295.0,492.5,3,16284,0
801,1055830,78.5,513.5,1,16284,1
801,1055831,490.5,463.5,1,16284,2
801,1055832,534.375,449.0,3,16284,3
801,1055833,1533.0,533.5,1,16285,0
801,1055834,1814.5,492.0,1,16285,1
801,1055835,1538.0,502.0,1,16285,2
801,1055836,1869.0,471.5,1,16285,3
801,1055837,295.0,492.5,3,16286,0
801,1055838,78.5,513.5,1,16286,1
801,1055839,490.5,463.5,1,16286,2
801,1055840,515.0,383.5,1,16286,3
801,1055841,529.2750244140625,433.92498779296875,4,16286,4
801,1055842,78.5,513.5,1,16287,0
801,1055843,490.5,463.5,1,16287,1
801,1055844,295.0,492.5,3,16287,2
801,1055845,515.0,383.5,1,16287,3
801,1055846,529.2750244140625,433.92498779296875,4,16287,4
801,1055847,396.0,643.0,1,16288,0
801,1055848,1538.0,502.0,1,16288,1
811,1055715,1246.3333740234375,474.3333435058594,2,16255,0
811,1055716,613.5,481.0,1,16255,1
811,1055717,679.0,478.5,2,16255,2
811,1055718,515.0,383.5,1,16256,0
811,1055719,527.0,347.5,2,16256,1
811,1055720,490.5,463.5,1,16256,2
811,1055721,254.0,501.0,1,16256,3
811,1055722,78.5,513.5,1,16256,4
811,1055723,511.75,386.0833435058594,2,16256,5
811,1055724,1673.0,442.0,1,16257,0
811,1055725,1882.75,466.75,2,16257,1
811,1055726,1698.6666259765625,444.25,3,16257,2
811,1055727,499.5,344.0,1,16258,0
811,1055728,511.75,386.0833435058594,2,16258,1
811,1055729,515.0,383.5,1,16258,2
811,1055730,499.8333435058594,400.7916564941406,3,16259,0
811,1055731,490.5,463.5,1,16259,1
811,1055732,254.0,501.0,1,16259,2
811,1055733,78.5,513.5,1,16259,3
811,1055734,499.5,344.0,1,16259,4
811,1055735,515.0,383.5,1,16259,5
811,1055736,499.8333435058594,400.7916564941406,3,16260,0
811,1055737,490.5,463.5,1,16260,1
811,1055738,295.0,492.5,2,16260,2
811,1055739,78.5,513.5,1,16260,3
811,1055740,499.5,344.0,1,16260,4
811,1055741,515.0,383.5,1,16260,5
811,1055742,1538.0,502.0,1,16261,0
811,1055743,613.5,481.0,1,16261,1
811,1055744,679.0,478.5,1,16261,2
811,1055745,1533.0,533.5,1,16261,3
811,1055746,396.0,643.0,1,16261,4
811,1055747,1246.3333740234375,474.3333435058594,2,16262,0
811,1055748,613.5,481.0,1,16262,1
811,1055749,679.0,478.5,2,16262,2
811,1055750,567.4583129882812,468.9583435058594,3,16263,0
811,1055751,51.75,494.5,2,16263,1
811,1055752,679.0,478.5,1,16263,2
811,1055753,490.5,463.5,1,16263,3
811,1055754,295.0,492.5,2,16263,4
811,1055755,554.5,351.0,1,16264,0
811,1055756,532.5,377.0,1,16264,1
811,1055757,515.0,383.5,1,16264,2
811,1055758,1394.0,463.0,1,16265,0
811,1055759,613.5,481.0,1,16265,1
811,1055760,679.0,478.5,1,16265,2
811,1055761,489.6666564941406,409.25,2,16266,0
811,1055762,624.5,480.5,1,16266,1
811,1055763,490.5,463.5,1,16266,2
811,1055764,295.0,492.5,3,16266,3
811,1055765,78.5,513.5,1,16266,4
811,1055766,1246.3333740234375,474.3333435058594,2,16267,0
811,1055767,613.5,481.0,1,16267,1
811,1055768,679.0,478.5,2,16267,2
811,1055769,1464.0,456.0,1,16268,0
811,1055770,613.5,481.0,1,16268,1
811,1055771,679.0,478.5,1,16268,2
811,1055772,25.0,475.5,1,16269,0
811,1055773,624.5,480.5,1,16269,1
811,1055774,511.75,386.0833435058594,2,16270,0
811,1055775,515.0,383.5,1,16270,1
811,1055776,527.0,347.5,2,16270,2
811,1055777,1541.5,449.5,2,16271,0
811,1055778,613.5,481.0,1,16271,1
811,1055779,679.0,478.5,1,16271,2
811,1055780,1541.5,449.5,2,16272,0
811,1055781,613.5,481.0,1,16272,1
811,1055782,679.0,478.5,1,16272,2
811,1055783,1882.75,466.75,2,16273,0
811,1055784,1814.5,492.0,1,16273,1
811,1055785,1673.0,442.0,1,16273,2
811,1055786,1698.6666259765625,444.25,3,16274,0
811,1055787,613.5,481.0,1,16274,1
811,1055788,679.0,478.5,1,16274,2
811,1055789,1673.0,442.0,1,16274,3
811,1055790,1698.6666259765625,444.25,3,16275,0
811,1055791,613.5,481.0,1,16275,1
811,1055792,679.0,478.5,1,16275,2
811,1055793,1673.0,442.0,1,16275,3
811,1055794,1698.6666259765625,444.25,3,16276,0
811,1055795,613.5,481.0,1,16276,1
811,1055796,679.0,478.5,1,16276,2
811,1055797,1673.0,442.0,1,16276,3
811,1055798,1698.6666259765625,444.25,3,16277,0
811,1055799,613.5,481.0,1,16277,1
811,1055800,679.0,478.5,1,16277,2
811,1055801,1814.5,492.0,1,16277,3
811,1055802,1673.0,442.0,1,16277,4
811,1055803,574.5833129882812,476.6666564941406,2,16278,0
811,1055804,1496.460205078125,456.2840881347656,9,16278,1
811,1055805,679.0,478.5,1,16278,2
811,1055806,1538.0,502.0,1,16278,3
811,1055807,679.0,478.5,1,16279,0
811,1055808,574.5833129882812,476.6666564941406,2,16279,1
811,1055809,1496.460205078125,456.2840881347656,9,16279,2
811,1055810,1538.0,502.0,1,16279,3
811,1055811,1882.75,466.75,2,16280,0
811,1055812,1814.5,492.0,1,16280,1
811,1055813,1533.0,533.5,1,16280,2
811,1055814,1673.0,442.0,1,16280,3
811,1055815,1814.5,492.0,1,16281,0
811,1055816,1533.0,533.5,1,16281,1
811,1055817,1882.75,466.75,2,16281,2
811,1055818,1740.5,442.0,1,16281,3
811,1055819,490.5,463.5,1,16282,0
811,1055820,295.0,492.5,3,16282,1
811,1055821,78.5,513.5,1,16282,2
811,1055822,529.2750244140625,433.92498779296875,4,16282,3
811,1055823,515.0,383.5,1,16282,4
811,1055824,574.5833129882812,476.6666564941406,2,16283,0
811,1055825,295.0,492.5,2,16283,1
811,1055826,78.5,513.5,1,16283,2
811,1055827,679.0,478.5,1,16283,3
811,1055828,490.5,463.5,1,16283,4
811,1055829,295.0,492.5,3,16284,0
811,1055830,78.5,513.5,1,16284,1
811,1055831,490.5,463.5,1,16284,2
811,1055832,534.375,449.0,3,16284,3
811,1055833,1533.0,533.5,1,16285,0
811,1055834,1814.5,492.0,1,16285,1
811,1055835,1538.0,502.0,1,16285,2
811,1055836,1869.0,471.5,1,16285,3
811,1055837,295.0,492.5,3,16286,0
811,1055838,78.5,513.5,1,16286,1
811,1055839,490.5,463.5,1,16286,2
811,1055840,515.0,383.5,1,16286,3
811,1055841,529.2750244140625,433.92498779296875,4,16286,4
811,1055842,78.5,513.5,1,16287,0
811,1055843,490.5,463.5,1,16287,1
811,1055844,295.0,492.5,3,16287,2
811,1055845,515.0,383.5,1,16287,3
811,1055846,529.2750244140625,433.92498779296875,4,16287,4
811,1055847,396.0,643.0,1,16288,0
811,1055848,1538.0,502.0,1,16288,1
821,1055715,1246.3333740234375,474.3333435058594,2,16255,0
821,1055716,613.5,481.0,1,16255,1
821,1055717,679.0,478.5,2,16255,2
821,1055718,515.0,383.5,1,16256,0
821,1055719,527.0,347.5,2,16256,1
821,1055720,490.5,463.5,1,16256,2
821,1055721,254.0,501.0,1,16256,3
821,1055722,78.5,513.5,1,16256,4
821,1055723,511.75,386.0833435058594,2,16256,5
821,1055724,1673.0,442.0,1,16257,0
821,1055725,1882.75,466.75,2,16257,1
821,1055726,1698.6666259765625,444.25,3,16257,2
821,1055727,499.5,344.0,1,16258,0
821,1055728,511.75,386.0833435058594,2,16258,1
821,1055729,515.0,383.5,1,16258,2
821,1055730,499.8333435058594,400.7916564941406,3,16259,0
821,1055731,490.5,463.5,1,16259,1
821,1055732,254.0,501.0,1,16259,2
821,1055733,78.5,513.5,1,16259,3
821,1055734,499.5,344.0,1,16259,4
821,1055735,515.0,383.5,1,16259,5
821,1055736,499.8333435058594,400.7916564941406,3,16260,0
821,1055737,490.5,463.5,1,16260,1
821,1055738,295.0,492.5,2,16260,2
821,1055739,78.5,513.5,1,16260,3
821,1055740,499.5,344.0,1,16260,4
821,1055741,515.0,383.5,1,16260,5
821,1055742,1538.0,502.0,1,16261,0
821,1055743,613.5,481.0,1,16261,1
821,1055744,679.0,478.5,1,16261,2
821,1055745,1533.0,533.5,1,16261,3
821,1055746,396.0,643.0,1,16261,4
821,1055747,1246.3333740234375,474.3333435058594,2,16262,0
821,1055748,613.5,481.0,1,16262,1
821,1055749,679.0,478.5,2,16262,2
821,1055750,567.4583129882812,468.9583435058594,3,16263,0
821,1055751,51.75,494.5,2,16263,1
821,1055752,679.0,478.5,1,16263,2
821,1055753,490.5,463.5,1,16263,3
821,1055754,295.0,492.5,2,16263,4
821,1055755,554.5,351.0,1,16264,0
821,1055756,532.5,377.0,1,16264,1
821,1055757,515.0,383.5,1,16264,2
821,1055758,1394.0,463.0,1,16265,0
821,1055759,613.5,481.0,1,16265,1
821,1055760,679.0,478.5,1,16265,2
821,1055761,489.6666564941406,409.25,2,16266,0
821,1055762,624.5,480.5,1,16266,1
821,1055763,490.5,463.5,1,16266,2
821,1055764,295.0,492.5,3,16266,3
821,1055765,78.5,513.5,1,16266,4
821,1055766,1246.3333740234375,474.3333435058594,2,16267,0
821,1055767,613.5,481.0,1,16267,1
821,1055768,679.0,478.5,2,16267,2
821,1055769,1464.0,456.0,1,16268,0
821,1055770,613.5,481.0,1,16268,1
821,1055771,679.0,478.5,1,16268,2
821,1055772,25.0,475.5,1,16269,0
821,1055773,624.5,480.5,1,16269,1
821,1055774,511.75,386.0833435058594,2,16270,0
821,1055775,515.0,383.5,1,16270,1
821,1055776,527.0,347.5,2,16270,2
821,1055777,1541.5,449.5,2,16271,0
821,1055778,613.5,481.0,1,16271,1
821,1055779,679.0,478.5,1,16271,2
821,1055780,1541.5,449.5,2,16272,0
821,1055781,613.5,481.0,1,16272,1
821,1055782,679.0,478.5,1,16272,2
821,1055783,1882.75,466.75,2,16273,0
821,1055784,1814.5,492.0,1,16273,1
821,1055785,1673.0,442.0,1,16273,2
821,1055786,1698.6666259765625,444.25,3,16274,0
821,1055787,613.5,481.0,1,16274,1
821,1055788,679.0,478.5,1,16274,2
821,1055789,1673.0,442.0,1,16274,3
821,1055790,1698.6666259765625,444.25,3,16275,0
821,1055791,613.5,481.0,1,16275,1
821,1055792,679.0,478.5,1,16275,2
821,1055793,1673.0,442.0,1,16275,3
821,1055794,1698.6666259765625,444.25,3,16276,0
821,1055795,613.5,481.0,1,16276,1
821,1055796,679.0,478.5,1,16276,2
821,1055797,1673.0,442.0,1,16276,3
821,1055798,1698.6666259765625,444.25,3,16277,0
821,1055799,613.5,481.0,1,16277,1
821,1055800,679.0,478.5,1,16277,2
821,1055801,1814.5,492.0,1,16277,3
821,1055802,1673.0,442.0,1,16277,4
821,1055803,574.5833129882812,476.6666564941406,2,16278,0
821,1055804,1496.460205078125,456.2840881347656,9,16278,1
821,1055805,679.0,478.5,1,16278,2
821,1055806,1538.0,502.0,1,16278,3
821,1055807,679.0,478.5,1,16279,0
821,1055808,574.5833129882812,476.6666564941406,2,16279,1
821,1055809,1496.460205078125,456.2840881347656,9,16279,2
821,1055810,1538.0,502.0,1,16279,3
821,1055811,1882.75,466.75,2,16280,0
821,1055812,1814.5,492.0,1,16280,1
821,1055813,1533.0,533.5,1,16280,2
821,1055814,1673.0,442.0,1,16280,3
821,1055815,1814.5,492.0,1,16281,0
821,1055816,1533.0,533.5,1,16281,1
821,1055817,1882.75,466.75,2,16281,2
821,1055818,1740.5,442.0,1,16281,3
821,1055819,490.5,463.5,1,16282,0
821,1055820,295.0,492.5,3,16282,1
821,1055821,78.5,513.5,1,16282,2
821,1055822,529.2750244140625,433.92498779296875,4,16282,3
821,1055823,515.0,383.5,1,16282,4
821,1055824,574.5833129882812,476.6666564941406,2,16283,0
821,1055825,295.0,492.5,2,16283,1
821,1055826,78.5,513.5,1,16283,2
821,1055827,679.0,478.5,1,16283,3
821,1055828,490.5,463.5,1,16283,4
821,1055829,295.0,492.5,3,16284,0
821,1055830,78.5,513.5,1,16284,1
821,1055831,490.5,463.5,1,16284,2
821,1055832,534.375,449.0,3,16284,3
821,1055833,1533.0,533.5,1,16285,0
821,1055834,1814.5,492.0,1,16285,1
821,1055835,1538.0,502.0,1,16285,2
821,1055836,1869.0,471.5,1,16285,3
821,1055837,295.0,492.5,3,16286,0
821,1055838,78.5,513.5,1,16286,1
821,1055839,490.5,463.5,1,16286,2
821,1055840,515.0,383.5,1,16286,3
821,1055841,529.2750244140625,433.92498779296875,4,16286,4
821,1055842,78.5,513.5,1,16287,0
821,1055843,490.5,463.5,1,16287,1
821,1055844,295.0,492.5,3,16287,2
821,1055845,515.0,383.5,1,16287,3
821,1055846,529.2750244140625,433.92498779296875,4,16287,4
821,1055847,396.0,643.0,1,16288,0
821,1055848,1538.0,502.0,1,16288,1
831,1055715,1204.5833740234375,473.3333435058594,2,16255,0
831,1055716,669.5,485.5,1,16255,1
831,1055717,693.5,479.5,2,16255,2
831,1055718,514.5,383.5,1,16256,0
831,1055719,527.0,347.5,2,16256,1
831,1055720,491.0,463.0,1,16256,2
831,1055721,250.0,500.0,1,16256,3
831,1055722,84.5,512.0,1,16256,4
831,1055723,506.75,386.5833435058594,2,16256,5
831,1055724,1673.5,442.0,1,16257,0
831,1055725,1874.75,468.5,2,16257,1
831,1055726,1672.6666259765625,446.25,2,16257,2
831,1055727,499.5,344.0,1,16258,0
831,1055728,506.75,386.5833435058594,2,16258,1
831,1055729,514.5,383.5,1,16258,2
831,1055730,487.8333435058594,401.0416564941406,2,16259,0
831,1055731,491.0,463.0,1,16259,1
831,1055732,250.0,500.0,1,16259,2
831,1055733,84.5,512.0,1,16259,3
831,1055734,499.5,344.0,1,16259,4
831,1055735,514.5,383.5,1,16259,5
831,1055736,487.8333435058594,401.0416564941406,2,16260,0
831,1055737,491.0,463.0,1,16260,1
831,1055738,292.25,491.25,2,16260,2
831,1055739,84.5,512.0,1,16260,3
831,1055740,499.5,344.0,1,16260,4
831,1055741,514.5,383.5,1,16260,5
831,1055742,1530.0,504.0,1,16261,0
831,1055743,669.5,485.5,1,16261,1
831,1055744,746.0,480.5,1,16261,2
831,1055745,1534.5,534.0,1,16261,3
831,1055746,363.0,641.5,1,16261,4
831,1055747,1204.5833740234375,473.3333435058594,2,16262,0
831,1055748,669.5,485.5,1,16262,1
831,1055749,693.5,479.5,2,16262,2
831,1055750,594.2083129882812,470.7083435058594,2,16263,0
831,1055751,54.75,494.0,2,16263,1
831,1055752,746.0,480.5,1,16263,2
831,1055753,490.75,463.25,2,16263,3
831,1055754,286.8333435058594,491.6666564941406,3,16263,4
831,1055755,554.5,351.0,1,16264,0
831,1055756,527.5,377.5,1,16264,1
831,1055757,514.5,383.5,1,16264,2
831,1055758,1359.0,463.0,1,16265,0
831,1055759,669.5,485.5,1,16265,1
831,1055760,746.0,480.5,1,16265,2
831,1055761,485.6666564941406,409.75,2,16266,0
831,1055762,622.0,479.5,1,16266,1
831,1055763,491.0,463.0,1,16266,2
831,1055764,284.75,491.75,2,16266,3
831,1055765,84.5,512.0,1,16266,4
831,1055766,1204.5833740234375,473.3333435058594,2,16267,0
831,1055767,669.5,485.5,1,16267,1
831,1055768,693.5,479.5,2,16267,2
831,1055769,1428.5,456.5,1,16268,0
831,1055770,669.5,485.5,1,16268,1
831,1055771,746.0,480.5,1,16268,2
831,1055772,25.0,476.0,1,16269,0
831,1055773,622.0,479.5,1,16269,1
831,1055774,506.75,386.5833435058594,2,16270,0
831,1055775,514.5,383.5,1,16270,1
831,1055776,527.0,347.5,2,16270,2
831,1055777,1512.75,449.75,2,16271,0
831,1055778,669.5,485.5,1,16271,1
831,1055779,746.0,480.5,1,16271,2
831,1055780,1512.75,449.75,2,16272,0
831,1055781,669.5,485.5,1,16272,1
831,1055782,746.0,480.5,1,16272,2
831,1055783,1874.75,468.5,2,16273,0
831,1055784,1784.0,489.0,1,16273,1
831,1055785,1673.5,442.0,1,16273,2
831,1055786,1672.6666259765625,446.25,2,16274,0
831,1055787,669.5,485.5,1,16274,1
831,1055788,746.0,480.5,1,16274,2
831,1055789,1673.5,442.0,1,16274,3
831,1055790,1672.6666259765625,446.25,2,16275,0
831,1055791,669.5,485.5,1,16275,1
831,1055792,746.0,480.5,1,16275,2
831,1055793,1673.5,442.0,1,16275,3
831,1055794,1672.6666259765625,446.25,2,16276,0
831,1055795,669.5,485.5,1,16276,1
831,1055796,746.0,480.5,1,16276,2
831,1055797,1673.5,442.0,1,16276,3
831,1055798,1672.6666259765625,446.25,2,16277,0
831,1055799,669.5,485.5,1,16277,1
831,1055800,746.0,480.5,1,16277,2
831,1055801,1784.0,489.0,1,16277,3
831,1055802,1673.5,442.0,1,16277,4
831,1055803,573.3333129882812,476.1666564941406,2,16278,0
831,1055804,1475.2459716796875,456.9983825683594,7,16278,1
831,1055805,746.0,480.5,1,16278,2
831,1055806,1530.0,504.0,1,16278,3
831,1055807,746.0,480.5,1,16279,0
831,1055808,573.3333129882812,476.1666564941406,2,16279,1
831,1055809,1475.2459716796875,456.9983825683594,7,16279,2
831,1055810,1530.0,504.0,1,16279,3
831,1055811,1874.75,468.5,2,16280,0
831,1055812,1784.0,489.0,1,16280,1
831,1055813,1534.5,534.0,1,16280,2
831,1055814,1673.5,442.0,1,16280,3
831,1055815,1784.0,489.0,1,16281,0
831,1055816,1534.5,534.0,1,16281,1
831,1055817,1874.75,468.5,2,16281,2
831,1055818,1712.0,444.5,1,16281,3
831,1055819,491.0,463.0,1,16282,0
831,1055820,284.75,491.75,2,16282,1
831,1055821,84.5,512.0,1,16282,2
831,1055822,527.4417114257812,433.7583312988281,3,16282,3
831,1055823,514.5,383.5,1,16282,4
831,1055824,573.3333129882812,476.1666564941406,2,16283,0
831,1055825,292.25,491.25,2,16283,1
831,1055826,84.5,512.0,1,16283,2
831,1055827,746.0,480.5,1,16283,3
831,1055828,491.0,463.0,1,16283,4
831,1055829,284.75,491.75,2,16284,0
831,1055830,84.5,512.0,1,16284,1
831,1055831,491.0,463.0,1,16284,2
831,1055832,533.125,448.5,2,16284,3
831,1055833,1534.5,534.0,1,16285,0
831,1055834,1784.0,489.0,1,16285,1
831,1055835,1530.0,504.0,1,16285,2
831,1055836,1866.0,473.5,1,16285,3
831,1055837,284.75,491.75,2,16286,0
831,1055838,84.5,512.0,1,16286,1
831,1055839,491.0,463.0,1,16286,2
831,1055840,514.5,383.5,1,16286,3
831,1055841,527.4417114257812,433.7583312988281,3,16286,4
831,1055842,84.5,512.0,1,16287,0
831,1055843,491.0,463.0,1,16287,1
831,1055844,284.75,491.75,2,16287,2
831,1055845,514.5,383.5,1,16287,3
831,1055846,527.4417114257812,433.7583312988281,3,16287,4
831,1055847,363.0,641.5,1,16288,0
831,1055848,1530.0,504.0,1,16288,1
851,1055849,1381.642822265625,474.21429443359375,7,16289,0
851,1055850,1697.5,479.5,1,16289,1
851,1055851,702.0,478.5,1,16289,2
851,1055852,244.5,474.5,2,16289,3
851,1055853,429.0,480.0,1,16289,4
851,1055854,545.2000122070312,462.1000061035156,5,16290,0
851,1055855,811.5,473.5,1,16290,1
851,1055856,1031.0,470.5,1,16290,2
851,1055857,495.0,398.5,1,16290,3
851,1055858,520.25,448.0,2,16290,4
851,1055859,702.0,478.5,1,16290,5
851,1055860,501.625,468.125,4,16290,6
851,1055861,239.5,482.8333435058594,3,16290,7
851,1055862,91.0,516.5,1,16290,8
851,1055863,453.5,450.25,2,16291,0
851,1055864,645.0,476.75,2,16291,1
851,1055865,811.5,473.5,1,16291,2
851,1055866,1031.0,470.5,1,16291,3
851,1055867,31.0,475.0,1,16291,4
851,1055868,495.0,398.5,1,16291,5
851,1055869,518.0,447.0,1,16291,6
851,1055870,465.25,476.0,2,16291,7
851,1055871,239.5,482.8333435058594,3,16291,8
851,1055872,91.0,516.5,1,16291,9
851,1055873,1676.0,442.0,1,16292,0
851,1055874,1680.0,466.3333435058594,6,16292,1
851,1055875,1899.5,476.75,2,16292,2
851,1055876,499.5,344.0,1,16293,0
851,1055877,495.0,398.5,1,16293,1
851,1055878,520.25,448.0,2,16293,2
851,1055879,453.5,450.25,2,16294,0
851,1055880,645.0,476.75,2,16294,1
851,1055881,811.5,473.5,1,16294,2
851,1055882,1031.0,470.5,1,16294,3
851,1055883,31.0,475.0,1,16294,4
851,1055884,465.25,476.0,2,16294,5
851,1055885,239.5,482.8333435058594,3,16294,6
851,1055886,91.0,516.5,1,16294,7
851,1055887,1599.125,495.625,4,16295,0
851,1055888,702.0,478.5,1,16295,1
851,1055889,545.2000122070312,462.1000061035156,5,16296,0
851,1055890,811.5,473.5,1,16296,1
851,1055891,1031.0,470.5,1,16296,2
851,1055892,520.25,448.0,2,16296,3
851,1055893,702.0,478.5,1,16296,4
851,1055894,501.625,468.125,4,16296,5
851,1055895,239.5,482.8333435058594,3,16296,6
851,1055896,91.0,516.5,1,16296,7
851,1055897,555.0,351.0,1,16297,0
851,1055898,520.25,448.0,2,16297,1
851,1055899,1691.125,477.875,4,16298,0
851,1055900,1899.5,476.75,2,16298,1
851,1055901,1676.0,442.0,1,16298,2
851,1055902,811.5,473.5,1,16299,0
851,1055903,545.2000122070312,462.1000061035156,5,16299,1
851,1055904,31.0,475.0,1,16299,2
851,1055905,495.0,398.5,1,16299,3
851,1055906,522.5,449.0,1,16299,4
851,1055907,702.0,478.5,1,16299,5
851,1055908,501.625,468.125,4,16299,6
851,1055909,239.5,482.8333435058594,3,16299,7
851,1055910,91.0,516.5,1,16299,8
851,1055911,31.0,475.0,1,16300,0
851,1055912,453.5,450.25,2,16300,1
851,1055913,811.5,473.5,1,16300,2
851,1055914,495.0,398.5,1,16301,0
851,1055915,1051.25,472.0,2,16301,1
851,1055916,1266.5,468.0,1,16301,2
851,1055917,544.8333129882812,460.1666564941406,3,16301,3
851,1055918,811.5,473.5,1,16301,4
851,1055919,520.25,448.0,2,16301,5
851,1055920,536.5,465.5,1,16301,6
851,1055921,250.75,482.75,2,16301,7
851,1055922,91.0,516.5,1,16301,8
851,1055923,499.5,344.0,1,16301,9
851,1055924,1051.25,472.0,2,16302,0
851,1055925,529.0,456.5,1,16302,1
851,1055926,702.0,478.5,1,16302,2
851,1055927,501.625,468.125,4,16302,3
851,1055928,239.5,482.8333435058594,3,16302,4
851,1055929,91.0,516.5,1,16302,5
851,1055930,495.0,398.5,1,16302,6
851,1055931,1051.25,472.0,2,16303,0
851,1055932,545.2000122070312,462.1000061035156,5,16303,1
851,1055933,702.0,478.5,1,16303,2
851,1055934,501.625,468.125,4,16303,3
851,1055935,239.5,482.8333435058594,3,16303,4
851,1055936,91.0,516.5,1,16303,5
851,1055937,495.0,398.5,1,16303,6
851,1055938,1436.199951171875,474.3999938964844,5,16304,0
851,1055939,1697.5,479.5,1,16304,1
851,1055940,1224.0,479.5,1,16304,2
851,1055941,702.0,478.5,1,16304,3
851,1055942,244.5,474.5,2,16304,4
851,1055943,429.0,480.0,1,16304,5
851,1055944,91.0,516.5,1,16304,6
851,1055945,1672.5999755859375,460.5,5,16305,0
851,1055946,702.0,478.5,1,16305,1
851,1055947,429.0,480.0,1,16305,2
851,1055948,217.0,483.0,1,16305,3
851,1055949,1676.0,442.0,1,16305,4
851,1055950,1646.0,461.0,5,16306,0
851,1055951,702.0,478.5,1,16306,1
851,1055952,429.0,480.0,1,16306,2
851,1055953,217.0,483.0,1,16306,3
851,1055954,1676.0,442.0,1,16306,4
851,1055955,1436.199951171875,474.3999938964844,5,16307,0
851,1055956,1697.5,479.5,1,16307,1
851,1055957,1224.0,479.5,1,16307,2
851,1055958,702.0,478.5,1,16307,3
851,1055959,244.5,474.5,2,16307,4
851,1055960,429.0,480.0,1,16307,5
851,1055961,1245.25,473.75,2,16308,0
851,1055962,529.0,456.5,1,16308,1
851,1055963,702.0,478.5,1,16308,2
851,1055964,501.625,468.125,4,16308,3
851,1055965,239.5,482.8333435058594,3,16308,4
851,1055966,91.0,516.5,1,16308,5
851,1055967,495.0,398.5,1,16308,6
851,1055968,1452.375,477.125,4,16309,0
851,1055969,1697.5,479.5,1,16309,1
851,1055970,1224.0,479.5,1,16309,2
851,1055971,702.0,478.5,1,16309,3
851,1055972,244.5,474.5,2,16309,4
851,1055973,429.0,480.0,1,16309,5
851,1055974,1405.1666259765625,470.5,3,16310,0
851,1055975,1224.0,479.5,1,16310,1
851,1055976,702.0,478.5,1,16310,2
851,1055977,244.5,474.5,2,16310,3
851,1055978,429.0,480.0,1,16310,4
851,1055979,91.0,516.5,1,16310,5
851,1055980,1473.5,484.3999938964844,5,16311,0
851,1055981,1697.5,479.5,1,16311,1
851,1055982,1224.0,479.5,1,16311,2
851,1055983,702.0,478.5,1,16311,3
851,1055984,244.5,474.5,2,16311,4
851,1055985,429.0,480.0,1,16311,5
851,1055986,1587.9166259765625,472.2916564941406,12,16312,0
851,1055987,1224.0,479.5,1,16312,1
851,1055988,702.0,478.5,1,16312,2
851,1055989,244.5,474.5,2,16312,3
851,1055990,429.0,480.0,1,16312,4
851,1055991,1676.0,442.0,1,16312,5
851,1055992,1642.75,466.0,4,16313,0
851,1055993,702.0,478.5,1,16313,1
851,1055994,429.0,480.0,1,16313,2
851,1055995,217.0,483.0,1,16313,3
851,1055996,1684.699951171875,470.5,5,16314,0
851,1055997,702.0,478.5,1,16314,1
851,1055998,429.0,480.0,1,16314,2
851,1055999,1676.0,442.0,1,16314,3
851,1056000,520.25,448.0,2,16315,0
851,1056001,510.1666564941406,427.9166564941406,6,16315,1
851,1056002,272.0,466.0,1,16315,2
851,1056003,571.375,464.875,4,16315,3
851,1056004,495.0,398.5,1,16315,4
851,1056005,520.25,448.0,2,16316,0
851,1056006,510.1666564941406,427.9166564941406,6,16316,1
851,1056007,244.5,474.5,2,16316,2
851,1056008,606.3333129882812,470.0,3,16316,3
851,1056009,811.5,473.5,1,16316,4
851,1056010,495.0,398.5,1,16316,5
851,1056011,702.0,478.5,1,16317,0
851,1056012,1506.9615478515625,468.5769348144531,13,16317,1
851,1056013,645.0,476.75,2,16317,2
851,1056014,811.5,473.5,1,16317,3
851,1056015,1051.25,472.0,2,16317,4
851,1056016,501.625,468.125,4,16318,0
851,1056017,239.5,482.8333435058594,3,16318,1
851,1056018,91.0,516.5,1,16318,2
851,1056019,606.3333129882812,470.0,3,16318,3
851,1056020,811.5,473.5,1,16318,4
851,1056021,1051.25,472.0,2,16318,5
851,1056022,1266.5,468.0,1,16318,6
851,1056023,520.25,448.0,2,16318,7
851,1056024,1899.5,476.75,2,16319,0
851,1056025,1663.25,493.5,2,16319,1
851,1056026,1676.0,442.0,1,16319,2
851,1056027,606.3333129882812,470.0,3,16320,0
851,1056028,811.5,473.5,1,16320,1
851,1056029,1051.25,472.0,2,16320,2
851,1056030,1266.5,468.0,1,16320,3
851,1056031,501.625,468.125,4,16320,4
851,1056032,239.5,482.8333435058594,3,16320,5
851,1056033,91.0,516.5,1,16320,6
851,1056034,495.0,398.5,1,16320,7
851,1056035,520.25,448.0,2,16320,8
851,1056036,1899.5,476.75,2,16321,0
851,1056037,1663.25,493.5,2,16321,1
851,1056038,1676.0,442.0,1,16321,2
851,1056039,501.625,468.125,4,16322,0
851,1056040,239.5,482.8333435058594,3,16322,1
851,1056041,91.0,516.5,1,16322,2
851,1056042,606.3333129882812,470.0,3,16322,3
851,1056043,811.5,473.5,1,16322,4
851,1056044,1051.25,472.0,2,16322,5
851,1056045,1266.5,468.0,1,16322,6
851,1056046,495.0,398.5,1,16322,7
851,1056047,520.25,448.0,2,16322,8
851,1056048,1655.6875,469.875,8,16323,0
851,1056049,1676.0,442.0,1,16323,1
851,1056050,1899.5,476.75,2,16323,2
851,1056051,501.625,468.125,4,16324,0
851,1056052,239.5,482.8333435058594,3,16324,1
851,1056053,91.0,516.5,1,16324,2
851,1056054,545.2000122070312,462.1000061035156,5,16324,3
851,1056055,811.5,473.5,1,16324,4
851,1056056,1051.25,472.0,2,16324,5
851,1056057,1266.5,468.0,1,16324,6
851,1056058,520.25,448.0,2,16324,7
851,1056059,239.5,482.8333435058594,3,16325,0
851,1056060,91.0,516.5,1,16325,1
851,1056061,525.8333129882812,464.1666564941406,3,16325,2
851,1056062,1381.642822265625,474.21429443359375,7,16325,3
851,1056063,545.2000122070312,462.1000061035156,5,16325,4
851,1056064,811.5,473.5,1,16325,5
851,1056065,1051.25,472.0,2,16325,6
851,1056066,1697.5,479.5,1,16325,7
851,1056067,495.0,398.5,1,16325,8
851,1056068,520.25,448.0,2,16325,9
851,1056069,501.625,468.125,4,16326,0
851,1056070,1502.7083740234375,464.8333435058594,12,16326,1
851,1056071,545.2000122070312,462.1000061035156,5,16326,2
851,1056072,811.5,473.5,1,16326,3
851,1056073,1051.25,472.0,2,16326,4
851,1056074,520.25,448.0,2,16326,5
851,1056075,239.5,482.8333435058594,3,16327,0
851,1056076,91.0,516.5,1,16327,1
851,1056077,525.8333129882812,464.1666564941406,3,16327,2
851,1056078,545.2000122070312,462.1000061035156,5,16327,3
851,1056079,811.5,473.5,1,16327,4
851,1056080,1051.25,472.0,2,16327,5
851,1056081,1266.5,468.0,1,16327,6
851,1056082,495.0,398.5,1,16327,7
851,1056083,239.5,482.8333435058594,3,16328,0
851,1056084,525.8333129882812,464.1666564941406,3,16328,1
851,1056085,1481.0909423828125,466.6363525390625,11,16328,2
851,1056086,545.2000122070312,462.1000061035156,5,16328,3
851,1056087,811.5,473.5,1,16328,4
851,1056088,1051.25,472.0,2,16328,5
851,1056089,522.5,449.0,1,16328,6
851,1056090,91.0,516.5,1,16329,0
851,1056091,525.8333129882812,464.1666564941406,3,16329,1
851,1056092,250.75,482.75,2,16329,2
851,1056093,545.2000122070312,462.1000061035156,5,16329,3
851,1056094,811.5,473.5,1,16329,4
851,1056095,1051.25,472.0,2,16329,5
851,1056096,1360.1666259765625,471.5,3,16329,6
851,1056097,495.0,398.5,1,16329,7
861,1055849,1381.642822265625,474.21429443359375,7,16289,0
861,1055850,1697.5,479.5,1,16289,1
861,1055851,702.0,478.5,1,16289,2
861,1055852,244.5,474.5,2,16289,3
861,1055853,429.0,480.0,1,16289,4
861,1055854,545.2000122070312,462.1000061035156,5,16290,0
861,1055855,811.5,473.5,1,16290,1
861,1055856,1031.0,470.5,1,16290,2
861,1055857,495.0,398.5,1,16290,3
861,1055858,520.25,448.0,2,16290,4
861,1055859,702.0,478.5,1,16290,5
861,1055860,501.625,468.125,4,16290,6
861,1055861,239.5,482.8333435058594,3,16290,7
861,1055862,91.0,516.5,1,16290,8
861,1055863,453.5,450.25,2,16291,0
861,1055864,645.0,476.75,2,16291,1
861,1055865,811.5,473.5,1,16291,2
861,1055866,1031.0,470.5,1,16291,3
861,1055867,31.0,475.0,1,16291,4
861,1055868,495.0,398.5,1,16291,5
861,1055869,518.0,447.0,1,16291,6
861,1055870,465.25,476.0,2,16291,7
861,1055871,239.5,482.8333435058594,3,16291,8
861,1055872,91.0,516.5,1,16291,9
861,1055873,1676.0,442.0,1,16292,0
861,1055874,1680.0,466.3333435058594,6,16292,1
861,1055875,1899.5,476.75,2,16292,2
861,1055876,499.5,344.0,1,16293,0
861,1055877,495.0,398.5,1,16293,1
861,1055878,520.25,448.0,2,16293,2
861,1055879,453.5,450.25,2,16294,0
861,1055880,645.0,476.75,2,16294,1
861,1055881,811.5,473.5,1,16294,2
861,1055882,1031.0,470.5,1,16294,3
861,1055883,31.0,475.0,1,16294,4
861,1055884,465.25,476.0,2,16294,5
861,1055885,239.5,482.8333435058594,3,16294,6
861,1055886,91.0,516.5,1,16294,7
861,1055887,1599.125,495.625,4,16295,0
861,1055888,702.0,478.5,1,16295,1
861,1055889,545.2000122070312,462.1000061035156,5,16296,0
861,1055890,811.5,473.5,1,16296,1
861,1055891,1031.0,470.5,1,16296,2
861,1055892,520.25,448.0,2,16296,3
861,1055893,702.0,478.5,1,16296,4
861,1055894,501.625,468.125,4,16296,5
861,1055895,239.5,482.8333435058594,3,16296,6
861,1055896,91.0,516.5,1,16296,7
861,1055897,555.0,351.0,1,16297,0
861,1055898,520.25,448.0,2,16297,1
861,1055899,1691.125,477.875,4,16298,0
861,1055900,1899.5,476.75,2,16298,1
861,1055901,1676.0,442.0,1,16298,2
861,1055902,811.5,473.5,1,16299,0
861,1055903,545.2000122070312,462.1000061035156,5,16299,1
861,1055904,31.0,475.0,1,16299,2
861,1055905,495.0,398.5,1,16299,3
861,1055906,522.5,449.0,1,16299,4
861,1055907,702.0,478.5,1,16299,5
861,1055908,501.625,468.125,4,16299,6
861,1055909,239.5,482.8333435058594,3,16299,7
861,1055910,91.0,516.5,1,16299,8
861,1055911,31.0,475.0,1,16300,0
861,1055912,453.5,450.25,2,16300,1
861,1055913,811.5,473.5,1,16300,2
861,1055914,495.0,398.5,1,16301,0
861,1055915,1051.25,472.0,2,16301,1
861,1055916,1266.5,468.0,1,16301,2
861,1055917,544.8333129882812,460.1666564941406,3,16301,3
861,1055918,811.5,473.5,1,16301,4
861,1055919,520.25,448.0,2,16301,5
861,1055920,536.5,465.5,1,16301,6
861,1055921,250.75,482.75,2,16301,7
861,1055922,91.0,516.5,1,16301,8
861,1055923,499.5,344.0,1,16301,9
861,1055924,1051.25,472.0,2,16302,0
861,1055925,529.0,456.5,1,16302,1
861,1055926,702.0,478.5,1,16302,2
861,1055927,501.625,468.125,4,16302,3
861,1055928,239.5,482.8333435058594,3,16302,4
861,1055929,91.0,516.5,1,16302,5
861,1055930,495.0,398.5,1,16302,6
861,1055931,1051.25,472.0,2,16303,0
861,1055932,545.2000122070312,462.1000061035156,5,16303,1
861,1055933,702.0,478.5,1,16303,2
861,1055934,501.625,468.125,4,16303,3
861,1055935,239.5,482.8333435058594,3,16303,4
861,1055936,91.0,516.5,1,16303,5
861,1055937,495.0,398.5,1,16303,6
861,1055938,1436.199951171875,474.3999938964844,5,16304,0
861,1055939,1697.5,479.5,1,16304,1
861,1055940,1224.0,479.5,1,16304,2
861,1055941,702.0,478.5,1,16304,3
861,1055942,244.5,474.5,2,16304,4
861,1055943,429.0,480.0,1,16304,5
861,1055944,91.0,516.5,1,16304,6
861,1055945,1672.5999755859375,460.5,5,16305,0
861,1055946,702.0,478.5,1,16305,1
861,1055947,429.0,480.0,1,16305,2
861,1055948,217.0,483.0,1,16305,3
861,1055949,1676.0,442.0,1,16305,4
861,1055950,1646.0,461.0,5,16306,0
861,1055951,702.0,478.5,1,16306,1
861,1055952,429.0,480.0,1,16306,2
861,1055953,217.0,483.0,1,16306,3
861,1055954,1676.0,442.0,1,16306,4
861,1055955,1436.199951171875,474.3999938964844,5,16307,0
861,1055956,1697.5,479.5,1,16307,1
861,1055957,1224.0,479.5,1,16307,2
861,1055958,702.0,478.5,1,16307,3
861,1055959,244.5,474.5,2,16307,4
861,1055960,429.0,480.0,1,16307,5
861,1055961,1245.25,473.75,2,16308,0
861,1055962,529.0,456.5,1,16308,1
861,1055963,702.0,478.5,1,16308,2
861,1055964,501.625,468.125,4,16308,3
861,1055965,239.5,482.8333435058594,3,16308,4
861,1055966,91.0,516.5,1,16308,5
861,1055967,495.0,398.5,1,16308,6
861,1055968,1452.375,477.125,4,16309,0
861,1055969,1697.5,479.5,1,16309,1
861,1055970,1224.0,479.5,1,16309,2
861,1055971,702.0,478.5,1,16309,3
861,1055972,244.5,474.5,2,16309,4
861,1055973,429.0,480.0,1,16309,5
861,1055974,1405.1666259765625,470.5,3,16310,0
861,1055975,1224.0,479.5,1,16310,1
861,1055976,702.0,478.5,1,16310,2
861,1055977,244.5,474.5,2,16310,3
861,1055978,429.0,480.0,1,16310,4
861,1055979,91.0,516.5,1,16310,5
861,1055980,1473.5,484.3999938964844,5,16311,0
861,1055981,1697.5,479.5,1,16311,1
861,1055982,1224.0,479.5,1,16311,2
861,1055983,702.0,478.5,1,16311,3
861,1055984,244.5,474.5,2,16311,4
861,1055985,429.0,480.0,1,16311,5
861,1055986,1587.9166259765625,472.2916564941406,12,16312,0
861,1055987,1224.0,479.5,1,16312,1
861,1055988,702.0,478.5,1,16312,2
861,1055989,244.5,474.5,2,16312,3
861,1055990,429.0,480.0,1,16312,4
861,1055991,1676.0,442.0,1,16312,5
861,1055992,1642.75,466.0,4,16313,0
861,1055993,702.0,478.5,1,16313,1
861,1055994,429.0,480.0,1,16313,2
861,1055995,217.0,483.0,1,16313,3
861,1055996,1684.699951171875,470.5,5,16314,0
861,1055997,702.0,478.5,1,16314,1
861,1055998,429.0,480.0,1,16314,2
861,1055999,1676.0,442.0,1,16314,3
861,1056000,520.25,448.0,2,16315,0
861,1056001,510.1666564941406,427.9166564941406,6,16315,1
861,1056002,272.0,466.0,1,16315,2
861,1056003,571.375,464.875,4,16315,3
861,1056004,495.0,398.5,1,16315,4
861,1056005,520.25,448.0,2,16316,0
861,1056006,510.1666564941406,427.9166564941406,6,16316,1
861,1056007,244.5,474.5,2,16316,2
861,1056008,606.3333129882812,470.0,3,16316,3
861,1056009,811.5,473.5,1,16316,4
861,1056010,495.0,398.5,1,16316,5
861,1056011,702.0,478.5,1,16317,0
861,1056012,1506.9615478515625,468.5769348144531,13,16317,1
861,1056013,645.0,476.75,2,16317,2
861,1056014,811.5,473.5,1,16317,3
861,1056015,1051.25,472.0,2,16317,4
861,1056016,501.625,468.125,4,16318,0
861,1056017,239.5,482.8333435058594,3,16318,1
861,1056018,91.0,516.5,1,16318,2
861,1056019,606.3333129882812,470.0,3,16318,3
861,1056020,811.5,473.5,1,16318,4
861,1056021,1051.25,472.0,2,16318,5
861,1056022,1266.5,468.0,1,16318,6
861,1056023,520.25,448.0,2,16318,7
861,1056024,1899.5,476.75,2,16319,0
861,1056025,1663.25,493.5,2,16319,1
861,1056026,1676.0,442.0,1,16319,2
861,1056027,606.3333129882812,470.0,3,16320,0
861,1056028,811.5,473.5,1,16320,1
861,1056029,1051.25,472.0,2,16320,2
861,1056030,1266.5,468.0,1,16320,3
861,1056031,501.625,468.125,4,16320,4
861,1056032,239.5,482.8333435058594,3,16320,5
861,1056033,91.0,516.5,1,16320,6
861,1056034,495.0,398.5,1,16320,7
861,1056035,520.25,448.0,2,16320,8
861,1056036,1899.5,476.75,2,16321,0
861,1056037,1663.25,493.5,2,16321,1
861,1056038,1676.0,442.0,1,16321,2
861,1056039,501.625,468.125,4,16322,0
861,1056040,239.5,482.8333435058594,3,16322,1
861,1056041,91.0,516.5,1,16322,2
861,1056042,606.3333129882812,470.0,3,16322,3
861,1056043,811.5,473.5,1,16322,4
861,1056044,1051.25,472.0,2,16322,5
861,1056045,1266.5,468.0,1,16322,6
861,1056046,495.0,398.5,1,16322,7
861,1056047,520.25,448.0,2,16322,8
861,1056048,1655.6875,469.875,8,16323,0
861,1056049,1676.0,442.0,1,16323,1
861,1056050,1899.5,476.75,2,16323,2
861,1056051,501.625,468.125,4,16324,0
861,1056052,239.5,482.8333435058594,3,16324,1
861,1056053,91.0,516.5,1,16324,2
861,1056054,545.2000122070312,462.1000061035156,5,16324,3
861,1056055,811.5,473.5,1,16324,4
861,1056056,1051.25,472.0,2,16324,5
861,1056057,1266.5,468.0,1,16324,6
861,1056058,520.25,448.0,2,16324,7
861,1056059,239.5,482.8333435058594,3,16325,0
861,1056060,91.0,516.5,1,16325,1
861,1056061,525.8333129882812,464.1666564941406,3,16325,2
861,1056062,1381.642822265625,474.21429443359375,7,16325,3
861,1056063,545.2000122070312,462.1000061035156,5,16325,4
861,1056064,811.5,473.5,1,16325,5
861,1056065,1051.25,472.0,2,16325,6
861,1056066,1697.5,479.5,1,16325,7
861,1056067,495.0,398.5,1,16325,8
861,1056068,520.25,448.0,2,16325,9
861,1056069,501.625,468.125,4,16326,0
861,1056070,1502.7083740234375,464.8333435058594,12,16326,1
861,1056071,545.2000122070312,462.1000061035156,5,16326,2
861,1056072,811.5,473.5,1,16326,3
861,1056073,1051.25,472.0,2,16326,4
861,1056074,520.25,448.0,2,16326,5
861,1056075,239.5,482.8333435058594,3,16327,0
861,1056076,91.0,516.5,1,16327,1
861,1056077,525.8333129882812,464.1666564941406,3,16327,2
861,1056078,545.2000122070312,462.1000061035156,5,16327,3
861,1056079,811.5,473.5,1,16327,4
861,1056080,1051.25,472.0,2,16327,5
861,1056081,1266.5,468.0,1,16327,6
861,1056082,495.0,398.5,1,16327,7
861,1056083,239.5,482.8333435058594,3,16328,0
861,1056084,525.8333129882812,464.1666564941406,3,16328,1
861,1056085,1481.0909423828125,466.6363525390625,11,16328,2
861,1056086,545.2000122070312,462.1000061035156,5,16328,3
861,1056087,811.5,473.5,1,16328,4
861,1056088,1051.25,472.0,2,16328,5
861,1056089,522.5,449.0,1,16328,6
861,1056090,91.0,516.5,1,16329,0
861,1056091,525.8333129882812,464.1666564941406,3,16329,1
861,1056092,250.75,482.75,2,16329,2
861,1056093,545.2000122070312,462.1000061035156,5,16329,3
861,1056094,811.5,473.5,1,16329,4
861,1056095,1051.25,472.0,2,16329,5
861,1056096,1360.1666259765625,471.5,3,16329,6
861,1056097,495.0,398.5,1,16329,7
871,1055849,1381.642822265625,474.21429443359375,7,16289,0
871,1055850,1697.5,479.5,1,16289,1
871,1055851,702.0,478.5,1,16289,2
871,1055852,244.5,474.5,2,16289,3
871,1055853,429.0,480.0,1,16289,4
871,1055854,545.2000122070312,462.1000061035156,5,16290,0
871,1055855,811.5,473.5,1,16290,1
871,1055856,1031.0,470.5,1,16290,2
871,1055857,495.0,398.5,1,16290,3
871,1055858,520.25,448.0,2,16290,4
871,1055859,702.0,478.5,1,16290,5
871,1055860,501.625,468.125,4,16290,6
871,1055861,239.5,482.8333435058594,3,16290,7
871,1055862,91.0,516.5,1,16290,8
871,1055863,453.5,450.25,2,16291,0
871,1055864,645.0,476.75,2,16291,1
871,1055865,811.5,473.5,1,16291,2
871,1055866,1031.0,470.5,1,16291,3
871,1055867,31.0,475.0,1,16291,4
871,1055868,495.0,398.5,1,16291,5
871,1055869,518.0,447.0,1,16291,6
871,1055870,465.25,476.0,2,16291,7
871,1055871,239.5,482.8333435058594,3,16291,8
871,1055872,91.0,516.5,1,16291,9
871,1055873,1676.0,442.0,1,16292,0
871,1055874,1680.0,466.3333435058594,6,16292,1
871,1055875,1899.5,476.75,2,16292,2
871,1055876,499.5,344.0,1,16293,0
871,1055877,495.0,398.5,1,16293,1
871,1055878,520.25,448.0,2,16293,2
871,1055879,453.5,450.25,2,16294,0
871,1055880,645.0,476.75,2,16294,1
871,1055881,811.5,473.5,1,16294,2
871,1055882,1031.0,470.5,1,16294,3
871,1055883,31.0,475.0,1,16294,4
871,1055884,465.25,476.0,2,16294,5
871,1055885,239.5,482.8333435058594,3,16294,6
871,1055886,91.0,516.5,1,16294,7
871,1055887,1599.125,495.625,4,16295,0
871,1055888,702.0,478.5,1,16295,1
871,1055889,545.2000122070312,462.1000061035156,5,16296,0
871,1055890,811.5,473.5,1,16296,1
871,1055891,1031.0,470.5,1,16296,2
871,1055892,520.25,448.0,2,16296,3
871,1055893,702.0,478.5,1,16296,4
871,1055894,501.625,468.125,4,16296,5
871,1055895,239.5,482.8333435058594,3,16296,6
871,1055896,91.0,516.5,1,16296,7
871,1055897,555.0,351.0,1,16297,0
871,1055898,520.25,448.0,2,16297,1
871,1055899,1691.125,477.875,4,16298,0
871,1055900,1899.5,476.75,2,16298,1
871,1055901,1676.0,442.0,1,16298,2
871,1055902,811.5,473.5,1,16299,0
871,1055903,545.2000122070312,462.1000061035156,5,16299,1
871,1055904,31.0,475.0,1,16299,2
871,1055905,495.0,398.5,1,16299,3
871,1055906,522.5,449.0,1,16299,4
871,1055907,702.0,478.5,1,16299,5
871,1055908,501.625,468.125,4,16299,6
871,1055909,239.5,482.8333435058594,3,16299,7
871,1055910,91.0,516.5,1,16299,8
871,1055911,31.0,475.0,1,16300,0
871,1055912,453.5,450.25,2,16300,1
871,1055913,811.5,473.5,1,16300,2
871,1055914,495.0,398.5,1,16301,0
871,1055915,1051.25,472.0,2,16301,1
871,1055916,1266.5,468.0,1,16301,2
871,1055917,544.8333129882812,460.1666564941406,3,16301,3
871,1055918,811.5,473.5,1,16301,4
871,1055919,520.25,448.0,2,16301,5
871,1055920,536.5,465.5,1,16301,6
871,1055921,250.75,482.75,2,16301,7
871,1055922,91.0,516.5,1,16301,8
871,1055923,499.5,344.0,1,16301,9
871,1055924,1051.25,472.0,2,16302,0
871,1055925,529.0,456.5,1,16302,1
871,1055926,702.0,478.5,1,16302,2
871,1055927,501.625,468.125,4,16302,3
871,1055928,239.5,482.8333435058594,3,16302,4
871,1055929,91.0,516.5,1,16302,5
871,1055930,495.0,398.5,1,16302,6
871,1055931,1051.25,472.0,2,16303,0
871,1055932,545.2000122070312,462.1000061035156,5,16303,1
871,1055933,702.0,478.5,1,16303,2
871,1055934,501.625,468.125,4,16303,3
871,1055935,239.5,482.8333435058594,3,16303,4
871,1055936,91.0,516.5,1,16303,5
871,1055937,495.0,398.5,1,16303,6
871,1055938,1436.199951171875,474.3999938964844,5,16304,0
871,1055939,1697.5,479.5,1,16304,1
871,1055940,1224.0,479.5,1,16304,2
871,1055941,702.0,478.5,1,16304,3
871,1055942,244.5,474.5,2,16304,4
871,1055943,429.0,480.0,1,16304,5
871,1055944,91.0,516.5,1,16304,6
871,1055945,1672.5999755859375,460.5,5,16305,0
871,1055946,702.0,478.5,1,16305,1
871,1055947,429.0,480.0,1,16305,2
871,1055948,217.0,483.0,1,16305,3
871,1055949,1676.0,442.0,1,16305,4
871,1055950,1646.0,461.0,5,16306,0
871,1055951,702.0,478.5,1,16306,1
871,1055952,429.0,480.0,1,16306,2
871,1055953,217.0,483.0,1,16306,3
871,1055954,1676.0,442.0,1,16306,4
871,1055955,1436.199951171875,474.3999938964844,5,16307,0
871,1055956,1697.5,479.5,1,16307,1
871,1055957,1224.0,479.5,1,16307,2
871,1055958,702.0,478.5,1,16307,3
871,1055959,244.5,474.5,2,16307,4
871,1055960,429.0,480.0,1,16307,5
871,1055961,1245.25,473.75,2,16308,0
871,1055962,529.0,456.5,1,16308,1
871,1055963,702.0,478.5,1,16308,2
871,1055964,501.625,468.125,4,16308,3
871,1055965,239.5,482.8333435058594,3,16308,4
871,1055966,91.0,516.5,1,16308,5
871,1055967,495.0,398.5,1,16308,6
871,1055968,1452.375,477.125,4,16309,0
871,1055969,1697.5,479.5,1,16309,1
871,1055970,1224.0,479.5,1,16309,2
871,1055971,702.0,478.5,1,16309,3
871,1055972,244.5,474.5,2,16309,4
871,1055973,429.0,480.0,1,16309,5
871,1055974,1405.1666259765625,470.5,3,16310,0
871,1055975,1224.0,479.5,1,16310,1
871,1055976,702.0,478.5,1,16310,2
871,1055977,244.5,474.5,2,16310,3
871,1055978,429.0,480.0,1,16310,4
871,1055979,91.0,516.5,1,16310,5
871,1055980,1473.5,484.3999938964844,5,16311,0
871,1055981,1697.5,479.5,1,16311,1
871,1055982,1224.0,479.5,1,16311,2
871,1055983,702.0,478.5,1,16311,3
871,1055984,244.5,474.5,2,16311,4
871,1055985,429.0,480.0,1,16311,5
871,1055986,1587.9166259765625,472.2916564941406,12,16312,0
871,1055987,1224.0,479.5,1,16312,1
871,1055988,702.0,478.5,1,16312,2
871,1055989,244.5,474.5,2,16312,3
871,1055990,429.0,480.0,1,16312,4
871,1055991,1676.0,442.0,1,16312,5
871,1055992,1642.75,466.0,4,16313,0
871,1055993,702.0,478.5,1,16313,1
871,1055994,429.0,480.0,1,16313,2
871,1055995,217.0,483.0,1,16313,3
871,1055996,1684.699951171875,470.5,5,16314,0
871,1055997,702.0,478.5,1,16314,1
871,1055998,429.0,480.0,1,16314,2
871,1055999,1676.0,442.0,1,16314,3
871,1056000,520.25,448.0,2,16315,0
871,1056001,510.1666564941406,427.9166564941406,6,16315,1
871,1056002,272.0,466.0,1,16315,2
871,1056003,571.375,464.875,4,16315,3
871,1056004,495.0,398.5,1,16315,4
871,1056005,520.25,448.0,2,16316,0
871,1056006,510.1666564941406,427.9166564941406,6,16316,1
871,1056007,244.5,474.5,2,16316,2
871,1056008,606.3333129882812,470.0,3,16316,3
871,1056009,811.5,473.5,1,16316,4
871,1056010,495.0,398.5,1,16316,5
871,1056011,702.0,478.5,1,16317,0
871,1056012,1506.9615478515625,468.5769348144531,13,16317,1
871,1056013,645.0,476.75,2,16317,2
871,1056014,811.5,473.5,1,16317,3
871,1056015,1051.25,472.0,2,16317,4
871,1056016,501.625,468.125,4,16318,0
871,1056017,239.5,482.8333435058594,3,16318,1
871,1056018,91.0,516.5,1,16318,2
871,1056019,606.3333129882812,470.0,3,16318,3
871,1056020,811.5,473.5,1,16318,4
871,1056021,1051.25,472.0,2,16318,5
871,1056022,1266.5,468.0,1,16318,6
871,1056023,520.25,448.0,2,16318,7
871,1056024,1899.5,476.75,2,16319,0
871,1056025,1663.25,493.5,2,16319,1
871,1056026,1676.0,442.0,1,16319,2
871,1056027,606.3333129882812,470.0,3,16320,0
871,1056028,811.5,473.5,1,16320,1
871,1056029,1051.25,472.0,2,16320,2
871,1056030,1266.5,468.0,1,16320,3
871,1056031,501.625,468.125,4,16320,4
871,1056032,239.5,482.8333435058594,3,16320,5
871,1056033,91.0,516.5,1,16320,6
871,1056034,495.0,398.5,1,16320,7
871,1056035,520.25,448.0,2,16320,8
871,1056036,1899.5,476.75,2,16321,0
871,1056037,1663.25,493.5,2,16321,1
871,1056038,1676.0,442.0,1,16321,2
871,1056039,501.625,468.125,4,16322,0
871,1056040,239.5,482.8333435058594,3,16322,1
871,1056041,91.0,516.5,1,16322,2
871,1056042,606.3333129882812,470.0,3,16322,3
871,1056043,811.5,473.5,1,16322,4
871,1056044,1051.25,472.0,2,16322,5
871,1056045,1266.5,468.0,1,16322,6
871,1056046,495.0,398.5,1,16322,7
871,1056047,520.25,448.0,2,16322,8
871,1056048,1655.6875,469.875,8,16323,0
871,1056049,1676.0,442.0,1,16323,1
871,1056050,1899.5,476.75,2,16323,2
871,1056051,501.625,468.125,4,16324,0
871,1056052,239.5,482.8333435058594,3,16324,1
871,1056053,91.0,516.5,1,16324,2
871,1056054,545.2000122070312,462.1000061035156,5,16324,3
871,1056055,811.5,473.5,1,16324,4
871,1056056,1051.25,472.0,2,16324,5
871,1056057,1266.5,468.0,1,16324,6
871,1056058,520.25,448.0,2,16324,7
871,1056059,239.5,482.8333435058594,3,16325,0
871,1056060,91.0,516.5,1,16325,1
871,1056061,525.8333129882812,464.1666564941406,3,16325,2
871,1056062,1381.642822265625,474.21429443359375,7,16325,3
871,1056063,545.2000122070312,462.1000061035156,5,16325,4
871,1056064,811.5,473.5,1,16325,5
871,1056065,1051.25,472.0,2,16325,6
871,1056066,1697.5,479.5,1,16325,7
871,1056067,495.0,398.5,1,16325,8
871,1056068,520.25,448.0,2,16325,9
871,1056069,501.625,468.125,4,16326,0
871,1056070,1502.7083740234375,464.8333435058594,12,16326,1
871,1056071,545.2000122070312,462.1000061035156,5,16326,2
871,1056072,811.5,473.5,1,16326,3
871,1056073,1051.25,472.0,2,16326,4
871,1056074,520.25,448.0,2,16326,5
871,1056075,239.5,482.8333435058594,3,16327,0
871,1056076,91.0,516.5,1,16327,1
871,1056077,525.8333129882812,464.1666564941406,3,16327,2
871,1056078,545.2000122070312,462.1000061035156,5,16327,3
871,1056079,811.5,473.5,1,16327,4
871,1056080,1051.25,472.0,2,16327,5
871,1056081,1266.5,468.0,1,16327,6
871,1056082,495.0,398.5,1,16327,7
871,1056083,239.5,482.8333435058594,3,16328,0
871,1056084,525.8333129882812,464.1666564941406,3,16328,1
871,1056085,1481.0909423828125,466.6363525390625,11,16328,2
871,1056086,545.2000122070312,462.1000061035156,5,16328,3
871,1056087,811.5,473.5,1,16328,4
871,1056088,1051.25,472.0,2,16328,5
871,1056089,522.5,449.0,1,16328,6
871,1056090,91.0,516.5,1,16329,0
871,1056091,525.8333129882812,464.1666564941406,3,16329,1
871,1056092,250.75,482.75,2,16329,2
871,1056093,545.2000122070312,462.1000061035156,5,16329,3
871,1056094,811.5,473.5,1,16329,4
871,1056095,1051.25,472.0,2,16329,5
871,1056096,1360.1666259765625,471.5,3,16329,6
871,1056097,495.0,398.5,1,16329,7
881,1055849,1381.642822265625,474.21429443359375,7,16289,0
881,1055850,1697.5,479.5,1,16289,1
881,1055851,702.0,478.5,1,16289,2
881,1055852,244.5,474.5,2,16289,3
881,1055853,429.0,480.0,1,16289,4
881,1055854,545.2000122070312,462.1000061035156,5,16290,0
881,1055855,811.5,473.5,1,16290,1
881,1055856,1031.0,470.5,1,16290,2
881,1055857,495.0,398.5,1,16290,3
881,1055858,520.25,448.0,2,16290,4
881,1055859,702.0,478.5,1,16290,5
881,1055860,501.625,468.125,4,16290,6
881,1055861,239.5,482.8333435058594,3,16290,7
881,1055862,91.0,516.5,1,16290,8
881,1055863,453.5,450.25,2,16291,0
881,1055864,645.0,476.75,2,16291,1
881,1055865,811.5,473.5,1,16291,2
881,1055866,1031.0,470.5,1,16291,3
881,1055867,31.0,475.0,1,16291,4
881,1055868,495.0,398.5,1,16291,5
881,1055869,518.0,447.0,1,16291,6
881,1055870,465.25,476.0,2,16291,7
881,1055871,239.5,482.8333435058594,3,16291,8
881,1055872,91.0,516.5,1,16291,9
881,1055873,1676.0,442.0,1,16292,0
881,1055874,1680.0,466.3333435058594,6,16292,1
881,1055875,1899.5,476.75,2,16292,2
881,1055876,499.5,344.0,1,16293,0
881,1055877,495.0,398.5,1,16293,1
881,1055878,520.25,448.0,2,16293,2
881,1055879,453.5,450.25,2,16294,0
881,1055880,645.0,476.75,2,16294,1
881,1055881,811.5,473.5,1,16294,2
881,1055882,1031.0,470.5,1,16294,3
881,1055883,31.0,475.0,1,16294,4
881,1055884,465.25,476.0,2,16294,5
881,1055885,239.5,482.8333435058594,3,16294,6
881,1055886,91.0,516.5,1,16294,7
881,1055887,1599.125,495.625,4,16295,0
881,1055888,702.0,478.5,1,16295,1
881,1055889,545.2000122070312,462.1000061035156,5,16296,0
881,1055890,811.5,473.5,1,16296,1
881,1055891,1031.0,470.5,1,16296,2
881,1055892,520.25,448.0,2,16296,3
881,1055893,702.0,478.5,1,16296,4
881,1055894,501.625,468.125,4,16296,5
881,1055895,239.5,482.8333435058594,3,16296,6
881,1055896,91.0,516.5,1,16296,7
881,1055897,555.0,351.0,1,16297,0
881,1055898,520.25,448.0,2,16297,1
881,1055899,1691.125,477.875,4,16298,0
881,1055900,1899.5,476.75,2,16298,1
881,1055901,1676.0,442.0,1,16298,2
881,1055902,811.5,473.5,1,16299,0
881,1055903,545.2000122070312,462.1000061035156,5,16299,1
881,1055904,31.0,475.0,1,16299,2
881,1055905,495.0,398.5,1,16299,3
881,1055906,522.5,449.0,1,16299,4
881,1055907,702.0,478.5,1,16299,5
881,1055908,501.625,468.125,4,16299,6
881,1055909,239.5,482.8333435058594,3,16299,7
881,1055910,91.0,516.5,1,16299,8
881,1055911,31.0,475.0,1,16300,0
881,1055912,453.5,450.25,2,16300,1
881,1055913,811.5,473.5,1,16300,2
881,1055914,495.0,398.5,1,16301,0
881,1055915,1051.25,472.0,2,16301,1
881,1055916,1266.5,468.0,1,16301,2
881,1055917,544.8333129882812,460.1666564941406,3,16301,3
881,1055918,811.5,473.5,1,16301,4
881,1055919,520.25,448.0,2,16301,5
881,1055920,536.5,465.5,1,16301,6
881,1055921,250.75,482.75,2,16301,7
881,1055922,91.0,516.5,1,16301,8
881,1055923,499.5,344.0,1,16301,9
881,1055924,1051.25,472.0,2,16302,0
881,1055925,529.0,456.5,1,16302,1
881,1055926,702.0,478.5,1,16302,2
881,1055927,501.625,468.125,4,16302,3
881,1055928,239.5,482.8333435058594,3,16302,4
881,1055929,91.0,516.5,1,16302,5
881,1055930,495.0,398.5,1,16302,6
881,1055931,1051.25,472.0,2,16303,0
881,1055932,545.2000122070312,462.1000061035156,5,16303,1
881,1055933,702.0,478.5,1,16303,2
881,1055934,501.625,468.125,4,16303,3
881,1055935,239.5,482.8333435058594,3,16303,4
881,1055936,91.0,516.5,1,16303,5
881,1055937,495.0,398.5,1,16303,6
881,1055938,1436.199951171875,474.3999938964844,5,16304,0
881,1055939,1697.5,479.5,1,16304,1
881,1055940,1224.0,479.5,1,16304,2
881,1055941,702.0,478.5,1,16304,3
881,1055942,244.5,474.5,2,16304,4
881,1055943,429.0,480.0,1,16304,5
881,1055944,91.0,516.5,1,16304,6
881,1055945,1672.5999755859375,460.5,5,16305,0
881,1055946,702.0,478.5,1,16305,1
881,1055947,429.0,480.0,1,16305,2
881,1055948,217.0,483.0,1,16305,3
881,1055949,1676.0,442.0,1,16305,4
881,1055950,1646.0,461.0,5,16306,0
881,1055951,702.0,478.5,1,16306,1
881,1055952,429.0,480.0,1,16306,2
881,1055953,217.0,483.0,1,16306,3
881,1055954,1676.0,442.0,1,16306,4
881,1055955,1436.199951171875,474.3999938964844,5,16307,0
881,1055956,1697.5,479.5,1,16307,1
881,1055957,1224.0,479.5,1,16307,2
881,1055958,702.0,478.5,1,16307,3
881,1055959,244.5,474.5,2,16307,4
881,1055960,429.0,480.0,1,16307,5
881,1055961,1245.25,473.75,2,16308,0
881,1055962,529.0,456.5,1,16308,1
881,1055963,702.0,478.5,1,16308,2
881,1055964,501.625,468.125,4,16308,3
881,1055965,239.5,482.8333435058594,3,16308,4
881,1055966,91.0,516.5,1,16308,5
881,1055967,495.0,398.5,1,16308,6
881,1055968,1452.375,477.125,4,16309,0
881,1055969,1697.5,479.5,1,16309,1
881,1055970,1224.0,479.5,1,16309,2
881,1055971,702.0,478.5,1,16309,3
881,1055972,244.5,474.5,2,16309,4
881,1055973,429.0,480.0,1,16309,5
881,1055974,1405.1666259765625,470.5,3,16310,0
881,1055975,1224.0,479.5,1,16310,1
881,1055976,702.0,478.5,1,16310,2
881,1055977,244.5,474.5,2,16310,3
881,1055978,429.0,480.0,1,16310,4
881,1055979,91.0,516.5,1,16310,5
881,1055980,1473.5,484.3999938964844,5,16311,0
881,1055981,1697.5,479.5,1,16311,1
881,1055982,1224.0,479.5,1,16311,2
881,1055983,702.0,478.5,1,16311,3
881,1055984,244.5,474.5,2,16311,4
881,1055985,429.0,480.0,1,16311,5
881,1055986,1587.9166259765625,472.2916564941406,12,16312,0
881,1055987,1224.0,479.5,1,16312,1
881,1055988,702.0,478.5,1,16312,2
881,1055989,244.5,474.5,2,16312,3
881,1055990,429.0,480.0,1,16312,4
881,1055991,1676.0,442.0,1,16312,5
881,1055992,1642.75,466.0,4,16313,0
881,1055993,702.0,478.5,1,16313,1
881,1055994,429.0,480.0,1,16313,2
881,1055995,217.0,483.0,1,16313,3
881,1055996,1684.699951171875,470.5,5,16314,0
881,1055997,702.0,478.5,1,16314,1
881,1055998,429.0,480.0,1,16314,2
881,1055999,1676.0,442.0,1,16314,3
881,1056000,520.25,448.0,2,16315,0
881,1056001,510.1666564941406,427.9166564941406,6,16315,1
881,1056002,272.0,466.0,1,16315,2
881,1056003,571.375,464.875,4,16315,3
881,1056004,495.0,398.5,1,16315,4
881,1056005,520.25,448.0,2,16316,0
881,1056006,510.1666564941406,427.9166564941406,6,16316,1
881,1056007,244.5,474.5,2,16316,2
881,1056008,606.3333129882812,470.0,3,16316,3
881,1056009,811.5,473.5,1,16316,4
881,1056010,495.0,398.5,1,16316,5
881,1056011,702.0,478.5,1,16317,0
881,1056012,1506.9615478515625,468.5769348144531,13,16317,1
881,1056013,645.0,476.75,2,16317,2
881,1056014,811.5,473.5,1,16317,3
881,1056015,1051.25,472.0,2,16317,4
881,1056016,501.625,468.125,4,16318,0
881,1056017,239.5,482.8333435058594,3,16318,1
881,1056018,91.0,516.5,1,16318,2
881,1056019,606.3333129882812,470.0,3,16318,3
881,1056020,811.5,473.5,1,16318,4
881,1056021,1051.25,472.0,2,16318,5
881,1056022,1266.5,468.0,1,16318,6
881,1056023,520.25,448.0,2,16318,7
881,1056024,1899.5,476.75,2,16319,0
881,1056025,1663.25,493.5,2,16319,1
881,1056026,1676.0,442.0,1,16319,2
881,1056027,606.3333129882812,470.0,3,16320,0
881,1056028,811.5,473.5,1,16320,1
881,1056029,1051.25,472.0,2,16320,2
881,1056030,1266.5,468.0,1,16320,3
881,1056031,501.625,468.125,4,16320,4
881,1056032,239.5,482.8333435058594,3,16320,5
881,1056033,91.0,516.5,1,16320,6
881,1056034,495.0,398.5,1,16320,7
881,1056035,520.25,448.0,2,16320,8
881,1056036,1899.5,476.75,2,16321,0
881,1056037,1663.25,493.5,2,16321,1
881,1056038,1676.0,442.0,1,16321,2
881,1056039,501.625,468.125,4,16322,0
881,1056040,239.5,482.8333435058594,3,16322,1
881,1056041,91.0,516.5,1,16322,2
881,1056042,606.3333129882812,470.0,3,16322,3
881,1056043,811.5,473.5,1,16322,4
881,1056044,1051.25,472.0,2,16322,5
881,1056045,1266.5,468.0,1,16322,6
881,1056046,495.0,398.5,1,16322,7
881,1056047,520.25,448.0,2,16322,8
881,1056048,1655.6875,469.875,8,16323,0
881,1056049,1676.0,442.0,1,16323,1
881,1056050,1899.5,476.75,2,16323,2
881,1056051,501.625,468.125,4,16324,0
881,1056052,239.5,482.8333435058594,3,16324,1
881,1056053,91.0,516.5,1,16324,2
881,1056054,545.2000122070312,462.1000061035156,5,16324,3
881,1056055,811.5,473.5,1,16324,4
881,1056056,1051.25,472.0,2,16324,5
881,1056057,1266.5,468.0,1,16324,6
881,1056058,520.25,448.0,2,16324,7
881,1056059,239.5,482.8333435058594,3,16325,0
881,1056060,91.0,516.5,1,16325,1
881,1056061,525.8333129882812,464.1666564941406,3,16325,2
881,1056062,1381.642822265625,474.21429443359375,7,16325,3
881,1056063,545.2000122070312,462.1000061035156,5,16325,4
881,1056064,811.5,473.5,1,16325,5
881,1056065,1051.25,472.0,2,16325,6
881,1056066,1697.5,479.5,1,16325,7
881,1056067,495.0,398.5,1,16325,8
881,1056068,520.25,448.0,2,16325,9
881,1056069,501.625,468.125,4,16326,0
881,1056070,1502.7083740234375,464.8333435058594,12,16326,1
881,1056071,545.2000122070312,462.1000061035156,5,16326,2
881,1056072,811.5,473.5,1,16326,3
881,1056073,1051.25,472.0,2,16326,4
881,1056074,520.25,448.0,2,16326,5
881,1056075,239.5,482.8333435058594,3,16327,0
881,1056076,91.0,516.5,1,16327,1
881,1056077,525.8333129882812,464.1666564941406,3,16327,2
881,1056078,545.2000122070312,462.1000061035156,5,16327,3
881,1056079,811.5,473.5,1,16327,4
881,1056080,1051.25,472.0,2,16327,5
881,1056081,1266.5,468.0,1,16327,6
881,1056082,495.0,398.5,1,16327,7
881,1056083,239.5,482.8333435058594,3,16328,0
881,1056084,525.8333129882812,464.1666564941406,3,16328,1
881,1056085,1481.0909423828125,466.6363525390625,11,16328,2
881,1056086,545.2000122070312,462.1000061035156,5,16328,3
881,1056087,811.5,473.5,1,16328,4
881,1056088,1051.25,472.0,2,16328,5
881,1056089,522.5,449.0,1,16328,6
881,1056090,91.0,516.5,1,16329,0
881,1056091,525.8333129882812,464.1666564941406,3,16329,1
881,1056092,250.75,482.75,2,16329,2
881,1056093,545.2000122070312,462.1000061035156,5,16329,3
881,1056094,811.5,473.5,1,16329,4
881,1056095,1051.25,472.0,2,16329,5
881,1056096,1360.1666259765625,471.5,3,16329,6
881,1056097,495.0,398.5,1,16329,7
891,1055849,1381.642822265625,474.21429443359375,7,16289,0
891,1055850,1697.5,479.5,1,16289,1
891,1055851,702.0,478.5,1,16289,2
891,1055852,244.5,474.5,2,16289,3
891,1055853,429.0,480.0,1,16289,4
891,1055854,545.2000122070312,462.1000061035156,5,16290,0
891,1055855,811.5,473.5,1,16290,1
891,1055856,1031.0,470.5,1,16290,2
891,1055857,495.0,398.5,1,16290,3
891,1055858,520.25,448.0,2,16290,4
891,1055859,702.0,478.5,1,16290,5
891,1055860,501.625,468.125,4,16290,6
891,1055861,239.5,482.8333435058594,3,16290,7
891,1055862,91.0,516.5,1,16290,8
891,1055863,453.5,450.25,2,16291,0
891,1055864,645.0,476.75,2,16291,1
891,1055865,811.5,473.5,1,16291,2
891,1055866,1031.0,470.5,1,16291,3
891,1055867,31.0,475.0,1,16291,4
891,1055868,495.0,398.5,1,16291,5
891,1055869,518.0,447.0,1,16291,6
891,1055870,465.25,476.0,2,16291,7
891,1055871,239.5,482.8333435058594,3,16291,8
891,1055872,91.0,516.5,1,16291,9
891,1055873,1676.0,442.0,1,16292,0
891,1055874,1680.0,466.3333435058594,6,16292,1
891,1055875,1899.5,476.75,2,16292,2
891,1055876,499.5,344.0,1,16293,0
891,1055877,495.0,398.5,1,16293,1
891,1055878,520.25,448.0,2,16293,2
891,1055879,453.5,450.25,2,16294,0
891,1055880,645.0,476.75,2,16294,1
891,1055881,811.5,473.5,1,16294,2
891,1055882,1031.0,470.5,1,16294,3
891,1055883,31.0,475.0,1,16294,4
891,1055884,465.25,476.0,2,16294,5
891,1055885,239.5,482.8333435058594,3,16294,6
891,1055886,91.0,516.5,1,16294,7
891,1055887,1599.125,495.625,4,16295,0
891,1055888,702.0,478.5,1,16295,1
891,1055889,545.2000122070312,462.1000061035156,5,16296,0
891,1055890,811.5,473.5,1,16296,1
891,1055891,1031.0,470.5,1,16296,2
891,1055892,520.25,448.0,2,16296,3
891,1055893,702.0,478.5,1,16296,4
891,1055894,501.625,468.125,4,16296,5
891,1055895,239.5,482.8333435058594,3,16296,6
891,1055896,91.0,516.5,1,16296,7
891,1055897,555.0,351.0,1,16297,0
891,1055898,520.25,448.0,2,16297,1
891,1055899,1691.125,477.875,4,16298,0
891,1055900,1899.5,476.75,2,16298,1
891,1055901,1676.0,442.0,1,16298,2
891,1055902,811.5,473.5,1,16299,0
891,1055903,545.2000122070312,462.1000061035156,5,16299,1
891,1055904,31.0,475.0,1,16299,2
891,1055905,495.0,398.5,1,16299,3
891,1055906,522.5,449.0,1,16299,4
891,1055907,702.0,478.5,1,16299,5
891,1055908,501.625,468.125,4,16299,6
891,1055909,239.5,482.8333435058594,3,16299,7
891,1055910,91.0,516.5,1,16299,8
891,1055911,31.0,475.0,1,16300,0
891,1055912,453.5,450.25,2,16300,1
891,1055913,811.5,473.5,1,16300,2
891,1055914,495.0,398.5,1,16301,0
891,1055915,1051.25,472.0,2,16301,1
891,1055916,1266.5,468.0,1,16301,2
891,1055917,544.8333129882812,460.1666564941406,3,16301,3
891,1055918,811.5,473.5,1,16301,4
891,1055919,520.25,448.0,2,16301,5
891,1055920,536.5,465.5,1,16301,6
891,1055921,250.75,482.75,2,16301,7
891,1055922,91.0,516.5,1,16301,8
891,1055923,499.5,344.0,1,16301,9
891,1055924,1051.25,472.0,2,16302,0
891,1055925,529.0,456.5,1,16302,1
891,1055926,702.0,478.5,1,16302,2
891,1055927,501.625,468.125,4,16302,3
891,1055928,239.5,482.8333435058594,3,16302,4
891,1055929,91.0,516.5,1,16302,5
891,1055930,495.0,398.5,1,16302,6
891,1055931,1051.25,472.0,2,16303,0
891,1055932,545.2000122070312,462.1000061035156,5,16303,1
891,1055933,702.0,478.5,1,16303,2
891,1055934,501.625,468.125,4,16303,3
891,1055935,239.5,482.8333435058594,3,16303,4
891,1055936,91.0,516.5,1,16303,5
891,1055937,495.0,398.5,1,16303,6
891,1055938,1436.199951171875,474.3999938964844,5,16304,0
891,1055939,1697.5,479.5,1,16304,1
891,1055940,1224.0,479.5,1,16304,2
891,1055941,702.0,478.5,1,16304,3
891,1055942,244.5,474.5,2,16304,4
891,1055943,429.0,480.0,1,16304,5
891,1055944,91.0,516.5,1,16304,6
891,1055945,1672.5999755859375,460.5,5,16305,0
891,1055946,702.0,478.5,1,16305,1
891,1055947,429.0,480.0,1,16305,2
891,1055948,217.0,483.0,1,16305,3
891,1055949,1676.0,442.0,1,16305,4
891,1055950,1646.0,461.0,5,16306,0
891,1055951,702.0,478.5,1,16306,1
891,1055952,429.0,480.0,1,16306,2
891,1055953,217.0,483.0,1,16306,3
891,1055954,1676.0,442.0,1,16306,4
891,1055955,1436.199951171875,474.3999938964844,5,16307,0
891,1055956,1697.5,479.5,1,16307,1
891,1055957,1224.0,479.5,1,16307,2
891,1055958,702.0,478.5,1,16307,3
891,1055959,244.5,474.5,2,16307,4
891,1055960,429.0,480.0,1,16307,5
891,1055961,1245.25,473.75,2,16308,0
891,1055962,529.0,456.5,1,16308,1
891,1055963,702.0,478.5,1,16308,2
891,1055964,501.625,468.125,4,16308,3
891,1055965,239.5,482.8333435058594,3,16308,4
891,1055966,91.0,516.5,1,16308,5
891,1055967,495.0,398.5,1,16308,6
891,1055968,1452.375,477.125,4,16309,0
891,1055969,1697.5,479.5,1,16309,1
891,1055970,1224.0,479.5,1,16309,2
891,1055971,702.0,478.5,1,16309,3
891,1055972,244.5,474.5,2,16309,4
891,1055973,429.0,480.0,1,16309,5
891,1055974,1405.1666259765625,470.5,3,16310,0
891,1055975,1224.0,479.5,1,16310,1
891,1055976,702.0,478.5,1,16310,2
891,1055977,244.5,474.5,2,16310,3
891,1055978,429.0,480.0,1,16310,4
891,1055979,91.0,516.5,1,16310,5
891,1055980,1473.5,484.3999938964844,5,16311,0
891,1055981,1697.5,479.5,1,16311,1
891,1055982,1224.0,479.5,1,16311,2
891,1055983,702.0,478.5,1,16311,3
891,1055984,244.5,474.5,2,16311,4
891,1055985,429.0,480.0,1,16311,5
891,1055986,1587.9166259765625,472.2916564941406,12,16312,0
891,1055987,1224.0,479.5,1,16312,1
891,1055988,702.0,478.5,1,16312,2
891,1055989,244.5,474.5,2,16312,3
891,1055990,429.0,480.0,1,16312,4
891,1055991,1676.0,442.0,1,16312,5
891,1055992,1642.75,466.0,4,16313,0
891,1055993,702.0,478.5,1,16313,1
891,1055994,429.0,480.0,1,16313,2
891,1055995,217.0,483.0,1,16313,3
891,1055996,1684.699951171875,470.5,5,16314,0
891,1055997,702.0,478.5,1,16314,1
891,1055998,429.0,480.0,1,16314,2
891,1055999,1676.0,442.0,1,16314,3
891,1056000,520.25,448.0,2,16315,0
891,1056001,510.1666564941406,427.9166564941406,6,16315,1
891,1056002,272.0,466.0,1,16315,2
891,1056003,571.375,464.875,4,16315,3
891,1056004,495.0,398.5,1,16315,4
891,1056005,520.25,448.0,2,16316,0
891,1056006,510.1666564941406,427.9166564941406,6,16316,1
891,1056007,244.5,474.5,2,16316,2
891,1056008,606.3333129882812,470.0,3,16316,3
891,1056009,811.5,473.5,1,16316,4
891,1056010,495.0,398.5,1,16316,5
891,1056011,702.0,478.5,1,16317,0
891,1056012,1506.9615478515625,468.5769348144531,13,16317,1
891,1056013,645.0,476.75,2,16317,2
891,1056014,811.5,473.5,1,16317,3
891,1056015,1051.25,472.0,2,16317,4
891,1056016,501.625,468.125,4,16318,0
891,1056017,239.5,482.8333435058594,3,16318,1
891,1056018,91.0,516.5,1,16318,2
891,1056019,606.3333129882812,470.0,3,16318,3
891,1056020,811.5,473.5,1,16318,4
891,1056021,1051.25,472.0,2,16318,5
891,1056022,1266.5,468.0,1,16318,6
891,1056023,520.25,448.0,2,16318,7
891,1056024,1899.5,476.75,2,16319,0
891,1056025,1663.25,493.5,2,16319,1
891,1056026,1676.0,442.0,1,16319,2
891,1056027,606.3333129882812,470.0,3,16320,0
891,1056028,811.5,473.5,1,16320,1
891,1056029,1051.25,472.0,2,16320,2
891,1056030,1266.5,468.0,1,16320,3
891,1056031,501.625,468.125,4,16320,4
891,1056032,239.5,482.8333435058594,3,16320,5
891,1056033,91.0,516.5,1,16320,6
891,1056034,495.0,398.5,1,16320,7
891,1056035,520.25,448.0,2,16320,8
891,1056036,1899.5,476.75,2,16321,0
891,1056037,1663.25,493.5,2,16321,1
891,1056038,1676.0,442.0,1,16321,2
891,1056039,501.625,468.125,4,16322,0
891,1056040,239.5,482.8333435058594,3,16322,1
891,1056041,91.0,516.5,1,16322,2
891,1056042,606.3333129882812,470.0,3,16322,3
891,1056043,811.5,473.5,1,16322,4
891,1056044,1051.25,472.0,2,16322,5
891,1056045,1266.5,468.0,1,16322,6
891,1056046,495.0,398.5,1,16322,7
891,1056047,520.25,448.0,2,16322,8
891,1056048,1655.6875,469.875,8,16323,0
891,1056049,1676.0,442.0,1,16323,1
891,1056050,1899.5,476.75,2,16323,2
891,1056051,501.625,468.125,4,16324,0
891,1056052,239.5,482.8333435058594,3,16324,1
891,1056053,91.0,516.5,1,16324,2
891,1056054,545.2000122070312,462.1000061035156,5,16324,3
891,1056055,811.5,473.5,1,16324,4
891,1056056,1051.25,472.0,2,16324,5
891,1056057,1266.5,468.0,1,16324,6
891,1056058,520.25,448.0,2,16324,7
891,1056059,239.5,482.8333435058594,3,16325,0
891,1056060,91.0,516.5,1,16325,1
891,1056061,525.8333129882812,464.1666564941406,3,16325,2
891,1056062,1381.642822265625,474.21429443359375,7,16325,3
891,1056063,545.2000122070312,462.1000061035156,5,16325,4
891,1056064,811.5,473.5,1,16325,5
891,1056065,1051.25,472.0,2,16325,6
891,1056066,1697.5,479.5,1,16325,7
891,1056067,495.0,398.5,1,16325,8
891,1056068,520.25,448.0,2,16325,9
891,1056069,501.625,468.125,4,16326,0
891,1056070,1502.7083740234375,464.8333435058594,12,16326,1
891,1056071,545.2000122070312,462.1000061035156,5,16326,2
891,1056072,811.5,473.5,1,16326,3
891,1056073,1051.25,472.0,2,16326,4
891,1056074,520.25,448.0,2,16326,5
891,1056075,239.5,482.8333435058594,3,16327,0
891,1056076,91.0,516.5,1,16327,1
891,1056077,525.8333129882812,464.1666564941406,3,16327,2
891,1056078,545.2000122070312,462.1000061035156,5,16327,3
891,1056079,811.5,473.5,1,16327,4
891,1056080,1051.25,472.0,2,16327,5
891,1056081,1266.5,468.0,1,16327,6
891,1056082,495.0,398.5,1,16327,7
891,1056083,239.5,482.8333435058594,3,16328,0
891,1056084,525.8333129882812,464.1666564941406,3,16328,1
891,1056085,1481.0909423828125,466.6363525390625,11,16328,2
891,1056086,545.2000122070312,462.1000061035156,5,16328,3
891,1056087,811.5,473.5,1,16328,4
891,1056088,1051.25,472.0,2,16328,5
891,1056089,522.5,449.0,1,16328,6
891,1056090,91.0,516.5,1,16329,0
891,1056091,525.8333129882812,464.1666564941406,3,16329,1
891,1056092,250.75,482.75,2,16329,2
891,1056093,545.2000122070312,462.1000061035156,5,16329,3
891,1056094,811.5,473.5,1,16329,4
891,1056095,1051.25,472.0,2,16329,5
891,1056096,1360.1666259765625,471.5,3,16329,6
891,1056097,495.0,398.5,1,16329,7
901,1055849,1381.642822265625,474.21429443359375,7,16289,0
901,1055850,1697.5,479.5,1,16289,1
901,1055851,702.0,478.5,1,16289,2
901,1055852,244.5,474.5,2,16289,3
901,1055853,429.0,480.0,1,16289,4
901,1055854,545.2000122070312,462.1000061035156,5,16290,0
901,1055855,811.5,473.5,1,16290,1
901,1055856,1031.0,470.5,1,16290,2
901,1055857,495.0,398.5,1,16290,3
901,1055858,520.25,448.0,2,16290,4
901,1055859,702.0,478.5,1,16290,5
901,1055860,501.625,468.125,4,16290,6
901,1055861,239.5,482.8333435058594,3,16290,7
901,1055862,91.0,516.5,1,16290,8
901,1055863,453.5,450.25,2,16291,0
901,1055864,645.0,476.75,2,16291,1
901,1055865,811.5,473.5,1,16291,2
901,1055866,1031.0,470.5,1,16291,3
901,1055867,31.0,475.0,1,16291,4
901,1055868,495.0,398.5,1,16291,5
901,1055869,518.0,447.0,1,16291,6
901,1055870,465.25,476.0,2,16291,7
901,1055871,239.5,482.8333435058594,3,16291,8
901,1055872,91.0,516.5,1,16291,9
901,1055873,1676.0,442.0,1,16292,0
901,1055874,1680.0,466.3333435058594,6,16292,1
901,1055875,1899.5,476.75,2,16292,2
901,1055876,499.5,344.0,1,16293,0
901,1055877,495.0,398.5,1,16293,1
901,1055878,520.25,448.0,2,16293,2
901,1055879,453.5,450.25,2,16294,0
901,1055880,645.0,476.75,2,16294,1
901,1055881,811.5,473.5,1,16294,2
901,1055882,1031.0,470.5,1,16294,3
901,1055883,31.0,475.0,1,16294,4
901,1055884,465.25,476.0,2,16294,5
901,1055885,239.5,482.8333435058594,3,16294,6
901,1055886,91.0,516.5,1,16294,7
901,1055887,1599.125,495.625,4,16295,0
901,1055888,702.0,478.5,1,16295,1
901,1055889,545.2000122070312,462.1000061035156,5,16296,0
901,1055890,811.5,473.5,1,16296,1
901,1055891,1031.0,470.5,1,16296,2
901,1055892,520.25,448.0,2,16296,3
901,1055893,702.0,478.5,1,16296,4
901,1055894,501.625,468.125,4,16296,5
901,1055895,239.5,482.8333435058594,3,16296,6
901,1055896,91.0,516.5,1,16296,7
901,1055897,555.0,351.0,1,16297,0
901,1055898,520.25,448.0,2,16297,1
901,1055899,1691.125,477.875,4,16298,0
901,1055900,1899.5,476.75,2,16298,1
901,1055901,1676.0,442.0,1,16298,2
901,1055902,811.5,473.5,1,16299,0
901,1055903,545.2000122070312,462.1000061035156,5,16299,1
901,1055904,31.0,475.0,1,16299,2
901,1055905,495.0,398.5,1,16299,3
901,1055906,522.5,449.0,1,16299,4
901,1055907,702.0,478.5,1,16299,5
901,1055908,501.625,468.125,4,16299,6
901,1055909,239.5,482.8333435058594,3,16299,7
901,1055910,91.0,516.5,1,16299,8
901,1055911,31.0,475.0,1,16300,0
901,1055912,453.5,450.25,2,16300,1
901,1055913,811.5,473.5,1,16300,2
901,1055914,495.0,398.5,1,16301,0
901,1055915,1051.25,472.0,2,16301,1
901,1055916,1266.5,468.0,1,16301,2
901,1055917,544.8333129882812,460.1666564941406,3,16301,3
901,1055918,811.5,473.5,1,16301,4
901,1055919,520.25,448.0,2,16301,5
901,1055920,536.5,465.5,1,16301,6
901,1055921,250.75,482.75,2,16301,7
901,1055922,91.0,516.5,1,16301,8
901,1055923,499.5,344.0,1,16301,9
901,1055924,1051.25,472.0,2,16302,0
901,1055925,529.0,456.5,1,16302,1
901,1055926,702.0,478.5,1,16302,2
901,1055927,501.625,468.125,4,16302,3
901,1055928,239.5,482.8333435058594,3,16302,4
901,1055929,91.0,516.5,1,16302,5
901,1055930,495.0,398.5,1,16302,6
901,1055931,1051.25,472.0,2,16303,0
901,1055932,545.2000122070312,462.1000061035156,5,16303,1
901,1055933,702.0,478.5,1,16303,2
901,1055934,501.625,468.125,4,16303,3
901,1055935,239.5,482.8333435058594,3,16303,4
901,1055936,91.0,516.5,1,16303,5
901,1055937,495.0,398.5,1,16303,6
901,1055938,1436.199951171875,474.3999938964844,5,16304,0
901,1055939,1697.5,479.5,1,16304,1
901,1055940,1224.0,479.5,1,16304,2
901,1055941,702.0,478.5,1,16304,3
901,1055942,244.5,474.5,2,16304,4
901,1055943,429.0,480.0,1,16304,5
901,1055944,91.0,516.5,1,16304,6
901,1055945,1672.5999755859375,460.5,5,16305,0
901,1055946,702.0,478.5,1,16305,1
901,1055947,429.0,480.0,1,16305,2
901,1055948,217.0,483.0,1,16305,3
901,1055949,1676.0,442.0,1,16305,4
901,1055950,1646.0,461.0,5,16306,0
901,1055951,702.0,478.5,1,16306,1
901,1055952,429.0,480.0,1,16306,2
901,1055953,217.0,483.0,1,16306,3
901,1055954,1676.0,442.0,1,16306,4
901,1055955,1436.199951171875,474.3999938964844,5,16307,0
901,1055956,1697.5,479.5,1,16307,1
901,1055957,1224.0,479.5,1,16307,2
901,1055958,702.0,478.5,1,16307,3
901,1055959,244.5,474.5,2,16307,4
901,1055960,429.0,480.0,1,16307,5
901,1055961,1245.25,473.75,2,16308,0
901,1055962,529.0,456.5,1,16308,1
901,1055963,702.0,478.5,1,16308,2
901,1055964,501.625,468.125,4,16308,3
901,1055965,239.5,482.8333435058594,3,16308,4
901,1055966,91.0,516.5,1,16308,5
901,1055967,495.0,398.5,1,16308,6
901,1055968,1452.375,477.125,4,16309,0
901,1055969,1697.5,479.5,1,16309,1
901,1055970,1224.0,479.5,1,16309,2
901,1055971,702.0,478.5,1,16309,3
901,1055972,244.5,474.5,2,16309,4
901,1055973,429.0,480.0,1,16309,5
901,1055974,1405.1666259765625,470.5,3,16310,0
901,1055975,1224.0,479.5,1,16310,1
901,1055976,702.0,478.5,1,16310,2
901,1055977,244.5,474.5,2,16310,3
901,1055978,429.0,480.0,1,16310,4
901,1055979,91.0,516.5,1,16310,5
901,1055980,1473.5,484.3999938964844,5,16311,0
901,1055981,1697.5,479.5,1,16311,1
901,1055982,1224.0,479.5,1,16311,2
901,1055983,702.0,478.5,1,16311,3
901,1055984,244.5,474.5,2,16311,4
901,1055985,429.0,480.0,1,16311,5
901,1055986,1587.9166259765625,472.2916564941406,12,16312,0
901,1055987,1224.0,479.5,1,16312,1
901,1055988,702.0,478.5,1,16312,2
901,1055989,244.5,474.5,2,16312,3
901,1055990,429.0,480.0,1,16312,4
901,1055991,1676.0,442.0,1,16312,5
901,1055992,1642.75,466.0,4,16313,0
901,1055993,702.0,478.5,1,16313,1
901,1055994,429.0,480.0,1,16313,2
901,1055995,217.0,483.0,1,16313,3
901,1055996,1684.699951171875,470.5,5,16314,0
901,1055997,702.0,478.5,1,16314,1
901,1055998,429.0,480.0,1,16314,2
901,1055999,1676.0,442.0,1,16314,3
901,1056000,520.25,448.0,2,16315,0
901,1056001,510.1666564941406,427.9166564941406,6,16315,1
901,1056002,272.0,466.0,1,16315,2
901,1056003,571.375,464.875,4,16315,3
901,1056004,495.0,398.5,1,16315,4
901,1056005,520.25,448.0,2,16316,0
901,1056006,510.1666564941406,427.9166564941406,6,16316,1
901,1056007,244.5,474.5,2,16316,2
901,1056008,606.3333129882812,470.0,3,16316,3
901,1056009,811.5,473.5,1,16316,4
901,1056010,495.0,398.5,1,16316,5
901,1056011,702.0,478.5,1,16317,0
901,1056012,1506.9615478515625,468.5769348144531,13,16317,1
901,1056013,645.0,476.75,2,16317,2
901,1056014,811.5,473.5,1,16317,3
901,1056015,1051.25,472.0,2,16317,4
901,1056016,501.625,468.125,4,16318,0
901,1056017,239.5,482.8333435058594,3,16318,1
901,1056018,91.0,516.5,1,16318,2
901,1056019,606.3333129882812,470.0,3,16318,3
901,1056020,811.5,473.5,1,16318,4
901,1056021,1051.25,472.0,2,16318,5
901,1056022,1266.5,468.0,1,16318,6
901,1056023,520.25,448.0,2,16318,7
901,1056024,1899.5,476.75,2,16319,0
901,1056025,1663.25,493.5,2,16319,1
901,1056026,1676.0,442.0,1,16319,2
901,1056027,606.3333129882812,470.0,3,16320,0
901,1056028,811.5,473.5,1,16320,1
901,1056029,1051.25,472.0,2,16320,2
901,1056030,1266.5,468.0,1,16320,3
901,1056031,501.625,468.125,4,16320,4
901,1056032,239.5,482.8333435058594,3,16320,5
901,1056033,91.0,516.5,1,16320,6
901,1056034,495.0,398.5,1,16320,7
901,1056035,520.25,448.0,2,16320,8
901,1056036,1899.5,476.75,2,16321,0
901,1056037,1663.25,493.5,2,16321,1
901,1056038,1676.0,442.0,1,16321,2
901,1056039,501.625,468.125,4,16322,0
901,1056040,239.5,482.8333435058594,3,16322,1
901,1056041,91.0,516.5,1,16322,2
901,1056042,606.3333129882812,470.0,3,16322,3
901,1056043,811.5,473.5,1,16322,4
901,1056044,1051.25,472.0,2,16322,5
901,1056045,1266.5,468.0,1,16322,6
901,1056046,495.0,398.5,1,16322,7
901,1056047,520.25,448.0,2,16322,8
901,1056048,1655.6875,469.875,8,16323,0
901,1056049,1676.0,442.0,1,16323,1
901,1056050,1899.5,476.75,2,16323,2
901,1056051,501.625,468.125,4,16324,0
901,1056052,239.5,482.8333435058594,3,16324,1
901,1056053,91.0,516.5,1,16324,2
901,1056054,545.2000122070312,462.1000061035156,5,16324,3
901,1056055,811.5,473.5,1,16324,4
901,1056056,1051.25,472.0,2,16324,5
901,1056057,1266.5,468.0,1,16324,6
901,1056058,520.25,448.0,2,16324,7
901,1056059,239.5,482.8333435058594,3,16325,0
901,1056060,91.0,516.5,1,16325,1
901,1056061,525.8333129882812,464.1666564941406,3,16325,2
901,1056062,1381.642822265625,474.21429443359375,7,16325,3
901,1056063,545.2000122070312,462.1000061035156,5,16325,4
901,1056064,811.5,473.5,1,16325,5
901,1056065,1051.25,472.0,2,16325,6
901,1056066,1697.5,479.5,1,16325,7
901,1056067,495.0,398.5,1,16325,8
901,1056068,520.25,448.0,2,16325,9
901,1056069,501.625,468.125,4,16326,0
901,1056070,1502.7083740234375,464.8333435058594,12,16326,1
901,1056071,545.2000122070312,462.1000061035156,5,16326,2
901,1056072,811.5,473.5,1,16326,3
901,1056073,1051.25,472.0,2,16326,4
901,1056074,520.25,448.0,2,16326,5
901,1056075,239.5,482.8333435058594,3,16327,0
901,1056076,91.0,516.5,1,16327,1
901,1056077,525.8333129882812,464.1666564941406,3,16327,2
901,1056078,545.2000122070312,462.1000061035156,5,16327,3
901,1056079,811.5,473.5,1,16327,4
901,1056080,1051.25,472.0,2,16327,5
901,1056081,1266.5,468.0,1,16327,6
901,1056082,495.0,398.5,1,16327,7
901,1056083,239.5,482.8333435058594,3,16328,0
901,1056084,525.8333129882812,464.1666564941406,3,16328,1
901,1056085,1481.0909423828125,466.6363525390625,11,16328,2
901,1056086,545.2000122070312,462.1000061035156,5,16328,3
901,1056087,811.5,473.5,1,16328,4
901,1056088,1051.25,472.0,2,16328,5
901,1056089,522.5,449.0,1,16328,6
901,1056090,91.0,516.5,1,16329,0
901,1056091,525.8333129882812,464.1666564941406,3,16329,1
901,1056092,250.75,482.75,2,16329,2
901,1056093,545.2000122070312,462.1000061035156,5,16329,3
901,1056094,811.5,473.5,1,16329,4
901,1056095,1051.25,472.0,2,16329,5
901,1056096,1360.1666259765625,471.5,3,16329,6
901,1056097,495.0,398.5,1,16329,7
911,1055849,1381.642822265625,474.21429443359375,7,16289,0
911,1055850,1697.5,479.5,1,16289,1
911,1055851,702.0,478.5,1,16289,2
911,1055852,244.5,474.5,2,16289,3
911,1055853,429.0,480.0,1,16289,4
911,1055854,545.2000122070312,462.1000061035156,5,16290,0
911,1055855,811.5,473.5,1,16290,1
911,1055856,1031.0,470.5,1,16290,2
911,1055857,495.0,398.5,1,16290,3
911,1055858,520.25,448.0,2,16290,4
911,1055859,702.0,478.5,1,16290,5
911,1055860,501.625,468.125,4,16290,6
911,1055861,239.5,482.8333435058594,3,16290,7
911,1055862,91.0,516.5,1,16290,8
911,1055863,453.5,450.25,2,16291,0
911,1055864,645.0,476.75,2,16291,1
911,1055865,811.5,473.5,1,16291,2
911,1055866,1031.0,470.5,1,16291,3
911,1055867,31.0,475.0,1,16291,4
911,1055868,495.0,398.5,1,16291,5
911,1055869,518.0,447.0,1,16291,6
911,1055870,465.25,476.0,2,16291,7
911,1055871,239.5,482.8333435058594,3,16291,8
911,1055872,91.0,516.5,1,16291,9
911,1055873,1676.0,442.0,1,16292,0
911,1055874,1680.0,466.3333435058594,6,16292,1
911,1055875,1899.5,476.75,2,16292,2
911,1055876,499.5,344.0,1,16293,0
911,1055877,495.0,398.5,1,16293,1
911,1055878,520.25,448.0,2,16293,2
911,1055879,453.5,450.25,2,16294,0
911,1055880,645.0,476.75,2,16294,1
911,1055881,811.5,473.5,1,16294,2
911,1055882,1031.0,470.5,1,16294,3
911,1055883,31.0,475.0,1,16294,4
911,1055884,465.25,476.0,2,16294,5
911,1055885,239.5,482.8333435058594,3,16294,6
911,1055886,91.0,516.5,1,16294,7
911,1055887,1599.125,495.625,4,16295,0
911,1055888,702.0,478.5,1,16295,1
911,1055889,545.2000122070312,462.1000061035156,5,16296,0
911,1055890,811.5,473.5,1,16296,1
911,1055891,1031.0,470.5,1,16296,2
911,1055892,520.25,448.0,2,16296,3
911,1055893,702.0,478.5,1,16296,4
911,1055894,501.625,468.125,4,16296,5
911,1055895,239.5,482.8333435058594,3,16296,6
911,1055896,91.0,516.5,1,16296,7
911,1055897,555.0,351.0,1,16297,0
911,1055898,520.25,448.0,2,16297,1
911,1055899,1691.125,477.875,4,16298,0
911,1055900,1899.5,476.75,2,16298,1
911,1055901,1676.0,442.0,1,16298,2
911,1055902,811.5,473.5,1,16299,0
911,1055903,545.2000122070312,462.1000061035156,5,16299,1
911,1055904,31.0,475.0,1,16299,2
911,1055905,495.0,398.5,1,16299,3
911,1055906,522.5,449.0,1,16299,4
911,1055907,702.0,478.5,1,16299,5
911,1055908,501.625,468.125,4,16299,6
911,1055909,239.5,482.8333435058594,3,16299,7
911,1055910,91.0,516.5,1,16299,8
911,1055911,31.0,475.0,1,16300,0
911,1055912,453.5,450.25,2,16300,1
911,1055913,811.5,473.5,1,16300,2
911,1055914,495.0,398.5,1,16301,0
911,1055915,1051.25,472.0,2,16301,1
911,1055916,1266.5,468.0,1,16301,2
911,1055917,544.8333129882812,460.1666564941406,3,16301,3
911,1055918,811.5,473.5,1,16301,4
911,1055919,520.25,448.0,2,16301,5
911,1055920,536.5,465.5,1,16301,6
911,1055921,250.75,482.75,2,16301,7
911,1055922,91.0,516.5,1,16301,8
911,1055923,499.5,344.0,1,16301,9
911,1055924,1051.25,472.0,2,16302,0
911,1055925,529.0,456.5,1,16302,1
911,1055926,702.0,478.5,1,16302,2
911,1055927,501.625,468.125,4,16302,3
911,1055928,239.5,482.8333435058594,3,16302,4
911,1055929,91.0,516.5,1,16302,5
911,1055930,495.0,398.5,1,16302,6
911,1055931,1051.25,472.0,2,16303,0
911,1055932,545.2000122070312,462.1000061035156,5,16303,1
911,1055933,702.0,478.5,1,16303,2
911,1055934,501.625,468.125,4,16303,3
911,1055935,239.5,482.8333435058594,3,16303,4
911,1055936,91.0,516.5,1,16303,5
911,1055937,495.0,398.5,1,16303,6
911,1055938,1436.199951171875,474.3999938964844,5,16304,0
911,1055939,1697.5,479.5,1,16304,1
911,1055940,1224.0,479.5,1,16304,2
911,1055941,702.0,478.5,1,16304,3
911,1055942,244.5,474.5,2,16304,4
911,1055943,429.0,480.0,1,16304,5
911,1055944,91.0,516.5,1,16304,6
911,1055945,1672.5999755859375,460.5,5,16305,0
911,1055946,702.0,478.5,1,16305,1
911,1055947,429.0,480.0,1,16305,2
911,1055948,217.0,483.0,1,16305,3
911,1055949,1676.0,442.0,1,16305,4
911,1055950,1646.0,461.0,5,16306,0
911,1055951,702.0,478.5,1,16306,1
911,1055952,429.0,480.0,1,16306,2
911,1055953,217.0,483.0,1,16306,3
911,1055954,1676.0,442.0,1,16306,4
911,1055955,1436.199951171875,474.3999938964844,5,16307,0
911,1055956,1697.5,479.5,1,16307,1
911,1055957,1224.0,479.5,1,16307,2
911,1055958,702.0,478.5,1,16307,3
911,1055959,244.5,474.5,2,16307,4
911,1055960,429.0,480.0,1,16307,5
911,1055961,1245.25,473.75,2,16308,0
911,1055962,529.0,456.5,1,16308,1
911,1055963,702.0,478.5,1,16308,2
911,1055964,501.625,468.125,4,16308,3
911,1055965,239.5,482.8333435058594,3,16308,4
911,1055966,91.0,516.5,1,16308,5
911,1055967,495.0,398.5,1,16308,6
911,1055968,1452.375,477.125,4,16309,0
911,1055969,1697.5,479.5,1,16309,1
911,1055970,1224.0,479.5,1,16309,2
911,1055971,702.0,478.5,1,16309,3
911,1055972,244.5,474.5,2,16309,4
911,1055973,429.0,480.0,1,16309,5
911,1055974,1405.1666259765625,470.5,3,16310,0
911,1055975,1224.0,479.5,1,16310,1
911,1055976,702.0,478.5,1,16310,2
911,1055977,244.5,474.5,2,16310,3
911,1055978,429.0,480.0,1,16310,4
911,1055979,91.0,516.5,1,16310,5
911,1055980,1473.5,484.3999938964844,5,16311,0
911,1055981,1697.5,479.5,1,16311,1
911,1055982,1224.0,479.5,1,16311,2
911,1055983,702.0,478.5,1,16311,3
911,1055984,244.5,474.5,2,16311,4
911,1055985,429.0,480.0,1,16311,5
911,1055986,1587.9166259765625,472.2916564941406,12,16312,0
911,1055987,1224.0,479.5,1,16312,1
911,1055988,702.0,478.5,1,16312,2
911,1055989,244.5,474.5,2,16312,3
911,1055990,429.0,480.0,1,16312,4
911,1055991,1676.0,442.0,1,16312,5
911,1055992,1642.75,466.0,4,16313,0
911,1055993,702.0,478.5,1,16313,1
911,1055994,429.0,480.0,1,16313,2
911,1055995,217.0,483.0,1,16313,3
911,1055996,1684.699951171875,470.5,5,16314,0
911,1055997,702.0,478.5,1,16314,1
911,1055998,429.0,480.0,1,16314,2
911,1055999,1676.0,442.0,1,16314,3
911,1056000,520.25,448.0,2,16315,0
911,1056001,510.1666564941406,427.9166564941406,6,16315,1
911,1056002,272.0,466.0,1,16315,2
911,1056003,571.375,464.875,4,16315,3
911,1056004,495.0,398.5,1,16315,4
911,1056005,520.25,448.0,2,16316,0
911,1056006,510.1666564941406,427.9166564941406,6,16316,1
911,1056007,244.5,474.5,2,16316,2
911,1056008,606.3333129882812,470.0,3,16316,3
911,1056009,811.5,473.5,1,16316,4
911,1056010,495.0,398.5,1,16316,5
911,1056011,702.0,478.5,1,16317,0
911,1056012,1506.9615478515625,468.5769348144531,13,16317,1
911,1056013,645.0,476.75,2,16317,2
911,1056014,811.5,473.5,1,16317,3
911,1056015,1051.25,472.0,2,16317,4
911,1056016,501.625,468.125,4,16318,0
911,1056017,239.5,482.8333435058594,3,16318,1
911,1056018,91.0,516.5,1,16318,2
911,1056019,606.3333129882812,470.0,3,16318,3
911,1056020,811.5,473.5,1,16318,4
911,1056021,1051.25,472.0,2,16318,5
911,1056022,1266.5,468.0,1,16318,6
911,1056023,520.25,448.0,2,16318,7
911,1056024,1899.5,476.75,2,16319,0
911,1056025,1663.25,493.5,2,16319,1
911,1056026,1676.0,442.0,1,16319,2
911,1056027,606.3333129882812,470.0,3,16320,0
911,1056028,811.5,473.5,1,16320,1
911,1056029,1051.25,472.0,2,16320,2
911,1056030,1266.5,468.0,1,16320,3
911,1056031,501.625,468.125,4,16320,4
911,1056032,239.5,482.8333435058594,3,16320,5
911,1056033,91.0,516.5,1,16320,6
911,1056034,495.0,398.5,1,16320,7
911,1056035,520.25,448.0,2,16320,8
911,1056036,1899.5,476.75,2,16321,0
911,1056037,1663.25,493.5,2,16321,1
911,1056038,1676.0,442.0,1,16321,2
911,1056039,501.625,468.125,4,16322,0
911,1056040,239.5,482.8333435058594,3,16322,1
911,1056041,91.0,516.5,1,16322,2
911,1056042,606.3333129882812,470.0,3,16322,3
911,1056043,811.5,473.5,1,16322,4
911,1056044,1051.25,472.0,2,16322,5
911,1056045,1266.5,468.0,1,16322,6
911,1056046,495.0,398.5,1,16322,7
911,1056047,520.25,448.0,2,16322,8
911,1056048,1655.6875,469.875,8,16323,0
911,1056049,1676.0,442.0,1,16323,1
911,1056050,1899.5,476.75,2,16323,2
911,1056051,501.625,468.125,4,16324,0
911,1056052,239.5,482.8333435058594,3,16324,1
911,1056053,91.0,516.5,1,16324,2
911,1056054,545.2000122070312,462.1000061035156,5,16324,3
911,1056055,811.5,473.5,1,16324,4
911,1056056,1051.25,472.0,2,16324,5
911,1056057,1266.5,468.0,1,16324,6
911,1056058,520.25,448.0,2,16324,7
911,1056059,239.5,482.8333435058594,3,16325,0
911,1056060,91.0,516.5,1,16325,1
911,1056061,525.8333129882812,464.1666564941406,3,16325,2
911,1056062,1381.642822265625,474.21429443359375,7,16325,3
911,1056063,545.2000122070312,462.1000061035156,5,16325,4
911,1056064,811.5,473.5,1,16325,5
911,1056065,1051.25,472.0,2,16325,6
911,1056066,1697.5,479.5,1,16325,7
911,1056067,495.0,398.5,1,16325,8
911,1056068,520.25,448.0,2,16325,9
911,1056069,501.625,468.125,4,16326,0
911,1056070,1502.7083740234375,464.8333435058594,12,16326,1
911,1056071,545.2000122070312,462.1000061035156,5,16326,2
911,1056072,811.5,473.5,1,16326,3
911,1056073,1051.25,472.0,2,16326,4
911,1056074,520.25,448.0,2,16326,5
911,1056075,239.5,482.8333435058594,3,16327,0
911,1056076,91.0,516.5,1,16327,1
911,1056077,525.8333129882812,464.1666564941406,3,16327,2
911,1056078,545.2000122070312,462.1000061035156,5,16327,3
911,1056079,811.5,473.5,1,16327,4
911,1056080,1051.25,472.0,2,16327,5
911,1056081,1266.5,468.0,1,16327,6
911,1056082,495.0,398.5,1,16327,7
911,1056083,239.5,482.8333435058594,3,16328,0
911,1056084,525.8333129882812,464.1666564941406,3,16328,1
911,1056085,1481.0909423828125,466.6363525390625,11,16328,2
911,1056086,545.2000122070312,462.1000061035156,5,16328,3
911,1056087,811.5,473.5,1,16328,4
911,1056088,1051.25,472.0,2,16328,5
911,1056089,522.5,449.0,1,16328,6
911,1056090,91.0,516.5,1,16329,0
911,1056091,525.8333129882812,464.1666564941406,3,16329,1
911,1056092,250.75,482.75,2,16329,2
911,1056093,545.2000122070312,462.1000061035156,5,16329,3
911,1056094,811.5,473.5,1,16329,4
911,1056095,1051.25,472.0,2,16329,5
911,1056096,1360.1666259765625,471.5,3,16329,6
911,1056097,495.0,398.5,1,16329,7
921,1055849,1381.642822265625,474.21429443359375,7,16289,0
921,1055850,1697.5,479.5,1,16289,1
921,1055851,702.0,478.5,1,16289,2
921,1055852,244.5,474.5,2,16289,3
921,1055853,429.0,480.0,1,16289,4
921,1055854,545.2000122070312,462.1000061035156,5,16290,0
921,1055855,811.5,473.5,1,16290,1
921,1055856,1031.0,470.5,1,16290,2
921,1055857,495.0,398.5,1,16290,3
921,1055858,520.25,448.0,2,16290,4
921,1055859,702.0,478.5,1,16290,5
921,1055860,501.625,468.125,4,16290,6
921,1055861,239.5,482.8333435058594,3,16290,7
921,1055862,91.0,516.5,1,16290,8
921,1055863,453.5,450.25,2,16291,0
921,1055864,645.0,476.75,2,16291,1
921,1055865,811.5,473.5,1,16291,2
921,1055866,1031.0,470.5,1,16291,3
921,1055867,31.0,475.0,1,16291,4
921,1055868,495.0,398.5,1,16291,5
921,1055869,518.0,447.0,1,16291,6
921,1055870,465.25,476.0,2,16291,7
921,1055871,239.5,482.8333435058594,3,16291,8
921,1055872,91.0,516.5,1,16291,9
921,1055873,1676.0,442.0,1,16292,0
921,1055874,1680.0,466.3333435058594,6,16292,1
921,1055875,1899.5,476.75,2,16292,2
921,1055876,499.5,344.0,1,16293,0
921,1055877,495.0,398.5,1,16293,1
921,1055878,520.25,448.0,2,16293,2
921,1055879,453.5,450.25,2,16294,0
921,1055880,645.0,476.75,2,16294,1
921,1055881,811.5,473.5,1,16294,2
921,1055882,1031.0,470.5,1,16294,3
921,1055883,31.0,475.0,1,16294,4
921,1055884,465.25,476.0,2,16294,5
921,1055885,239.5,482.8333435058594,3,16294,6
921,1055886,91.0,516.5,1,16294,7
921,1055887,1599.125,495.625,4,16295,0
921,1055888,702.0,478.5,1,16295,1
921,1055889,545.2000122070312,462.1000061035156,5,16296,0
921,1055890,811.5,473.5,1,16296,1
921,1055891,1031.0,470.5,1,16296,2
921,1055892,520.25,448.0,2,16296,3
921,1055893,702.0,478.5,1,16296,4
921,1055894,501.625,468.125,4,16296,5
921,1055895,239.5,482.8333435058594,3,16296,6
921,1055896,91.0,516.5,1,16296,7
921,1055897,555.0,351.0,1,16297,0
921,1055898,520.25,448.0,2,16297,1
921,1055899,1691.125,477.875,4,16298,0
921,1055900,1899.5,476.75,2,16298,1
921,1055901,1676.0,442.0,1,16298,2
921,1055902,811.5,473.5,1,16299,0
921,1055903,545.2000122070312,462.1000061035156,5,16299,1
921,1055904,31.0,475.0,1,16299,2
921,1055905,495.0,398.5,1,16299,3
921,1055906,522.5,449.0,1,16299,4
921,1055907,702.0,478.5,1,16299,5
921,1055908,501.625,468.125,4,16299,6
921,1055909,239.5,482.8333435058594,3,16299,7
921,1055910,91.0,516.5,1,16299,8
921,1055911,31.0,475.0,1,16300,0
921,1055912,453.5,450.25,2,16300,1
921,1055913,811.5,473.5,1,16300,2
921,1055914,495.0,398.5,1,16301,0
921,1055915,1051.25,472.0,2,16301,1
921,1055916,1266.5,468.0,1,16301,2
921,1055917,544.8333129882812,460.1666564941406,3,16301,3
921,1055918,811.5,473.5,1,16301,4
921,1055919,520.25,448.0,2,16301,5
921,1055920,536.5,465.5,1,16301,6
921,1055921,250.75,482.75,2,16301,7
921,1055922,91.0,516.5,1,16301,8
921,1055923,499.5,344.0,1,16301,9
921,1055924,1051.25,472.0,2,16302,0
921,1055925,529.0,456.5,1,16302,1
921,1055926,702.0,478.5,1,16302,2
921,1055927,501.625,468.125,4,16302,3
921,1055928,239.5,482.8333435058594,3,16302,4
921,1055929,91.0,516.5,1,16302,5
921,1055930,495.0,398.5,1,16302,6
921,1055931,1051.25,472.0,2,16303,0
921,1055932,545.2000122070312,462.1000061035156,5,16303,1
921,1055933,702.0,478.5,1,16303,2
921,1055934,501.625,468.125,4,16303,3
921,1055935,239.5,482.8333435058594,3,16303,4
921,1055936,91.0,516.5,1,16303,5
921,1055937,495.0,398.5,1,16303,6
921,1055938,1436.199951171875,474.3999938964844,5,16304,0
921,1055939,1697.5,479.5,1,16304,1
921,1055940,1224.0,479.5,1,16304,2
921,1055941,702.0,478.5,1,16304,3
921,1055942,244.5,474.5,2,16304,4
921,1055943,429.0,480.0,1,16304,5
921,1055944,91.0,516.5,1,16304,6
921,1055945,1672.5999755859375,460.5,5,16305,0
921,1055946,702.0,478.5,1,16305,1
921,1055947,429.0,480.0,1,16305,2
921,1055948,217.0,483.0,1,16305,3
921,1055949,1676.0,442.0,1,16305,4
921,1055950,1646.0,461.0,5,16306,0
921,1055951,702.0,478.5,1,16306,1
921,1055952,429.0,480.0,1,16306,2
921,1055953,217.0,483.0,1,16306,3
921,1055954,1676.0,442.0,1,16306,4
921,1055955,1436.199951171875,474.3999938964844,5,16307,0
921,1055956,1697.5,479.5,1,16307,1
921,1055957,1224.0,479.5,1,16307,2
921,1055958,702.0,478.5,1,16307,3
921,1055959,244.5,474.5,2,16307,4
921,1055960,429.0,480.0,1,16307,5
921,1055961,1245.25,473.75,2,16308,0
921,1055962,529.0,456.5,1,16308,1
921,1055963,702.0,478.5,1,16308,2
921,1055964,501.625,468.125,4,16308,3
921,1055965,239.5,482.8333435058594,3,16308,4
921,1055966,91.0,516.5,1,16308,5
921,1055967,495.0,398.5,1,16308,6
921,1055968,1452.375,477.125,4,16309,0
921,1055969,1697.5,479.5,1,16309,1
921,1055970,1224.0,479.5,1,16309,2
921,1055971,702.0,478.5,1,16309,3
921,1055972,244.5,474.5,2,16309,4
921,1055973,429.0,480.0,1,16309,5
921,1055974,1405.1666259765625,470.5,3,16310,0
921,1055975,1224.0,479.5,1,16310,1
921,1055976,702.0,478.5,1,16310,2
921,1055977,244.5,474.5,2,16310,3
921,1055978,429.0,480.0,1,16310,4
921,1055979,91.0,516.5,1,16310,5
921,1055980,1473.5,484.3999938964844,5,16311,0
921,1055981,1697.5,479.5,1,16311,1
921,1055982,1224.0,479.5,1,16311,2
921,1055983,702.0,478.5,1,16311,3
921,1055984,244.5,474.5,2,16311,4
921,1055985,429.0,480.0,1,16311,5
921,1055986,1587.9166259765625,472.2916564941406,12,16312,0
921,1055987,1224.0,479.5,1,16312,1
921,1055988,702.0,478.5,1,16312,2
921,1055989,244.5,474.5,2,16312,3
921,1055990,429.0,480.0,1,16312,4
921,1055991,1676.0,442.0,1,16312,5
921,1055992,1642.75,466.0,4,16313,0
921,1055993,702.0,478.5,1,16313,1
921,1055994,429.0,480.0,1,16313,2
921,1055995,217.0,483.0,1,16313,3
921,1055996,1684.699951171875,470.5,5,16314,0
921,1055997,702.0,478.5,1,16314,1
921,1055998,429.0,480.0,1,16314,2
921,1055999,1676.0,442.0,1,16314,3
921,1056000,520.25,448.0,2,16315,0
921,1056001,510.1666564941406,427.9166564941406,6,16315,1
921,1056002,272.0,466.0,1,16315,2
921,1056003,571.375,464.875,4,16315,3
921,1056004,495.0,398.5,1,16315,4
921,1056005,520.25,448.0,2,16316,0
921,1056006,510.1666564941406,427.9166564941406,6,16316,1
921,1056007,244.5,474.5,2,16316,2
921,1056008,606.3333129882812,470.0,3,16316,3
921,1056009,811.5,473.5,1,16316,4
921,1056010,495.0,398.5,1,16316,5
921,1056011,702.0,478.5,1,16317,0
921,1056012,1506.9615478515625,468.5769348144531,13,16317,1
921,1056013,645.0,476.75,2,16317,2
921,1056014,811.5,473.5,1,16317,3
921,1056015,1051.25,472.0,2,16317,4
921,1056016,501.625,468.125,4,16318,0
921,1056017,239.5,482.8333435058594,3,16318,1
921,1056018,91.0,516.5,1,16318,2
921,1056019,606.3333129882812,470.0,3,16318,3
921,1056020,811.5,473.5,1,16318,4
921,1056021,1051.25,472.0,2,16318,5
921,1056022,1266.5,468.0,1,16318,6
921,1056023,520.25,448.0,2,16318,7
921,1056024,1899.5,476.75,2,16319,0
921,1056025,1663.25,493.5,2,16319,1
921,1056026,1676.0,442.0,1,16319,2
921,1056027,606.3333129882812,470.0,3,16320,0
921,1056028,811.5,473.5,1,16320,1
921,1056029,1051.25,472.0,2,16320,2
921,1056030,1266.5,468.0,1,16320,3
921,1056031,501.625,468.125,4,16320,4
921,1056032,239.5,482.8333435058594,3,16320,5
921,1056033,91.0,516.5,1,16320,6
921,1056034,495.0,398.5,1,16320,7
921,1056035,520.25,448.0,2,16320,8
921,1056036,1899.5,476.75,2,16321,0
921,1056037,1663.25,493.5,2,16321,1
921,1056038,1676.0,442.0,1,16321,2
921,1056039,501.625,468.125,4,16322,0
921,1056040,239.5,482.8333435058594,3,16322,1
921,1056041,91.0,516.5,1,16322,2
921,1056042,606.3333129882812,470.0,3,16322,3
921,1056043,811.5,473.5,1,16322,4
921,1056044,1051.25,472.0,2,16322,5
921,1056045,1266.5,468.0,1,16322,6
921,1056046,495.0,398.5,1,16322,7
921,1056047,520.25,448.0,2,16322,8
921,1056048,1655.6875,469.875,8,16323,0
921,1056049,1676.0,442.0,1,16323,1
921,1056050,1899.5,476.75,2,16323,2
921,1056051,501.625,468.125,4,16324,0
921,1056052,239.5,482.8333435058594,3,16324,1
921,1056053,91.0,516.5,1,16324,2
921,1056054,545.2000122070312,462.1000061035156,5,16324,3
921,1056055,811.5,473.5,1,16324,4
921,1056056,1051.25,472.0,2,16324,5
921,1056057,1266.5,468.0,1,16324,6
921,1056058,520.25,448.0,2,16324,7
921,1056059,239.5,482.8333435058594,3,16325,0
921,1056060,91.0,516.5,1,16325,1
921,1056061,525.8333129882812,464.1666564941406,3,16325,2
921,1056062,1381.642822265625,474.21429443359375,7,16325,3
921,1056063,545.2000122070312,462.1000061035156,5,16325,4
921,1056064,811.5,473.5,1,16325,5
921,1056065,1051.25,472.0,2,16325,6
921,1056066,1697.5,479.5,1,16325,7
921,1056067,495.0,398.5,1,16325,8
921,1056068,520.25,448.0,2,16325,9
921,1056069,501.625,468.125,4,16326,0
921,1056070,1502.7083740234375,464.8333435058594,12,16326,1
921,1056071,545.2000122070312,462.1000061035156,5,16326,2
921,1056072,811.5,473.5,1,16326,3
921,1056073,1051.25,472.0,2,16326,4
921,1056074,520.25,448.0,2,16326,5
921,1056075,239.5,482.8333435058594,3,16327,0
921,1056076,91.0,516.5,1,16327,1
921,1056077,525.8333129882812,464.1666564941406,3,16327,2
921,1056078,545.2000122070312,462.1000061035156,5,16327,3
921,1056079,811.5,473.5,1,16327,4
921,1056080,1051.25,472.0,2,16327,5
921,1056081,1266.5,468.0,1,16327,6
921,1056082,495.0,398.5,1,16327,7
921,1056083,239.5,482.8333435058594,3,16328,0
921,1056084,525.8333129882812,464.1666564941406,3,16328,1
921,1056085,1481.0909423828125,466.6363525390625,11,16328,2
921,1056086,545.2000122070312,462.1000061035156,5,16328,3
921,1056087,811.5,473.5,1,16328,4
921,1056088,1051.25,472.0,2,16328,5
921,1056089,522.5,449.0,1,16328,6
921,1056090,91.0,516.5,1,16329,0
921,1056091,525.8333129882812,464.1666564941406,3,16329,1
921,1056092,250.75,482.75,2,16329,2
921,1056093,545.2000122070312,462.1000061035156,5,16329,3
921,1056094,811.5,473.5,1,16329,4
921,1056095,1051.25,472.0,2,16329,5
921,1056096,1360.1666259765625,471.5,3,16329,6
921,1056097,495.0,398.5,1,16329,7
931,1055849,1381.642822265625,474.21429443359375,7,16289,0
931,1055850,1697.5,479.5,1,16289,1
931,1055851,702.0,478.5,1,16289,2
931,1055852,244.5,474.5,2,16289,3
931,1055853,429.0,480.0,1,16289,4
931,1055854,545.2000122070312,462.1000061035156,5,16290,0
931,1055855,811.5,473.5,1,16290,1
931,1055856,1031.0,470.5,1,16290,2
931,1055857,495.0,398.5,1,16290,3
931,1055858,520.25,448.0,2,16290,4
931,1055859,702.0,478.5,1,16290,5
931,1055860,501.625,468.125,4,16290,6
931,1055861,239.5,482.8333435058594,3,16290,7
931,1055862,91.0,516.5,1,16290,8
931,1055863,453.5,450.25,2,16291,0
931,1055864,645.0,476.75,2,16291,1
931,1055865,811.5,473.5,1,16291,2
931,1055866,1031.0,470.5,1,16291,3
931,1055867,31.0,475.0,1,16291,4
931,1055868,495.0,398.5,1,16291,5
931,1055869,518.0,447.0,1,16291,6
931,1055870,465.25,476.0,2,16291,7
931,1055871,239.5,482.8333435058594,3,16291,8
931,1055872,91.0,516.5,1,16291,9
931,1055873,1676.0,442.0,1,16292,0
931,1055874,1680.0,466.3333435058594,6,16292,1
931,1055875,1899.5,476.75,2,16292,2
931,1055876,499.5,344.0,1,16293,0
931,1055877,495.0,398.5,1,16293,1
931,1055878,520.25,448.0,2,16293,2
931,1055879,453.5,450.25,2,16294,0
931,1055880,645.0,476.75,2,16294,1
931,1055881,811.5,473.5,1,16294,2
931,1055882,1031.0,470.5,1,16294,3
931,1055883,31.0,475.0,1,16294,4
931,1055884,465.25,476.0,2,16294,5
931,1055885,239.5,482.8333435058594,3,16294,6
931,1055886,91.0,516.5,1,16294,7
931,1055887,1599.125,495.625,4,16295,0
931,1055888,702.0,478.5,1,16295,1
931,1055889,545.2000122070312,462.1000061035156,5,16296,0
931,1055890,811.5,473.5,1,16296,1
931,1055891,1031.0,470.5,1,16296,2
931,1055892,520.25,448.0,2,16296,3
931,1055893,702.0,478.5,1,16296,4
931,1055894,501.625,468.125,4,16296,5
931,1055895,239.5,482.8333435058594,3,16296,6
931,1055896,91.0,516.5,1,16296,7
931,1055897,555.0,351.0,1,16297,0
931,1055898,520.25,448.0,2,16297,1
931,1055899,1691.125,477.875,4,16298,0
931,1055900,1899.5,476.75,2,16298,1
931,1055901,1676.0,442.0,1,16298,2
931,1055902,811.5,473.5,1,16299,0
931,1055903,545.2000122070312,462.1000061035156,5,16299,1
931,1055904,31.0,475.0,1,16299,2
931,1055905,495.0,398.5,1,16299,3
931,1055906,522.5,449.0,1,16299,4
931,1055907,702.0,478.5,1,16299,5
931,1055908,501.625,468.125,4,16299,6
931,1055909,239.5,482.8333435058594,3,16299,7
931,1055910,91.0,516.5,1,16299,8
931,1055911,31.0,475.0,1,16300,0
931,1055912,453.5,450.25,2,16300,1
931,1055913,811.5,473.5,1,16300,2
931,1055914,495.0,398.5,1,16301,0
931,1055915,1051.25,472.0,2,16301,1
931,1055916,1266.5,468.0,1,16301,2
931,1055917,544.8333129882812,460.1666564941406,3,16301,3
931,1055918,811.5,473.5,1,16301,4
931,1055919,520.25,448.0,2,16301,5
931,1055920,536.5,465.5,1,16301,6
931,1055921,250.75,482.75,2,16301,7
931,1055922,91.0,516.5,1,16301,8
931,1055923,499.5,344.0,1,16301,9
931,1055924,1051.25,472.0,2,16302,0
931,1055925,529.0,456.5,1,16302,1
931,1055926,702.0,478.5,1,16302,2
931,1055927,501.625,468.125,4,16302,3
931,1055928,239.5,482.8333435058594,3,16302,4
931,1055929,91.0,516.5,1,16302,5
931,1055930,495.0,398.5,1,16302,6
931,1055931,1051.25,472.0,2,16303,0
931,1055932,545.2000122070312,462.1000061035156,5,16303,1
931,1055933,702.0,478.5,1,16303,2
931,1055934,501.625,468.125,4,16303,3
931,1055935,239.5,482.8333435058594,3,16303,4
931,1055936,91.0,516.5,1,16303,5
931,1055937,495.0,398.5,1,16303,6
931,1055938,1436.199951171875,474.3999938964844,5,16304,0
931,1055939,1697.5,479.5,1,16304,1
931,1055940,1224.0,479.5,1,16304,2
931,1055941,702.0,478.5,1,16304,3
931,1055942,244.5,474.5,2,16304,4
931,1055943,429.0,480.0,1,16304,5
931,1055944,91.0,516.5,1,16304,6
931,1055945,1672.5999755859375,460.5,5,16305,0
931,1055946,702.0,478.5,1,16305,1
931,1055947,429.0,480.0,1,16305,2
931,1055948,217.0,483.0,1,16305,3
931,1055949,1676.0,442.0,1,16305,4
931,1055950,1646.0,461.0,5,16306,0
931,1055951,702.0,478.5,1,16306,1
931,1055952,429.0,480.0,1,16306,2
931,1055953,217.0,483.0,1,16306,3
931,1055954,1676.0,442.0,1,16306,4
931,1055955,1436.199951171875,474.3999938964844,5,16307,0
931,1055956,1697.5,479.5,1,16307,1
931,1055957,1224.0,479.5,1,16307,2
931,1055958,702.0,478.5,1,16307,3
931,1055959,244.5,474.5,2,16307,4
931,1055960,429.0,480.0,1,16307,5
931,1055961,1245.25,473.75,2,16308,0
931,1055962,529.0,456.5,1,16308,1
931,1055963,702.0,478.5,1,16308,2
931,1055964,501.625,468.125,4,16308,3
931,1055965,239.5,482.8333435058594,3,16308,4
931,1055966,91.0,516.5,1,16308,5
931,1055967,495.0,398.5,1,16308,6
931,1055968,1452.375,477.125,4,16309,0
931,1055969,1697.5,479.5,1,16309,1
931,1055970,1224.0,479.5,1,16309,2
931,1055971,702.0,478.5,1,16309,3
931,1055972,244.5,474.5,2,16309,4
931,1055973,429.0,480.0,1,16309,5
931,1055974,1405.1666259765625,470.5,3,16310,0
931,1055975,1224.0,479.5,1,16310,1
931,1055976,702.0,478.5,1,16310,2
931,1055977,244.5,474.5,2,16310,3
931,1055978,429.0,480.0,1,16310,4
931,1055979,91.0,516.5,1,16310,5
931,1055980,1473.5,484.3999938964844,5,16311,0
931,1055981,1697.5,479.5,1,16311,1
931,1055982,1224.0,479.5,1,16311,2
931,1055983,702.0,478.5,1,16311,3
931,1055984,244.5,474.5,2,16311,4
931,1055985,429.0,480.0,1,16311,5
931,1055986,1587.9166259765625,472.2916564941406,12,16312,0
931,1055987,1224.0,479.5,1,16312,1
931,1055988,702.0,478.5,1,16312,2
931,1055989,244.5,474.5,2,16312,3
931,1055990,429.0,480.0,1,16312,4
931,1055991,1676.0,442.0,1,16312,5
931,1055992,1642.75,466.0,4,16313,0
931,1055993,702.0,478.5,1,16313,1
931,1055994,429.0,480.0,1,16313,2
931,1055995,217.0,483.0,1,16313,3
931,1055996,1684.699951171875,470.5,5,16314,0
931,1055997,702.0,478.5,1,16314,1
931,1055998,429.0,480.0,1,16314,2
931,1055999,1676.0,442.0,1,16314,3
931,1056000,520.25,448.0,2,16315,0
931,1056001,510.1666564941406,427.9166564941406,6,16315,1
931,1056002,272.0,466.0,1,16315,2
931,1056003,571.375,464.875,4,16315,3
931,1056004,495.0,398.5,1,16315,4
931,1056005,520.25,448.0,2,16316,0
931,1056006,510.1666564941406,427.9166564941406,6,16316,1
931,1056007,244.5,474.5,2,16316,2
931,1056008,606.3333129882812,470.0,3,16316,3
931,1056009,811.5,473.5,1,16316,4
931,1056010,495.0,398.5,1,16316,5
931,1056011,702.0,478.5,1,16317,0
931,1056012,1506.9615478515625,468.5769348144531,13,16317,1
931,1056013,645.0,476.75,2,16317,2
931,1056014,811.5,473.5,1,16317,3
931,1056015,1051.25,472.0,2,16317,4
931,1056016,501.625,468.125,4,16318,0
931,1056017,239.5,482.8333435058594,3,16318,1
931,1056018,91.0,516.5,1,16318,2
931,1056019,606.3333129882812,470.0,3,16318,3
931,1056020,811.5,473.5,1,16318,4
931,1056021,1051.25,472.0,2,16318,5
931,1056022,1266.5,468.0,1,16318,6
931,1056023,520.25,448.0,2,16318,7
931,1056024,1899.5,476.75,2,16319,0
931,1056025,1663.25,493.5,2,16319,1
931,1056026,1676.0,442.0,1,16319,2
931,1056027,606.3333129882812,470.0,3,16320,0
931,1056028,811.5,473.5,1,16320,1
931,1056029,1051.25,472.0,2,16320,2
931,1056030,1266.5,468.0,1,16320,3
931,1056031,501.625,468.125,4,16320,4
931,1056032,239.5,482.8333435058594,3,16320,5
931,1056033,91.0,516.5,1,16320,6
931,1056034,495.0,398.5,1,16320,7
931,1056035,520.25,448.0,2,16320,8
931,1056036,1899.5,476.75,2,16321,0
931,1056037,1663.25,493.5,2,16321,1
931,1056038,1676.0,442.0,1,16321,2
931,1056039,501.625,468.125,4,16322,0
931,1056040,239.5,482.8333435058594,3,16322,1
931,1056041,91.0,516.5,1,16322,2
931,1056042,606.3333129882812,470.0,3,16322,3
931,1056043,811.5,473.5,1,16322,4
931,1056044,1051.25,472.0,2,16322,5
931,1056045,1266.5,468.0,1,16322,6
931,1056046,495.0,398.5,1,16322,7
931,1056047,520.25,448.0,2,16322,8
931,1056048,1655.6875,469.875,8,16323,0
931,1056049,1676.0,442.0,1,16323,1
931,1056050,1899.5,476.75,2,16323,2
931,1056051,501.625,468.125,4,16324,0
931,1056052,239.5,482.8333435058594,3,16324,1
931,1056053,91.0,516.5,1,16324,2
931,1056054,545.2000122070312,462.1000061035156,5,16324,3
931,1056055,811.5,473.5,1,16324,4
931,1056056,1051.25,472.0,2,16324,5
931,1056057,1266.5,468.0,1,16324,6
931,1056058,520.25,448.0,2,16324,7
931,1056059,239.5,482.8333435058594,3,16325,0
931,1056060,91.0,516.5,1,16325,1
931,1056061,525.8333129882812,464.1666564941406,3,16325,2
931,1056062,1381.642822265625,474.21429443359375,7,16325,3
931,1056063,545.2000122070312,462.1000061035156,5,16325,4
931,1056064,811.5,473.5,1,16325,5
931,1056065,1051.25,472.0,2,16325,6
931,1056066,1697.5,479.5,1,16325,7
931,1056067,495.0,398.5,1,16325,8
931,1056068,520.25,448.0,2,16325,9
931,1056069,501.625,468.125,4,16326,0
931,1056070,1502.7083740234375,464.8333435058594,12,16326,1
931,1056071,545.2000122070312,462.1000061035156,5,16326,2
931,1056072,811.5,473.5,1,16326,3
931,1056073,1051.25,472.0,2,16326,4
931,1056074,520.25,448.0,2,16326,5
931,1056075,239.5,482.8333435058594,3,16327,0
931,1056076,91.0,516.5,1,16327,1
931,1056077,525.8333129882812,464.1666564941406,3,16327,2
931,1056078,545.2000122070312,462.1000061035156,5,16327,3
931,1056079,811.5,473.5,1,16327,4
931,1056080,1051.25,472.0,2,16327,5
931,1056081,1266.5,468.0,1,16327,6
931,1056082,495.0,398.5,1,16327,7
931,1056083,239.5,482.8333435058594,3,16328,0
931,1056084,525.8333129882812,464.1666564941406,3,16328,1
931,1056085,1481.0909423828125,466.6363525390625,11,16328,2
931,1056086,545.2000122070312,462.1000061035156,5,16328,3
931,1056087,811.5,473.5,1,16328,4
931,1056088,1051.25,472.0,2,16328,5
931,1056089,522.5,449.0,1,16328,6
931,1056090,91.0,516.5,1,16329,0
931,1056091,525.8333129882812,464.1666564941406,3,16329,1
931,1056092,250.75,482.75,2,16329,2
931,1056093,545.2000122070312,462.1000061035156,5,16329,3
931,1056094,811.5,473.5,1,16329,4
931,1056095,1051.25,472.0,2,16329,5
931,1056096,1360.1666259765625,471.5,3,16329,6
931,1056097,495.0,398.5,1,16329,7
941,1055849,1339.0428466796875,474.414306640625,5,16289,0
941,1055850,1648.5,478.0,1,16289,1
941,1055851,749.0,477.0,1,16289,2
941,1055852,289.25,476.0,2,16289,3
941,1055853,482.0,479.5,1,16289,4
941,1055854,534.2999877929688,462.8000183105469,5,16290,0
941,1055855,768.5,473.0,1,16290,1
941,1055856,981.5,470.0,1,16290,2
941,1055857,491.5,398.0,1,16290,3
941,1055858,520.0,433.5,2,16290,4
941,1055859,749.0,477.0,1,16290,5
941,1055860,517.4583129882812,467.4583435058594,3,16290,6
941,1055861,276.0,481.0833435058594,2,16290,7
941,1055862,143.0,514.5,1,16290,8
941,1055863,437.25,451.25,2,16291,0
941,1055864,611.25,476.0,2,16291,1
941,1055865,768.5,473.0,1,16291,2
941,1055866,981.5,470.0,1,16291,3
941,1055867,32.5,475.5,1,16291,4
941,1055868,491.5,398.0,1,16291,5
941,1055869,533.75,442.75,2,16291,6
941,1055870,489.0,474.75,2,16291,7
941,1055871,276.0,481.0833435058594,2,16291,8
941,1055872,143.0,514.5,1,16291,9
941,1055873,1696.75,441.75,2,16292,0
941,1055874,1665.25,466.5833435058594,4,16292,1
941,1055875,1887.25,474.0,2,16292,2
941,1055876,499.5,344.0,1,16293,0
941,1055877,491.5,398.0,1,16293,1
941,1055878,520.0,433.5,2,16293,2
941,1055879,437.25,451.25,2,16294,0
941,1055880,632.5,477.25,3,16294,1
941,1055881,768.5,473.0,1,16294,2
941,1055882,981.5,470.0,1,16294,3
941,1055883,32.5,475.5,1,16294,4
941,1055884,489.0,474.75,2,16294,5
941,1055885,276.0,481.0833435058594,2,16294,6
941,1055886,143.0,514.5,1,16294,7
941,1055887,1594.9583740234375,493.625,3,16295,0
941,1055888,749.0,477.0,1,16295,1
941,1055889,534.2999877929688,462.8000183105469,5,16296,0
941,1055890,768.5,473.0,1,16296,1
941,1055891,981.5,470.0,1,16296,2
941,1055892,520.0,433.5,2,16296,3
941,1055893,749.0,477.0,1,16296,4
941,1055894,517.4583129882812,467.4583435058594,3,16296,5
941,1055895,276.0,481.0833435058594,2,16296,6
941,1055896,143.0,514.5,1,16296,7
941,1055897,555.0,351.0,1,16297,0
941,1055898,520.0,433.5,2,16297,1
941,1055899,1705.7916259765625,477.7083435058594,3,16298,0
941,1055900,1887.25,474.0,2,16298,1
941,1055901,1676.5,442.0,1,16298,2
941,1055902,768.5,473.0,1,16299,0
941,1055903,534.2999877929688,462.8000183105469,5,16299,1
941,1055904,32.5,475.5,1,16299,2
941,1055905,491.5,398.0,1,16299,3
941,1055906,520.5,431.5,1,16299,4
941,1055907,749.0,477.0,1,16299,5
941,1055908,517.4583129882812,467.4583435058594,3,16299,6
941,1055909,276.0,481.0833435058594,2,16299,7
941,1055910,143.0,514.5,1,16299,8
941,1055911,32.5,475.5,1,16300,0
941,1055912,437.25,451.25,2,16300,1
941,1055913,768.5,473.0,1,16300,2
941,1055914,491.5,398.0,1,16301,0
941,1055915,1005.0,471.75,2,16301,1
941,1055916,1222.5,470.5,1,16301,2
941,1055917,529.5833129882812,459.9166564941406,2,16301,3
941,1055918,768.5,473.0,1,16301,4
941,1055919,520.0,433.5,2,16301,5
941,1055920,530.5,463.0,1,16301,6
941,1055921,272.5,482.5,2,16301,7
941,1055922,143.0,514.5,1,16301,8
941,1055923,499.5,344.0,1,16301,9
941,1055924,1005.0,471.75,2,16302,0
941,1055925,543.75,458.0,2,16302,1
941,1055926,749.0,477.0,1,16302,2
941,1055927,517.4583129882812,467.4583435058594,3,16302,3
941,1055928,276.0,481.0833435058594,2,16302,4
941,1055929,143.0,514.5,1,16302,5
941,1055930,491.5,398.0,1,16302,6
941,1055931,1005.0,471.75,2,16303,0
941,1055932,534.2999877929688,462.8000183105469,5,16303,1
941,1055933,749.0,477.0,1,16303,2
941,1055934,517.4583129882812,467.4583435058594,3,16303,3
941,1055935,276.0,481.0833435058594,2,16303,4
941,1055936,143.0,514.5,1,16303,5
941,1055937,491.5,398.0,1,16303,6
941,1055938,1393.449951171875,474.2749938964844,4,16304,0
941,1055939,1648.5,478.0,1,16304,1
941,1055940,1190.5,480.0,1,16304,2
941,1055941,749.0,477.0,1,16304,3
941,1055942,289.25,476.0,2,16304,4
941,1055943,482.0,479.5,1,16304,5
941,1055944,143.0,514.5,1,16304,6
941,1055945,1664.3499755859375,461.125,4,16305,0
941,1055946,749.0,477.0,1,16305,1
941,1055947,482.0,479.5,1,16305,2
941,1055948,276.5,483.0,1,16305,3
941,1055949,1676.5,442.0,1,16305,4
941,1055950,1637.875,461.25,4,16306,0
941,1055951,749.0,477.0,1,16306,1
941,1055952,482.0,479.5,1,16306,2
941,1055953,276.5,483.0,1,16306,3
941,1055954,1676.5,442.0,1,16306,4
941,1055955,1393.449951171875,474.2749938964844,4,16307,0
941,1055956,1648.5,478.0,1,16307,1
941,1055957,1190.5,480.0,1,16307,2
941,1055958,749.0,477.0,1,16307,3
941,1055959,289.25,476.0,2,16307,4
941,1055960,482.0,479.5,1,16307,5
941,1055961,1206.5,475.25,2,16308,0
941,1055962,543.75,458.0,2,16308,1
941,1055963,749.0,477.0,1,16308,2
941,1055964,517.4583129882812,467.4583435058594,3,16308,3
941,1055965,276.0,481.0833435058594,2,16308,4
941,1055966,143.0,514.5,1,16308,5
941,1055967,491.5,398.0,1,16308,6
941,1055968,1409.7083740234375,476.625,3,16309,0
941,1055969,1648.5,478.0,1,16309,1
941,1055970,1190.5,480.0,1,16309,2
941,1055971,749.0,477.0,1,16309,3
941,1055972,289.25,476.0,2,16309,4
941,1055973,482.0,479.5,1,16309,5
941,1055974,1364.9166259765625,471.0,2,16310,0
941,1055975,1190.5,480.0,1,16310,1
941,1055976,749.0,477.0,1,16310,2
941,1055977,289.25,476.0,2,16310,3
941,1055978,482.0,479.5,1,16310,4
941,1055979,143.0,514.5,1,16310,5
941,1055980,1441.75,483.3999938964844,4,16311,0
941,1055981,1648.5,478.0,1,16311,1
941,1055982,1190.5,480.0,1,16311,2
941,1055983,749.0,477.0,1,16311,3
941,1055984,289.25,476.0,2,16311,4
941,1055985,482.0,479.5,1,16311,5
941,1055986,1567.1387939453125,472.1805419921875,9,16312,0
941,1055987,1190.5,480.0,1,16312,1
941,1055988,749.0,477.0,1,16312,2
941,1055989,289.25,476.0,2,16312,3
941,1055990,482.0,479.5,1,16312,4
941,1055991,1676.5,442.0,1,16312,5
941,1055992,1645.0833740234375,466.3333435058594,3,16313,0
941,1055993,749.0,477.0,1,16313,1
941,1055994,482.0,479.5,1,16313,2
941,1055995,276.5,483.0,1,16313,3
941,1055996,1669.949951171875,470.75,4,16314,0
941,1055997,749.0,477.0,1,16314,1
941,1055998,482.0,479.5,1,16314,2
941,1055999,1696.75,441.75,2,16314,3
941,1056000,520.0,433.5,2,16315,0
941,1056001,520.5416259765625,426.6666564941406,4,16315,1
941,1056002,302.0,469.0,1,16315,2
941,1056003,553.375,464.5416564941406,3,16315,3
941,1056004,493.25,398.25,2,16315,4
941,1056005,520.0,433.5,2,16316,0
941,1056006,520.5416259765625,426.6666564941406,4,16316,1
941,1056007,289.25,476.0,2,16316,2
941,1056008,587.3333129882812,469.5,2,16316,3
941,1056009,768.5,473.0,1,16316,4
941,1056010,493.25,398.25,2,16316,5
941,1056011,749.0,477.0,1,16317,0
941,1056012,1470.611572265625,469.1269226074219,10,16317,1
941,1056013,611.25,476.0,2,16317,2
941,1056014,768.5,473.0,1,16317,3
941,1056015,1005.0,471.75,2,16317,4
941,1056016,517.4583129882812,467.4583435058594,3,16318,0
941,1056017,276.0,481.0833435058594,2,16318,1
941,1056018,143.0,514.5,1,16318,2
941,1056019,603.6666259765625,470.6666564941406,3,16318,3
941,1056020,768.5,473.0,1,16318,4
941,1056021,1005.0,471.75,2,16318,5
941,1056022,1222.5,470.5,1,16318,6
941,1056023,520.0,433.5,2,16318,7
941,1056024,1887.25,474.0,2,16319,0
941,1056025,1691.25,492.25,2,16319,1
941,1056026,1676.5,442.0,1,16319,2
941,1056027,603.6666259765625,470.6666564941406,3,16320,0
941,1056028,768.5,473.0,1,16320,1
941,1056029,1005.0,471.75,2,16320,2
941,1056030,1222.5,470.5,1,16320,3
941,1056031,517.4583129882812,467.4583435058594,3,16320,4
941,1056032,276.0,481.0833435058594,2,16320,5
941,1056033,143.0,514.5,1,16320,6
941,1056034,491.5,398.0,1,16320,7
941,1056035,520.0,433.5,2,16320,8
941,1056036,1887.25,474.0,2,16321,0
941,1056037,1691.25,492.25,2,16321,1
941,1056038,1676.5,442.0,1,16321,2
941,1056039,517.4583129882812,467.4583435058594,3,16322,0
941,1056040,276.0,481.0833435058594,2,16322,1
941,1056041,143.0,514.5,1,16322,2
941,1056042,603.6666259765625,470.6666564941406,3,16322,3
941,1056043,768.5,473.0,1,16322,4
941,1056044,1005.0,471.75,2,16322,5
941,1056045,1222.5,470.5,1,16322,6
941,1056046,491.5,398.0,1,16322,7
941,1056047,520.0,433.5,2,16322,8
941,1056048,1643.1875,469.4583435058594,6,16323,0
941,1056049,1696.75,441.75,2,16323,1
941,1056050,1887.25,474.0,2,16323,2
941,1056051,517.4583129882812,467.4583435058594,3,16324,0
941,1056052,276.0,481.0833435058594,2,16324,1
941,1056053,143.0,514.5,1,16324,2
941,1056054,534.2999877929688,462.8000183105469,5,16324,3
941,1056055,768.5,473.0,1,16324,4
941,1056056,1005.0,471.75,2,16324,5
941,1056057,1222.5,470.5,1,16324,6
941,1056058,520.0,433.5,2,16324,7
941,1056059,276.0,481.0833435058594,2,16325,0
941,1056060,143.0,514.5,1,16325,1
941,1056061,523.3333129882812,463.6666564941406,2,16325,2
941,1056062,1339.0428466796875,474.414306640625,5,16325,3
941,1056063,534.2999877929688,462.8000183105469,5,16325,4
941,1056064,768.5,473.0,1,16325,5
941,1056065,1005.0,471.75,2,16325,6
941,1056066,1648.5,478.0,1,16325,7
941,1056067,491.5,398.0,1,16325,8
941,1056068,520.0,433.5,2,16325,9
941,1056069,517.4583129882812,467.4583435058594,3,16326,0
941,1056070,1463.763916015625,465.16668701171875,9,16326,1
941,1056071,524.0750122070312,462.2250061035156,4,16326,2
941,1056072,768.5,473.0,1,16326,3
941,1056073,1005.0,471.75,2,16326,4
941,1056074,520.0,433.5,2,16326,5
941,1056075,276.0,481.0833435058594,2,16327,0
941,1056076,143.0,514.5,1,16327,1
941,1056077,523.3333129882812,463.6666564941406,2,16327,2
941,1056078,534.2999877929688,462.8000183105469,5,16327,3
941,1056079,768.5,473.0,1,16327,4
941,1056080,1005.0,471.75,2,16327,5
941,1056081,1222.5,470.5,1,16327,6
941,1056082,491.5,398.0,1,16327,7
941,1056083,276.0,481.0833435058594,2,16328,0
941,1056084,523.3333129882812,463.6666564941406,2,16328,1
941,1056085,1444.3409423828125,466.9488525390625,8,16328,2
941,1056086,534.2999877929688,462.8000183105469,5,16328,3
941,1056087,768.5,473.0,1,16328,4
941,1056088,1005.0,471.75,2,16328,5
941,1056089,520.5,431.5,1,16328,6
941,1056090,143.0,514.5,1,16329,0
941,1056091,523.3333129882812,463.6666564941406,2,16329,1
941,1056092,272.5,482.5,2,16329,2
941,1056093,524.0750122070312,462.2250061035156,4,16329,3
941,1056094,768.5,473.0,1,16329,4
941,1056095,1005.0,471.75,2,16329,5
941,1056096,1316.6666259765625,473.25,2,16329,6
941,1056097,491.5,398.0,1,16329,7
951,1055849,1339.0428466796875,474.414306640625,5,16289,0
951,1055850,1648.5,478.0,1,16289,1
951,1055851,749.0,477.0,1,16289,2
951,1055852,289.25,476.0,2,16289,3
951,1055853,482.0,479.5,1,16289,4
951,1055854,534.2999877929688,462.8000183105469,6,16290,0
951,1055855,768.5,473.0,1,16290,1
951,1055856,981.5,470.0,1,16290,2
951,1055857,491.5,398.0,1,16290,3
951,1055858,520.0,433.5,2,16290,4
951,1055859,749.0,477.0,1,16290,5
951,1055860,517.4583129882812,467.4583435058594,3,16290,6
951,1055861,276.0,481.0833435058594,3,16290,7
951,1055862,143.0,514.5,1,16290,8
951,1055863,437.25,451.25,2,16291,0
951,1055864,611.25,476.0,2,16291,1
951,1055865,768.5,473.0,1,16291,2
951,1055866,981.5,470.0,1,16291,3
951,1055867,32.5,475.5,1,16291,4
951,1055868,491.5,398.0,1,16291,5
951,1055869,533.75,442.75,2,16291,6
951,1055870,489.0,474.75,2,16291,7
951,1055871,276.0,481.0833435058594,2,16291,8
951,1055872,143.0,514.5,1,16291,9
951,1055873,1696.75,441.75,2,16292,0
951,1055874,1665.25,466.5833435058594,4,16292,1
951,1055875,1887.25,474.0,2,16292,2
951,1055876,499.5,344.0,1,16293,0
951,1055877,491.5,398.0,1,16293,1
951,1055878,520.0,433.5,2,16293,2
951,1055879,437.25,451.25,2,16294,0
951,1055880,632.5,477.25,3,16294,1
951,1055881,768.5,473.0,1,16294,2
951,1055882,981.5,470.0,1,16294,3
951,1055883,32.5,475.5,1,16294,4
951,1055884,489.0,474.75,2,16294,5
951,1055885,276.0,481.0833435058594,2,16294,6
951,1055886,143.0,514.5,1,16294,7
951,1055887,1594.9583740234375,493.625,3,16295,0
951,1055888,749.0,477.0,1,16295,1
951,1055889,534.2999877929688,462.8000183105469,6,16296,0
951,1055890,768.5,473.0,1,16296,1
951,1055891,981.5,470.0,1,16296,2
951,1055892,520.0,433.5,2,16296,3
951,1055893,749.0,477.0,1,16296,4
951,1055894,517.4583129882812,467.4583435058594,3,16296,5
951,1055895,276.0,481.0833435058594,3,16296,6
951,1055896,143.0,514.5,1,16296,7
951,1055897,555.0,351.0,1,16297,0
951,1055898,520.0,433.5,2,16297,1
951,1055899,1705.7916259765625,477.7083435058594,3,16298,0
951,1055900,1887.25,474.0,2,16298,1
951,1055901,1676.5,442.0,1,16298,2
951,1055902,768.5,473.0,1,16299,0
951,1055903,534.2999877929688,462.8000183105469,6,16299,1
951,1055904,32.5,475.5,1,16299,2
951,1055905,491.5,398.0,1,16299,3
951,1055906,520.5,431.5,1,16299,4
951,1055907,749.0,477.0,1,16299,5
951,1055908,517.4583129882812,467.4583435058594,3,16299,6
951,1055909,276.0,481.0833435058594,3,16299,7
951,1055910,143.0,514.5,1,16299,8
951,1055911,32.5,475.5,1,16300,0
951,1055912,437.25,451.25,2,16300,1
951,1055913,768.5,473.0,1,16300,2
951,1055914,491.5,398.0,1,16301,0
951,1055915,1005.0,471.75,2,16301,1
951,1055916,1222.5,470.5,1,16301,2
951,1055917,529.5833129882812,459.9166564941406,2,16301,3
951,1055918,768.5,473.0,1,16301,4
951,1055919,520.0,433.5,2,16301,5
951,1055920,530.5,463.0,1,16301,6
951,1055921,272.5,482.5,3,16301,7
951,1055922,143.0,514.5,1,16301,8
951,1055923,499.5,344.0,1,16301,9
951,1055924,1005.0,471.75,2,16302,0
951,1055925,543.75,458.0,2,16302,1
951,1055926,749.0,477.0,1,16302,2
951,1055927,517.4583129882812,467.4583435058594,3,16302,3
951,1055928,276.0,481.0833435058594,2,16302,4
951,1055929,143.0,514.5,1,16302,5
951,1055930,491.5,398.0,2,16302,6
951,1055931,1005.0,471.75,2,16303,0
951,1055932,534.2999877929688,462.8000183105469,6,16303,1
951,1055933,749.0,477.0,1,16303,2
951,1055934,517.4583129882812,467.4583435058594,3,16303,3
951,1055935,276.0,481.0833435058594,3,16303,4
951,1055936,143.0,514.5,1,16303,5
951,1055937,491.5,398.0,1,16303,6
951,1055938,1393.449951171875,474.2749938964844,4,16304,0
951,1055939,1648.5,478.0,1,16304,1
951,1055940,1190.5,480.0,1,16304,2
951,1055941,749.0,477.0,1,16304,3
951,1055942,289.25,476.0,2,16304,4
951,1055943,482.0,479.5,1,16304,5
951,1055944,143.0,514.5,1,16304,6
951,1055945,1664.3499755859375,461.125,4,16305,0
951,1055946,749.0,477.0,1,16305,1
951,1055947,482.0,479.5,1,16305,2
951,1055948,276.5,483.0,1,16305,3
951,1055949,1676.5,442.0,1,16305,4
951,1055950,1637.875,461.25,4,16306,0
951,1055951,749.0,477.0,1,16306,1
951,1055952,482.0,479.5,1,16306,2
951,1055953,276.5,483.0,1,16306,3
951,1055954,1676.5,442.0,1,16306,4
951,1055955,1393.449951171875,474.2749938964844,4,16307,0
951,1055956,1648.5,478.0,1,16307,1
951,1055957,1190.5,480.0,1,16307,2
951,1055958,749.0,477.0,1,16307,3
951,1055959,289.25,476.0,2,16307,4
951,1055960,482.0,479.5,1,16307,5
951,1055961,1206.5,475.25,2,16308,0
951,1055962,543.75,458.0,2,16308,1
951,1055963,749.0,477.0,1,16308,2
951,1055964,517.4583129882812,467.4583435058594,3,16308,3
951,1055965,276.0,481.0833435058594,2,16308,4
951,1055966,143.0,514.5,1,16308,5
951,1055967,491.5,398.0,2,16308,6
951,1055968,1409.7083740234375,476.625,3,16309,0
951,1055969,1648.5,478.0,1,16309,1
951,1055970,1190.5,480.0,1,16309,2
951,1055971,749.0,477.0,1,16309,3
951,1055972,289.25,476.0,2,16309,4
951,1055973,482.0,479.5,1,16309,5
951,1055974,1364.9166259765625,471.0,2,16310,0
951,1055975,1190.5,480.0,1,16310,1
951,1055976,749.0,477.0,1,16310,2
951,1055977,289.25,476.0,2,16310,3
951,1055978,482.0,479.5,1,16310,4
951,1055979,143.0,514.5,1,16310,5
951,1055980,1441.75,483.3999938964844,4,16311,0
951,1055981,1648.5,478.0,1,16311,1
951,1055982,1190.5,480.0,1,16311,2
951,1055983,749.0,477.0,1,16311,3
951,1055984,289.25,476.0,2,16311,4
951,1055985,482.0,479.5,1,16311,5
951,1055986,1567.1387939453125,472.1805419921875,10,16312,0
951,1055987,1190.5,480.0,1,16312,1
951,1055988,749.0,477.0,1,16312,2
951,1055989,289.25,476.0,2,16312,3
951,1055990,482.0,479.5,1,16312,4
951,1055991,1676.5,442.0,1,16312,5
951,1055992,1645.0833740234375,466.3333435058594,3,16313,0
951,1055993,749.0,477.0,1,16313,1
951,1055994,482.0,479.5,1,16313,2
951,1055995,276.5,483.0,1,16313,3
951,1055996,1669.949951171875,470.75,4,16314,0
951,1055997,749.0,477.0,1,16314,1
951,1055998,482.0,479.5,1,16314,2
951,1055999,1696.75,441.75,2,16314,3
951,1056000,520.0,433.5,2,16315,0
951,1056001,520.5416259765625,426.6666564941406,5,16315,1
951,1056002,302.0,469.0,2,16315,2
951,1056003,553.375,464.5416564941406,3,16315,3
951,1056004,493.25,398.25,2,16315,4
951,1056005,520.0,433.5,2,16316,0
951,1056006,520.5416259765625,426.6666564941406,5,16316,1
951,1056007,289.25,476.0,3,16316,2
951,1056008,587.3333129882812,469.5,2,16316,3
951,1056009,768.5,473.0,1,16316,4
951,1056010,493.25,398.25,2,16316,5
951,1056011,749.0,477.0,1,16317,0
951,1056012,1470.611572265625,469.1269226074219,11,16317,1
951,1056013,611.25,476.0,2,16317,2
951,1056014,768.5,473.0,1,16317,3
951,1056015,1005.0,471.75,2,16317,4
951,1056016,517.4583129882812,467.4583435058594,4,16318,0
951,1056017,276.0,481.0833435058594,2,16318,1
951,1056018,143.0,514.5,1,16318,2
951,1056019,603.6666259765625,470.6666564941406,4,16318,3
951,1056020,768.5,473.0,1,16318,4
951,1056021,1005.0,471.75,2,16318,5
951,1056022,1222.5,470.5,1,16318,6
951,1056023,520.0,433.5,2,16318,7
951,1056024,1887.25,474.0,2,16319,0
951,1056025,1691.25,492.25,2,16319,1
951,1056026,1676.5,442.0,1,16319,2
951,1056027,603.6666259765625,470.6666564941406,4,16320,0
951,1056028,768.5,473.0,1,16320,1
951,1056029,1005.0,471.75,2,16320,2
951,1056030,1222.5,470.5,1,16320,3
951,1056031,517.4583129882812,467.4583435058594,4,16320,4
951,1056032,276.0,481.0833435058594,2,16320,5
951,1056033,143.0,514.5,1,16320,6
951,1056034,491.5,398.0,1,16320,7
951,1056035,520.0,433.5,2,16320,8
951,1056036,1887.25,474.0,2,16321,0
951,1056037,1691.25,492.25,2,16321,1
951,1056038,1676.5,442.0,1,16321,2
951,1056039,517.4583129882812,467.4583435058594,4,16322,0
951,1056040,276.0,481.0833435058594,2,16322,1
951,1056041,143.0,514.5,1,16322,2
951,1056042,603.6666259765625,470.6666564941406,4,16322,3
951,1056043,768.5,473.0,1,16322,4
951,1056044,1005.0,471.75,2,16322,5
951,1056045,1222.5,470.5,1,16322,6
951,1056046,491.5,398.0,1,16322,7
951,1056047,520.0,433.5,2,16322,8
951,1056048,1643.1875,469.4583435058594,6,16323,0
951,1056049,1696.75,441.75,2,16323,1
951,1056050,1887.25,474.0,2,16323,2
951,1056051,517.4583129882812,467.4583435058594,3,16324,0
951,1056052,276.0,481.0833435058594,3,16324,1
951,1056053,143.0,514.5,1,16324,2
951,1056054,534.2999877929688,462.8000183105469,6,16324,3
951,1056055,768.5,473.0,1,16324,4
951,1056056,1005.0,471.75,2,16324,5
951,1056057,1222.5,470.5,1,16324,6
951,1056058,520.0,433.5,2,16324,7
951,1056059,276.0,481.0833435058594,3,16325,0
951,1056060,143.0,514.5,1,16325,1
951,1056061,523.3333129882812,463.6666564941406,2,16325,2
951,1056062,1339.0428466796875,474.414306640625,5,16325,3
951,1056063,534.2999877929688,462.8000183105469,5,16325,4
951,1056064,768.5,473.0,1,16325,5
951,1056065,1005.0,471.75,2,16325,6
951,1056066,1648.5,478.0,1,16325,7
951,1056067,491.5,398.0,1,16325,8
951,1056068,520.0,433.5,2,16325,9
951,1056069,517.4583129882812,467.4583435058594,3,16326,0
951,1056070,1463.763916015625,465.16668701171875,9,16326,1
951,1056071,524.0750122070312,462.2250061035156,5,16326,2
951,1056072,768.5,473.0,1,16326,3
951,1056073,1005.0,471.75,2,16326,4
951,1056074,520.0,433.5,2,16326,5
951,1056075,276.0,481.0833435058594,3,16327,0
951,1056076,143.0,514.5,1,16327,1
951,1056077,523.3333129882812,463.6666564941406,2,16327,2
951,1056078,534.2999877929688,462.8000183105469,5,16327,3
951,1056079,768.5,473.0,1,16327,4
951,1056080,1005.0,471.75,2,16327,5
951,1056081,1222.5,470.5,1,16327,6
951,1056082,491.5,398.0,1,16327,7
951,1056083,276.0,481.0833435058594,3,16328,0
951,1056084,523.3333129882812,463.6666564941406,2,16328,1
951,1056085,1444.3409423828125,466.9488525390625,8,16328,2
951,1056086,534.2999877929688,462.8000183105469,5,16328,3
951,1056087,768.5,473.0,1,16328,4
951,1056088,1005.0,471.75,2,16328,5
951,1056089,520.5,431.5,1,16328,6
951,1056090,143.0,514.5,1,16329,0
951,1056091,523.3333129882812,463.6666564941406,2,16329,1
951,1056092,272.5,482.5,3,16329,2
951,1056093,524.0750122070312,462.2250061035156,4,16329,3
951,1056094,768.5,473.0,1,16329,4
951,1056095,1005.0,471.75,2,16329,5
951,1056096,1316.6666259765625,473.25,2,16329,6
951,1056097,491.5,398.0,1,16329,7
961,1055849,1339.0428466796875,474.414306640625,5,16289,0
961,1055850,1648.5,478.0,1,16289,1
961,1055851,749.0,477.0,1,16289,2
961,1055852,289.25,476.0,2,16289,3
961,1055853,482.0,479.5,1,16289,4
961,1055854,534.2999877929688,462.8000183105469,6,16290,0
961,1055855,768.5,473.0,1,16290,1
961,1055856,981.5,470.0,1,16290,2
961,1055857,491.5,398.0,1,16290,3
961,1055858,520.0,433.5,2,16290,4
961,1055859,749.0,477.0,1,16290,5
961,1055860,517.4583129882812,467.4583435058594,3,16290,6
961,1055861,276.0,481.0833435058594,3,16290,7
961,1055862,143.0,514.5,1,16290,8
961,1055863,437.25,451.25,2,16291,0
961,1055864,611.25,476.0,2,16291,1
961,1055865,768.5,473.0,1,16291,2
961,1055866,981.5,470.0,1,16291,3
961,1055867,32.5,475.5,1,16291,4
961,1055868,491.5,398.0,1,16291,5
961,1055869,533.75,442.75,2,16291,6
961,1055870,489.0,474.75,2,16291,7
961,1055871,276.0,481.0833435058594,2,16291,8
961,1055872,143.0,514.5,1,16291,9
961,1055873,1696.75,441.75,2,16292,0
961,1055874,1665.25,466.5833435058594,4,16292,1
961,1055875,1887.25,474.0,2,16292,2
961,1055876,499.5,344.0,1,16293,0
961,1055877,491.5,398.0,1,16293,1
961,1055878,520.0,433.5,2,16293,2
961,1055879,437.25,451.25,2,16294,0
961,1055880,632.5,477.25,3,16294,1
961,1055881,768.5,473.0,1,16294,2
961,1055882,981.5,470.0,1,16294,3
961,1055883,32.5,475.5,1,16294,4
961,1055884,489.0,474.75,2,16294,5
961,1055885,276.0,481.0833435058594,2,16294,6
961,1055886,143.0,514.5,1,16294,7
961,1055887,1594.9583740234375,493.625,3,16295,0
961,1055888,749.0,477.0,1,16295,1
961,1055889,534.2999877929688,462.8000183105469,6,16296,0
961,1055890,768.5,473.0,1,16296,1
961,1055891,981.5,470.0,1,16296,2
961,1055892,520.0,433.5,2,16296,3
961,1055893,749.0,477.0,1,16296,4
961,1055894,517.4583129882812,467.4583435058594,3,16296,5
961,1055895,276.0,481.0833435058594,3,16296,6
961,1055896,143.0,514.5,1,16296,7
961,1055897,555.0,351.0,1,16297,0
961,1055898,520.0,433.5,2,16297,1
961,1055899,1705.7916259765625,477.7083435058594,3,16298,0
961,1055900,1887.25,474.0,2,16298,1
961,1055901,1676.5,442.0,1,16298,2
961,1055902,768.5,473.0,1,16299,0
961,1055903,534.2999877929688,462.8000183105469,6,16299,1
961,1055904,32.5,475.5,1,16299,2
961,1055905,491.5,398.0,1,16299,3
961,1055906,520.5,431.5,1,16299,4
961,1055907,749.0,477.0,1,16299,5
961,1055908,517.4583129882812,467.4583435058594,3,16299,6
961,1055909,276.0,481.0833435058594,3,16299,7
961,1055910,143.0,514.5,1,16299,8
961,1055911,32.5,475.5,1,16300,0
961,1055912,437.25,451.25,2,16300,1
961,1055913,768.5,473.0,1,16300,2
961,1055914,491.5,398.0,1,16301,0
961,1055915,1005.0,471.75,2,16301,1
961,1055916,1222.5,470.5,1,16301,2
961,1055917,529.5833129882812,459.9166564941406,2,16301,3
961,1055918,768.5,473.0,1,16301,4
961,1055919,520.0,433.5,2,16301,5
961,1055920,530.5,463.0,1,16301,6
961,1055921,272.5,482.5,3,16301,7
961,1055922,143.0,514.5,1,16301,8
961,1055923,499.5,344.0,1,16301,9
961,1055924,1005.0,471.75,2,16302,0
961,1055925,543.75,458.0,2,16302,1
961,1055926,749.0,477.0,1,16302,2
961,1055927,517.4583129882812,467.4583435058594,3,16302,3
961,1055928,276.0,481.0833435058594,2,16302,4
961,1055929,143.0,514.5,1,16302,5
961,1055930,491.5,398.0,2,16302,6
961,1055931,1005.0,471.75,2,16303,0
961,1055932,534.2999877929688,462.8000183105469,6,16303,1
961,1055933,749.0,477.0,1,16303,2
961,1055934,517.4583129882812,467.4583435058594,3,16303,3
961,1055935,276.0,481.0833435058594,3,16303,4
961,1055936,143.0,514.5,1,16303,5
961,1055937,491.5,398.0,1,16303,6
961,1055938,1393.449951171875,474.2749938964844,4,16304,0
961,1055939,1648.5,478.0,1,16304,1
961,1055940,1190.5,480.0,1,16304,2
961,1055941,749.0,477.0,1,16304,3
961,1055942,289.25,476.0,2,16304,4
961,1055943,482.0,479.5,1,16304,5
961,1055944,143.0,514.5,1,16304,6
961,1055945,1664.3499755859375,461.125,4,16305,0
961,1055946,749.0,477.0,1,16305,1
961,1055947,482.0,479.5,1,16305,2
961,1055948,276.5,483.0,1,16305,3
961,1055949,1676.5,442.0,1,16305,4
961,1055950,1637.875,461.25,4,16306,0
961,1055951,749.0,477.0,1,16306,1
961,1055952,482.0,479.5,1,16306,2
961,1055953,276.5,483.0,1,16306,3
961,1055954,1676.5,442.0,1,16306,4
961,1055955,1393.449951171875,474.2749938964844,4,16307,0
961,1055956,1648.5,478.0,1,16307,1
961,1055957,1190.5,480.0,1,16307,2
961,1055958,749.0,477.0,1,16307,3
961,1055959,289.25,476.0,2,16307,4
961,1055960,482.0,479.5,1,16307,5
961,1055961,1206.5,475.25,2,16308,0
961,1055962,543.75,458.0,2,16308,1
961,1055963,749.0,477.0,1,16308,2
961,1055964,517.4583129882812,467.4583435058594,3,16308,3
961,1055965,276.0,481.0833435058594,2,16308,4
961,1055966,143.0,514.5,1,16308,5
961,1055967,491.5,398.0,2,16308,6
961,1055968,1409.7083740234375,476.625,3,16309,0
961,1055969,1648.5,478.0,1,16309,1
961,1055970,1190.5,480.0,1,16309,2
961,1055971,749.0,477.0,1,16309,3
961,1055972,289.25,476.0,2,16309,4
961,1055973,482.0,479.5,1,16309,5
961,1055974,1364.9166259765625,471.0,2,16310,0
961,1055975,1190.5,480.0,1,16310,1
961,1055976,749.0,477.0,1,16310,2
961,1055977,289.25,476.0,2,16310,3
961,1055978,482.0,479.5,1,16310,4
961,1055979,143.0,514.5,1,16310,5
961,1055980,1441.75,483.3999938964844,4,16311,0
961,1055981,1648.5,478.0,1,16311,1
961,1055982,1190.5,480.0,1,16311,2
961,1055983,749.0,477.0,1,16311,3
961,1055984,289.25,476.0,2,16311,4
961,1055985,482.0,479.5,1,16311,5
961,1055986,1567.1387939453125,472.1805419921875,10,16312,0
961,1055987,1190.5,480.0,1,16312,1
961,1055988,749.0,477.0,1,16312,2
961,1055989,289.25,476.0,2,16312,3
961,1055990,482.0,479.5,1,16312,4
961,1055991,1676.5,442.0,1,16312,5
961,1055992,1645.0833740234375,466.3333435058594,3,16313,0
961,1055993,749.0,477.0,1,16313,1
961,1055994,482.0,479.5,1,16313,2
961,1055995,276.5,483.0,1,16313,3
961,1055996,1669.949951171875,470.75,4,16314,0
961,1055997,749.0,477.0,1,16314,1
961,1055998,482.0,479.5,1,16314,2
961,1055999,1696.75,441.75,2,16314,3
961,1056000,520.0,433.5,2,16315,0
961,1056001,520.5416259765625,426.6666564941406,5,16315,1
961,1056002,302.0,469.0,2,16315,2
961,1056003,553.375,464.5416564941406,3,16315,3
961,1056004,493.25,398.25,2,16315,4
961,1056005,520.0,433.5,2,16316,0
961,1056006,520.5416259765625,426.6666564941406,5,16316,1
961,1056007,289.25,476.0,3,16316,2
961,1056008,587.3333129882812,469.5,2,16316,3
961,1056009,768.5,473.0,1,16316,4
961,1056010,493.25,398.25,2,16316,5
961,1056011,749.0,477.0,1,16317,0
961,1056012,1470.611572265625,469.1269226074219,11,16317,1
961,1056013,611.25,476.0,2,16317,2
961,1056014,768.5,473.0,1,16317,3
961,1056015,1005.0,471.75,2,16317,4
961,1056016,517.4583129882812,467.4583435058594,4,16318,0
961,1056017,276.0,481.0833435058594,2,16318,1
961,1056018,143.0,514.5,1,16318,2
961,1056019,603.6666259765625,470.6666564941406,4,16318,3
961,1056020,768.5,473.0,1,16318,4
961,1056021,1005.0,471.75,2,16318,5
961,1056022,1222.5,470.5,1,16318,6
961,1056023,520.0,433.5,2,16318,7
961,1056024,1887.25,474.0,2,16319,0
961,1056025,1691.25,492.25,2,16319,1
961,1056026,1676.5,442.0,1,16319,2
961,1056027,603.6666259765625,470.6666564941406,4,16320,0
961,1056028,768.5,473.0,1,16320,1
961,1056029,1005.0,471.75,2,16320,2
961,1056030,1222.5,470.5,1,16320,3
961,1056031,517.4583129882812,467.4583435058594,4,16320,4
961,1056032,276.0,481.0833435058594,2,16320,5
961,1056033,143.0,514.5,1,16320,6
961,1056034,491.5,398.0,1,16320,7
961,1056035,520.0,433.5,2,16320,8
961,1056036,1887.25,474.0,2,16321,0
961,1056037,1691.25,492.25,2,16321,1
961,1056038,1676.5,442.0,1,16321,2
961,1056039,517.4583129882812,467.4583435058594,4,16322,0
961,1056040,276.0,481.0833435058594,2,16322,1
961,1056041,143.0,514.5,1,16322,2
961,1056042,603.6666259765625,470.6666564941406,4,16322,3
961,1056043,768.5,473.0,1,16322,4
961,1056044,1005.0,471.75,2,16322,5
961,1056045,1222.5,470.5,1,16322,6
961,1056046,491.5,398.0,1,16322,7
961,1056047,520.0,433.5,2,16322,8
961,1056048,1643.1875,469.4583435058594,6,16323,0
961,1056049,1696.75,441.75,2,16323,1
961,1056050,1887.25,474.0,2,16323,2
961,1056051,517.4583129882812,467.4583435058594,3,16324,0
961,1056052,276.0,481.0833435058594,3,16324,1
961,1056053,143.0,514.5,1,16324,2
961,1056054,534.2999877929688,462.8000183105469,6,16324,3
961,1056055,768.5,473.0,1,16324,4
961,1056056,1005.0,471.75,2,16324,5
961,1056057,1222.5,470.5,1,16324,6
961,1056058,520.0,433.5,2,16324,7
961,1056059,276.0,481.0833435058594,3,16325,0
961,1056060,143.0,514.5,1,16325,1
961,1056061,523.3333129882812,463.6666564941406,2,16325,2
961,1056062,1339.0428466796875,474.414306640625,5,16325,3
961,1056063,534.2999877929688,462.8000183105469,5,16325,4
961,1056064,768.5,473.0,1,16325,5
961,1056065,1005.0,471.75,2,16325,6
961,1056066,1648.5,478.0,1,16325,7
961,1056067,491.5,398.0,1,16325,8
961,1056068,520.0,433.5,2,16325,9
961,1056069,517.4583129882812,467.4583435058594,3,16326,0
961,1056070,1463.763916015625,465.16668701171875,9,16326,1
961,1056071,524.0750122070312,462.2250061035156,5,16326,2
961,1056072,768.5,473.0,1,16326,3
961,1056073,1005.0,471.75,2,16326,4
961,1056074,520.0,433.5,2,16326,5
961,1056075,276.0,481.0833435058594,3,16327,0
961,1056076,143.0,514.5,1,16327,1
961,1056077,523.3333129882812,463.6666564941406,2,16327,2
961,1056078,534.2999877929688,462.8000183105469,5,16327,3
961,1056079,768.5,473.0,1,16327,4
961,1056080,1005.0,471.75,2,16327,5
961,1056081,1222.5,470.5,1,16327,6
961,1056082,491.5,398.0,1,16327,7
961,1056083,276.0,481.0833435058594,3,16328,0
961,1056084,523.3333129882812,463.6666564941406,2,16328,1
961,1056085,1444.3409423828125,466.9488525390625,8,16328,2
961,1056086,534.2999877929688,462.8000183105469,5,16328,3
961,1056087,768.5,473.0,1,16328,4
961,1056088,1005.0,471.75,2,16328,5
961,1056089,520.5,431.5,1,16328,6
961,1056090,143.0,514.5,1,16329,0
961,1056091,523.3333129882812,463.6666564941406,2,16329,1
961,1056092,272.5,482.5,3,16329,2
961,1056093,524.0750122070312,462.2250061035156,4,16329,3
961,1056094,768.5,473.0,1,16329,4
961,1056095,1005.0,471.75,2,16329,5
961,1056096,1316.6666259765625,473.25,2,16329,6
961,1056097,491.5,398.0,1,16329,7
971,1055849,1339.0428466796875,474.414306640625,5,16289,0
971,1055850,1648.5,478.0,1,16289,1
971,1055851,749.0,477.0,1,16289,2
971,1055852,289.25,476.0,2,16289,3
971,1055853,482.0,479.5,1,16289,4
971,1055854,534.2999877929688,462.8000183105469,6,16290,0
971,1055855,768.5,473.0,1,16290,1
971,1055856,981.5,470.0,1,16290,2
971,1055857,491.5,398.0,1,16290,3
971,1055858,520.0,433.5,2,16290,4
971,1055859,749.0,477.0,1,16290,5
971,1055860,517.4583129882812,467.4583435058594,3,16290,6
971,1055861,276.0,481.0833435058594,3,16290,7
971,1055862,143.0,514.5,1,16290,8
971,1055863,437.25,451.25,2,16291,0
971,1055864,611.25,476.0,2,16291,1
971,1055865,768.5,473.0,1,16291,2
971,1055866,981.5,470.0,1,16291,3
971,1055867,32.5,475.5,1,16291,4
971,1055868,491.5,398.0,1,16291,5
971,1055869,533.75,442.75,2,16291,6
971,1055870,489.0,474.75,2,16291,7
971,1055871,276.0,481.0833435058594,2,16291,8
971,1055872,143.0,514.5,1,16291,9
971,1055873,1696.75,441.75,2,16292,0
971,1055874,1665.25,466.5833435058594,4,16292,1
971,1055875,1887.25,474.0,2,16292,2
971,1055876,499.5,344.0,1,16293,0
971,1055877,491.5,398.0,1,16293,1
971,1055878,520.0,433.5,2,16293,2
971,1055879,437.25,451.25,2,16294,0
971,1055880,632.5,477.25,3,16294,1
971,1055881,768.5,473.0,1,16294,2
971,1055882,981.5,470.0,1,16294,3
971,1055883,32.5,475.5,1,16294,4
971,1055884,489.0,474.75,2,16294,5
971,1055885,276.0,481.0833435058594,2,16294,6
971,1055886,143.0,514.5,1,16294,7
971,1055887,1594.9583740234375,493.625,3,16295,0
971,1055888,749.0,477.0,1,16295,1
971,1055889,534.2999877929688,462.8000183105469,6,16296,0
971,1055890,768.5,473.0,1,16296,1
971,1055891,981.5,470.0,1,16296,2
971,1055892,520.0,433.5,2,16296,3
971,1055893,749.0,477.0,1,16296,4
971,1055894,517.4583129882812,467.4583435058594,3,16296,5
971,1055895,276.0,481.0833435058594,3,16296,6
971,1055896,143.0,514.5,1,16296,7
971,1055897,555.0,351.0,1,16297,0
971,1055898,520.0,433.5,2,16297,1
971,1055899,1705.7916259765625,477.7083435058594,3,16298,0
971,1055900,1887.25,474.0,2,16298,1
971,1055901,1676.5,442.0,1,16298,2
971,1055902,768.5,473.0,1,16299,0
971,1055903,534.2999877929688,462.8000183105469,6,16299,1
971,1055904,32.5,475.5,1,16299,2
971,1055905,491.5,398.0,1,16299,3
971,1055906,520.5,431.5,1,16299,4
971,1055907,749.0,477.0,1,16299,5
971,1055908,517.4583129882812,467.4583435058594,3,16299,6
971,1055909,276.0,481.0833435058594,3,16299,7
971,1055910,143.0,514.5,1,16299,8
971,1055911,32.5,475.5,1,16300,0
971,1055912,437.25,451.25,2,16300,1
971,1055913,768.5,473.0,1,16300,2
971,1055914,491.5,398.0,1,16301,0
971,1055915,1005.0,471.75,2,16301,1
971,1055916,1222.5,470.5,1,16301,2
971,1055917,529.5833129882812,459.9166564941406,2,16301,3
971,1055918,768.5,473.0,1,16301,4
971,1055919,520.0,433.5,2,16301,5
971,1055920,530.5,463.0,1,16301,6
971,1055921,272.5,482.5,3,16301,7
971,1055922,143.0,514.5,1,16301,8
971,1055923,499.5,344.0,1,16301,9
971,1055924,1005.0,471.75,2,16302,0
971,1055925,543.75,458.0,2,16302,1
971,1055926,749.0,477.0,1,16302,2
971,1055927,517.4583129882812,467.4583435058594,3,16302,3
971,1055928,276.0,481.0833435058594,2,16302,4
971,1055929,143.0,514.5,1,16302,5
971,1055930,491.5,398.0,2,16302,6
971,1055931,1005.0,471.75,2,16303,0
971,1055932,534.2999877929688,462.8000183105469,6,16303,1
971,1055933,749.0,477.0,1,16303,2
971,1055934,517.4583129882812,467.4583435058594,3,16303,3
971,1055935,276.0,481.0833435058594,3,16303,4
971,1055936,143.0,514.5,1,16303,5
971,1055937,491.5,398.0,1,16303,6
971,1055938,1393.449951171875,474.2749938964844,4,16304,0
971,1055939,1648.5,478.0,1,16304,1
971,1055940,1190.5,480.0,1,16304,2
971,1055941,749.0,477.0,1,16304,3
971,1055942,289.25,476.0,2,16304,4
971,1055943,482.0,479.5,1,16304,5
971,1055944,143.0,514.5,1,16304,6
971,1055945,1664.3499755859375,461.125,4,16305,0
971,1055946,749.0,477.0,1,16305,1
971,1055947,482.0,479.5,1,16305,2
971,1055948,276.5,483.0,1,16305,3
971,1055949,1676.5,442.0,1,16305,4
971,1055950,1637.875,461.25,4,16306,0
971,1055951,749.0,477.0,1,16306,1
971,1055952,482.0,479.5,1,16306,2
971,1055953,276.5,483.0,1,16306,3
971,1055954,1676.5,442.0,1,16306,4
971,1055955,1393.449951171875,474.2749938964844,4,16307,0
971,1055956,1648.5,478.0,1,16307,1
971,1055957,1190.5,480.0,1,16307,2
971,1055958,749.0,477.0,1,16307,3
971,1055959,289.25,476.0,2,16307,4
971,1055960,482.0,479.5,1,16307,5
971,1055961,1206.5,475.25,2,16308,0
971,1055962,543.75,458.0,2,16308,1
971,1055963,749.0,477.0,1,16308,2
971,1055964,517.4583129882812,467.4583435058594,3,16308,3
971,1055965,276.0,481.0833435058594,2,16308,4
971,1055966,143.0,514.5,1,16308,5
971,1055967,491.5,398.0,2,16308,6
971,1055968,1409.7083740234375,476.625,3,16309,0
971,1055969,1648.5,478.0,1,16309,1
971,1055970,1190.5,480.0,1,16309,2
971,1055971,749.0,477.0,1,16309,3
971,1055972,289.25,476.0,2,16309,4
971,1055973,482.0,479.5,1,16309,5
971,1055974,1364.9166259765625,471.0,2,16310,0
971,1055975,1190.5,480.0,1,16310,1
971,1055976,749.0,477.0,2,16310,2
971,1055977,289.25,476.0,2,16310,3
971,1055978,482.0,479.5,1,16310,4
971,1055979,143.0,514.5,1,16310,5
971,1055980,1441.75,483.3999938964844,4,16311,0
971,1055981,1648.5,478.0,1,16311,1
971,1055982,1190.5,480.0,1,16311,2
971,1055983,749.0,477.0,1,16311,3
971,1055984,289.25,476.0,2,16311,4
971,1055985,482.0,479.5,1,16311,5
971,1055986,1567.1387939453125,472.1805419921875,10,16312,0
971,1055987,1190.5,480.0,1,16312,1
971,1055988,749.0,477.0,1,16312,2
971,1055989,289.25,476.0,2,16312,3
971,1055990,482.0,479.5,1,16312,4
971,1055991,1676.5,442.0,1,16312,5
971,1055992,1645.0833740234375,466.3333435058594,3,16313,0
971,1055993,749.0,477.0,1,16313,1
971,1055994,482.0,479.5,1,16313,2
971,1055995,276.5,483.0,1,16313,3
971,1055996,1669.949951171875,470.75,4,16314,0
971,1055997,749.0,477.0,1,16314,1
971,1055998,482.0,479.5,1,16314,2
971,1055999,1696.75,441.75,2,16314,3
971,1056000,520.0,433.5,2,16315,0
971,1056001,520.5416259765625,426.6666564941406,5,16315,1
971,1056002,302.0,469.0,2,16315,2
971,1056003,553.375,464.5416564941406,3,16315,3
971,1056004,493.25,398.25,2,16315,4
971,1056005,520.0,433.5,2,16316,0
971,1056006,520.5416259765625,426.6666564941406,5,16316,1
971,1056007,289.25,476.0,3,16316,2
971,1056008,587.3333129882812,469.5,2,16316,3
971,1056009,768.5,473.0,1,16316,4
971,1056010,493.25,398.25,2,16316,5
971,1056011,749.0,477.0,1,16317,0
971,1056012,1470.611572265625,469.1269226074219,11,16317,1
971,1056013,611.25,476.0,2,16317,2
971,1056014,768.5,473.0,1,16317,3
971,1056015,1005.0,471.75,2,16317,4
971,1056016,517.4583129882812,467.4583435058594,4,16318,0
971,1056017,276.0,481.0833435058594,2,16318,1
971,1056018,143.0,514.5,1,16318,2
971,1056019,603.6666259765625,470.6666564941406,4,16318,3
971,1056020,768.5,473.0,1,16318,4
971,1056021,1005.0,471.75,2,16318,5
971,1056022,1222.5,470.5,1,16318,6
971,1056023,520.0,433.5,2,16318,7
971,1056024,1887.25,474.0,2,16319,0
971,1056025,1691.25,492.25,2,16319,1
971,1056026,1676.5,442.0,1,16319,2
971,1056027,603.6666259765625,470.6666564941406,4,16320,0
971,1056028,768.5,473.0,1,16320,1
971,1056029,1005.0,471.75,2,16320,2
971,1056030,1222.5,470.5,1,16320,3
971,1056031,517.4583129882812,467.4583435058594,4,16320,4
971,1056032,276.0,481.0833435058594,2,16320,5
971,1056033,143.0,514.5,1,16320,6
971,1056034,491.5,398.0,1,16320,7
971,1056035,520.0,433.5,2,16320,8
971,1056036,1887.25,474.0,2,16321,0
971,1056037,1691.25,492.25,2,16321,1
971,1056038,1676.5,442.0,1,16321,2
971,1056039,517.4583129882812,467.4583435058594,4,16322,0
971,1056040,276.0,481.0833435058594,2,16322,1
971,1056041,143.0,514.5,1,16322,2
971,1056042,603.6666259765625,470.6666564941406,4,16322,3
971,1056043,768.5,473.0,1,16322,4
971,1056044,1005.0,471.75,2,16322,5
971,1056045,1222.5,470.5,1,16322,6
971,1056046,491.5,398.0,1,16322,7
971,1056047,520.0,433.5,2,16322,8
971,1056048,1643.1875,469.4583435058594,6,16323,0
971,1056049,1696.75,441.75,2,16323,1
971,1056050,1887.25,474.0,2,16323,2
971,1056051,517.4583129882812,467.4583435058594,3,16324,0
971,1056052,276.0,481.0833435058594,3,16324,1
971,1056053,143.0,514.5,1,16324,2
971,1056054,534.2999877929688,462.8000183105469,6,16324,3
971,1056055,768.5,473.0,1,16324,4
971,1056056,1005.0,471.75,2,16324,5
971,1056057,1222.5,470.5,1,16324,6
971,1056058,520.0,433.5,2,16324,7
971,1056059,276.0,481.0833435058594,3,16325,0
971,1056060,143.0,514.5,1,16325,1
971,1056061,523.3333129882812,463.6666564941406,2,16325,2
971,1056062,1339.0428466796875,474.414306640625,5,16325,3
971,1056063,534.2999877929688,462.8000183105469,5,16325,4
971,1056064,768.5,473.0,1,16325,5
971,1056065,1005.0,471.75,2,16325,6
971,1056066,1648.5,478.0,1,16325,7
971,1056067,491.5,398.0,1,16325,8
971,1056068,520.0,433.5,2,16325,9
971,1056069,517.4583129882812,467.4583435058594,3,16326,0
971,1056070,1463.763916015625,465.16668701171875,9,16326,1
971,1056071,524.0750122070312,462.2250061035156,5,16326,2
971,1056072,768.5,473.0,1,16326,3
971,1056073,1005.0,471.75,2,16326,4
971,1056074,520.0,433.5,2,16326,5
971,1056075,276.0,481.0833435058594,3,16327,0
971,1056076,143.0,514.5,1,16327,1
971,1056077,523.3333129882812,463.6666564941406,2,16327,2
971,1056078,534.2999877929688,462.8000183105469,5,16327,3
971,1056079,768.5,473.0,1,16327,4
971,1056080,1005.0,471.75,2,16327,5
971,1056081,1222.5,470.5,1,16327,6
971,1056082,491.5,398.0,1,16327,7
971,1056083,276.0,481.0833435058594,3,16328,0
971,1056084,523.3333129882812,463.6666564941406,2,16328,1
971,1056085,1444.3409423828125,466.9488525390625,8,16328,2
971,1056086,534.2999877929688,462.8000183105469,5,16328,3
971,1056087,768.5,473.0,1,16328,4
971,1056088,1005.0,471.75,2,16328,5
971,1056089,520.5,431.5,1,16328,6
971,1056090,143.0,514.5,1,16329,0
971,1056091,523.3333129882812,463.6666564941406,2,16329,1
971,1056092,272.5,482.5,3,16329,2
971,1056093,524.0750122070312,462.2250061035156,4,16329,3
971,1056094,768.5,473.0,1,16329,4
971,1056095,1005.0,471.75,2,16329,5
971,1056096,1316.6666259765625,473.25,2,16329,6
971,1056097,491.5,398.0,1,16329,7
981,1055849,1339.0428466796875,474.414306640625,5,16289,0
981,1055850,1648.5,478.0,1,16289,1
981,1055851,749.0,477.0,2,16289,2
981,1055852,289.25,476.0,2,16289,3
981,1055853,482.0,479.5,1,16289,4
981,1055854,534.2999877929688,462.8000183105469,6,16290,0
981,1055855,768.5,473.0,1,16290,1
981,1055856,981.5,470.0,1,16290,2
981,1055857,491.5,398.0,1,16290,3
981,1055858,520.0,433.5,2,16290,4
981,1055859,749.0,477.0,1,16290,5
981,1055860,517.4583129882812,467.4583435058594,3,16290,6
981,1055861,276.0,481.0833435058594,3,16290,7
981,1055862,143.0,514.5,1,16290,8
981,1055863,437.25,451.25,2,16291,0
981,1055864,611.25,476.0,2,16291,1
981,1055865,768.5,473.0,1,16291,2
981,1055866,981.5,470.0,1,16291,3
981,1055867,32.5,475.5,1,16291,4
981,1055868,491.5,398.0,1,16291,5
981,1055869,533.75,442.75,2,16291,6
981,1055870,489.0,474.75,2,16291,7
981,1055871,276.0,481.0833435058594,2,16291,8
981,1055872,143.0,514.5,1,16291,9
981,1055873,1696.75,441.75,2,16292,0
981,1055874,1665.25,466.5833435058594,4,16292,1
981,1055875,1887.25,474.0,2,16292,2
981,1055876,499.5,344.0,1,16293,0
981,1055877,491.5,398.0,1,16293,1
981,1055878,520.0,433.5,2,16293,2
981,1055879,437.25,451.25,2,16294,0
981,1055880,632.5,477.25,3,16294,1
981,1055881,768.5,473.0,1,16294,2
981,1055882,981.5,470.0,1,16294,3
981,1055883,32.5,475.5,1,16294,4
981,1055884,489.0,474.75,2,16294,5
981,1055885,276.0,481.0833435058594,2,16294,6
981,1055886,143.0,514.5,1,16294,7
981,1055887,1594.9583740234375,493.625,3,16295,0
981,1055888,749.0,477.0,1,16295,1
981,1055889,534.2999877929688,462.8000183105469,6,16296,0
981,1055890,768.5,473.0,1,16296,1
981,1055891,981.5,470.0,1,16296,2
981,1055892,520.0,433.5,2,16296,3
981,1055893,749.0,477.0,1,16296,4
981,1055894,517.4583129882812,467.4583435058594,3,16296,5
981,1055895,276.0,481.0833435058594,3,16296,6
981,1055896,143.0,514.5,1,16296,7
981,1055897,555.0,351.0,1,16297,0
981,1055898,520.0,433.5,2,16297,1
981,1055899,1705.7916259765625,477.7083435058594,3,16298,0
981,1055900,1887.25,474.0,2,16298,1
981,1055901,1676.5,442.0,1,16298,2
981,1055902,768.5,473.0,1,16299,0
981,1055903,534.2999877929688,462.8000183105469,6,16299,1
981,1055904,32.5,475.5,1,16299,2
981,1055905,491.5,398.0,1,16299,3
981,1055906,520.5,431.5,1,16299,4
981,1055907,749.0,477.0,1,16299,5
981,1055908,517.4583129882812,467.4583435058594,3,16299,6
981,1055909,276.0,481.0833435058594,3,16299,7
981,1055910,143.0,514.5,1,16299,8
981,1055911,32.5,475.5,1,16300,0
981,1055912,437.25,451.25,2,16300,1
981,1055913,768.5,473.0,1,16300,2
981,1055914,491.5,398.0,1,16301,0
981,1055915,1005.0,471.75,2,16301,1
981,1055916,1222.5,470.5,1,16301,2
981,1055917,529.5833129882812,459.9166564941406,2,16301,3
981,1055918,768.5,473.0,1,16301,4
981,1055919,520.0,433.5,2,16301,5
981,1055920,530.5,463.0,1,16301,6
981,1055921,272.5,482.5,3,16301,7
981,1055922,143.0,514.5,1,16301,8
981,1055923,499.5,344.0,1,16301,9
981,1055924,1005.0,471.75,2,16302,0
981,1055925,543.75,458.0,2,16302,1
981,1055926,749.0,477.0,1,16302,2
981,1055927,517.4583129882812,467.4583435058594,3,16302,3
981,1055928,276.0,481.0833435058594,2,16302,4
981,1055929,143.0,514.5,1,16302,5
981,1055930,491.5,398.0,2,16302,6
981,1055931,1005.0,471.75,2,16303,0
981,1055932,534.2999877929688,462.8000183105469,6,16303,1
981,1055933,749.0,477.0,1,16303,2
981,1055934,517.4583129882812,467.4583435058594,3,16303,3
981,1055935,276.0,481.0833435058594,3,16303,4
981,1055936,143.0,514.5,1,16303,5
981,1055937,491.5,398.0,1,16303,6
981,1055938,1393.449951171875,474.2749938964844,4,16304,0
981,1055939,1648.5,478.0,1,16304,1
981,1055940,1190.5,480.0,1,16304,2
981,1055941,749.0,477.0,1,16304,3
981,1055942,289.25,476.0,2,16304,4
981,1055943,482.0,479.5,1,16304,5
981,1055944,143.0,514.5,1,16304,6
981,1055945,1664.3499755859375,461.125,4,16305,0
981,1055946,749.0,477.0,1,16305,1
981,1055947,482.0,479.5,1,16305,2
981,1055948,276.5,483.0,1,16305,3
981,1055949,1676.5,442.0,1,16305,4
981,1055950,1637.875,461.25,4,16306,0
981,1055951,749.0,477.0,1,16306,1
981,1055952,482.0,479.5,1,16306,2
981,1055953,276.5,483.0,1,16306,3
981,1055954,1676.5,442.0,1,16306,4
981,1055955,1393.449951171875,474.2749938964844,4,16307,0
981,1055956,1648.5,478.0,1,16307,1
981,1055957,1190.5,480.0,1,16307,2
981,1055958,749.0,477.0,1,16307,3
981,1055959,289.25,476.0,2,16307,4
981,1055960,482.0,479.5,1,16307,5
981,1055961,1206.5,475.25,2,16308,0
981,1055962,543.75,458.0,2,16308,1
981,1055963,749.0,477.0,1,16308,2
981,1055964,517.4583129882812,467.4583435058594,3,16308,3
981,1055965,276.0,481.0833435058594,2,16308,4
981,1055966,143.0,514.5,1,16308,5
981,1055967,491.5,398.0,2,16308,6
981,1055968,1409.7083740234375,476.625,3,16309,0
981,1055969,1648.5,478.0,1,16309,1
981,1055970,1190.5,480.0,1,16309,2
981,1055971,749.0,477.0,1,16309,3
981,1055972,289.25,476.0,2,16309,4
981,1055973,482.0,479.5,1,16309,5
981,1055974,1364.9166259765625,471.0,2,16310,0
981,1055975,1190.5,480.0,1,16310,1
981,1055976,749.0,477.0,2,16310,2
981,1055977,289.25,476.0,2,16310,3
981,1055978,482.0,479.5,1,16310,4
981,1055979,143.0,514.5,1,16310,5
981,1055980,1441.75,483.3999938964844,4,16311,0
981,1055981,1648.5,478.0,1,16311,1
981,1055982,1190.5,480.0,1,16311,2
981,1055983,749.0,477.0,1,16311,3
981,1055984,289.25,476.0,2,16311,4
981,1055985,482.0,479.5,1,16311,5
981,1055986,1567.1387939453125,472.1805419921875,10,16312,0
981,1055987,1190.5,480.0,1,16312,1
981,1055988,749.0,477.0,1,16312,2
981,1055989,289.25,476.0,2,16312,3
981,1055990,482.0,479.5,1,16312,4
981,1055991,1676.5,442.0,1,16312,5
981,1055992,1645.0833740234375,466.3333435058594,3,16313,0
981,1055993,749.0,477.0,1,16313,1
981,1055994,482.0,479.5,1,16313,2
981,1055995,276.5,483.0,1,16313,3
981,1055996,1669.949951171875,470.75,4,16314,0
981,1055997,749.0,477.0,1,16314,1
981,1055998,482.0,479.5,1,16314,2
981,1055999,1696.75,441.75,2,16314,3
981,1056000,520.0,433.5,2,16315,0
981,1056001,520.5416259765625,426.6666564941406,5,16315,1
981,1056002,302.0,469.0,2,16315,2
981,1056003,553.375,464.5416564941406,3,16315,3
981,1056004,493.25,398.25,2,16315,4
981,1056005,520.0,433.5,2,16316,0
981,1056006,520.5416259765625,426.6666564941406,5,16316,1
981,1056007,289.25,476.0,3,16316,2
981,1056008,587.3333129882812,469.5,2,16316,3
981,1056009,768.5,473.0,1,16316,4
981,1056010,493.25,398.25,2,16316,5
981,1056011,749.0,477.0,1,16317,0
981,1056012,1470.611572265625,469.1269226074219,11,16317,1
981,1056013,611.25,476.0,2,16317,2
981,1056014,768.5,473.0,1,16317,3
981,1056015,1005.0,471.75,2,16317,4
981,1056016,517.4583129882812,467.4583435058594,4,16318,0
981,1056017,276.0,481.0833435058594,2,16318,1
981,1056018,143.0,514.5,1,16318,2
981,1056019,603.6666259765625,470.6666564941406,4,16318,3
981,1056020,768.5,473.0,1,16318,4
981,1056021,1005.0,471.75,2,16318,5
981,1056022,1222.5,470.5,1,16318,6
981,1056023,520.0,433.5,2,16318,7
981,1056024,1887.25,474.0,2,16319,0
981,1056025,1691.25,492.25,2,16319,1
981,1056026,1676.5,442.0,1,16319,2
981,1056027,603.6666259765625,470.6666564941406,4,16320,0
981,1056028,768.5,473.0,1,16320,1
981,1056029,1005.0,471.75,2,16320,2
981,1056030,1222.5,470.5,1,16320,3
981,1056031,517.4583129882812,467.4583435058594,4,16320,4
981,1056032,276.0,481.0833435058594,2,16320,5
981,1056033,143.0,514.5,1,16320,6
981,1056034,491.5,398.0,1,16320,7
981,1056035,520.0,433.5,2,16320,8
981,1056036,1887.25,474.0,2,16321,0
981,1056037,1691.25,492.25,2,16321,1
981,1056038,1676.5,442.0,1,16321,2
981,1056039,517.4583129882812,467.4583435058594,4,16322,0
981,1056040,276.0,481.0833435058594,2,16322,1
981,1056041,143.0,514.5,1,16322,2
981,1056042,603.6666259765625,470.6666564941406,4,16322,3
981,1056043,768.5,473.0,1,16322,4
981,1056044,1005.0,471.75,2,16322,5
981,1056045,1222.5,470.5,1,16322,6
981,1056046,491.5,398.0,1,16322,7
981,1056047,520.0,433.5,2,16322,8
981,1056048,1643.1875,469.4583435058594,6,16323,0
981,1056049,1696.75,441.75,2,16323,1
981,1056050,1887.25,474.0,2,16323,2
981,1056051,517.4583129882812,467.4583435058594,3,16324,0
981,1056052,276.0,481.0833435058594,3,16324,1
981,1056053,143.0,514.5,1,16324,2
981,1056054,534.2999877929688,462.8000183105469,6,16324,3
981,1056055,768.5,473.0,1,16324,4
981,1056056,1005.0,471.75,2,16324,5
981,1056057,1222.5,470.5,1,16324,6
981,1056058,520.0,433.5,2,16324,7
981,1056059,276.0,481.0833435058594,3,16325,0
981,1056060,143.0,514.5,1,16325,1
981,1056061,523.3333129882812,463.6666564941406,3,16325,2
981,1056062,1339.0428466796875,474.414306640625,5,16325,3
981,1056063,534.2999877929688,462.8000183105469,5,16325,4
981,1056064,768.5,473.0,1,16325,5
981,1056065,1005.0,471.75,2,16325,6
981,1056066,1648.5,478.0,1,16325,7
981,1056067,491.5,398.0,1,16325,8
981,1056068,520.0,433.5,2,16325,9
981,1056069,517.4583129882812,467.4583435058594,3,16326,0
981,1056070,1463.763916015625,465.16668701171875,9,16326,1
981,1056071,524.0750122070312,462.2250061035156,5,16326,2
981,1056072,768.5,473.0,1,16326,3
981,1056073,1005.0,471.75,2,16326,4
981,1056074,520.0,433.5,2,16326,5
981,1056075,276.0,481.0833435058594,3,16327,0
981,1056076,143.0,514.5,1,16327,1
981,1056077,523.3333129882812,463.6666564941406,3,16327,2
981,1056078,534.2999877929688,462.8000183105469,5,16327,3
981,1056079,768.5,473.0,1,16327,4
981,1056080,1005.0,471.75,2,16327,5
981,1056081,1222.5,470.5,1,16327,6
981,1056082,491.5,398.0,1,16327,7
981,1056083,276.0,481.0833435058594,3,16328,0
981,1056084,523.3333129882812,463.6666564941406,3,16328,1
981,1056085,1444.3409423828125,466.9488525390625,8,16328,2
981,1056086,534.2999877929688,462.8000183105469,5,16328,3
981,1056087,768.5,473.0,1,16328,4
981,1056088,1005.0,471.75,2,16328,5
981,1056089,520.5,431.5,1,16328,6
981,1056090,143.0,514.5,1,16329,0
981,1056091,523.3333129882812,463.6666564941406,2,16329,1
981,1056092,272.5,482.5,3,16329,2
981,1056093,524.0750122070312,462.2250061035156,5,16329,3
981,1056094,768.5,473.0,1,16329,4
981,1056095,1005.0,471.75,2,16329,5
981,1056096,1316.6666259765625,473.25,2,16329,6
981,1056097,491.5,398.0,1,16329,7
991,1055849,1339.0428466796875,474.414306640625,5,16289,0
991,1055850,1648.5,478.0,1,16289,1
991,1055851,749.0,477.0,3,16289,2
991,1055852,289.25,476.0,2,16289,3
991,1055853,482.0,479.5,1,16289,4
991,1055854,534.2999877929688,462.8000183105469,6,16290,0
991,1055855,768.5,473.0,1,16290,1
991,1055856,981.5,470.0,1,16290,2
991,1055857,491.5,398.0,1,16290,3
991,1055858,520.0,433.5,2,16290,4
991,1055859,749.0,477.0,1,16290,5
991,1055860,517.4583129882812,467.4583435058594,3,16290,6
991,1055861,276.0,481.0833435058594,3,16290,7
991,1055862,143.0,514.5,1,16290,8
991,1055863,437.25,451.25,2,16291,0
991,1055864,611.25,476.0,2,16291,1
991,1055865,768.5,473.0,1,16291,2
991,1055866,981.5,470.0,1,16291,3
991,1055867,32.5,475.5,1,16291,4
991,1055868,491.5,398.0,1,16291,5
991,1055869,533.75,442.75,2,16291,6
991,1055870,489.0,474.75,2,16291,7
991,1055871,276.0,481.0833435058594,2,16291,8
991,1055872,143.0,514.5,1,16291,9
991,1055873,1696.75,441.75,2,16292,0
991,1055874,1665.25,466.5833435058594,4,16292,1
991,1055875,1887.25,474.0,2,16292,2
991,1055876,499.5,344.0,1,16293,0
991,1055877,491.5,398.0,1,16293,1
991,1055878,520.0,433.5,2,16293,2
991,1055879,437.25,451.25,2,16294,0
991,1055880,632.5,477.25,3,16294,1
991,1055881,768.5,473.0,1,16294,2
991,1055882,981.5,470.0,1,16294,3
991,1055883,32.5,475.5,1,16294,4
991,1055884,489.0,474.75,2,16294,5
991,1055885,276.0,481.0833435058594,2,16294,6
991,1055886,143.0,514.5,1,16294,7
991,1055887,1594.9583740234375,493.625,3,16295,0
991,1055888,749.0,477.0,1,16295,1
991,1055889,534.2999877929688,462.8000183105469,6,16296,0
991,1055890,768.5,473.0,1,16296,1
991,1055891,981.5,470.0,1,16296,2
991,1055892,520.0,433.5,2,16296,3
991,1055893,749.0,477.0,1,16296,4
991,1055894,517.4583129882812,467.4583435058594,3,16296,5
991,1055895,276.0,481.0833435058594,3,16296,6
991,1055896,143.0,514.5,1,16296,7
991,1055897,555.0,351.0,1,16297,0
991,1055898,520.0,433.5,2,16297,1
991,1055899,1705.7916259765625,477.7083435058594,3,16298,0
991,1055900,1887.25,474.0,2,16298,1
991,1055901,1676.5,442.0,1,16298,2
991,1055902,768.5,473.0,1,16299,0
991,1055903,534.2999877929688,462.8000183105469,6,16299,1
991,1055904,32.5,475.5,1,16299,2
991,1055905,491.5,398.0,1,16299,3
991,1055906,520.5,431.5,1,16299,4
991,1055907,749.0,477.0,1,16299,5
991,1055908,517.4583129882812,467.4583435058594,3,16299,6
991,1055909,276.0,481.0833435058594,3,16299,7
991,1055910,143.0,514.5,1,16299,8
991,1055911,32.5,475.5,1,16300,0
991,1055912,437.25,451.25,2,16300,1
991,1055913,768.5,473.0,1,16300,2
991,1055914,491.5,398.0,1,16301,0
991,1055915,1005.0,471.75,2,16301,1
991,1055916,1222.5,470.5,1,16301,2
991,1055917,529.5833129882812,459.9166564941406,2,16301,3
991,1055918,768.5,473.0,1,16301,4
991,1055919,520.0,433.5,2,16301,5
991,1055920,530.5,463.0,1,16301,6
991,1055921,272.5,482.5,3,16301,7
991,1055922,143.0,514.5,1,16301,8
991,1055923,499.5,344.0,1,16301,9
991,1055924,1005.0,471.75,2,16302,0
991,1055925,543.75,458.0,2,16302,1
991,1055926,749.0,477.0,1,16302,2
991,1055927,517.4583129882812,467.4583435058594,3,16302,3
991,1055928,276.0,481.0833435058594,2,16302,4
991,1055929,143.0,514.5,1,16302,5
991,1055930,491.5,398.0,2,16302,6
991,1055931,1005.0,471.75,2,16303,0
991,1055932,534.2999877929688,462.8000183105469,6,16303,1
991,1055933,749.0,477.0,1,16303,2
991,1055934,517.4583129882812,467.4583435058594,3,16303,3
991,1055935,276.0,481.0833435058594,3,16303,4
991,1055936,143.0,514.5,1,16303,5
991,1055937,491.5,398.0,1,16303,6
991,1055938,1393.449951171875,474.2749938964844,4,16304,0
991,1055939,1648.5,478.0,1,16304,1
991,1055940,1190.5,480.0,1,16304,2
991,1055941,749.0,477.0,1,16304,3
991,1055942,289.25,476.0,2,16304,4
991,1055943,482.0,479.5,1,16304,5
991,1055944,143.0,514.5,1,16304,6
991,1055945,1664.3499755859375,461.125,4,16305,0
991,1055946,749.0,477.0,1,16305,1
991,1055947,482.0,479.5,1,16305,2
991,1055948,276.5,483.0,1,16305,3
991,1055949,1676.5,442.0,1,16305,4
991,1055950,1637.875,461.25,4,16306,0
991,1055951,749.0,477.0,1,16306,1
991,1055952,482.0,479.5,1,16306,2
991,1055953,276.5,483.0,1,16306,3
991,1055954,1676.5,442.0,1,16306,4
991,1055955,1393.449951171875,474.2749938964844,4,16307,0
991,1055956,1648.5,478.0,1,16307,1
991,1055957,1190.5,480.0,1,16307,2
991,1055958,749.0,477.0,1,16307,3
991,1055959,289.25,476.0,2,16307,4
991,1055960,482.0,479.5,1,16307,5
991,1055961,1206.5,475.25,2,16308,0
991,1055962,543.75,458.0,2,16308,1
991,1055963,749.0,477.0,1,16308,2
991,1055964,517.4583129882812,467.4583435058594,3,16308,3
991,1055965,276.0,481.0833435058594,2,16308,4
991,1055966,143.0,514.5,1,16308,5
991,1055967,491.5,398.0,2,16308,6
991,1055968,1409.7083740234375,476.625,3,16309,0
991,1055969,1648.5,478.0,1,16309,1
991,1055970,1190.5,480.0,1,16309,2
991,1055971,749.0,477.0,1,16309,3
991,1055972,289.25,476.0,2,16309,4
991,1055973,482.0,479.5,1,16309,5
991,1055974,1364.9166259765625,471.0,2,16310,0
991,1055975,1190.5,480.0,1,16310,1
991,1055976,749.0,477.0,2,16310,2
991,1055977,289.25,476.0,2,16310,3
991,1055978,482.0,479.5,1,16310,4
991,1055979,143.0,514.5,1,16310,5
991,1055980,1441.75,483.3999938964844,4,16311,0
991,1055981,1648.5,478.0,1,16311,1
991,1055982,1190.5,480.0,1,16311,2
991,1055983,749.0,477.0,1,16311,3
991,1055984,289.25,476.0,2,16311,4
991,1055985,482.0,479.5,1,16311,5
991,1055986,1567.1387939453125,472.1805419921875,10,16312,0
991,1055987,1190.5,480.0,1,16312,1
991,1055988,749.0,477.0,1,16312,2
991,1055989,289.25,476.0,2,16312,3
991,1055990,482.0,479.5,1,16312,4
991,1055991,1676.5,442.0,1,16312,5
991,1055992,1645.0833740234375,466.3333435058594,3,16313,0
991,1055993,749.0,477.0,1,16313,1
991,1055994,482.0,479.5,1,16313,2
991,1055995,276.5,483.0,1,16313,3
991,1055996,1669.949951171875,470.75,4,16314,0
991,1055997,749.0,477.0,1,16314,1
991,1055998,482.0,479.5,1,16314,2
991,1055999,1696.75,441.75,2,16314,3
991,1056000,520.0,433.5,2,16315,0
991,1056001,520.5416259765625,426.6666564941406,5,16315,1
991,1056002,302.0,469.0,2,16315,2
991,1056003,553.375,464.5416564941406,3,16315,3
991,1056004,493.25,398.25,2,16315,4
991,1056005,520.0,433.5,2,16316,0
991,1056006,520.5416259765625,426.6666564941406,5,16316,1
991,1056007,289.25,476.0,3,16316,2
991,1056008,587.3333129882812,469.5,2,16316,3
991,1056009,768.5,473.0,1,16316,4
991,1056010,493.25,398.25,2,16316,5
991,1056011,749.0,477.0,1,16317,0
991,1056012,1470.611572265625,469.1269226074219,11,16317,1
991,1056013,611.25,476.0,2,16317,2
991,1056014,768.5,473.0,1,16317,3
991,1056015,1005.0,471.75,2,16317,4
991,1056016,517.4583129882812,467.4583435058594,4,16318,0
991,1056017,276.0,481.0833435058594,2,16318,1
991,1056018,143.0,514.5,1,16318,2
991,1056019,603.6666259765625,470.6666564941406,4,16318,3
991,1056020,768.5,473.0,1,16318,4
991,1056021,1005.0,471.75,2,16318,5
991,1056022,1222.5,470.5,1,16318,6
991,1056023,520.0,433.5,2,16318,7
991,1056024,1887.25,474.0,2,16319,0
991,1056025,1691.25,492.25,2,16319,1
991,1056026,1676.5,442.0,1,16319,2
991,1056027,603.6666259765625,470.6666564941406,4,16320,0
991,1056028,768.5,473.0,1,16320,1
991,1056029,1005.0,471.75,2,16320,2
991,1056030,1222.5,470.5,1,16320,3
991,1056031,517.4583129882812,467.4583435058594,4,16320,4
991,1056032,276.0,481.0833435058594,2,16320,5
991,1056033,143.0,514.5,1,16320,6
991,1056034,491.5,398.0,1,16320,7
991,1056035,520.0,433.5,2,16320,8
991,1056036,1887.25,474.0,2,16321,0
991,1056037,1691.25,492.25,2,16321,1
991,1056038,1676.5,442.0,1,16321,2
991,1056039,517.4583129882812,467.4583435058594,4,16322,0
991,1056040,276.0,481.0833435058594,2,16322,1
991,1056041,143.0,514.5,1,16322,2
991,1056042,603.6666259765625,470.6666564941406,4,16322,3
991,1056043,768.5,473.0,1,16322,4
991,1056044,1005.0,471.75,2,16322,5
991,1056045,1222.5,470.5,1,16322,6
991,1056046,491.5,398.0,1,16322,7
991,1056047,520.0,433.5,2,16322,8
991,1056048,1643.1875,469.4583435058594,6,16323,0
991,1056049,1696.75,441.75,2,16323,1
991,1056050,1887.25,474.0,2,16323,2
991,1056051,517.4583129882812,467.4583435058594,3,16324,0
991,1056052,276.0,481.0833435058594,3,16324,1
991,1056053,143.0,514.5,1,16324,2
991,1056054,534.2999877929688,462.8000183105469,6,16324,3
991,1056055,768.5,473.0,1,16324,4
991,1056056,1005.0,471.75,2,16324,5
991,1056057,1222.5,470.5,1,16324,6
991,1056058,520.0,433.5,2,16324,7
991,1056059,276.0,481.0833435058594,3,16325,0
991,1056060,143.0,514.5,1,16325,1
991,1056061,523.3333129882812,463.6666564941406,3,16325,2
991,1056062,1339.0428466796875,474.414306640625,5,16325,3
991,1056063,534.2999877929688,462.8000183105469,5,16325,4
991,1056064,768.5,473.0,1,16325,5
991,1056065,1005.0,471.75,2,16325,6
991,1056066,1648.5,478.0,1,16325,7
991,1056067,491.5,398.0,1,16325,8
991,1056068,520.0,433.5,2,16325,9
991,1056069,517.4583129882812,467.4583435058594,3,16326,0
991,1056070,1463.763916015625,465.16668701171875,9,16326,1
991,1056071,524.0750122070312,462.2250061035156,5,16326,2
991,1056072,768.5,473.0,1,16326,3
991,1056073,1005.0,471.75,2,16326,4
991,1056074,520.0,433.5,2,16326,5
991,1056075,276.0,481.0833435058594,3,16327,0
991,1056076,143.0,514.5,1,16327,1
991,1056077,523.3333129882812,463.6666564941406,3,16327,2
991,1056078,534.2999877929688,462.8000183105469,5,16327,3
991,1056079,768.5,473.0,1,16327,4
991,1056080,1005.0,471.75,2,16327,5
991,1056081,1222.5,470.5,1,16327,6
991,1056082,491.5,398.0,1,16327,7
991,1056083,276.0,481.0833435058594,3,16328,0
991,1056084,523.3333129882812,463.6666564941406,3,16328,1
991,1056085,1444.3409423828125,466.9488525390625,8,16328,2
991,1056086,534.2999877929688,462.8000183105469,5,16328,3
991,1056087,768.5,473.0,1,16328,4
991,1056088,1005.0,471.75,2,16328,5
991,1056089,520.5,431.5,1,16328,6
991,1056090,143.0,514.5,1,16329,0
991,1056091,523.3333129882812,463.6666564941406,2,16329,1
991,1056092,272.5,482.5,3,16329,2
991,1056093,524.0750122070312,462.2250061035156,5,16329,3
991,1056094,768.5,473.0,1,16329,4
991,1056095,1005.0,471.75,2,16329,5
991,1056096,1316.6666259765625,473.25,2,16329,6
991,1056097,491.5,398.0,1,16329,7
1001,1055849,1339.0428466796875,474.414306640625,5,16289,0
1001,1055850,1648.5,478.0,1,16289,1
1001,1055851,749.0,477.0,3,16289,2
1001,1055852,289.25,476.0,2,16289,3
1001,1055853,482.0,479.5,1,16289,4
1001,1055854,534.2999877929688,462.8000183105469,6,16290,0
1001,1055855,768.5,473.0,1,16290,1
1001,1055856,981.5,470.0,1,16290,2
1001,1055857,491.5,398.0,1,16290,3
1001,1055858,520.0,433.5,2,16290,4
1001,1055859,749.0,477.0,1,16290,5
1001,1055860,517.4583129882812,467.4583435058594,3,16290,6
1001,1055861,276.0,481.0833435058594,3,16290,7
1001,1055862,143.0,514.5,1,16290,8
1001,1055863,437.25,451.25,2,16291,0
1001,1055864,611.25,476.0,2,16291,1
1001,1055865,768.5,473.0,1,16291,2
1001,1055866,981.5,470.0,1,16291,3
1001,1055867,32.5,475.5,1,16291,4
1001,1055868,491.5,398.0,1,16291,5
1001,1055869,533.75,442.75,2,16291,6
1001,1055870,489.0,474.75,2,16291,7
1001,1055871,276.0,481.0833435058594,2,16291,8
1001,1055872,143.0,514.5,1,16291,9
1001,1055873,1696.75,441.75,2,16292,0
1001,1055874,1665.25,466.5833435058594,4,16292,1
1001,1055875,1887.25,474.0,2,16292,2
1001,1055876,499.5,344.0,1,16293,0
1001,1055877,491.5,398.0,1,16293,1
1001,1055878,520.0,433.5,2,16293,2
1001,1055879,437.25,451.25,2,16294,0
1001,1055880,632.5,477.25,3,16294,1
1001,1055881,768.5,473.0,1,16294,2
1001,1055882,981.5,470.0,1,16294,3
1001,1055883,32.5,475.5,1,16294,4
1001,1055884,489.0,474.75,2,16294,5
1001,1055885,276.0,481.0833435058594,2,16294,6
1001,1055886,143.0,514.5,1,16294,7
1001,1055887,1594.9583740234375,493.625,3,16295,0
1001,1055888,749.0,477.0,1,16295,1
1001,1055889,534.2999877929688,462.8000183105469,6,16296,0
1001,1055890,768.5,473.0,1,16296,1
1001,1055891,981.5,470.0,1,16296,2
1001,1055892,520.0,433.5,2,16296,3
1001,1055893,749.0,477.0,1,16296,4
1001,1055894,517.4583129882812,467.4583435058594,3,16296,5
1001,1055895,276.0,481.0833435058594,3,16296,6
1001,1055896,143.0,514.5,1,16296,7
1001,1055897,555.0,351.0,1,16297,0
1001,1055898,520.0,433.5,2,16297,1
1001,1055899,1705.7916259765625,477.7083435058594,3,16298,0
1001,1055900,1887.25,474.0,2,16298,1
1001,1055901,1676.5,442.0,1,16298,2
1001,1055902,768.5,473.0,1,16299,0
1001,1055903,534.2999877929688,462.8000183105469,6,16299,1
1001,1055904,32.5,475.5,1,16299,2
1001,1055905,491.5,398.0,1,16299,3
1001,1055906,520.5,431.5,1,16299,4
1001,1055907,749.0,477.0,1,16299,5
1001,1055908,517.4583129882812,467.4583435058594,3,16299,6
1001,1055909,276.0,481.0833435058594,3,16299,7
1001,1055910,143.0,514.5,1,16299,8
1001,1055911,32.5,475.5,1,16300,0
1001,1055912,437.25,451.25,2,16300,1
1001,1055913,768.5,473.0,1,16300,2
1001,1055914,491.5,398.0,1,16301,0
1001,1055915,1005.0,471.75,2,16301,1
1001,1055916,1222.5,470.5,1,16301,2
1001,1055917,529.5833129882812,459.9166564941406,2,16301,3
1001,1055918,768.5,473.0,1,16301,4
1001,1055919,520.0,433.5,2,16301,5
1001,1055920,530.5,463.0,1,16301,6
1001,1055921,272.5,482.5,3,16301,7
1001,1055922,143.0,514.5,1,16301,8
1001,1055923,499.5,344.0,1,16301,9
1001,1055924,1005.0,471.75,2,16302,0
1001,1055925,543.75,458.0,2,16302,1
1001,1055926,749.0,477.0,1,16302,2
1001,1055927,517.4583129882812,467.4583435058594,3,16302,3
1001,1055928,276.0,481.0833435058594,2,16302,4
1001,1055929,143.0,514.5,1,16302,5
1001,1055930,491.5,398.0,2,16302,6
1001,1055931,1005.0,471.75,2,16303,0
1001,1055932,534.2999877929688,462.8000183105469,6,16303,1
1001,1055933,749.0,477.0,1,16303,2
1001,1055934,517.4583129882812,467.4583435058594,3,16303,3
1001,1055935,276.0,481.0833435058594,3,16303,4
1001,1055936,143.0,514.5,1,16303,5
1001,1055937,491.5,398.0,1,16303,6
1001,1055938,1393.449951171875,474.2749938964844,4,16304,0
1001,1055939,1648.5,478.0,1,16304,1
1001,1055940,1190.5,480.0,1,16304,2
1001,1055941,749.0,477.0,1,16304,3
1001,1055942,289.25,476.0,2,16304,4
1001,1055943,482.0,479.5,1,16304,5
1001,1055944,143.0,514.5,1,16304,6
1001,1055945,1664.3499755859375,461.125,4,16305,0
1001,1055946,749.0,477.0,1,16305,1
1001,1055947,482.0,479.5,1,16305,2
1001,1055948,276.5,483.0,1,16305,3
1001,1055949,1676.5,442.0,1,16305,4
1001,1055950,1637.875,461.25,4,16306,0
1001,1055951,749.0,477.0,1,16306,1
1001,1055952,482.0,479.5,1,16306,2
1001,1055953,276.5,483.0,1,16306,3
1001,1055954,1676.5,442.0,1,16306,4
1001,1055955,1393.449951171875,474.2749938964844,4,16307,0
1001,1055956,1648.5,478.0,1,16307,1
1001,1055957,1190.5,480.0,1,16307,2
1001,1055958,749.0,477.0,1,16307,3
1001,1055959,289.25,476.0,2,16307,4
1001,1055960,482.0,479.5,1,16307,5
1001,1055961,1206.5,475.25,2,16308,0
1001,1055962,543.75,458.0,2,16308,1
1001,1055963,749.0,477.0,1,16308,2
1001,1055964,517.4583129882812,467.4583435058594,3,16308,3
1001,1055965,276.0,481.0833435058594,2,16308,4
1001,1055966,143.0,514.5,1,16308,5
1001,1055967,491.5,398.0,2,16308,6
1001,1055968,1409.7083740234375,476.625,3,16309,0
1001,1055969,1648.5,478.0,1,16309,1
1001,1055970,1190.5,480.0,1,16309,2
1001,1055971,749.0,477.0,1,16309,3
1001,1055972,289.25,476.0,2,16309,4
1001,1055973,482.0,479.5,1,16309,5
1001,1055974,1364.9166259765625,471.0,2,16310,0
1001,1055975,1190.5,480.0,1,16310,1
1001,1055976,749.0,477.0,2,16310,2
1001,1055977,289.25,476.0,2,16310,3
1001,1055978,482.0,479.5,1,16310,4
1001,1055979,143.0,514.5,1,16310,5
1001,1055980,1441.75,483.3999938964844,4,16311,0
1001,1055981,1648.5,478.0,1,16311,1
1001,1055982,1190.5,480.0,1,16311,2
1001,1055983,749.0,477.0,1,16311,3
1001,1055984,289.25,476.0,2,16311,4
1001,1055985,482.0,479.5,1,16311,5
1001,1055986,1567.1387939453125,472.1805419921875,10,16312,0
1001,1055987,1190.5,480.0,1,16312,1
1001,1055988,749.0,477.0,1,16312,2
1001,1055989,289.25,476.0,2,16312,3
1001,1055990,482.0,479.5,1,16312,4
1001,1055991,1676.5,442.0,1,16312,5
1001,1055992,1645.0833740234375,466.3333435058594,3,16313,0
1001,1055993,749.0,477.0,1,16313,1
1001,1055994,482.0,479.5,1,16313,2
1001,1055995,276.5,483.0,1,16313,3
1001,1055996,1669.949951171875,470.75,4,16314,0
1001,1055997,749.0,477.0,1,16314,1
1001,1055998,482.0,479.5,1,16314,2
1001,1055999,1696.75,441.75,2,16314,3
1001,1056000,520.0,433.5,2,16315,0
1001,1056001,520.5416259765625,426.6666564941406,5,16315,1
1001,1056002,302.0,469.0,2,16315,2
1001,1056003,553.375,464.5416564941406,3,16315,3
1001,1056004,493.25,398.25,2,16315,4
1001,1056005,520.0,433.5,2,16316,0
1001,1056006,520.5416259765625,426.6666564941406,5,16316,1
1001,1056007,289.25,476.0,3,16316,2
1001,1056008,587.3333129882812,469.5,2,16316,3
1001,1056009,768.5,473.0,1,16316,4
1001,1056010,493.25,398.25,2,16316,5
1001,1056011,749.0,477.0,1,16317,0
1001,1056012,1470.611572265625,469.1269226074219,11,16317,1
1001,1056013,611.25,476.0,2,16317,2
1001,1056014,768.5,473.0,1,16317,3
1001,1056015,1005.0,471.75,2,16317,4
1001,1056016,517.4583129882812,467.4583435058594,4,16318,0
1001,1056017,276.0,481.0833435058594,2,16318,1
1001,1056018,143.0,514.5,1,16318,2
1001,1056019,603.6666259765625,470.6666564941406,4,16318,3
1001,1056020,768.5,473.0,1,16318,4
1001,1056021,1005.0,471.75,2,16318,5
1001,1056022,1222.5,470.5,1,16318,6
1001,1056023,520.0,433.5,2,16318,7
1001,1056024,1887.25,474.0,2,16319,0
1001,1056025,1691.25,492.25,2,16319,1
1001,1056026,1676.5,442.0,1,16319,2
1001,1056027,603.6666259765625,470.6666564941406,4,16320,0
1001,1056028,768.5,473.0,1,16320,1
1001,1056029,1005.0,471.75,2,16320,2
1001,1056030,1222.5,470.5,1,16320,3
1001,1056031,517.4583129882812,467.4583435058594,4,16320,4
1001,1056032,276.0,481.0833435058594,2,16320,5
1001,1056033,143.0,514.5,1,16320,6
1001,1056034,491.5,398.0,1,16320,7
1001,1056035,520.0,433.5,2,16320,8
1001,1056036,1887.25,474.0,2,16321,0
1001,1056037,1691.25,492.25,2,16321,1
1001,1056038,1676.5,442.0,1,16321,2
1001,1056039,517.4583129882812,467.4583435058594,4,16322,0
1001,1056040,276.0,481.0833435058594,2,16322,1
1001,1056041,143.0,514.5,1,16322,2
1001,1056042,603.6666259765625,470.6666564941406,4,16322,3
1001,1056043,768.5,473.0,1,16322,4
1001,1056044,1005.0,471.75,2,16322,5
1001,1056045,1222.5,470.5,1,16322,6
1001,1056046,491.5,398.0,1,16322,7
1001,1056047,520.0,433.5,2,16322,8
1001,1056048,1643.1875,469.4583435058594,6,16323,0
1001,1056049,1696.75,441.75,2,16323,1
1001,1056050,1887.25,474.0,2,16323,2
1001,1056051,517.4583129882812,467.4583435058594,3,16324,0
1001,1056052,276.0,481.0833435058594,3,16324,1
1001,1056053,143.0,514.5,1,16324,2
1001,1056054,534.2999877929688,462.8000183105469,6,16324,3
1001,1056055,768.5,473.0,1,16324,4
1001,1056056,1005.0,471.75,2,16324,5
1001,1056057,1222.5,470.5,1,16324,6
1001,1056058,520.0,433.5,2,16324,7
1001,1056059,276.0,481.0833435058594,3,16325,0
1001,1056060,143.0,514.5,1,16325,1
1001,1056061,523.3333129882812,463.6666564941406,3,16325,2
1001,1056062,1339.0428466796875,474.414306640625,5,16325,3
1001,1056063,534.2999877929688,462.8000183105469,5,16325,4
1001,1056064,768.5,473.0,1,16325,5
1001,1056065,1005.0,471.75,2,16325,6
1001,1056066,1648.5,478.0,1,16325,7
1001,1056067,491.5,398.0,1,16325,8
1001,1056068,520.0,433.5,2,16325,9
1001,1056069,517.4583129882812,467.4583435058594,3,16326,0
1001,1056070,1463.763916015625,465.16668701171875,9,16326,1
1001,1056071,524.0750122070312,462.2250061035156,5,16326,2
1001,1056072,768.5,473.0,1,16326,3
1001,1056073,1005.0,471.75,2,16326,4
1001,1056074,520.0,433.5,2,16326,5
1001,1056075,276.0,481.0833435058594,3,16327,0
1001,1056076,143.0,514.5,1,16327,1
1001,1056077,523.3333129882812,463.6666564941406,3,16327,2
1001,1056078,534.2999877929688,462.8000183105469,5,16327,3
1001,1056079,768.5,473.0,1,16327,4
1001,1056080,1005.0,471.75,2,16327,5
1001,1056081,1222.5,470.5,1,16327,6
1001,1056082,491.5,398.0,1,16327,7
1001,1056083,276.0,481.0833435058594,3,16328,0
1001,1056084,523.3333129882812,463.6666564941406,3,16328,1
1001,1056085,1444.3409423828125,466.9488525390625,8,16328,2
1001,1056086,534.2999877929688,462.8000183105469,5,16328,3
1001,1056087,768.5,473.0,1,16328,4
1001,1056088,1005.0,471.75,2,16328,5
1001,1056089,520.5,431.5,1,16328,6
1001,1056090,143.0,514.5,1,16329,0
1001,1056091,523.3333129882812,463.6666564941406,2,16329,1
1001,1056092,272.5,482.5,3,16329,2
1001,1056093,524.0750122070312,462.2250061035156,5,16329,3
1001,1056094,768.5,473.0,1,16329,4
1001,1056095,1005.0,471.75,2,16329,5
1001,1056096,1316.6666259765625,473.25,2,16329,6
1001,1056097,491.5,398.0,1,16329,7
1011,1055849,1339.0428466796875,474.414306640625,5,16289,0
1011,1055850,1648.5,478.0,1,16289,1
1011,1055851,749.0,477.0,3,16289,2
1011,1055852,289.25,476.0,2,16289,3
1011,1055853,482.0,479.5,1,16289,4
1011,1055854,534.2999877929688,462.8000183105469,6,16290,0
1011,1055855,768.5,473.0,1,16290,1
1011,1055856,981.5,470.0,1,16290,2
1011,1055857,491.5,398.0,1,16290,3
1011,1055858,520.0,433.5,2,16290,4
1011,1055859,749.0,477.0,1,16290,5
1011,1055860,517.4583129882812,467.4583435058594,3,16290,6
1011,1055861,276.0,481.0833435058594,3,16290,7
1011,1055862,143.0,514.5,1,16290,8
1011,1055863,437.25,451.25,2,16291,0
1011,1055864,611.25,476.0,2,16291,1
1011,1055865,768.5,473.0,1,16291,2
1011,1055866,981.5,470.0,1,16291,3
1011,1055867,32.5,475.5,1,16291,4
1011,1055868,491.5,398.0,1,16291,5
1011,1055869,533.75,442.75,2,16291,6
1011,1055870,489.0,474.75,2,16291,7
1011,1055871,276.0,481.0833435058594,2,16291,8
1011,1055872,143.0,514.5,1,16291,9
1011,1055873,1696.75,441.75,2,16292,0
1011,1055874,1665.25,466.5833435058594,4,16292,1
1011,1055875,1887.25,474.0,2,16292,2
1011,1055876,499.5,344.0,1,16293,0
1011,1055877,491.5,398.0,1,16293,1
1011,1055878,520.0,433.5,2,16293,2
1011,1055879,437.25,451.25,2,16294,0
1011,1055880,632.5,477.25,3,16294,1
1011,1055881,768.5,473.0,1,16294,2
1011,1055882,981.5,470.0,1,16294,3
1011,1055883,32.5,475.5,1,16294,4
1011,1055884,489.0,474.75,2,16294,5
1011,1055885,276.0,481.0833435058594,2,16294,6
1011,1055886,143.0,514.5,1,16294,7
1011,1055887,1594.9583740234375,493.625,3,16295,0
1011,1055888,749.0,477.0,2,16295,1
1011,1055889,534.2999877929688,462.8000183105469,6,16296,0
1011,1055890,768.5,473.0,1,16296,1
1011,1055891,981.5,470.0,1,16296,2
1011,1055892,520.0,433.5,2,16296,3
1011,1055893,749.0,477.0,1,16296,4
1011,1055894,517.4583129882812,467.4583435058594,3,16296,5
1011,1055895,276.0,481.0833435058594,3,16296,6
1011,1055896,143.0,514.5,1,16296,7
1011,1055897,555.0,351.0,1,16297,0
1011,1055898,520.0,433.5,2,16297,1
1011,1055899,1705.7916259765625,477.7083435058594,3,16298,0
1011,1055900,1887.25,474.0,2,16298,1
1011,1055901,1676.5,442.0,1,16298,2
1011,1055902,768.5,473.0,1,16299,0
1011,1055903,534.2999877929688,462.8000183105469,6,16299,1
1011,1055904,32.5,475.5,1,16299,2
1011,1055905,491.5,398.0,1,16299,3
1011,1055906,520.5,431.5,1,16299,4
1011,1055907,749.0,477.0,1,16299,5
1011,1055908,517.4583129882812,467.4583435058594,3,16299,6
1011,1055909,276.0,481.0833435058594,3,16299,7
1011,1055910,143.0,514.5,1,16299,8
1011,1055911,32.5,475.5,1,16300,0
1011,1055912,437.25,451.25,2,16300,1
1011,1055913,768.5,473.0,1,16300,2
1011,1055914,491.5,398.0,1,16301,0
1011,1055915,1005.0,471.75,2,16301,1
1011,1055916,1222.5,470.5,1,16301,2
1011,1055917,529.5833129882812,459.9166564941406,2,16301,3
1011,1055918,768.5,473.0,1,16301,4
1011,1055919,520.0,433.5,2,16301,5
1011,1055920,530.5,463.0,1,16301,6
1011,1055921,272.5,482.5,3,16301,7
1011,1055922,143.0,514.5,1,16301,8
1011,1055923,499.5,344.0,1,16301,9
1011,1055924,1005.0,471.75,2,16302,0
1011,1055925,543.75,458.0,2,16302,1
1011,1055926,749.0,477.0,1,16302,2
1011,1055927,517.4583129882812,467.4583435058594,3,16302,3
1011,1055928,276.0,481.0833435058594,2,16302,4
1011,1055929,143.0,514.5,1,16302,5
1011,1055930,491.5,398.0,2,16302,6
1011,1055931,1005.0,471.75,2,16303,0
1011,1055932,534.2999877929688,462.8000183105469,6,16303,1
1011,1055933,749.0,477.0,1,16303,2
1011,1055934,517.4583129882812,467.4583435058594,3,16303,3
1011,1055935,276.0,481.0833435058594,3,16303,4
1011,1055936,143.0,514.5,1,16303,5
1011,1055937,491.5,398.0,1,16303,6
1011,1055938,1393.449951171875,474.2749938964844,4,16304,0
1011,1055939,1648.5,478.0,1,16304,1
1011,1055940,1190.5,480.0,1,16304,2
1011,1055941,749.0,477.0,2,16304,3
1011,1055942,289.25,476.0,2,16304,4
1011,1055943,482.0,479.5,1,16304,5
1011,1055944,143.0,514.5,1,16304,6
1011,1055945,1664.3499755859375,461.125,4,16305,0
1011,1055946,749.0,477.0,1,16305,1
1011,1055947,482.0,479.5,1,16305,2
1011,1055948,276.5,483.0,1,16305,3
1011,1055949,1676.5,442.0,1,16305,4
1011,1055950,1637.875,461.25,4,16306,0
1011,1055951,749.0,477.0,1,16306,1
1011,1055952,482.0,479.5,1,16306,2
1011,1055953,276.5,483.0,1,16306,3
1011,1055954,1676.5,442.0,1,16306,4
1011,1055955,1393.449951171875,474.2749938964844,4,16307,0
1011,1055956,1648.5,478.0,1,16307,1
1011,1055957,1190.5,480.0,1,16307,2
1011,1055958,749.0,477.0,2,16307,3
1011,1055959,289.25,476.0,2,16307,4
1011,1055960,482.0,479.5,1,16307,5
1011,1055961,1206.5,475.25,2,16308,0
1011,1055962,543.75,458.0,2,16308,1
1011,1055963,749.0,477.0,1,16308,2
1011,1055964,517.4583129882812,467.4583435058594,3,16308,3
1011,1055965,276.0,481.0833435058594,2,16308,4
1011,1055966,143.0,514.5,1,16308,5
1011,1055967,491.5,398.0,2,16308,6
1011,1055968,1409.7083740234375,476.625,3,16309,0
1011,1055969,1648.5,478.0,1,16309,1
1011,1055970,1190.5,480.0,1,16309,2
1011,1055971,749.0,477.0,2,16309,3
1011,1055972,289.25,476.0,2,16309,4
1011,1055973,482.0,479.5,1,16309,5
1011,1055974,1364.9166259765625,471.0,2,16310,0
1011,1055975,1190.5,480.0,1,16310,1
1011,1055976,749.0,477.0,2,16310,2
1011,1055977,289.25,476.0,2,16310,3
1011,1055978,482.0,479.5,1,16310,4
1011,1055979,143.0,514.5,1,16310,5
1011,1055980,1441.75,483.3999938964844,4,16311,0
1011,1055981,1648.5,478.0,1,16311,1
1011,1055982,1190.5,480.0,1,16311,2
1011,1055983,749.0,477.0,2,16311,3
1011,1055984,289.25,476.0,2,16311,4
1011,1055985,482.0,479.5,1,16311,5
1011,1055986,1567.1387939453125,472.1805419921875,10,16312,0
1011,1055987,1190.5,480.0,1,16312,1
1011,1055988,749.0,477.0,1,16312,2
1011,1055989,289.25,476.0,2,16312,3
1011,1055990,482.0,479.5,1,16312,4
1011,1055991,1676.5,442.0,1,16312,5
1011,1055992,1645.0833740234375,466.3333435058594,3,16313,0
1011,1055993,749.0,477.0,2,16313,1
1011,1055994,482.0,479.5,1,16313,2
1011,1055995,276.5,483.0,1,16313,3
1011,1055996,1669.949951171875,470.75,4,16314,0
1011,1055997,749.0,477.0,1,16314,1
1011,1055998,482.0,479.5,1,16314,2
1011,1055999,1696.75,441.75,2,16314,3
1011,1056000,520.0,433.5,2,16315,0
1011,1056001,520.5416259765625,426.6666564941406,5,16315,1
1011,1056002,302.0,469.0,2,16315,2
1011,1056003,553.375,464.5416564941406,3,16315,3
1011,1056004,493.25,398.25,2,16315,4
1011,1056005,520.0,433.5,2,16316,0
1011,1056006,520.5416259765625,426.6666564941406,5,16316,1
1011,1056007,289.25,476.0,3,16316,2
1011,1056008,587.3333129882812,469.5,2,16316,3
1011,1056009,768.5,473.0,1,16316,4
1011,1056010,493.25,398.25,2,16316,5
1011,1056011,749.0,477.0,1,16317,0
1011,1056012,1470.611572265625,469.1269226074219,11,16317,1
1011,1056013,611.25,476.0,2,16317,2
1011,1056014,768.5,473.0,1,16317,3
1011,1056015,1005.0,471.75,2,16317,4
1011,1056016,517.4583129882812,467.4583435058594,4,16318,0
1011,1056017,276.0,481.0833435058594,2,16318,1
1011,1056018,143.0,514.5,1,16318,2
1011,1056019,603.6666259765625,470.6666564941406,4,16318,3
1011,1056020,768.5,473.0,1,16318,4
1011,1056021,1005.0,471.75,2,16318,5
1011,1056022,1222.5,470.5,1,16318,6
1011,1056023,520.0,433.5,2,16318,7
1011,1056024,1887.25,474.0,2,16319,0
1011,1056025,1691.25,492.25,2,16319,1
1011,1056026,1676.5,442.0,1,16319,2
1011,1056027,603.6666259765625,470.6666564941406,4,16320,0
1011,1056028,768.5,473.0,1,16320,1
1011,1056029,1005.0,471.75,2,16320,2
1011,1056030,1222.5,470.5,1,16320,3
1011,1056031,517.4583129882812,467.4583435058594,4,16320,4
1011,1056032,276.0,481.0833435058594,2,16320,5
1011,1056033,143.0,514.5,1,16320,6
1011,1056034,491.5,398.0,1,16320,7
1011,1056035,520.0,433.5,2,16320,8
1011,1056036,1887.25,474.0,2,16321,0
1011,1056037,1691.25,492.25,2,16321,1
1011,1056038,1676.5,442.0,1,16321,2
1011,1056039,517.4583129882812,467.4583435058594,4,16322,0
1011,1056040,276.0,481.0833435058594,2,16322,1
1011,1056041,143.0,514.5,1,16322,2
1011,1056042,603.6666259765625,470.6666564941406,4,16322,3
1011,1056043,768.5,473.0,1,16322,4
1011,1056044,1005.0,471.75,2,16322,5
1011,1056045,1222.5,470.5,1,16322,6
1011,1056046,491.5,398.0,1,16322,7
1011,1056047,520.0,433.5,2,16322,8
1011,1056048,1643.1875,469.4583435058594,6,16323,0
1011,1056049,1696.75,441.75,2,16323,1
1011,1056050,1887.25,474.0,2,16323,2
1011,1056051,517.4583129882812,467.4583435058594,3,16324,0
1011,1056052,276.0,481.0833435058594,3,16324,1
1011,1056053,143.0,514.5,1,16324,2
1011,1056054,534.2999877929688,462.8000183105469,6,16324,3
1011,1056055,768.5,473.0,1,16324,4
1011,1056056,1005.0,471.75,2,16324,5
1011,1056057,1222.5,470.5,1,16324,6
1011,1056058,520.0,433.5,2,16324,7
1011,1056059,276.0,481.0833435058594,3,16325,0
1011,1056060,143.0,514.5,1,16325,1
1011,1056061,523.3333129882812,463.6666564941406,3,16325,2
1011,1056062,1339.0428466796875,474.414306640625,5,16325,3
1011,1056063,534.2999877929688,462.8000183105469,5,16325,4
1011,1056064,768.5,473.0,1,16325,5
1011,1056065,1005.0,471.75,2,16325,6
1011,1056066,1648.5,478.0,1,16325,7
1011,1056067,491.5,398.0,1,16325,8
1011,1056068,520.0,433.5,2,16325,9
1011,1056069,517.4583129882812,467.4583435058594,3,16326,0
1011,1056070,1463.763916015625,465.16668701171875,9,16326,1
1011,1056071,524.0750122070312,462.2250061035156,5,16326,2
1011,1056072,768.5,473.0,1,16326,3
1011,1056073,1005.0,471.75,2,16326,4
1011,1056074,520.0,433.5,2,16326,5
1011,1056075,276.0,481.0833435058594,3,16327,0
1011,1056076,143.0,514.5,1,16327,1
1011,1056077,523.3333129882812,463.6666564941406,3,16327,2
1011,1056078,534.2999877929688,462.8000183105469,5,16327,3
1011,1056079,768.5,473.0,1,16327,4
1011,1056080,1005.0,471.75,2,16327,5
1011,1056081,1222.5,470.5,1,16327,6
1011,1056082,491.5,398.0,1,16327,7
1011,1056083,276.0,481.0833435058594,3,16328,0
1011,1056084,523.3333129882812,463.6666564941406,3,16328,1
1011,1056085,1444.3409423828125,466.9488525390625,8,16328,2
1011,1056086,534.2999877929688,462.8000183105469,5,16328,3
1011,1056087,768.5,473.0,1,16328,4
1011,1056088,1005.0,471.75,2,16328,5
1011,1056089,520.5,431.5,1,16328,6
1011,1056090,143.0,514.5,1,16329,0
1011,1056091,523.3333129882812,463.6666564941406,2,16329,1
1011,1056092,272.5,482.5,3,16329,2
1011,1056093,524.0750122070312,462.2250061035156,5,16329,3
1011,1056094,768.5,473.0,1,16329,4
1011,1056095,1005.0,471.75,2,16329,5
1011,1056096,1316.6666259765625,473.25,2,16329,6
1011,1056097,491.5,398.0,1,16329,7
1021,1055849,1339.0428466796875,474.414306640625,5,16289,0
1021,1055850,1648.5,478.0,1,16289,1
1021,1055851,749.0,477.0,3,16289,2
1021,1055852,289.25,476.0,2,16289,3
1021,1055853,482.0,479.5,1,16289,4
1021,1055854,534.2999877929688,462.8000183105469,6,16290,0
1021,1055855,768.5,473.0,1,16290,1
1021,1055856,981.5,470.0,1,16290,2
1021,1055857,491.5,398.0,1,16290,3
1021,1055858,520.0,433.5,2,16290,4
1021,1055859,749.0,477.0,1,16290,5
1021,1055860,517.4583129882812,467.4583435058594,3,16290,6
1021,1055861,276.0,481.0833435058594,3,16290,7
1021,1055862,143.0,514.5,1,16290,8
1021,1055863,437.25,451.25,2,16291,0
1021,1055864,611.25,476.0,2,16291,1
1021,1055865,768.5,473.0,1,16291,2
1021,1055866,981.5,470.0,1,16291,3
1021,1055867,32.5,475.5,1,16291,4
1021,1055868,491.5,398.0,1,16291,5
1021,1055869,533.75,442.75,2,16291,6
1021,1055870,489.0,474.75,2,16291,7
1021,1055871,276.0,481.0833435058594,2,16291,8
1021,1055872,143.0,514.5,1,16291,9
1021,1055873,1696.75,441.75,2,16292,0
1021,1055874,1665.25,466.5833435058594,4,16292,1
1021,1055875,1887.25,474.0,2,16292,2
1021,1055876,499.5,344.0,1,16293,0
1021,1055877,491.5,398.0,1,16293,1
1021,1055878,520.0,433.5,2,16293,2
1021,1055879,437.25,451.25,2,16294,0
1021,1055880,632.5,477.25,3,16294,1
1021,1055881,768.5,473.0,1,16294,2
1021,1055882,981.5,470.0,1,16294,3
1021,1055883,32.5,475.5,1,16294,4
1021,1055884,489.0,474.75,2,16294,5
1021,1055885,276.0,481.0833435058594,2,16294,6
1021,1055886,143.0,514.5,1,16294,7
1021,1055887,1594.9583740234375,493.625,3,16295,0
1021,1055888,749.0,477.0,2,16295,1
1021,1055889,534.2999877929688,462.8000183105469,6,16296,0
1021,1055890,768.5,473.0,1,16296,1
1021,1055891,981.5,470.0,1,16296,2
1021,1055892,520.0,433.5,2,16296,3
1021,1055893,749.0,477.0,1,16296,4
1021,1055894,517.4583129882812,467.4583435058594,3,16296,5
1021,1055895,276.0,481.0833435058594,3,16296,6
1021,1055896,143.0,514.5,1,16296,7
1021,1055897,555.0,351.0,1,16297,0
1021,1055898,520.0,433.5,2,16297,1
1021,1055899,1705.7916259765625,477.7083435058594,3,16298,0
1021,1055900,1887.25,474.0,2,16298,1
1021,1055901,1676.5,442.0,1,16298,2
1021,1055902,768.5,473.0,1,16299,0
1021,1055903,534.2999877929688,462.8000183105469,6,16299,1
1021,1055904,32.5,475.5,1,16299,2
1021,1055905,491.5,398.0,1,16299,3
1021,1055906,520.5,431.5,1,16299,4
1021,1055907,749.0,477.0,1,16299,5
1021,1055908,517.4583129882812,467.4583435058594,3,16299,6
1021,1055909,276.0,481.0833435058594,3,16299,7
1021,1055910,143.0,514.5,1,16299,8
1021,1055911,32.5,475.5,1,16300,0
1021,1055912,437.25,451.25,2,16300,1
1021,1055913,768.5,473.0,1,16300,2
1021,1055914,491.5,398.0,1,16301,0
1021,1055915,1005.0,471.75,2,16301,1
1021,1055916,1222.5,470.5,1,16301,2
1021,1055917,529.5833129882812,459.9166564941406,2,16301,3
1021,1055918,768.5,473.0,1,16301,4
1021,1055919,520.0,433.5,2,16301,5
1021,1055920,530.5,463.0,1,16301,6
1021,1055921,272.5,482.5,3,16301,7
1021,1055922,143.0,514.5,1,16301,8
1021,1055923,499.5,344.0,1,16301,9
1021,1055924,1005.0,471.75,2,16302,0
1021,1055925,543.75,458.0,2,16302,1
1021,1055926,749.0,477.0,1,16302,2
1021,1055927,517.4583129882812,467.4583435058594,3,16302,3
1021,1055928,276.0,481.0833435058594,2,16302,4
1021,1055929,143.0,514.5,1,16302,5
1021,1055930,491.5,398.0,2,16302,6
1021,1055931,1005.0,471.75,2,16303,0
1021,1055932,534.2999877929688,462.8000183105469,6,16303,1
1021,1055933,749.0,477.0,1,16303,2
1021,1055934,517.4583129882812,467.4583435058594,3,16303,3
1021,1055935,276.0,481.0833435058594,3,16303,4
1021,1055936,143.0,514.5,1,16303,5
1021,1055937,491.5,398.0,1,16303,6
1021,1055938,1393.449951171875,474.2749938964844,4,16304,0
1021,1055939,1648.5,478.0,1,16304,1
1021,1055940,1190.5,480.0,1,16304,2
1021,1055941,749.0,477.0,2,16304,3
1021,1055942,289.25,476.0,2,16304,4
1021,1055943,482.0,479.5,1,16304,5
1021,1055944,143.0,514.5,1,16304,6
1021,1055945,1664.3499755859375,461.125,4,16305,0
1021,1055946,749.0,477.0,1,16305,1
1021,1055947,482.0,479.5,1,16305,2
1021,1055948,276.5,483.0,1,16305,3
1021,1055949,1676.5,442.0,1,16305,4
1021,1055950,1637.875,461.25,4,16306,0
1021,1055951,749.0,477.0,1,16306,1
1021,1055952,482.0,479.5,1,16306,2
1021,1055953,276.5,483.0,1,16306,3
1021,1055954,1676.5,442.0,1,16306,4
1021,1055955,1393.449951171875,474.2749938964844,4,16307,0
1021,1055956,1648.5,478.0,1,16307,1
1021,1055957,1190.5,480.0,1,16307,2
1021,1055958,749.0,477.0,2,16307,3
1021,1055959,289.25,476.0,2,16307,4
1021,1055960,482.0,479.5,1,16307,5
1021,1055961,1206.5,475.25,2,16308,0
1021,1055962,543.75,458.0,2,16308,1
1021,1055963,749.0,477.0,1,16308,2
1021,1055964,517.4583129882812,467.4583435058594,3,16308,3
1021,1055965,276.0,481.0833435058594,2,16308,4
1021,1055966,143.0,514.5,1,16308,5
1021,1055967,491.5,398.0,2,16308,6
1021,1055968,1409.7083740234375,476.625,3,16309,0
1021,1055969,1648.5,478.0,1,16309,1
1021,1055970,1190.5,480.0,1,16309,2
1021,1055971,749.0,477.0,2,16309,3
1021,1055972,289.25,476.0,2,16309,4
1021,1055973,482.0,479.5,1,16309,5
1021,1055974,1364.9166259765625,471.0,2,16310,0
1021,1055975,1190.5,480.0,1,16310,1
1021,1055976,749.0,477.0,2,16310,2
1021,1055977,289.25,476.0,2,16310,3
1021,1055978,482.0,479.5,1,16310,4
1021,1055979,143.0,514.5,1,16310,5
1021,1055980,1441.75,483.3999938964844,4,16311,0
1021,1055981,1648.5,478.0,1,16311,1
1021,1055982,1190.5,480.0,1,16311,2
1021,1055983,749.0,477.0,2,16311,3
1021,1055984,289.25,476.0,2,16311,4
1021,1055985,482.0,479.5,1,16311,5
1021,1055986,1567.1387939453125,472.1805419921875,10,16312,0
1021,1055987,1190.5,480.0,1,16312,1
1021,1055988,749.0,477.0,1,16312,2
1021,1055989,289.25,476.0,2,16312,3
1021,1055990,482.0,479.5,1,16312,4
1021,1055991,1676.5,442.0,1,16312,5
1021,1055992,1645.0833740234375,466.3333435058594,3,16313,0
1021,1055993,749.0,477.0,2,16313,1
1021,1055994,482.0,479.5,1,16313,2
1021,1055995,276.5,483.0,1,16313,3
1021,1055996,1669.949951171875,470.75,4,16314,0
1021,1055997,749.0,477.0,1,16314,1
1021,1055998,482.0,479.5,1,16314,2
1021,1055999,1696.75,441.75,2,16314,3
1021,1056000,520.0,433.5,2,16315,0
1021,1056001,520.5416259765625,426.6666564941406,5,16315,1
1021,1056002,302.0,469.0,2,16315,2
1021,1056003,553.375,464.5416564941406,3,16315,3
1021,1056004,493.25,398.25,2,16315,4
1021,1056005,520.0,433.5,2,16316,0
1021,1056006,520.5416259765625,426.6666564941406,5,16316,1
1021,1056007,289.25,476.0,3,16316,2
1021,1056008,587.3333129882812,469.5,2,16316,3
1021,1056009,768.5,473.0,1,16316,4
1021,1056010,493.25,398.25,2,16316,5
1021,1056011,749.0,477.0,1,16317,0
1021,1056012,1470.611572265625,469.1269226074219,11,16317,1
1021,1056013,611.25,476.0,2,16317,2
1021,1056014,768.5,473.0,1,16317,3
1021,1056015,1005.0,471.75,2,16317,4
1021,1056016,517.4583129882812,467.4583435058594,4,16318,0
1021,1056017,276.0,481.0833435058594,2,16318,1
1021,1056018,143.0,514.5,1,16318,2
1021,1056019,603.6666259765625,470.6666564941406,4,16318,3
1021,1056020,768.5,473.0,1,16318,4
1021,1056021,1005.0,471.75,2,16318,5
1021,1056022,1222.5,470.5,1,16318,6
1021,1056023,520.0,433.5,2,16318,7
1021,1056024,1887.25,474.0,2,16319,0
1021,1056025,1691.25,492.25,2,16319,1
1021,1056026,1676.5,442.0,1,16319,2
1021,1056027,603.6666259765625,470.6666564941406,4,16320,0
1021,1056028,768.5,473.0,1,16320,1
1021,1056029,1005.0,471.75,2,16320,2
1021,1056030,1222.5,470.5,1,16320,3
1021,1056031,517.4583129882812,467.4583435058594,4,16320,4
1021,1056032,276.0,481.0833435058594,2,16320,5
1021,1056033,143.0,514.5,1,16320,6
1021,1056034,491.5,398.0,1,16320,7
1021,1056035,520.0,433.5,2,16320,8
1021,1056036,1887.25,474.0,2,16321,0
1021,1056037,1691.25,492.25,2,16321,1
1021,1056038,1676.5,442.0,1,16321,2
1021,1056039,517.4583129882812,467.4583435058594,4,16322,0
1021,1056040,276.0,481.0833435058594,2,16322,1
1021,1056041,143.0,514.5,1,16322,2
1021,1056042,603.6666259765625,470.6666564941406,4,16322,3
1021,1056043,768.5,473.0,1,16322,4
1021,1056044,1005.0,471.75,2,16322,5
1021,1056045,1222.5,470.5,1,16322,6
1021,1056046,491.5,398.0,1,16322,7
1021,1056047,520.0,433.5,2,16322,8
1021,1056048,1643.1875,469.4583435058594,6,16323,0
1021,1056049,1696.75,441.75,2,16323,1
1021,1056050,1887.25,474.0,2,16323,2
1021,1056051,517.4583129882812,467.4583435058594,3,16324,0
1021,1056052,276.0,481.0833435058594,3,16324,1
1021,1056053,143.0,514.5,1,16324,2
1021,1056054,534.2999877929688,462.8000183105469,6,16324,3
1021,1056055,768.5,473.0,1,16324,4
1021,1056056,1005.0,471.75,2,16324,5
1021,1056057,1222.5,470.5,1,16324,6
1021,1056058,520.0,433.5,2,16324,7
1021,1056059,276.0,481.0833435058594,3,16325,0
1021,1056060,143.0,514.5,1,16325,1
1021,1056061,523.3333129882812,463.6666564941406,3,16325,2
1021,1056062,1339.0428466796875,474.414306640625,5,16325,3
1021,1056063,534.2999877929688,462.8000183105469,5,16325,4
1021,1056064,768.5,473.0,1,16325,5
1021,1056065,1005.0,471.75,2,16325,6
1021,1056066,1648.5,478.0,1,16325,7
1021,1056067,491.5,398.0,1,16325,8
1021,1056068,520.0,433.5,2,16325,9
1021,1056069,517.4583129882812,467.4583435058594,3,16326,0
1021,1056070,1463.763916015625,465.16668701171875,9,16326,1
1021,1056071,524.0750122070312,462.2250061035156,5,16326,2
1021,1056072,768.5,473.0,1,16326,3
1021,1056073,1005.0,471.75,2,16326,4
1021,1056074,520.0,433.5,2,16326,5
1021,1056075,276.0,481.0833435058594,3,16327,0
1021,1056076,143.0,514.5,1,16327,1
1021,1056077,523.3333129882812,463.6666564941406,3,16327,2
1021,1056078,534.2999877929688,462.8000183105469,5,16327,3
1021,1056079,768.5,473.0,1,16327,4
1021,1056080,1005.0,471.75,2,16327,5
1021,1056081,1222.5,470.5,1,16327,6
1021,1056082,491.5,398.0,1,16327,7
1021,1056083,276.0,481.0833435058594,3,16328,0
1021,1056084,523.3333129882812,463.6666564941406,3,16328,1
1021,1056085,1444.3409423828125,466.9488525390625,8,16328,2
1021,1056086,534.2999877929688,462.8000183105469,5,16328,3
1021,1056087,768.5,473.0,1,16328,4
1021,1056088,1005.0,471.75,2,16328,5
1021,1056089,520.5,431.5,1,16328,6
1021,1056090,143.0,514.5,1,16329,0
1021,1056091,523.3333129882812,463.6666564941406,2,16329,1
1021,1056092,272.5,482.5,3,16329,2
1021,1056093,524.0750122070312,462.2250061035156,5,16329,3
1021,1056094,768.5,473.0,2,16329,4
1021,1056095,1005.0,471.75,2,16329,5
1021,1056096,1316.6666259765625,473.25,2,16329,6
1021,1056097,491.5,398.0,1,16329,7
1031,1055849,1339.0428466796875,474.414306640625,5,16289,0
1031,1055850,1648.5,478.0,1,16289,1
1031,1055851,749.0,477.0,3,16289,2
1031,1055852,289.25,476.0,2,16289,3
1031,1055853,482.0,479.5,1,16289,4
1031,1055854,534.2999877929688,462.8000183105469,6,16290,0
1031,1055855,768.5,473.0,1,16290,1
1031,1055856,981.5,470.0,1,16290,2
1031,1055857,491.5,398.0,1,16290,3
1031,1055858,520.0,433.5,2,16290,4
1031,1055859,749.0,477.0,1,16290,5
1031,1055860,517.4583129882812,467.4583435058594,3,16290,6
1031,1055861,276.0,481.0833435058594,3,16290,7
1031,1055862,143.0,514.5,1,16290,8
1031,1055863,437.25,451.25,2,16291,0
1031,1055864,611.25,476.0,2,16291,1
1031,1055865,768.5,473.0,1,16291,2
1031,1055866,981.5,470.0,1,16291,3
1031,1055867,32.5,475.5,1,16291,4
1031,1055868,491.5,398.0,1,16291,5
1031,1055869,533.75,442.75,2,16291,6
1031,1055870,489.0,474.75,2,16291,7
1031,1055871,276.0,481.0833435058594,2,16291,8
1031,1055872,143.0,514.5,1,16291,9
1031,1055873,1696.75,441.75,2,16292,0
1031,1055874,1665.25,466.5833435058594,4,16292,1
1031,1055875,1887.25,474.0,2,16292,2
1031,1055876,499.5,344.0,1,16293,0
1031,1055877,491.5,398.0,1,16293,1
1031,1055878,520.0,433.5,2,16293,2
1031,1055879,437.25,451.25,2,16294,0
1031,1055880,632.5,477.25,3,16294,1
1031,1055881,768.5,473.0,1,16294,2
1031,1055882,981.5,470.0,1,16294,3
1031,1055883,32.5,475.5,1,16294,4
1031,1055884,489.0,474.75,2,16294,5
1031,1055885,276.0,481.0833435058594,2,16294,6
1031,1055886,143.0,514.5,1,16294,7
1031,1055887,1594.9583740234375,493.625,3,16295,0
1031,1055888,749.0,477.0,2,16295,1
1031,1055889,534.2999877929688,462.8000183105469,6,16296,0
1031,1055890,768.5,473.0,1,16296,1
1031,1055891,981.5,470.0,1,16296,2
1031,1055892,520.0,433.5,2,16296,3
1031,1055893,749.0,477.0,1,16296,4
1031,1055894,517.4583129882812,467.4583435058594,3,16296,5
1031,1055895,276.0,481.0833435058594,3,16296,6
1031,1055896,143.0,514.5,1,16296,7
1031,1055897,555.0,351.0,1,16297,0
1031,1055898,520.0,433.5,2,16297,1
1031,1055899,1705.7916259765625,477.7083435058594,3,16298,0
1031,1055900,1887.25,474.0,2,16298,1
1031,1055901,1676.5,442.0,1,16298,2
1031,1055902,768.5,473.0,1,16299,0
1031,1055903,534.2999877929688,462.8000183105469,6,16299,1
1031,1055904,32.5,475.5,1,16299,2
1031,1055905,491.5,398.0,1,16299,3
1031,1055906,520.5,431.5,1,16299,4
1031,1055907,749.0,477.0,1,16299,5
1031,1055908,517.4583129882812,467.4583435058594,3,16299,6
1031,1055909,276.0,481.0833435058594,3,16299,7
1031,1055910,143.0,514.5,1,16299,8
1031,1055911,32.5,475.5,1,16300,0
1031,1055912,437.25,451.25,2,16300,1
1031,1055913,768.5,473.0,1,16300,2
1031,1055914,491.5,398.0,1,16301,0
1031,1055915,1005.0,471.75,2,16301,1
1031,1055916,1222.5,470.5,1,16301,2
1031,1055917,529.5833129882812,459.9166564941406,2,16301,3
1031,1055918,768.5,473.0,1,16301,4
1031,1055919,520.0,433.5,2,16301,5
1031,1055920,530.5,463.0,1,16301,6
1031,1055921,272.5,482.5,3,16301,7
1031,1055922,143.0,514.5,1,16301,8
1031,1055923,499.5,344.0,1,16301,9
1031,1055924,1005.0,471.75,2,16302,0
1031,1055925,543.75,458.0,2,16302,1
1031,1055926,749.0,477.0,1,16302,2
1031,1055927,517.4583129882812,467.4583435058594,3,16302,3
1031,1055928,276.0,481.0833435058594,2,16302,4
1031,1055929,143.0,514.5,1,16302,5
1031,1055930,491.5,398.0,2,16302,6
1031,1055931,1005.0,471.75,2,16303,0
1031,1055932,534.2999877929688,462.8000183105469,6,16303,1
1031,1055933,749.0,477.0,1,16303,2
1031,1055934,517.4583129882812,467.4583435058594,3,16303,3
1031,1055935,276.0,481.0833435058594,3,16303,4
1031,1055936,143.0,514.5,1,16303,5
1031,1055937,491.5,398.0,1,16303,6
1031,1055938,1393.449951171875,474.2749938964844,4,16304,0
1031,1055939,1648.5,478.0,1,16304,1
1031,1055940,1190.5,480.0,1,16304,2
1031,1055941,749.0,477.0,2,16304,3
1031,1055942,289.25,476.0,2,16304,4
1031,1055943,482.0,479.5,1,16304,5
1031,1055944,143.0,514.5,1,16304,6
1031,1055945,1664.3499755859375,461.125,4,16305,0
1031,1055946,749.0,477.0,1,16305,1
1031,1055947,482.0,479.5,1,16305,2
1031,1055948,276.5,483.0,1,16305,3
1031,1055949,1676.5,442.0,1,16305,4
1031,1055950,1637.875,461.25,4,16306,0
1031,1055951,749.0,477.0,1,16306,1
1031,1055952,482.0,479.5,1,16306,2
1031,1055953,276.5,483.0,1,16306,3
1031,1055954,1676.5,442.0,1,16306,4
1031,1055955,1393.449951171875,474.2749938964844,4,16307,0
1031,1055956,1648.5,478.0,1,16307,1
1031,1055957,1190.5,480.0,1,16307,2
1031,1055958,749.0,477.0,2,16307,3
1031,1055959,289.25,476.0,2,16307,4
1031,1055960,482.0,479.5,1,16307,5
1031,1055961,1206.5,475.25,2,16308,0
1031,1055962,543.75,458.0,2,16308,1
1031,1055963,749.0,477.0,1,16308,2
1031,1055964,517.4583129882812,467.4583435058594,3,16308,3
1031,1055965,276.0,481.0833435058594,2,16308,4
1031,1055966,143.0,514.5,1,16308,5
1031,1055967,491.5,398.0,2,16308,6
1031,1055968,1409.7083740234375,476.625,3,16309,0
1031,1055969,1648.5,478.0,1,16309,1
1031,1055970,1190.5,480.0,1,16309,2
1031,1055971,749.0,477.0,2,16309,3
1031,1055972,289.25,476.0,2,16309,4
1031,1055973,482.0,479.5,1,16309,5
1031,1055974,1364.9166259765625,471.0,2,16310,0
1031,1055975,1190.5,480.0,1,16310,1
1031,1055976,749.0,477.0,2,16310,2
1031,1055977,289.25,476.0,2,16310,3
1031,1055978,482.0,479.5,1,16310,4
1031,1055979,143.0,514.5,1,16310,5
1031,1055980,1441.75,483.3999938964844,4,16311,0
1031,1055981,1648.5,478.0,1,16311,1
1031,1055982,1190.5,480.0,1,16311,2
1031,1055983,749.0,477.0,2,16311,3
1031,1055984,289.25,476.0,2,16311,4
1031,1055985,482.0,479.5,1,16311,5
1031,1055986,1567.1387939453125,472.1805419921875,10,16312,0
1031,1055987,1190.5,480.0,1,16312,1
1031,1055988,749.0,477.0,1,16312,2
1031,1055989,289.25,476.0,2,16312,3
1031,1055990,482.0,479.5,1,16312,4
1031,1055991,1676.5,442.0,1,16312,5
1031,1055992,1645.0833740234375,466.3333435058594,3,16313,0
1031,1055993,749.0,477.0,2,16313,1
1031,1055994,482.0,479.5,1,16313,2
1031,1055995,276.5,483.0,1,16313,3
1031,1055996,1669.949951171875,470.75,4,16314,0
1031,1055997,749.0,477.0,1,16314,1
1031,1055998,482.0,479.5,1,16314,2
1031,1055999,1696.75,441.75,2,16314,3
1031,1056000,520.0,433.5,2,16315,0
1031,1056001,520.5416259765625,426.6666564941406,5,16315,1
1031,1056002,302.0,469.0,2,16315,2
1031,1056003,553.375,464.5416564941406,3,16315,3
1031,1056004,493.25,398.25,2,16315,4
1031,1056005,520.0,433.5,2,16316,0
1031,1056006,520.5416259765625,426.6666564941406,5,16316,1
1031,1056007,289.25,476.0,3,16316,2
1031,1056008,587.3333129882812,469.5,2,16316,3
1031,1056009,768.5,473.0,1,16316,4
1031,1056010,493.25,398.25,2,16316,5
1031,1056011,749.0,477.0,1,16317,0
1031,1056012,1470.611572265625,469.1269226074219,11,16317,1
1031,1056013,611.25,476.0,2,16317,2
1031,1056014,768.5,473.0,1,16317,3
1031,1056015,1005.0,471.75,2,16317,4
1031,1056016,517.4583129882812,467.4583435058594,4,16318,0
1031,1056017,276.0,481.0833435058594,2,16318,1
1031,1056018,143.0,514.5,1,16318,2
1031,1056019,603.6666259765625,470.6666564941406,4,16318,3
1031,1056020,768.5,473.0,1,16318,4
1031,1056021,1005.0,471.75,2,16318,5
1031,1056022,1222.5,470.5,1,16318,6
1031,1056023,520.0,433.5,2,16318,7
1031,1056024,1887.25,474.0,2,16319,0
1031,1056025,1691.25,492.25,2,16319,1
1031,1056026,1676.5,442.0,1,16319,2
1031,1056027,603.6666259765625,470.6666564941406,4,16320,0
1031,1056028,768.5,473.0,1,16320,1
1031,1056029,1005.0,471.75,2,16320,2
1031,1056030,1222.5,470.5,1,16320,3
1031,1056031,517.4583129882812,467.4583435058594,4,16320,4
1031,1056032,276.0,481.0833435058594,2,16320,5
1031,1056033,143.0,514.5,1,16320,6
1031,1056034,491.5,398.0,1,16320,7
1031,1056035,520.0,433.5,2,16320,8
1031,1056036,1887.25,474.0,2,16321,0
1031,1056037,1691.25,492.25,2,16321,1
1031,1056038,1676.5,442.0,1,16321,2
1031,1056039,517.4583129882812,467.4583435058594,4,16322,0
1031,1056040,276.0,481.0833435058594,2,16322,1
1031,1056041,143.0,514.5,1,16322,2
1031,1056042,603.6666259765625,470.6666564941406,4,16322,3
1031,1056043,768.5,473.0,1,16322,4
1031,1056044,1005.0,471.75,2,16322,5
1031,1056045,1222.5,470.5,1,16322,6
1031,1056046,491.5,398.0,1,16322,7
1031,1056047,520.0,433.5,2,16322,8
1031,1056048,1643.1875,469.4583435058594,6,16323,0
1031,1056049,1696.75,441.75,2,16323,1
1031,1056050,1887.25,474.0,2,16323,2
1031,1056051,517.4583129882812,467.4583435058594,3,16324,0
1031,1056052,276.0,481.0833435058594,3,16324,1
1031,1056053,143.0,514.5,1,16324,2
1031,1056054,534.2999877929688,462.8000183105469,6,16324,3
1031,1056055,768.5,473.0,1,16324,4
1031,1056056,1005.0,471.75,2,16324,5
1031,1056057,1222.5,470.5,1,16324,6
1031,1056058,520.0,433.5,2,16324,7
1031,1056059,276.0,481.0833435058594,3,16325,0
1031,1056060,143.0,514.5,1,16325,1
1031,1056061,523.3333129882812,463.6666564941406,3,16325,2
1031,1056062,1339.0428466796875,474.414306640625,5,16325,3
1031,1056063,534.2999877929688,462.8000183105469,5,16325,4
1031,1056064,768.5,473.0,1,16325,5
1031,1056065,1005.0,471.75,2,16325,6
1031,1056066,1648.5,478.0,1,16325,7
1031,1056067,491.5,398.0,1,16325,8
1031,1056068,520.0,433.5,2,16325,9
1031,1056069,517.4583129882812,467.4583435058594,3,16326,0
1031,1056070,1463.763916015625,465.16668701171875,9,16326,1
1031,1056071,524.0750122070312,462.2250061035156,5,16326,2
1031,1056072,768.5,473.0,1,16326,3
1031,1056073,1005.0,471.75,2,16326,4
1031,1056074,520.0,433.5,2,16326,5
1031,1056075,276.0,481.0833435058594,3,16327,0
1031,1056076,143.0,514.5,1,16327,1
1031,1056077,523.3333129882812,463.6666564941406,3,16327,2
1031,1056078,534.2999877929688,462.8000183105469,5,16327,3
1031,1056079,768.5,473.0,1,16327,4
1031,1056080,1005.0,471.75,2,16327,5
1031,1056081,1222.5,470.5,1,16327,6
1031,1056082,491.5,398.0,1,16327,7
1031,1056083,276.0,481.0833435058594,3,16328,0
1031,1056084,523.3333129882812,463.6666564941406,3,16328,1
1031,1056085,1444.3409423828125,466.9488525390625,8,16328,2
1031,1056086,534.2999877929688,462.8000183105469,5,16328,3
1031,1056087,768.5,473.0,1,16328,4
1031,1056088,1005.0,471.75,2,16328,5
1031,1056089,520.5,431.5,1,16328,6
1031,1056090,143.0,514.5,1,16329,0
1031,1056091,523.3333129882812,463.6666564941406,2,16329,1
1031,1056092,272.5,482.5,3,16329,2
1031,1056093,524.0750122070312,462.2250061035156,5,16329,3
1031,1056094,768.5,473.0,2,16329,4
1031,1056095,1005.0,471.75,2,16329,5
1031,1056096,1316.6666259765625,473.25,2,16329,6
1031,1056097,491.5,398.0,1,16329,7
1041,1055849,1314.1678466796875,475.164306640625,4,16289,0
1041,1055850,1608.0,478.5,1,16289,1
1041,1055851,736.375,477.25,4,16289,2
1041,1055852,333.25,477.75,2,16289,3
1041,1055853,546.5,480.0,1,16289,4
1041,1055854,531.6749877929688,463.3000183105469,4,16290,0
1041,1055855,725.0,474.0,1,16290,1
1041,1055856,909.5,470.0,1,16290,2
1041,1055857,490.75,398.25,2,16290,3
1041,1055858,522.5,433.0,2,16290,4
1041,1055859,809.5,476.0,1,16290,5
1041,1055860,538.625,467.4583435058594,3,16290,6
1041,1055861,305.75,481.8333435058594,2,16290,7
1041,1055862,116.83333587646484,513.8333129882812,3,16290,8
1041,1055863,403.5,452.75,2,16291,0
1041,1055864,598.0,474.5,2,16291,1
1041,1055865,725.0,474.0,1,16291,2
1041,1055866,909.5,470.0,1,16291,3
1041,1055867,35.0,477.0,1,16291,4
1041,1055868,488.0,398.5,1,16291,5
1041,1055869,548.25,442.75,2,16291,6
1041,1055870,522.25,475.0,2,16291,7
1041,1055871,305.75,481.8333435058594,2,16291,8
1041,1055872,123.0,513.5,1,16291,9
1041,1055873,1695.25,442.25,2,16292,0
1041,1055874,1635.4166259765625,465.75,3,16292,1
1041,1055875,1866.5,472.5,2,16292,2
1041,1055876,499.5,344.0,1,16293,0
1041,1055877,488.0,398.5,1,16293,1
1041,1055878,522.5,433.0,2,16293,2
1041,1055879,403.5,452.75,2,16294,0
1041,1055880,642.75,477.25,2,16294,1
1041,1055881,725.0,474.0,1,16294,2
1041,1055882,909.5,470.0,1,16294,3
1041,1055883,23.25,475.5,2,16294,4
1041,1055884,522.25,475.0,2,16294,5
1041,1055885,305.75,481.8333435058594,2,16294,6
1041,1055886,123.0,513.5,1,16294,7
1041,1055887,1573.4583740234375,494.375,2,16295,0
1041,1055888,763.5,477.25,2,16295,1
1041,1055889,532.5999755859375,463.20001220703125,5,16296,0
1041,1055890,725.0,474.0,1,16296,1
1041,1055891,909.5,470.0,1,16296,2
1041,1055892,522.5,433.0,2,16296,3
1041,1055893,809.5,476.0,1,16296,4
1041,1055894,538.625,467.4583435058594,3,16296,5
1041,1055895,305.75,481.8333435058594,2,16296,6
1041,1055896,116.83333587646484,513.8333129882812,3,16296,7
1041,1055897,555.0,351.0,1,16297,0
1041,1055898,522.5,433.0,2,16297,1
1041,1055899,1687.7916259765625,476.4583435058594,2,16298,0
1041,1055900,1866.5,472.5,2,16298,1
1041,1055901,1676.0,442.0,1,16298,2
1041,1055902,725.0,474.0,1,16299,0
1041,1055903,531.6749877929688,463.3000183105469,4,16299,1
1041,1055904,13.833333969116211,475.6666564941406,3,16299,2
1041,1055905,490.75,398.25,2,16299,3
1041,1055906,522.5,432.0,1,16299,4
1041,1055907,809.5,476.0,1,16299,5
1041,1055908,538.625,467.4583435058594,3,16299,6
1041,1055909,305.75,481.8333435058594,2,16299,7
1041,1055910,123.0,513.5,1,16299,8
1041,1055911,35.0,477.0,1,16300,0
1041,1055912,403.5,452.75,2,16300,1
1041,1055913,725.0,474.0,1,16300,2
1041,1055914,488.0,398.5,1,16301,0
1041,1055915,943.5,472.25,2,16301,1
1041,1055916,1175.5,474.5,1,16301,2
1041,1055917,518.5833129882812,458.9166564941406,2,16301,3
1041,1055918,725.0,474.0,1,16301,4
1041,1055919,522.5,433.0,2,16301,5
1041,1055920,532.5,462.5,1,16301,6
1041,1055921,284.25,483.0,2,16301,7
1041,1055922,114.25,514.25,2,16301,8
1041,1055923,499.5,344.0,1,16301,9
1041,1055924,943.5,472.25,2,16302,0
1041,1055925,551.0833129882812,458.3333435058594,3,16302,1
1041,1055926,809.5,476.0,1,16302,2
1041,1055927,550.7083129882812,467.4583435058594,2,16302,3
1041,1055928,305.75,481.8333435058594,2,16302,4
1041,1055929,123.0,513.5,1,16302,5
1041,1055930,490.75,398.25,2,16302,6
1041,1055931,943.5,472.25,2,16303,0
1041,1055932,531.6749877929688,463.3000183105469,4,16303,1
1041,1055933,809.5,476.0,1,16303,2
1041,1055934,538.625,467.4583435058594,3,16303,3
1041,1055935,305.75,481.8333435058594,2,16303,4
1041,1055936,116.83333587646484,513.8333129882812,3,16303,5
1041,1055937,490.75,398.25,2,16303,6
1041,1055938,1386.949951171875,474.60833740234375,3,16304,0
1041,1055939,1608.0,478.5,1,16304,1
1041,1055940,1142.5,480.5,1,16304,2
1041,1055941,737.1666870117188,476.5,3,16304,3
1041,1055942,333.25,477.75,2,16304,4
1041,1055943,546.5,480.0,1,16304,5
1041,1055944,123.0,513.5,1,16304,6
1041,1055945,1644.3499755859375,461.4583435058594,3,16305,0
1041,1055946,809.5,476.0,1,16305,1
1041,1055947,546.5,480.0,1,16305,2
1041,1055948,338.5,485.0,1,16305,3
1041,1055949,1676.0,442.0,1,16305,4
1041,1055950,1615.875,461.9166564941406,3,16306,0
1041,1055951,809.5,476.0,1,16306,1
1041,1055952,546.5,480.0,1,16306,2
1041,1055953,338.5,485.0,1,16306,3
1041,1055954,1676.0,442.0,1,16306,4
1041,1055955,1386.949951171875,474.60833740234375,3,16307,0
1041,1055956,1608.0,478.5,1,16307,1
1041,1055957,1142.5,480.5,1,16307,2
1041,1055958,737.1666870117188,476.5,3,16307,3
1041,1055959,333.25,477.75,2,16307,4
1041,1055960,546.5,480.0,1,16307,5
1041,1055961,1159.0,477.5,2,16308,0
1041,1055962,551.0833129882812,458.3333435058594,3,16308,1
1041,1055963,809.5,476.0,1,16308,2
1041,1055964,550.7083129882812,467.4583435058594,2,16308,3
1041,1055965,305.75,481.8333435058594,2,16308,4
1041,1055966,123.0,513.5,1,16308,5
1041,1055967,490.75,398.25,2,16308,6
1041,1055968,1415.7083740234375,477.125,2,16309,0
1041,1055969,1608.0,478.5,1,16309,1
1041,1055970,1142.5,480.5,1,16309,2
1041,1055971,737.1666870117188,476.5,3,16309,3
1041,1055972,333.25,477.75,2,16309,4
1041,1055973,546.5,480.0,1,16309,5
1041,1055974,1326.4166259765625,471.0,2,16310,0
1041,1055975,1142.5,480.5,1,16310,1
1041,1055976,801.0,476.25,2,16310,2
1041,1055977,333.25,477.75,2,16310,3
1041,1055978,546.5,480.0,1,16310,4
1041,1055979,123.0,513.5,1,16310,5
1041,1055980,1440.25,483.566650390625,3,16311,0
1041,1055981,1608.0,478.5,1,16311,1
1041,1055982,1142.5,480.5,1,16311,2
1041,1055983,741.8333129882812,477.0,3,16311,3
1041,1055984,333.25,477.75,2,16311,4
1041,1055985,546.5,480.0,1,16311,5
1041,1055986,1543.3262939453125,471.8680419921875,8,16312,0
1041,1055987,1142.5,480.5,1,16312,1
1041,1055988,809.5,476.0,1,16312,2
1041,1055989,333.25,477.75,2,16312,3
1041,1055990,546.5,480.0,1,16312,4
1041,1055991,1676.0,442.0,1,16312,5
1041,1055992,1621.3333740234375,466.5833435058594,2,16313,0
1041,1055993,759.0,476.75,2,16313,1
1041,1055994,546.5,480.0,1,16313,2
1041,1055995,338.5,485.0,1,16313,3
1041,1055996,1640.1165771484375,469.9166564941406,3,16314,0
1041,1055997,809.5,476.0,1,16314,1
1041,1055998,546.5,480.0,1,16314,2
1041,1055999,1695.25,442.25,2,16314,3
1041,1056000,522.5,433.0,2,16315,0
1041,1056001,536.4166259765625,426.6666564941406,4,16315,1
1041,1056002,304.5,469.0,2,16315,2
1041,1056003,541.2083129882812,464.5416564941406,3,16315,3
1041,1056004,491.5,398.5,2,16315,4
1041,1056005,522.5,433.0,2,16316,0
1041,1056006,536.4166259765625,426.6666564941406,4,16316,1
1041,1056007,309.75,476.25,2,16316,2
1041,1056008,584.0833129882812,468.5,2,16316,3
1041,1056009,759.75,474.25,2,16316,4
1041,1056010,492.75,398.4166564941406,3,16316,5
1041,1056011,738.8333129882812,476.6666564941406,3,16317,0
1041,1056012,1446.549072265625,469.8144226074219,8,16317,1
1041,1056013,598.0,474.5,2,16317,2
1041,1056014,725.0,474.0,1,16317,3
1041,1056015,943.5,472.25,2,16317,4
1041,1056016,528.0833129882812,467.0833435058594,4,16318,0
1041,1056017,305.75,481.8333435058594,2,16318,1
1041,1056018,123.0,513.5,1,16318,2
1041,1056019,609.0416259765625,470.5416564941406,4,16318,3
1041,1056020,725.0,474.0,1,16318,4
1041,1056021,943.5,472.25,2,16318,5
1041,1056022,1175.5,474.5,1,16318,6
1041,1056023,522.5,433.0,2,16318,7
1041,1056024,1866.5,472.5,2,16319,0
1041,1056025,1673.25,491.0,2,16319,1
1041,1056026,1676.0,442.0,1,16319,2
1041,1056027,610.1666259765625,470.5,3,16320,0
1041,1056028,725.0,474.0,1,16320,1
1041,1056029,943.5,472.25,2,16320,2
1041,1056030,1175.5,474.5,1,16320,3
1041,1056031,528.0833129882812,467.0833435058594,4,16320,4
1041,1056032,305.75,481.8333435058594,2,16320,5
1041,1056033,123.0,513.5,1,16320,6
1041,1056034,490.75,398.25,2,16320,7
1041,1056035,522.5,433.0,2,16320,8
1041,1056036,1866.5,472.5,2,16321,0
1041,1056037,1673.25,491.0,2,16321,1
1041,1056038,1676.0,442.0,1,16321,2
1041,1056039,528.0833129882812,467.0833435058594,4,16322,0
1041,1056040,305.75,481.8333435058594,2,16322,1
1041,1056041,123.0,513.5,1,16322,2
1041,1056042,610.1666259765625,470.5,3,16322,3
1041,1056043,725.0,474.0,1,16322,4
1041,1056044,943.5,472.25,2,16322,5
1041,1056045,1175.5,474.5,1,16322,6
1041,1056046,490.75,398.25,2,16322,7
1041,1056047,522.5,433.0,2,16322,8
1041,1056048,1619.8125,468.8333435058594,4,16323,0
1041,1056049,1695.25,442.25,2,16323,1
1041,1056050,1866.5,472.5,2,16323,2
1041,1056051,538.625,467.4583435058594,3,16324,0
1041,1056052,305.75,481.8333435058594,2,16324,1
1041,1056053,116.83333587646484,513.8333129882812,3,16324,2
1041,1056054,532.5999755859375,463.20001220703125,5,16324,3
1041,1056055,725.0,474.0,1,16324,4
1041,1056056,943.5,472.25,2,16324,5
1041,1056057,1175.5,474.5,1,16324,6
1041,1056058,522.5,433.0,2,16324,7
1041,1056059,305.75,481.8333435058594,2,16325,0
1041,1056060,113.83333587646484,515.1666870117188,3,16325,1
1041,1056061,525.3333129882812,463.4166564941406,2,16325,2
1041,1056062,1314.1678466796875,475.164306640625,4,16325,3
1041,1056063,533.9249877929688,462.3000183105469,4,16325,4
1041,1056064,725.0,474.0,1,16325,5
1041,1056065,943.5,472.25,2,16325,6
1041,1056066,1608.0,478.5,1,16325,7
1041,1056067,488.0,398.5,1,16325,8
1041,1056068,522.5,433.0,2,16325,9
1041,1056069,538.625,467.4583435058594,3,16326,0
1041,1056070,1437.763916015625,465.8095397949219,7,16326,1
1041,1056071,515.4500122070312,462.3500061035156,4,16326,2
1041,1056072,725.0,474.0,1,16326,3
1041,1056073,943.5,472.25,2,16326,4
1041,1056074,522.5,433.0,2,16326,5
1041,1056075,305.75,481.8333435058594,2,16327,0
1041,1056076,113.83333587646484,515.1666870117188,3,16327,1
1041,1056077,525.3333129882812,463.4166564941406,2,16327,2
1041,1056078,533.9249877929688,462.3000183105469,4,16327,3
1041,1056079,725.0,474.0,1,16327,4
1041,1056080,943.5,472.25,2,16327,5
1041,1056081,1175.5,474.5,1,16327,6
1041,1056082,488.0,398.5,1,16327,7
1041,1056083,305.75,481.8333435058594,2,16328,0
1041,1056084,525.3333129882812,463.4166564941406,2,16328,1
1041,1056085,1421.92431640625,467.7821960449219,6,16328,2
1041,1056086,533.9249877929688,462.3000183105469,4,16328,3
1041,1056087,725.0,474.0,1,16328,4
1041,1056088,943.5,472.25,2,16328,5
1041,1056089,522.5,432.0,1,16328,6
1041,1056090,122.0,513.8333129882812,3,16329,0
1041,1056091,522.8333129882812,463.6666564941406,2,16329,1
1041,1056092,284.25,483.0,2,16329,2
1041,1056093,511.57501220703125,462.2250061035156,4,16329,3
1041,1056094,768.5,473.25,2,16329,4
1041,1056095,943.5,472.25,2,16329,5
1041,1056096,1277.4166259765625,475.25,2,16329,6
1041,1056097,488.0,398.5,1,16329,7
1061,1056098,561.75,464.25,4,16330,0
1061,1056099,895.5,477.0,1,16330,1
1061,1056100,529.5999755859375,466.0,5,16330,2
1061,1056101,24.0,474.5,1,16330,3
1061,1056102,1772.5833740234375,454.25,6,16331,0
1061,1056103,1909.0,469.0,1,16331,1
1061,1056104,831.5,474.5,1,16331,2
1061,1056105,522.7000122070312,408.1000061035156,5,16332,0
1061,1056106,520.5,375.0,1,16332,1
1061,1056107,520.5,448.5,1,16332,2
1061,1056108,586.5,642.0,1,16333,0
1061,1056109,1020.0,602.5,1,16333,1
1061,1056110,1678.5,518.5,1,16333,2
1061,1056111,1909.0,469.0,1,16334,0
1061,1056112,1678.5,518.5,1,16334,1
1061,1056113,1878.0,457.25,2,16334,2
1061,1056114,1672.5,442.0,1,16334,3
1061,1056115,527.5833129882812,462.9166564941406,6,16335,0
1061,1056116,877.0,471.5,1,16335,1
1061,1056117,1727.199951171875,453.6000061035156,5,16335,2
1061,1056118,1368.4000244140625,471.6000061035156,5,16335,3
1061,1056119,583.2999877929688,467.1000061035156,5,16335,4
1061,1056120,971.8333129882812,473.1666564941406,3,16335,5
1061,1056121,1564.0,509.5,1,16336,0
1061,1056122,1020.0,602.5,1,16336,1
1061,1056123,831.5,474.5,1,16336,2
1061,1056124,586.5,475.0,1,16336,3
1061,1056125,1461.0,480.5,1,16336,4
1061,1056126,1789.5,483.0,1,16336,5
1061,1056127,537.5,399.625,4,16337,0
1061,1056128,520.5,375.0,1,16337,1
1061,1056129,520.5,448.5,1,16337,2
1061,1056130,1020.0,602.5,1,16338,0
1061,1056131,1621.25,514.0,2,16338,1
1061,1056132,586.5,642.0,1,16338,2
1061,1056133,1789.5,483.0,1,16338,3
1061,1056134,1678.5,518.5,1,16339,0
1061,1056135,586.5,642.0,1,16339,1
1061,1056136,1909.0,469.0,1,16339,2
1061,1056137,1020.0,602.5,1,16339,3
1061,1056138,1848.5,465.8333435058594,3,16339,4
1061,1056139,1746.300048828125,453.1000061035156,5,16340,0
1061,1056140,831.5,474.5,1,16340,1
1061,1056141,533.75,475.75,2,16340,2
1061,1056142,24.0,474.5,1,16341,0
1061,1056143,608.5,481.0,1,16341,1
1061,1056144,854.25,473.0,2,16342,0
1061,1056145,534.6666870117188,476.8333435058594,3,16342,1
1061,1056146,1295.5,474.25,2,16342,2
1061,1056147,595.8333129882812,468.6666564941406,3,16342,3
1061,1056148,1461.0,480.5,1,16342,4
1061,1056149,971.8333129882812,473.1666564941406,3,16342,5
1061,1056150,1395.75,472.875,4,16343,0
1061,1056151,831.5,474.5,1,16343,1
1061,1056152,534.6666870117188,476.8333435058594,3,16343,2
1061,1056153,1366.0,473.625,4,16344,0
1061,1056154,854.25,473.0,2,16344,1
1061,1056155,534.6666870117188,476.8333435058594,3,16344,2
1061,1056156,595.8333129882812,468.6666564941406,3,16345,0
1061,1056157,971.8333129882812,473.1666564941406,3,16345,1
1061,1056158,534.6666870117188,476.8333435058594,3,16345,2
1061,1056159,877.0,471.5,1,16345,3
1061,1056160,1368.4000244140625,471.6000061035156,5,16346,0
1061,1056161,559.0,463.75,2,16346,1
1061,1056162,552.5,349.5,1,16346,2
1061,1056163,854.25,473.0,2,16346,3
1061,1056164,534.6666870117188,476.8333435058594,3,16346,4
1061,1056165,1564.0,509.5,1,16346,5
1061,1056166,1757.4166259765625,454.9166564941406,6,16347,0
1061,1056167,831.5,474.5,1,16347,1
1061,1056168,533.75,475.75,2,16347,2
1061,1056169,1621.25,514.0,2,16347,3
1061,1056170,1020.0,602.5,1,16347,4
1061,1056171,1368.4000244140625,471.6000061035156,5,16348,0
1061,1056172,993.5,470.5,1,16348,1
1061,1056173,559.0,463.75,2,16348,2
1061,1056174,552.5,349.5,1,16348,3
1061,1056175,854.25,473.0,2,16348,4
1061,1056176,534.6666870117188,476.8333435058594,3,16348,5
1061,1056177,895.5,477.0,1,16349,0
1061,1056178,1026.5,472.0,1,16349,1
1061,1056179,583.2999877929688,467.1000061035156,5,16349,2
1061,1056180,529.5999755859375,466.0,5,16349,3
1061,1056181,854.25,473.0,2,16349,4
1061,1056182,1010.0,471.25,2,16350,0
1061,1056183,595.8333129882812,468.6666564941406,3,16350,1
1061,1056184,1332.0,482.0,1,16350,2
1061,1056185,532.125,470.25,4,16350,3
1061,1056186,854.25,473.0,2,16350,4
1061,1056187,971.8333129882812,473.1666564941406,3,16351,0
1061,1056188,595.8333129882812,468.6666564941406,3,16351,1
1061,1056189,532.125,470.25,4,16351,2
1061,1056190,854.25,473.0,2,16351,3
1061,1056191,1368.4000244140625,471.6000061035156,5,16352,0
1061,1056192,831.5,474.5,1,16352,1
1061,1056193,534.6666870117188,476.8333435058594,3,16352,2
1061,1056194,528.1666870117188,398.5833435058594,6,16353,0
1061,1056195,520.5,375.0,1,16353,1
1061,1056196,546.1666870117188,458.6666564941406,3,16353,2
1061,1056197,1461.0,480.5,1,16353,3
1061,1056198,1332.0,482.0,1,16353,4
1061,1056199,520.5,375.0,1,16354,0
1061,1056200,520.5,448.5,1,16354,1
1061,1056201,528.1666870117188,398.5833435058594,6,16354,2
1061,1056202,561.75,464.25,4,16355,0
1061,1056203,895.5,477.0,1,16355,1
1061,1056204,530.3333129882812,424.6666564941406,9,16355,2
1061,1056205,520.5,375.0,1,16355,3
1061,1056206,1577.0,444.5,1,16356,0
1061,1056207,1789.5,483.0,1,16356,1
1061,1056208,831.5,474.5,1,16356,2
1061,1056209,533.75,475.75,2,16356,3
1061,1056210,530.3333129882812,424.6666564941406,9,16357,0
1061,1056211,530.25,452.0,2,16357,1
1061,1056212,520.5,375.0,1,16357,2
1061,1056213,1696.6666259765625,442.6666564941406,3,16358,0
1061,1056214,831.5,474.5,1,16358,1
1061,1056215,533.75,475.75,2,16358,2
1061,1056216,527.1875,433.875,8,16359,0
1061,1056217,556.3333129882812,461.6666564941406,3,16359,1
1061,1056218,895.5,477.0,1,16359,2
1061,1056219,520.5,375.0,1,16359,3
1061,1056220,1848.5,465.8333435058594,3,16360,0
1061,1056221,1672.5,442.0,1,16360,1
1061,1056222,831.5,474.5,1,16360,2
1061,1056223,1909.0,469.0,1,16360,3
1061,1056224,1678.5,518.5,1,16360,4
1061,1056225,1793.5,457.0,5,16361,0
1061,1056226,831.5,474.5,1,16361,1
1061,1056227,533.75,475.75,2,16361,2
1061,1056228,1909.0,469.0,1,16361,3
1061,1056229,1678.5,518.5,1,16361,4
1061,1056230,530.3333129882812,424.6666564941406,9,16362,0
1061,1056231,561.75,464.25,4,16362,1
1061,1056232,971.8333129882812,473.1666564941406,3,16362,2
1061,1056233,520.5,375.0,1,16362,3
1061,1056234,583.2999877929688,467.1000061035156,5,16363,0
1061,1056235,1461.0,480.5,1,16363,1
1061,1056236,1332.0,482.0,1,16363,2
1061,1056237,971.8333129882812,473.1666564941406,3,16363,3
1061,1056238,531.1428833007812,446.71429443359375,7,16363,4
1061,1056239,877.0,471.5,1,16363,5
1061,1056240,583.2999877929688,467.1000061035156,5,16364,0
1061,1056241,1461.0,480.5,1,16364,1
1061,1056242,1332.0,482.0,1,16364,2
1061,1056243,971.8333129882812,473.1666564941406,3,16364,3
1061,1056244,536.2000122070312,446.1000061035156,5,16364,4
1061,1056245,877.0,471.5,1,16364,5
1061,1056246,854.25,473.0,2,16365,0
1061,1056247,1564.0,509.5,1,16365,1
1061,1056248,1744.642822265625,452.8571472167969,7,16365,2
1061,1056249,1368.4000244140625,471.6000061035156,5,16365,3
1061,1056250,971.8333129882812,473.1666564941406,3,16365,4
1061,1056251,527.5833129882812,462.9166564941406,6,16366,0
1061,1056252,1564.0,509.5,1,16366,1
1061,1056253,877.0,471.5,1,16366,2
1061,1056254,583.2999877929688,467.1000061035156,5,16366,3
1061,1056255,1727.199951171875,453.6000061035156,5,16366,4
1061,1056256,1368.4000244140625,471.6000061035156,5,16366,5
1061,1056257,971.8333129882812,473.1666564941406,3,16366,6
1061,1056258,527.5833129882812,462.9166564941406,6,16367,0
1061,1056259,877.0,471.5,1,16367,1
1061,1056260,583.2999877929688,467.1000061035156,5,16367,2
1061,1056261,1368.4000244140625,471.6000061035156,5,16367,3
1061,1056262,971.8333129882812,473.1666564941406,3,16367,4
1071,1056098,561.75,464.25,4,16330,0
1071,1056099,895.5,477.0,1,16330,1
1071,1056100,529.5999755859375,466.0,5,16330,2
1071,1056101,24.0,474.5,1,16330,3
1071,1056102,1772.5833740234375,454.25,6,16331,0
1071,1056103,1909.0,469.0,1,16331,1
1071,1056104,831.5,474.5,1,16331,2
1071,1056105,522.7000122070312,408.1000061035156,5,16332,0
1071,1056106,520.5,375.0,1,16332,1
1071,1056107,520.5,448.5,1,16332,2
1071,1056108,586.5,642.0,1,16333,0
1071,1056109,1020.0,602.5,1,16333,1
1071,1056110,1678.5,518.5,1,16333,2
1071,1056111,1909.0,469.0,1,16334,0
1071,1056112,1678.5,518.5,1,16334,1
1071,1056113,1878.0,457.25,2,16334,2
1071,1056114,1672.5,442.0,1,16334,3
1071,1056115,527.5833129882812,462.9166564941406,6,16335,0
1071,1056116,877.0,471.5,1,16335,1
1071,1056117,1727.199951171875,453.6000061035156,5,16335,2
1071,1056118,1368.4000244140625,471.6000061035156,5,16335,3
1071,1056119,583.2999877929688,467.1000061035156,5,16335,4
1071,1056120,971.8333129882812,473.1666564941406,3,16335,5
1071,1056121,1564.0,509.5,1,16336,0
1071,1056122,1020.0,602.5,1,16336,1
1071,1056123,831.5,474.5,1,16336,2
1071,1056124,586.5,475.0,1,16336,3
1071,1056125,1461.0,480.5,1,16336,4
1071,1056126,1789.5,483.0,1,16336,5
1071,1056127,537.5,399.625,4,16337,0
1071,1056128,520.5,375.0,1,16337,1
1071,1056129,520.5,448.5,1,16337,2
1071,1056130,1020.0,602.5,1,16338,0
1071,1056131,1621.25,514.0,2,16338,1
1071,1056132,586.5,642.0,1,16338,2
1071,1056133,1789.5,483.0,1,16338,3
1071,1056134,1678.5,518.5,1,16339,0
1071,1056135,586.5,642.0,1,16339,1
1071,1056136,1909.0,469.0,1,16339,2
1071,1056137,1020.0,602.5,1,16339,3
1071,1056138,1848.5,465.8333435058594,3,16339,4
1071,1056139,1746.300048828125,453.1000061035156,5,16340,0
1071,1056140,831.5,474.5,1,16340,1
1071,1056141,533.75,475.75,2,16340,2
1071,1056142,24.0,474.5,1,16341,0
1071,1056143,608.5,481.0,1,16341,1
1071,1056144,854.25,473.0,2,16342,0
1071,1056145,534.6666870117188,476.8333435058594,3,16342,1
1071,1056146,1295.5,474.25,2,16342,2
1071,1056147,595.8333129882812,468.6666564941406,3,16342,3
1071,1056148,1461.0,480.5,1,16342,4
1071,1056149,971.8333129882812,473.1666564941406,3,16342,5
1071,1056150,1395.75,472.875,4,16343,0
1071,1056151,831.5,474.5,1,16343,1
1071,1056152,534.6666870117188,476.8333435058594,3,16343,2
1071,1056153,1366.0,473.625,4,16344,0
1071,1056154,854.25,473.0,2,16344,1
1071,1056155,534.6666870117188,476.8333435058594,3,16344,2
1071,1056156,595.8333129882812,468.6666564941406,3,16345,0
1071,1056157,971.8333129882812,473.1666564941406,3,16345,1
1071,1056158,534.6666870117188,476.8333435058594,3,16345,2
1071,1056159,877.0,471.5,1,16345,3
1071,1056160,1368.4000244140625,471.6000061035156,5,16346,0
1071,1056161,559.0,463.75,2,16346,1
1071,1056162,552.5,349.5,1,16346,2
1071,1056163,854.25,473.0,2,16346,3
1071,1056164,534.6666870117188,476.8333435058594,3,16346,4
1071,1056165,1564.0,509.5,1,16346,5
1071,1056166,1757.4166259765625,454.9166564941406,6,16347,0
1071,1056167,831.5,474.5,1,16347,1
1071,1056168,533.75,475.75,2,16347,2
1071,1056169,1621.25,514.0,2,16347,3
1071,1056170,1020.0,602.5,1,16347,4
1071,1056171,1368.4000244140625,471.6000061035156,5,16348,0
1071,1056172,993.5,470.5,1,16348,1
1071,1056173,559.0,463.75,2,16348,2
1071,1056174,552.5,349.5,1,16348,3
1071,1056175,854.25,473.0,2,16348,4
1071,1056176,534.6666870117188,476.8333435058594,3,16348,5
1071,1056177,895.5,477.0,1,16349,0
1071,1056178,1026.5,472.0,1,16349,1
1071,1056179,583.2999877929688,467.1000061035156,5,16349,2
1071,1056180,529.5999755859375,466.0,5,16349,3
1071,1056181,854.25,473.0,2,16349,4
1071,1056182,1010.0,471.25,2,16350,0
1071,1056183,595.8333129882812,468.6666564941406,3,16350,1
1071,1056184,1332.0,482.0,1,16350,2
1071,1056185,532.125,470.25,4,16350,3
1071,1056186,854.25,473.0,2,16350,4
1071,1056187,971.8333129882812,473.1666564941406,3,16351,0
1071,1056188,595.8333129882812,468.6666564941406,3,16351,1
1071,1056189,532.125,470.25,4,16351,2
1071,1056190,854.25,473.0,2,16351,3
1071,1056191,1368.4000244140625,471.6000061035156,5,16352,0
1071,1056192,831.5,474.5,1,16352,1
1071,1056193,534.6666870117188,476.8333435058594,3,16352,2
1071,1056194,528.1666870117188,398.5833435058594,6,16353,0
1071,1056195,520.5,375.0,1,16353,1
1071,1056196,546.1666870117188,458.6666564941406,3,16353,2
1071,1056197,1461.0,480.5,1,16353,3
1071,1056198,1332.0,482.0,1,16353,4
1071,1056199,520.5,375.0,1,16354,0
1071,1056200,520.5,448.5,1,16354,1
1071,1056201,528.1666870117188,398.5833435058594,6,16354,2
1071,1056202,561.75,464.25,4,16355,0
1071,1056203,895.5,477.0,1,16355,1
1071,1056204,530.3333129882812,424.6666564941406,9,16355,2
1071,1056205,520.5,375.0,1,16355,3
1071,1056206,1577.0,444.5,1,16356,0
1071,1056207,1789.5,483.0,1,16356,1
1071,1056208,831.5,474.5,1,16356,2
1071,1056209,533.75,475.75,2,16356,3
1071,1056210,530.3333129882812,424.6666564941406,9,16357,0
1071,1056211,530.25,452.0,2,16357,1
1071,1056212,520.5,375.0,1,16357,2
1071,1056213,1696.6666259765625,442.6666564941406,3,16358,0
1071,1056214,831.5,474.5,1,16358,1
1071,1056215,533.75,475.75,2,16358,2
1071,1056216,527.1875,433.875,8,16359,0
1071,1056217,556.3333129882812,461.6666564941406,3,16359,1
1071,1056218,895.5,477.0,1,16359,2
1071,1056219,520.5,375.0,1,16359,3
1071,1056220,1848.5,465.8333435058594,3,16360,0
1071,1056221,1672.5,442.0,1,16360,1
1071,1056222,831.5,474.5,1,16360,2
1071,1056223,1909.0,469.0,1,16360,3
1071,1056224,1678.5,518.5,1,16360,4
1071,1056225,1793.5,457.0,5,16361,0
1071,1056226,831.5,474.5,1,16361,1
1071,1056227,533.75,475.75,2,16361,2
1071,1056228,1909.0,469.0,1,16361,3
1071,1056229,1678.5,518.5,1,16361,4
1071,1056230,530.3333129882812,424.6666564941406,9,16362,0
1071,1056231,561.75,464.25,4,16362,1
1071,1056232,971.8333129882812,473.1666564941406,3,16362,2
1071,1056233,520.5,375.0,1,16362,3
1071,1056234,583.2999877929688,467.1000061035156,5,16363,0
1071,1056235,1461.0,480.5,1,16363,1
1071,1056236,1332.0,482.0,1,16363,2
1071,1056237,971.8333129882812,473.1666564941406,3,16363,3
1071,1056238,531.1428833007812,446.71429443359375,7,16363,4
1071,1056239,877.0,471.5,1,16363,5
1071,1056240,583.2999877929688,467.1000061035156,5,16364,0
1071,1056241,1461.0,480.5,1,16364,1
1071,1056242,1332.0,482.0,1,16364,2
1071,1056243,971.8333129882812,473.1666564941406,3,16364,3
1071,1056244,536.2000122070312,446.1000061035156,5,16364,4
1071,1056245,877.0,471.5,1,16364,5
1071,1056246,854.25,473.0,2,16365,0
1071,1056247,1564.0,509.5,1,16365,1
1071,1056248,1744.642822265625,452.8571472167969,7,16365,2
1071,1056249,1368.4000244140625,471.6000061035156,5,16365,3
1071,1056250,971.8333129882812,473.1666564941406,3,16365,4
1071,1056251,527.5833129882812,462.9166564941406,6,16366,0
1071,1056252,1564.0,509.5,1,16366,1
1071,1056253,877.0,471.5,1,16366,2
1071,1056254,583.2999877929688,467.1000061035156,5,16366,3
1071,1056255,1727.199951171875,453.6000061035156,5,16366,4
1071,1056256,1368.4000244140625,471.6000061035156,5,16366,5
1071,1056257,971.8333129882812,473.1666564941406,3,16366,6
1071,1056258,527.5833129882812,462.9166564941406,6,16367,0
1071,1056259,877.0,471.5,1,16367,1
1071,1056260,583.2999877929688,467.1000061035156,5,16367,2
1071,1056261,1368.4000244140625,471.6000061035156,5,16367,3
1071,1056262,971.8333129882812,473.1666564941406,3,16367,4
1081,1056098,561.75,464.25,4,16330,0
1081,1056099,895.5,477.0,1,16330,1
1081,1056100,529.5999755859375,466.0,5,16330,2
1081,1056101,24.0,474.5,1,16330,3
1081,1056102,1772.5833740234375,454.25,6,16331,0
1081,1056103,1909.0,469.0,1,16331,1
1081,1056104,831.5,474.5,1,16331,2
1081,1056105,522.7000122070312,408.1000061035156,5,16332,0
1081,1056106,520.5,375.0,1,16332,1
1081,1056107,520.5,448.5,1,16332,2
1081,1056108,586.5,642.0,1,16333,0
1081,1056109,1020.0,602.5,1,16333,1
1081,1056110,1678.5,518.5,1,16333,2
1081,1056111,1909.0,469.0,1,16334,0
1081,1056112,1678.5,518.5,1,16334,1
1081,1056113,1878.0,457.25,2,16334,2
1081,1056114,1672.5,442.0,1,16334,3
1081,1056115,527.5833129882812,462.9166564941406,6,16335,0
1081,1056116,877.0,471.5,1,16335,1
1081,1056117,1727.199951171875,453.6000061035156,5,16335,2
1081,1056118,1368.4000244140625,471.6000061035156,5,16335,3
1081,1056119,583.2999877929688,467.1000061035156,5,16335,4
1081,1056120,971.8333129882812,473.1666564941406,3,16335,5
1081,1056121,1564.0,509.5,1,16336,0
1081,1056122,1020.0,602.5,1,16336,1
1081,1056123,831.5,474.5,1,16336,2
1081,1056124,586.5,475.0,1,16336,3
1081,1056125,1461.0,480.5,1,16336,4
1081,1056126,1789.5,483.0,1,16336,5
1081,1056127,537.5,399.625,4,16337,0
1081,1056128,520.5,375.0,1,16337,1
1081,1056129,520.5,448.5,1,16337,2
1081,1056130,1020.0,602.5,1,16338,0
1081,1056131,1621.25,514.0,2,16338,1
1081,1056132,586.5,642.0,1,16338,2
1081,1056133,1789.5,483.0,1,16338,3
1081,1056134,1678.5,518.5,1,16339,0
1081,1056135,586.5,642.0,1,16339,1
1081,1056136,1909.0,469.0,1,16339,2
1081,1056137,1020.0,602.5,1,16339,3
1081,1056138,1848.5,465.8333435058594,3,16339,4
1081,1056139,1746.300048828125,453.1000061035156,5,16340,0
1081,1056140,831.5,474.5,1,16340,1
1081,1056141,533.75,475.75,2,16340,2
1081,1056142,24.0,474.5,1,16341,0
1081,1056143,608.5,481.0,1,16341,1
1081,1056144,854.25,473.0,2,16342,0
1081,1056145,534.6666870117188,476.8333435058594,3,16342,1
1081,1056146,1295.5,474.25,2,16342,2
1081,1056147,595.8333129882812,468.6666564941406,3,16342,3
1081,1056148,1461.0,480.5,1,16342,4
1081,1056149,971.8333129882812,473.1666564941406,3,16342,5
1081,1056150,1395.75,472.875,4,16343,0
1081,1056151,831.5,474.5,1,16343,1
1081,1056152,534.6666870117188,476.8333435058594,3,16343,2
1081,1056153,1366.0,473.625,4,16344,0
1081,1056154,854.25,473.0,2,16344,1
1081,1056155,534.6666870117188,476.8333435058594,3,16344,2
1081,1056156,595.8333129882812,468.6666564941406,3,16345,0
1081,1056157,971.8333129882812,473.1666564941406,3,16345,1
1081,1056158,534.6666870117188,476.8333435058594,3,16345,2
1081,1056159,877.0,471.5,1,16345,3
1081,1056160,1368.4000244140625,471.6000061035156,5,16346,0
1081,1056161,559.0,463.75,2,16346,1
1081,1056162,552.5,349.5,1,16346,2
1081,1056163,854.25,473.0,2,16346,3
1081,1056164,534.6666870117188,476.8333435058594,3,16346,4
1081,1056165,1564.0,509.5,1,16346,5
1081,1056166,1757.4166259765625,454.9166564941406,6,16347,0
1081,1056167,831.5,474.5,1,16347,1
1081,1056168,533.75,475.75,2,16347,2
1081,1056169,1621.25,514.0,2,16347,3
1081,1056170,1020.0,602.5,1,16347,4
1081,1056171,1368.4000244140625,471.6000061035156,5,16348,0
1081,1056172,993.5,470.5,1,16348,1
1081,1056173,559.0,463.75,2,16348,2
1081,1056174,552.5,349.5,1,16348,3
1081,1056175,854.25,473.0,2,16348,4
1081,1056176,534.6666870117188,476.8333435058594,3,16348,5
1081,1056177,895.5,477.0,1,16349,0
1081,1056178,1026.5,472.0,1,16349,1
1081,1056179,583.2999877929688,467.1000061035156,5,16349,2
1081,1056180,529.5999755859375,466.0,5,16349,3
1081,1056181,854.25,473.0,2,16349,4
1081,1056182,1010.0,471.25,2,16350,0
1081,1056183,595.8333129882812,468.6666564941406,3,16350,1
1081,1056184,1332.0,482.0,1,16350,2
1081,1056185,532.125,470.25,4,16350,3
1081,1056186,854.25,473.0,2,16350,4
1081,1056187,971.8333129882812,473.1666564941406,3,16351,0
1081,1056188,595.8333129882812,468.6666564941406,3,16351,1
1081,1056189,532.125,470.25,4,16351,2
1081,1056190,854.25,473.0,2,16351,3
1081,1056191,1368.4000244140625,471.6000061035156,5,16352,0
1081,1056192,831.5,474.5,1,16352,1
1081,1056193,534.6666870117188,476.8333435058594,3,16352,2
1081,1056194,528.1666870117188,398.5833435058594,6,16353,0
1081,1056195,520.5,375.0,1,16353,1
1081,1056196,546.1666870117188,458.6666564941406,3,16353,2
1081,1056197,1461.0,480.5,1,16353,3
1081,1056198,1332.0,482.0,1,16353,4
1081,1056199,520.5,375.0,1,16354,0
1081,1056200,520.5,448.5,1,16354,1
1081,1056201,528.1666870117188,398.5833435058594,6,16354,2
1081,1056202,561.75,464.25,4,16355,0
1081,1056203,895.5,477.0,1,16355,1
1081,1056204,530.3333129882812,424.6666564941406,9,16355,2
1081,1056205,520.5,375.0,1,16355,3
1081,1056206,1577.0,444.5,1,16356,0
1081,1056207,1789.5,483.0,1,16356,1
1081,1056208,831.5,474.5,1,16356,2
1081,1056209,533.75,475.75,2,16356,3
1081,1056210,530.3333129882812,424.6666564941406,9,16357,0
1081,1056211,530.25,452.0,2,16357,1
1081,1056212,520.5,375.0,1,16357,2
1081,1056213,1696.6666259765625,442.6666564941406,3,16358,0
1081,1056214,831.5,474.5,1,16358,1
1081,1056215,533.75,475.75,2,16358,2
1081,1056216,527.1875,433.875,8,16359,0
1081,1056217,556.3333129882812,461.6666564941406,3,16359,1
1081,1056218,895.5,477.0,1,16359,2
1081,1056219,520.5,375.0,1,16359,3
1081,1056220,1848.5,465.8333435058594,3,16360,0
1081,1056221,1672.5,442.0,1,16360,1
1081,1056222,831.5,474.5,1,16360,2
1081,1056223,1909.0,469.0,1,16360,3
1081,1056224,1678.5,518.5,1,16360,4
1081,1056225,1793.5,457.0,5,16361,0
1081,1056226,831.5,474.5,1,16361,1
1081,1056227,533.75,475.75,2,16361,2
1081,1056228,1909.0,469.0,1,16361,3
1081,1056229,1678.5,518.5,1,16361,4
1081,1056230,530.3333129882812,424.6666564941406,9,16362,0
1081,1056231,561.75,464.25,4,16362,1
1081,1056232,971.8333129882812,473.1666564941406,3,16362,2
1081,1056233,520.5,375.0,1,16362,3
1081,1056234,583.2999877929688,467.1000061035156,5,16363,0
1081,1056235,1461.0,480.5,1,16363,1
1081,1056236,1332.0,482.0,1,16363,2
1081,1056237,971.8333129882812,473.1666564941406,3,16363,3
1081,1056238,531.1428833007812,446.71429443359375,7,16363,4
1081,1056239,877.0,471.5,1,16363,5
1081,1056240,583.2999877929688,467.1000061035156,5,16364,0
1081,1056241,1461.0,480.5,1,16364,1
1081,1056242,1332.0,482.0,1,16364,2
1081,1056243,971.8333129882812,473.1666564941406,3,16364,3
1081,1056244,536.2000122070312,446.1000061035156,5,16364,4
1081,1056245,877.0,471.5,1,16364,5
1081,1056246,854.25,473.0,2,16365,0
1081,1056247,1564.0,509.5,1,16365,1
1081,1056248,1744.642822265625,452.8571472167969,7,16365,2
1081,1056249,1368.4000244140625,471.6000061035156,5,16365,3
1081,1056250,971.8333129882812,473.1666564941406,3,16365,4
1081,1056251,527.5833129882812,462.9166564941406,6,16366,0
1081,1056252,1564.0,509.5,1,16366,1
1081,1056253,877.0,471.5,1,16366,2
1081,1056254,583.2999877929688,467.1000061035156,5,16366,3
1081,1056255,1727.199951171875,453.6000061035156,5,16366,4
1081,1056256,1368.4000244140625,471.6000061035156,5,16366,5
1081,1056257,971.8333129882812,473.1666564941406,3,16366,6
1081,1056258,527.5833129882812,462.9166564941406,6,16367,0
1081,1056259,877.0,471.5,1,16367,1
1081,1056260,583.2999877929688,467.1000061035156,5,16367,2
1081,1056261,1368.4000244140625,471.6000061035156,5,16367,3
1081,1056262,971.8333129882812,473.1666564941406,3,16367,4
1091,1056098,561.75,464.25,4,16330,0
1091,1056099,895.5,477.0,1,16330,1
1091,1056100,529.5999755859375,466.0,5,16330,2
1091,1056101,24.0,474.5,1,16330,3
1091,1056102,1772.5833740234375,454.25,6,16331,0
1091,1056103,1909.0,469.0,1,16331,1
1091,1056104,831.5,474.5,1,16331,2
1091,1056105,522.7000122070312,408.1000061035156,5,16332,0
1091,1056106,520.5,375.0,1,16332,1
1091,1056107,520.5,448.5,1,16332,2
1091,1056108,586.5,642.0,1,16333,0
1091,1056109,1020.0,602.5,1,16333,1
1091,1056110,1678.5,518.5,1,16333,2
1091,1056111,1909.0,469.0,1,16334,0
1091,1056112,1678.5,518.5,1,16334,1
1091,1056113,1878.0,457.25,2,16334,2
1091,1056114,1672.5,442.0,1,16334,3
1091,1056115,527.5833129882812,462.9166564941406,6,16335,0
1091,1056116,877.0,471.5,1,16335,1
1091,1056117,1727.199951171875,453.6000061035156,5,16335,2
1091,1056118,1368.4000244140625,471.6000061035156,5,16335,3
1091,1056119,583.2999877929688,467.1000061035156,5,16335,4
1091,1056120,971.8333129882812,473.1666564941406,3,16335,5
1091,1056121,1564.0,509.5,1,16336,0
1091,1056122,1020.0,602.5,1,16336,1
1091,1056123,831.5,474.5,1,16336,2
1091,1056124,586.5,475.0,1,16336,3
1091,1056125,1461.0,480.5,1,16336,4
1091,1056126,1789.5,483.0,1,16336,5
1091,1056127,537.5,399.625,4,16337,0
1091,1056128,520.5,375.0,1,16337,1
1091,1056129,520.5,448.5,1,16337,2
1091,1056130,1020.0,602.5,1,16338,0
1091,1056131,1621.25,514.0,2,16338,1
1091,1056132,586.5,642.0,1,16338,2
1091,1056133,1789.5,483.0,1,16338,3
1091,1056134,1678.5,518.5,1,16339,0
1091,1056135,586.5,642.0,1,16339,1
1091,1056136,1909.0,469.0,1,16339,2
1091,1056137,1020.0,602.5,1,16339,3
1091,1056138,1848.5,465.8333435058594,3,16339,4
1091,1056139,1746.300048828125,453.1000061035156,5,16340,0
1091,1056140,831.5,474.5,1,16340,1
1091,1056141,533.75,475.75,2,16340,2
1091,1056142,24.0,474.5,1,16341,0
1091,1056143,608.5,481.0,1,16341,1
1091,1056144,854.25,473.0,2,16342,0
1091,1056145,534.6666870117188,476.8333435058594,3,16342,1
1091,1056146,1295.5,474.25,2,16342,2
1091,1056147,595.8333129882812,468.6666564941406,3,16342,3
1091,1056148,1461.0,480.5,1,16342,4
1091,1056149,971.8333129882812,473.1666564941406,3,16342,5
1091,1056150,1395.75,472.875,4,16343,0
1091,1056151,831.5,474.5,1,16343,1
1091,1056152,534.6666870117188,476.8333435058594,3,16343,2
1091,1056153,1366.0,473.625,4,16344,0
1091,1056154,854.25,473.0,2,16344,1
1091,1056155,534.6666870117188,476.8333435058594,3,16344,2
1091,1056156,595.8333129882812,468.6666564941406,3,16345,0
1091,1056157,971.8333129882812,473.1666564941406,3,16345,1
1091,1056158,534.6666870117188,476.8333435058594,3,16345,2
1091,1056159,877.0,471.5,1,16345,3
1091,1056160,1368.4000244140625,471.6000061035156,5,16346,0
1091,1056161,559.0,463.75,2,16346,1
1091,1056162,552.5,349.5,1,16346,2
1091,1056163,854.25,473.0,2,16346,3
1091,1056164,534.6666870117188,476.8333435058594,3,16346,4
1091,1056165,1564.0,509.5,1,16346,5
1091,1056166,1757.4166259765625,454.9166564941406,6,16347,0
1091,1056167,831.5,474.5,1,16347,1
1091,1056168,533.75,475.75,2,16347,2
1091,1056169,1621.25,514.0,2,16347,3
1091,1056170,1020.0,602.5,1,16347,4
1091,1056171,1368.4000244140625,471.6000061035156,5,16348,0
1091,1056172,993.5,470.5,1,16348,1
1091,1056173,559.0,463.75,2,16348,2
1091,1056174,552.5,349.5,1,16348,3
1091,1056175,854.25,473.0,2,16348,4
1091,1056176,534.6666870117188,476.8333435058594,3,16348,5
1091,1056177,895.5,477.0,1,16349,0
1091,1056178,1026.5,472.0,1,16349,1
1091,1056179,583.2999877929688,467.1000061035156,5,16349,2
1091,1056180,529.5999755859375,466.0,5,16349,3
1091,1056181,854.25,473.0,2,16349,4
1091,1056182,1010.0,471.25,2,16350,0
1091,1056183,595.8333129882812,468.6666564941406,3,16350,1
1091,1056184,1332.0,482.0,1,16350,2
1091,1056185,532.125,470.25,4,16350,3
1091,1056186,854.25,473.0,2,16350,4
1091,1056187,971.8333129882812,473.1666564941406,3,16351,0
1091,1056188,595.8333129882812,468.6666564941406,3,16351,1
1091,1056189,532.125,470.25,4,16351,2
1091,1056190,854.25,473.0,2,16351,3
1091,1056191,1368.4000244140625,471.6000061035156,5,16352,0
1091,1056192,831.5,474.5,1,16352,1
1091,1056193,534.6666870117188,476.8333435058594,3,16352,2
1091,1056194,528.1666870117188,398.5833435058594,6,16353,0
1091,1056195,520.5,375.0,1,16353,1
1091,1056196,546.1666870117188,458.6666564941406,3,16353,2
1091,1056197,1461.0,480.5,1,16353,3
1091,1056198,1332.0,482.0,1,16353,4
1091,1056199,520.5,375.0,1,16354,0
1091,1056200,520.5,448.5,1,16354,1
1091,1056201,528.1666870117188,398.5833435058594,6,16354,2
1091,1056202,561.75,464.25,4,16355,0
1091,1056203,895.5,477.0,1,16355,1
1091,1056204,530.3333129882812,424.6666564941406,9,16355,2
1091,1056205,520.5,375.0,1,16355,3
1091,1056206,1577.0,444.5,1,16356,0
1091,1056207,1789.5,483.0,1,16356,1
1091,1056208,831.5,474.5,1,16356,2
1091,1056209,533.75,475.75,2,16356,3
1091,1056210,530.3333129882812,424.6666564941406,9,16357,0
1091,1056211,530.25,452.0,2,16357,1
1091,1056212,520.5,375.0,1,16357,2
1091,1056213,1696.6666259765625,442.6666564941406,3,16358,0
1091,1056214,831.5,474.5,1,16358,1
1091,1056215,533.75,475.75,2,16358,2
1091,1056216,527.1875,433.875,8,16359,0
1091,1056217,556.3333129882812,461.6666564941406,3,16359,1
1091,1056218,895.5,477.0,1,16359,2
1091,1056219,520.5,375.0,1,16359,3
1091,1056220,1848.5,465.8333435058594,3,16360,0
1091,1056221,1672.5,442.0,1,16360,1
1091,1056222,831.5,474.5,1,16360,2
1091,1056223,1909.0,469.0,1,16360,3
1091,1056224,1678.5,518.5,1,16360,4
1091,1056225,1793.5,457.0,5,16361,0
1091,1056226,831.5,474.5,1,16361,1
1091,1056227,533.75,475.75,2,16361,2
1091,1056228,1909.0,469.0,1,16361,3
1091,1056229,1678.5,518.5,1,16361,4
1091,1056230,530.3333129882812,424.6666564941406,9,16362,0
1091,1056231,561.75,464.25,4,16362,1
1091,1056232,971.8333129882812,473.1666564941406,3,16362,2
1091,1056233,520.5,375.0,1,16362,3
1091,1056234,583.2999877929688,467.1000061035156,5,16363,0
1091,1056235,1461.0,480.5,1,16363,1
1091,1056236,1332.0,482.0,1,16363,2
1091,1056237,971.8333129882812,473.1666564941406,3,16363,3
1091,1056238,531.1428833007812,446.71429443359375,7,16363,4
1091,1056239,877.0,471.5,1,16363,5
1091,1056240,583.2999877929688,467.1000061035156,5,16364,0
1091,1056241,1461.0,480.5,1,16364,1
1091,1056242,1332.0,482.0,1,16364,2
1091,1056243,971.8333129882812,473.1666564941406,3,16364,3
1091,1056244,536.2000122070312,446.1000061035156,5,16364,4
1091,1056245,877.0,471.5,1,16364,5
1091,1056246,854.25,473.0,2,16365,0
1091,1056247,1564.0,509.5,1,16365,1
1091,1056248,1744.642822265625,452.8571472167969,7,16365,2
1091,1056249,1368.4000244140625,471.6000061035156,5,16365,3
1091,1056250,971.8333129882812,473.1666564941406,3,16365,4
1091,1056251,527.5833129882812,462.9166564941406,6,16366,0
1091,1056252,1564.0,509.5,1,16366,1
1091,1056253,877.0,471.5,1,16366,2
1091,1056254,583.2999877929688,467.1000061035156,5,16366,3
1091,1056255,1727.199951171875,453.6000061035156,5,16366,4
1091,1056256,1368.4000244140625,471.6000061035156,5,16366,5
1091,1056257,971.8333129882812,473.1666564941406,3,16366,6
1091,1056258,527.5833129882812,462.9166564941406,6,16367,0
1091,1056259,877.0,471.5,1,16367,1
1091,1056260,583.2999877929688,467.1000061035156,5,16367,2
1091,1056261,1368.4000244140625,471.6000061035156,5,16367,3
1091,1056262,971.8333129882812,473.1666564941406,3,16367,4
1101,1056098,561.75,464.25,4,16330,0
1101,1056099,895.5,477.0,1,16330,1
1101,1056100,529.5999755859375,466.0,5,16330,2
1101,1056101,24.0,474.5,1,16330,3
1101,1056102,1772.5833740234375,454.25,6,16331,0
1101,1056103,1909.0,469.0,1,16331,1
1101,1056104,831.5,474.5,1,16331,2
1101,1056105,522.7000122070312,408.1000061035156,5,16332,0
1101,1056106,520.5,375.0,1,16332,1
1101,1056107,520.5,448.5,1,16332,2
1101,1056108,586.5,642.0,1,16333,0
1101,1056109,1020.0,602.5,1,16333,1
1101,1056110,1678.5,518.5,1,16333,2
1101,1056111,1909.0,469.0,1,16334,0
1101,1056112,1678.5,518.5,1,16334,1
1101,1056113,1878.0,457.25,2,16334,2
1101,1056114,1672.5,442.0,1,16334,3
1101,1056115,527.5833129882812,462.9166564941406,6,16335,0
1101,1056116,877.0,471.5,1,16335,1
1101,1056117,1727.199951171875,453.6000061035156,5,16335,2
1101,1056118,1368.4000244140625,471.6000061035156,5,16335,3
1101,1056119,583.2999877929688,467.1000061035156,5,16335,4
1101,1056120,971.8333129882812,473.1666564941406,3,16335,5
1101,1056121,1564.0,509.5,1,16336,0
1101,1056122,1020.0,602.5,1,16336,1
1101,1056123,831.5,474.5,1,16336,2
1101,1056124,586.5,475.0,1,16336,3
1101,1056125,1461.0,480.5,1,16336,4
1101,1056126,1789.5,483.0,1,16336,5
1101,1056127,537.5,399.625,4,16337,0
1101,1056128,520.5,375.0,1,16337,1
1101,1056129,520.5,448.5,1,16337,2
1101,1056130,1020.0,602.5,1,16338,0
1101,1056131,1621.25,514.0,2,16338,1
1101,1056132,586.5,642.0,1,16338,2
1101,1056133,1789.5,483.0,1,16338,3
1101,1056134,1678.5,518.5,1,16339,0
1101,1056135,586.5,642.0,1,16339,1
1101,1056136,1909.0,469.0,1,16339,2
1101,1056137,1020.0,602.5,1,16339,3
1101,1056138,1848.5,465.8333435058594,3,16339,4
1101,1056139,1746.300048828125,453.1000061035156,5,16340,0
1101,1056140,831.5,474.5,1,16340,1
1101,1056141,533.75,475.75,2,16340,2
1101,1056142,24.0,474.5,1,16341,0
1101,1056143,608.5,481.0,1,16341,1
1101,1056144,854.25,473.0,2,16342,0
1101,1056145,534.6666870117188,476.8333435058594,3,16342,1
1101,1056146,1295.5,474.25,2,16342,2
1101,1056147,595.8333129882812,468.6666564941406,3,16342,3
1101,1056148,1461.0,480.5,1,16342,4
1101,1056149,971.8333129882812,473.1666564941406,3,16342,5
1101,1056150,1395.75,472.875,4,16343,0
1101,1056151,831.5,474.5,1,16343,1
1101,1056152,534.6666870117188,476.8333435058594,3,16343,2
1101,1056153,1366.0,473.625,4,16344,0
1101,1056154,854.25,473.0,2,16344,1
1101,1056155,534.6666870117188,476.8333435058594,3,16344,2
1101,1056156,595.8333129882812,468.6666564941406,3,16345,0
1101,1056157,971.8333129882812,473.1666564941406,3,16345,1
1101,1056158,534.6666870117188,476.8333435058594,3,16345,2
1101,1056159,877.0,471.5,1,16345,3
1101,1056160,1368.4000244140625,471.6000061035156,5,16346,0
1101,1056161,559.0,463.75,2,16346,1
1101,1056162,552.5,349.5,1,16346,2
1101,1056163,854.25,473.0,2,16346,3
1101,1056164,534.6666870117188,476.8333435058594,3,16346,4
1101,1056165,1564.0,509.5,1,16346,5
1101,1056166,1757.4166259765625,454.9166564941406,6,16347,0
1101,1056167,831.5,474.5,1,16347,1
1101,1056168,533.75,475.75,2,16347,2
1101,1056169,1621.25,514.0,2,16347,3
1101,1056170,1020.0,602.5,1,16347,4
1101,1056171,1368.4000244140625,471.6000061035156,5,16348,0
1101,1056172,993.5,470.5,1,16348,1
1101,1056173,559.0,463.75,2,16348,2
1101,1056174,552.5,349.5,1,16348,3
1101,1056175,854.25,473.0,2,16348,4
1101,1056176,534.6666870117188,476.8333435058594,3,16348,5
1101,1056177,895.5,477.0,1,16349,0
1101,1056178,1026.5,472.0,1,16349,1
1101,1056179,583.2999877929688,467.1000061035156,5,16349,2
1101,1056180,529.5999755859375,466.0,5,16349,3
1101,1056181,854.25,473.0,2,16349,4
1101,1056182,1010.0,471.25,2,16350,0
1101,1056183,595.8333129882812,468.6666564941406,3,16350,1
1101,1056184,1332.0,482.0,1,16350,2
1101,1056185,532.125,470.25,4,16350,3
1101,1056186,854.25,473.0,2,16350,4
1101,1056187,971.8333129882812,473.1666564941406,3,16351,0
1101,1056188,595.8333129882812,468.6666564941406,3,16351,1
1101,1056189,532.125,470.25,4,16351,2
1101,1056190,854.25,473.0,2,16351,3
1101,1056191,1368.4000244140625,471.6000061035156,5,16352,0
1101,1056192,831.5,474.5,1,16352,1
1101,1056193,534.6666870117188,476.8333435058594,3,16352,2
1101,1056194,528.1666870117188,398.5833435058594,6,16353,0
1101,1056195,520.5,375.0,1,16353,1
1101,1056196,546.1666870117188,458.6666564941406,3,16353,2
1101,1056197,1461.0,480.5,1,16353,3
1101,1056198,1332.0,482.0,1,16353,4
1101,1056199,520.5,375.0,1,16354,0
1101,1056200,520.5,448.5,1,16354,1
1101,1056201,528.1666870117188,398.5833435058594,6,16354,2
1101,1056202,561.75,464.25,4,16355,0
1101,1056203,895.5,477.0,1,16355,1
1101,1056204,530.3333129882812,424.6666564941406,9,16355,2
1101,1056205,520.5,375.0,1,16355,3
1101,1056206,1577.0,444.5,1,16356,0
1101,1056207,1789.5,483.0,1,16356,1
1101,1056208,831.5,474.5,1,16356,2
1101,1056209,533.75,475.75,2,16356,3
1101,1056210,530.3333129882812,424.6666564941406,9,16357,0
1101,1056211,530.25,452.0,2,16357,1
1101,1056212,520.5,375.0,1,16357,2
1101,1056213,1696.6666259765625,442.6666564941406,3,16358,0
1101,1056214,831.5,474.5,1,16358,1
1101,1056215,533.75,475.75,2,16358,2
1101,1056216,527.1875,433.875,8,16359,0
1101,1056217,556.3333129882812,461.6666564941406,3,16359,1
1101,1056218,895.5,477.0,1,16359,2
1101,1056219,520.5,375.0,1,16359,3
1101,1056220,1848.5,465.8333435058594,3,16360,0
1101,1056221,1672.5,442.0,1,16360,1
1101,1056222,831.5,474.5,1,16360,2
1101,1056223,1909.0,469.0,1,16360,3
1101,1056224,1678.5,518.5,1,16360,4
1101,1056225,1793.5,457.0,5,16361,0
1101,1056226,831.5,474.5,1,16361,1
1101,1056227,533.75,475.75,2,16361,2
1101,1056228,1909.0,469.0,1,16361,3
1101,1056229,1678.5,518.5,1,16361,4
1101,1056230,530.3333129882812,424.6666564941406,9,16362,0
1101,1056231,561.75,464.25,4,16362,1
1101,1056232,971.8333129882812,473.1666564941406,3,16362,2
1101,1056233,520.5,375.0,1,16362,3
1101,1056234,583.2999877929688,467.1000061035156,5,16363,0
1101,1056235,1461.0,480.5,1,16363,1
1101,1056236,1332.0,482.0,1,16363,2
1101,1056237,971.8333129882812,473.1666564941406,3,16363,3
1101,1056238,531.1428833007812,446.71429443359375,7,16363,4
1101,1056239,877.0,471.5,1,16363,5
1101,1056240,583.2999877929688,467.1000061035156,5,16364,0
1101,1056241,1461.0,480.5,1,16364,1
1101,1056242,1332.0,482.0,1,16364,2
1101,1056243,971.8333129882812,473.1666564941406,3,16364,3
1101,1056244,536.2000122070312,446.1000061035156,5,16364,4
1101,1056245,877.0,471.5,1,16364,5
1101,1056246,854.25,473.0,2,16365,0
1101,1056247,1564.0,509.5,1,16365,1
1101,1056248,1744.642822265625,452.8571472167969,7,16365,2
1101,1056249,1368.4000244140625,471.6000061035156,5,16365,3
1101,1056250,971.8333129882812,473.1666564941406,3,16365,4
1101,1056251,527.5833129882812,462.9166564941406,6,16366,0
1101,1056252,1564.0,509.5,1,16366,1
1101,1056253,877.0,471.5,1,16366,2
1101,1056254,583.2999877929688,467.1000061035156,5,16366,3
1101,1056255,1727.199951171875,453.6000061035156,5,16366,4
1101,1056256,1368.4000244140625,471.6000061035156,5,16366,5
1101,1056257,971.8333129882812,473.1666564941406,3,16366,6
1101,1056258,527.5833129882812,462.9166564941406,6,16367,0
1101,1056259,877.0,471.5,1,16367,1
1101,1056260,583.2999877929688,467.1000061035156,5,16367,2
1101,1056261,1368.4000244140625,471.6000061035156,5,16367,3
1101,1056262,971.8333129882812,473.1666564941406,3,16367,4
1111,1056098,561.75,464.25,4,16330,0
1111,1056099,895.5,477.0,1,16330,1
1111,1056100,529.5999755859375,466.0,5,16330,2
1111,1056101,24.0,474.5,1,16330,3
1111,1056102,1772.5833740234375,454.25,6,16331,0
1111,1056103,1909.0,469.0,1,16331,1
1111,1056104,831.5,474.5,1,16331,2
1111,1056105,522.7000122070312,408.1000061035156,5,16332,0
1111,1056106,520.5,375.0,1,16332,1
1111,1056107,520.5,448.5,1,16332,2
1111,1056108,586.5,642.0,1,16333,0
1111,1056109,1020.0,602.5,1,16333,1
1111,1056110,1678.5,518.5,1,16333,2
1111,1056111,1909.0,469.0,1,16334,0
1111,1056112,1678.5,518.5,1,16334,1
1111,1056113,1878.0,457.25,2,16334,2
1111,1056114,1672.5,442.0,1,16334,3
1111,1056115,527.5833129882812,462.9166564941406,6,16335,0
1111,1056116,877.0,471.5,1,16335,1
1111,1056117,1727.199951171875,453.6000061035156,5,16335,2
1111,1056118,1368.4000244140625,471.6000061035156,5,16335,3
1111,1056119,583.2999877929688,467.1000061035156,5,16335,4
1111,1056120,971.8333129882812,473.1666564941406,3,16335,5
1111,1056121,1564.0,509.5,1,16336,0
1111,1056122,1020.0,602.5,1,16336,1
1111,1056123,831.5,474.5,1,16336,2
1111,1056124,586.5,475.0,1,16336,3
1111,1056125,1461.0,480.5,1,16336,4
1111,1056126,1789.5,483.0,1,16336,5
1111,1056127,537.5,399.625,4,16337,0
1111,1056128,520.5,375.0,1,16337,1
1111,1056129,520.5,448.5,1,16337,2
1111,1056130,1020.0,602.5,1,16338,0
1111,1056131,1621.25,514.0,2,16338,1
1111,1056132,586.5,642.0,1,16338,2
1111,1056133,1789.5,483.0,1,16338,3
1111,1056134,1678.5,518.5,1,16339,0
1111,1056135,586.5,642.0,1,16339,1
1111,1056136,1909.0,469.0,1,16339,2
1111,1056137,1020.0,602.5,1,16339,3
1111,1056138,1848.5,465.8333435058594,3,16339,4
1111,1056139,1746.300048828125,453.1000061035156,5,16340,0
1111,1056140,831.5,474.5,1,16340,1
1111,1056141,533.75,475.75,2,16340,2
1111,1056142,24.0,474.5,1,16341,0
1111,1056143,608.5,481.0,1,16341,1
1111,1056144,854.25,473.0,2,16342,0
1111,1056145,534.6666870117188,476.8333435058594,3,16342,1
1111,1056146,1295.5,474.25,2,16342,2
1111,1056147,595.8333129882812,468.6666564941406,3,16342,3
1111,1056148,1461.0,480.5,1,16342,4
1111,1056149,971.8333129882812,473.1666564941406,3,16342,5
1111,1056150,1395.75,472.875,4,16343,0
1111,1056151,831.5,474.5,1,16343,1
1111,1056152,534.6666870117188,476.8333435058594,3,16343,2
1111,1056153,1366.0,473.625,4,16344,0
1111,1056154,854.25,473.0,2,16344,1
1111,1056155,534.6666870117188,476.8333435058594,3,16344,2
1111,1056156,595.8333129882812,468.6666564941406,3,16345,0
1111,1056157,971.8333129882812,473.1666564941406,3,16345,1
1111,1056158,534.6666870117188,476.8333435058594,3,16345,2
1111,1056159,877.0,471.5,1,16345,3
1111,1056160,1368.4000244140625,471.6000061035156,5,16346,0
1111,1056161,559.0,463.75,2,16346,1
1111,1056162,552.5,349.5,1,16346,2
1111,1056163,854.25,473.0,2,16346,3
1111,1056164,534.6666870117188,476.8333435058594,3,16346,4
1111,1056165,1564.0,509.5,1,16346,5
1111,1056166,1757.4166259765625,454.9166564941406,6,16347,0
1111,1056167,831.5,474.5,1,16347,1
1111,1056168,533.75,475.75,2,16347,2
1111,1056169,1621.25,514.0,2,16347,3
1111,1056170,1020.0,602.5,1,16347,4
1111,1056171,1368.4000244140625,471.6000061035156,5,16348,0
1111,1056172,993.5,470.5,1,16348,1
1111,1056173,559.0,463.75,2,16348,2
1111,1056174,552.5,349.5,1,16348,3
1111,1056175,854.25,473.0,2,16348,4
1111,1056176,534.6666870117188,476.8333435058594,3,16348,5
1111,1056177,895.5,477.0,1,16349,0
1111,1056178,1026.5,472.0,1,16349,1
1111,1056179,583.2999877929688,467.1000061035156,5,16349,2
1111,1056180,529.5999755859375,466.0,5,16349,3
1111,1056181,854.25,473.0,2,16349,4
1111,1056182,1010.0,471.25,2,16350,0
1111,1056183,595.8333129882812,468.6666564941406,3,16350,1
1111,1056184,1332.0,482.0,1,16350,2
1111,1056185,532.125,470.25,4,16350,3
1111,1056186,854.25,473.0,2,16350,4
1111,1056187,971.8333129882812,473.1666564941406,3,16351,0
1111,1056188,595.8333129882812,468.6666564941406,3,16351,1
1111,1056189,532.125,470.25,4,16351,2
1111,1056190,854.25,473.0,2,16351,3
1111,1056191,1368.4000244140625,471.6000061035156,5,16352,0
1111,1056192,831.5,474.5,1,16352,1
1111,1056193,534.6666870117188,476.8333435058594,3,16352,2
1111,1056194,528.1666870117188,398.5833435058594,6,16353,0
1111,1056195,520.5,375.0,1,16353,1
1111,1056196,546.1666870117188,458.6666564941406,3,16353,2
1111,1056197,1461.0,480.5,1,16353,3
1111,1056198,1332.0,482.0,1,16353,4
1111,1056199,520.5,375.0,1,16354,0
1111,1056200,520.5,448.5,1,16354,1
1111,1056201,528.1666870117188,398.5833435058594,6,16354,2
1111,1056202,561.75,464.25,4,16355,0
1111,1056203,895.5,477.0,1,16355,1
1111,1056204,530.3333129882812,424.6666564941406,9,16355,2
1111,1056205,520.5,375.0,1,16355,3
1111,1056206,1577.0,444.5,1,16356,0
1111,1056207,1789.5,483.0,1,16356,1
1111,1056208,831.5,474.5,1,16356,2
1111,1056209,533.75,475.75,2,16356,3
1111,1056210,530.3333129882812,424.6666564941406,9,16357,0
1111,1056211,530.25,452.0,2,16357,1
1111,1056212,520.5,375.0,1,16357,2
1111,1056213,1696.6666259765625,442.6666564941406,3,16358,0
1111,1056214,831.5,474.5,1,16358,1
1111,1056215,533.75,475.75,2,16358,2
1111,1056216,527.1875,433.875,8,16359,0
1111,1056217,556.3333129882812,461.6666564941406,3,16359,1
1111,1056218,895.5,477.0,1,16359,2
1111,1056219,520.5,375.0,1,16359,3
1111,1056220,1848.5,465.8333435058594,3,16360,0
1111,1056221,1672.5,442.0,1,16360,1
1111,1056222,831.5,474.5,1,16360,2
1111,1056223,1909.0,469.0,1,16360,3
1111,1056224,1678.5,518.5,1,16360,4
1111,1056225,1793.5,457.0,5,16361,0
1111,1056226,831.5,474.5,1,16361,1
1111,1056227,533.75,475.75,2,16361,2
1111,1056228,1909.0,469.0,1,16361,3
1111,1056229,1678.5,518.5,1,16361,4
1111,1056230,530.3333129882812,424.6666564941406,9,16362,0
1111,1056231,561.75,464.25,4,16362,1
1111,1056232,971.8333129882812,473.1666564941406,3,16362,2
1111,1056233,520.5,375.0,1,16362,3
1111,1056234,583.2999877929688,467.1000061035156,5,16363,0
1111,1056235,1461.0,480.5,1,16363,1
1111,1056236,1332.0,482.0,1,16363,2
1111,1056237,971.8333129882812,473.1666564941406,3,16363,3
1111,1056238,531.1428833007812,446.71429443359375,7,16363,4
1111,1056239,877.0,471.5,1,16363,5
1111,1056240,583.2999877929688,467.1000061035156,5,16364,0
1111,1056241,1461.0,480.5,1,16364,1
1111,1056242,1332.0,482.0,1,16364,2
1111,1056243,971.8333129882812,473.1666564941406,3,16364,3
1111,1056244,536.2000122070312,446.1000061035156,5,16364,4
1111,1056245,877.0,471.5,1,16364,5
1111,1056246,854.25,473.0,2,16365,0
1111,1056247,1564.0,509.5,1,16365,1
1111,1056248,1744.642822265625,452.8571472167969,7,16365,2
1111,1056249,1368.4000244140625,471.6000061035156,5,16365,3
1111,1056250,971.8333129882812,473.1666564941406,3,16365,4
1111,1056251,527.5833129882812,462.9166564941406,6,16366,0
1111,1056252,1564.0,509.5,1,16366,1
1111,1056253,877.0,471.5,1,16366,2
1111,1056254,583.2999877929688,467.1000061035156,5,16366,3
1111,1056255,1727.199951171875,453.6000061035156,5,16366,4
1111,1056256,1368.4000244140625,471.6000061035156,5,16366,5
1111,1056257,971.8333129882812,473.1666564941406,3,16366,6
1111,1056258,527.5833129882812,462.9166564941406,6,16367,0
1111,1056259,877.0,471.5,1,16367,1
1111,1056260,583.2999877929688,467.1000061035156,5,16367,2
1111,1056261,1368.4000244140625,471.6000061035156,5,16367,3
1111,1056262,971.8333129882812,473.1666564941406,3,16367,4
1121,1056098,561.75,464.25,4,16330,0
1121,1056099,895.5,477.0,1,16330,1
1121,1056100,529.5999755859375,466.0,5,16330,2
1121,1056101,24.0,474.5,1,16330,3
1121,1056102,1772.5833740234375,454.25,6,16331,0
1121,1056103,1909.0,469.0,1,16331,1
1121,1056104,831.5,474.5,1,16331,2
1121,1056105,522.7000122070312,408.1000061035156,5,16332,0
1121,1056106,520.5,375.0,1,16332,1
1121,1056107,520.5,448.5,1,16332,2
1121,1056108,586.5,642.0,1,16333,0
1121,1056109,1020.0,602.5,1,16333,1
1121,1056110,1678.5,518.5,1,16333,2
1121,1056111,1909.0,469.0,1,16334,0
1121,1056112,1678.5,518.5,1,16334,1
1121,1056113,1878.0,457.25,2,16334,2
1121,1056114,1672.5,442.0,1,16334,3
1121,1056115,527.5833129882812,462.9166564941406,6,16335,0
1121,1056116,877.0,471.5,1,16335,1
1121,1056117,1727.199951171875,453.6000061035156,5,16335,2
1121,1056118,1368.4000244140625,471.6000061035156,5,16335,3
1121,1056119,583.2999877929688,467.1000061035156,5,16335,4
1121,1056120,971.8333129882812,473.1666564941406,3,16335,5
1121,1056121,1564.0,509.5,1,16336,0
1121,1056122,1020.0,602.5,1,16336,1
1121,1056123,831.5,474.5,1,16336,2
1121,1056124,586.5,475.0,1,16336,3
1121,1056125,1461.0,480.5,1,16336,4
1121,1056126,1789.5,483.0,1,16336,5
1121,1056127,537.5,399.625,4,16337,0
1121,1056128,520.5,375.0,1,16337,1
1121,1056129,520.5,448.5,1,16337,2
1121,1056130,1020.0,602.5,1,16338,0
1121,1056131,1621.25,514.0,2,16338,1
1121,1056132,586.5,642.0,1,16338,2
1121,1056133,1789.5,483.0,1,16338,3
1121,1056134,1678.5,518.5,1,16339,0
1121,1056135,586.5,642.0,1,16339,1
1121,1056136,1909.0,469.0,1,16339,2
1121,1056137,1020.0,602.5,1,16339,3
1121,1056138,1848.5,465.8333435058594,3,16339,4
1121,1056139,1746.300048828125,453.1000061035156,5,16340,0
1121,1056140,831.5,474.5,1,16340,1
1121,1056141,533.75,475.75,2,16340,2
1121,1056142,24.0,474.5,1,16341,0
1121,1056143,608.5,481.0,1,16341,1
1121,1056144,854.25,473.0,2,16342,0
1121,1056145,534.6666870117188,476.8333435058594,3,16342,1
1121,1056146,1295.5,474.25,2,16342,2
1121,1056147,595.8333129882812,468.6666564941406,3,16342,3
1121,1056148,1461.0,480.5,1,16342,4
1121,1056149,971.8333129882812,473.1666564941406,3,16342,5
1121,1056150,1395.75,472.875,4,16343,0
1121,1056151,831.5,474.5,1,16343,1
1121,1056152,534.6666870117188,476.8333435058594,3,16343,2
1121,1056153,1366.0,473.625,4,16344,0
1121,1056154,854.25,473.0,2,16344,1
1121,1056155,534.6666870117188,476.8333435058594,3,16344,2
1121,1056156,595.8333129882812,468.6666564941406,3,16345,0
1121,1056157,971.8333129882812,473.1666564941406,3,16345,1
1121,1056158,534.6666870117188,476.8333435058594,3,16345,2
1121,1056159,877.0,471.5,1,16345,3
1121,1056160,1368.4000244140625,471.6000061035156,5,16346,0
1121,1056161,559.0,463.75,2,16346,1
1121,1056162,552.5,349.5,1,16346,2
1121,1056163,854.25,473.0,2,16346,3
1121,1056164,534.6666870117188,476.8333435058594,3,16346,4
1121,1056165,1564.0,509.5,1,16346,5
1121,1056166,1757.4166259765625,454.9166564941406,6,16347,0
1121,1056167,831.5,474.5,1,16347,1
1121,1056168,533.75,475.75,2,16347,2
1121,1056169,1621.25,514.0,2,16347,3
1121,1056170,1020.0,602.5,1,16347,4
1121,1056171,1368.4000244140625,471.6000061035156,5,16348,0
1121,1056172,993.5,470.5,1,16348,1
1121,1056173,559.0,463.75,2,16348,2
1121,1056174,552.5,349.5,1,16348,3
1121,1056175,854.25,473.0,2,16348,4
1121,1056176,534.6666870117188,476.8333435058594,3,16348,5
1121,1056177,895.5,477.0,1,16349,0
1121,1056178,1026.5,472.0,1,16349,1
1121,1056179,583.2999877929688,467.1000061035156,5,16349,2
1121,1056180,529.5999755859375,466.0,5,16349,3
1121,1056181,854.25,473.0,2,16349,4
1121,1056182,1010.0,471.25,2,16350,0
1121,1056183,595.8333129882812,468.6666564941406,3,16350,1
1121,1056184,1332.0,482.0,1,16350,2
1121,1056185,532.125,470.25,4,16350,3
1121,1056186,854.25,473.0,2,16350,4
1121,1056187,971.8333129882812,473.1666564941406,3,16351,0
1121,1056188,595.8333129882812,468.6666564941406,3,16351,1
1121,1056189,532.125,470.25,4,16351,2
1121,1056190,854.25,473.0,2,16351,3
1121,1056191,1368.4000244140625,471.6000061035156,5,16352,0
1121,1056192,831.5,474.5,1,16352,1
1121,1056193,534.6666870117188,476.8333435058594,3,16352,2
1121,1056194,528.1666870117188,398.5833435058594,6,16353,0
1121,1056195,520.5,375.0,1,16353,1
1121,1056196,546.1666870117188,458.6666564941406,3,16353,2
1121,1056197,1461.0,480.5,1,16353,3
1121,1056198,1332.0,482.0,1,16353,4
1121,1056199,520.5,375.0,1,16354,0
1121,1056200,520.5,448.5,1,16354,1
1121,1056201,528.1666870117188,398.5833435058594,6,16354,2
1121,1056202,561.75,464.25,4,16355,0
1121,1056203,895.5,477.0,1,16355,1
1121,1056204,530.3333129882812,424.6666564941406,9,16355,2
1121,1056205,520.5,375.0,1,16355,3
1121,1056206,1577.0,444.5,1,16356,0
1121,1056207,1789.5,483.0,1,16356,1
1121,1056208,831.5,474.5,1,16356,2
1121,1056209,533.75,475.75,2,16356,3
1121,1056210,530.3333129882812,424.6666564941406,9,16357,0
1121,1056211,530.25,452.0,2,16357,1
1121,1056212,520.5,375.0,1,16357,2
1121,1056213,1696.6666259765625,442.6666564941406,3,16358,0
1121,1056214,831.5,474.5,1,16358,1
1121,1056215,533.75,475.75,2,16358,2
1121,1056216,527.1875,433.875,8,16359,0
1121,1056217,556.3333129882812,461.6666564941406,3,16359,1
1121,1056218,895.5,477.0,1,16359,2
1121,1056219,520.5,375.0,1,16359,3
1121,1056220,1848.5,465.8333435058594,3,16360,0
1121,1056221,1672.5,442.0,1,16360,1
1121,1056222,831.5,474.5,1,16360,2
1121,1056223,1909.0,469.0,1,16360,3
1121,1056224,1678.5,518.5,1,16360,4
1121,1056225,1793.5,457.0,5,16361,0
1121,1056226,831.5,474.5,1,16361,1
1121,1056227,533.75,475.75,2,16361,2
1121,1056228,1909.0,469.0,1,16361,3
1121,1056229,1678.5,518.5,1,16361,4
1121,1056230,530.3333129882812,424.6666564941406,9,16362,0
1121,1056231,561.75,464.25,4,16362,1
1121,1056232,971.8333129882812,473.1666564941406,3,16362,2
1121,1056233,520.5,375.0,1,16362,3
1121,1056234,583.2999877929688,467.1000061035156,5,16363,0
1121,1056235,1461.0,480.5,1,16363,1
1121,1056236,1332.0,482.0,1,16363,2
1121,1056237,971.8333129882812,473.1666564941406,3,16363,3
1121,1056238,531.1428833007812,446.71429443359375,7,16363,4
1121,1056239,877.0,471.5,1,16363,5
1121,1056240,583.2999877929688,467.1000061035156,5,16364,0
1121,1056241,1461.0,480.5,1,16364,1
1121,1056242,1332.0,482.0,1,16364,2
1121,1056243,971.8333129882812,473.1666564941406,3,16364,3
1121,1056244,536.2000122070312,446.1000061035156,5,16364,4
1121,1056245,877.0,471.5,1,16364,5
1121,1056246,854.25,473.0,2,16365,0
1121,1056247,1564.0,509.5,1,16365,1
1121,1056248,1744.642822265625,452.8571472167969,7,16365,2
1121,1056249,1368.4000244140625,471.6000061035156,5,16365,3
1121,1056250,971.8333129882812,473.1666564941406,3,16365,4
1121,1056251,527.5833129882812,462.9166564941406,6,16366,0
1121,1056252,1564.0,509.5,1,16366,1
1121,1056253,877.0,471.5,1,16366,2
1121,1056254,583.2999877929688,467.1000061035156,5,16366,3
1121,1056255,1727.199951171875,453.6000061035156,5,16366,4
1121,1056256,1368.4000244140625,471.6000061035156,5,16366,5
1121,1056257,971.8333129882812,473.1666564941406,3,16366,6
1121,1056258,527.5833129882812,462.9166564941406,6,16367,0
1121,1056259,877.0,471.5,1,16367,1
1121,1056260,583.2999877929688,467.1000061035156,5,16367,2
1121,1056261,1368.4000244140625,471.6000061035156,5,16367,3
1121,1056262,971.8333129882812,473.1666564941406,3,16367,4
1131,1056098,561.75,464.25,4,16330,0
1131,1056099,895.5,477.0,1,16330,1
1131,1056100,529.5999755859375,466.0,5,16330,2
1131,1056101,24.0,474.5,1,16330,3
1131,1056102,1772.5833740234375,454.25,6,16331,0
1131,1056103,1909.0,469.0,1,16331,1
1131,1056104,831.5,474.5,1,16331,2
1131,1056105,522.7000122070312,408.1000061035156,5,16332,0
1131,1056106,520.5,375.0,1,16332,1
1131,1056107,520.5,448.5,1,16332,2
1131,1056108,586.5,642.0,1,16333,0
1131,1056109,1020.0,602.5,1,16333,1
1131,1056110,1678.5,518.5,1,16333,2
1131,1056111,1909.0,469.0,1,16334,0
1131,1056112,1678.5,518.5,1,16334,1
1131,1056113,1878.0,457.25,2,16334,2
1131,1056114,1672.5,442.0,1,16334,3
1131,1056115,527.5833129882812,462.9166564941406,6,16335,0
1131,1056116,877.0,471.5,1,16335,1
1131,1056117,1727.199951171875,453.6000061035156,5,16335,2
1131,1056118,1368.4000244140625,471.6000061035156,5,16335,3
1131,1056119,583.2999877929688,467.1000061035156,5,16335,4
1131,1056120,971.8333129882812,473.1666564941406,3,16335,5
1131,1056121,1564.0,509.5,1,16336,0
1131,1056122,1020.0,602.5,1,16336,1
1131,1056123,831.5,474.5,1,16336,2
1131,1056124,586.5,475.0,1,16336,3
1131,1056125,1461.0,480.5,1,16336,4
1131,1056126,1789.5,483.0,1,16336,5
1131,1056127,537.5,399.625,4,16337,0
1131,1056128,520.5,375.0,1,16337,1
1131,1056129,520.5,448.5,1,16337,2
1131,1056130,1020.0,602.5,1,16338,0
1131,1056131,1621.25,514.0,2,16338,1
1131,1056132,586.5,642.0,1,16338,2
1131,1056133,1789.5,483.0,1,16338,3
1131,1056134,1678.5,518.5,1,16339,0
1131,1056135,586.5,642.0,1,16339,1
1131,1056136,1909.0,469.0,1,16339,2
1131,1056137,1020.0,602.5,1,16339,3
1131,1056138,1848.5,465.8333435058594,3,16339,4
1131,1056139,1746.300048828125,453.1000061035156,5,16340,0
1131,1056140,831.5,474.5,1,16340,1
1131,1056141,533.75,475.75,2,16340,2
1131,1056142,24.0,474.5,1,16341,0
1131,1056143,608.5,481.0,1,16341,1
1131,1056144,854.25,473.0,2,16342,0
1131,1056145,534.6666870117188,476.8333435058594,3,16342,1
1131,1056146,1295.5,474.25,2,16342,2
1131,1056147,595.8333129882812,468.6666564941406,3,16342,3
1131,1056148,1461.0,480.5,1,16342,4
1131,1056149,971.8333129882812,473.1666564941406,3,16342,5
1131,1056150,1395.75,472.875,4,16343,0
1131,1056151,831.5,474.5,1,16343,1
1131,1056152,534.6666870117188,476.8333435058594,3,16343,2
1131,1056153,1366.0,473.625,4,16344,0
1131,1056154,854.25,473.0,2,16344,1
1131,1056155,534.6666870117188,476.8333435058594,3,16344,2
1131,1056156,595.8333129882812,468.6666564941406,3,16345,0
1131,1056157,971.8333129882812,473.1666564941406,3,16345,1
1131,1056158,534.6666870117188,476.8333435058594,3,16345,2
1131,1056159,877.0,471.5,1,16345,3
1131,1056160,1368.4000244140625,471.6000061035156,5,16346,0
1131,1056161,559.0,463.75,2,16346,1
1131,1056162,552.5,349.5,1,16346,2
1131,1056163,854.25,473.0,2,16346,3
1131,1056164,534.6666870117188,476.8333435058594,3,16346,4
1131,1056165,1564.0,509.5,1,16346,5
1131,1056166,1757.4166259765625,454.9166564941406,6,16347,0
1131,1056167,831.5,474.5,1,16347,1
1131,1056168,533.75,475.75,2,16347,2
1131,1056169,1621.25,514.0,2,16347,3
1131,1056170,1020.0,602.5,1,16347,4
1131,1056171,1368.4000244140625,471.6000061035156,5,16348,0
1131,1056172,993.5,470.5,1,16348,1
1131,1056173,559.0,463.75,2,16348,2
1131,1056174,552.5,349.5,1,16348,3
1131,1056175,854.25,473.0,2,16348,4
1131,1056176,534.6666870117188,476.8333435058594,3,16348,5
1131,1056177,895.5,477.0,1,16349,0
1131,1056178,1026.5,472.0,1,16349,1
1131,1056179,583.2999877929688,467.1000061035156,5,16349,2
1131,1056180,529.5999755859375,466.0,5,16349,3
1131,1056181,854.25,473.0,2,16349,4
1131,1056182,1010.0,471.25,2,16350,0
1131,1056183,595.8333129882812,468.6666564941406,3,16350,1
1131,1056184,1332.0,482.0,1,16350,2
1131,1056185,532.125,470.25,4,16350,3
1131,1056186,854.25,473.0,2,16350,4
1131,1056187,971.8333129882812,473.1666564941406,3,16351,0
1131,1056188,595.8333129882812,468.6666564941406,3,16351,1
1131,1056189,532.125,470.25,4,16351,2
1131,1056190,854.25,473.0,2,16351,3
1131,1056191,1368.4000244140625,471.6000061035156,5,16352,0
1131,1056192,831.5,474.5,1,16352,1
1131,1056193,534.6666870117188,476.8333435058594,3,16352,2
1131,1056194,528.1666870117188,398.5833435058594,6,16353,0
1131,1056195,520.5,375.0,1,16353,1
1131,1056196,546.1666870117188,458.6666564941406,3,16353,2
1131,1056197,1461.0,480.5,1,16353,3
1131,1056198,1332.0,482.0,1,16353,4
1131,1056199,520.5,375.0,1,16354,0
1131,1056200,520.5,448.5,1,16354,1
1131,1056201,528.1666870117188,398.5833435058594,6,16354,2
1131,1056202,561.75,464.25,4,16355,0
1131,1056203,895.5,477.0,1,16355,1
1131,1056204,530.3333129882812,424.6666564941406,9,16355,2
1131,1056205,520.5,375.0,1,16355,3
1131,1056206,1577.0,444.5,1,16356,0
1131,1056207,1789.5,483.0,1,16356,1
1131,1056208,831.5,474.5,1,16356,2
1131,1056209,533.75,475.75,2,16356,3
1131,1056210,530.3333129882812,424.6666564941406,9,16357,0
1131,1056211,530.25,452.0,2,16357,1
1131,1056212,520.5,375.0,1,16357,2
1131,1056213,1696.6666259765625,442.6666564941406,3,16358,0
1131,1056214,831.5,474.5,1,16358,1
1131,1056215,533.75,475.75,2,16358,2
1131,1056216,527.1875,433.875,8,16359,0
1131,1056217,556.3333129882812,461.6666564941406,3,16359,1
1131,1056218,895.5,477.0,1,16359,2
1131,1056219,520.5,375.0,1,16359,3
1131,1056220,1848.5,465.8333435058594,3,16360,0
1131,1056221,1672.5,442.0,1,16360,1
1131,1056222,831.5,474.5,1,16360,2
1131,1056223,1909.0,469.0,1,16360,3
1131,1056224,1678.5,518.5,1,16360,4
1131,1056225,1793.5,457.0,5,16361,0
1131,1056226,831.5,474.5,1,16361,1
1131,1056227,533.75,475.75,2,16361,2
1131,1056228,1909.0,469.0,1,16361,3
1131,1056229,1678.5,518.5,1,16361,4
1131,1056230,530.3333129882812,424.6666564941406,9,16362,0
1131,1056231,561.75,464.25,4,16362,1
1131,1056232,971.8333129882812,473.1666564941406,3,16362,2
1131,1056233,520.5,375.0,1,16362,3
1131,1056234,583.2999877929688,467.1000061035156,5,16363,0
1131,1056235,1461.0,480.5,1,16363,1
1131,1056236,1332.0,482.0,1,16363,2
1131,1056237,971.8333129882812,473.1666564941406,3,16363,3
1131,1056238,531.1428833007812,446.71429443359375,7,16363,4
1131,1056239,877.0,471.5,1,16363,5
1131,1056240,583.2999877929688,467.1000061035156,5,16364,0
1131,1056241,1461.0,480.5,1,16364,1
1131,1056242,1332.0,482.0,1,16364,2
1131,1056243,971.8333129882812,473.1666564941406,3,16364,3
1131,1056244,536.2000122070312,446.1000061035156,5,16364,4
1131,1056245,877.0,471.5,1,16364,5
1131,1056246,854.25,473.0,2,16365,0
1131,1056247,1564.0,509.5,1,16365,1
1131,1056248,1744.642822265625,452.8571472167969,7,16365,2
1131,1056249,1368.4000244140625,471.6000061035156,5,16365,3
1131,1056250,971.8333129882812,473.1666564941406,3,16365,4
1131,1056251,527.5833129882812,462.9166564941406,6,16366,0
1131,1056252,1564.0,509.5,1,16366,1
1131,1056253,877.0,471.5,1,16366,2
1131,1056254,583.2999877929688,467.1000061035156,5,16366,3
1131,1056255,1727.199951171875,453.6000061035156,5,16366,4
1131,1056256,1368.4000244140625,471.6000061035156,5,16366,5
1131,1056257,971.8333129882812,473.1666564941406,3,16366,6
1131,1056258,527.5833129882812,462.9166564941406,6,16367,0
1131,1056259,877.0,471.5,1,16367,1
1131,1056260,583.2999877929688,467.1000061035156,5,16367,2
1131,1056261,1368.4000244140625,471.6000061035156,5,16367,3
1131,1056262,971.8333129882812,473.1666564941406,3,16367,4
1141,1056098,561.75,464.25,4,16330,0
1141,1056099,895.5,477.0,1,16330,1
1141,1056100,529.5999755859375,466.0,5,16330,2
1141,1056101,24.0,474.5,1,16330,3
1141,1056102,1772.5833740234375,454.25,6,16331,0
1141,1056103,1909.0,469.0,1,16331,1
1141,1056104,831.5,474.5,1,16331,2
1141,1056105,522.7000122070312,408.1000061035156,5,16332,0
1141,1056106,520.5,375.0,1,16332,1
1141,1056107,520.5,448.5,1,16332,2
1141,1056108,586.5,642.0,1,16333,0
1141,1056109,1020.0,602.5,1,16333,1
1141,1056110,1678.5,518.5,1,16333,2
1141,1056111,1909.0,469.0,1,16334,0
1141,1056112,1678.5,518.5,1,16334,1
1141,1056113,1878.0,457.25,2,16334,2
1141,1056114,1672.5,442.0,1,16334,3
1141,1056115,527.5833129882812,462.9166564941406,6,16335,0
1141,1056116,877.0,471.5,1,16335,1
1141,1056117,1727.199951171875,453.6000061035156,5,16335,2
1141,1056118,1368.4000244140625,471.6000061035156,5,16335,3
1141,1056119,583.2999877929688,467.1000061035156,5,16335,4
1141,1056120,971.8333129882812,473.1666564941406,3,16335,5
1141,1056121,1564.0,509.5,1,16336,0
1141,1056122,1020.0,602.5,1,16336,1
1141,1056123,831.5,474.5,1,16336,2
1141,1056124,586.5,475.0,1,16336,3
1141,1056125,1461.0,480.5,1,16336,4
1141,1056126,1789.5,483.0,1,16336,5
1141,1056127,537.5,399.625,4,16337,0
1141,1056128,520.5,375.0,1,16337,1
1141,1056129,520.5,448.5,1,16337,2
1141,1056130,1020.0,602.5,1,16338,0
1141,1056131,1621.25,514.0,2,16338,1
1141,1056132,586.5,642.0,1,16338,2
1141,1056133,1789.5,483.0,1,16338,3
1141,1056134,1678.5,518.5,1,16339,0
1141,1056135,586.5,642.0,1,16339,1
1141,1056136,1909.0,469.0,1,16339,2
1141,1056137,1020.0,602.5,1,16339,3
1141,1056138,1848.5,465.8333435058594,3,16339,4
1141,1056139,1746.300048828125,453.1000061035156,5,16340,0
1141,1056140,831.5,474.5,1,16340,1
1141,1056141,533.75,475.75,2,16340,2
1141,1056142,24.0,474.5,1,16341,0
1141,1056143,608.5,481.0,1,16341,1
1141,1056144,854.25,473.0,2,16342,0
1141,1056145,534.6666870117188,476.8333435058594,3,16342,1
1141,1056146,1295.5,474.25,2,16342,2
1141,1056147,595.8333129882812,468.6666564941406,3,16342,3
1141,1056148,1461.0,480.5,1,16342,4
1141,1056149,971.8333129882812,473.1666564941406,3,16342,5
1141,1056150,1395.75,472.875,4,16343,0
1141,1056151,831.5,474.5,1,16343,1
1141,1056152,534.6666870117188,476.8333435058594,3,16343,2
1141,1056153,1366.0,473.625,4,16344,0
1141,1056154,854.25,473.0,2,16344,1
1141,1056155,534.6666870117188,476.8333435058594,3,16344,2
1141,1056156,595.8333129882812,468.6666564941406,3,16345,0
1141,1056157,971.8333129882812,473.1666564941406,3,16345,1
1141,1056158,534.6666870117188,476.8333435058594,3,16345,2
1141,1056159,877.0,471.5,1,16345,3
1141,1056160,1368.4000244140625,471.6000061035156,5,16346,0
1141,1056161,559.0,463.75,2,16346,1
1141,1056162,552.5,349.5,1,16346,2
1141,1056163,854.25,473.0,2,16346,3
1141,1056164,534.6666870117188,476.8333435058594,3,16346,4
1141,1056165,1564.0,509.5,1,16346,5
1141,1056166,1757.4166259765625,454.9166564941406,6,16347,0
1141,1056167,831.5,474.5,1,16347,1
1141,1056168,533.75,475.75,2,16347,2
1141,1056169,1621.25,514.0,2,16347,3
1141,1056170,1020.0,602.5,1,16347,4
1141,1056171,1368.4000244140625,471.6000061035156,5,16348,0
1141,1056172,993.5,470.5,1,16348,1
1141,1056173,559.0,463.75,2,16348,2
1141,1056174,552.5,349.5,1,16348,3
1141,1056175,854.25,473.0,2,16348,4
1141,1056176,534.6666870117188,476.8333435058594,3,16348,5
1141,1056177,895.5,477.0,1,16349,0
1141,1056178,1026.5,472.0,1,16349,1
1141,1056179,583.2999877929688,467.1000061035156,5,16349,2
1141,1056180,529.5999755859375,466.0,5,16349,3
1141,1056181,854.25,473.0,2,16349,4
1141,1056182,1010.0,471.25,2,16350,0
1141,1056183,595.8333129882812,468.6666564941406,3,16350,1
1141,1056184,1332.0,482.0,1,16350,2
1141,1056185,532.125,470.25,4,16350,3
1141,1056186,854.25,473.0,2,16350,4
1141,1056187,971.8333129882812,473.1666564941406,3,16351,0
1141,1056188,595.8333129882812,468.6666564941406,3,16351,1
1141,1056189,532.125,470.25,4,16351,2
1141,1056190,854.25,473.0,2,16351,3
1141,1056191,1368.4000244140625,471.6000061035156,5,16352,0
1141,1056192,831.5,474.5,1,16352,1
1141,1056193,534.6666870117188,476.8333435058594,3,16352,2
1141,1056194,528.1666870117188,398.5833435058594,6,16353,0
1141,1056195,520.5,375.0,1,16353,1
1141,1056196,546.1666870117188,458.6666564941406,3,16353,2
1141,1056197,1461.0,480.5,1,16353,3
1141,1056198,1332.0,482.0,1,16353,4
1141,1056199,520.5,375.0,1,16354,0
1141,1056200,520.5,448.5,1,16354,1
1141,1056201,528.1666870117188,398.5833435058594,6,16354,2
1141,1056202,561.75,464.25,4,16355,0
1141,1056203,895.5,477.0,1,16355,1
1141,1056204,530.3333129882812,424.6666564941406,9,16355,2
1141,1056205,520.5,375.0,1,16355,3
1141,1056206,1577.0,444.5,1,16356,0
1141,1056207,1789.5,483.0,1,16356,1
1141,1056208,831.5,474.5,1,16356,2
1141,1056209,533.75,475.75,2,16356,3
1141,1056210,530.3333129882812,424.6666564941406,9,16357,0
1141,1056211,530.25,452.0,2,16357,1
1141,1056212,520.5,375.0,1,16357,2
1141,1056213,1696.6666259765625,442.6666564941406,3,16358,0
1141,1056214,831.5,474.5,1,16358,1
1141,1056215,533.75,475.75,2,16358,2
1141,1056216,527.1875,433.875,8,16359,0
1141,1056217,556.3333129882812,461.6666564941406,3,16359,1
1141,1056218,895.5,477.0,1,16359,2
1141,1056219,520.5,375.0,1,16359,3
1141,1056220,1848.5,465.8333435058594,3,16360,0
1141,1056221,1672.5,442.0,1,16360,1
1141,1056222,831.5,474.5,1,16360,2
1141,1056223,1909.0,469.0,1,16360,3
1141,1056224,1678.5,518.5,1,16360,4
1141,1056225,1793.5,457.0,5,16361,0
1141,1056226,831.5,474.5,1,16361,1
1141,1056227,533.75,475.75,2,16361,2
1141,1056228,1909.0,469.0,1,16361,3
1141,1056229,1678.5,518.5,1,16361,4
1141,1056230,530.3333129882812,424.6666564941406,9,16362,0
1141,1056231,561.75,464.25,4,16362,1
1141,1056232,971.8333129882812,473.1666564941406,3,16362,2
1141,1056233,520.5,375.0,1,16362,3
1141,1056234,583.2999877929688,467.1000061035156,5,16363,0
1141,1056235,1461.0,480.5,1,16363,1
1141,1056236,1332.0,482.0,1,16363,2
1141,1056237,971.8333129882812,473.1666564941406,3,16363,3
1141,1056238,531.1428833007812,446.71429443359375,7,16363,4
1141,1056239,877.0,471.5,1,16363,5
1141,1056240,583.2999877929688,467.1000061035156,5,16364,0
1141,1056241,1461.0,480.5,1,16364,1
1141,1056242,1332.0,482.0,1,16364,2
1141,1056243,971.8333129882812,473.1666564941406,3,16364,3
1141,1056244,536.2000122070312,446.1000061035156,5,16364,4
1141,1056245,877.0,471.5,1,16364,5
1141,1056246,854.25,473.0,2,16365,0
1141,1056247,1564.0,509.5,1,16365,1
1141,1056248,1744.642822265625,452.8571472167969,7,16365,2
1141,1056249,1368.4000244140625,471.6000061035156,5,16365,3
1141,1056250,971.8333129882812,473.1666564941406,3,16365,4
1141,1056251,527.5833129882812,462.9166564941406,6,16366,0
1141,1056252,1564.0,509.5,1,16366,1
1141,1056253,877.0,471.5,1,16366,2
1141,1056254,583.2999877929688,467.1000061035156,5,16366,3
1141,1056255,1727.199951171875,453.6000061035156,5,16366,4
1141,1056256,1368.4000244140625,471.6000061035156,5,16366,5
1141,1056257,971.8333129882812,473.1666564941406,3,16366,6
1141,1056258,527.5833129882812,462.9166564941406,6,16367,0
1141,1056259,877.0,471.5,1,16367,1
1141,1056260,583.2999877929688,467.1000061035156,5,16367,2
1141,1056261,1368.4000244140625,471.6000061035156,5,16367,3
1141,1056262,971.8333129882812,473.1666564941406,3,16367,4
1151,1056098,554.625,460.125,4,16330,0
1151,1056099,859.0,475.5,1,16330,1
1151,1056100,554.4749755859375,466.5,4,16330,2
1151,1056101,27.5,474.5,1,16330,3
1151,1056102,1762.683349609375,455.3500061035156,5,16331,0
1151,1056103,1889.0,465.5,1,16331,1
1151,1056104,866.0,476.5,1,16331,2
1151,1056105,521.0750122070312,405.7250061035156,4,16332,0
1151,1056106,518.5,372.5,1,16332,1
1151,1056107,522.0,440.75,2,16332,2
1151,1056108,651.0,632.0,1,16333,0
1151,1056109,1056.5,600.5,1,16333,1
1151,1056110,1665.5,517.0,1,16333,2
1151,1056111,1889.0,465.5,1,16334,0
1151,1056112,1665.5,517.0,1,16334,1
1151,1056113,1869.25,457.0,2,16334,2
1151,1056114,1672.5,442.0,1,16334,3
1151,1056115,551.4583129882812,460.7916564941406,4,16335,0
1151,1056116,842.5,470.5,1,16335,1
1151,1056117,1712.324951171875,455.3500061035156,4,16335,2
1151,1056118,1338.7750244140625,471.6000061035156,4,16335,3
1151,1056119,581.9666748046875,464.6000061035156,6,16335,4
1151,1056120,928.0833129882812,472.9166564941406,2,16335,5
1151,1056121,1568.5,510.5,1,16336,0
1151,1056122,1056.5,600.5,1,16336,1
1151,1056123,866.0,476.5,1,16336,2
1151,1056124,623.5,476.0,1,16336,3
1151,1056125,1413.5,480.5,1,16336,4
1151,1056126,1763.5,485.5,1,16336,5
1151,1056127,536.8333129882812,396.125,3,16337,0
1151,1056128,518.5,372.5,1,16337,1
1151,1056129,522.5,433.5,1,16337,2
1151,1056130,1056.5,600.5,1,16338,0
1151,1056131,1617.0,513.75,2,16338,1
1151,1056132,651.0,632.0,1,16338,2
1151,1056133,1763.5,485.5,1,16338,3
1151,1056134,1665.5,517.0,1,16339,0
1151,1056135,651.0,632.0,1,16339,1
1151,1056136,1889.0,465.5,1,16339,2
1151,1056137,1056.5,600.5,1,16339,3
1151,1056138,1836.0,467.0833435058594,2,16339,4
1151,1056139,1736.4000244140625,454.20001220703125,5,16340,0
1151,1056140,866.0,476.5,1,16340,1
1151,1056141,571.25,476.5,2,16340,2
1151,1056142,27.5,474.5,1,16341,0
1151,1056143,577.0,480.5,1,16341,1
1151,1056144,854.25,473.5,2,16342,0
1151,1056145,565.1666870117188,477.3333435058594,2,16342,1
1151,1056146,1272.5,474.5,2,16342,2
1151,1056147,605.8333129882812,468.9166564941406,2,16342,3
1151,1056148,1413.5,480.5,1,16342,4
1151,1056149,955.3333129882812,473.1666564941406,3,16342,5
1151,1056150,1366.9166259765625,473.0416564941406,3,16343,0
1151,1056151,867.75,475.75,2,16343,1
1151,1056152,565.1666870117188,477.3333435058594,2,16343,2
1151,1056153,1339.0,473.9583435058594,3,16344,0
1151,1056154,866.9166870117188,473.5,3,16344,1
1151,1056155,565.1666870117188,477.3333435058594,2,16344,2
1151,1056156,605.8333129882812,468.9166564941406,2,16345,0
1151,1056157,955.3333129882812,473.1666564941406,3,16345,1
1151,1056158,565.1666870117188,477.3333435058594,2,16345,2
1151,1056159,842.5,470.5,1,16345,3
1151,1056160,1338.7750244140625,471.6000061035156,4,16346,0
1151,1056161,557.25,463.25,2,16346,1
1151,1056162,549.0,349.5,1,16346,2
1151,1056163,866.9166870117188,473.5,3,16346,3
1151,1056164,565.1666870117188,477.3333435058594,2,16346,4
1151,1056165,1568.5,510.5,1,16346,5
1151,1056166,1747.2916259765625,455.4166564941406,4,16347,0
1151,1056167,866.0,476.5,1,16347,1
1151,1056168,571.25,476.5,2,16347,2
1151,1056169,1617.0,513.75,2,16347,3
1151,1056170,1056.5,600.5,1,16347,4
1151,1056171,1338.7750244140625,471.6000061035156,4,16348,0
1151,1056172,987.0,471.25,2,16348,1
1151,1056173,557.25,463.25,2,16348,2
1151,1056174,549.0,349.5,1,16348,3
1151,1056175,854.25,473.5,2,16348,4
1151,1056176,565.1666870117188,477.3333435058594,2,16348,5
1151,1056177,859.0,475.5,1,16349,0
1151,1056178,977.5,474.0,1,16349,1
1151,1056179,581.5999755859375,464.0,5,16349,2
1151,1056180,554.4749755859375,466.5,4,16349,3
1151,1056181,854.25,473.5,2,16349,4
1151,1056182,960.0,472.75,2,16350,0
1151,1056183,605.8333129882812,468.9166564941406,2,16350,1
1151,1056184,1318.0,483.0,1,16350,2
1151,1056185,557.4583129882812,470.5833435058594,3,16350,3
1151,1056186,862.25,473.3333435058594,3,16350,4
1151,1056187,928.0833129882812,472.9166564941406,2,16351,0
1151,1056188,605.8333129882812,468.9166564941406,2,16351,1
1151,1056189,557.4583129882812,470.5833435058594,3,16351,2
1151,1056190,862.25,473.3333435058594,3,16351,3
1151,1056191,1338.7750244140625,471.6000061035156,4,16352,0
1151,1056192,867.75,475.75,2,16352,1
1151,1056193,565.1666870117188,477.3333435058594,2,16352,2
1151,1056194,526.6666870117188,396.2083435058594,4,16353,0
1151,1056195,519.5,373.75,2,16353,1
1151,1056196,546.0,453.33331298828125,3,16353,2
1151,1056197,1413.5,480.5,1,16353,3
1151,1056198,1318.0,483.0,1,16353,4
1151,1056199,518.5,372.5,1,16354,0
1151,1056200,522.0,440.75,2,16354,1
1151,1056201,527.5416870117188,396.2083435058594,4,16354,2
1151,1056202,554.625,460.125,4,16355,0
1151,1056203,859.0,475.5,1,16355,1
1151,1056204,543.547607421875,423.5238037109375,7,16355,2
1151,1056205,519.75,373.75,2,16355,3
1151,1056206,1551.5,445.5,1,16356,0
1151,1056207,1763.5,485.5,1,16356,1
1151,1056208,866.0,476.5,1,16356,2
1151,1056209,571.25,476.5,2,16356,3
1151,1056210,543.547607421875,423.5238037109375,7,16357,0
1151,1056211,531.25,446.6666564941406,3,16357,1
1151,1056212,519.75,373.75,2,16357,2
1151,1056213,1692.1666259765625,444.4166564941406,2,16358,0
1151,1056214,866.0,476.5,1,16358,1
1151,1056215,571.25,476.5,2,16358,2
1151,1056216,542.6041870117188,432.5416564941406,6,16359,0
1151,1056217,546.8333129882812,456.33331298828125,3,16359,1
1151,1056218,859.0,475.5,1,16359,2
1151,1056219,519.5,373.75,2,16359,3
1151,1056220,1836.0,467.0833435058594,2,16360,0
1151,1056221,1672.5,442.0,1,16360,1
1151,1056222,866.0,476.5,1,16360,2
1151,1056223,1889.0,465.5,1,16360,3
1151,1056224,1665.5,517.0,1,16360,4
1151,1056225,1783.375,457.5,4,16361,0
1151,1056226,866.0,476.5,1,16361,1
1151,1056227,571.25,476.5,2,16361,2
1151,1056228,1889.0,465.5,1,16361,3
1151,1056229,1665.5,517.0,1,16361,4
1151,1056230,543.547607421875,423.5238037109375,7,16362,0
1151,1056231,554.625,460.125,4,16362,1
1151,1056232,928.0833129882812,472.9166564941406,2,16362,2
1151,1056233,519.75,373.75,2,16362,3
1151,1056234,581.5999755859375,464.0,5,16363,0
1151,1056235,1413.5,480.5,1,16363,1
1151,1056236,1318.0,483.0,1,16363,2
1151,1056237,928.0833129882812,472.9166564941406,2,16363,3
1151,1056238,544.8428955078125,445.1142883300781,5,16363,4
1151,1056239,871.75,471.0,2,16363,5
1151,1056240,581.5999755859375,464.0,5,16364,0
1151,1056241,1413.5,480.5,1,16364,1
1151,1056242,1318.0,483.0,1,16364,2
1151,1056243,928.0833129882812,472.9166564941406,2,16364,3
1151,1056244,560.0750122070312,446.4750061035156,4,16364,4
1151,1056245,842.5,470.5,1,16364,5
1151,1056246,854.25,473.5,2,16365,0
1151,1056247,1568.5,510.5,1,16365,1
1151,1056248,1732.7427978515625,454.25714111328125,5,16365,2
1151,1056249,1338.7750244140625,471.6000061035156,4,16365,3
1151,1056250,928.0833129882812,472.9166564941406,2,16365,4
1151,1056251,551.4583129882812,460.7916564941406,4,16366,0
1151,1056252,1568.5,510.5,1,16366,1
1151,1056253,842.5,470.5,1,16366,2
1151,1056254,581.9666748046875,464.6000061035156,6,16366,3
1151,1056255,1712.324951171875,455.3500061035156,4,16366,4
1151,1056256,1338.7750244140625,471.6000061035156,4,16366,5
1151,1056257,928.0833129882812,472.9166564941406,2,16366,6
1151,1056258,551.4583129882812,460.7916564941406,4,16367,0
1151,1056259,842.5,470.5,1,16367,1
1151,1056260,581.9666748046875,464.6000061035156,6,16367,2
1151,1056261,1338.7750244140625,471.6000061035156,4,16367,3
1151,1056262,928.0833129882812,472.9166564941406,2,16367,4
1161,1056098,554.625,460.125,4,16330,0
1161,1056099,859.0,475.5,1,16330,1
1161,1056100,554.4749755859375,466.5,5,16330,2
1161,1056101,27.5,474.5,1,16330,3
1161,1056102,1762.683349609375,455.3500061035156,5,16331,0
1161,1056103,1889.0,465.5,1,16331,1
1161,1056104,866.0,476.5,1,16331,2
1161,1056105,521.0750122070312,405.7250061035156,4,16332,0
1161,1056106,518.5,372.5,1,16332,1
1161,1056107,522.0,440.75,2,16332,2
1161,1056108,651.0,632.0,1,16333,0
1161,1056109,1056.5,600.5,1,16333,1
1161,1056110,1665.5,517.0,1,16333,2
1161,1056111,1889.0,465.5,1,16334,0
1161,1056112,1665.5,517.0,1,16334,1
1161,1056113,1869.25,457.0,2,16334,2
1161,1056114,1672.5,442.0,1,16334,3
1161,1056115,551.4583129882812,460.7916564941406,6,16335,0
1161,1056116,842.5,470.5,1,16335,1
1161,1056117,1712.324951171875,455.3500061035156,4,16335,2
1161,1056118,1338.7750244140625,471.6000061035156,4,16335,3
1161,1056119,581.9666748046875,464.6000061035156,6,16335,4
1161,1056120,928.0833129882812,472.9166564941406,2,16335,5
1161,1056121,1568.5,510.5,1,16336,0
1161,1056122,1056.5,600.5,1,16336,1
1161,1056123,866.0,476.5,1,16336,2
1161,1056124,623.5,476.0,1,16336,3
1161,1056125,1413.5,480.5,1,16336,4
1161,1056126,1763.5,485.5,1,16336,5
1161,1056127,536.8333129882812,396.125,3,16337,0
1161,1056128,518.5,372.5,1,16337,1
1161,1056129,522.5,433.5,1,16337,2
1161,1056130,1056.5,600.5,1,16338,0
1161,1056131,1617.0,513.75,2,16338,1
1161,1056132,651.0,632.0,1,16338,2
1161,1056133,1763.5,485.5,1,16338,3
1161,1056134,1665.5,517.0,1,16339,0
1161,1056135,651.0,632.0,1,16339,1
1161,1056136,1889.0,465.5,1,16339,2
1161,1056137,1056.5,600.5,1,16339,3
1161,1056138,1836.0,467.0833435058594,2,16339,4
1161,1056139,1736.4000244140625,454.20001220703125,5,16340,0
1161,1056140,866.0,476.5,1,16340,1
1161,1056141,571.25,476.5,2,16340,2
1161,1056142,27.5,474.5,1,16341,0
1161,1056143,577.0,480.5,1,16341,1
1161,1056144,854.25,473.5,2,16342,0
1161,1056145,565.1666870117188,477.3333435058594,4,16342,1
1161,1056146,1272.5,474.5,2,16342,2
1161,1056147,605.8333129882812,468.9166564941406,2,16342,3
1161,1056148,1413.5,480.5,1,16342,4
1161,1056149,955.3333129882812,473.1666564941406,3,16342,5
1161,1056150,1366.9166259765625,473.0416564941406,3,16343,0
1161,1056151,867.75,475.75,2,16343,1
1161,1056152,565.1666870117188,477.3333435058594,2,16343,2
1161,1056153,1339.0,473.9583435058594,3,16344,0
1161,1056154,866.9166870117188,473.5,4,16344,1
1161,1056155,565.1666870117188,477.3333435058594,2,16344,2
1161,1056156,605.8333129882812,468.9166564941406,2,16345,0
1161,1056157,955.3333129882812,473.1666564941406,3,16345,1
1161,1056158,565.1666870117188,477.3333435058594,4,16345,2
1161,1056159,842.5,470.5,1,16345,3
1161,1056160,1338.7750244140625,471.6000061035156,4,16346,0
1161,1056161,557.25,463.25,2,16346,1
1161,1056162,549.0,349.5,1,16346,2
1161,1056163,866.9166870117188,473.5,3,16346,3
1161,1056164,565.1666870117188,477.3333435058594,2,16346,4
1161,1056165,1568.5,510.5,1,16346,5
1161,1056166,1747.2916259765625,455.4166564941406,4,16347,0
1161,1056167,866.0,476.5,1,16347,1
1161,1056168,571.25,476.5,2,16347,2
1161,1056169,1617.0,513.75,2,16347,3
1161,1056170,1056.5,600.5,1,16347,4
1161,1056171,1338.7750244140625,471.6000061035156,4,16348,0
1161,1056172,987.0,471.25,2,16348,1
1161,1056173,557.25,463.25,2,16348,2
1161,1056174,549.0,349.5,1,16348,3
1161,1056175,854.25,473.5,2,16348,4
1161,1056176,565.1666870117188,477.3333435058594,2,16348,5
1161,1056177,859.0,475.5,1,16349,0
1161,1056178,977.5,474.0,1,16349,1
1161,1056179,581.5999755859375,464.0,5,16349,2
1161,1056180,554.4749755859375,466.5,5,16349,3
1161,1056181,854.25,473.5,2,16349,4
1161,1056182,960.0,472.75,2,16350,0
1161,1056183,605.8333129882812,468.9166564941406,2,16350,1
1161,1056184,1318.0,483.0,1,16350,2
1161,1056185,557.4583129882812,470.5833435058594,4,16350,3
1161,1056186,862.25,473.3333435058594,3,16350,4
1161,1056187,928.0833129882812,472.9166564941406,2,16351,0
1161,1056188,605.8333129882812,468.9166564941406,2,16351,1
1161,1056189,557.4583129882812,470.5833435058594,5,16351,2
1161,1056190,862.25,473.3333435058594,3,16351,3
1161,1056191,1338.7750244140625,471.6000061035156,4,16352,0
1161,1056192,867.75,475.75,2,16352,1
1161,1056193,565.1666870117188,477.3333435058594,2,16352,2
1161,1056194,526.6666870117188,396.2083435058594,4,16353,0
1161,1056195,519.5,373.75,2,16353,1
1161,1056196,546.0,453.33331298828125,3,16353,2
1161,1056197,1413.5,480.5,1,16353,3
1161,1056198,1318.0,483.0,1,16353,4
1161,1056199,518.5,372.5,1,16354,0
1161,1056200,522.0,440.75,2,16354,1
1161,1056201,527.5416870117188,396.2083435058594,4,16354,2
1161,1056202,554.625,460.125,4,16355,0
1161,1056203,859.0,475.5,1,16355,1
1161,1056204,543.547607421875,423.5238037109375,8,16355,2
1161,1056205,519.75,373.75,2,16355,3
1161,1056206,1551.5,445.5,1,16356,0
1161,1056207,1763.5,485.5,1,16356,1
1161,1056208,866.0,476.5,1,16356,2
1161,1056209,571.25,476.5,2,16356,3
1161,1056210,543.547607421875,423.5238037109375,7,16357,0
1161,1056211,531.25,446.6666564941406,3,16357,1
1161,1056212,519.75,373.75,2,16357,2
1161,1056213,1692.1666259765625,444.4166564941406,2,16358,0
1161,1056214,866.0,476.5,1,16358,1
1161,1056215,571.25,476.5,2,16358,2
1161,1056216,542.6041870117188,432.5416564941406,7,16359,0
1161,1056217,546.8333129882812,456.33331298828125,3,16359,1
1161,1056218,859.0,475.5,1,16359,2
1161,1056219,519.5,373.75,2,16359,3
1161,1056220,1836.0,467.0833435058594,2,16360,0
1161,1056221,1672.5,442.0,1,16360,1
1161,1056222,866.0,476.5,1,16360,2
1161,1056223,1889.0,465.5,1,16360,3
1161,1056224,1665.5,517.0,1,16360,4
1161,1056225,1783.375,457.5,4,16361,0
1161,1056226,866.0,476.5,1,16361,1
1161,1056227,571.25,476.5,2,16361,2
1161,1056228,1889.0,465.5,1,16361,3
1161,1056229,1665.5,517.0,1,16361,4
1161,1056230,543.547607421875,423.5238037109375,9,16362,0
1161,1056231,554.625,460.125,4,16362,1
1161,1056232,928.0833129882812,472.9166564941406,2,16362,2
1161,1056233,519.75,373.75,2,16362,3
1161,1056234,581.5999755859375,464.0,5,16363,0
1161,1056235,1413.5,480.5,1,16363,1
1161,1056236,1318.0,483.0,1,16363,2
1161,1056237,928.0833129882812,472.9166564941406,2,16363,3
1161,1056238,544.8428955078125,445.1142883300781,7,16363,4
1161,1056239,871.75,471.0,2,16363,5
1161,1056240,581.5999755859375,464.0,5,16364,0
1161,1056241,1413.5,480.5,1,16364,1
1161,1056242,1318.0,483.0,1,16364,2
1161,1056243,928.0833129882812,472.9166564941406,2,16364,3
1161,1056244,560.0750122070312,446.4750061035156,6,16364,4
1161,1056245,842.5,470.5,1,16364,5
1161,1056246,854.25,473.5,2,16365,0
1161,1056247,1568.5,510.5,2,16365,1
1161,1056248,1732.7427978515625,454.25714111328125,5,16365,2
1161,1056249,1338.7750244140625,471.6000061035156,4,16365,3
1161,1056250,928.0833129882812,472.9166564941406,2,16365,4
1161,1056251,551.4583129882812,460.7916564941406,6,16366,0
1161,1056252,1568.5,510.5,2,16366,1
1161,1056253,842.5,470.5,1,16366,2
1161,1056254,581.9666748046875,464.6000061035156,6,16366,3
1161,1056255,1712.324951171875,455.3500061035156,4,16366,4
1161,1056256,1338.7750244140625,471.6000061035156,4,16366,5
1161,1056257,928.0833129882812,472.9166564941406,2,16366,6
1161,1056258,551.4583129882812,460.7916564941406,6,16367,0
1161,1056259,842.5,470.5,1,16367,1
1161,1056260,581.9666748046875,464.6000061035156,6,16367,2
1161,1056261,1338.7750244140625,471.6000061035156,4,16367,3
1161,1056262,928.0833129882812,472.9166564941406,2,16367,4
1171,1056098,554.625,460.125,4,16330,0
1171,1056099,859.0,475.5,1,16330,1
1171,1056100,554.4749755859375,466.5,5,16330,2
1171,1056101,27.5,474.5,1,16330,3
1171,1056102,1762.683349609375,455.3500061035156,5,16331,0
1171,1056103,1889.0,465.5,1,16331,1
1171,1056104,866.0,476.5,1,16331,2
1171,1056105,521.0750122070312,405.7250061035156,4,16332,0
1171,1056106,518.5,372.5,1,16332,1
1171,1056107,522.0,440.75,2,16332,2
1171,1056108,651.0,632.0,1,16333,0
1171,1056109,1056.5,600.5,1,16333,1
1171,1056110,1665.5,517.0,1,16333,2
1171,1056111,1889.0,465.5,1,16334,0
1171,1056112,1665.5,517.0,1,16334,1
1171,1056113,1869.25,457.0,2,16334,2
1171,1056114,1672.5,442.0,1,16334,3
1171,1056115,551.4583129882812,460.7916564941406,6,16335,0
1171,1056116,842.5,470.5,1,16335,1
1171,1056117,1712.324951171875,455.3500061035156,4,16335,2
1171,1056118,1338.7750244140625,471.6000061035156,4,16335,3
1171,1056119,581.9666748046875,464.6000061035156,6,16335,4
1171,1056120,928.0833129882812,472.9166564941406,2,16335,5
1171,1056121,1568.5,510.5,1,16336,0
1171,1056122,1056.5,600.5,1,16336,1
1171,1056123,866.0,476.5,1,16336,2
1171,1056124,623.5,476.0,1,16336,3
1171,1056125,1413.5,480.5,1,16336,4
1171,1056126,1763.5,485.5,1,16336,5
1171,1056127,536.8333129882812,396.125,3,16337,0
1171,1056128,518.5,372.5,1,16337,1
1171,1056129,522.5,433.5,1,16337,2
1171,1056130,1056.5,600.5,1,16338,0
1171,1056131,1617.0,513.75,2,16338,1
1171,1056132,651.0,632.0,1,16338,2
1171,1056133,1763.5,485.5,1,16338,3
1171,1056134,1665.5,517.0,1,16339,0
1171,1056135,651.0,632.0,1,16339,1
1171,1056136,1889.0,465.5,1,16339,2
1171,1056137,1056.5,600.5,1,16339,3
1171,1056138,1836.0,467.0833435058594,2,16339,4
1171,1056139,1736.4000244140625,454.20001220703125,5,16340,0
1171,1056140,866.0,476.5,1,16340,1
1171,1056141,571.25,476.5,2,16340,2
1171,1056142,27.5,474.5,1,16341,0
1171,1056143,577.0,480.5,1,16341,1
1171,1056144,854.25,473.5,2,16342,0
1171,1056145,565.1666870117188,477.3333435058594,4,16342,1
1171,1056146,1272.5,474.5,2,16342,2
1171,1056147,605.8333129882812,468.9166564941406,2,16342,3
1171,1056148,1413.5,480.5,1,16342,4
1171,1056149,955.3333129882812,473.1666564941406,3,16342,5
1171,1056150,1366.9166259765625,473.0416564941406,3,16343,0
1171,1056151,867.75,475.75,2,16343,1
1171,1056152,565.1666870117188,477.3333435058594,2,16343,2
1171,1056153,1339.0,473.9583435058594,3,16344,0
1171,1056154,866.9166870117188,473.5,4,16344,1
1171,1056155,565.1666870117188,477.3333435058594,2,16344,2
1171,1056156,605.8333129882812,468.9166564941406,2,16345,0
1171,1056157,955.3333129882812,473.1666564941406,3,16345,1
1171,1056158,565.1666870117188,477.3333435058594,4,16345,2
1171,1056159,842.5,470.5,1,16345,3
1171,1056160,1338.7750244140625,471.6000061035156,4,16346,0
1171,1056161,557.25,463.25,2,16346,1
1171,1056162,549.0,349.5,1,16346,2
1171,1056163,866.9166870117188,473.5,3,16346,3
1171,1056164,565.1666870117188,477.3333435058594,2,16346,4
1171,1056165,1568.5,510.5,1,16346,5
1171,1056166,1747.2916259765625,455.4166564941406,4,16347,0
1171,1056167,866.0,476.5,1,16347,1
1171,1056168,571.25,476.5,2,16347,2
1171,1056169,1617.0,513.75,2,16347,3
1171,1056170,1056.5,600.5,1,16347,4
1171,1056171,1338.7750244140625,471.6000061035156,4,16348,0
1171,1056172,987.0,471.25,2,16348,1
1171,1056173,557.25,463.25,2,16348,2
1171,1056174,549.0,349.5,1,16348,3
1171,1056175,854.25,473.5,2,16348,4
1171,1056176,565.1666870117188,477.3333435058594,2,16348,5
1171,1056177,859.0,475.5,1,16349,0
1171,1056178,977.5,474.0,1,16349,1
1171,1056179,581.5999755859375,464.0,5,16349,2
1171,1056180,554.4749755859375,466.5,5,16349,3
1171,1056181,854.25,473.5,2,16349,4
1171,1056182,960.0,472.75,2,16350,0
1171,1056183,605.8333129882812,468.9166564941406,2,16350,1
1171,1056184,1318.0,483.0,1,16350,2
1171,1056185,557.4583129882812,470.5833435058594,4,16350,3
1171,1056186,862.25,473.3333435058594,3,16350,4
1171,1056187,928.0833129882812,472.9166564941406,2,16351,0
1171,1056188,605.8333129882812,468.9166564941406,2,16351,1
1171,1056189,557.4583129882812,470.5833435058594,5,16351,2
1171,1056190,862.25,473.3333435058594,3,16351,3
1171,1056191,1338.7750244140625,471.6000061035156,4,16352,0
1171,1056192,867.75,475.75,2,16352,1
1171,1056193,565.1666870117188,477.3333435058594,2,16352,2
1171,1056194,526.6666870117188,396.2083435058594,4,16353,0
1171,1056195,519.5,373.75,2,16353,1
1171,1056196,546.0,453.33331298828125,4,16353,2
1171,1056197,1413.5,480.5,1,16353,3
1171,1056198,1318.0,483.0,1,16353,4
1171,1056199,518.5,372.5,1,16354,0
1171,1056200,522.0,440.75,2,16354,1
1171,1056201,527.5416870117188,396.2083435058594,4,16354,2
1171,1056202,554.625,460.125,4,16355,0
1171,1056203,859.0,475.5,1,16355,1
1171,1056204,543.547607421875,423.5238037109375,8,16355,2
1171,1056205,519.75,373.75,2,16355,3
1171,1056206,1551.5,445.5,1,16356,0
1171,1056207,1763.5,485.5,1,16356,1
1171,1056208,866.0,476.5,1,16356,2
1171,1056209,571.25,476.5,2,16356,3
1171,1056210,543.547607421875,423.5238037109375,7,16357,0
1171,1056211,531.25,446.6666564941406,3,16357,1
1171,1056212,519.75,373.75,2,16357,2
1171,1056213,1692.1666259765625,444.4166564941406,2,16358,0
1171,1056214,866.0,476.5,1,16358,1
1171,1056215,571.25,476.5,2,16358,2
1171,1056216,542.6041870117188,432.5416564941406,7,16359,0
1171,1056217,546.8333129882812,456.33331298828125,3,16359,1
1171,1056218,859.0,475.5,1,16359,2
1171,1056219,519.5,373.75,2,16359,3
1171,1056220,1836.0,467.0833435058594,2,16360,0
1171,1056221,1672.5,442.0,1,16360,1
1171,1056222,866.0,476.5,1,16360,2
1171,1056223,1889.0,465.5,1,16360,3
1171,1056224,1665.5,517.0,1,16360,4
1171,1056225,1783.375,457.5,4,16361,0
1171,1056226,866.0,476.5,1,16361,1
1171,1056227,571.25,476.5,2,16361,2
1171,1056228,1889.0,465.5,1,16361,3
1171,1056229,1665.5,517.0,1,16361,4
1171,1056230,543.547607421875,423.5238037109375,9,16362,0
1171,1056231,554.625,460.125,4,16362,1
1171,1056232,928.0833129882812,472.9166564941406,2,16362,2
1171,1056233,519.75,373.75,2,16362,3
1171,1056234,581.5999755859375,464.0,5,16363,0
1171,1056235,1413.5,480.5,1,16363,1
1171,1056236,1318.0,483.0,1,16363,2
1171,1056237,928.0833129882812,472.9166564941406,2,16363,3
1171,1056238,544.8428955078125,445.1142883300781,7,16363,4
1171,1056239,871.75,471.0,2,16363,5
1171,1056240,581.5999755859375,464.0,5,16364,0
1171,1056241,1413.5,480.5,1,16364,1
1171,1056242,1318.0,483.0,1,16364,2
1171,1056243,928.0833129882812,472.9166564941406,2,16364,3
1171,1056244,560.0750122070312,446.4750061035156,6,16364,4
1171,1056245,842.5,470.5,1,16364,5
1171,1056246,854.25,473.5,2,16365,0
1171,1056247,1568.5,510.5,2,16365,1
1171,1056248,1732.7427978515625,454.25714111328125,5,16365,2
1171,1056249,1338.7750244140625,471.6000061035156,4,16365,3
1171,1056250,928.0833129882812,472.9166564941406,2,16365,4
1171,1056251,551.4583129882812,460.7916564941406,6,16366,0
1171,1056252,1568.5,510.5,2,16366,1
1171,1056253,842.5,470.5,1,16366,2
1171,1056254,581.9666748046875,464.6000061035156,6,16366,3
1171,1056255,1712.324951171875,455.3500061035156,4,16366,4
1171,1056256,1338.7750244140625,471.6000061035156,4,16366,5
1171,1056257,928.0833129882812,472.9166564941406,2,16366,6
1171,1056258,551.4583129882812,460.7916564941406,6,16367,0
1171,1056259,842.5,470.5,1,16367,1
1171,1056260,581.9666748046875,464.6000061035156,6,16367,2
1171,1056261,1338.7750244140625,471.6000061035156,4,16367,3
1171,1056262,928.0833129882812,472.9166564941406,2,16367,4
1181,1056098,554.625,460.125,4,16330,0
1181,1056099,859.0,475.5,1,16330,1
1181,1056100,554.4749755859375,466.5,5,16330,2
1181,1056101,27.5,474.5,1,16330,3
1181,1056102,1762.683349609375,455.3500061035156,6,16331,0
1181,1056103,1889.0,465.5,1,16331,1
1181,1056104,866.0,476.5,1,16331,2
1181,1056105,521.0750122070312,405.7250061035156,4,16332,0
1181,1056106,518.5,372.5,1,16332,1
1181,1056107,522.0,440.75,2,16332,2
1181,1056108,651.0,632.0,1,16333,0
1181,1056109,1056.5,600.5,1,16333,1
1181,1056110,1665.5,517.0,1,16333,2
1181,1056111,1889.0,465.5,1,16334,0
1181,1056112,1665.5,517.0,1,16334,1
1181,1056113,1869.25,457.0,2,16334,2
1181,1056114,1672.5,442.0,1,16334,3
1181,1056115,551.4583129882812,460.7916564941406,6,16335,0
1181,1056116,842.5,470.5,1,16335,1
1181,1056117,1712.324951171875,455.3500061035156,4,16335,2
1181,1056118,1338.7750244140625,471.6000061035156,4,16335,3
1181,1056119,581.9666748046875,464.6000061035156,6,16335,4
1181,1056120,928.0833129882812,472.9166564941406,2,16335,5
1181,1056121,1568.5,510.5,1,16336,0
1181,1056122,1056.5,600.5,1,16336,1
1181,1056123,866.0,476.5,1,16336,2
1181,1056124,623.5,476.0,1,16336,3
1181,1056125,1413.5,480.5,1,16336,4
1181,1056126,1763.5,485.5,1,16336,5
1181,1056127,536.8333129882812,396.125,3,16337,0
1181,1056128,518.5,372.5,2,16337,1
1181,1056129,522.5,433.5,1,16337,2
1181,1056130,1056.5,600.5,1,16338,0
1181,1056131,1617.0,513.75,2,16338,1
1181,1056132,651.0,632.0,1,16338,2
1181,1056133,1763.5,485.5,1,16338,3
1181,1056134,1665.5,517.0,2,16339,0
1181,1056135,651.0,632.0,1,16339,1
1181,1056136,1889.0,465.5,1,16339,2
1181,1056137,1056.5,600.5,1,16339,3
1181,1056138,1836.0,467.0833435058594,2,16339,4
1181,1056139,1736.4000244140625,454.20001220703125,5,16340,0
1181,1056140,866.0,476.5,1,16340,1
1181,1056141,571.25,476.5,2,16340,2
1181,1056142,27.5,474.5,1,16341,0
1181,1056143,577.0,480.5,1,16341,1
1181,1056144,854.25,473.5,2,16342,0
1181,1056145,565.1666870117188,477.3333435058594,4,16342,1
1181,1056146,1272.5,474.5,2,16342,2
1181,1056147,605.8333129882812,468.9166564941406,2,16342,3
1181,1056148,1413.5,480.5,1,16342,4
1181,1056149,955.3333129882812,473.1666564941406,3,16342,5
1181,1056150,1366.9166259765625,473.0416564941406,3,16343,0
1181,1056151,867.75,475.75,3,16343,1
1181,1056152,565.1666870117188,477.3333435058594,2,16343,2
1181,1056153,1339.0,473.9583435058594,3,16344,0
1181,1056154,866.9166870117188,473.5,4,16344,1
1181,1056155,565.1666870117188,477.3333435058594,2,16344,2
1181,1056156,605.8333129882812,468.9166564941406,2,16345,0
1181,1056157,955.3333129882812,473.1666564941406,3,16345,1
1181,1056158,565.1666870117188,477.3333435058594,4,16345,2
1181,1056159,842.5,470.5,1,16345,3
1181,1056160,1338.7750244140625,471.6000061035156,4,16346,0
1181,1056161,557.25,463.25,2,16346,1
1181,1056162,549.0,349.5,1,16346,2
1181,1056163,866.9166870117188,473.5,4,16346,3
1181,1056164,565.1666870117188,477.3333435058594,2,16346,4
1181,1056165,1568.5,510.5,1,16346,5
1181,1056166,1747.2916259765625,455.4166564941406,5,16347,0
1181,1056167,866.0,476.5,1,16347,1
1181,1056168,571.25,476.5,2,16347,2
1181,1056169,1617.0,513.75,2,16347,3
1181,1056170,1056.5,600.5,1,16347,4
1181,1056171,1338.7750244140625,471.6000061035156,4,16348,0
1181,1056172,987.0,471.25,2,16348,1
1181,1056173,557.25,463.25,2,16348,2
1181,1056174,549.0,349.5,1,16348,3
1181,1056175,854.25,473.5,2,16348,4
1181,1056176,565.1666870117188,477.3333435058594,2,16348,5
1181,1056177,859.0,475.5,1,16349,0
1181,1056178,977.5,474.0,1,16349,1
1181,1056179,581.5999755859375,464.0,5,16349,2
1181,1056180,554.4749755859375,466.5,5,16349,3
1181,1056181,854.25,473.5,2,16349,4
1181,1056182,960.0,472.75,2,16350,0
1181,1056183,605.8333129882812,468.9166564941406,2,16350,1
1181,1056184,1318.0,483.0,1,16350,2
1181,1056185,557.4583129882812,470.5833435058594,4,16350,3
1181,1056186,862.25,473.3333435058594,3,16350,4
1181,1056187,928.0833129882812,472.9166564941406,2,16351,0
1181,1056188,605.8333129882812,468.9166564941406,2,16351,1
1181,1056189,557.4583129882812,470.5833435058594,5,16351,2
1181,1056190,862.25,473.3333435058594,3,16351,3
1181,1056191,1338.7750244140625,471.6000061035156,4,16352,0
1181,1056192,867.75,475.75,3,16352,1
1181,1056193,565.1666870117188,477.3333435058594,2,16352,2
1181,1056194,526.6666870117188,396.2083435058594,4,16353,0
1181,1056195,519.5,373.75,2,16353,1
1181,1056196,546.0,453.33331298828125,4,16353,2
1181,1056197,1413.5,480.5,1,16353,3
1181,1056198,1318.0,483.0,1,16353,4
1181,1056199,518.5,372.5,2,16354,0
1181,1056200,522.0,440.75,2,16354,1
1181,1056201,527.5416870117188,396.2083435058594,4,16354,2
1181,1056202,554.625,460.125,4,16355,0
1181,1056203,859.0,475.5,1,16355,1
1181,1056204,543.547607421875,423.5238037109375,8,16355,2
1181,1056205,519.75,373.75,2,16355,3
1181,1056206,1551.5,445.5,1,16356,0
1181,1056207,1763.5,485.5,1,16356,1
1181,1056208,866.0,476.5,1,16356,2
1181,1056209,571.25,476.5,2,16356,3
1181,1056210,543.547607421875,423.5238037109375,7,16357,0
1181,1056211,531.25,446.6666564941406,3,16357,1
1181,1056212,519.75,373.75,2,16357,2
1181,1056213,1692.1666259765625,444.4166564941406,2,16358,0
1181,1056214,866.0,476.5,1,16358,1
1181,1056215,571.25,476.5,2,16358,2
1181,1056216,542.6041870117188,432.5416564941406,7,16359,0
1181,1056217,546.8333129882812,456.33331298828125,3,16359,1
1181,1056218,859.0,475.5,1,16359,2
1181,1056219,519.5,373.75,2,16359,3
1181,1056220,1836.0,467.0833435058594,2,16360,0
1181,1056221,1672.5,442.0,2,16360,1
1181,1056222,866.0,476.5,1,16360,2
1181,1056223,1889.0,465.5,1,16360,3
1181,1056224,1665.5,517.0,1,16360,4
1181,1056225,1783.375,457.5,4,16361,0
1181,1056226,866.0,476.5,1,16361,1
1181,1056227,571.25,476.5,2,16361,2
1181,1056228,1889.0,465.5,1,16361,3
1181,1056229,1665.5,517.0,2,16361,4
1181,1056230,543.547607421875,423.5238037109375,9,16362,0
1181,1056231,554.625,460.125,4,16362,1
1181,1056232,928.0833129882812,472.9166564941406,2,16362,2
1181,1056233,519.75,373.75,2,16362,3
1181,1056234,581.5999755859375,464.0,5,16363,0
1181,1056235,1413.5,480.5,1,16363,1
1181,1056236,1318.0,483.0,1,16363,2
1181,1056237,928.0833129882812,472.9166564941406,2,16363,3
1181,1056238,544.8428955078125,445.1142883300781,7,16363,4
1181,1056239,871.75,471.0,2,16363,5
1181,1056240,581.5999755859375,464.0,5,16364,0
1181,1056241,1413.5,480.5,1,16364,1
1181,1056242,1318.0,483.0,1,16364,2
1181,1056243,928.0833129882812,472.9166564941406,2,16364,3
1181,1056244,560.0750122070312,446.4750061035156,6,16364,4
1181,1056245,842.5,470.5,1,16364,5
1181,1056246,854.25,473.5,2,16365,0
1181,1056247,1568.5,510.5,2,16365,1
1181,1056248,1732.7427978515625,454.25714111328125,6,16365,2
1181,1056249,1338.7750244140625,471.6000061035156,4,16365,3
1181,1056250,928.0833129882812,472.9166564941406,2,16365,4
1181,1056251,551.4583129882812,460.7916564941406,6,16366,0
1181,1056252,1568.5,510.5,2,16366,1
1181,1056253,842.5,470.5,1,16366,2
1181,1056254,581.9666748046875,464.6000061035156,6,16366,3
1181,1056255,1712.324951171875,455.3500061035156,4,16366,4
1181,1056256,1338.7750244140625,471.6000061035156,4,16366,5
1181,1056257,928.0833129882812,472.9166564941406,2,16366,6
1181,1056258,551.4583129882812,460.7916564941406,6,16367,0
1181,1056259,842.5,470.5,1,16367,1
1181,1056260,581.9666748046875,464.6000061035156,6,16367,2
1181,1056261,1338.7750244140625,471.6000061035156,4,16367,3
1181,1056262,928.0833129882812,472.9166564941406,2,16367,4
1191,1056098,554.625,460.125,4,16330,0
1191,1056099,859.0,475.5,1,16330,1
1191,1056100,554.4749755859375,466.5,5,16330,2
1191,1056101,27.5,474.5,1,16330,3
1191,1056102,1762.683349609375,455.3500061035156,6,16331,0
1191,1056103,1889.0,465.5,1,16331,1
1191,1056104,866.0,476.5,1,16331,2
1191,1056105,521.0750122070312,405.7250061035156,4,16332,0
1191,1056106,518.5,372.5,1,16332,1
1191,1056107,522.0,440.75,2,16332,2
1191,1056108,651.0,632.0,1,16333,0
1191,1056109,1056.5,600.5,1,16333,1
1191,1056110,1665.5,517.0,1,16333,2
1191,1056111,1889.0,465.5,1,16334,0
1191,1056112,1665.5,517.0,1,16334,1
1191,1056113,1869.25,457.0,2,16334,2
1191,1056114,1672.5,442.0,1,16334,3
1191,1056115,551.4583129882812,460.7916564941406,6,16335,0
1191,1056116,842.5,470.5,1,16335,1
1191,1056117,1712.324951171875,455.3500061035156,4,16335,2
1191,1056118,1338.7750244140625,471.6000061035156,4,16335,3
1191,1056119,581.9666748046875,464.6000061035156,6,16335,4
1191,1056120,928.0833129882812,472.9166564941406,2,16335,5
1191,1056121,1568.5,510.5,1,16336,0
1191,1056122,1056.5,600.5,1,16336,1
1191,1056123,866.0,476.5,1,16336,2
1191,1056124,623.5,476.0,1,16336,3
1191,1056125,1413.5,480.5,1,16336,4
1191,1056126,1763.5,485.5,1,16336,5
1191,1056127,536.8333129882812,396.125,3,16337,0
1191,1056128,518.5,372.5,2,16337,1
1191,1056129,522.5,433.5,1,16337,2
1191,1056130,1056.5,600.5,1,16338,0
1191,1056131,1617.0,513.75,2,16338,1
1191,1056132,651.0,632.0,1,16338,2
1191,1056133,1763.5,485.5,1,16338,3
1191,1056134,1665.5,517.0,2,16339,0
1191,1056135,651.0,632.0,1,16339,1
1191,1056136,1889.0,465.5,1,16339,2
1191,1056137,1056.5,600.5,1,16339,3
1191,1056138,1836.0,467.0833435058594,2,16339,4
1191,1056139,1736.4000244140625,454.20001220703125,5,16340,0
1191,1056140,866.0,476.5,1,16340,1
1191,1056141,571.25,476.5,2,16340,2
1191,1056142,27.5,474.5,1,16341,0
1191,1056143,577.0,480.5,1,16341,1
1191,1056144,854.25,473.5,2,16342,0
1191,1056145,565.1666870117188,477.3333435058594,4,16342,1
1191,1056146,1272.5,474.5,2,16342,2
1191,1056147,605.8333129882812,468.9166564941406,2,16342,3
1191,1056148,1413.5,480.5,1,16342,4
1191,1056149,955.3333129882812,473.1666564941406,3,16342,5
1191,1056150,1366.9166259765625,473.0416564941406,3,16343,0
1191,1056151,867.75,475.75,3,16343,1
1191,1056152,565.1666870117188,477.3333435058594,2,16343,2
1191,1056153,1339.0,473.9583435058594,3,16344,0
1191,1056154,866.9166870117188,473.5,4,16344,1
1191,1056155,565.1666870117188,477.3333435058594,2,16344,2
1191,1056156,605.8333129882812,468.9166564941406,2,16345,0
1191,1056157,955.3333129882812,473.1666564941406,3,16345,1
1191,1056158,565.1666870117188,477.3333435058594,4,16345,2
1191,1056159,842.5,470.5,1,16345,3
1191,1056160,1338.7750244140625,471.6000061035156,4,16346,0
1191,1056161,557.25,463.25,2,16346,1
1191,1056162,549.0,349.5,1,16346,2
1191,1056163,866.9166870117188,473.5,4,16346,3
1191,1056164,565.1666870117188,477.3333435058594,2,16346,4
1191,1056165,1568.5,510.5,1,16346,5
1191,1056166,1747.2916259765625,455.4166564941406,5,16347,0
1191,1056167,866.0,476.5,1,16347,1
1191,1056168,571.25,476.5,2,16347,2
1191,1056169,1617.0,513.75,2,16347,3
1191,1056170,1056.5,600.5,1,16347,4
1191,1056171,1338.7750244140625,471.6000061035156,4,16348,0
1191,1056172,987.0,471.25,2,16348,1
1191,1056173,557.25,463.25,2,16348,2
1191,1056174,549.0,349.5,1,16348,3
1191,1056175,854.25,473.5,2,16348,4
1191,1056176,565.1666870117188,477.3333435058594,2,16348,5
1191,1056177,859.0,475.5,1,16349,0
1191,1056178,977.5,474.0,1,16349,1
1191,1056179,581.5999755859375,464.0,5,16349,2
1191,1056180,554.4749755859375,466.5,5,16349,3
1191,1056181,854.25,473.5,2,16349,4
1191,1056182,960.0,472.75,2,16350,0
1191,1056183,605.8333129882812,468.9166564941406,2,16350,1
1191,1056184,1318.0,483.0,1,16350,2
1191,1056185,557.4583129882812,470.5833435058594,4,16350,3
1191,1056186,862.25,473.3333435058594,3,16350,4
1191,1056187,928.0833129882812,472.9166564941406,2,16351,0
1191,1056188,605.8333129882812,468.9166564941406,2,16351,1
1191,1056189,557.4583129882812,470.5833435058594,5,16351,2
1191,1056190,862.25,473.3333435058594,3,16351,3
1191,1056191,1338.7750244140625,471.6000061035156,4,16352,0
1191,1056192,867.75,475.75,3,16352,1
1191,1056193,565.1666870117188,477.3333435058594,2,16352,2
1191,1056194,526.6666870117188,396.2083435058594,4,16353,0
1191,1056195,519.5,373.75,2,16353,1
1191,1056196,546.0,453.33331298828125,4,16353,2
1191,1056197,1413.5,480.5,1,16353,3
1191,1056198,1318.0,483.0,1,16353,4
1191,1056199,518.5,372.5,2,16354,0
1191,1056200,522.0,440.75,2,16354,1
1191,1056201,527.5416870117188,396.2083435058594,4,16354,2
1191,1056202,554.625,460.125,4,16355,0
1191,1056203,859.0,475.5,1,16355,1
1191,1056204,543.547607421875,423.5238037109375,8,16355,2
1191,1056205,519.75,373.75,2,16355,3
1191,1056206,1551.5,445.5,1,16356,0
1191,1056207,1763.5,485.5,1,16356,1
1191,1056208,866.0,476.5,1,16356,2
1191,1056209,571.25,476.5,2,16356,3
1191,1056210,543.547607421875,423.5238037109375,7,16357,0
1191,1056211,531.25,446.6666564941406,3,16357,1
1191,1056212,519.75,373.75,2,16357,2
1191,1056213,1692.1666259765625,444.4166564941406,2,16358,0
1191,1056214,866.0,476.5,1,16358,1
1191,1056215,571.25,476.5,2,16358,2
1191,1056216,542.6041870117188,432.5416564941406,7,16359,0
1191,1056217,546.8333129882812,456.33331298828125,3,16359,1
1191,1056218,859.0,475.5,1,16359,2
1191,1056219,519.5,373.75,2,16359,3
1191,1056220,1836.0,467.0833435058594,2,16360,0
1191,1056221,1672.5,442.0,2,16360,1
1191,1056222,866.0,476.5,1,16360,2
1191,1056223,1889.0,465.5,1,16360,3
1191,1056224,1665.5,517.0,1,16360,4
1191,1056225,1783.375,457.5,4,16361,0
1191,1056226,866.0,476.5,1,16361,1
1191,1056227,571.25,476.5,2,16361,2
1191,1056228,1889.0,465.5,1,16361,3
1191,1056229,1665.5,517.0,2,16361,4
1191,1056230,543.547607421875,423.5238037109375,9,16362,0
1191,1056231,554.625,460.125,4,16362,1
1191,1056232,928.0833129882812,472.9166564941406,2,16362,2
1191,1056233,519.75,373.75,2,16362,3
1191,1056234,581.5999755859375,464.0,5,16363,0
1191,1056235,1413.5,480.5,1,16363,1
1191,1056236,1318.0,483.0,1,16363,2
1191,1056237,928.0833129882812,472.9166564941406,2,16363,3
1191,1056238,544.8428955078125,445.1142883300781,7,16363,4
1191,1056239,871.75,471.0,2,16363,5
1191,1056240,581.5999755859375,464.0,5,16364,0
1191,1056241,1413.5,480.5,1,16364,1
1191,1056242,1318.0,483.0,1,16364,2
1191,1056243,928.0833129882812,472.9166564941406,2,16364,3
1191,1056244,560.0750122070312,446.4750061035156,6,16364,4
1191,1056245,842.5,470.5,1,16364,5
1191,1056246,854.25,473.5,2,16365,0
1191,1056247,1568.5,510.5,2,16365,1
1191,1056248,1732.7427978515625,454.25714111328125,6,16365,2
1191,1056249,1338.7750244140625,471.6000061035156,4,16365,3
1191,1056250,928.0833129882812,472.9166564941406,2,16365,4
1191,1056251,551.4583129882812,460.7916564941406,6,16366,0
1191,1056252,1568.5,510.5,2,16366,1
1191,1056253,842.5,470.5,1,16366,2
1191,1056254,581.9666748046875,464.6000061035156,6,16366,3
1191,1056255,1712.324951171875,455.3500061035156,4,16366,4
1191,1056256,1338.7750244140625,471.6000061035156,4,16366,5
1191,1056257,928.0833129882812,472.9166564941406,2,16366,6
1191,1056258,551.4583129882812,460.7916564941406,6,16367,0
1191,1056259,842.5,470.5,1,16367,1
1191,1056260,581.9666748046875,464.6000061035156,6,16367,2
1191,1056261,1338.7750244140625,471.6000061035156,4,16367,3
1191,1056262,928.0833129882812,472.9166564941406,2,16367,4
1201,1056098,554.625,460.125,4,16330,0
1201,1056099,859.0,475.5,1,16330,1
1201,1056100,554.4749755859375,466.5,5,16330,2
1201,1056101,27.5,474.5,1,16330,3
1201,1056102,1762.683349609375,455.3500061035156,6,16331,0
1201,1056103,1889.0,465.5,1,16331,1
1201,1056104,866.0,476.5,1,16331,2
1201,1056105,521.0750122070312,405.7250061035156,4,16332,0
1201,1056106,518.5,372.5,1,16332,1
1201,1056107,522.0,440.75,2,16332,2
1201,1056108,651.0,632.0,1,16333,0
1201,1056109,1056.5,600.5,1,16333,1
1201,1056110,1665.5,517.0,1,16333,2
1201,1056111,1889.0,465.5,1,16334,0
1201,1056112,1665.5,517.0,1,16334,1
1201,1056113,1869.25,457.0,2,16334,2
1201,1056114,1672.5,442.0,1,16334,3
1201,1056115,551.4583129882812,460.7916564941406,6,16335,0
1201,1056116,842.5,470.5,1,16335,1
1201,1056117,1712.324951171875,455.3500061035156,4,16335,2
1201,1056118,1338.7750244140625,471.6000061035156,4,16335,3
1201,1056119,581.9666748046875,464.6000061035156,6,16335,4
1201,1056120,928.0833129882812,472.9166564941406,2,16335,5
1201,1056121,1568.5,510.5,1,16336,0
1201,1056122,1056.5,600.5,1,16336,1
1201,1056123,866.0,476.5,1,16336,2
1201,1056124,623.5,476.0,1,16336,3
1201,1056125,1413.5,480.5,1,16336,4
1201,1056126,1763.5,485.5,1,16336,5
1201,1056127,536.8333129882812,396.125,3,16337,0
1201,1056128,518.5,372.5,2,16337,1
1201,1056129,522.5,433.5,1,16337,2
1201,1056130,1056.5,600.5,1,16338,0
1201,1056131,1617.0,513.75,2,16338,1
1201,1056132,651.0,632.0,1,16338,2
1201,1056133,1763.5,485.5,1,16338,3
1201,1056134,1665.5,517.0,2,16339,0
1201,1056135,651.0,632.0,1,16339,1
1201,1056136,1889.0,465.5,1,16339,2
1201,1056137,1056.5,600.5,1,16339,3
1201,1056138,1836.0,467.0833435058594,2,16339,4
1201,1056139,1736.4000244140625,454.20001220703125,5,16340,0
1201,1056140,866.0,476.5,1,16340,1
1201,1056141,571.25,476.5,2,16340,2
1201,1056142,27.5,474.5,1,16341,0
1201,1056143,577.0,480.5,1,16341,1
1201,1056144,854.25,473.5,2,16342,0
1201,1056145,565.1666870117188,477.3333435058594,4,16342,1
1201,1056146,1272.5,474.5,2,16342,2
1201,1056147,605.8333129882812,468.9166564941406,2,16342,3
1201,1056148,1413.5,480.5,1,16342,4
1201,1056149,955.3333129882812,473.1666564941406,3,16342,5
1201,1056150,1366.9166259765625,473.0416564941406,3,16343,0
1201,1056151,867.75,475.75,3,16343,1
1201,1056152,565.1666870117188,477.3333435058594,2,16343,2
1201,1056153,1339.0,473.9583435058594,3,16344,0
1201,1056154,866.9166870117188,473.5,4,16344,1
1201,1056155,565.1666870117188,477.3333435058594,2,16344,2
1201,1056156,605.8333129882812,468.9166564941406,2,16345,0
1201,1056157,955.3333129882812,473.1666564941406,3,16345,1
1201,1056158,565.1666870117188,477.3333435058594,4,16345,2
1201,1056159,842.5,470.5,1,16345,3
1201,1056160,1338.7750244140625,471.6000061035156,4,16346,0
1201,1056161,557.25,463.25,2,16346,1
1201,1056162,549.0,349.5,1,16346,2
1201,1056163,866.9166870117188,473.5,4,16346,3
1201,1056164,565.1666870117188,477.3333435058594,2,16346,4
1201,1056165,1568.5,510.5,1,16346,5
1201,1056166,1747.2916259765625,455.4166564941406,5,16347,0
1201,1056167,866.0,476.5,1,16347,1
1201,1056168,571.25,476.5,2,16347,2
1201,1056169,1617.0,513.75,2,16347,3
1201,1056170,1056.5,600.5,1,16347,4
1201,1056171,1338.7750244140625,471.6000061035156,4,16348,0
1201,1056172,987.0,471.25,2,16348,1
1201,1056173,557.25,463.25,2,16348,2
1201,1056174,549.0,349.5,1,16348,3
1201,1056175,854.25,473.5,2,16348,4
1201,1056176,565.1666870117188,477.3333435058594,2,16348,5
1201,1056177,859.0,475.5,1,16349,0
1201,1056178,977.5,474.0,1,16349,1
1201,1056179,581.5999755859375,464.0,5,16349,2
1201,1056180,554.4749755859375,466.5,5,16349,3
1201,1056181,854.25,473.5,2,16349,4
1201,1056182,960.0,472.75,2,16350,0
1201,1056183,605.8333129882812,468.9166564941406,2,16350,1
1201,1056184,1318.0,483.0,1,16350,2
1201,1056185,557.4583129882812,470.5833435058594,4,16350,3
1201,1056186,862.25,473.3333435058594,3,16350,4
1201,1056187,928.0833129882812,472.9166564941406,2,16351,0
1201,1056188,605.8333129882812,468.9166564941406,2,16351,1
1201,1056189,557.4583129882812,470.5833435058594,5,16351,2
1201,1056190,862.25,473.3333435058594,3,16351,3
1201,1056191,1338.7750244140625,471.6000061035156,4,16352,0
1201,1056192,867.75,475.75,3,16352,1
1201,1056193,565.1666870117188,477.3333435058594,2,16352,2
1201,1056194,526.6666870117188,396.2083435058594,4,16353,0
1201,1056195,519.5,373.75,2,16353,1
1201,1056196,546.0,453.33331298828125,4,16353,2
1201,1056197,1413.5,480.5,1,16353,3
1201,1056198,1318.0,483.0,1,16353,4
1201,1056199,518.5,372.5,2,16354,0
1201,1056200,522.0,440.75,2,16354,1
1201,1056201,527.5416870117188,396.2083435058594,4,16354,2
1201,1056202,554.625,460.125,4,16355,0
1201,1056203,859.0,475.5,1,16355,1
1201,1056204,543.547607421875,423.5238037109375,8,16355,2
1201,1056205,519.75,373.75,2,16355,3
1201,1056206,1551.5,445.5,1,16356,0
1201,1056207,1763.5,485.5,1,16356,1
1201,1056208,866.0,476.5,1,16356,2
1201,1056209,571.25,476.5,2,16356,3
1201,1056210,543.547607421875,423.5238037109375,7,16357,0
1201,1056211,531.25,446.6666564941406,3,16357,1
1201,1056212,519.75,373.75,2,16357,2
1201,1056213,1692.1666259765625,444.4166564941406,2,16358,0
1201,1056214,866.0,476.5,1,16358,1
1201,1056215,571.25,476.5,2,16358,2
1201,1056216,542.6041870117188,432.5416564941406,7,16359,0
1201,1056217,546.8333129882812,456.33331298828125,3,16359,1
1201,1056218,859.0,475.5,1,16359,2
1201,1056219,519.5,373.75,2,16359,3
1201,1056220,1836.0,467.0833435058594,2,16360,0
1201,1056221,1672.5,442.0,2,16360,1
1201,1056222,866.0,476.5,1,16360,2
1201,1056223,1889.0,465.5,1,16360,3
1201,1056224,1665.5,517.0,1,16360,4
1201,1056225,1783.375,457.5,4,16361,0
1201,1056226,866.0,476.5,1,16361,1
1201,1056227,571.25,476.5,2,16361,2
1201,1056228,1889.0,465.5,1,16361,3
1201,1056229,1665.5,517.0,2,16361,4
1201,1056230,543.547607421875,423.5238037109375,9,16362,0
1201,1056231,554.625,460.125,4,16362,1
1201,1056232,928.0833129882812,472.9166564941406,2,16362,2
1201,1056233,519.75,373.75,2,16362,3
1201,1056234,581.5999755859375,464.0,5,16363,0
1201,1056235,1413.5,480.5,1,16363,1
1201,1056236,1318.0,483.0,1,16363,2
1201,1056237,928.0833129882812,472.9166564941406,2,16363,3
1201,1056238,544.8428955078125,445.1142883300781,7,16363,4
1201,1056239,871.75,471.0,2,16363,5
1201,1056240,581.5999755859375,464.0,5,16364,0
1201,1056241,1413.5,480.5,1,16364,1
1201,1056242,1318.0,483.0,1,16364,2
1201,1056243,928.0833129882812,472.9166564941406,2,16364,3
1201,1056244,560.0750122070312,446.4750061035156,6,16364,4
1201,1056245,842.5,470.5,1,16364,5
1201,1056246,854.25,473.5,2,16365,0
1201,1056247,1568.5,510.5,2,16365,1
1201,1056248,1732.7427978515625,454.25714111328125,6,16365,2
1201,1056249,1338.7750244140625,471.6000061035156,4,16365,3
1201,1056250,928.0833129882812,472.9166564941406,2,16365,4
1201,1056251,551.4583129882812,460.7916564941406,6,16366,0
1201,1056252,1568.5,510.5,2,16366,1
1201,1056253,842.5,470.5,1,16366,2
1201,1056254,581.9666748046875,464.6000061035156,6,16366,3
1201,1056255,1712.324951171875,455.3500061035156,4,16366,4
1201,1056256,1338.7750244140625,471.6000061035156,4,16366,5
1201,1056257,928.0833129882812,472.9166564941406,2,16366,6
1201,1056258,551.4583129882812,460.7916564941406,6,16367,0
1201,1056259,842.5,470.5,1,16367,1
1201,1056260,581.9666748046875,464.6000061035156,6,16367,2
1201,1056261,1338.7750244140625,471.6000061035156,4,16367,3
1201,1056262,928.0833129882812,472.9166564941406,2,16367,4
1211,1056098,554.625,460.125,4,16330,0
1211,1056099,859.0,475.5,1,16330,1
1211,1056100,554.4749755859375,466.5,5,16330,2
1211,1056101,27.5,474.5,1,16330,3
1211,1056102,1762.683349609375,455.3500061035156,6,16331,0
1211,1056103,1889.0,465.5,1,16331,1
1211,1056104,866.0,476.5,1,16331,2
1211,1056105,521.0750122070312,405.7250061035156,4,16332,0
1211,1056106,518.5,372.5,1,16332,1
1211,1056107,522.0,440.75,2,16332,2
1211,1056108,651.0,632.0,1,16333,0
1211,1056109,1056.5,600.5,1,16333,1
1211,1056110,1665.5,517.0,1,16333,2
1211,1056111,1889.0,465.5,1,16334,0
1211,1056112,1665.5,517.0,1,16334,1
1211,1056113,1869.25,457.0,2,16334,2
1211,1056114,1672.5,442.0,1,16334,3
1211,1056115,551.4583129882812,460.7916564941406,6,16335,0
1211,1056116,842.5,470.5,1,16335,1
1211,1056117,1712.324951171875,455.3500061035156,4,16335,2
1211,1056118,1338.7750244140625,471.6000061035156,4,16335,3
1211,1056119,581.9666748046875,464.6000061035156,6,16335,4
1211,1056120,928.0833129882812,472.9166564941406,2,16335,5
1211,1056121,1568.5,510.5,1,16336,0
1211,1056122,1056.5,600.5,1,16336,1
1211,1056123,866.0,476.5,1,16336,2
1211,1056124,623.5,476.0,1,16336,3
1211,1056125,1413.5,480.5,1,16336,4
1211,1056126,1763.5,485.5,1,16336,5
1211,1056127,536.8333129882812,396.125,3,16337,0
1211,1056128,518.5,372.5,2,16337,1
1211,1056129,522.5,433.5,1,16337,2
1211,1056130,1056.5,600.5,1,16338,0
1211,1056131,1617.0,513.75,2,16338,1
1211,1056132,651.0,632.0,1,16338,2
1211,1056133,1763.5,485.5,1,16338,3
1211,1056134,1665.5,517.0,2,16339,0
1211,1056135,651.0,632.0,1,16339,1
1211,1056136,1889.0,465.5,1,16339,2
1211,1056137,1056.5,600.5,1,16339,3
1211,1056138,1836.0,467.0833435058594,2,16339,4
1211,1056139,1736.4000244140625,454.20001220703125,5,16340,0
1211,1056140,866.0,476.5,1,16340,1
1211,1056141,571.25,476.5,2,16340,2
1211,1056142,27.5,474.5,1,16341,0
1211,1056143,577.0,480.5,1,16341,1
1211,1056144,854.25,473.5,2,16342,0
1211,1056145,565.1666870117188,477.3333435058594,4,16342,1
1211,1056146,1272.5,474.5,2,16342,2
1211,1056147,605.8333129882812,468.9166564941406,2,16342,3
1211,1056148,1413.5,480.5,1,16342,4
1211,1056149,955.3333129882812,473.1666564941406,3,16342,5
1211,1056150,1366.9166259765625,473.0416564941406,3,16343,0
1211,1056151,867.75,475.75,3,16343,1
1211,1056152,565.1666870117188,477.3333435058594,2,16343,2
1211,1056153,1339.0,473.9583435058594,3,16344,0
1211,1056154,866.9166870117188,473.5,4,16344,1
1211,1056155,565.1666870117188,477.3333435058594,2,16344,2
1211,1056156,605.8333129882812,468.9166564941406,2,16345,0
1211,1056157,955.3333129882812,473.1666564941406,3,16345,1
1211,1056158,565.1666870117188,477.3333435058594,4,16345,2
1211,1056159,842.5,470.5,1,16345,3
1211,1056160,1338.7750244140625,471.6000061035156,4,16346,0
1211,1056161,557.25,463.25,2,16346,1
1211,1056162,549.0,349.5,1,16346,2
1211,1056163,866.9166870117188,473.5,4,16346,3
1211,1056164,565.1666870117188,477.3333435058594,2,16346,4
1211,1056165,1568.5,510.5,1,16346,5
1211,1056166,1747.2916259765625,455.4166564941406,5,16347,0
1211,1056167,866.0,476.5,1,16347,1
1211,1056168,571.25,476.5,2,16347,2
1211,1056169,1617.0,513.75,2,16347,3
1211,1056170,1056.5,600.5,1,16347,4
1211,1056171,1338.7750244140625,471.6000061035156,4,16348,0
1211,1056172,987.0,471.25,2,16348,1
1211,1056173,557.25,463.25,2,16348,2
1211,1056174,549.0,349.5,1,16348,3
1211,1056175,854.25,473.5,2,16348,4
1211,1056176,565.1666870117188,477.3333435058594,2,16348,5
1211,1056177,859.0,475.5,1,16349,0
1211,1056178,977.5,474.0,1,16349,1
1211,1056179,581.5999755859375,464.0,5,16349,2
1211,1056180,554.4749755859375,466.5,5,16349,3
1211,1056181,854.25,473.5,2,16349,4
1211,1056182,960.0,472.75,2,16350,0
1211,1056183,605.8333129882812,468.9166564941406,2,16350,1
1211,1056184,1318.0,483.0,1,16350,2
1211,1056185,557.4583129882812,470.5833435058594,4,16350,3
1211,1056186,862.25,473.3333435058594,3,16350,4
1211,1056187,928.0833129882812,472.9166564941406,2,16351,0
1211,1056188,605.8333129882812,468.9166564941406,2,16351,1
1211,1056189,557.4583129882812,470.5833435058594,5,16351,2
1211,1056190,862.25,473.3333435058594,3,16351,3
1211,1056191,1338.7750244140625,471.6000061035156,4,16352,0
1211,1056192,867.75,475.75,3,16352,1
1211,1056193,565.1666870117188,477.3333435058594,2,16352,2
1211,1056194,526.6666870117188,396.2083435058594,4,16353,0
1211,1056195,519.5,373.75,2,16353,1
1211,1056196,546.0,453.33331298828125,4,16353,2
1211,1056197,1413.5,480.5,1,16353,3
1211,1056198,1318.0,483.0,1,16353,4
1211,1056199,518.5,372.5,2,16354,0
1211,1056200,522.0,440.75,2,16354,1
1211,1056201,527.5416870117188,396.2083435058594,4,16354,2
1211,1056202,554.625,460.125,4,16355,0
1211,1056203,859.0,475.5,1,16355,1
1211,1056204,543.547607421875,423.5238037109375,8,16355,2
1211,1056205,519.75,373.75,2,16355,3
1211,1056206,1551.5,445.5,1,16356,0
1211,1056207,1763.5,485.5,1,16356,1
1211,1056208,866.0,476.5,1,16356,2
1211,1056209,571.25,476.5,2,16356,3
1211,1056210,543.547607421875,423.5238037109375,7,16357,0
1211,1056211,531.25,446.6666564941406,3,16357,1
1211,1056212,519.75,373.75,2,16357,2
1211,1056213,1692.1666259765625,444.4166564941406,2,16358,0
1211,1056214,866.0,476.5,1,16358,1
1211,1056215,571.25,476.5,2,16358,2
1211,1056216,542.6041870117188,432.5416564941406,7,16359,0
1211,1056217,546.8333129882812,456.33331298828125,3,16359,1
1211,1056218,859.0,475.5,1,16359,2
1211,1056219,519.5,373.75,2,16359,3
1211,1056220,1836.0,467.0833435058594,2,16360,0
1211,1056221,1672.5,442.0,2,16360,1
1211,1056222,866.0,476.5,1,16360,2
1211,1056223,1889.0,465.5,1,16360,3
1211,1056224,1665.5,517.0,1,16360,4
1211,1056225,1783.375,457.5,4,16361,0
1211,1056226,866.0,476.5,1,16361,1
1211,1056227,571.25,476.5,2,16361,2
1211,1056228,1889.0,465.5,1,16361,3
1211,1056229,1665.5,517.0,2,16361,4
1211,1056230,543.547607421875,423.5238037109375,9,16362,0
1211,1056231,554.625,460.125,4,16362,1
1211,1056232,928.0833129882812,472.9166564941406,2,16362,2
1211,1056233,519.75,373.75,2,16362,3
1211,1056234,581.5999755859375,464.0,5,16363,0
1211,1056235,1413.5,480.5,1,16363,1
1211,1056236,1318.0,483.0,1,16363,2
1211,1056237,928.0833129882812,472.9166564941406,2,16363,3
1211,1056238,544.8428955078125,445.1142883300781,7,16363,4
1211,1056239,871.75,471.0,2,16363,5
1211,1056240,581.5999755859375,464.0,5,16364,0
1211,1056241,1413.5,480.5,1,16364,1
1211,1056242,1318.0,483.0,1,16364,2
1211,1056243,928.0833129882812,472.9166564941406,2,16364,3
1211,1056244,560.0750122070312,446.4750061035156,6,16364,4
1211,1056245,842.5,470.5,1,16364,5
1211,1056246,854.25,473.5,2,16365,0
1211,1056247,1568.5,510.5,2,16365,1
1211,1056248,1732.7427978515625,454.25714111328125,6,16365,2
1211,1056249,1338.7750244140625,471.6000061035156,4,16365,3
1211,1056250,928.0833129882812,472.9166564941406,2,16365,4
1211,1056251,551.4583129882812,460.7916564941406,6,16366,0
1211,1056252,1568.5,510.5,2,16366,1
1211,1056253,842.5,470.5,1,16366,2
1211,1056254,581.9666748046875,464.6000061035156,6,16366,3
1211,1056255,1712.324951171875,455.3500061035156,4,16366,4
1211,1056256,1338.7750244140625,471.6000061035156,4,16366,5
1211,1056257,928.0833129882812,472.9166564941406,2,16366,6
1211,1056258,551.4583129882812,460.7916564941406,6,16367,0
1211,1056259,842.5,470.5,1,16367,1
1211,1056260,581.9666748046875,464.6000061035156,6,16367,2
1211,1056261,1338.7750244140625,471.6000061035156,4,16367,3
1211,1056262,928.0833129882812,472.9166564941406,2,16367,4
1221,1056098,554.625,460.125,4,16330,0
1221,1056099,859.0,475.5,1,16330,1
1221,1056100,554.4749755859375,466.5,5,16330,2
1221,1056101,27.5,474.5,1,16330,3
1221,1056102,1762.683349609375,455.3500061035156,6,16331,0
1221,1056103,1889.0,465.5,1,16331,1
1221,1056104,866.0,476.5,1,16331,2
1221,1056105,521.0750122070312,405.7250061035156,4,16332,0
1221,1056106,518.5,372.5,1,16332,1
1221,1056107,522.0,440.75,2,16332,2
1221,1056108,651.0,632.0,1,16333,0
1221,1056109,1056.5,600.5,1,16333,1
1221,1056110,1665.5,517.0,1,16333,2
1221,1056111,1889.0,465.5,1,16334,0
1221,1056112,1665.5,517.0,1,16334,1
1221,1056113,1869.25,457.0,2,16334,2
1221,1056114,1672.5,442.0,1,16334,3
1221,1056115,551.4583129882812,460.7916564941406,6,16335,0
1221,1056116,842.5,470.5,1,16335,1
1221,1056117,1712.324951171875,455.3500061035156,4,16335,2
1221,1056118,1338.7750244140625,471.6000061035156,4,16335,3
1221,1056119,581.9666748046875,464.6000061035156,6,16335,4
1221,1056120,928.0833129882812,472.9166564941406,2,16335,5
1221,1056121,1568.5,510.5,1,16336,0
1221,1056122,1056.5,600.5,1,16336,1
1221,1056123,866.0,476.5,1,16336,2
1221,1056124,623.5,476.0,1,16336,3
1221,1056125,1413.5,480.5,1,16336,4
1221,1056126,1763.5,485.5,1,16336,5
1221,1056127,536.8333129882812,396.125,3,16337,0
1221,1056128,518.5,372.5,2,16337,1
1221,1056129,522.5,433.5,1,16337,2
1221,1056130,1056.5,600.5,1,16338,0
1221,1056131,1617.0,513.75,2,16338,1
1221,1056132,651.0,632.0,1,16338,2
1221,1056133,1763.5,485.5,1,16338,3
1221,1056134,1665.5,517.0,2,16339,0
1221,1056135,651.0,632.0,1,16339,1
1221,1056136,1889.0,465.5,1,16339,2
1221,1056137,1056.5,600.5,1,16339,3
1221,1056138,1836.0,467.0833435058594,2,16339,4
1221,1056139,1736.4000244140625,454.20001220703125,5,16340,0
1221,1056140,866.0,476.5,1,16340,1
1221,1056141,571.25,476.5,2,16340,2
1221,1056142,27.5,474.5,1,16341,0
1221,1056143,577.0,480.5,1,16341,1
1221,1056144,854.25,473.5,2,16342,0
1221,1056145,565.1666870117188,477.3333435058594,4,16342,1
1221,1056146,1272.5,474.5,2,16342,2
1221,1056147,605.8333129882812,468.9166564941406,2,16342,3
1221,1056148,1413.5,480.5,1,16342,4
1221,1056149,955.3333129882812,473.1666564941406,3,16342,5
1221,1056150,1366.9166259765625,473.0416564941406,3,16343,0
1221,1056151,867.75,475.75,3,16343,1
1221,1056152,565.1666870117188,477.3333435058594,2,16343,2
1221,1056153,1339.0,473.9583435058594,3,16344,0
1221,1056154,866.9166870117188,473.5,4,16344,1
1221,1056155,565.1666870117188,477.3333435058594,2,16344,2
1221,1056156,605.8333129882812,468.9166564941406,2,16345,0
1221,1056157,955.3333129882812,473.1666564941406,3,16345,1
1221,1056158,565.1666870117188,477.3333435058594,4,16345,2
1221,1056159,842.5,470.5,1,16345,3
1221,1056160,1338.7750244140625,471.6000061035156,4,16346,0
1221,1056161,557.25,463.25,2,16346,1
1221,1056162,549.0,349.5,1,16346,2
1221,1056163,866.9166870117188,473.5,4,16346,3
1221,1056164,565.1666870117188,477.3333435058594,2,16346,4
1221,1056165,1568.5,510.5,1,16346,5
1221,1056166,1747.2916259765625,455.4166564941406,5,16347,0
1221,1056167,866.0,476.5,1,16347,1
1221,1056168,571.25,476.5,2,16347,2
1221,1056169,1617.0,513.75,2,16347,3
1221,1056170,1056.5,600.5,1,16347,4
1221,1056171,1338.7750244140625,471.6000061035156,4,16348,0
1221,1056172,987.0,471.25,2,16348,1
1221,1056173,557.25,463.25,2,16348,2
1221,1056174,549.0,349.5,1,16348,3
1221,1056175,854.25,473.5,2,16348,4
1221,1056176,565.1666870117188,477.3333435058594,2,16348,5
1221,1056177,859.0,475.5,1,16349,0
1221,1056178,977.5,474.0,1,16349,1
1221,1056179,581.5999755859375,464.0,5,16349,2
1221,1056180,554.4749755859375,466.5,5,16349,3
1221,1056181,854.25,473.5,2,16349,4
1221,1056182,960.0,472.75,2,16350,0
1221,1056183,605.8333129882812,468.9166564941406,2,16350,1
1221,1056184,1318.0,483.0,1,16350,2
1221,1056185,557.4583129882812,470.5833435058594,4,16350,3
1221,1056186,862.25,473.3333435058594,3,16350,4
1221,1056187,928.0833129882812,472.9166564941406,2,16351,0
1221,1056188,605.8333129882812,468.9166564941406,2,16351,1
1221,1056189,557.4583129882812,470.5833435058594,5,16351,2
1221,1056190,862.25,473.3333435058594,3,16351,3
1221,1056191,1338.7750244140625,471.6000061035156,4,16352,0
1221,1056192,867.75,475.75,3,16352,1
1221,1056193,565.1666870117188,477.3333435058594,2,16352,2
1221,1056194,526.6666870117188,396.2083435058594,4,16353,0
1221,1056195,519.5,373.75,2,16353,1
1221,1056196,546.0,453.33331298828125,4,16353,2
1221,1056197,1413.5,480.5,1,16353,3
1221,1056198,1318.0,483.0,1,16353,4
1221,1056199,518.5,372.5,2,16354,0
1221,1056200,522.0,440.75,2,16354,1
1221,1056201,527.5416870117188,396.2083435058594,4,16354,2
1221,1056202,554.625,460.125,4,16355,0
1221,1056203,859.0,475.5,1,16355,1
1221,1056204,543.547607421875,423.5238037109375,8,16355,2
1221,1056205,519.75,373.75,2,16355,3
1221,1056206,1551.5,445.5,1,16356,0
1221,1056207,1763.5,485.5,1,16356,1
1221,1056208,866.0,476.5,1,16356,2
1221,1056209,571.25,476.5,2,16356,3
1221,1056210,543.547607421875,423.5238037109375,7,16357,0
1221,1056211,531.25,446.6666564941406,3,16357,1
1221,1056212,519.75,373.75,2,16357,2
1221,1056213,1692.1666259765625,444.4166564941406,2,16358,0
1221,1056214,866.0,476.5,1,16358,1
1221,1056215,571.25,476.5,2,16358,2
1221,1056216,542.6041870117188,432.5416564941406,7,16359,0
1221,1056217,546.8333129882812,456.33331298828125,3,16359,1
1221,1056218,859.0,475.5,1,16359,2
1221,1056219,519.5,373.75,2,16359,3
1221,1056220,1836.0,467.0833435058594,2,16360,0
1221,1056221,1672.5,442.0,2,16360,1
1221,1056222,866.0,476.5,1,16360,2
1221,1056223,1889.0,465.5,1,16360,3
1221,1056224,1665.5,517.0,1,16360,4
1221,1056225,1783.375,457.5,4,16361,0
1221,1056226,866.0,476.5,1,16361,1
1221,1056227,571.25,476.5,2,16361,2
1221,1056228,1889.0,465.5,1,16361,3
1221,1056229,1665.5,517.0,2,16361,4
1221,1056230,543.547607421875,423.5238037109375,9,16362,0
1221,1056231,554.625,460.125,4,16362,1
1221,1056232,928.0833129882812,472.9166564941406,2,16362,2
1221,1056233,519.75,373.75,2,16362,3
1221,1056234,581.5999755859375,464.0,5,16363,0
1221,1056235,1413.5,480.5,1,16363,1
1221,1056236,1318.0,483.0,1,16363,2
1221,1056237,928.0833129882812,472.9166564941406,2,16363,3
1221,1056238,544.8428955078125,445.1142883300781,7,16363,4
1221,1056239,871.75,471.0,2,16363,5
1221,1056240,581.5999755859375,464.0,5,16364,0
1221,1056241,1413.5,480.5,1,16364,1
1221,1056242,1318.0,483.0,1,16364,2
1221,1056243,928.0833129882812,472.9166564941406,2,16364,3
1221,1056244,560.0750122070312,446.4750061035156,6,16364,4
1221,1056245,842.5,470.5,1,16364,5
1221,1056246,854.25,473.5,2,16365,0
1221,1056247,1568.5,510.5,2,16365,1
1221,1056248,1732.7427978515625,454.25714111328125,6,16365,2
1221,1056249,1338.7750244140625,471.6000061035156,4,16365,3
1221,1056250,928.0833129882812,472.9166564941406,2,16365,4
1221,1056251,551.4583129882812,460.7916564941406,6,16366,0
1221,1056252,1568.5,510.5,2,16366,1
1221,1056253,842.5,470.5,1,16366,2
1221,1056254,581.9666748046875,464.6000061035156,6,16366,3
1221,1056255,1712.324951171875,455.3500061035156,4,16366,4
1221,1056256,1338.7750244140625,471.6000061035156,4,16366,5
1221,1056257,928.0833129882812,472.9166564941406,2,16366,6
1221,1056258,551.4583129882812,460.7916564941406,6,16367,0
1221,1056259,842.5,470.5,1,16367,1
1221,1056260,581.9666748046875,464.6000061035156,6,16367,2
1221,1056261,1338.7750244140625,471.6000061035156,4,16367,3
1221,1056262,928.0833129882812,472.9166564941406,2,16367,4
1231,1056098,554.625,460.125,4,16330,0
1231,1056099,859.0,475.5,1,16330,1
1231,1056100,554.4749755859375,466.5,5,16330,2
1231,1056101,27.5,474.5,1,16330,3
1231,1056102,1762.683349609375,455.3500061035156,6,16331,0
1231,1056103,1889.0,465.5,1,16331,1
1231,1056104,866.0,476.5,1,16331,2
1231,1056105,521.0750122070312,405.7250061035156,4,16332,0
1231,1056106,518.5,372.5,1,16332,1
1231,1056107,522.0,440.75,2,16332,2
1231,1056108,651.0,632.0,1,16333,0
1231,1056109,1056.5,600.5,1,16333,1
1231,1056110,1665.5,517.0,1,16333,2
1231,1056111,1889.0,465.5,1,16334,0
1231,1056112,1665.5,517.0,1,16334,1
1231,1056113,1869.25,457.0,2,16334,2
1231,1056114,1672.5,442.0,1,16334,3
1231,1056115,551.4583129882812,460.7916564941406,6,16335,0
1231,1056116,842.5,470.5,1,16335,1
1231,1056117,1712.324951171875,455.3500061035156,4,16335,2
1231,1056118,1338.7750244140625,471.6000061035156,4,16335,3
1231,1056119,581.9666748046875,464.6000061035156,6,16335,4
1231,1056120,928.0833129882812,472.9166564941406,2,16335,5
1231,1056121,1568.5,510.5,1,16336,0
1231,1056122,1056.5,600.5,1,16336,1
1231,1056123,866.0,476.5,1,16336,2
1231,1056124,623.5,476.0,1,16336,3
1231,1056125,1413.5,480.5,1,16336,4
1231,1056126,1763.5,485.5,1,16336,5
1231,1056127,536.8333129882812,396.125,3,16337,0
1231,1056128,518.5,372.5,2,16337,1
1231,1056129,522.5,433.5,1,16337,2
1231,1056130,1056.5,600.5,1,16338,0
1231,1056131,1617.0,513.75,2,16338,1
1231,1056132,651.0,632.0,1,16338,2
1231,1056133,1763.5,485.5,1,16338,3
1231,1056134,1665.5,517.0,2,16339,0
1231,1056135,651.0,632.0,1,16339,1
1231,1056136,1889.0,465.5,1,16339,2
1231,1056137,1056.5,600.5,1,16339,3
1231,1056138,1836.0,467.0833435058594,2,16339,4
1231,1056139,1736.4000244140625,454.20001220703125,5,16340,0
1231,1056140,866.0,476.5,1,16340,1
1231,1056141,571.25,476.5,2,16340,2
1231,1056142,27.5,474.5,1,16341,0
1231,1056143,577.0,480.5,1,16341,1
1231,1056144,854.25,473.5,2,16342,0
1231,1056145,565.1666870117188,477.3333435058594,4,16342,1
1231,1056146,1272.5,474.5,2,16342,2
1231,1056147,605.8333129882812,468.9166564941406,2,16342,3
1231,1056148,1413.5,480.5,1,16342,4
1231,1056149,955.3333129882812,473.1666564941406,3,16342,5
1231,1056150,1366.9166259765625,473.0416564941406,3,16343,0
1231,1056151,867.75,475.75,3,16343,1
1231,1056152,565.1666870117188,477.3333435058594,2,16343,2
1231,1056153,1339.0,473.9583435058594,3,16344,0
1231,1056154,866.9166870117188,473.5,4,16344,1
1231,1056155,565.1666870117188,477.3333435058594,2,16344,2
1231,1056156,605.8333129882812,468.9166564941406,2,16345,0
1231,1056157,955.3333129882812,473.1666564941406,3,16345,1
1231,1056158,565.1666870117188,477.3333435058594,4,16345,2
1231,1056159,842.5,470.5,1,16345,3
1231,1056160,1338.7750244140625,471.6000061035156,4,16346,0
1231,1056161,557.25,463.25,2,16346,1
1231,1056162,549.0,349.5,1,16346,2
1231,1056163,866.9166870117188,473.5,4,16346,3
1231,1056164,565.1666870117188,477.3333435058594,2,16346,4
1231,1056165,1568.5,510.5,1,16346,5
1231,1056166,1747.2916259765625,455.4166564941406,5,16347,0
1231,1056167,866.0,476.5,1,16347,1
1231,1056168,571.25,476.5,2,16347,2
1231,1056169,1617.0,513.75,2,16347,3
1231,1056170,1056.5,600.5,1,16347,4
1231,1056171,1338.7750244140625,471.6000061035156,4,16348,0
1231,1056172,987.0,471.25,2,16348,1
1231,1056173,557.25,463.25,2,16348,2
1231,1056174,549.0,349.5,1,16348,3
1231,1056175,854.25,473.5,2,16348,4
1231,1056176,565.1666870117188,477.3333435058594,2,16348,5
1231,1056177,859.0,475.5,1,16349,0
1231,1056178,977.5,474.0,1,16349,1
1231,1056179,581.5999755859375,464.0,5,16349,2
1231,1056180,554.4749755859375,466.5,5,16349,3
1231,1056181,854.25,473.5,2,16349,4
1231,1056182,960.0,472.75,2,16350,0
1231,1056183,605.8333129882812,468.9166564941406,2,16350,1
1231,1056184,1318.0,483.0,1,16350,2
1231,1056185,557.4583129882812,470.5833435058594,4,16350,3
1231,1056186,862.25,473.3333435058594,3,16350,4
1231,1056187,928.0833129882812,472.9166564941406,2,16351,0
1231,1056188,605.8333129882812,468.9166564941406,2,16351,1
1231,1056189,557.4583129882812,470.5833435058594,5,16351,2
1231,1056190,862.25,473.3333435058594,3,16351,3
1231,1056191,1338.7750244140625,471.6000061035156,4,16352,0
1231,1056192,867.75,475.75,3,16352,1
1231,1056193,565.1666870117188,477.3333435058594,2,16352,2
1231,1056194,526.6666870117188,396.2083435058594,4,16353,0
1231,1056195,519.5,373.75,2,16353,1
1231,1056196,546.0,453.33331298828125,4,16353,2
1231,1056197,1413.5,480.5,1,16353,3
1231,1056198,1318.0,483.0,1,16353,4
1231,1056199,518.5,372.5,2,16354,0
1231,1056200,522.0,440.75,2,16354,1
1231,1056201,527.5416870117188,396.2083435058594,4,16354,2
1231,1056202,554.625,460.125,4,16355,0
1231,1056203,859.0,475.5,1,16355,1
1231,1056204,543.547607421875,423.5238037109375,8,16355,2
1231,1056205,519.75,373.75,2,16355,3
1231,1056206,1551.5,445.5,1,16356,0
1231,1056207,1763.5,485.5,1,16356,1
1231,1056208,866.0,476.5,1,16356,2
1231,1056209,571.25,476.5,2,16356,3
1231,1056210,543.547607421875,423.5238037109375,7,16357,0
1231,1056211,531.25,446.6666564941406,3,16357,1
1231,1056212,519.75,373.75,2,16357,2
1231,1056213,1692.1666259765625,444.4166564941406,2,16358,0
1231,1056214,866.0,476.5,1,16358,1
1231,1056215,571.25,476.5,2,16358,2
1231,1056216,542.6041870117188,432.5416564941406,7,16359,0
1231,1056217,546.8333129882812,456.33331298828125,3,16359,1
1231,1056218,859.0,475.5,1,16359,2
1231,1056219,519.5,373.75,2,16359,3
1231,1056220,1836.0,467.0833435058594,2,16360,0
1231,1056221,1672.5,442.0,2,16360,1
1231,1056222,866.0,476.5,1,16360,2
1231,1056223,1889.0,465.5,1,16360,3
1231,1056224,1665.5,517.0,1,16360,4
1231,1056225,1783.375,457.5,4,16361,0
1231,1056226,866.0,476.5,1,16361,1
1231,1056227,571.25,476.5,2,16361,2
1231,1056228,1889.0,465.5,1,16361,3
1231,1056229,1665.5,517.0,2,16361,4
1231,1056230,543.547607421875,423.5238037109375,9,16362,0
1231,1056231,554.625,460.125,4,16362,1
1231,1056232,928.0833129882812,472.9166564941406,2,16362,2
1231,1056233,519.75,373.75,2,16362,3
1231,1056234,581.5999755859375,464.0,5,16363,0
1231,1056235,1413.5,480.5,1,16363,1
1231,1056236,1318.0,483.0,1,16363,2
1231,1056237,928.0833129882812,472.9166564941406,2,16363,3
1231,1056238,544.8428955078125,445.1142883300781,7,16363,4
1231,1056239,871.75,471.0,2,16363,5
1231,1056240,581.5999755859375,464.0,5,16364,0
1231,1056241,1413.5,480.5,1,16364,1
1231,1056242,1318.0,483.0,1,16364,2
1231,1056243,928.0833129882812,472.9166564941406,2,16364,3
1231,1056244,560.0750122070312,446.4750061035156,6,16364,4
1231,1056245,842.5,470.5,1,16364,5
1231,1056246,854.25,473.5,2,16365,0
1231,1056247,1568.5,510.5,2,16365,1
1231,1056248,1732.7427978515625,454.25714111328125,6,16365,2
1231,1056249,1338.7750244140625,471.6000061035156,4,16365,3
1231,1056250,928.0833129882812,472.9166564941406,2,16365,4
1231,1056251,551.4583129882812,460.7916564941406,6,16366,0
1231,1056252,1568.5,510.5,2,16366,1
1231,1056253,842.5,470.5,1,16366,2
1231,1056254,581.9666748046875,464.6000061035156,6,16366,3
1231,1056255,1712.324951171875,455.3500061035156,4,16366,4
1231,1056256,1338.7750244140625,471.6000061035156,4,16366,5
1231,1056257,928.0833129882812,472.9166564941406,2,16366,6
1231,1056258,551.4583129882812,460.7916564941406,6,16367,0
1231,1056259,842.5,470.5,1,16367,1
1231,1056260,581.9666748046875,464.6000061035156,6,16367,2
1231,1056261,1338.7750244140625,471.6000061035156,4,16367,3
1231,1056262,928.0833129882812,472.9166564941406,2,16367,4
1241,1056098,554.625,460.125,4,16330,0
1241,1056099,859.0,475.5,1,16330,1
1241,1056100,554.4749755859375,466.5,5,16330,2
1241,1056101,27.5,474.5,1,16330,3
1241,1056102,1762.683349609375,455.3500061035156,6,16331,0
1241,1056103,1889.0,465.5,1,16331,1
1241,1056104,866.0,476.5,1,16331,2
1241,1056105,521.0750122070312,405.7250061035156,4,16332,0
1241,1056106,518.5,372.5,1,16332,1
1241,1056107,522.0,440.75,2,16332,2
1241,1056108,651.0,632.0,1,16333,0
1241,1056109,1056.5,600.5,1,16333,1
1241,1056110,1665.5,517.0,1,16333,2
1241,1056111,1889.0,465.5,1,16334,0
1241,1056112,1665.5,517.0,1,16334,1
1241,1056113,1869.25,457.0,2,16334,2
1241,1056114,1672.5,442.0,1,16334,3
1241,1056115,551.4583129882812,460.7916564941406,7,16335,0
1241,1056116,842.5,470.5,1,16335,1
1241,1056117,1712.324951171875,455.3500061035156,4,16335,2
1241,1056118,1338.7750244140625,471.6000061035156,4,16335,3
1241,1056119,581.9666748046875,464.6000061035156,6,16335,4
1241,1056120,928.0833129882812,472.9166564941406,2,16335,5
1241,1056121,1568.5,510.5,1,16336,0
1241,1056122,1056.5,600.5,1,16336,1
1241,1056123,866.0,476.5,1,16336,2
1241,1056124,623.5,476.0,1,16336,3
1241,1056125,1413.5,480.5,1,16336,4
1241,1056126,1763.5,485.5,1,16336,5
1241,1056127,536.8333129882812,396.125,3,16337,0
1241,1056128,518.5,372.5,2,16337,1
1241,1056129,522.5,433.5,1,16337,2
1241,1056130,1056.5,600.5,1,16338,0
1241,1056131,1617.0,513.75,2,16338,1
1241,1056132,651.0,632.0,1,16338,2
1241,1056133,1763.5,485.5,1,16338,3
1241,1056134,1665.5,517.0,2,16339,0
1241,1056135,651.0,632.0,1,16339,1
1241,1056136,1889.0,465.5,1,16339,2
1241,1056137,1056.5,600.5,1,16339,3
1241,1056138,1836.0,467.0833435058594,2,16339,4
1241,1056139,1736.4000244140625,454.20001220703125,5,16340,0
1241,1056140,866.0,476.5,1,16340,1
1241,1056141,571.25,476.5,2,16340,2
1241,1056142,27.5,474.5,1,16341,0
1241,1056143,577.0,480.5,1,16341,1
1241,1056144,854.25,473.5,2,16342,0
1241,1056145,565.1666870117188,477.3333435058594,4,16342,1
1241,1056146,1272.5,474.5,2,16342,2
1241,1056147,605.8333129882812,468.9166564941406,2,16342,3
1241,1056148,1413.5,480.5,1,16342,4
1241,1056149,955.3333129882812,473.1666564941406,3,16342,5
1241,1056150,1366.9166259765625,473.0416564941406,3,16343,0
1241,1056151,867.75,475.75,3,16343,1
1241,1056152,565.1666870117188,477.3333435058594,2,16343,2
1241,1056153,1339.0,473.9583435058594,3,16344,0
1241,1056154,866.9166870117188,473.5,4,16344,1
1241,1056155,565.1666870117188,477.3333435058594,2,16344,2
1241,1056156,605.8333129882812,468.9166564941406,2,16345,0
1241,1056157,955.3333129882812,473.1666564941406,3,16345,1
1241,1056158,565.1666870117188,477.3333435058594,4,16345,2
1241,1056159,842.5,470.5,1,16345,3
1241,1056160,1338.7750244140625,471.6000061035156,4,16346,0
1241,1056161,557.25,463.25,2,16346,1
1241,1056162,549.0,349.5,1,16346,2
1241,1056163,866.9166870117188,473.5,4,16346,3
1241,1056164,565.1666870117188,477.3333435058594,2,16346,4
1241,1056165,1568.5,510.5,1,16346,5
1241,1056166,1747.2916259765625,455.4166564941406,5,16347,0
1241,1056167,866.0,476.5,1,16347,1
1241,1056168,571.25,476.5,2,16347,2
1241,1056169,1617.0,513.75,2,16347,3
1241,1056170,1056.5,600.5,1,16347,4
1241,1056171,1338.7750244140625,471.6000061035156,4,16348,0
1241,1056172,987.0,471.25,2,16348,1
1241,1056173,557.25,463.25,2,16348,2
1241,1056174,549.0,349.5,1,16348,3
1241,1056175,854.25,473.5,2,16348,4
1241,1056176,565.1666870117188,477.3333435058594,3,16348,5
1241,1056177,859.0,475.5,1,16349,0
1241,1056178,977.5,474.0,1,16349,1
1241,1056179,581.5999755859375,464.0,5,16349,2
1241,1056180,554.4749755859375,466.5,5,16349,3
1241,1056181,854.25,473.5,2,16349,4
1241,1056182,960.0,472.75,2,16350,0
1241,1056183,605.8333129882812,468.9166564941406,2,16350,1
1241,1056184,1318.0,483.0,1,16350,2
1241,1056185,557.4583129882812,470.5833435058594,4,16350,3
1241,1056186,862.25,473.3333435058594,3,16350,4
1241,1056187,928.0833129882812,472.9166564941406,2,16351,0
1241,1056188,605.8333129882812,468.9166564941406,2,16351,1
1241,1056189,557.4583129882812,470.5833435058594,5,16351,2
1241,1056190,862.25,473.3333435058594,3,16351,3
1241,1056191,1338.7750244140625,471.6000061035156,4,16352,0
1241,1056192,867.75,475.75,3,16352,1
1241,1056193,565.1666870117188,477.3333435058594,2,16352,2
1241,1056194,526.6666870117188,396.2083435058594,4,16353,0
1241,1056195,519.5,373.75,2,16353,1
1241,1056196,546.0,453.33331298828125,4,16353,2
1241,1056197,1413.5,480.5,1,16353,3
1241,1056198,1318.0,483.0,1,16353,4
1241,1056199,518.5,372.5,2,16354,0
1241,1056200,522.0,440.75,2,16354,1
1241,1056201,527.5416870117188,396.2083435058594,4,16354,2
1241,1056202,554.625,460.125,4,16355,0
1241,1056203,859.0,475.5,1,16355,1
1241,1056204,543.547607421875,423.5238037109375,8,16355,2
1241,1056205,519.75,373.75,2,16355,3
1241,1056206,1551.5,445.5,1,16356,0
1241,1056207,1763.5,485.5,1,16356,1
1241,1056208,866.0,476.5,1,16356,2
1241,1056209,571.25,476.5,2,16356,3
1241,1056210,543.547607421875,423.5238037109375,7,16357,0
1241,1056211,531.25,446.6666564941406,3,16357,1
1241,1056212,519.75,373.75,2,16357,2
1241,1056213,1692.1666259765625,444.4166564941406,2,16358,0
1241,1056214,866.0,476.5,1,16358,1
1241,1056215,571.25,476.5,2,16358,2
1241,1056216,542.6041870117188,432.5416564941406,7,16359,0
1241,1056217,546.8333129882812,456.33331298828125,3,16359,1
1241,1056218,859.0,475.5,1,16359,2
1241,1056219,519.5,373.75,2,16359,3
1241,1056220,1836.0,467.0833435058594,2,16360,0
1241,1056221,1672.5,442.0,2,16360,1
1241,1056222,866.0,476.5,1,16360,2
1241,1056223,1889.0,465.5,1,16360,3
1241,1056224,1665.5,517.0,1,16360,4
1241,1056225,1783.375,457.5,4,16361,0
1241,1056226,866.0,476.5,1,16361,1
1241,1056227,571.25,476.5,2,16361,2
1241,1056228,1889.0,465.5,1,16361,3
1241,1056229,1665.5,517.0,2,16361,4
1241,1056230,543.547607421875,423.5238037109375,9,16362,0
1241,1056231,554.625,460.125,4,16362,1
1241,1056232,928.0833129882812,472.9166564941406,2,16362,2
1241,1056233,519.75,373.75,2,16362,3
1241,1056234,581.5999755859375,464.0,5,16363,0
1241,1056235,1413.5,480.5,1,16363,1
1241,1056236,1318.0,483.0,1,16363,2
1241,1056237,928.0833129882812,472.9166564941406,2,16363,3
1241,1056238,544.8428955078125,445.1142883300781,7,16363,4
1241,1056239,871.75,471.0,2,16363,5
1241,1056240,581.5999755859375,464.0,5,16364,0
1241,1056241,1413.5,480.5,1,16364,1
1241,1056242,1318.0,483.0,1,16364,2
1241,1056243,928.0833129882812,472.9166564941406,2,16364,3
1241,1056244,560.0750122070312,446.4750061035156,6,16364,4
1241,1056245,842.5,470.5,1,16364,5
1241,1056246,854.25,473.5,2,16365,0
1241,1056247,1568.5,510.5,2,16365,1
1241,1056248,1732.7427978515625,454.25714111328125,6,16365,2
1241,1056249,1338.7750244140625,471.6000061035156,4,16365,3
1241,1056250,928.0833129882812,472.9166564941406,2,16365,4
1241,1056251,551.4583129882812,460.7916564941406,7,16366,0
1241,1056252,1568.5,510.5,2,16366,1
1241,1056253,842.5,470.5,1,16366,2
1241,1056254,581.9666748046875,464.6000061035156,6,16366,3
1241,1056255,1712.324951171875,455.3500061035156,4,16366,4
1241,1056256,1338.7750244140625,471.6000061035156,4,16366,5
1241,1056257,928.0833129882812,472.9166564941406,2,16366,6
1241,1056258,551.4583129882812,460.7916564941406,7,16367,0
1241,1056259,842.5,470.5,1,16367,1
1241,1056260,581.9666748046875,464.6000061035156,6,16367,2
1241,1056261,1338.7750244140625,471.6000061035156,4,16367,3
1241,1056262,928.0833129882812,472.9166564941406,2,16367,4
1251,1056098,546.625,458.625,3,16330,0
1251,1056099,878.0,474.5,1,16330,1
1251,1056100,579.9749755859375,467.29998779296875,5,16330,2
1251,1056101,29.0,473.5,1,16330,3
1251,1056102,1744.683349609375,454.9750061035156,4,16331,0
1251,1056103,1878.5,466.0,1,16331,1
1251,1056104,933.5,478.5,1,16331,2
1251,1056105,520.5750122070312,411.2250061035156,3,16332,0
1251,1056106,512.5,372.0,1,16332,1
1251,1056107,523.0,438.25,2,16332,2
1251,1056108,647.0,629.0,1,16333,0
1251,1056109,1073.5,597.0,1,16333,1
1251,1056110,1675.0,513.0,1,16333,2
1251,1056111,1878.5,466.0,1,16334,0
1251,1056112,1675.0,513.0,1,16334,1
1251,1056113,1853.75,458.75,2,16334,2
1251,1056114,1665.0,441.0,1,16334,3
1251,1056115,547.4583129882812,462.22021484375,7,16335,0
1251,1056116,782.0,470.5,1,16335,1
1251,1056117,1679.4915771484375,455.3500061035156,3,16335,2
1251,1056118,1299.2750244140625,471.1000061035156,3,16335,3
1251,1056119,576.5916748046875,462.4750061035156,4,16335,4
1251,1056120,961.5833129882812,472.08331298828125,3,16335,5
1251,1056121,1568.0,510.5,1,16336,0
1251,1056122,1073.5,597.0,1,16336,1
1251,1056123,933.5,478.5,1,16336,2
1251,1056124,687.5,479.5,1,16336,3
1251,1056125,1381.5,479.5,1,16336,4
1251,1056126,1721.5,482.0,1,16336,5
1251,1056127,537.0833129882812,393.625,2,16337,0
1251,1056128,513.75,381.25,2,16337,1
1251,1056129,524.0,433.5,1,16337,2
1251,1056130,1073.5,597.0,1,16338,0
1251,1056131,1621.5,511.75,2,16338,1
1251,1056132,647.0,629.0,1,16338,2
1251,1056133,1721.5,482.0,1,16338,3
1251,1056134,1665.75,515.25,2,16339,0
1251,1056135,647.0,629.0,1,16339,1
1251,1056136,1878.5,466.0,1,16339,2
1251,1056137,1073.5,597.0,1,16339,3
1251,1056138,1804.0,466.8333435058594,2,16339,4
1251,1056139,1714.9000244140625,453.20001220703125,4,16340,0
1251,1056140,933.5,478.5,1,16340,1
1251,1056141,635.25,480.75,2,16340,2
1251,1056142,29.0,473.5,1,16341,0
1251,1056143,551.0,481.0,1,16341,1
1251,1056144,857.75,474.5,2,16342,0
1251,1056145,598.1666870117188,478.16668701171875,3,16342,1
1251,1056146,1223.75,474.75,2,16342,2
1251,1056147,578.3333129882812,470.1666564941406,2,16342,3
1251,1056148,1381.5,479.5,1,16342,4
1251,1056149,996.8333129882812,475.1666564941406,2,16342,5
1251,1056150,1332.9166259765625,472.5416564941406,2,16343,0
1251,1056151,871.75,476.5,2,16343,1
1251,1056152,581.5,478.16668701171875,3,16343,2
1251,1056153,1290.25,474.2083435058594,2,16344,0
1251,1056154,900.0833740234375,475.5,3,16344,1
1251,1056155,578.5,478.16668701171875,3,16344,2
1251,1056156,578.3333129882812,470.1666564941406,2,16345,0
1251,1056157,996.8333129882812,475.1666564941406,2,16345,1
1251,1056158,598.1666870117188,478.16668701171875,3,16345,2
1251,1056159,782.0,470.5,1,16345,3
1251,1056160,1299.2750244140625,471.1000061035156,3,16346,0
1251,1056161,555.75,463.0,2,16346,1
1251,1056162,545.5,367.5,1,16346,2
1251,1056163,890.9166870117188,475.6666564941406,3,16346,3
1251,1056164,582.6666870117188,478.66668701171875,3,16346,4
1251,1056165,1568.0,510.5,1,16346,5
1251,1056166,1729.2916259765625,455.0416564941406,4,16347,0
1251,1056167,933.5,478.5,1,16347,1
1251,1056168,635.25,480.75,2,16347,2
1251,1056169,1621.5,511.75,2,16347,3
1251,1056170,1073.5,597.0,1,16347,4
1251,1056171,1299.2750244140625,471.1000061035156,3,16348,0
1251,1056172,1035.5,472.4166564941406,3,16348,1
1251,1056173,555.75,463.0,2,16348,2
1251,1056174,545.5,367.5,1,16348,3
1251,1056175,857.75,474.5,2,16348,4
1251,1056176,551.0,478.66668701171875,3,16348,5
1251,1056177,878.0,474.5,1,16349,0
1251,1056178,970.75,475.0,2,16349,1
1251,1056179,562.4749755859375,463.5,4,16349,2
1251,1056180,579.9749755859375,467.29998779296875,5,16349,3
1251,1056181,857.75,474.5,2,16349,4
1251,1056182,970.8333129882812,473.0833435058594,3,16350,0
1251,1056183,587.3333129882812,469.58331298828125,3,16350,1
1251,1056184,1267.5,482.5,1,16350,2
1251,1056185,600.2916259765625,471.75,3,16350,3
1251,1056186,865.75,474.3333435058594,2,16350,4
1251,1056187,961.5833129882812,472.08331298828125,3,16351,0
1251,1056188,587.3333129882812,469.58331298828125,3,16351,1
1251,1056189,577.3333129882812,472.0833435058594,4,16351,2
1251,1056190,865.75,474.3333435058594,2,16351,3
1251,1056191,1299.2750244140625,471.1000061035156,3,16352,0
1251,1056192,871.75,476.5,2,16352,1
1251,1056193,582.6666870117188,478.66668701171875,3,16352,2
1251,1056194,526.1666870117188,401.7083435058594,3,16353,0
1251,1056195,516.5,373.5,2,16353,1
1251,1056196,545.8333129882812,451.6666564941406,3,16353,2
1251,1056197,1381.5,479.5,1,16353,3
1251,1056198,1267.5,482.5,1,16353,4
1251,1056199,513.75,381.25,2,16354,0
1251,1056200,523.0,438.25,2,16354,1
1251,1056201,528.375,394.875,3,16354,2
1251,1056202,546.625,458.625,3,16355,0
1251,1056203,878.0,474.5,1,16355,1
1251,1056204,561.547607421875,426.4523620605469,7,16355,2
1251,1056205,516.75,373.5,2,16355,3
1251,1056206,1517.0,446.0,1,16356,0
1251,1056207,1721.5,482.0,1,16356,1
1251,1056208,933.5,478.5,1,16356,2
1251,1056209,635.25,480.75,2,16356,3
1251,1056210,569.3475952148438,427.72381591796875,5,16357,0
1251,1056211,530.75,446.6666564941406,2,16357,1
1251,1056212,516.75,373.5,2,16357,2
1251,1056213,1676.9166259765625,442.9166564941406,2,16358,0
1251,1056214,933.5,478.5,1,16358,1
1251,1056215,635.25,480.75,2,16358,2
1251,1056216,555.1041870117188,435.7416687011719,5,16359,0
1251,1056217,538.8333129882812,454.83331298828125,3,16359,1
1251,1056218,878.0,474.5,1,16359,2
1251,1056219,516.5,373.5,2,16359,3
1251,1056220,1804.0,466.8333435058594,2,16360,0
1251,1056221,1664.25,441.75,2,16360,1
1251,1056222,933.5,478.5,1,16360,2
1251,1056223,1878.5,466.0,1,16360,3
1251,1056224,1675.0,513.0,1,16360,4
1251,1056225,1762.375,456.8333435058594,3,16361,0
1251,1056226,933.5,478.5,1,16361,1
1251,1056227,635.25,480.75,2,16361,2
1251,1056228,1878.5,466.0,1,16361,3
1251,1056229,1665.75,515.25,2,16361,4
1251,1056230,552.1031494140625,426.079345703125,9,16362,0
1251,1056231,546.625,458.625,3,16362,1
1251,1056232,961.5833129882812,472.08331298828125,3,16362,2
1251,1056233,516.75,373.5,2,16362,3
1251,1056234,562.4749755859375,463.5,4,16363,0
1251,1056235,1381.5,479.5,1,16363,1
1251,1056236,1267.5,482.5,1,16363,2
1251,1056237,960.5833129882812,471.9166564941406,2,16363,3
1251,1056238,557.3428955078125,449.6976318359375,6,16363,4
1251,1056239,859.25,470.75,2,16363,5
1251,1056240,562.4749755859375,463.5,4,16364,0
1251,1056241,1381.5,479.5,1,16364,1
1251,1056242,1267.5,482.5,1,16364,2
1251,1056243,961.5833129882812,472.08331298828125,3,16364,3
1251,1056244,584.375,451.6750183105469,5,16364,4
1251,1056245,782.0,470.5,1,16364,5
1251,1056246,857.75,474.5,2,16365,0
1251,1056247,1556.5,512.3333129882812,3,16365,1
1251,1056248,1709.4927978515625,453.38214111328125,4,16365,2
1251,1056249,1299.2750244140625,471.1000061035156,3,16365,3
1251,1056250,960.5833129882812,471.9166564941406,2,16365,4
1251,1056251,547.4583129882812,462.22021484375,7,16366,0
1251,1056252,1561.5,511.75,2,16366,1
1251,1056253,782.0,470.5,1,16366,2
1251,1056254,576.5916748046875,462.4750061035156,4,16366,3
1251,1056255,1679.4915771484375,455.3500061035156,3,16366,4
1251,1056256,1299.2750244140625,471.1000061035156,3,16366,5
1251,1056257,961.5833129882812,472.08331298828125,3,16366,6
1251,1056258,547.4583129882812,462.22021484375,7,16367,0
1251,1056259,782.0,470.5,1,16367,1
1251,1056260,576.5916748046875,462.4750061035156,4,16367,2
1251,1056261,1299.2750244140625,471.1000061035156,3,16367,3
1251,1056262,961.5833129882812,472.08331298828125,3,16367,4
1271,1056263,3.5,480.0,1,16368,0
1271,1056264,64.0,486.0,1,16368,1
1271,1056265,24.5,475.5,1,16368,2
1271,1056266,270.25,482.0,2,16369,0
1271,1056267,497.5,465.75,2,16369,1
1271,1056268,1506.4375,464.6875,8,16369,2
1271,1056269,865.0,473.5,1,16369,3
1271,1056270,1062.25,471.25,2,16369,4
1271,1056271,486.5,448.5,1,16369,5
1271,1056272,1619.875,451.0,4,16370,0
1271,1056273,1667.0,443.0,1,16370,1
1271,1056274,489.0,464.375,4,16371,0
1271,1056275,1667.0,443.0,1,16371,1
1271,1056276,1506.4375,464.6875,8,16371,2
1271,1056277,865.0,473.5,1,16371,3
1271,1056278,1062.25,471.25,2,16371,4
1271,1056279,486.5,448.5,1,16371,5
1271,1056280,1536.5,548.5,1,16372,0
1271,1056281,1382.5,553.5,1,16372,1
1271,1056282,1906.0,467.0,1,16372,2
1271,1056283,1559.5,510.0,1,16372,3
1271,1056284,1858.0,487.5,1,16372,4
1271,1056285,1382.5,553.5,1,16373,0
1271,1056286,1536.5,548.5,1,16373,1
1271,1056287,1559.5,510.0,1,16373,2
1271,1056288,1858.0,487.5,1,16373,3
1271,1056289,521.2000122070312,384.3999938964844,5,16374,0
1271,1056290,497.0,400.5,1,16374,1
1271,1056291,525.0,347.0,1,16374,2
1271,1056292,1638.8333740234375,442.1666564941406,3,16375,0
1271,1056293,555.0,479.5,1,16375,1
1271,1056294,270.25,482.0,2,16375,2
1271,1056295,1667.0,443.0,1,16375,3
1271,1056296,1058.0,476.0,1,16375,4
1271,1056297,444.5,479.0,1,16375,5
1271,1056298,270.25,482.0,2,16376,0
1271,1056299,497.5,465.75,2,16376,1
1271,1056300,1487.9285888671875,467.78570556640625,7,16376,2
1271,1056301,865.0,473.5,1,16376,3
1271,1056302,1062.25,471.25,2,16376,4
1271,1056303,486.5,448.5,1,16376,5
1271,1056304,1557.1666259765625,489.5,3,16377,0
1271,1056305,555.0,479.5,1,16377,1
1271,1056306,1058.0,476.0,1,16377,2
1271,1056307,1536.5,548.5,1,16377,3
1271,1056308,1382.5,553.5,1,16377,4
1271,1056309,539.75,349.0,2,16378,0
1271,1056310,526.5,394.5,4,16378,1
1271,1056311,1858.0,487.5,1,16379,0
1271,1056312,1912.5,465.5,2,16379,1
1271,1056313,1536.5,548.5,1,16379,2
1271,1056314,1382.5,553.5,1,16379,3
1271,1056315,1912.5,465.5,2,16380,0
1271,1056316,1058.0,476.0,1,16380,1
1271,1056317,1536.5,548.5,1,16380,2
1271,1056318,1858.0,487.5,1,16380,3
1271,1056319,64.0,486.0,1,16381,0
1271,1056320,529.5,452.0,1,16381,1
1271,1056321,1461.1666259765625,471.5,6,16381,2
1271,1056322,14.0,477.75,2,16381,3
1271,1056323,865.0,473.5,1,16381,4
1271,1056324,1062.25,471.25,2,16381,5
1271,1056325,491.75,424.5,2,16381,6
1271,1056326,1912.5,465.5,2,16382,0
1271,1056327,1058.0,476.0,1,16382,1
1271,1056328,1858.0,487.5,1,16382,2
1271,1056329,1461.1666259765625,471.5,6,16383,0
1271,1056330,555.0,479.5,1,16383,1
1271,1056331,1082.5,470.0,1,16383,2
1271,1056332,1058.0,476.0,1,16383,3
1271,1056333,455.0,479.25,2,16383,4
1271,1056334,270.25,482.0,2,16383,5
1271,1056335,64.0,486.0,1,16383,6
1271,1056336,1619.875,451.0,4,16384,0
1271,1056337,555.0,479.5,1,16384,1
1271,1056338,1667.0,443.0,1,16384,2
1271,1056339,1058.0,476.0,1,16384,3
1271,1056340,240.0,482.0,1,16384,4
1271,1056341,444.5,479.0,1,16384,5
1271,1056342,555.0,479.5,1,16385,0
1271,1056343,865.0,473.5,1,16385,1
1271,1056344,1062.25,471.25,2,16385,2
1271,1056345,1512.3333740234375,469.72222900390625,9,16385,3
1271,1056346,1667.0,443.0,1,16385,4
1271,1056347,529.5,452.0,1,16385,5
1271,1056348,24.5,475.5,1,16386,0
1271,1056349,3.5,480.0,1,16386,1
1271,1056350,64.0,486.0,1,16386,2
1271,1056351,865.0,473.5,1,16387,0
1271,1056352,1042.0,472.5,1,16387,1
1271,1056353,512.8333129882812,442.8333435058594,3,16387,2
1271,1056354,479.8333435058594,470.1666564941406,3,16387,3
1271,1056355,270.25,482.0,2,16387,4
1271,1056356,64.0,486.0,1,16387,5
1271,1056357,1062.25,471.25,2,16388,0
1271,1056358,512.8333129882812,442.8333435058594,3,16388,1
1271,1056359,865.0,473.5,1,16388,2
1271,1056360,479.8333435058594,470.1666564941406,3,16388,3
1271,1056361,1058.0,476.0,1,16388,4
1271,1056362,270.25,482.0,2,16388,5
1271,1056363,64.0,486.0,1,16388,6
1271,1056364,491.75,424.5,2,16389,0
1271,1056365,865.0,473.5,1,16389,1
1271,1056366,1042.0,472.5,1,16389,2
1271,1056367,489.0,464.375,4,16389,3
1271,1056368,270.25,482.0,2,16389,4
1271,1056369,64.0,486.0,1,16389,5
1271,1056370,502.8333435058594,398.6666564941406,3,16390,0
1271,1056371,1376.5,479.0,1,16390,1
1271,1056372,865.0,473.5,1,16390,2
1271,1056373,1042.0,472.5,1,16390,3
1271,1056374,522.5833129882812,395.6666564941406,6,16390,4
1271,1056375,64.0,486.0,1,16390,5
1271,1056376,1491.6666259765625,476.6666564941406,6,16391,0
1271,1056377,1082.5,470.0,1,16391,1
1271,1056378,555.0,479.5,1,16391,2
1271,1056379,1058.0,476.0,1,16391,3
1271,1056380,455.0,479.25,2,16391,4
1271,1056381,270.25,482.0,2,16391,5
1271,1056382,64.0,486.0,1,16391,6
1271,1056383,522.5833129882812,395.6666564941406,6,16392,0
1271,1056384,539.75,349.0,2,16392,1
1271,1056385,497.0,400.5,1,16392,2
1271,1056386,1062.25,471.25,2,16393,0
1271,1056387,1399.1666259765625,468.6666564941406,3,16393,1
1271,1056388,1556.0,479.25,2,16393,2
1271,1056389,555.0,479.5,1,16393,3
1271,1056390,1058.0,476.0,1,16393,4
1271,1056391,455.0,479.25,2,16393,5
1271,1056392,270.25,482.0,2,16393,6
1271,1056393,64.0,486.0,1,16393,7
1271,1056394,539.75,349.0,2,16394,0
1271,1056395,522.5833129882812,395.6666564941406,6,16394,1
1271,1056396,497.0,400.5,1,16394,2
1271,1056397,1461.1666259765625,471.5,6,16395,0
1271,1056398,555.0,479.5,1,16395,1
1271,1056399,1082.5,470.0,1,16395,2
1271,1056400,1058.0,476.0,1,16395,3
1271,1056401,455.0,479.25,2,16395,4
1271,1056402,270.25,482.0,2,16395,5
1271,1056403,64.0,486.0,1,16395,6
1271,1056404,521.2000122070312,384.3999938964844,5,16396,0
1271,1056405,539.75,349.0,2,16396,1
1271,1056406,497.0,400.5,1,16396,2
1271,1056407,1667.0,443.0,1,16397,0
1271,1056408,1058.0,476.0,1,16397,1
1271,1056409,444.5,479.0,1,16397,2
1271,1056410,1638.8333740234375,442.1666564941406,3,16397,3
1271,1056411,555.0,479.5,1,16397,4
1271,1056412,1461.1666259765625,471.5,6,16398,0
1271,1056413,555.0,479.5,1,16398,1
1271,1056414,1058.0,476.0,1,16398,2
1271,1056415,455.0,479.25,2,16398,3
1271,1056416,270.25,482.0,2,16398,4
1271,1056417,64.0,486.0,1,16398,5
1271,1056418,521.2000122070312,384.3999938964844,5,16399,0
1271,1056419,539.75,349.0,2,16399,1
1271,1056420,497.0,400.5,1,16399,2
1271,1056421,1527.25,467.625,8,16400,0
1271,1056422,555.0,479.5,1,16400,1
1271,1056423,1082.5,470.0,1,16400,2
1271,1056424,1058.0,476.0,1,16400,3
1271,1056425,455.0,479.25,2,16400,4
1271,1056426,270.25,482.0,2,16400,5
1271,1056427,64.0,486.0,1,16400,6
1271,1056428,505.6875,416.5625,8,16401,0
1271,1056429,515.75,386.75,4,16401,1
1271,1056430,1413.75,467.625,4,16402,0
1271,1056431,555.0,479.5,1,16402,1
1271,1056432,1082.5,470.0,1,16402,2
1271,1056433,1058.0,476.0,1,16402,3
1271,1056434,455.0,479.25,2,16402,4
1271,1056435,270.25,482.0,2,16402,5
1271,1056436,64.0,486.0,1,16402,6
1271,1056437,497.0,400.5,1,16402,7
1271,1056438,489.0,464.375,4,16403,0
1271,1056439,270.25,482.0,2,16403,1
1271,1056440,64.0,486.0,1,16403,2
1271,1056441,515.875,418.875,4,16403,3
1271,1056442,865.0,473.5,1,16403,4
1271,1056443,1042.0,472.5,1,16403,5
1271,1056444,545.0,377.5,1,16403,6
1271,1056445,1058.0,476.0,1,16404,0
1271,1056446,1912.5,465.5,2,16404,1
1271,1056447,1667.0,443.0,1,16404,2
1271,1056448,1512.3333740234375,469.72222900390625,9,16404,3
1271,1056449,1062.25,471.25,2,16404,4
1271,1056450,489.0,464.375,4,16405,0
1271,1056451,270.25,482.0,2,16405,1
1271,1056452,1461.1666259765625,471.5,6,16405,2
1271,1056453,865.0,473.5,1,16405,3
1271,1056454,1062.25,471.25,2,16405,4
1271,1056455,486.5,448.5,1,16405,5
1281,1056263,3.5,480.0,1,16368,0
1281,1056264,64.0,486.0,1,16368,1
1281,1056265,24.5,475.5,1,16368,2
1281,1056266,270.25,482.0,2,16369,0
1281,1056267,497.5,465.75,2,16369,1
1281,1056268,1506.4375,464.6875,8,16369,2
1281,1056269,865.0,473.5,1,16369,3
1281,1056270,1062.25,471.25,2,16369,4
1281,1056271,486.5,448.5,1,16369,5
1281,1056272,1619.875,451.0,4,16370,0
1281,1056273,1667.0,443.0,1,16370,1
1281,1056274,489.0,464.375,4,16371,0
1281,1056275,1667.0,443.0,1,16371,1
1281,1056276,1506.4375,464.6875,8,16371,2
1281,1056277,865.0,473.5,1,16371,3
1281,1056278,1062.25,471.25,2,16371,4
1281,1056279,486.5,448.5,1,16371,5
1281,1056280,1536.5,548.5,1,16372,0
1281,1056281,1382.5,553.5,1,16372,1
1281,1056282,1906.0,467.0,1,16372,2
1281,1056283,1559.5,510.0,1,16372,3
1281,1056284,1858.0,487.5,1,16372,4
1281,1056285,1382.5,553.5,1,16373,0
1281,1056286,1536.5,548.5,1,16373,1
1281,1056287,1559.5,510.0,1,16373,2
1281,1056288,1858.0,487.5,1,16373,3
1281,1056289,521.2000122070312,384.3999938964844,5,16374,0
1281,1056290,497.0,400.5,1,16374,1
1281,1056291,525.0,347.0,1,16374,2
1281,1056292,1638.8333740234375,442.1666564941406,3,16375,0
1281,1056293,555.0,479.5,1,16375,1
1281,1056294,270.25,482.0,2,16375,2
1281,1056295,1667.0,443.0,1,16375,3
1281,1056296,1058.0,476.0,1,16375,4
1281,1056297,444.5,479.0,1,16375,5
1281,1056298,270.25,482.0,2,16376,0
1281,1056299,497.5,465.75,2,16376,1
1281,1056300,1487.9285888671875,467.78570556640625,7,16376,2
1281,1056301,865.0,473.5,1,16376,3
1281,1056302,1062.25,471.25,2,16376,4
1281,1056303,486.5,448.5,1,16376,5
1281,1056304,1557.1666259765625,489.5,3,16377,0
1281,1056305,555.0,479.5,1,16377,1
1281,1056306,1058.0,476.0,1,16377,2
1281,1056307,1536.5,548.5,1,16377,3
1281,1056308,1382.5,553.5,1,16377,4
1281,1056309,539.75,349.0,2,16378,0
1281,1056310,526.5,394.5,4,16378,1
1281,1056311,1858.0,487.5,1,16379,0
1281,1056312,1912.5,465.5,2,16379,1
1281,1056313,1536.5,548.5,1,16379,2
1281,1056314,1382.5,553.5,1,16379,3
1281,1056315,1912.5,465.5,2,16380,0
1281,1056316,1058.0,476.0,1,16380,1
1281,1056317,1536.5,548.5,1,16380,2
1281,1056318,1858.0,487.5,1,16380,3
1281,1056319,64.0,486.0,1,16381,0
1281,1056320,529.5,452.0,1,16381,1
1281,1056321,1461.1666259765625,471.5,6,16381,2
1281,1056322,14.0,477.75,2,16381,3
1281,1056323,865.0,473.5,1,16381,4
1281,1056324,1062.25,471.25,2,16381,5
1281,1056325,491.75,424.5,2,16381,6
1281,1056326,1912.5,465.5,2,16382,0
1281,1056327,1058.0,476.0,1,16382,1
1281,1056328,1858.0,487.5,1,16382,2
1281,1056329,1461.1666259765625,471.5,6,16383,0
1281,1056330,555.0,479.5,1,16383,1
1281,1056331,1082.5,470.0,1,16383,2
1281,1056332,1058.0,476.0,1,16383,3
1281,1056333,455.0,479.25,2,16383,4
1281,1056334,270.25,482.0,2,16383,5
1281,1056335,64.0,486.0,1,16383,6
1281,1056336,1619.875,451.0,4,16384,0
1281,1056337,555.0,479.5,1,16384,1
1281,1056338,1667.0,443.0,1,16384,2
1281,1056339,1058.0,476.0,1,16384,3
1281,1056340,240.0,482.0,1,16384,4
1281,1056341,444.5,479.0,1,16384,5
1281,1056342,555.0,479.5,1,16385,0
1281,1056343,865.0,473.5,1,16385,1
1281,1056344,1062.25,471.25,2,16385,2
1281,1056345,1512.3333740234375,469.72222900390625,9,16385,3
1281,1056346,1667.0,443.0,1,16385,4
1281,1056347,529.5,452.0,1,16385,5
1281,1056348,24.5,475.5,1,16386,0
1281,1056349,3.5,480.0,1,16386,1
1281,1056350,64.0,486.0,1,16386,2
1281,1056351,865.0,473.5,1,16387,0
1281,1056352,1042.0,472.5,1,16387,1
1281,1056353,512.8333129882812,442.8333435058594,3,16387,2
1281,1056354,479.8333435058594,470.1666564941406,3,16387,3
1281,1056355,270.25,482.0,2,16387,4
1281,1056356,64.0,486.0,1,16387,5
1281,1056357,1062.25,471.25,2,16388,0
1281,1056358,512.8333129882812,442.8333435058594,3,16388,1
1281,1056359,865.0,473.5,1,16388,2
1281,1056360,479.8333435058594,470.1666564941406,3,16388,3
1281,1056361,1058.0,476.0,1,16388,4
1281,1056362,270.25,482.0,2,16388,5
1281,1056363,64.0,486.0,1,16388,6
1281,1056364,491.75,424.5,2,16389,0
1281,1056365,865.0,473.5,1,16389,1
1281,1056366,1042.0,472.5,1,16389,2
1281,1056367,489.0,464.375,4,16389,3
1281,1056368,270.25,482.0,2,16389,4
1281,1056369,64.0,486.0,1,16389,5
1281,1056370,502.8333435058594,398.6666564941406,3,16390,0
1281,1056371,1376.5,479.0,1,16390,1
1281,1056372,865.0,473.5,1,16390,2
1281,1056373,1042.0,472.5,1,16390,3
1281,1056374,522.5833129882812,395.6666564941406,6,16390,4
1281,1056375,64.0,486.0,1,16390,5
1281,1056376,1491.6666259765625,476.6666564941406,6,16391,0
1281,1056377,1082.5,470.0,1,16391,1
1281,1056378,555.0,479.5,1,16391,2
1281,1056379,1058.0,476.0,1,16391,3
1281,1056380,455.0,479.25,2,16391,4
1281,1056381,270.25,482.0,2,16391,5
1281,1056382,64.0,486.0,1,16391,6
1281,1056383,522.5833129882812,395.6666564941406,6,16392,0
1281,1056384,539.75,349.0,2,16392,1
1281,1056385,497.0,400.5,1,16392,2
1281,1056386,1062.25,471.25,2,16393,0
1281,1056387,1399.1666259765625,468.6666564941406,3,16393,1
1281,1056388,1556.0,479.25,2,16393,2
1281,1056389,555.0,479.5,1,16393,3
1281,1056390,1058.0,476.0,1,16393,4
1281,1056391,455.0,479.25,2,16393,5
1281,1056392,270.25,482.0,2,16393,6
1281,1056393,64.0,486.0,1,16393,7
1281,1056394,539.75,349.0,2,16394,0
1281,1056395,522.5833129882812,395.6666564941406,6,16394,1
1281,1056396,497.0,400.5,1,16394,2
1281,1056397,1461.1666259765625,471.5,6,16395,0
1281,1056398,555.0,479.5,1,16395,1
1281,1056399,1082.5,470.0,1,16395,2
1281,1056400,1058.0,476.0,1,16395,3
1281,1056401,455.0,479.25,2,16395,4
1281,1056402,270.25,482.0,2,16395,5
1281,1056403,64.0,486.0,1,16395,6
1281,1056404,521.2000122070312,384.3999938964844,5,16396,0
1281,1056405,539.75,349.0,2,16396,1
1281,1056406,497.0,400.5,1,16396,2
1281,1056407,1667.0,443.0,1,16397,0
1281,1056408,1058.0,476.0,1,16397,1
1281,1056409,444.5,479.0,1,16397,2
1281,1056410,1638.8333740234375,442.1666564941406,3,16397,3
1281,1056411,555.0,479.5,1,16397,4
1281,1056412,1461.1666259765625,471.5,6,16398,0
1281,1056413,555.0,479.5,1,16398,1
1281,1056414,1058.0,476.0,1,16398,2
1281,1056415,455.0,479.25,2,16398,3
1281,1056416,270.25,482.0,2,16398,4
1281,1056417,64.0,486.0,1,16398,5
1281,1056418,521.2000122070312,384.3999938964844,5,16399,0
1281,1056419,539.75,349.0,2,16399,1
1281,1056420,497.0,400.5,1,16399,2
1281,1056421,1527.25,467.625,8,16400,0
1281,1056422,555.0,479.5,1,16400,1
1281,1056423,1082.5,470.0,1,16400,2
1281,1056424,1058.0,476.0,1,16400,3
1281,1056425,455.0,479.25,2,16400,4
1281,1056426,270.25,482.0,2,16400,5
1281,1056427,64.0,486.0,1,16400,6
1281,1056428,505.6875,416.5625,8,16401,0
1281,1056429,515.75,386.75,4,16401,1
1281,1056430,1413.75,467.625,4,16402,0
1281,1056431,555.0,479.5,1,16402,1
1281,1056432,1082.5,470.0,1,16402,2
1281,1056433,1058.0,476.0,1,16402,3
1281,1056434,455.0,479.25,2,16402,4
1281,1056435,270.25,482.0,2,16402,5
1281,1056436,64.0,486.0,1,16402,6
1281,1056437,497.0,400.5,1,16402,7
1281,1056438,489.0,464.375,4,16403,0
1281,1056439,270.25,482.0,2,16403,1
1281,1056440,64.0,486.0,1,16403,2
1281,1056441,515.875,418.875,4,16403,3
1281,1056442,865.0,473.5,1,16403,4
1281,1056443,1042.0,472.5,1,16403,5
1281,1056444,545.0,377.5,1,16403,6
1281,1056445,1058.0,476.0,1,16404,0
1281,1056446,1912.5,465.5,2,16404,1
1281,1056447,1667.0,443.0,1,16404,2
1281,1056448,1512.3333740234375,469.72222900390625,9,16404,3
1281,1056449,1062.25,471.25,2,16404,4
1281,1056450,489.0,464.375,4,16405,0
1281,1056451,270.25,482.0,2,16405,1
1281,1056452,1461.1666259765625,471.5,6,16405,2
1281,1056453,865.0,473.5,1,16405,3
1281,1056454,1062.25,471.25,2,16405,4
1281,1056455,486.5,448.5,1,16405,5
1291,1056263,3.5,480.0,1,16368,0
1291,1056264,64.0,486.0,1,16368,1
1291,1056265,24.5,475.5,1,16368,2
1291,1056266,270.25,482.0,2,16369,0
1291,1056267,497.5,465.75,2,16369,1
1291,1056268,1506.4375,464.6875,8,16369,2
1291,1056269,865.0,473.5,1,16369,3
1291,1056270,1062.25,471.25,2,16369,4
1291,1056271,486.5,448.5,1,16369,5
1291,1056272,1619.875,451.0,4,16370,0
1291,1056273,1667.0,443.0,1,16370,1
1291,1056274,489.0,464.375,4,16371,0
1291,1056275,1667.0,443.0,1,16371,1
1291,1056276,1506.4375,464.6875,8,16371,2
1291,1056277,865.0,473.5,1,16371,3
1291,1056278,1062.25,471.25,2,16371,4
1291,1056279,486.5,448.5,1,16371,5
1291,1056280,1536.5,548.5,1,16372,0
1291,1056281,1382.5,553.5,1,16372,1
1291,1056282,1906.0,467.0,1,16372,2
1291,1056283,1559.5,510.0,1,16372,3
1291,1056284,1858.0,487.5,1,16372,4
1291,1056285,1382.5,553.5,1,16373,0
1291,1056286,1536.5,548.5,1,16373,1
1291,1056287,1559.5,510.0,1,16373,2
1291,1056288,1858.0,487.5,1,16373,3
1291,1056289,521.2000122070312,384.3999938964844,5,16374,0
1291,1056290,497.0,400.5,1,16374,1
1291,1056291,525.0,347.0,1,16374,2
1291,1056292,1638.8333740234375,442.1666564941406,3,16375,0
1291,1056293,555.0,479.5,1,16375,1
1291,1056294,270.25,482.0,2,16375,2
1291,1056295,1667.0,443.0,1,16375,3
1291,1056296,1058.0,476.0,1,16375,4
1291,1056297,444.5,479.0,1,16375,5
1291,1056298,270.25,482.0,2,16376,0
1291,1056299,497.5,465.75,2,16376,1
1291,1056300,1487.9285888671875,467.78570556640625,7,16376,2
1291,1056301,865.0,473.5,1,16376,3
1291,1056302,1062.25,471.25,2,16376,4
1291,1056303,486.5,448.5,1,16376,5
1291,1056304,1557.1666259765625,489.5,3,16377,0
1291,1056305,555.0,479.5,1,16377,1
1291,1056306,1058.0,476.0,1,16377,2
1291,1056307,1536.5,548.5,1,16377,3
1291,1056308,1382.5,553.5,1,16377,4
1291,1056309,539.75,349.0,2,16378,0
1291,1056310,526.5,394.5,4,16378,1
1291,1056311,1858.0,487.5,1,16379,0
1291,1056312,1912.5,465.5,2,16379,1
1291,1056313,1536.5,548.5,1,16379,2
1291,1056314,1382.5,553.5,1,16379,3
1291,1056315,1912.5,465.5,2,16380,0
1291,1056316,1058.0,476.0,1,16380,1
1291,1056317,1536.5,548.5,1,16380,2
1291,1056318,1858.0,487.5,1,16380,3
1291,1056319,64.0,486.0,1,16381,0
1291,1056320,529.5,452.0,1,16381,1
1291,1056321,1461.1666259765625,471.5,6,16381,2
1291,1056322,14.0,477.75,2,16381,3
1291,1056323,865.0,473.5,1,16381,4
1291,1056324,1062.25,471.25,2,16381,5
1291,1056325,491.75,424.5,2,16381,6
1291,1056326,1912.5,465.5,2,16382,0
1291,1056327,1058.0,476.0,1,16382,1
1291,1056328,1858.0,487.5,1,16382,2
1291,1056329,1461.1666259765625,471.5,6,16383,0
1291,1056330,555.0,479.5,1,16383,1
1291,1056331,1082.5,470.0,1,16383,2
1291,1056332,1058.0,476.0,1,16383,3
1291,1056333,455.0,479.25,2,16383,4
1291,1056334,270.25,482.0,2,16383,5
1291,1056335,64.0,486.0,1,16383,6
1291,1056336,1619.875,451.0,4,16384,0
1291,1056337,555.0,479.5,1,16384,1
1291,1056338,1667.0,443.0,1,16384,2
1291,1056339,1058.0,476.0,1,16384,3
1291,1056340,240.0,482.0,1,16384,4
1291,1056341,444.5,479.0,1,16384,5
1291,1056342,555.0,479.5,1,16385,0
1291,1056343,865.0,473.5,1,16385,1
1291,1056344,1062.25,471.25,2,16385,2
1291,1056345,1512.3333740234375,469.72222900390625,9,16385,3
1291,1056346,1667.0,443.0,1,16385,4
1291,1056347,529.5,452.0,1,16385,5
1291,1056348,24.5,475.5,1,16386,0
1291,1056349,3.5,480.0,1,16386,1
1291,1056350,64.0,486.0,1,16386,2
1291,1056351,865.0,473.5,1,16387,0
1291,1056352,1042.0,472.5,1,16387,1
1291,1056353,512.8333129882812,442.8333435058594,3,16387,2
1291,1056354,479.8333435058594,470.1666564941406,3,16387,3
1291,1056355,270.25,482.0,2,16387,4
1291,1056356,64.0,486.0,1,16387,5
1291,1056357,1062.25,471.25,2,16388,0
1291,1056358,512.8333129882812,442.8333435058594,3,16388,1
1291,1056359,865.0,473.5,1,16388,2
1291,1056360,479.8333435058594,470.1666564941406,3,16388,3
1291,1056361,1058.0,476.0,1,16388,4
1291,1056362,270.25,482.0,2,16388,5
1291,1056363,64.0,486.0,1,16388,6
1291,1056364,491.75,424.5,2,16389,0
1291,1056365,865.0,473.5,1,16389,1
1291,1056366,1042.0,472.5,1,16389,2
1291,1056367,489.0,464.375,4,16389,3
1291,1056368,270.25,482.0,2,16389,4
1291,1056369,64.0,486.0,1,16389,5
1291,1056370,502.8333435058594,398.6666564941406,3,16390,0
1291,1056371,1376.5,479.0,1,16390,1
1291,1056372,865.0,473.5,1,16390,2
1291,1056373,1042.0,472.5,1,16390,3
1291,1056374,522.5833129882812,395.6666564941406,6,16390,4
1291,1056375,64.0,486.0,1,16390,5
1291,1056376,1491.6666259765625,476.6666564941406,6,16391,0
1291,1056377,1082.5,470.0,1,16391,1
1291,1056378,555.0,479.5,1,16391,2
1291,1056379,1058.0,476.0,1,16391,3
1291,1056380,455.0,479.25,2,16391,4
1291,1056381,270.25,482.0,2,16391,5
1291,1056382,64.0,486.0,1,16391,6
1291,1056383,522.5833129882812,395.6666564941406,6,16392,0
1291,1056384,539.75,349.0,2,16392,1
1291,1056385,497.0,400.5,1,16392,2
1291,1056386,1062.25,471.25,2,16393,0
1291,1056387,1399.1666259765625,468.6666564941406,3,16393,1
1291,1056388,1556.0,479.25,2,16393,2
1291,1056389,555.0,479.5,1,16393,3
1291,1056390,1058.0,476.0,1,16393,4
1291,1056391,455.0,479.25,2,16393,5
1291,1056392,270.25,482.0,2,16393,6
1291,1056393,64.0,486.0,1,16393,7
1291,1056394,539.75,349.0,2,16394,0
1291,1056395,522.5833129882812,395.6666564941406,6,16394,1
1291,1056396,497.0,400.5,1,16394,2
1291,1056397,1461.1666259765625,471.5,6,16395,0
1291,1056398,555.0,479.5,1,16395,1
1291,1056399,1082.5,470.0,1,16395,2
1291,1056400,1058.0,476.0,1,16395,3
1291,1056401,455.0,479.25,2,16395,4
1291,1056402,270.25,482.0,2,16395,5
1291,1056403,64.0,486.0,1,16395,6
1291,1056404,521.2000122070312,384.3999938964844,5,16396,0
1291,1056405,539.75,349.0,2,16396,1
1291,1056406,497.0,400.5,1,16396,2
1291,1056407,1667.0,443.0,1,16397,0
1291,1056408,1058.0,476.0,1,16397,1
1291,1056409,444.5,479.0,1,16397,2
1291,1056410,1638.8333740234375,442.1666564941406,3,16397,3
1291,1056411,555.0,479.5,1,16397,4
1291,1056412,1461.1666259765625,471.5,6,16398,0
1291,1056413,555.0,479.5,1,16398,1
1291,1056414,1058.0,476.0,1,16398,2
1291,1056415,455.0,479.25,2,16398,3
1291,1056416,270.25,482.0,2,16398,4
1291,1056417,64.0,486.0,1,16398,5
1291,1056418,521.2000122070312,384.3999938964844,5,16399,0
1291,1056419,539.75,349.0,2,16399,1
1291,1056420,497.0,400.5,1,16399,2
1291,1056421,1527.25,467.625,8,16400,0
1291,1056422,555.0,479.5,1,16400,1
1291,1056423,1082.5,470.0,1,16400,2
1291,1056424,1058.0,476.0,1,16400,3
1291,1056425,455.0,479.25,2,16400,4
1291,1056426,270.25,482.0,2,16400,5
1291,1056427,64.0,486.0,1,16400,6
1291,1056428,505.6875,416.5625,8,16401,0
1291,1056429,515.75,386.75,4,16401,1
1291,1056430,1413.75,467.625,4,16402,0
1291,1056431,555.0,479.5,1,16402,1
1291,1056432,1082.5,470.0,1,16402,2
1291,1056433,1058.0,476.0,1,16402,3
1291,1056434,455.0,479.25,2,16402,4
1291,1056435,270.25,482.0,2,16402,5
1291,1056436,64.0,486.0,1,16402,6
1291,1056437,497.0,400.5,1,16402,7
1291,1056438,489.0,464.375,4,16403,0
1291,1056439,270.25,482.0,2,16403,1
1291,1056440,64.0,486.0,1,16403,2
1291,1056441,515.875,418.875,4,16403,3
1291,1056442,865.0,473.5,1,16403,4
1291,1056443,1042.0,472.5,1,16403,5
1291,1056444,545.0,377.5,1,16403,6
1291,1056445,1058.0,476.0,1,16404,0
1291,1056446,1912.5,465.5,2,16404,1
1291,1056447,1667.0,443.0,1,16404,2
1291,1056448,1512.3333740234375,469.72222900390625,9,16404,3
1291,1056449,1062.25,471.25,2,16404,4
1291,1056450,489.0,464.375,4,16405,0
1291,1056451,270.25,482.0,2,16405,1
1291,1056452,1461.1666259765625,471.5,6,16405,2
1291,1056453,865.0,473.5,1,16405,3
1291,1056454,1062.25,471.25,2,16405,4
1291,1056455,486.5,448.5,1,16405,5
1301,1056263,3.5,480.0,1,16368,0
1301,1056264,64.0,486.0,1,16368,1
1301,1056265,24.5,475.5,1,16368,2
1301,1056266,270.25,482.0,2,16369,0
1301,1056267,497.5,465.75,2,16369,1
1301,1056268,1506.4375,464.6875,8,16369,2
1301,1056269,865.0,473.5,1,16369,3
1301,1056270,1062.25,471.25,2,16369,4
1301,1056271,486.5,448.5,1,16369,5
1301,1056272,1619.875,451.0,4,16370,0
1301,1056273,1667.0,443.0,1,16370,1
1301,1056274,489.0,464.375,4,16371,0
1301,1056275,1667.0,443.0,1,16371,1
1301,1056276,1506.4375,464.6875,8,16371,2
1301,1056277,865.0,473.5,1,16371,3
1301,1056278,1062.25,471.25,2,16371,4
1301,1056279,486.5,448.5,1,16371,5
1301,1056280,1536.5,548.5,1,16372,0
1301,1056281,1382.5,553.5,1,16372,1
1301,1056282,1906.0,467.0,1,16372,2
1301,1056283,1559.5,510.0,1,16372,3
1301,1056284,1858.0,487.5,1,16372,4
1301,1056285,1382.5,553.5,1,16373,0
1301,1056286,1536.5,548.5,1,16373,1
1301,1056287,1559.5,510.0,1,16373,2
1301,1056288,1858.0,487.5,1,16373,3
1301,1056289,521.2000122070312,384.3999938964844,5,16374,0
1301,1056290,497.0,400.5,1,16374,1
1301,1056291,525.0,347.0,1,16374,2
1301,1056292,1638.8333740234375,442.1666564941406,3,16375,0
1301,1056293,555.0,479.5,1,16375,1
1301,1056294,270.25,482.0,2,16375,2
1301,1056295,1667.0,443.0,1,16375,3
1301,1056296,1058.0,476.0,1,16375,4
1301,1056297,444.5,479.0,1,16375,5
1301,1056298,270.25,482.0,2,16376,0
1301,1056299,497.5,465.75,2,16376,1
1301,1056300,1487.9285888671875,467.78570556640625,7,16376,2
1301,1056301,865.0,473.5,1,16376,3
1301,1056302,1062.25,471.25,2,16376,4
1301,1056303,486.5,448.5,1,16376,5
1301,1056304,1557.1666259765625,489.5,3,16377,0
1301,1056305,555.0,479.5,1,16377,1
1301,1056306,1058.0,476.0,1,16377,2
1301,1056307,1536.5,548.5,1,16377,3
1301,1056308,1382.5,553.5,1,16377,4
1301,1056309,539.75,349.0,2,16378,0
1301,1056310,526.5,394.5,4,16378,1
1301,1056311,1858.0,487.5,1,16379,0
1301,1056312,1912.5,465.5,2,16379,1
1301,1056313,1536.5,548.5,1,16379,2
1301,1056314,1382.5,553.5,1,16379,3
1301,1056315,1912.5,465.5,2,16380,0
1301,1056316,1058.0,476.0,1,16380,1
1301,1056317,1536.5,548.5,1,16380,2
1301,1056318,1858.0,487.5,1,16380,3
1301,1056319,64.0,486.0,1,16381,0
1301,1056320,529.5,452.0,1,16381,1
1301,1056321,1461.1666259765625,471.5,6,16381,2
1301,1056322,14.0,477.75,2,16381,3
1301,1056323,865.0,473.5,1,16381,4
1301,1056324,1062.25,471.25,2,16381,5
1301,1056325,491.75,424.5,2,16381,6
1301,1056326,1912.5,465.5,2,16382,0
1301,1056327,1058.0,476.0,1,16382,1
1301,1056328,1858.0,487.5,1,16382,2
1301,1056329,1461.1666259765625,471.5,6,16383,0
1301,1056330,555.0,479.5,1,16383,1
1301,1056331,1082.5,470.0,1,16383,2
1301,1056332,1058.0,476.0,1,16383,3
1301,1056333,455.0,479.25,2,16383,4
1301,1056334,270.25,482.0,2,16383,5
1301,1056335,64.0,486.0,1,16383,6
1301,1056336,1619.875,451.0,4,16384,0
1301,1056337,555.0,479.5,1,16384,1
1301,1056338,1667.0,443.0,1,16384,2
1301,1056339,1058.0,476.0,1,16384,3
1301,1056340,240.0,482.0,1,16384,4
1301,1056341,444.5,479.0,1,16384,5
1301,1056342,555.0,479.5,1,16385,0
1301,1056343,865.0,473.5,1,16385,1
1301,1056344,1062.25,471.25,2,16385,2
1301,1056345,1512.3333740234375,469.72222900390625,9,16385,3
1301,1056346,1667.0,443.0,1,16385,4
1301,1056347,529.5,452.0,1,16385,5
1301,1056348,24.5,475.5,1,16386,0
1301,1056349,3.5,480.0,1,16386,1
1301,1056350,64.0,486.0,1,16386,2
1301,1056351,865.0,473.5,1,16387,0
1301,1056352,1042.0,472.5,1,16387,1
1301,1056353,512.8333129882812,442.8333435058594,3,16387,2
1301,1056354,479.8333435058594,470.1666564941406,3,16387,3
1301,1056355,270.25,482.0,2,16387,4
1301,1056356,64.0,486.0,1,16387,5
1301,1056357,1062.25,471.25,2,16388,0
1301,1056358,512.8333129882812,442.8333435058594,3,16388,1
1301,1056359,865.0,473.5,1,16388,2
1301,1056360,479.8333435058594,470.1666564941406,3,16388,3
1301,1056361,1058.0,476.0,1,16388,4
1301,1056362,270.25,482.0,2,16388,5
1301,1056363,64.0,486.0,1,16388,6
1301,1056364,491.75,424.5,2,16389,0
1301,1056365,865.0,473.5,1,16389,1
1301,1056366,1042.0,472.5,1,16389,2
1301,1056367,489.0,464.375,4,16389,3
1301,1056368,270.25,482.0,2,16389,4
1301,1056369,64.0,486.0,1,16389,5
1301,1056370,502.8333435058594,398.6666564941406,3,16390,0
1301,1056371,1376.5,479.0,1,16390,1
1301,1056372,865.0,473.5,1,16390,2
1301,1056373,1042.0,472.5,1,16390,3
1301,1056374,522.5833129882812,395.6666564941406,6,16390,4
1301,1056375,64.0,486.0,1,16390,5
1301,1056376,1491.6666259765625,476.6666564941406,6,16391,0
1301,1056377,1082.5,470.0,1,16391,1
1301,1056378,555.0,479.5,1,16391,2
1301,1056379,1058.0,476.0,1,16391,3
1301,1056380,455.0,479.25,2,16391,4
1301,1056381,270.25,482.0,2,16391,5
1301,1056382,64.0,486.0,1,16391,6
1301,1056383,522.5833129882812,395.6666564941406,6,16392,0
1301,1056384,539.75,349.0,2,16392,1
1301,1056385,497.0,400.5,1,16392,2
1301,1056386,1062.25,471.25,2,16393,0
1301,1056387,1399.1666259765625,468.6666564941406,3,16393,1
1301,1056388,1556.0,479.25,2,16393,2
1301,1056389,555.0,479.5,1,16393,3
1301,1056390,1058.0,476.0,1,16393,4
1301,1056391,455.0,479.25,2,16393,5
1301,1056392,270.25,482.0,2,16393,6
1301,1056393,64.0,486.0,1,16393,7
1301,1056394,539.75,349.0,2,16394,0
1301,1056395,522.5833129882812,395.6666564941406,6,16394,1
1301,1056396,497.0,400.5,1,16394,2
1301,1056397,1461.1666259765625,471.5,6,16395,0
1301,1056398,555.0,479.5,1,16395,1
1301,1056399,1082.5,470.0,1,16395,2
1301,1056400,1058.0,476.0,1,16395,3
1301,1056401,455.0,479.25,2,16395,4
1301,1056402,270.25,482.0,2,16395,5
1301,1056403,64.0,486.0,1,16395,6
1301,1056404,521.2000122070312,384.3999938964844,5,16396,0
1301,1056405,539.75,349.0,2,16396,1
1301,1056406,497.0,400.5,1,16396,2
1301,1056407,1667.0,443.0,1,16397,0
1301,1056408,1058.0,476.0,1,16397,1
1301,1056409,444.5,479.0,1,16397,2
1301,1056410,1638.8333740234375,442.1666564941406,3,16397,3
1301,1056411,555.0,479.5,1,16397,4
1301,1056412,1461.1666259765625,471.5,6,16398,0
1301,1056413,555.0,479.5,1,16398,1
1301,1056414,1058.0,476.0,1,16398,2
1301,1056415,455.0,479.25,2,16398,3
1301,1056416,270.25,482.0,2,16398,4
1301,1056417,64.0,486.0,1,16398,5
1301,1056418,521.2000122070312,384.3999938964844,5,16399,0
1301,1056419,539.75,349.0,2,16399,1
1301,1056420,497.0,400.5,1,16399,2
1301,1056421,1527.25,467.625,8,16400,0
1301,1056422,555.0,479.5,1,16400,1
1301,1056423,1082.5,470.0,1,16400,2
1301,1056424,1058.0,476.0,1,16400,3
1301,1056425,455.0,479.25,2,16400,4
1301,1056426,270.25,482.0,2,16400,5
1301,1056427,64.0,486.0,1,16400,6
1301,1056428,505.6875,416.5625,8,16401,0
1301,1056429,515.75,386.75,4,16401,1
1301,1056430,1413.75,467.625,4,16402,0
1301,1056431,555.0,479.5,1,16402,1
1301,1056432,1082.5,470.0,1,16402,2
1301,1056433,1058.0,476.0,1,16402,3
1301,1056434,455.0,479.25,2,16402,4
1301,1056435,270.25,482.0,2,16402,5
1301,1056436,64.0,486.0,1,16402,6
1301,1056437,497.0,400.5,1,16402,7
1301,1056438,489.0,464.375,4,16403,0
1301,1056439,270.25,482.0,2,16403,1
1301,1056440,64.0,486.0,1,16403,2
1301,1056441,515.875,418.875,4,16403,3
1301,1056442,865.0,473.5,1,16403,4
1301,1056443,1042.0,472.5,1,16403,5
1301,1056444,545.0,377.5,1,16403,6
1301,1056445,1058.0,476.0,1,16404,0
1301,1056446,1912.5,465.5,2,16404,1
1301,1056447,1667.0,443.0,1,16404,2
1301,1056448,1512.3333740234375,469.72222900390625,9,16404,3
1301,1056449,1062.25,471.25,2,16404,4
1301,1056450,489.0,464.375,4,16405,0
1301,1056451,270.25,482.0,2,16405,1
1301,1056452,1461.1666259765625,471.5,6,16405,2
1301,1056453,865.0,473.5,1,16405,3
1301,1056454,1062.25,471.25,2,16405,4
1301,1056455,486.5,448.5,1,16405,5
1311,1056263,3.5,480.0,1,16368,0
1311,1056264,64.0,486.0,1,16368,1
1311,1056265,24.5,475.5,1,16368,2
1311,1056266,270.25,482.0,2,16369,0
1311,1056267,497.5,465.75,2,16369,1
1311,1056268,1506.4375,464.6875,8,16369,2
1311,1056269,865.0,473.5,1,16369,3
1311,1056270,1062.25,471.25,2,16369,4
1311,1056271,486.5,448.5,1,16369,5
1311,1056272,1619.875,451.0,4,16370,0
1311,1056273,1667.0,443.0,1,16370,1
1311,1056274,489.0,464.375,4,16371,0
1311,1056275,1667.0,443.0,1,16371,1
1311,1056276,1506.4375,464.6875,8,16371,2
1311,1056277,865.0,473.5,1,16371,3
1311,1056278,1062.25,471.25,2,16371,4
1311,1056279,486.5,448.5,1,16371,5
1311,1056280,1536.5,548.5,1,16372,0
1311,1056281,1382.5,553.5,1,16372,1
1311,1056282,1906.0,467.0,1,16372,2
1311,1056283,1559.5,510.0,1,16372,3
1311,1056284,1858.0,487.5,1,16372,4
1311,1056285,1382.5,553.5,1,16373,0
1311,1056286,1536.5,548.5,1,16373,1
1311,1056287,1559.5,510.0,1,16373,2
1311,1056288,1858.0,487.5,1,16373,3
1311,1056289,521.2000122070312,384.3999938964844,5,16374,0
1311,1056290,497.0,400.5,1,16374,1
1311,1056291,525.0,347.0,1,16374,2
1311,1056292,1638.8333740234375,442.1666564941406,3,16375,0
1311,1056293,555.0,479.5,1,16375,1
1311,1056294,270.25,482.0,2,16375,2
1311,1056295,1667.0,443.0,1,16375,3
1311,1056296,1058.0,476.0,1,16375,4
1311,1056297,444.5,479.0,1,16375,5
1311,1056298,270.25,482.0,2,16376,0
1311,1056299,497.5,465.75,2,16376,1
1311,1056300,1487.9285888671875,467.78570556640625,7,16376,2
1311,1056301,865.0,473.5,1,16376,3
1311,1056302,1062.25,471.25,2,16376,4
1311,1056303,486.5,448.5,1,16376,5
1311,1056304,1557.1666259765625,489.5,3,16377,0
1311,1056305,555.0,479.5,1,16377,1
1311,1056306,1058.0,476.0,1,16377,2
1311,1056307,1536.5,548.5,1,16377,3
1311,1056308,1382.5,553.5,1,16377,4
1311,1056309,539.75,349.0,2,16378,0
1311,1056310,526.5,394.5,4,16378,1
1311,1056311,1858.0,487.5,1,16379,0
1311,1056312,1912.5,465.5,2,16379,1
1311,1056313,1536.5,548.5,1,16379,2
1311,1056314,1382.5,553.5,1,16379,3
1311,1056315,1912.5,465.5,2,16380,0
1311,1056316,1058.0,476.0,1,16380,1
1311,1056317,1536.5,548.5,1,16380,2
1311,1056318,1858.0,487.5,1,16380,3
1311,1056319,64.0,486.0,1,16381,0
1311,1056320,529.5,452.0,1,16381,1
1311,1056321,1461.1666259765625,471.5,6,16381,2
1311,1056322,14.0,477.75,2,16381,3
1311,1056323,865.0,473.5,1,16381,4
1311,1056324,1062.25,471.25,2,16381,5
1311,1056325,491.75,424.5,2,16381,6
1311,1056326,1912.5,465.5,2,16382,0
1311,1056327,1058.0,476.0,1,16382,1
1311,1056328,1858.0,487.5,1,16382,2
1311,1056329,1461.1666259765625,471.5,6,16383,0
1311,1056330,555.0,479.5,1,16383,1
1311,1056331,1082.5,470.0,1,16383,2
1311,1056332,1058.0,476.0,1,16383,3
1311,1056333,455.0,479.25,2,16383,4
1311,1056334,270.25,482.0,2,16383,5
1311,1056335,64.0,486.0,1,16383,6
1311,1056336,1619.875,451.0,4,16384,0
1311,1056337,555.0,479.5,1,16384,1
1311,1056338,1667.0,443.0,1,16384,2
1311,1056339,1058.0,476.0,1,16384,3
1311,1056340,240.0,482.0,1,16384,4
1311,1056341,444.5,479.0,1,16384,5
1311,1056342,555.0,479.5,1,16385,0
1311,1056343,865.0,473.5,1,16385,1
1311,1056344,1062.25,471.25,2,16385,2
1311,1056345,1512.3333740234375,469.72222900390625,9,16385,3
1311,1056346,1667.0,443.0,1,16385,4
1311,1056347,529.5,452.0,1,16385,5
1311,1056348,24.5,475.5,1,16386,0
1311,1056349,3.5,480.0,1,16386,1
1311,1056350,64.0,486.0,1,16386,2
1311,1056351,865.0,473.5,1,16387,0
1311,1056352,1042.0,472.5,1,16387,1
1311,1056353,512.8333129882812,442.8333435058594,3,16387,2
1311,1056354,479.8333435058594,470.1666564941406,3,16387,3
1311,1056355,270.25,482.0,2,16387,4
1311,1056356,64.0,486.0,1,16387,5
1311,1056357,1062.25,471.25,2,16388,0
1311,1056358,512.8333129882812,442.8333435058594,3,16388,1
1311,1056359,865.0,473.5,1,16388,2
1311,1056360,479.8333435058594,470.1666564941406,3,16388,3
1311,1056361,1058.0,476.0,1,16388,4
1311,1056362,270.25,482.0,2,16388,5
1311,1056363,64.0,486.0,1,16388,6
1311,1056364,491.75,424.5,2,16389,0
1311,1056365,865.0,473.5,1,16389,1
1311,1056366,1042.0,472.5,1,16389,2
1311,1056367,489.0,464.375,4,16389,3
1311,1056368,270.25,482.0,2,16389,4
1311,1056369,64.0,486.0,1,16389,5
1311,1056370,502.8333435058594,398.6666564941406,3,16390,0
1311,1056371,1376.5,479.0,1,16390,1
1311,1056372,865.0,473.5,1,16390,2
1311,1056373,1042.0,472.5,1,16390,3
1311,1056374,522.5833129882812,395.6666564941406,6,16390,4
1311,1056375,64.0,486.0,1,16390,5
1311,1056376,1491.6666259765625,476.6666564941406,6,16391,0
1311,1056377,1082.5,470.0,1,16391,1
1311,1056378,555.0,479.5,1,16391,2
1311,1056379,1058.0,476.0,1,16391,3
1311,1056380,455.0,479.25,2,16391,4
1311,1056381,270.25,482.0,2,16391,5
1311,1056382,64.0,486.0,1,16391,6
1311,1056383,522.5833129882812,395.6666564941406,6,16392,0
1311,1056384,539.75,349.0,2,16392,1
1311,1056385,497.0,400.5,1,16392,2
1311,1056386,1062.25,471.25,2,16393,0
1311,1056387,1399.1666259765625,468.6666564941406,3,16393,1
1311,1056388,1556.0,479.25,2,16393,2
1311,1056389,555.0,479.5,1,16393,3
1311,1056390,1058.0,476.0,1,16393,4
1311,1056391,455.0,479.25,2,16393,5
1311,1056392,270.25,482.0,2,16393,6
1311,1056393,64.0,486.0,1,16393,7
1311,1056394,539.75,349.0,2,16394,0
1311,1056395,522.5833129882812,395.6666564941406,6,16394,1
1311,1056396,497.0,400.5,1,16394,2
1311,1056397,1461.1666259765625,471.5,6,16395,0
1311,1056398,555.0,479.5,1,16395,1
1311,1056399,1082.5,470.0,1,16395,2
1311,1056400,1058.0,476.0,1,16395,3
1311,1056401,455.0,479.25,2,16395,4
1311,1056402,270.25,482.0,2,16395,5
1311,1056403,64.0,486.0,1,16395,6
1311,1056404,521.2000122070312,384.3999938964844,5,16396,0
1311,1056405,539.75,349.0,2,16396,1
1311,1056406,497.0,400.5,1,16396,2
1311,1056407,1667.0,443.0,1,16397,0
1311,1056408,1058.0,476.0,1,16397,1
1311,1056409,444.5,479.0,1,16397,2
1311,1056410,1638.8333740234375,442.1666564941406,3,16397,3
1311,1056411,555.0,479.5,1,16397,4
1311,1056412,1461.1666259765625,471.5,6,16398,0
1311,1056413,555.0,479.5,1,16398,1
1311,1056414,1058.0,476.0,1,16398,2
1311,1056415,455.0,479.25,2,16398,3
1311,1056416,270.25,482.0,2,16398,4
1311,1056417,64.0,486.0,1,16398,5
1311,1056418,521.2000122070312,384.3999938964844,5,16399,0
1311,1056419,539.75,349.0,2,16399,1
1311,1056420,497.0,400.5,1,16399,2
1311,1056421,1527.25,467.625,8,16400,0
1311,1056422,555.0,479.5,1,16400,1
1311,1056423,1082.5,470.0,1,16400,2
1311,1056424,1058.0,476.0,1,16400,3
1311,1056425,455.0,479.25,2,16400,4
1311,1056426,270.25,482.0,2,16400,5
1311,1056427,64.0,486.0,1,16400,6
1311,1056428,505.6875,416.5625,8,16401,0
1311,1056429,515.75,386.75,4,16401,1
1311,1056430,1413.75,467.625,4,16402,0
1311,1056431,555.0,479.5,1,16402,1
1311,1056432,1082.5,470.0,1,16402,2
1311,1056433,1058.0,476.0,1,16402,3
1311,1056434,455.0,479.25,2,16402,4
1311,1056435,270.25,482.0,2,16402,5
1311,1056436,64.0,486.0,1,16402,6
1311,1056437,497.0,400.5,1,16402,7
1311,1056438,489.0,464.375,4,16403,0
1311,1056439,270.25,482.0,2,16403,1
1311,1056440,64.0,486.0,1,16403,2
1311,1056441,515.875,418.875,4,16403,3
1311,1056442,865.0,473.5,1,16403,4
1311,1056443,1042.0,472.5,1,16403,5
1311,1056444,545.0,377.5,1,16403,6
1311,1056445,1058.0,476.0,1,16404,0
1311,1056446,1912.5,465.5,2,16404,1
1311,1056447,1667.0,443.0,1,16404,2
1311,1056448,1512.3333740234375,469.72222900390625,9,16404,3
1311,1056449,1062.25,471.25,2,16404,4
1311,1056450,489.0,464.375,4,16405,0
1311,1056451,270.25,482.0,2,16405,1
1311,1056452,1461.1666259765625,471.5,6,16405,2
1311,1056453,865.0,473.5,1,16405,3
1311,1056454,1062.25,471.25,2,16405,4
1311,1056455,486.5,448.5,1,16405,5
1321,1056263,3.5,480.0,1,16368,0
1321,1056264,64.0,486.0,1,16368,1
1321,1056265,24.5,475.5,1,16368,2
1321,1056266,270.25,482.0,2,16369,0
1321,1056267,497.5,465.75,2,16369,1
1321,1056268,1506.4375,464.6875,8,16369,2
1321,1056269,865.0,473.5,1,16369,3
1321,1056270,1062.25,471.25,2,16369,4
1321,1056271,486.5,448.5,1,16369,5
1321,1056272,1619.875,451.0,4,16370,0
1321,1056273,1667.0,443.0,1,16370,1
1321,1056274,489.0,464.375,4,16371,0
1321,1056275,1667.0,443.0,1,16371,1
1321,1056276,1506.4375,464.6875,8,16371,2
1321,1056277,865.0,473.5,1,16371,3
1321,1056278,1062.25,471.25,2,16371,4
1321,1056279,486.5,448.5,1,16371,5
1321,1056280,1536.5,548.5,1,16372,0
1321,1056281,1382.5,553.5,1,16372,1
1321,1056282,1906.0,467.0,1,16372,2
1321,1056283,1559.5,510.0,1,16372,3
1321,1056284,1858.0,487.5,1,16372,4
1321,1056285,1382.5,553.5,1,16373,0
1321,1056286,1536.5,548.5,1,16373,1
1321,1056287,1559.5,510.0,1,16373,2
1321,1056288,1858.0,487.5,1,16373,3
1321,1056289,521.2000122070312,384.3999938964844,5,16374,0
1321,1056290,497.0,400.5,1,16374,1
1321,1056291,525.0,347.0,1,16374,2
1321,1056292,1638.8333740234375,442.1666564941406,3,16375,0
1321,1056293,555.0,479.5,1,16375,1
1321,1056294,270.25,482.0,2,16375,2
1321,1056295,1667.0,443.0,1,16375,3
1321,1056296,1058.0,476.0,1,16375,4
1321,1056297,444.5,479.0,1,16375,5
1321,1056298,270.25,482.0,2,16376,0
1321,1056299,497.5,465.75,2,16376,1
1321,1056300,1487.9285888671875,467.78570556640625,7,16376,2
1321,1056301,865.0,473.5,1,16376,3
1321,1056302,1062.25,471.25,2,16376,4
1321,1056303,486.5,448.5,1,16376,5
1321,1056304,1557.1666259765625,489.5,3,16377,0
1321,1056305,555.0,479.5,1,16377,1
1321,1056306,1058.0,476.0,1,16377,2
1321,1056307,1536.5,548.5,1,16377,3
1321,1056308,1382.5,553.5,1,16377,4
1321,1056309,539.75,349.0,2,16378,0
1321,1056310,526.5,394.5,4,16378,1
1321,1056311,1858.0,487.5,1,16379,0
1321,1056312,1912.5,465.5,2,16379,1
1321,1056313,1536.5,548.5,1,16379,2
1321,1056314,1382.5,553.5,1,16379,3
1321,1056315,1912.5,465.5,2,16380,0
1321,1056316,1058.0,476.0,1,16380,1
1321,1056317,1536.5,548.5,1,16380,2
1321,1056318,1858.0,487.5,1,16380,3
1321,1056319,64.0,486.0,1,16381,0
1321,1056320,529.5,452.0,1,16381,1
1321,1056321,1461.1666259765625,471.5,6,16381,2
1321,1056322,14.0,477.75,2,16381,3
1321,1056323,865.0,473.5,1,16381,4
1321,1056324,1062.25,471.25,2,16381,5
1321,1056325,491.75,424.5,2,16381,6
1321,1056326,1912.5,465.5,2,16382,0
1321,1056327,1058.0,476.0,1,16382,1
1321,1056328,1858.0,487.5,1,16382,2
1321,1056329,1461.1666259765625,471.5,6,16383,0
1321,1056330,555.0,479.5,1,16383,1
1321,1056331,1082.5,470.0,1,16383,2
1321,1056332,1058.0,476.0,1,16383,3
1321,1056333,455.0,479.25,2,16383,4
1321,1056334,270.25,482.0,2,16383,5
1321,1056335,64.0,486.0,1,16383,6
1321,1056336,1619.875,451.0,4,16384,0
1321,1056337,555.0,479.5,1,16384,1
1321,1056338,1667.0,443.0,1,16384,2
1321,1056339,1058.0,476.0,1,16384,3
1321,1056340,240.0,482.0,1,16384,4
1321,1056341,444.5,479.0,1,16384,5
1321,1056342,555.0,479.5,1,16385,0
1321,1056343,865.0,473.5,1,16385,1
1321,1056344,1062.25,471.25,2,16385,2
1321,1056345,1512.3333740234375,469.72222900390625,9,16385,3
1321,1056346,1667.0,443.0,1,16385,4
1321,1056347,529.5,452.0,1,16385,5
1321,1056348,24.5,475.5,1,16386,0
1321,1056349,3.5,480.0,1,16386,1
1321,1056350,64.0,486.0,1,16386,2
1321,1056351,865.0,473.5,1,16387,0
1321,1056352,1042.0,472.5,1,16387,1
1321,1056353,512.8333129882812,442.8333435058594,3,16387,2
1321,1056354,479.8333435058594,470.1666564941406,3,16387,3
1321,1056355,270.25,482.0,2,16387,4
1321,1056356,64.0,486.0,1,16387,5
1321,1056357,1062.25,471.25,2,16388,0
1321,1056358,512.8333129882812,442.8333435058594,3,16388,1
1321,1056359,865.0,473.5,1,16388,2
1321,1056360,479.8333435058594,470.1666564941406,3,16388,3
1321,1056361,1058.0,476.0,1,16388,4
1321,1056362,270.25,482.0,2,16388,5
1321,1056363,64.0,486.0,1,16388,6
1321,1056364,491.75,424.5,2,16389,0
1321,1056365,865.0,473.5,1,16389,1
1321,1056366,1042.0,472.5,1,16389,2
1321,1056367,489.0,464.375,4,16389,3
1321,1056368,270.25,482.0,2,16389,4
1321,1056369,64.0,486.0,1,16389,5
1321,1056370,502.8333435058594,398.6666564941406,3,16390,0
1321,1056371,1376.5,479.0,1,16390,1
1321,1056372,865.0,473.5,1,16390,2
1321,1056373,1042.0,472.5,1,16390,3
1321,1056374,522.5833129882812,395.6666564941406,6,16390,4
1321,1056375,64.0,486.0,1,16390,5
1321,1056376,1491.6666259765625,476.6666564941406,6,16391,0
1321,1056377,1082.5,470.0,1,16391,1
1321,1056378,555.0,479.5,1,16391,2
1321,1056379,1058.0,476.0,1,16391,3
1321,1056380,455.0,479.25,2,16391,4
1321,1056381,270.25,482.0,2,16391,5
1321,1056382,64.0,486.0,1,16391,6
1321,1056383,522.5833129882812,395.6666564941406,6,16392,0
1321,1056384,539.75,349.0,2,16392,1
1321,1056385,497.0,400.5,1,16392,2
1321,1056386,1062.25,471.25,2,16393,0
1321,1056387,1399.1666259765625,468.6666564941406,3,16393,1
1321,1056388,1556.0,479.25,2,16393,2
1321,1056389,555.0,479.5,1,16393,3
1321,1056390,1058.0,476.0,1,16393,4
1321,1056391,455.0,479.25,2,16393,5
1321,1056392,270.25,482.0,2,16393,6
1321,1056393,64.0,486.0,1,16393,7
1321,1056394,539.75,349.0,2,16394,0
1321,1056395,522.5833129882812,395.6666564941406,6,16394,1
1321,1056396,497.0,400.5,1,16394,2
1321,1056397,1461.1666259765625,471.5,6,16395,0
1321,1056398,555.0,479.5,1,16395,1
1321,1056399,1082.5,470.0,1,16395,2
1321,1056400,1058.0,476.0,1,16395,3
1321,1056401,455.0,479.25,2,16395,4
1321,1056402,270.25,482.0,2,16395,5
1321,1056403,64.0,486.0,1,16395,6
1321,1056404,521.2000122070312,384.3999938964844,5,16396,0
1321,1056405,539.75,349.0,2,16396,1
1321,1056406,497.0,400.5,1,16396,2
1321,1056407,1667.0,443.0,1,16397,0
1321,1056408,1058.0,476.0,1,16397,1
1321,1056409,444.5,479.0,1,16397,2
1321,1056410,1638.8333740234375,442.1666564941406,3,16397,3
1321,1056411,555.0,479.5,1,16397,4
1321,1056412,1461.1666259765625,471.5,6,16398,0
1321,1056413,555.0,479.5,1,16398,1
1321,1056414,1058.0,476.0,1,16398,2
1321,1056415,455.0,479.25,2,16398,3
1321,1056416,270.25,482.0,2,16398,4
1321,1056417,64.0,486.0,1,16398,5
1321,1056418,521.2000122070312,384.3999938964844,5,16399,0
1321,1056419,539.75,349.0,2,16399,1
1321,1056420,497.0,400.5,1,16399,2
1321,1056421,1527.25,467.625,8,16400,0
1321,1056422,555.0,479.5,1,16400,1
1321,1056423,1082.5,470.0,1,16400,2
1321,1056424,1058.0,476.0,1,16400,3
1321,1056425,455.0,479.25,2,16400,4
1321,1056426,270.25,482.0,2,16400,5
1321,1056427,64.0,486.0,1,16400,6
1321,1056428,505.6875,416.5625,8,16401,0
1321,1056429,515.75,386.75,4,16401,1
1321,1056430,1413.75,467.625,4,16402,0
1321,1056431,555.0,479.5,1,16402,1
1321,1056432,1082.5,470.0,1,16402,2
1321,1056433,1058.0,476.0,1,16402,3
1321,1056434,455.0,479.25,2,16402,4
1321,1056435,270.25,482.0,2,16402,5
1321,1056436,64.0,486.0,1,16402,6
1321,1056437,497.0,400.5,1,16402,7
1321,1056438,489.0,464.375,4,16403,0
1321,1056439,270.25,482.0,2,16403,1
1321,1056440,64.0,486.0,1,16403,2
1321,1056441,515.875,418.875,4,16403,3
1321,1056442,865.0,473.5,1,16403,4
1321,1056443,1042.0,472.5,1,16403,5
1321,1056444,545.0,377.5,1,16403,6
1321,1056445,1058.0,476.0,1,16404,0
1321,1056446,1912.5,465.5,2,16404,1
1321,1056447,1667.0,443.0,1,16404,2
1321,1056448,1512.3333740234375,469.72222900390625,9,16404,3
1321,1056449,1062.25,471.25,2,16404,4
1321,1056450,489.0,464.375,4,16405,0
1321,1056451,270.25,482.0,2,16405,1
1321,1056452,1461.1666259765625,471.5,6,16405,2
1321,1056453,865.0,473.5,1,16405,3
1321,1056454,1062.25,471.25,2,16405,4
1321,1056455,486.5,448.5,1,16405,5
1331,1056263,3.5,480.0,1,16368,0
1331,1056264,64.0,486.0,1,16368,1
1331,1056265,24.5,475.5,1,16368,2
1331,1056266,270.25,482.0,2,16369,0
1331,1056267,497.5,465.75,2,16369,1
1331,1056268,1506.4375,464.6875,8,16369,2
1331,1056269,865.0,473.5,1,16369,3
1331,1056270,1062.25,471.25,2,16369,4
1331,1056271,486.5,448.5,1,16369,5
1331,1056272,1619.875,451.0,4,16370,0
1331,1056273,1667.0,443.0,1,16370,1
1331,1056274,489.0,464.375,4,16371,0
1331,1056275,1667.0,443.0,1,16371,1
1331,1056276,1506.4375,464.6875,8,16371,2
1331,1056277,865.0,473.5,1,16371,3
1331,1056278,1062.25,471.25,2,16371,4
1331,1056279,486.5,448.5,1,16371,5
1331,1056280,1536.5,548.5,1,16372,0
1331,1056281,1382.5,553.5,1,16372,1
1331,1056282,1906.0,467.0,1,16372,2
1331,1056283,1559.5,510.0,1,16372,3
1331,1056284,1858.0,487.5,1,16372,4
1331,1056285,1382.5,553.5,1,16373,0
1331,1056286,1536.5,548.5,1,16373,1
1331,1056287,1559.5,510.0,1,16373,2
1331,1056288,1858.0,487.5,1,16373,3
1331,1056289,521.2000122070312,384.3999938964844,5,16374,0
1331,1056290,497.0,400.5,1,16374,1
1331,1056291,525.0,347.0,1,16374,2
1331,1056292,1638.8333740234375,442.1666564941406,3,16375,0
1331,1056293,555.0,479.5,1,16375,1
1331,1056294,270.25,482.0,2,16375,2
1331,1056295,1667.0,443.0,1,16375,3
1331,1056296,1058.0,476.0,1,16375,4
1331,1056297,444.5,479.0,1,16375,5
1331,1056298,270.25,482.0,2,16376,0
1331,1056299,497.5,465.75,2,16376,1
1331,1056300,1487.9285888671875,467.78570556640625,7,16376,2
1331,1056301,865.0,473.5,1,16376,3
1331,1056302,1062.25,471.25,2,16376,4
1331,1056303,486.5,448.5,1,16376,5
1331,1056304,1557.1666259765625,489.5,3,16377,0
1331,1056305,555.0,479.5,1,16377,1
1331,1056306,1058.0,476.0,1,16377,2
1331,1056307,1536.5,548.5,1,16377,3
1331,1056308,1382.5,553.5,1,16377,4
1331,1056309,539.75,349.0,2,16378,0
1331,1056310,526.5,394.5,4,16378,1
1331,1056311,1858.0,487.5,1,16379,0
1331,1056312,1912.5,465.5,2,16379,1
1331,1056313,1536.5,548.5,1,16379,2
1331,1056314,1382.5,553.5,1,16379,3
1331,1056315,1912.5,465.5,2,16380,0
1331,1056316,1058.0,476.0,1,16380,1
1331,1056317,1536.5,548.5,1,16380,2
1331,1056318,1858.0,487.5,1,16380,3
1331,1056319,64.0,486.0,1,16381,0
1331,1056320,529.5,452.0,1,16381,1
1331,1056321,1461.1666259765625,471.5,6,16381,2
1331,1056322,14.0,477.75,2,16381,3
1331,1056323,865.0,473.5,1,16381,4
1331,1056324,1062.25,471.25,2,16381,5
1331,1056325,491.75,424.5,2,16381,6
1331,1056326,1912.5,465.5,2,16382,0
1331,1056327,1058.0,476.0,1,16382,1
1331,1056328,1858.0,487.5,1,16382,2
1331,1056329,1461.1666259765625,471.5,6,16383,0
1331,1056330,555.0,479.5,1,16383,1
1331,1056331,1082.5,470.0,1,16383,2
1331,1056332,1058.0,476.0,1,16383,3
1331,1056333,455.0,479.25,2,16383,4
1331,1056334,270.25,482.0,2,16383,5
1331,1056335,64.0,486.0,1,16383,6
1331,1056336,1619.875,451.0,4,16384,0
1331,1056337,555.0,479.5,1,16384,1
1331,1056338,1667.0,443.0,1,16384,2
1331,1056339,1058.0,476.0,1,16384,3
1331,1056340,240.0,482.0,1,16384,4
1331,1056341,444.5,479.0,1,16384,5
1331,1056342,555.0,479.5,1,16385,0
1331,1056343,865.0,473.5,1,16385,1
1331,1056344,1062.25,471.25,2,16385,2
1331,1056345,1512.3333740234375,469.72222900390625,9,16385,3
1331,1056346,1667.0,443.0,1,16385,4
1331,1056347,529.5,452.0,1,16385,5
1331,1056348,24.5,475.5,1,16386,0
1331,1056349,3.5,480.0,1,16386,1
1331,1056350,64.0,486.0,1,16386,2
1331,1056351,865.0,473.5,1,16387,0
1331,1056352,1042.0,472.5,1,16387,1
1331,1056353,512.8333129882812,442.8333435058594,3,16387,2
1331,1056354,479.8333435058594,470.1666564941406,3,16387,3
1331,1056355,270.25,482.0,2,16387,4
1331,1056356,64.0,486.0,1,16387,5
1331,1056357,1062.25,471.25,2,16388,0
1331,1056358,512.8333129882812,442.8333435058594,3,16388,1
1331,1056359,865.0,473.5,1,16388,2
1331,1056360,479.8333435058594,470.1666564941406,3,16388,3
1331,1056361,1058.0,476.0,1,16388,4
1331,1056362,270.25,482.0,2,16388,5
1331,1056363,64.0,486.0,1,16388,6
1331,1056364,491.75,424.5,2,16389,0
1331,1056365,865.0,473.5,1,16389,1
1331,1056366,1042.0,472.5,1,16389,2
1331,1056367,489.0,464.375,4,16389,3
1331,1056368,270.25,482.0,2,16389,4
1331,1056369,64.0,486.0,1,16389,5
1331,1056370,502.8333435058594,398.6666564941406,3,16390,0
1331,1056371,1376.5,479.0,1,16390,1
1331,1056372,865.0,473.5,1,16390,2
1331,1056373,1042.0,472.5,1,16390,3
1331,1056374,522.5833129882812,395.6666564941406,6,16390,4
1331,1056375,64.0,486.0,1,16390,5
1331,1056376,1491.6666259765625,476.6666564941406,6,16391,0
1331,1056377,1082.5,470.0,1,16391,1
1331,1056378,555.0,479.5,1,16391,2
1331,1056379,1058.0,476.0,1,16391,3
1331,1056380,455.0,479.25,2,16391,4
1331,1056381,270.25,482.0,2,16391,5
1331,1056382,64.0,486.0,1,16391,6
1331,1056383,522.5833129882812,395.6666564941406,6,16392,0
1331,1056384,539.75,349.0,2,16392,1
1331,1056385,497.0,400.5,1,16392,2
1331,1056386,1062.25,471.25,2,16393,0
1331,1056387,1399.1666259765625,468.6666564941406,3,16393,1
1331,1056388,1556.0,479.25,2,16393,2
1331,1056389,555.0,479.5,1,16393,3
1331,1056390,1058.0,476.0,1,16393,4
1331,1056391,455.0,479.25,2,16393,5
1331,1056392,270.25,482.0,2,16393,6
1331,1056393,64.0,486.0,1,16393,7
1331,1056394,539.75,349.0,2,16394,0
1331,1056395,522.5833129882812,395.6666564941406,6,16394,1
1331,1056396,497.0,400.5,1,16394,2
1331,1056397,1461.1666259765625,471.5,6,16395,0
1331,1056398,555.0,479.5,1,16395,1
1331,1056399,1082.5,470.0,1,16395,2
1331,1056400,1058.0,476.0,1,16395,3
1331,1056401,455.0,479.25,2,16395,4
1331,1056402,270.25,482.0,2,16395,5
1331,1056403,64.0,486.0,1,16395,6
1331,1056404,521.2000122070312,384.3999938964844,5,16396,0
1331,1056405,539.75,349.0,2,16396,1
1331,1056406,497.0,400.5,1,16396,2
1331,1056407,1667.0,443.0,1,16397,0
1331,1056408,1058.0,476.0,1,16397,1
1331,1056409,444.5,479.0,1,16397,2
1331,1056410,1638.8333740234375,442.1666564941406,3,16397,3
1331,1056411,555.0,479.5,1,16397,4
1331,1056412,1461.1666259765625,471.5,6,16398,0
1331,1056413,555.0,479.5,1,16398,1
1331,1056414,1058.0,476.0,1,16398,2
1331,1056415,455.0,479.25,2,16398,3
1331,1056416,270.25,482.0,2,16398,4
1331,1056417,64.0,486.0,1,16398,5
1331,1056418,521.2000122070312,384.3999938964844,5,16399,0
1331,1056419,539.75,349.0,2,16399,1
1331,1056420,497.0,400.5,1,16399,2
1331,1056421,1527.25,467.625,8,16400,0
1331,1056422,555.0,479.5,1,16400,1
1331,1056423,1082.5,470.0,1,16400,2
1331,1056424,1058.0,476.0,1,16400,3
1331,1056425,455.0,479.25,2,16400,4
1331,1056426,270.25,482.0,2,16400,5
1331,1056427,64.0,486.0,1,16400,6
1331,1056428,505.6875,416.5625,8,16401,0
1331,1056429,515.75,386.75,4,16401,1
1331,1056430,1413.75,467.625,4,16402,0
1331,1056431,555.0,479.5,1,16402,1
1331,1056432,1082.5,470.0,1,16402,2
1331,1056433,1058.0,476.0,1,16402,3
1331,1056434,455.0,479.25,2,16402,4
1331,1056435,270.25,482.0,2,16402,5
1331,1056436,64.0,486.0,1,16402,6
1331,1056437,497.0,400.5,1,16402,7
1331,1056438,489.0,464.375,4,16403,0
1331,1056439,270.25,482.0,2,16403,1
1331,1056440,64.0,486.0,1,16403,2
1331,1056441,515.875,418.875,4,16403,3
1331,1056442,865.0,473.5,1,16403,4
1331,1056443,1042.0,472.5,1,16403,5
1331,1056444,545.0,377.5,1,16403,6
1331,1056445,1058.0,476.0,1,16404,0
1331,1056446,1912.5,465.5,2,16404,1
1331,1056447,1667.0,443.0,1,16404,2
1331,1056448,1512.3333740234375,469.72222900390625,9,16404,3
1331,1056449,1062.25,471.25,2,16404,4
1331,1056450,489.0,464.375,4,16405,0
1331,1056451,270.25,482.0,2,16405,1
1331,1056452,1461.1666259765625,471.5,6,16405,2
1331,1056453,865.0,473.5,1,16405,3
1331,1056454,1062.25,471.25,2,16405,4
1331,1056455,486.5,448.5,1,16405,5
1341,1056263,3.5,480.0,1,16368,0
1341,1056264,64.0,486.0,1,16368,1
1341,1056265,24.5,475.5,1,16368,2
1341,1056266,270.25,482.0,2,16369,0
1341,1056267,497.5,465.75,2,16369,1
1341,1056268,1506.4375,464.6875,8,16369,2
1341,1056269,865.0,473.5,1,16369,3
1341,1056270,1062.25,471.25,2,16369,4
1341,1056271,486.5,448.5,1,16369,5
1341,1056272,1619.875,451.0,4,16370,0
1341,1056273,1667.0,443.0,1,16370,1
1341,1056274,489.0,464.375,4,16371,0
1341,1056275,1667.0,443.0,1,16371,1
1341,1056276,1506.4375,464.6875,8,16371,2
1341,1056277,865.0,473.5,1,16371,3
1341,1056278,1062.25,471.25,2,16371,4
1341,1056279,486.5,448.5,1,16371,5
1341,1056280,1536.5,548.5,1,16372,0
1341,1056281,1382.5,553.5,1,16372,1
1341,1056282,1906.0,467.0,1,16372,2
1341,1056283,1559.5,510.0,1,16372,3
1341,1056284,1858.0,487.5,1,16372,4
1341,1056285,1382.5,553.5,1,16373,0
1341,1056286,1536.5,548.5,1,16373,1
1341,1056287,1559.5,510.0,1,16373,2
1341,1056288,1858.0,487.5,1,16373,3
1341,1056289,521.2000122070312,384.3999938964844,5,16374,0
1341,1056290,497.0,400.5,1,16374,1
1341,1056291,525.0,347.0,1,16374,2
1341,1056292,1638.8333740234375,442.1666564941406,3,16375,0
1341,1056293,555.0,479.5,1,16375,1
1341,1056294,270.25,482.0,2,16375,2
1341,1056295,1667.0,443.0,1,16375,3
1341,1056296,1058.0,476.0,1,16375,4
1341,1056297,444.5,479.0,1,16375,5
1341,1056298,270.25,482.0,2,16376,0
1341,1056299,497.5,465.75,2,16376,1
1341,1056300,1487.9285888671875,467.78570556640625,7,16376,2
1341,1056301,865.0,473.5,1,16376,3
1341,1056302,1062.25,471.25,2,16376,4
1341,1056303,486.5,448.5,1,16376,5
1341,1056304,1557.1666259765625,489.5,3,16377,0
1341,1056305,555.0,479.5,1,16377,1
1341,1056306,1058.0,476.0,1,16377,2
1341,1056307,1536.5,548.5,1,16377,3
1341,1056308,1382.5,553.5,1,16377,4
1341,1056309,539.75,349.0,2,16378,0
1341,1056310,526.5,394.5,4,16378,1
1341,1056311,1858.0,487.5,1,16379,0
1341,1056312,1912.5,465.5,2,16379,1
1341,1056313,1536.5,548.5,1,16379,2
1341,1056314,1382.5,553.5,1,16379,3
1341,1056315,1912.5,465.5,2,16380,0
1341,1056316,1058.0,476.0,1,16380,1
1341,1056317,1536.5,548.5,1,16380,2
1341,1056318,1858.0,487.5,1,16380,3
1341,1056319,64.0,486.0,1,16381,0
1341,1056320,529.5,452.0,1,16381,1
1341,1056321,1461.1666259765625,471.5,6,16381,2
1341,1056322,14.0,477.75,2,16381,3
1341,1056323,865.0,473.5,1,16381,4
1341,1056324,1062.25,471.25,2,16381,5
1341,1056325,491.75,424.5,2,16381,6
1341,1056326,1912.5,465.5,2,16382,0
1341,1056327,1058.0,476.0,1,16382,1
1341,1056328,1858.0,487.5,1,16382,2
1341,1056329,1461.1666259765625,471.5,6,16383,0
1341,1056330,555.0,479.5,1,16383,1
1341,1056331,1082.5,470.0,1,16383,2
1341,1056332,1058.0,476.0,1,16383,3
1341,1056333,455.0,479.25,2,16383,4
1341,1056334,270.25,482.0,2,16383,5
1341,1056335,64.0,486.0,1,16383,6
1341,1056336,1619.875,451.0,4,16384,0
1341,1056337,555.0,479.5,1,16384,1
1341,1056338,1667.0,443.0,1,16384,2
1341,1056339,1058.0,476.0,1,16384,3
1341,1056340,240.0,482.0,1,16384,4
1341,1056341,444.5,479.0,1,16384,5
1341,1056342,555.0,479.5,1,16385,0
1341,1056343,865.0,473.5,1,16385,1
1341,1056344,1062.25,471.25,2,16385,2
1341,1056345,1512.3333740234375,469.72222900390625,9,16385,3
1341,1056346,1667.0,443.0,1,16385,4
1341,1056347,529.5,452.0,1,16385,5
1341,1056348,24.5,475.5,1,16386,0
1341,1056349,3.5,480.0,1,16386,1
1341,1056350,64.0,486.0,1,16386,2
1341,1056351,865.0,473.5,1,16387,0
1341,1056352,1042.0,472.5,1,16387,1
1341,1056353,512.8333129882812,442.8333435058594,3,16387,2
1341,1056354,479.8333435058594,470.1666564941406,3,16387,3
1341,1056355,270.25,482.0,2,16387,4
1341,1056356,64.0,486.0,1,16387,5
1341,1056357,1062.25,471.25,2,16388,0
1341,1056358,512.8333129882812,442.8333435058594,3,16388,1
1341,1056359,865.0,473.5,1,16388,2
1341,1056360,479.8333435058594,470.1666564941406,3,16388,3
1341,1056361,1058.0,476.0,1,16388,4
1341,1056362,270.25,482.0,2,16388,5
1341,1056363,64.0,486.0,1,16388,6
1341,1056364,491.75,424.5,2,16389,0
1341,1056365,865.0,473.5,1,16389,1
1341,1056366,1042.0,472.5,1,16389,2
1341,1056367,489.0,464.375,4,16389,3
1341,1056368,270.25,482.0,2,16389,4
1341,1056369,64.0,486.0,1,16389,5
1341,1056370,502.8333435058594,398.6666564941406,3,16390,0
1341,1056371,1376.5,479.0,1,16390,1
1341,1056372,865.0,473.5,1,16390,2
1341,1056373,1042.0,472.5,1,16390,3
1341,1056374,522.5833129882812,395.6666564941406,6,16390,4
1341,1056375,64.0,486.0,1,16390,5
1341,1056376,1491.6666259765625,476.6666564941406,6,16391,0
1341,1056377,1082.5,470.0,1,16391,1
1341,1056378,555.0,479.5,1,16391,2
1341,1056379,1058.0,476.0,1,16391,3
1341,1056380,455.0,479.25,2,16391,4
1341,1056381,270.25,482.0,2,16391,5
1341,1056382,64.0,486.0,1,16391,6
1341,1056383,522.5833129882812,395.6666564941406,6,16392,0
1341,1056384,539.75,349.0,2,16392,1
1341,1056385,497.0,400.5,1,16392,2
1341,1056386,1062.25,471.25,2,16393,0
1341,1056387,1399.1666259765625,468.6666564941406,3,16393,1
1341,1056388,1556.0,479.25,2,16393,2
1341,1056389,555.0,479.5,1,16393,3
1341,1056390,1058.0,476.0,1,16393,4
1341,1056391,455.0,479.25,2,16393,5
1341,1056392,270.25,482.0,2,16393,6
1341,1056393,64.0,486.0,1,16393,7
1341,1056394,539.75,349.0,2,16394,0
1341,1056395,522.5833129882812,395.6666564941406,6,16394,1
1341,1056396,497.0,400.5,1,16394,2
1341,1056397,1461.1666259765625,471.5,6,16395,0
1341,1056398,555.0,479.5,1,16395,1
1341,1056399,1082.5,470.0,1,16395,2
1341,1056400,1058.0,476.0,1,16395,3
1341,1056401,455.0,479.25,2,16395,4
1341,1056402,270.25,482.0,2,16395,5
1341,1056403,64.0,486.0,1,16395,6
1341,1056404,521.2000122070312,384.3999938964844,5,16396,0
1341,1056405,539.75,349.0,2,16396,1
1341,1056406,497.0,400.5,1,16396,2
1341,1056407,1667.0,443.0,1,16397,0
1341,1056408,1058.0,476.0,1,16397,1
1341,1056409,444.5,479.0,1,16397,2
1341,1056410,1638.8333740234375,442.1666564941406,3,16397,3
1341,1056411,555.0,479.5,1,16397,4
1341,1056412,1461.1666259765625,471.5,6,16398,0
1341,1056413,555.0,479.5,1,16398,1
1341,1056414,1058.0,476.0,1,16398,2
1341,1056415,455.0,479.25,2,16398,3
1341,1056416,270.25,482.0,2,16398,4
1341,1056417,64.0,486.0,1,16398,5
1341,1056418,521.2000122070312,384.3999938964844,5,16399,0
1341,1056419,539.75,349.0,2,16399,1
1341,1056420,497.0,400.5,1,16399,2
1341,1056421,1527.25,467.625,8,16400,0
1341,1056422,555.0,479.5,1,16400,1
1341,1056423,1082.5,470.0,1,16400,2
1341,1056424,1058.0,476.0,1,16400,3
1341,1056425,455.0,479.25,2,16400,4
1341,1056426,270.25,482.0,2,16400,5
1341,1056427,64.0,486.0,1,16400,6
1341,1056428,505.6875,416.5625,8,16401,0
1341,1056429,515.75,386.75,4,16401,1
1341,1056430,1413.75,467.625,4,16402,0
1341,1056431,555.0,479.5,1,16402,1
1341,1056432,1082.5,470.0,1,16402,2
1341,1056433,1058.0,476.0,1,16402,3
1341,1056434,455.0,479.25,2,16402,4
1341,1056435,270.25,482.0,2,16402,5
1341,1056436,64.0,486.0,1,16402,6
1341,1056437,497.0,400.5,1,16402,7
1341,1056438,489.0,464.375,4,16403,0
1341,1056439,270.25,482.0,2,16403,1
1341,1056440,64.0,486.0,1,16403,2
1341,1056441,515.875,418.875,4,16403,3
1341,1056442,865.0,473.5,1,16403,4
1341,1056443,1042.0,472.5,1,16403,5
1341,1056444,545.0,377.5,1,16403,6
1341,1056445,1058.0,476.0,1,16404,0
1341,1056446,1912.5,465.5,2,16404,1
1341,1056447,1667.0,443.0,1,16404,2
1341,1056448,1512.3333740234375,469.72222900390625,9,16404,3
1341,1056449,1062.25,471.25,2,16404,4
1341,1056450,489.0,464.375,4,16405,0
1341,1056451,270.25,482.0,2,16405,1
1341,1056452,1461.1666259765625,471.5,6,16405,2
1341,1056453,865.0,473.5,1,16405,3
1341,1056454,1062.25,471.25,2,16405,4
1341,1056455,486.5,448.5,1,16405,5
1351,1056263,3.5,480.0,1,16368,0
1351,1056264,64.0,486.0,1,16368,1
1351,1056265,24.5,475.5,1,16368,2
1351,1056266,270.25,482.0,2,16369,0
1351,1056267,497.5,465.75,2,16369,1
1351,1056268,1506.4375,464.6875,8,16369,2
1351,1056269,865.0,473.5,1,16369,3
1351,1056270,1062.25,471.25,2,16369,4
1351,1056271,486.5,448.5,1,16369,5
1351,1056272,1619.875,451.0,4,16370,0
1351,1056273,1667.0,443.0,1,16370,1
1351,1056274,489.0,464.375,4,16371,0
1351,1056275,1667.0,443.0,1,16371,1
1351,1056276,1506.4375,464.6875,8,16371,2
1351,1056277,865.0,473.5,1,16371,3
1351,1056278,1062.25,471.25,2,16371,4
1351,1056279,486.5,448.5,1,16371,5
1351,1056280,1536.5,548.5,1,16372,0
1351,1056281,1382.5,553.5,1,16372,1
1351,1056282,1906.0,467.0,1,16372,2
1351,1056283,1559.5,510.0,1,16372,3
1351,1056284,1858.0,487.5,1,16372,4
1351,1056285,1382.5,553.5,1,16373,0
1351,1056286,1536.5,548.5,1,16373,1
1351,1056287,1559.5,510.0,1,16373,2
1351,1056288,1858.0,487.5,1,16373,3
1351,1056289,521.2000122070312,384.3999938964844,5,16374,0
1351,1056290,497.0,400.5,1,16374,1
1351,1056291,525.0,347.0,1,16374,2
1351,1056292,1638.8333740234375,442.1666564941406,3,16375,0
1351,1056293,555.0,479.5,1,16375,1
1351,1056294,270.25,482.0,2,16375,2
1351,1056295,1667.0,443.0,1,16375,3
1351,1056296,1058.0,476.0,1,16375,4
1351,1056297,444.5,479.0,1,16375,5
1351,1056298,270.25,482.0,2,16376,0
1351,1056299,497.5,465.75,2,16376,1
1351,1056300,1487.9285888671875,467.78570556640625,7,16376,2
1351,1056301,865.0,473.5,1,16376,3
1351,1056302,1062.25,471.25,2,16376,4
1351,1056303,486.5,448.5,1,16376,5
1351,1056304,1557.1666259765625,489.5,3,16377,0
1351,1056305,555.0,479.5,1,16377,1
1351,1056306,1058.0,476.0,1,16377,2
1351,1056307,1536.5,548.5,1,16377,3
1351,1056308,1382.5,553.5,1,16377,4
1351,1056309,539.75,349.0,2,16378,0
1351,1056310,526.5,394.5,4,16378,1
1351,1056311,1858.0,487.5,1,16379,0
1351,1056312,1912.5,465.5,2,16379,1
1351,1056313,1536.5,548.5,1,16379,2
1351,1056314,1382.5,553.5,1,16379,3
1351,1056315,1912.5,465.5,2,16380,0
1351,1056316,1058.0,476.0,1,16380,1
1351,1056317,1536.5,548.5,1,16380,2
1351,1056318,1858.0,487.5,1,16380,3
1351,1056319,64.0,486.0,1,16381,0
1351,1056320,529.5,452.0,1,16381,1
1351,1056321,1461.1666259765625,471.5,6,16381,2
1351,1056322,14.0,477.75,2,16381,3
1351,1056323,865.0,473.5,1,16381,4
1351,1056324,1062.25,471.25,2,16381,5
1351,1056325,491.75,424.5,2,16381,6
1351,1056326,1912.5,465.5,2,16382,0
1351,1056327,1058.0,476.0,1,16382,1
1351,1056328,1858.0,487.5,1,16382,2
1351,1056329,1461.1666259765625,471.5,6,16383,0
1351,1056330,555.0,479.5,1,16383,1
1351,1056331,1082.5,470.0,1,16383,2
1351,1056332,1058.0,476.0,1,16383,3
1351,1056333,455.0,479.25,2,16383,4
1351,1056334,270.25,482.0,2,16383,5
1351,1056335,64.0,486.0,1,16383,6
1351,1056336,1619.875,451.0,4,16384,0
1351,1056337,555.0,479.5,1,16384,1
1351,1056338,1667.0,443.0,1,16384,2
1351,1056339,1058.0,476.0,1,16384,3
1351,1056340,240.0,482.0,1,16384,4
1351,1056341,444.5,479.0,1,16384,5
1351,1056342,555.0,479.5,1,16385,0
1351,1056343,865.0,473.5,1,16385,1
1351,1056344,1062.25,471.25,2,16385,2
1351,1056345,1512.3333740234375,469.72222900390625,9,16385,3
1351,1056346,1667.0,443.0,1,16385,4
1351,1056347,529.5,452.0,1,16385,5
1351,1056348,24.5,475.5,1,16386,0
1351,1056349,3.5,480.0,1,16386,1
1351,1056350,64.0,486.0,1,16386,2
1351,1056351,865.0,473.5,1,16387,0
1351,1056352,1042.0,472.5,1,16387,1
1351,1056353,512.8333129882812,442.8333435058594,3,16387,2
1351,1056354,479.8333435058594,470.1666564941406,3,16387,3
1351,1056355,270.25,482.0,2,16387,4
1351,1056356,64.0,486.0,1,16387,5
1351,1056357,1062.25,471.25,2,16388,0
1351,1056358,512.8333129882812,442.8333435058594,3,16388,1
1351,1056359,865.0,473.5,1,16388,2
1351,1056360,479.8333435058594,470.1666564941406,3,16388,3
1351,1056361,1058.0,476.0,1,16388,4
1351,1056362,270.25,482.0,2,16388,5
1351,1056363,64.0,486.0,1,16388,6
1351,1056364,491.75,424.5,2,16389,0
1351,1056365,865.0,473.5,1,16389,1
1351,1056366,1042.0,472.5,1,16389,2
1351,1056367,489.0,464.375,4,16389,3
1351,1056368,270.25,482.0,2,16389,4
1351,1056369,64.0,486.0,1,16389,5
1351,1056370,502.8333435058594,398.6666564941406,3,16390,0
1351,1056371,1376.5,479.0,1,16390,1
1351,1056372,865.0,473.5,1,16390,2
1351,1056373,1042.0,472.5,1,16390,3
1351,1056374,522.5833129882812,395.6666564941406,6,16390,4
1351,1056375,64.0,486.0,1,16390,5
1351,1056376,1491.6666259765625,476.6666564941406,6,16391,0
1351,1056377,1082.5,470.0,1,16391,1
1351,1056378,555.0,479.5,1,16391,2
1351,1056379,1058.0,476.0,1,16391,3
1351,1056380,455.0,479.25,2,16391,4
1351,1056381,270.25,482.0,2,16391,5
1351,1056382,64.0,486.0,1,16391,6
1351,1056383,522.5833129882812,395.6666564941406,6,16392,0
1351,1056384,539.75,349.0,2,16392,1
1351,1056385,497.0,400.5,1,16392,2
1351,1056386,1062.25,471.25,2,16393,0
1351,1056387,1399.1666259765625,468.6666564941406,3,16393,1
1351,1056388,1556.0,479.25,2,16393,2
1351,1056389,555.0,479.5,1,16393,3
1351,1056390,1058.0,476.0,1,16393,4
1351,1056391,455.0,479.25,2,16393,5
1351,1056392,270.25,482.0,2,16393,6
1351,1056393,64.0,486.0,1,16393,7
1351,1056394,539.75,349.0,2,16394,0
1351,1056395,522.5833129882812,395.6666564941406,6,16394,1
1351,1056396,497.0,400.5,1,16394,2
1351,1056397,1461.1666259765625,471.5,6,16395,0
1351,1056398,555.0,479.5,1,16395,1
1351,1056399,1082.5,470.0,1,16395,2
1351,1056400,1058.0,476.0,1,16395,3
1351,1056401,455.0,479.25,2,16395,4
1351,1056402,270.25,482.0,2,16395,5
1351,1056403,64.0,486.0,1,16395,6
1351,1056404,521.2000122070312,384.3999938964844,5,16396,0
1351,1056405,539.75,349.0,2,16396,1
1351,1056406,497.0,400.5,1,16396,2
1351,1056407,1667.0,443.0,1,16397,0
1351,1056408,1058.0,476.0,1,16397,1
1351,1056409,444.5,479.0,1,16397,2
1351,1056410,1638.8333740234375,442.1666564941406,3,16397,3
1351,1056411,555.0,479.5,1,16397,4
1351,1056412,1461.1666259765625,471.5,6,16398,0
1351,1056413,555.0,479.5,1,16398,1
1351,1056414,1058.0,476.0,1,16398,2
1351,1056415,455.0,479.25,2,16398,3
1351,1056416,270.25,482.0,2,16398,4
1351,1056417,64.0,486.0,1,16398,5
1351,1056418,521.2000122070312,384.3999938964844,5,16399,0
1351,1056419,539.75,349.0,2,16399,1
1351,1056420,497.0,400.5,1,16399,2
1351,1056421,1527.25,467.625,8,16400,0
1351,1056422,555.0,479.5,1,16400,1
1351,1056423,1082.5,470.0,1,16400,2
1351,1056424,1058.0,476.0,1,16400,3
1351,1056425,455.0,479.25,2,16400,4
1351,1056426,270.25,482.0,2,16400,5
1351,1056427,64.0,486.0,1,16400,6
1351,1056428,505.6875,416.5625,8,16401,0
1351,1056429,515.75,386.75,4,16401,1
1351,1056430,1413.75,467.625,4,16402,0
1351,1056431,555.0,479.5,1,16402,1
1351,1056432,1082.5,470.0,1,16402,2
1351,1056433,1058.0,476.0,1,16402,3
1351,1056434,455.0,479.25,2,16402,4
1351,1056435,270.25,482.0,2,16402,5
1351,1056436,64.0,486.0,1,16402,6
1351,1056437,497.0,400.5,1,16402,7
1351,1056438,489.0,464.375,4,16403,0
1351,1056439,270.25,482.0,2,16403,1
1351,1056440,64.0,486.0,1,16403,2
1351,1056441,515.875,418.875,4,16403,3
1351,1056442,865.0,473.5,1,16403,4
1351,1056443,1042.0,472.5,1,16403,5
1351,1056444,545.0,377.5,1,16403,6
1351,1056445,1058.0,476.0,1,16404,0
1351,1056446,1912.5,465.5,2,16404,1
1351,1056447,1667.0,443.0,1,16404,2
1351,1056448,1512.3333740234375,469.72222900390625,9,16404,3
1351,1056449,1062.25,471.25,2,16404,4
1351,1056450,489.0,464.375,4,16405,0
1351,1056451,270.25,482.0,2,16405,1
1351,1056452,1461.1666259765625,471.5,6,16405,2
1351,1056453,865.0,473.5,1,16405,3
1351,1056454,1062.25,471.25,2,16405,4
1351,1056455,486.5,448.5,1,16405,5
1361,1056263,15.5,481.5,1,16368,0
1361,1056264,119.5,485.5,1,16368,1
1361,1056265,26.5,484.5,1,16368,2
1361,1056266,315.5,481.5,2,16369,0
1361,1056267,510.0,466.25,2,16369,1
1361,1056268,1463.5208740234375,464.4375,6,16369,2
1361,1056269,832.0,473.0,1,16369,3
1361,1056270,1039.0,472.5,2,16369,4
1361,1056271,476.0,448.5,1,16369,5
1361,1056272,1593.5416259765625,451.0,3,16370,0
1361,1056273,1650.5,445.0,1,16370,1
1361,1056274,513.8333129882812,462.0416564941406,3,16371,0
1361,1056275,1650.5,445.0,1,16371,1
1361,1056276,1463.5208740234375,464.4375,6,16371,2
1361,1056277,832.0,473.0,1,16371,3
1361,1056278,1039.0,472.5,2,16371,4
1361,1056279,481.5,448.25,2,16371,5
1361,1056280,1555.0,545.5,1,16372,0
1361,1056281,1409.5,549.0,1,16372,1
1361,1056282,1880.5,465.5,1,16372,2
1361,1056283,1557.0,506.0,1,16372,3
1361,1056284,1878.5,486.5,1,16372,4
1361,1056285,1409.5,549.0,1,16373,0
1361,1056286,1555.0,545.5,1,16373,1
1361,1056287,1557.0,506.0,1,16373,2
1361,1056288,1878.5,486.5,1,16373,3
1361,1056289,520.7000122070312,383.2749938964844,4,16374,0
1361,1056290,493.5,400.5,1,16374,1
1361,1056291,521.5,346.0,1,16374,2
1361,1056292,1624.3333740234375,441.6666564941406,2,16375,0
1361,1056293,605.5,479.5,1,16375,1
1361,1056294,315.5,481.5,2,16375,2
1361,1056295,1650.5,445.0,1,16375,3
1361,1056296,1093.0,477.5,1,16375,4
1361,1056297,495.5,478.0,1,16375,5
1361,1056298,315.5,481.5,2,16376,0
1361,1056299,510.0,466.25,2,16376,1
1361,1056300,1447.7286376953125,467.8857116699219,5,16376,2
1361,1056301,832.0,473.0,1,16376,3
1361,1056302,1039.0,472.5,2,16376,4
1361,1056303,476.0,448.5,1,16376,5
1361,1056304,1531.6666259765625,487.25,2,16377,0
1361,1056305,605.5,479.5,1,16377,1
1361,1056306,1093.0,477.5,1,16377,2
1361,1056307,1555.0,545.5,1,16377,3
1361,1056308,1409.5,549.0,1,16377,4
1361,1056309,538.0,348.5,2,16378,0
1361,1056310,526.0,393.0,3,16378,1
1361,1056311,1878.5,486.5,1,16379,0
1361,1056312,1886.75,463.25,2,16379,1
1361,1056313,1555.0,545.5,1,16379,2
1361,1056314,1409.5,549.0,1,16379,3
1361,1056315,1886.75,463.25,2,16380,0
1361,1056316,1093.0,477.5,1,16380,1
1361,1056317,1555.0,545.5,1,16380,2
1361,1056318,1878.5,486.5,1,16380,3
1361,1056319,119.5,485.5,1,16381,0
1361,1056320,530.0,451.5,1,16381,1
1361,1056321,1415.6666259765625,471.625,4,16381,2
1361,1056322,21.0,483.0,2,16381,3
1361,1056323,832.0,473.0,1,16381,4
1361,1056324,1039.0,472.5,2,16381,5
1361,1056325,484.75,424.5,2,16381,6
1361,1056326,1886.75,463.25,2,16382,0
1361,1056327,1093.0,477.5,1,16382,1
1361,1056328,1878.5,486.5,1,16382,2
1361,1056329,1415.6666259765625,471.625,4,16383,0
1361,1056330,605.5,479.5,1,16383,1
1361,1056331,1093.5,470.0,1,16383,2
1361,1056332,1093.0,477.5,1,16383,3
1361,1056333,492.75,479.5,2,16383,4
1361,1056334,315.5,481.5,2,16383,5
1361,1056335,119.5,485.5,1,16383,6
1361,1056336,1593.5416259765625,451.0,3,16384,0
1361,1056337,605.5,479.5,1,16384,1
1361,1056338,1650.5,445.0,1,16384,2
1361,1056339,1093.0,477.5,1,16384,3
1361,1056340,287.0,482.0,1,16384,4
1361,1056341,495.5,478.0,1,16384,5
1361,1056342,605.5,479.5,1,16385,0
1361,1056343,832.0,473.0,1,16385,1
1361,1056344,1039.0,472.5,2,16385,2
1361,1056345,1479.8333740234375,469.5793762207031,7,16385,3
1361,1056346,1650.5,445.0,1,16385,4
1361,1056347,530.0,451.5,1,16385,5
1361,1056348,26.5,484.5,1,16386,0
1361,1056349,15.5,481.5,1,16386,1
1361,1056350,119.5,485.5,1,16386,2
1361,1056351,860.75,474.0,2,16387,0
1361,1056352,984.5,475.0,1,16387,1
1361,1056353,536.3333129882812,442.8333435058594,2,16387,2
1361,1056354,505.5833435058594,469.4166564941406,2,16387,3
1361,1056355,315.5,481.5,2,16387,4
1361,1056356,119.5,485.5,1,16387,5
1361,1056357,1039.0,472.5,2,16388,0
1361,1056358,536.3333129882812,442.8333435058594,2,16388,1
1361,1056359,860.75,474.0,2,16388,2
1361,1056360,505.5833435058594,469.4166564941406,2,16388,3
1361,1056361,1093.0,477.5,1,16388,4
1361,1056362,315.5,481.5,2,16388,5
1361,1056363,119.5,485.5,1,16388,6
1361,1056364,487.25,424.3333435058594,3,16389,0
1361,1056365,832.0,473.0,1,16389,1
1361,1056366,984.5,475.0,1,16389,2
1361,1056367,513.8333129882812,462.0416564941406,3,16389,3
1361,1056368,315.5,481.5,2,16389,4
1361,1056369,119.5,485.5,1,16389,5
1361,1056370,495.8333435058594,398.1666564941406,2,16390,0
1361,1056371,1316.5,479.5,1,16390,1
1361,1056372,832.0,473.0,1,16390,2
1361,1056373,984.5,475.0,1,16390,3
1361,1056374,521.4583129882812,395.6666564941406,4,16390,4
1361,1056375,119.5,485.5,1,16390,5
1361,1056376,1459.6666259765625,475.9166564941406,4,16391,0
1361,1056377,1093.5,470.0,1,16391,1
1361,1056378,605.5,479.5,1,16391,2
1361,1056379,1093.0,477.5,1,16391,3
1361,1056380,492.75,479.5,2,16391,4
1361,1056381,315.5,481.5,2,16391,5
1361,1056382,119.5,485.5,1,16391,6
1361,1056383,521.4583129882812,395.6666564941406,4,16392,0
1361,1056384,538.0,348.5,2,16392,1
1361,1056385,493.5,400.5,1,16392,2
1361,1056386,1039.0,472.5,2,16393,0
1361,1056387,1346.9166259765625,468.4166564941406,2,16393,1
1361,1056388,1509.25,478.25,2,16393,2
1361,1056389,605.5,479.5,1,16393,3
1361,1056390,1093.0,477.5,1,16393,4
1361,1056391,492.75,479.5,2,16393,5
1361,1056392,315.5,481.5,2,16393,6
1361,1056393,119.5,485.5,1,16393,7
1361,1056394,538.0,348.5,2,16394,0
1361,1056395,521.4583129882812,395.6666564941406,4,16394,1
1361,1056396,493.5,400.5,1,16394,2
1361,1056397,1415.6666259765625,471.625,4,16395,0
1361,1056398,605.5,479.5,1,16395,1
1361,1056399,1093.5,470.0,1,16395,2
1361,1056400,1093.0,477.5,1,16395,3
1361,1056401,492.75,479.5,2,16395,4
1361,1056402,315.5,481.5,2,16395,5
1361,1056403,119.5,485.5,1,16395,6
1361,1056404,520.7000122070312,383.2749938964844,4,16396,0
1361,1056405,538.0,348.5,2,16396,1
1361,1056406,493.5,400.5,1,16396,2
1361,1056407,1650.5,445.0,1,16397,0
1361,1056408,1093.0,477.5,1,16397,1
1361,1056409,495.5,478.0,1,16397,2
1361,1056410,1624.3333740234375,441.6666564941406,2,16397,3
1361,1056411,605.5,479.5,1,16397,4
1361,1056412,1415.6666259765625,471.625,4,16398,0
1361,1056413,605.5,479.5,1,16398,1
1361,1056414,1093.0,477.5,1,16398,2
1361,1056415,492.75,479.5,2,16398,3
1361,1056416,315.5,481.5,2,16398,4
1361,1056417,119.5,485.5,1,16398,5
1361,1056418,520.7000122070312,383.2749938964844,4,16399,0
1361,1056419,538.0,348.5,2,16399,1
1361,1056420,493.5,400.5,1,16399,2
1361,1056421,1496.8333740234375,466.7916564941406,6,16400,0
1361,1056422,605.5,479.5,1,16400,1
1361,1056423,1093.5,470.0,1,16400,2
1361,1056424,1093.0,477.5,1,16400,3
1361,1056425,492.75,479.5,2,16400,4
1361,1056426,315.5,481.5,2,16400,5
1361,1056427,119.5,485.5,1,16400,6
1361,1056428,513.1875,415.7291564941406,6,16401,0
1361,1056429,512.375,386.625,4,16401,1
1361,1056430,1368.0833740234375,468.2916564941406,3,16402,0
1361,1056431,605.5,479.5,1,16402,1
1361,1056432,1093.5,470.0,1,16402,2
1361,1056433,1093.0,477.5,1,16402,3
1361,1056434,492.75,479.5,2,16402,4
1361,1056435,315.5,481.5,2,16402,5
1361,1056436,119.5,485.5,1,16402,6
1361,1056437,493.5,400.5,1,16402,7
1361,1056438,513.8333129882812,462.0416564941406,3,16403,0
1361,1056439,315.5,481.5,2,16403,1
1361,1056440,119.5,485.5,1,16403,2
1361,1056441,525.125,418.5,4,16403,3
1361,1056442,832.0,473.0,1,16403,4
1361,1056443,984.5,475.0,1,16403,5
1361,1056444,544.5,377.5,1,16403,6
1361,1056445,1093.0,477.5,1,16404,0
1361,1056446,1886.75,463.25,2,16404,1
1361,1056447,1650.5,445.0,1,16404,2
1361,1056448,1479.8333740234375,469.5793762207031,7,16404,3
1361,1056449,1039.0,472.5,2,16404,4
1361,1056450,513.8333129882812,462.0416564941406,3,16405,0
1361,1056451,315.5,481.5,2,16405,1
1361,1056452,1415.6666259765625,471.625,4,16405,2
1361,1056453,832.0,473.0,1,16405,3
1361,1056454,1039.0,472.5,2,16405,4
1361,1056455,481.5,448.25,2,16405,5
1371,1056263,15.5,481.5,1,16368,0
1371,1056264,119.5,485.5,1,16368,1
1371,1056265,26.5,484.5,1,16368,2
1371,1056266,315.5,481.5,2,16369,0
1371,1056267,510.0,466.25,2,16369,1
1371,1056268,1463.5208740234375,464.4375,6,16369,2
1371,1056269,832.0,473.0,1,16369,3
1371,1056270,1039.0,472.5,2,16369,4
1371,1056271,476.0,448.5,1,16369,5
1371,1056272,1593.5416259765625,451.0,3,16370,0
1371,1056273,1650.5,445.0,1,16370,1
1371,1056274,513.8333129882812,462.0416564941406,3,16371,0
1371,1056275,1650.5,445.0,1,16371,1
1371,1056276,1463.5208740234375,464.4375,6,16371,2
1371,1056277,832.0,473.0,1,16371,3
1371,1056278,1039.0,472.5,2,16371,4
1371,1056279,481.5,448.25,2,16371,5
1371,1056280,1555.0,545.5,1,16372,0
1371,1056281,1409.5,549.0,1,16372,1
1371,1056282,1880.5,465.5,1,16372,2
1371,1056283,1557.0,506.0,1,16372,3
1371,1056284,1878.5,486.5,1,16372,4
1371,1056285,1409.5,549.0,1,16373,0
1371,1056286,1555.0,545.5,1,16373,1
1371,1056287,1557.0,506.0,1,16373,2
1371,1056288,1878.5,486.5,1,16373,3
1371,1056289,520.7000122070312,383.2749938964844,4,16374,0
1371,1056290,493.5,400.5,1,16374,1
1371,1056291,521.5,346.0,2,16374,2
1371,1056292,1624.3333740234375,441.6666564941406,2,16375,0
1371,1056293,605.5,479.5,1,16375,1
1371,1056294,315.5,481.5,2,16375,2
1371,1056295,1650.5,445.0,1,16375,3
1371,1056296,1093.0,477.5,1,16375,4
1371,1056297,495.5,478.0,1,16375,5
1371,1056298,315.5,481.5,2,16376,0
1371,1056299,510.0,466.25,2,16376,1
1371,1056300,1447.7286376953125,467.8857116699219,5,16376,2
1371,1056301,832.0,473.0,1,16376,3
1371,1056302,1039.0,472.5,2,16376,4
1371,1056303,476.0,448.5,1,16376,5
1371,1056304,1531.6666259765625,487.25,2,16377,0
1371,1056305,605.5,479.5,1,16377,1
1371,1056306,1093.0,477.5,2,16377,2
1371,1056307,1555.0,545.5,1,16377,3
1371,1056308,1409.5,549.0,1,16377,4
1371,1056309,538.0,348.5,3,16378,0
1371,1056310,526.0,393.0,3,16378,1
1371,1056311,1878.5,486.5,1,16379,0
1371,1056312,1886.75,463.25,2,16379,1
1371,1056313,1555.0,545.5,1,16379,2
1371,1056314,1409.5,549.0,1,16379,3
1371,1056315,1886.75,463.25,2,16380,0
1371,1056316,1093.0,477.5,1,16380,1
1371,1056317,1555.0,545.5,1,16380,2
1371,1056318,1878.5,486.5,1,16380,3
1371,1056319,119.5,485.5,1,16381,0
1371,1056320,530.0,451.5,1,16381,1
1371,1056321,1415.6666259765625,471.625,4,16381,2
1371,1056322,21.0,483.0,2,16381,3
1371,1056323,832.0,473.0,1,16381,4
1371,1056324,1039.0,472.5,2,16381,5
1371,1056325,484.75,424.5,2,16381,6
1371,1056326,1886.75,463.25,2,16382,0
1371,1056327,1093.0,477.5,1,16382,1
1371,1056328,1878.5,486.5,1,16382,2
1371,1056329,1415.6666259765625,471.625,4,16383,0
1371,1056330,605.5,479.5,1,16383,1
1371,1056331,1093.5,470.0,3,16383,2
1371,1056332,1093.0,477.5,1,16383,3
1371,1056333,492.75,479.5,2,16383,4
1371,1056334,315.5,481.5,2,16383,5
1371,1056335,119.5,485.5,1,16383,6
1371,1056336,1593.5416259765625,451.0,3,16384,0
1371,1056337,605.5,479.5,1,16384,1
1371,1056338,1650.5,445.0,1,16384,2
1371,1056339,1093.0,477.5,1,16384,3
1371,1056340,287.0,482.0,1,16384,4
1371,1056341,495.5,478.0,1,16384,5
1371,1056342,605.5,479.5,1,16385,0
1371,1056343,832.0,473.0,1,16385,1
1371,1056344,1039.0,472.5,2,16385,2
1371,1056345,1479.8333740234375,469.5793762207031,7,16385,3
1371,1056346,1650.5,445.0,1,16385,4
1371,1056347,530.0,451.5,1,16385,5
1371,1056348,26.5,484.5,1,16386,0
1371,1056349,15.5,481.5,1,16386,1
1371,1056350,119.5,485.5,1,16386,2
1371,1056351,860.75,474.0,2,16387,0
1371,1056352,984.5,475.0,1,16387,1
1371,1056353,536.3333129882812,442.8333435058594,2,16387,2
1371,1056354,505.5833435058594,469.4166564941406,3,16387,3
1371,1056355,315.5,481.5,2,16387,4
1371,1056356,119.5,485.5,1,16387,5
1371,1056357,1039.0,472.5,2,16388,0
1371,1056358,536.3333129882812,442.8333435058594,2,16388,1
1371,1056359,860.75,474.0,2,16388,2
1371,1056360,505.5833435058594,469.4166564941406,3,16388,3
1371,1056361,1093.0,477.5,1,16388,4
1371,1056362,315.5,481.5,2,16388,5
1371,1056363,119.5,485.5,1,16388,6
1371,1056364,487.25,424.3333435058594,3,16389,0
1371,1056365,832.0,473.0,1,16389,1
1371,1056366,984.5,475.0,1,16389,2
1371,1056367,513.8333129882812,462.0416564941406,3,16389,3
1371,1056368,315.5,481.5,2,16389,4
1371,1056369,119.5,485.5,1,16389,5
1371,1056370,495.8333435058594,398.1666564941406,2,16390,0
1371,1056371,1316.5,479.5,1,16390,1
1371,1056372,832.0,473.0,1,16390,2
1371,1056373,984.5,475.0,1,16390,3
1371,1056374,521.4583129882812,395.6666564941406,5,16390,4
1371,1056375,119.5,485.5,1,16390,5
1371,1056376,1459.6666259765625,475.9166564941406,4,16391,0
1371,1056377,1093.5,470.0,2,16391,1
1371,1056378,605.5,479.5,1,16391,2
1371,1056379,1093.0,477.5,2,16391,3
1371,1056380,492.75,479.5,2,16391,4
1371,1056381,315.5,481.5,2,16391,5
1371,1056382,119.5,485.5,1,16391,6
1371,1056383,521.4583129882812,395.6666564941406,5,16392,0
1371,1056384,538.0,348.5,2,16392,1
1371,1056385,493.5,400.5,1,16392,2
1371,1056386,1039.0,472.5,2,16393,0
1371,1056387,1346.9166259765625,468.4166564941406,2,16393,1
1371,1056388,1509.25,478.25,2,16393,2
1371,1056389,605.5,479.5,1,16393,3
1371,1056390,1093.0,477.5,2,16393,4
1371,1056391,492.75,479.5,2,16393,5
1371,1056392,315.5,481.5,2,16393,6
1371,1056393,119.5,485.5,1,16393,7
1371,1056394,538.0,348.5,2,16394,0
1371,1056395,521.4583129882812,395.6666564941406,5,16394,1
1371,1056396,493.5,400.5,1,16394,2
1371,1056397,1415.6666259765625,471.625,4,16395,0
1371,1056398,605.5,479.5,1,16395,1
1371,1056399,1093.5,470.0,3,16395,2
1371,1056400,1093.0,477.5,1,16395,3
1371,1056401,492.75,479.5,2,16395,4
1371,1056402,315.5,481.5,2,16395,5
1371,1056403,119.5,485.5,1,16395,6
1371,1056404,520.7000122070312,383.2749938964844,4,16396,0
1371,1056405,538.0,348.5,3,16396,1
1371,1056406,493.5,400.5,1,16396,2
1371,1056407,1650.5,445.0,1,16397,0
1371,1056408,1093.0,477.5,1,16397,1
1371,1056409,495.5,478.0,1,16397,2
1371,1056410,1624.3333740234375,441.6666564941406,2,16397,3
1371,1056411,605.5,479.5,1,16397,4
1371,1056412,1415.6666259765625,471.625,4,16398,0
1371,1056413,605.5,479.5,1,16398,1
1371,1056414,1093.0,477.5,3,16398,2
1371,1056415,492.75,479.5,2,16398,3
1371,1056416,315.5,481.5,2,16398,4
1371,1056417,119.5,485.5,1,16398,5
1371,1056418,520.7000122070312,383.2749938964844,4,16399,0
1371,1056419,538.0,348.5,3,16399,1
1371,1056420,493.5,400.5,1,16399,2
1371,1056421,1496.8333740234375,466.7916564941406,6,16400,0
1371,1056422,605.5,479.5,1,16400,1
1371,1056423,1093.5,470.0,1,16400,2
1371,1056424,1093.0,477.5,2,16400,3
1371,1056425,492.75,479.5,2,16400,4
1371,1056426,315.5,481.5,2,16400,5
1371,1056427,119.5,485.5,1,16400,6
1371,1056428,513.1875,415.7291564941406,6,16401,0
1371,1056429,512.375,386.625,4,16401,1
1371,1056430,1368.0833740234375,468.2916564941406,3,16402,0
1371,1056431,605.5,479.5,1,16402,1
1371,1056432,1093.5,470.0,2,16402,2
1371,1056433,1093.0,477.5,1,16402,3
1371,1056434,492.75,479.5,2,16402,4
1371,1056435,315.5,481.5,2,16402,5
1371,1056436,119.5,485.5,1,16402,6
1371,1056437,493.5,400.5,1,16402,7
1371,1056438,513.8333129882812,462.0416564941406,4,16403,0
1371,1056439,315.5,481.5,2,16403,1
1371,1056440,119.5,485.5,1,16403,2
1371,1056441,525.125,418.5,4,16403,3
1371,1056442,832.0,473.0,1,16403,4
1371,1056443,984.5,475.0,1,16403,5
1371,1056444,544.5,377.5,1,16403,6
1371,1056445,1093.0,477.5,3,16404,0
1371,1056446,1886.75,463.25,2,16404,1
1371,1056447,1650.5,445.0,1,16404,2
1371,1056448,1479.8333740234375,469.5793762207031,7,16404,3
1371,1056449,1039.0,472.5,2,16404,4
1371,1056450,513.8333129882812,462.0416564941406,3,16405,0
1371,1056451,315.5,481.5,2,16405,1
1371,1056452,1415.6666259765625,471.625,4,16405,2
1371,1056453,832.0,473.0,1,16405,3
1371,1056454,1039.0,472.5,2,16405,4
1371,1056455,481.5,448.25,2,16405,5
1381,1056263,15.5,481.5,1,16368,0
1381,1056264,119.5,485.5,1,16368,1
1381,1056265,26.5,484.5,1,16368,2
1381,1056266,315.5,481.5,2,16369,0
1381,1056267,510.0,466.25,2,16369,1
1381,1056268,1463.5208740234375,464.4375,6,16369,2
1381,1056269,832.0,473.0,1,16369,3
1381,1056270,1039.0,472.5,2,16369,4
1381,1056271,476.0,448.5,1,16369,5
1381,1056272,1593.5416259765625,451.0,3,16370,0
1381,1056273,1650.5,445.0,1,16370,1
1381,1056274,513.8333129882812,462.0416564941406,3,16371,0
1381,1056275,1650.5,445.0,1,16371,1
1381,1056276,1463.5208740234375,464.4375,6,16371,2
1381,1056277,832.0,473.0,1,16371,3
1381,1056278,1039.0,472.5,2,16371,4
1381,1056279,481.5,448.25,2,16371,5
1381,1056280,1555.0,545.5,1,16372,0
1381,1056281,1409.5,549.0,1,16372,1
1381,1056282,1880.5,465.5,1,16372,2
1381,1056283,1557.0,506.0,1,16372,3
1381,1056284,1878.5,486.5,1,16372,4
1381,1056285,1409.5,549.0,1,16373,0
1381,1056286,1555.0,545.5,1,16373,1
1381,1056287,1557.0,506.0,1,16373,2
1381,1056288,1878.5,486.5,1,16373,3
1381,1056289,520.7000122070312,383.2749938964844,4,16374,0
1381,1056290,493.5,400.5,1,16374,1
1381,1056291,521.5,346.0,2,16374,2
1381,1056292,1624.3333740234375,441.6666564941406,2,16375,0
1381,1056293,605.5,479.5,1,16375,1
1381,1056294,315.5,481.5,2,16375,2
1381,1056295,1650.5,445.0,1,16375,3
1381,1056296,1093.0,477.5,1,16375,4
1381,1056297,495.5,478.0,1,16375,5
1381,1056298,315.5,481.5,2,16376,0
1381,1056299,510.0,466.25,2,16376,1
1381,1056300,1447.7286376953125,467.8857116699219,5,16376,2
1381,1056301,832.0,473.0,1,16376,3
1381,1056302,1039.0,472.5,2,16376,4
1381,1056303,476.0,448.5,1,16376,5
1381,1056304,1531.6666259765625,487.25,2,16377,0
1381,1056305,605.5,479.5,1,16377,1
1381,1056306,1093.0,477.5,2,16377,2
1381,1056307,1555.0,545.5,1,16377,3
1381,1056308,1409.5,549.0,1,16377,4
1381,1056309,538.0,348.5,3,16378,0
1381,1056310,526.0,393.0,3,16378,1
1381,1056311,1878.5,486.5,1,16379,0
1381,1056312,1886.75,463.25,2,16379,1
1381,1056313,1555.0,545.5,1,16379,2
1381,1056314,1409.5,549.0,1,16379,3
1381,1056315,1886.75,463.25,2,16380,0
1381,1056316,1093.0,477.5,1,16380,1
1381,1056317,1555.0,545.5,1,16380,2
1381,1056318,1878.5,486.5,1,16380,3
1381,1056319,119.5,485.5,1,16381,0
1381,1056320,530.0,451.5,1,16381,1
1381,1056321,1415.6666259765625,471.625,4,16381,2
1381,1056322,21.0,483.0,2,16381,3
1381,1056323,832.0,473.0,1,16381,4
1381,1056324,1039.0,472.5,2,16381,5
1381,1056325,484.75,424.5,2,16381,6
1381,1056326,1886.75,463.25,2,16382,0
1381,1056327,1093.0,477.5,1,16382,1
1381,1056328,1878.5,486.5,1,16382,2
1381,1056329,1415.6666259765625,471.625,4,16383,0
1381,1056330,605.5,479.5,1,16383,1
1381,1056331,1093.5,470.0,3,16383,2
1381,1056332,1093.0,477.5,1,16383,3
1381,1056333,492.75,479.5,2,16383,4
1381,1056334,315.5,481.5,2,16383,5
1381,1056335,119.5,485.5,1,16383,6
1381,1056336,1593.5416259765625,451.0,3,16384,0
1381,1056337,605.5,479.5,1,16384,1
1381,1056338,1650.5,445.0,1,16384,2
1381,1056339,1093.0,477.5,1,16384,3
1381,1056340,287.0,482.0,1,16384,4
1381,1056341,495.5,478.0,1,16384,5
1381,1056342,605.5,479.5,1,16385,0
1381,1056343,832.0,473.0,1,16385,1
1381,1056344,1039.0,472.5,2,16385,2
1381,1056345,1479.8333740234375,469.5793762207031,7,16385,3
1381,1056346,1650.5,445.0,1,16385,4
1381,1056347,530.0,451.5,1,16385,5
1381,1056348,26.5,484.5,1,16386,0
1381,1056349,15.5,481.5,1,16386,1
1381,1056350,119.5,485.5,1,16386,2
1381,1056351,860.75,474.0,2,16387,0
1381,1056352,984.5,475.0,1,16387,1
1381,1056353,536.3333129882812,442.8333435058594,2,16387,2
1381,1056354,505.5833435058594,469.4166564941406,3,16387,3
1381,1056355,315.5,481.5,2,16387,4
1381,1056356,119.5,485.5,1,16387,5
1381,1056357,1039.0,472.5,2,16388,0
1381,1056358,536.3333129882812,442.8333435058594,2,16388,1
1381,1056359,860.75,474.0,2,16388,2
1381,1056360,505.5833435058594,469.4166564941406,3,16388,3
1381,1056361,1093.0,477.5,1,16388,4
1381,1056362,315.5,481.5,2,16388,5
1381,1056363,119.5,485.5,1,16388,6
1381,1056364,487.25,424.3333435058594,3,16389,0
1381,1056365,832.0,473.0,1,16389,1
1381,1056366,984.5,475.0,1,16389,2
1381,1056367,513.8333129882812,462.0416564941406,3,16389,3
1381,1056368,315.5,481.5,2,16389,4
1381,1056369,119.5,485.5,1,16389,5
1381,1056370,495.8333435058594,398.1666564941406,2,16390,0
1381,1056371,1316.5,479.5,1,16390,1
1381,1056372,832.0,473.0,1,16390,2
1381,1056373,984.5,475.0,1,16390,3
1381,1056374,521.4583129882812,395.6666564941406,5,16390,4
1381,1056375,119.5,485.5,1,16390,5
1381,1056376,1459.6666259765625,475.9166564941406,4,16391,0
1381,1056377,1093.5,470.0,2,16391,1
1381,1056378,605.5,479.5,1,16391,2
1381,1056379,1093.0,477.5,2,16391,3
1381,1056380,492.75,479.5,2,16391,4
1381,1056381,315.5,481.5,2,16391,5
1381,1056382,119.5,485.5,1,16391,6
1381,1056383,521.4583129882812,395.6666564941406,5,16392,0
1381,1056384,538.0,348.5,2,16392,1
1381,1056385,493.5,400.5,1,16392,2
1381,1056386,1039.0,472.5,2,16393,0
1381,1056387,1346.9166259765625,468.4166564941406,2,16393,1
1381,1056388,1509.25,478.25,2,16393,2
1381,1056389,605.5,479.5,1,16393,3
1381,1056390,1093.0,477.5,2,16393,4
1381,1056391,492.75,479.5,2,16393,5
1381,1056392,315.5,481.5,2,16393,6
1381,1056393,119.5,485.5,1,16393,7
1381,1056394,538.0,348.5,2,16394,0
1381,1056395,521.4583129882812,395.6666564941406,5,16394,1
1381,1056396,493.5,400.5,1,16394,2
1381,1056397,1415.6666259765625,471.625,4,16395,0
1381,1056398,605.5,479.5,1,16395,1
1381,1056399,1093.5,470.0,3,16395,2
1381,1056400,1093.0,477.5,1,16395,3
1381,1056401,492.75,479.5,2,16395,4
1381,1056402,315.5,481.5,2,16395,5
1381,1056403,119.5,485.5,1,16395,6
1381,1056404,520.7000122070312,383.2749938964844,4,16396,0
1381,1056405,538.0,348.5,3,16396,1
1381,1056406,493.5,400.5,1,16396,2
1381,1056407,1650.5,445.0,1,16397,0
1381,1056408,1093.0,477.5,1,16397,1
1381,1056409,495.5,478.0,1,16397,2
1381,1056410,1624.3333740234375,441.6666564941406,2,16397,3
1381,1056411,605.5,479.5,1,16397,4
1381,1056412,1415.6666259765625,471.625,4,16398,0
1381,1056413,605.5,479.5,1,16398,1
1381,1056414,1093.0,477.5,3,16398,2
1381,1056415,492.75,479.5,2,16398,3
1381,1056416,315.5,481.5,2,16398,4
1381,1056417,119.5,485.5,1,16398,5
1381,1056418,520.7000122070312,383.2749938964844,4,16399,0
1381,1056419,538.0,348.5,3,16399,1
1381,1056420,493.5,400.5,1,16399,2
1381,1056421,1496.8333740234375,466.7916564941406,6,16400,0
1381,1056422,605.5,479.5,1,16400,1
1381,1056423,1093.5,470.0,1,16400,2
1381,1056424,1093.0,477.5,2,16400,3
1381,1056425,492.75,479.5,2,16400,4
1381,1056426,315.5,481.5,2,16400,5
1381,1056427,119.5,485.5,1,16400,6
1381,1056428,513.1875,415.7291564941406,6,16401,0
1381,1056429,512.375,386.625,4,16401,1
1381,1056430,1368.0833740234375,468.2916564941406,3,16402,0
1381,1056431,605.5,479.5,1,16402,1
1381,1056432,1093.5,470.0,2,16402,2
1381,1056433,1093.0,477.5,1,16402,3
1381,1056434,492.75,479.5,2,16402,4
1381,1056435,315.5,481.5,2,16402,5
1381,1056436,119.5,485.5,1,16402,6
1381,1056437,493.5,400.5,1,16402,7
1381,1056438,513.8333129882812,462.0416564941406,4,16403,0
1381,1056439,315.5,481.5,2,16403,1
1381,1056440,119.5,485.5,1,16403,2
1381,1056441,525.125,418.5,4,16403,3
1381,1056442,832.0,473.0,1,16403,4
1381,1056443,984.5,475.0,1,16403,5
1381,1056444,544.5,377.5,1,16403,6
1381,1056445,1093.0,477.5,3,16404,0
1381,1056446,1886.75,463.25,2,16404,1
1381,1056447,1650.5,445.0,1,16404,2
1381,1056448,1479.8333740234375,469.5793762207031,7,16404,3
1381,1056449,1039.0,472.5,2,16404,4
1381,1056450,513.8333129882812,462.0416564941406,3,16405,0
1381,1056451,315.5,481.5,2,16405,1
1381,1056452,1415.6666259765625,471.625,4,16405,2
1381,1056453,832.0,473.0,1,16405,3
1381,1056454,1039.0,472.5,2,16405,4
1381,1056455,481.5,448.25,2,16405,5
1391,1056263,15.5,481.5,1,16368,0
1391,1056264,119.5,485.5,1,16368,1
1391,1056265,26.5,484.5,1,16368,2
1391,1056266,315.5,481.5,2,16369,0
1391,1056267,510.0,466.25,2,16369,1
1391,1056268,1463.5208740234375,464.4375,6,16369,2
1391,1056269,832.0,473.0,1,16369,3
1391,1056270,1039.0,472.5,2,16369,4
1391,1056271,476.0,448.5,1,16369,5
1391,1056272,1593.5416259765625,451.0,3,16370,0
1391,1056273,1650.5,445.0,1,16370,1
1391,1056274,513.8333129882812,462.0416564941406,3,16371,0
1391,1056275,1650.5,445.0,1,16371,1
1391,1056276,1463.5208740234375,464.4375,6,16371,2
1391,1056277,832.0,473.0,1,16371,3
1391,1056278,1039.0,472.5,2,16371,4
1391,1056279,481.5,448.25,2,16371,5
1391,1056280,1555.0,545.5,1,16372,0
1391,1056281,1409.5,549.0,1,16372,1
1391,1056282,1880.5,465.5,1,16372,2
1391,1056283,1557.0,506.0,1,16372,3
1391,1056284,1878.5,486.5,1,16372,4
1391,1056285,1409.5,549.0,1,16373,0
1391,1056286,1555.0,545.5,1,16373,1
1391,1056287,1557.0,506.0,1,16373,2
1391,1056288,1878.5,486.5,1,16373,3
1391,1056289,520.7000122070312,383.2749938964844,4,16374,0
1391,1056290,493.5,400.5,1,16374,1
1391,1056291,521.5,346.0,2,16374,2
1391,1056292,1624.3333740234375,441.6666564941406,2,16375,0
1391,1056293,605.5,479.5,1,16375,1
1391,1056294,315.5,481.5,2,16375,2
1391,1056295,1650.5,445.0,1,16375,3
1391,1056296,1093.0,477.5,1,16375,4
1391,1056297,495.5,478.0,1,16375,5
1391,1056298,315.5,481.5,2,16376,0
1391,1056299,510.0,466.25,2,16376,1
1391,1056300,1447.7286376953125,467.8857116699219,5,16376,2
1391,1056301,832.0,473.0,1,16376,3
1391,1056302,1039.0,472.5,2,16376,4
1391,1056303,476.0,448.5,1,16376,5
1391,1056304,1531.6666259765625,487.25,2,16377,0
1391,1056305,605.5,479.5,1,16377,1
1391,1056306,1093.0,477.5,2,16377,2
1391,1056307,1555.0,545.5,1,16377,3
1391,1056308,1409.5,549.0,1,16377,4
1391,1056309,538.0,348.5,3,16378,0
1391,1056310,526.0,393.0,3,16378,1
1391,1056311,1878.5,486.5,1,16379,0
1391,1056312,1886.75,463.25,2,16379,1
1391,1056313,1555.0,545.5,1,16379,2
1391,1056314,1409.5,549.0,1,16379,3
1391,1056315,1886.75,463.25,2,16380,0
1391,1056316,1093.0,477.5,1,16380,1
1391,1056317,1555.0,545.5,1,16380,2
1391,1056318,1878.5,486.5,1,16380,3
1391,1056319,119.5,485.5,1,16381,0
1391,1056320,530.0,451.5,1,16381,1
1391,1056321,1415.6666259765625,471.625,4,16381,2
1391,1056322,21.0,483.0,2,16381,3
1391,1056323,832.0,473.0,1,16381,4
1391,1056324,1039.0,472.5,2,16381,5
1391,1056325,484.75,424.5,2,16381,6
1391,1056326,1886.75,463.25,2,16382,0
1391,1056327,1093.0,477.5,1,16382,1
1391,1056328,1878.5,486.5,1,16382,2
1391,1056329,1415.6666259765625,471.625,4,16383,0
1391,1056330,605.5,479.5,1,16383,1
1391,1056331,1093.5,470.0,3,16383,2
1391,1056332,1093.0,477.5,1,16383,3
1391,1056333,492.75,479.5,2,16383,4
1391,1056334,315.5,481.5,2,16383,5
1391,1056335,119.5,485.5,1,16383,6
1391,1056336,1593.5416259765625,451.0,3,16384,0
1391,1056337,605.5,479.5,1,16384,1
1391,1056338,1650.5,445.0,1,16384,2
1391,1056339,1093.0,477.5,1,16384,3
1391,1056340,287.0,482.0,1,16384,4
1391,1056341,495.5,478.0,1,16384,5
1391,1056342,605.5,479.5,1,16385,0
1391,1056343,832.0,473.0,1,16385,1
1391,1056344,1039.0,472.5,2,16385,2
1391,1056345,1479.8333740234375,469.5793762207031,7,16385,3
1391,1056346,1650.5,445.0,1,16385,4
1391,1056347,530.0,451.5,1,16385,5
1391,1056348,26.5,484.5,1,16386,0
1391,1056349,15.5,481.5,1,16386,1
1391,1056350,119.5,485.5,1,16386,2
1391,1056351,860.75,474.0,2,16387,0
1391,1056352,984.5,475.0,1,16387,1
1391,1056353,536.3333129882812,442.8333435058594,2,16387,2
1391,1056354,505.5833435058594,469.4166564941406,3,16387,3
1391,1056355,315.5,481.5,2,16387,4
1391,1056356,119.5,485.5,1,16387,5
1391,1056357,1039.0,472.5,2,16388,0
1391,1056358,536.3333129882812,442.8333435058594,2,16388,1
1391,1056359,860.75,474.0,2,16388,2
1391,1056360,505.5833435058594,469.4166564941406,3,16388,3
1391,1056361,1093.0,477.5,1,16388,4
1391,1056362,315.5,481.5,2,16388,5
1391,1056363,119.5,485.5,1,16388,6
1391,1056364,487.25,424.3333435058594,3,16389,0
1391,1056365,832.0,473.0,1,16389,1
1391,1056366,984.5,475.0,1,16389,2
1391,1056367,513.8333129882812,462.0416564941406,3,16389,3
1391,1056368,315.5,481.5,2,16389,4
1391,1056369,119.5,485.5,1,16389,5
1391,1056370,495.8333435058594,398.1666564941406,2,16390,0
1391,1056371,1316.5,479.5,1,16390,1
1391,1056372,832.0,473.0,1,16390,2
1391,1056373,984.5,475.0,1,16390,3
1391,1056374,521.4583129882812,395.6666564941406,5,16390,4
1391,1056375,119.5,485.5,1,16390,5
1391,1056376,1459.6666259765625,475.9166564941406,4,16391,0
1391,1056377,1093.5,470.0,2,16391,1
1391,1056378,605.5,479.5,1,16391,2
1391,1056379,1093.0,477.5,2,16391,3
1391,1056380,492.75,479.5,2,16391,4
1391,1056381,315.5,481.5,2,16391,5
1391,1056382,119.5,485.5,1,16391,6
1391,1056383,521.4583129882812,395.6666564941406,5,16392,0
1391,1056384,538.0,348.5,2,16392,1
1391,1056385,493.5,400.5,1,16392,2
1391,1056386,1039.0,472.5,2,16393,0
1391,1056387,1346.9166259765625,468.4166564941406,2,16393,1
1391,1056388,1509.25,478.25,2,16393,2
1391,1056389,605.5,479.5,1,16393,3
1391,1056390,1093.0,477.5,2,16393,4
1391,1056391,492.75,479.5,2,16393,5
1391,1056392,315.5,481.5,2,16393,6
1391,1056393,119.5,485.5,1,16393,7
1391,1056394,538.0,348.5,2,16394,0
1391,1056395,521.4583129882812,395.6666564941406,5,16394,1
1391,1056396,493.5,400.5,1,16394,2
1391,1056397,1415.6666259765625,471.625,4,16395,0
1391,1056398,605.5,479.5,1,16395,1
1391,1056399,1093.5,470.0,3,16395,2
1391,1056400,1093.0,477.5,1,16395,3
1391,1056401,492.75,479.5,2,16395,4
1391,1056402,315.5,481.5,2,16395,5
1391,1056403,119.5,485.5,1,16395,6
1391,1056404,520.7000122070312,383.2749938964844,4,16396,0
1391,1056405,538.0,348.5,3,16396,1
1391,1056406,493.5,400.5,1,16396,2
1391,1056407,1650.5,445.0,1,16397,0
1391,1056408,1093.0,477.5,1,16397,1
1391,1056409,495.5,478.0,1,16397,2
1391,1056410,1624.3333740234375,441.6666564941406,2,16397,3
1391,1056411,605.5,479.5,1,16397,4
1391,1056412,1415.6666259765625,471.625,4,16398,0
1391,1056413,605.5,479.5,1,16398,1
1391,1056414,1093.0,477.5,3,16398,2
1391,1056415,492.75,479.5,2,16398,3
1391,1056416,315.5,481.5,2,16398,4
1391,1056417,119.5,485.5,1,16398,5
1391,1056418,520.7000122070312,383.2749938964844,4,16399,0
1391,1056419,538.0,348.5,3,16399,1
1391,1056420,493.5,400.5,1,16399,2
1391,1056421,1496.8333740234375,466.7916564941406,6,16400,0
1391,1056422,605.5,479.5,1,16400,1
1391,1056423,1093.5,470.0,1,16400,2
1391,1056424,1093.0,477.5,2,16400,3
1391,1056425,492.75,479.5,2,16400,4
1391,1056426,315.5,481.5,2,16400,5
1391,1056427,119.5,485.5,1,16400,6
1391,1056428,513.1875,415.7291564941406,6,16401,0
1391,1056429,512.375,386.625,4,16401,1
1391,1056430,1368.0833740234375,468.2916564941406,3,16402,0
1391,1056431,605.5,479.5,1,16402,1
1391,1056432,1093.5,470.0,2,16402,2
1391,1056433,1093.0,477.5,1,16402,3
1391,1056434,492.75,479.5,2,16402,4
1391,1056435,315.5,481.5,2,16402,5
1391,1056436,119.5,485.5,1,16402,6
1391,1056437,493.5,400.5,1,16402,7
1391,1056438,513.8333129882812,462.0416564941406,4,16403,0
1391,1056439,315.5,481.5,2,16403,1
1391,1056440,119.5,485.5,1,16403,2
1391,1056441,525.125,418.5,4,16403,3
1391,1056442,832.0,473.0,1,16403,4
1391,1056443,984.5,475.0,1,16403,5
1391,1056444,544.5,377.5,1,16403,6
1391,1056445,1093.0,477.5,3,16404,0
1391,1056446,1886.75,463.25,2,16404,1
1391,1056447,1650.5,445.0,1,16404,2
1391,1056448,1479.8333740234375,469.5793762207031,7,16404,3
1391,1056449,1039.0,472.5,2,16404,4
1391,1056450,513.8333129882812,462.0416564941406,3,16405,0
1391,1056451,315.5,481.5,2,16405,1
1391,1056452,1415.6666259765625,471.625,4,16405,2
1391,1056453,832.0,473.0,1,16405,3
1391,1056454,1039.0,472.5,2,16405,4
1391,1056455,481.5,448.25,2,16405,5
1401,1056263,15.5,481.5,1,16368,0
1401,1056264,119.5,485.5,1,16368,1
1401,1056265,26.5,484.5,1,16368,2
1401,1056266,315.5,481.5,2,16369,0
1401,1056267,510.0,466.25,2,16369,1
1401,1056268,1463.5208740234375,464.4375,6,16369,2
1401,1056269,832.0,473.0,1,16369,3
1401,1056270,1039.0,472.5,2,16369,4
1401,1056271,476.0,448.5,1,16369,5
1401,1056272,1593.5416259765625,451.0,3,16370,0
1401,1056273,1650.5,445.0,1,16370,1
1401,1056274,513.8333129882812,462.0416564941406,3,16371,0
1401,1056275,1650.5,445.0,1,16371,1
1401,1056276,1463.5208740234375,464.4375,6,16371,2
1401,1056277,832.0,473.0,1,16371,3
1401,1056278,1039.0,472.5,2,16371,4
1401,1056279,481.5,448.25,2,16371,5
1401,1056280,1555.0,545.5,1,16372,0
1401,1056281,1409.5,549.0,1,16372,1
1401,1056282,1880.5,465.5,1,16372,2
1401,1056283,1557.0,506.0,1,16372,3
1401,1056284,1878.5,486.5,1,16372,4
1401,1056285,1409.5,549.0,1,16373,0
1401,1056286,1555.0,545.5,1,16373,1
1401,1056287,1557.0,506.0,1,16373,2
1401,1056288,1878.5,486.5,1,16373,3
1401,1056289,520.7000122070312,383.2749938964844,4,16374,0
1401,1056290,493.5,400.5,1,16374,1
1401,1056291,521.5,346.0,2,16374,2
1401,1056292,1624.3333740234375,441.6666564941406,2,16375,0
1401,1056293,605.5,479.5,1,16375,1
1401,1056294,315.5,481.5,2,16375,2
1401,1056295,1650.5,445.0,1,16375,3
1401,1056296,1093.0,477.5,1,16375,4
1401,1056297,495.5,478.0,1,16375,5
1401,1056298,315.5,481.5,2,16376,0
1401,1056299,510.0,466.25,2,16376,1
1401,1056300,1447.7286376953125,467.8857116699219,5,16376,2
1401,1056301,832.0,473.0,1,16376,3
1401,1056302,1039.0,472.5,2,16376,4
1401,1056303,476.0,448.5,1,16376,5
1401,1056304,1531.6666259765625,487.25,2,16377,0
1401,1056305,605.5,479.5,1,16377,1
1401,1056306,1093.0,477.5,2,16377,2
1401,1056307,1555.0,545.5,1,16377,3
1401,1056308,1409.5,549.0,1,16377,4
1401,1056309,538.0,348.5,3,16378,0
1401,1056310,526.0,393.0,3,16378,1
1401,1056311,1878.5,486.5,1,16379,0
1401,1056312,1886.75,463.25,2,16379,1
1401,1056313,1555.0,545.5,1,16379,2
1401,1056314,1409.5,549.0,1,16379,3
1401,1056315,1886.75,463.25,2,16380,0
1401,1056316,1093.0,477.5,1,16380,1
1401,1056317,1555.0,545.5,1,16380,2
1401,1056318,1878.5,486.5,1,16380,3
1401,1056319,119.5,485.5,1,16381,0
1401,1056320,530.0,451.5,1,16381,1
1401,1056321,1415.6666259765625,471.625,4,16381,2
1401,1056322,21.0,483.0,2,16381,3
1401,1056323,832.0,473.0,1,16381,4
1401,1056324,1039.0,472.5,2,16381,5
1401,1056325,484.75,424.5,2,16381,6
1401,1056326,1886.75,463.25,2,16382,0
1401,1056327,1093.0,477.5,1,16382,1
1401,1056328,1878.5,486.5,1,16382,2
1401,1056329,1415.6666259765625,471.625,4,16383,0
1401,1056330,605.5,479.5,1,16383,1
1401,1056331,1093.5,470.0,3,16383,2
1401,1056332,1093.0,477.5,1,16383,3
1401,1056333,492.75,479.5,2,16383,4
1401,1056334,315.5,481.5,2,16383,5
1401,1056335,119.5,485.5,1,16383,6
1401,1056336,1593.5416259765625,451.0,3,16384,0
1401,1056337,605.5,479.5,1,16384,1
1401,1056338,1650.5,445.0,1,16384,2
1401,1056339,1093.0,477.5,1,16384,3
1401,1056340,287.0,482.0,1,16384,4
1401,1056341,495.5,478.0,1,16384,5
1401,1056342,605.5,479.5,1,16385,0
1401,1056343,832.0,473.0,1,16385,1
1401,1056344,1039.0,472.5,2,16385,2
1401,1056345,1479.8333740234375,469.5793762207031,7,16385,3
1401,1056346,1650.5,445.0,1,16385,4
1401,1056347,530.0,451.5,1,16385,5
1401,1056348,26.5,484.5,1,16386,0
1401,1056349,15.5,481.5,1,16386,1
1401,1056350,119.5,485.5,1,16386,2
1401,1056351,860.75,474.0,2,16387,0
1401,1056352,984.5,475.0,1,16387,1
1401,1056353,536.3333129882812,442.8333435058594,2,16387,2
1401,1056354,505.5833435058594,469.4166564941406,3,16387,3
1401,1056355,315.5,481.5,2,16387,4
1401,1056356,119.5,485.5,1,16387,5
1401,1056357,1039.0,472.5,2,16388,0
1401,1056358,536.3333129882812,442.8333435058594,2,16388,1
1401,1056359,860.75,474.0,2,16388,2
1401,1056360,505.5833435058594,469.4166564941406,3,16388,3
1401,1056361,1093.0,477.5,1,16388,4
1401,1056362,315.5,481.5,2,16388,5
1401,1056363,119.5,485.5,1,16388,6
1401,1056364,487.25,424.3333435058594,3,16389,0
1401,1056365,832.0,473.0,1,16389,1
1401,1056366,984.5,475.0,1,16389,2
1401,1056367,513.8333129882812,462.0416564941406,3,16389,3
1401,1056368,315.5,481.5,2,16389,4
1401,1056369,119.5,485.5,1,16389,5
1401,1056370,495.8333435058594,398.1666564941406,2,16390,0
1401,1056371,1316.5,479.5,1,16390,1
1401,1056372,832.0,473.0,1,16390,2
1401,1056373,984.5,475.0,1,16390,3
1401,1056374,521.4583129882812,395.6666564941406,6,16390,4
1401,1056375,119.5,485.5,1,16390,5
1401,1056376,1459.6666259765625,475.9166564941406,4,16391,0
1401,1056377,1093.5,470.0,2,16391,1
1401,1056378,605.5,479.5,1,16391,2
1401,1056379,1093.0,477.5,2,16391,3
1401,1056380,492.75,479.5,2,16391,4
1401,1056381,315.5,481.5,2,16391,5
1401,1056382,119.5,485.5,1,16391,6
1401,1056383,521.4583129882812,395.6666564941406,5,16392,0
1401,1056384,538.0,348.5,3,16392,1
1401,1056385,493.5,400.5,1,16392,2
1401,1056386,1039.0,472.5,2,16393,0
1401,1056387,1346.9166259765625,468.4166564941406,2,16393,1
1401,1056388,1509.25,478.25,2,16393,2
1401,1056389,605.5,479.5,1,16393,3
1401,1056390,1093.0,477.5,2,16393,4
1401,1056391,492.75,479.5,2,16393,5
1401,1056392,315.5,481.5,2,16393,6
1401,1056393,119.5,485.5,1,16393,7
1401,1056394,538.0,348.5,3,16394,0
1401,1056395,521.4583129882812,395.6666564941406,5,16394,1
1401,1056396,493.5,400.5,1,16394,2
1401,1056397,1415.6666259765625,471.625,4,16395,0
1401,1056398,605.5,479.5,1,16395,1
1401,1056399,1093.5,470.0,3,16395,2
1401,1056400,1093.0,477.5,1,16395,3
1401,1056401,492.75,479.5,2,16395,4
1401,1056402,315.5,481.5,2,16395,5
1401,1056403,119.5,485.5,1,16395,6
1401,1056404,520.7000122070312,383.2749938964844,4,16396,0
1401,1056405,538.0,348.5,3,16396,1
1401,1056406,493.5,400.5,1,16396,2
1401,1056407,1650.5,445.0,1,16397,0
1401,1056408,1093.0,477.5,1,16397,1
1401,1056409,495.5,478.0,1,16397,2
1401,1056410,1624.3333740234375,441.6666564941406,2,16397,3
1401,1056411,605.5,479.5,1,16397,4
1401,1056412,1415.6666259765625,471.625,4,16398,0
1401,1056413,605.5,479.5,1,16398,1
1401,1056414,1093.0,477.5,3,16398,2
1401,1056415,492.75,479.5,2,16398,3
1401,1056416,315.5,481.5,2,16398,4
1401,1056417,119.5,485.5,1,16398,5
1401,1056418,520.7000122070312,383.2749938964844,4,16399,0
1401,1056419,538.0,348.5,3,16399,1
1401,1056420,493.5,400.5,1,16399,2
1401,1056421,1496.8333740234375,466.7916564941406,6,16400,0
1401,1056422,605.5,479.5,1,16400,1
1401,1056423,1093.5,470.0,1,16400,2
1401,1056424,1093.0,477.5,2,16400,3
1401,1056425,492.75,479.5,2,16400,4
1401,1056426,315.5,481.5,2,16400,5
1401,1056427,119.5,485.5,1,16400,6
1401,1056428,513.1875,415.7291564941406,6,16401,0
1401,1056429,512.375,386.625,4,16401,1
1401,1056430,1368.0833740234375,468.2916564941406,3,16402,0
1401,1056431,605.5,479.5,1,16402,1
1401,1056432,1093.5,470.0,2,16402,2
1401,1056433,1093.0,477.5,1,16402,3
1401,1056434,492.75,479.5,2,16402,4
1401,1056435,315.5,481.5,2,16402,5
1401,1056436,119.5,485.5,1,16402,6
1401,1056437,493.5,400.5,1,16402,7
1401,1056438,513.8333129882812,462.0416564941406,4,16403,0
1401,1056439,315.5,481.5,2,16403,1
1401,1056440,119.5,485.5,1,16403,2
1401,1056441,525.125,418.5,4,16403,3
1401,1056442,832.0,473.0,1,16403,4
1401,1056443,984.5,475.0,1,16403,5
1401,1056444,544.5,377.5,1,16403,6
1401,1056445,1093.0,477.5,3,16404,0
1401,1056446,1886.75,463.25,2,16404,1
1401,1056447,1650.5,445.0,1,16404,2
1401,1056448,1479.8333740234375,469.5793762207031,7,16404,3
1401,1056449,1039.0,472.5,2,16404,4
1401,1056450,513.8333129882812,462.0416564941406,3,16405,0
1401,1056451,315.5,481.5,2,16405,1
1401,1056452,1415.6666259765625,471.625,4,16405,2
1401,1056453,832.0,473.0,1,16405,3
1401,1056454,1039.0,472.5,2,16405,4
1401,1056455,481.5,448.25,2,16405,5
1411,1056263,15.5,481.5,1,16368,0
1411,1056264,119.5,485.5,1,16368,1
1411,1056265,26.5,484.5,1,16368,2
1411,1056266,315.5,481.5,2,16369,0
1411,1056267,510.0,466.25,2,16369,1
1411,1056268,1463.5208740234375,464.4375,6,16369,2
1411,1056269,832.0,473.0,1,16369,3
1411,1056270,1039.0,472.5,2,16369,4
1411,1056271,476.0,448.5,1,16369,5
1411,1056272,1593.5416259765625,451.0,3,16370,0
1411,1056273,1650.5,445.0,1,16370,1
1411,1056274,513.8333129882812,462.0416564941406,3,16371,0
1411,1056275,1650.5,445.0,1,16371,1
1411,1056276,1463.5208740234375,464.4375,6,16371,2
1411,1056277,832.0,473.0,1,16371,3
1411,1056278,1039.0,472.5,2,16371,4
1411,1056279,481.5,448.25,2,16371,5
1411,1056280,1555.0,545.5,1,16372,0
1411,1056281,1409.5,549.0,1,16372,1
1411,1056282,1880.5,465.5,1,16372,2
1411,1056283,1557.0,506.0,1,16372,3
1411,1056284,1878.5,486.5,1,16372,4
1411,1056285,1409.5,549.0,1,16373,0
1411,1056286,1555.0,545.5,1,16373,1
1411,1056287,1557.0,506.0,1,16373,2
1411,1056288,1878.5,486.5,1,16373,3
1411,1056289,520.7000122070312,383.2749938964844,4,16374,0
1411,1056290,493.5,400.5,1,16374,1
1411,1056291,521.5,346.0,2,16374,2
1411,1056292,1624.3333740234375,441.6666564941406,2,16375,0
1411,1056293,605.5,479.5,1,16375,1
1411,1056294,315.5,481.5,2,16375,2
1411,1056295,1650.5,445.0,1,16375,3
1411,1056296,1093.0,477.5,1,16375,4
1411,1056297,495.5,478.0,1,16375,5
1411,1056298,315.5,481.5,2,16376,0
1411,1056299,510.0,466.25,2,16376,1
1411,1056300,1447.7286376953125,467.8857116699219,5,16376,2
1411,1056301,832.0,473.0,1,16376,3
1411,1056302,1039.0,472.5,2,16376,4
1411,1056303,476.0,448.5,1,16376,5
1411,1056304,1531.6666259765625,487.25,2,16377,0
1411,1056305,605.5,479.5,1,16377,1
1411,1056306,1093.0,477.5,2,16377,2
1411,1056307,1555.0,545.5,1,16377,3
1411,1056308,1409.5,549.0,1,16377,4
1411,1056309,538.0,348.5,3,16378,0
1411,1056310,526.0,393.0,3,16378,1
1411,1056311,1878.5,486.5,1,16379,0
1411,1056312,1886.75,463.25,2,16379,1
1411,1056313,1555.0,545.5,1,16379,2
1411,1056314,1409.5,549.0,1,16379,3
1411,1056315,1886.75,463.25,2,16380,0
1411,1056316,1093.0,477.5,1,16380,1
1411,1056317,1555.0,545.5,1,16380,2
1411,1056318,1878.5,486.5,1,16380,3
1411,1056319,119.5,485.5,1,16381,0
1411,1056320,530.0,451.5,1,16381,1
1411,1056321,1415.6666259765625,471.625,4,16381,2
1411,1056322,21.0,483.0,2,16381,3
1411,1056323,832.0,473.0,1,16381,4
1411,1056324,1039.0,472.5,2,16381,5
1411,1056325,484.75,424.5,2,16381,6
1411,1056326,1886.75,463.25,2,16382,0
1411,1056327,1093.0,477.5,1,16382,1
1411,1056328,1878.5,486.5,1,16382,2
1411,1056329,1415.6666259765625,471.625,4,16383,0
1411,1056330,605.5,479.5,1,16383,1
1411,1056331,1093.5,470.0,3,16383,2
1411,1056332,1093.0,477.5,1,16383,3
1411,1056333,492.75,479.5,2,16383,4
1411,1056334,315.5,481.5,2,16383,5
1411,1056335,119.5,485.5,1,16383,6
1411,1056336,1593.5416259765625,451.0,3,16384,0
1411,1056337,605.5,479.5,1,16384,1
1411,1056338,1650.5,445.0,1,16384,2
1411,1056339,1093.0,477.5,1,16384,3
1411,1056340,287.0,482.0,1,16384,4
1411,1056341,495.5,478.0,1,16384,5
1411,1056342,605.5,479.5,1,16385,0
1411,1056343,832.0,473.0,1,16385,1
1411,1056344,1039.0,472.5,2,16385,2
1411,1056345,1479.8333740234375,469.5793762207031,7,16385,3
1411,1056346,1650.5,445.0,1,16385,4
1411,1056347,530.0,451.5,1,16385,5
1411,1056348,26.5,484.5,1,16386,0
1411,1056349,15.5,481.5,1,16386,1
1411,1056350,119.5,485.5,1,16386,2
1411,1056351,860.75,474.0,2,16387,0
1411,1056352,984.5,475.0,1,16387,1
1411,1056353,536.3333129882812,442.8333435058594,2,16387,2
1411,1056354,505.5833435058594,469.4166564941406,3,16387,3
1411,1056355,315.5,481.5,2,16387,4
1411,1056356,119.5,485.5,1,16387,5
1411,1056357,1039.0,472.5,2,16388,0
1411,1056358,536.3333129882812,442.8333435058594,2,16388,1
1411,1056359,860.75,474.0,2,16388,2
1411,1056360,505.5833435058594,469.4166564941406,3,16388,3
1411,1056361,1093.0,477.5,1,16388,4
1411,1056362,315.5,481.5,2,16388,5
1411,1056363,119.5,485.5,1,16388,6
1411,1056364,487.25,424.3333435058594,3,16389,0
1411,1056365,832.0,473.0,1,16389,1
1411,1056366,984.5,475.0,1,16389,2
1411,1056367,513.8333129882812,462.0416564941406,3,16389,3
1411,1056368,315.5,481.5,2,16389,4
1411,1056369,119.5,485.5,1,16389,5
1411,1056370,495.8333435058594,398.1666564941406,2,16390,0
1411,1056371,1316.5,479.5,1,16390,1
1411,1056372,832.0,473.0,1,16390,2
1411,1056373,984.5,475.0,1,16390,3
1411,1056374,521.4583129882812,395.6666564941406,6,16390,4
1411,1056375,119.5,485.5,1,16390,5
1411,1056376,1459.6666259765625,475.9166564941406,4,16391,0
1411,1056377,1093.5,470.0,2,16391,1
1411,1056378,605.5,479.5,1,16391,2
1411,1056379,1093.0,477.5,2,16391,3
1411,1056380,492.75,479.5,2,16391,4
1411,1056381,315.5,481.5,2,16391,5
1411,1056382,119.5,485.5,1,16391,6
1411,1056383,521.4583129882812,395.6666564941406,5,16392,0
1411,1056384,538.0,348.5,3,16392,1
1411,1056385,493.5,400.5,1,16392,2
1411,1056386,1039.0,472.5,2,16393,0
1411,1056387,1346.9166259765625,468.4166564941406,2,16393,1
1411,1056388,1509.25,478.25,2,16393,2
1411,1056389,605.5,479.5,1,16393,3
1411,1056390,1093.0,477.5,2,16393,4
1411,1056391,492.75,479.5,2,16393,5
1411,1056392,315.5,481.5,2,16393,6
1411,1056393,119.5,485.5,1,16393,7
1411,1056394,538.0,348.5,3,16394,0
1411,1056395,521.4583129882812,395.6666564941406,5,16394,1
1411,1056396,493.5,400.5,1,16394,2
1411,1056397,1415.6666259765625,471.625,4,16395,0
1411,1056398,605.5,479.5,1,16395,1
1411,1056399,1093.5,470.0,3,16395,2
1411,1056400,1093.0,477.5,1,16395,3
1411,1056401,492.75,479.5,2,16395,4
1411,1056402,315.5,481.5,2,16395,5
1411,1056403,119.5,485.5,1,16395,6
1411,1056404,520.7000122070312,383.2749938964844,4,16396,0
1411,1056405,538.0,348.5,3,16396,1
1411,1056406,493.5,400.5,1,16396,2
1411,1056407,1650.5,445.0,1,16397,0
1411,1056408,1093.0,477.5,1,16397,1
1411,1056409,495.5,478.0,1,16397,2
1411,1056410,1624.3333740234375,441.6666564941406,2,16397,3
1411,1056411,605.5,479.5,1,16397,4
1411,1056412,1415.6666259765625,471.625,4,16398,0
1411,1056413,605.5,479.5,1,16398,1
1411,1056414,1093.0,477.5,3,16398,2
1411,1056415,492.75,479.5,2,16398,3
1411,1056416,315.5,481.5,2,16398,4
1411,1056417,119.5,485.5,1,16398,5
1411,1056418,520.7000122070312,383.2749938964844,4,16399,0
1411,1056419,538.0,348.5,3,16399,1
1411,1056420,493.5,400.5,1,16399,2
1411,1056421,1496.8333740234375,466.7916564941406,6,16400,0
1411,1056422,605.5,479.5,1,16400,1
1411,1056423,1093.5,470.0,1,16400,2
1411,1056424,1093.0,477.5,2,16400,3
1411,1056425,492.75,479.5,2,16400,4
1411,1056426,315.5,481.5,2,16400,5
1411,1056427,119.5,485.5,1,16400,6
1411,1056428,513.1875,415.7291564941406,7,16401,0
1411,1056429,512.375,386.625,4,16401,1
1411,1056430,1368.0833740234375,468.2916564941406,3,16402,0
1411,1056431,605.5,479.5,1,16402,1
1411,1056432,1093.5,470.0,2,16402,2
1411,1056433,1093.0,477.5,1,16402,3
1411,1056434,492.75,479.5,2,16402,4
1411,1056435,315.5,481.5,2,16402,5
1411,1056436,119.5,485.5,1,16402,6
1411,1056437,493.5,400.5,1,16402,7
1411,1056438,513.8333129882812,462.0416564941406,4,16403,0
1411,1056439,315.5,481.5,2,16403,1
1411,1056440,119.5,485.5,1,16403,2
1411,1056441,525.125,418.5,4,16403,3
1411,1056442,832.0,473.0,1,16403,4
1411,1056443,984.5,475.0,1,16403,5
1411,1056444,544.5,377.5,1,16403,6
1411,1056445,1093.0,477.5,3,16404,0
1411,1056446,1886.75,463.25,2,16404,1
1411,1056447,1650.5,445.0,1,16404,2
1411,1056448,1479.8333740234375,469.5793762207031,7,16404,3
1411,1056449,1039.0,472.5,2,16404,4
1411,1056450,513.8333129882812,462.0416564941406,3,16405,0
1411,1056451,315.5,481.5,2,16405,1
1411,1056452,1415.6666259765625,471.625,4,16405,2
1411,1056453,832.0,473.0,1,16405,3
1411,1056454,1039.0,472.5,2,16405,4
1411,1056455,481.5,448.25,2,16405,5
1421,1056263,15.5,481.5,1,16368,0
1421,1056264,119.5,485.5,1,16368,1
1421,1056265,26.5,484.5,1,16368,2
1421,1056266,315.5,481.5,2,16369,0
1421,1056267,510.0,466.25,2,16369,1
1421,1056268,1463.5208740234375,464.4375,6,16369,2
1421,1056269,832.0,473.0,1,16369,3
1421,1056270,1039.0,472.5,2,16369,4
1421,1056271,476.0,448.5,1,16369,5
1421,1056272,1593.5416259765625,451.0,3,16370,0
1421,1056273,1650.5,445.0,1,16370,1
1421,1056274,513.8333129882812,462.0416564941406,3,16371,0
1421,1056275,1650.5,445.0,1,16371,1
1421,1056276,1463.5208740234375,464.4375,6,16371,2
1421,1056277,832.0,473.0,1,16371,3
1421,1056278,1039.0,472.5,2,16371,4
1421,1056279,481.5,448.25,2,16371,5
1421,1056280,1555.0,545.5,1,16372,0
1421,1056281,1409.5,549.0,1,16372,1
1421,1056282,1880.5,465.5,1,16372,2
1421,1056283,1557.0,506.0,1,16372,3
1421,1056284,1878.5,486.5,1,16372,4
1421,1056285,1409.5,549.0,1,16373,0
1421,1056286,1555.0,545.5,1,16373,1
1421,1056287,1557.0,506.0,1,16373,2
1421,1056288,1878.5,486.5,1,16373,3
1421,1056289,520.7000122070312,383.2749938964844,4,16374,0
1421,1056290,493.5,400.5,1,16374,1
1421,1056291,521.5,346.0,2,16374,2
1421,1056292,1624.3333740234375,441.6666564941406,2,16375,0
1421,1056293,605.5,479.5,1,16375,1
1421,1056294,315.5,481.5,2,16375,2
1421,1056295,1650.5,445.0,1,16375,3
1421,1056296,1093.0,477.5,1,16375,4
1421,1056297,495.5,478.0,1,16375,5
1421,1056298,315.5,481.5,2,16376,0
1421,1056299,510.0,466.25,2,16376,1
1421,1056300,1447.7286376953125,467.8857116699219,5,16376,2
1421,1056301,832.0,473.0,1,16376,3
1421,1056302,1039.0,472.5,2,16376,4
1421,1056303,476.0,448.5,1,16376,5
1421,1056304,1531.6666259765625,487.25,2,16377,0
1421,1056305,605.5,479.5,1,16377,1
1421,1056306,1093.0,477.5,2,16377,2
1421,1056307,1555.0,545.5,1,16377,3
1421,1056308,1409.5,549.0,1,16377,4
1421,1056309,538.0,348.5,3,16378,0
1421,1056310,526.0,393.0,3,16378,1
1421,1056311,1878.5,486.5,1,16379,0
1421,1056312,1886.75,463.25,2,16379,1
1421,1056313,1555.0,545.5,1,16379,2
1421,1056314,1409.5,549.0,1,16379,3
1421,1056315,1886.75,463.25,2,16380,0
1421,1056316,1093.0,477.5,1,16380,1
1421,1056317,1555.0,545.5,1,16380,2
1421,1056318,1878.5,486.5,1,16380,3
1421,1056319,119.5,485.5,1,16381,0
1421,1056320,530.0,451.5,1,16381,1
1421,1056321,1415.6666259765625,471.625,4,16381,2
1421,1056322,21.0,483.0,2,16381,3
1421,1056323,832.0,473.0,1,16381,4
1421,1056324,1039.0,472.5,2,16381,5
1421,1056325,484.75,424.5,2,16381,6
1421,1056326,1886.75,463.25,2,16382,0
1421,1056327,1093.0,477.5,1,16382,1
1421,1056328,1878.5,486.5,1,16382,2
1421,1056329,1415.6666259765625,471.625,4,16383,0
1421,1056330,605.5,479.5,1,16383,1
1421,1056331,1093.5,470.0,3,16383,2
1421,1056332,1093.0,477.5,1,16383,3
1421,1056333,492.75,479.5,2,16383,4
1421,1056334,315.5,481.5,2,16383,5
1421,1056335,119.5,485.5,1,16383,6
1421,1056336,1593.5416259765625,451.0,3,16384,0
1421,1056337,605.5,479.5,1,16384,1
1421,1056338,1650.5,445.0,1,16384,2
1421,1056339,1093.0,477.5,1,16384,3
1421,1056340,287.0,482.0,1,16384,4
1421,1056341,495.5,478.0,1,16384,5
1421,1056342,605.5,479.5,1,16385,0
1421,1056343,832.0,473.0,1,16385,1
1421,1056344,1039.0,472.5,2,16385,2
1421,1056345,1479.8333740234375,469.5793762207031,7,16385,3
1421,1056346,1650.5,445.0,1,16385,4
1421,1056347,530.0,451.5,1,16385,5
1421,1056348,26.5,484.5,1,16386,0
1421,1056349,15.5,481.5,1,16386,1
1421,1056350,119.5,485.5,1,16386,2
1421,1056351,860.75,474.0,2,16387,0
1421,1056352,984.5,475.0,1,16387,1
1421,1056353,536.3333129882812,442.8333435058594,2,16387,2
1421,1056354,505.5833435058594,469.4166564941406,3,16387,3
1421,1056355,315.5,481.5,2,16387,4
1421,1056356,119.5,485.5,1,16387,5
1421,1056357,1039.0,472.5,2,16388,0
1421,1056358,536.3333129882812,442.8333435058594,2,16388,1
1421,1056359,860.75,474.0,2,16388,2
1421,1056360,505.5833435058594,469.4166564941406,3,16388,3
1421,1056361,1093.0,477.5,1,16388,4
1421,1056362,315.5,481.5,2,16388,5
1421,1056363,119.5,485.5,1,16388,6
1421,1056364,487.25,424.3333435058594,3,16389,0
1421,1056365,832.0,473.0,1,16389,1
1421,1056366,984.5,475.0,1,16389,2
1421,1056367,513.8333129882812,462.0416564941406,3,16389,3
1421,1056368,315.5,481.5,2,16389,4
1421,1056369,119.5,485.5,1,16389,5
1421,1056370,495.8333435058594,398.1666564941406,2,16390,0
1421,1056371,1316.5,479.5,1,16390,1
1421,1056372,832.0,473.0,1,16390,2
1421,1056373,984.5,475.0,1,16390,3
1421,1056374,521.4583129882812,395.6666564941406,6,16390,4
1421,1056375,119.5,485.5,1,16390,5
1421,1056376,1459.6666259765625,475.9166564941406,4,16391,0
1421,1056377,1093.5,470.0,2,16391,1
1421,1056378,605.5,479.5,1,16391,2
1421,1056379,1093.0,477.5,2,16391,3
1421,1056380,492.75,479.5,2,16391,4
1421,1056381,315.5,481.5,2,16391,5
1421,1056382,119.5,485.5,1,16391,6
1421,1056383,521.4583129882812,395.6666564941406,5,16392,0
1421,1056384,538.0,348.5,3,16392,1
1421,1056385,493.5,400.5,1,16392,2
1421,1056386,1039.0,472.5,2,16393,0
1421,1056387,1346.9166259765625,468.4166564941406,2,16393,1
1421,1056388,1509.25,478.25,2,16393,2
1421,1056389,605.5,479.5,1,16393,3
1421,1056390,1093.0,477.5,2,16393,4
1421,1056391,492.75,479.5,2,16393,5
1421,1056392,315.5,481.5,2,16393,6
1421,1056393,119.5,485.5,1,16393,7
1421,1056394,538.0,348.5,3,16394,0
1421,1056395,521.4583129882812,395.6666564941406,5,16394,1
1421,1056396,493.5,400.5,1,16394,2
1421,1056397,1415.6666259765625,471.625,4,16395,0
1421,1056398,605.5,479.5,1,16395,1
1421,1056399,1093.5,470.0,3,16395,2
1421,1056400,1093.0,477.5,1,16395,3
1421,1056401,492.75,479.5,2,16395,4
1421,1056402,315.5,481.5,2,16395,5
1421,1056403,119.5,485.5,1,16395,6
1421,1056404,520.7000122070312,383.2749938964844,4,16396,0
1421,1056405,538.0,348.5,3,16396,1
1421,1056406,493.5,400.5,1,16396,2
1421,1056407,1650.5,445.0,1,16397,0
1421,1056408,1093.0,477.5,1,16397,1
1421,1056409,495.5,478.0,1,16397,2
1421,1056410,1624.3333740234375,441.6666564941406,2,16397,3
1421,1056411,605.5,479.5,1,16397,4
1421,1056412,1415.6666259765625,471.625,4,16398,0
1421,1056413,605.5,479.5,1,16398,1
1421,1056414,1093.0,477.5,3,16398,2
1421,1056415,492.75,479.5,2,16398,3
1421,1056416,315.5,481.5,2,16398,4
1421,1056417,119.5,485.5,1,16398,5
1421,1056418,520.7000122070312,383.2749938964844,4,16399,0
1421,1056419,538.0,348.5,3,16399,1
1421,1056420,493.5,400.5,1,16399,2
1421,1056421,1496.8333740234375,466.7916564941406,6,16400,0
1421,1056422,605.5,479.5,1,16400,1
1421,1056423,1093.5,470.0,1,16400,2
1421,1056424,1093.0,477.5,2,16400,3
1421,1056425,492.75,479.5,2,16400,4
1421,1056426,315.5,481.5,2,16400,5
1421,1056427,119.5,485.5,1,16400,6
1421,1056428,513.1875,415.7291564941406,7,16401,0
1421,1056429,512.375,386.625,4,16401,1
1421,1056430,1368.0833740234375,468.2916564941406,3,16402,0
1421,1056431,605.5,479.5,1,16402,1
1421,1056432,1093.5,470.0,2,16402,2
1421,1056433,1093.0,477.5,1,16402,3
1421,1056434,492.75,479.5,2,16402,4
1421,1056435,315.5,481.5,2,16402,5
1421,1056436,119.5,485.5,1,16402,6
1421,1056437,493.5,400.5,1,16402,7
1421,1056438,513.8333129882812,462.0416564941406,4,16403,0
1421,1056439,315.5,481.5,2,16403,1
1421,1056440,119.5,485.5,1,16403,2
1421,1056441,525.125,418.5,4,16403,3
1421,1056442,832.0,473.0,1,16403,4
1421,1056443,984.5,475.0,1,16403,5
1421,1056444,544.5,377.5,1,16403,6
1421,1056445,1093.0,477.5,3,16404,0
1421,1056446,1886.75,463.25,2,16404,1
1421,1056447,1650.5,445.0,1,16404,2
1421,1056448,1479.8333740234375,469.5793762207031,7,16404,3
1421,1056449,1039.0,472.5,2,16404,4
1421,1056450,513.8333129882812,462.0416564941406,3,16405,0
1421,1056451,315.5,481.5,2,16405,1
1421,1056452,1415.6666259765625,471.625,4,16405,2
1421,1056453,832.0,473.0,1,16405,3
1421,1056454,1039.0,472.5,2,16405,4
1421,1056455,481.5,448.25,2,16405,5
1431,1056263,15.5,481.5,1,16368,0
1431,1056264,119.5,485.5,1,16368,1
1431,1056265,26.5,484.5,1,16368,2
1431,1056266,315.5,481.5,2,16369,0
1431,1056267,510.0,466.25,2,16369,1
1431,1056268,1463.5208740234375,464.4375,6,16369,2
1431,1056269,832.0,473.0,1,16369,3
1431,1056270,1039.0,472.5,2,16369,4
1431,1056271,476.0,448.5,1,16369,5
1431,1056272,1593.5416259765625,451.0,3,16370,0
1431,1056273,1650.5,445.0,1,16370,1
1431,1056274,513.8333129882812,462.0416564941406,3,16371,0
1431,1056275,1650.5,445.0,1,16371,1
1431,1056276,1463.5208740234375,464.4375,6,16371,2
1431,1056277,832.0,473.0,1,16371,3
1431,1056278,1039.0,472.5,2,16371,4
1431,1056279,481.5,448.25,2,16371,5
1431,1056280,1555.0,545.5,1,16372,0
1431,1056281,1409.5,549.0,1,16372,1
1431,1056282,1880.5,465.5,1,16372,2
1431,1056283,1557.0,506.0,1,16372,3
1431,1056284,1878.5,486.5,1,16372,4
1431,1056285,1409.5,549.0,1,16373,0
1431,1056286,1555.0,545.5,1,16373,1
1431,1056287,1557.0,506.0,1,16373,2
1431,1056288,1878.5,486.5,1,16373,3
1431,1056289,520.7000122070312,383.2749938964844,4,16374,0
1431,1056290,493.5,400.5,1,16374,1
1431,1056291,521.5,346.0,2,16374,2
1431,1056292,1624.3333740234375,441.6666564941406,2,16375,0
1431,1056293,605.5,479.5,1,16375,1
1431,1056294,315.5,481.5,2,16375,2
1431,1056295,1650.5,445.0,1,16375,3
1431,1056296,1093.0,477.5,1,16375,4
1431,1056297,495.5,478.0,1,16375,5
1431,1056298,315.5,481.5,2,16376,0
1431,1056299,510.0,466.25,2,16376,1
1431,1056300,1447.7286376953125,467.8857116699219,5,16376,2
1431,1056301,832.0,473.0,1,16376,3
1431,1056302,1039.0,472.5,2,16376,4
1431,1056303,476.0,448.5,1,16376,5
1431,1056304,1531.6666259765625,487.25,2,16377,0
1431,1056305,605.5,479.5,1,16377,1
1431,1056306,1093.0,477.5,2,16377,2
1431,1056307,1555.0,545.5,1,16377,3
1431,1056308,1409.5,549.0,1,16377,4
1431,1056309,538.0,348.5,3,16378,0
1431,1056310,526.0,393.0,3,16378,1
1431,1056311,1878.5,486.5,1,16379,0
1431,1056312,1886.75,463.25,2,16379,1
1431,1056313,1555.0,545.5,1,16379,2
1431,1056314,1409.5,549.0,1,16379,3
1431,1056315,1886.75,463.25,2,16380,0
1431,1056316,1093.0,477.5,1,16380,1
1431,1056317,1555.0,545.5,1,16380,2
1431,1056318,1878.5,486.5,1,16380,3
1431,1056319,119.5,485.5,1,16381,0
1431,1056320,530.0,451.5,1,16381,1
1431,1056321,1415.6666259765625,471.625,4,16381,2
1431,1056322,21.0,483.0,2,16381,3
1431,1056323,832.0,473.0,1,16381,4
1431,1056324,1039.0,472.5,2,16381,5
1431,1056325,484.75,424.5,2,16381,6
1431,1056326,1886.75,463.25,2,16382,0
1431,1056327,1093.0,477.5,1,16382,1
1431,1056328,1878.5,486.5,1,16382,2
1431,1056329,1415.6666259765625,471.625,4,16383,0
1431,1056330,605.5,479.5,1,16383,1
1431,1056331,1093.5,470.0,3,16383,2
1431,1056332,1093.0,477.5,1,16383,3
1431,1056333,492.75,479.5,2,16383,4
1431,1056334,315.5,481.5,2,16383,5
1431,1056335,119.5,485.5,1,16383,6
1431,1056336,1593.5416259765625,451.0,3,16384,0
1431,1056337,605.5,479.5,1,16384,1
1431,1056338,1650.5,445.0,1,16384,2
1431,1056339,1093.0,477.5,1,16384,3
1431,1056340,287.0,482.0,1,16384,4
1431,1056341,495.5,478.0,1,16384,5
1431,1056342,605.5,479.5,1,16385,0
1431,1056343,832.0,473.0,1,16385,1
1431,1056344,1039.0,472.5,2,16385,2
1431,1056345,1479.8333740234375,469.5793762207031,7,16385,3
1431,1056346,1650.5,445.0,1,16385,4
1431,1056347,530.0,451.5,1,16385,5
1431,1056348,26.5,484.5,1,16386,0
1431,1056349,15.5,481.5,1,16386,1
1431,1056350,119.5,485.5,1,16386,2
1431,1056351,860.75,474.0,2,16387,0
1431,1056352,984.5,475.0,1,16387,1
1431,1056353,536.3333129882812,442.8333435058594,2,16387,2
1431,1056354,505.5833435058594,469.4166564941406,3,16387,3
1431,1056355,315.5,481.5,2,16387,4
1431,1056356,119.5,485.5,1,16387,5
1431,1056357,1039.0,472.5,2,16388,0
1431,1056358,536.3333129882812,442.8333435058594,2,16388,1
1431,1056359,860.75,474.0,2,16388,2
1431,1056360,505.5833435058594,469.4166564941406,3,16388,3
1431,1056361,1093.0,477.5,1,16388,4
1431,1056362,315.5,481.5,2,16388,5
1431,1056363,119.5,485.5,1,16388,6
1431,1056364,487.25,424.3333435058594,3,16389,0
1431,1056365,832.0,473.0,1,16389,1
1431,1056366,984.5,475.0,1,16389,2
1431,1056367,513.8333129882812,462.0416564941406,3,16389,3
1431,1056368,315.5,481.5,2,16389,4
1431,1056369,119.5,485.5,1,16389,5
1431,1056370,495.8333435058594,398.1666564941406,2,16390,0
1431,1056371,1316.5,479.5,1,16390,1
1431,1056372,832.0,473.0,1,16390,2
1431,1056373,984.5,475.0,1,16390,3
1431,1056374,521.4583129882812,395.6666564941406,6,16390,4
1431,1056375,119.5,485.5,1,16390,5
1431,1056376,1459.6666259765625,475.9166564941406,4,16391,0
1431,1056377,1093.5,470.0,2,16391,1
1431,1056378,605.5,479.5,1,16391,2
1431,1056379,1093.0,477.5,2,16391,3
1431,1056380,492.75,479.5,2,16391,4
1431,1056381,315.5,481.5,2,16391,5
1431,1056382,119.5,485.5,1,16391,6
1431,1056383,521.4583129882812,395.6666564941406,5,16392,0
1431,1056384,538.0,348.5,3,16392,1
1431,1056385,493.5,400.5,1,16392,2
1431,1056386,1039.0,472.5,2,16393,0
1431,1056387,1346.9166259765625,468.4166564941406,2,16393,1
1431,1056388,1509.25,478.25,2,16393,2
1431,1056389,605.5,479.5,1,16393,3
1431,1056390,1093.0,477.5,2,16393,4
1431,1056391,492.75,479.5,2,16393,5
1431,1056392,315.5,481.5,2,16393,6
1431,1056393,119.5,485.5,1,16393,7
1431,1056394,538.0,348.5,3,16394,0
1431,1056395,521.4583129882812,395.6666564941406,5,16394,1
1431,1056396,493.5,400.5,1,16394,2
1431,1056397,1415.6666259765625,471.625,4,16395,0
1431,1056398,605.5,479.5,1,16395,1
1431,1056399,1093.5,470.0,3,16395,2
1431,1056400,1093.0,477.5,1,16395,3
1431,1056401,492.75,479.5,2,16395,4
1431,1056402,315.5,481.5,2,16395,5
1431,1056403,119.5,485.5,1,16395,6
1431,1056404,520.7000122070312,383.2749938964844,4,16396,0
1431,1056405,538.0,348.5,3,16396,1
1431,1056406,493.5,400.5,1,16396,2
1431,1056407,1650.5,445.0,1,16397,0
1431,1056408,1093.0,477.5,1,16397,1
1431,1056409,495.5,478.0,1,16397,2
1431,1056410,1624.3333740234375,441.6666564941406,2,16397,3
1431,1056411,605.5,479.5,1,16397,4
1431,1056412,1415.6666259765625,471.625,4,16398,0
1431,1056413,605.5,479.5,1,16398,1
1431,1056414,1093.0,477.5,3,16398,2
1431,1056415,492.75,479.5,2,16398,3
1431,1056416,315.5,481.5,2,16398,4
1431,1056417,119.5,485.5,1,16398,5
1431,1056418,520.7000122070312,383.2749938964844,4,16399,0
1431,1056419,538.0,348.5,3,16399,1
1431,1056420,493.5,400.5,1,16399,2
1431,1056421,1496.8333740234375,466.7916564941406,6,16400,0
1431,1056422,605.5,479.5,1,16400,1
1431,1056423,1093.5,470.0,1,16400,2
1431,1056424,1093.0,477.5,2,16400,3
1431,1056425,492.75,479.5,2,16400,4
1431,1056426,315.5,481.5,2,16400,5
1431,1056427,119.5,485.5,1,16400,6
1431,1056428,513.1875,415.7291564941406,7,16401,0
1431,1056429,512.375,386.625,4,16401,1
1431,1056430,1368.0833740234375,468.2916564941406,3,16402,0
1431,1056431,605.5,479.5,1,16402,1
1431,1056432,1093.5,470.0,2,16402,2
1431,1056433,1093.0,477.5,1,16402,3
1431,1056434,492.75,479.5,2,16402,4
1431,1056435,315.5,481.5,2,16402,5
1431,1056436,119.5,485.5,1,16402,6
1431,1056437,493.5,400.5,1,16402,7
1431,1056438,513.8333129882812,462.0416564941406,4,16403,0
1431,1056439,315.5,481.5,2,16403,1
1431,1056440,119.5,485.5,1,16403,2
1431,1056441,525.125,418.5,4,16403,3
1431,1056442,832.0,473.0,1,16403,4
1431,1056443,984.5,475.0,1,16403,5
1431,1056444,544.5,377.5,1,16403,6
1431,1056445,1093.0,477.5,3,16404,0
1431,1056446,1886.75,463.25,2,16404,1
1431,1056447,1650.5,445.0,1,16404,2
1431,1056448,1479.8333740234375,469.5793762207031,7,16404,3
1431,1056449,1039.0,472.5,2,16404,4
1431,1056450,513.8333129882812,462.0416564941406,3,16405,0
1431,1056451,315.5,481.5,2,16405,1
1431,1056452,1415.6666259765625,471.625,4,16405,2
1431,1056453,832.0,473.0,1,16405,3
1431,1056454,1039.0,472.5,2,16405,4
1431,1056455,481.5,448.25,2,16405,5
1441,1056263,15.5,481.5,1,16368,0
1441,1056264,119.5,485.5,1,16368,1
1441,1056265,26.5,484.5,1,16368,2
1441,1056266,315.5,481.5,2,16369,0
1441,1056267,510.0,466.25,2,16369,1
1441,1056268,1463.5208740234375,464.4375,6,16369,2
1441,1056269,832.0,473.0,1,16369,3
1441,1056270,1039.0,472.5,2,16369,4
1441,1056271,476.0,448.5,1,16369,5
1441,1056272,1593.5416259765625,451.0,3,16370,0
1441,1056273,1650.5,445.0,1,16370,1
1441,1056274,513.8333129882812,462.0416564941406,3,16371,0
1441,1056275,1650.5,445.0,1,16371,1
1441,1056276,1463.5208740234375,464.4375,6,16371,2
1441,1056277,832.0,473.0,1,16371,3
1441,1056278,1039.0,472.5,2,16371,4
1441,1056279,481.5,448.25,2,16371,5
1441,1056280,1555.0,545.5,1,16372,0
1441,1056281,1409.5,549.0,1,16372,1
1441,1056282,1880.5,465.5,1,16372,2
1441,1056283,1557.0,506.0,1,16372,3
1441,1056284,1878.5,486.5,1,16372,4
1441,1056285,1409.5,549.0,1,16373,0
1441,1056286,1555.0,545.5,1,16373,1
1441,1056287,1557.0,506.0,1,16373,2
1441,1056288,1878.5,486.5,1,16373,3
1441,1056289,520.7000122070312,383.2749938964844,4,16374,0
1441,1056290,493.5,400.5,1,16374,1
1441,1056291,521.5,346.0,2,16374,2
1441,1056292,1624.3333740234375,441.6666564941406,2,16375,0
1441,1056293,605.5,479.5,1,16375,1
1441,1056294,315.5,481.5,2,16375,2
1441,1056295,1650.5,445.0,1,16375,3
1441,1056296,1093.0,477.5,1,16375,4
1441,1056297,495.5,478.0,1,16375,5
1441,1056298,315.5,481.5,2,16376,0
1441,1056299,510.0,466.25,2,16376,1
1441,1056300,1447.7286376953125,467.8857116699219,5,16376,2
1441,1056301,832.0,473.0,1,16376,3
1441,1056302,1039.0,472.5,2,16376,4
1441,1056303,476.0,448.5,1,16376,5
1441,1056304,1531.6666259765625,487.25,2,16377,0
1441,1056305,605.5,479.5,1,16377,1
1441,1056306,1093.0,477.5,2,16377,2
1441,1056307,1555.0,545.5,1,16377,3
1441,1056308,1409.5,549.0,1,16377,4
1441,1056309,538.0,348.5,3,16378,0
1441,1056310,526.0,393.0,3,16378,1
1441,1056311,1878.5,486.5,1,16379,0
1441,1056312,1886.75,463.25,2,16379,1
1441,1056313,1555.0,545.5,1,16379,2
1441,1056314,1409.5,549.0,1,16379,3
1441,1056315,1886.75,463.25,2,16380,0
1441,1056316,1093.0,477.5,1,16380,1
1441,1056317,1555.0,545.5,1,16380,2
1441,1056318,1878.5,486.5,1,16380,3
1441,1056319,119.5,485.5,1,16381,0
1441,1056320,530.0,451.5,1,16381,1
1441,1056321,1415.6666259765625,471.625,4,16381,2
1441,1056322,21.0,483.0,2,16381,3
1441,1056323,832.0,473.0,1,16381,4
1441,1056324,1039.0,472.5,2,16381,5
1441,1056325,484.75,424.5,2,16381,6
1441,1056326,1886.75,463.25,2,16382,0
1441,1056327,1093.0,477.5,1,16382,1
1441,1056328,1878.5,486.5,1,16382,2
1441,1056329,1415.6666259765625,471.625,4,16383,0
1441,1056330,605.5,479.5,1,16383,1
1441,1056331,1093.5,470.0,3,16383,2
1441,1056332,1093.0,477.5,1,16383,3
1441,1056333,492.75,479.5,2,16383,4
1441,1056334,315.5,481.5,2,16383,5
1441,1056335,119.5,485.5,1,16383,6
1441,1056336,1593.5416259765625,451.0,3,16384,0
1441,1056337,605.5,479.5,1,16384,1
1441,1056338,1650.5,445.0,1,16384,2
1441,1056339,1093.0,477.5,1,16384,3
1441,1056340,287.0,482.0,1,16384,4
1441,1056341,495.5,478.0,1,16384,5
1441,1056342,605.5,479.5,1,16385,0
1441,1056343,832.0,473.0,1,16385,1
1441,1056344,1039.0,472.5,2,16385,2
1441,1056345,1479.8333740234375,469.5793762207031,7,16385,3
1441,1056346,1650.5,445.0,1,16385,4
1441,1056347,530.0,451.5,1,16385,5
1441,1056348,26.5,484.5,1,16386,0
1441,1056349,15.5,481.5,1,16386,1
1441,1056350,119.5,485.5,1,16386,2
1441,1056351,860.75,474.0,2,16387,0
1441,1056352,984.5,475.0,1,16387,1
1441,1056353,536.3333129882812,442.8333435058594,2,16387,2
1441,1056354,505.5833435058594,469.4166564941406,3,16387,3
1441,1056355,315.5,481.5,2,16387,4
1441,1056356,119.5,485.5,1,16387,5
1441,1056357,1039.0,472.5,2,16388,0
1441,1056358,536.3333129882812,442.8333435058594,2,16388,1
1441,1056359,860.75,474.0,2,16388,2
1441,1056360,505.5833435058594,469.4166564941406,3,16388,3
1441,1056361,1093.0,477.5,1,16388,4
1441,1056362,315.5,481.5,2,16388,5
1441,1056363,119.5,485.5,1,16388,6
1441,1056364,487.25,424.3333435058594,3,16389,0
1441,1056365,832.0,473.0,1,16389,1
1441,1056366,984.5,475.0,1,16389,2
1441,1056367,513.8333129882812,462.0416564941406,3,16389,3
1441,1056368,315.5,481.5,2,16389,4
1441,1056369,119.5,485.5,1,16389,5
1441,1056370,495.8333435058594,398.1666564941406,2,16390,0
1441,1056371,1316.5,479.5,1,16390,1
1441,1056372,832.0,473.0,1,16390,2
1441,1056373,984.5,475.0,1,16390,3
1441,1056374,521.4583129882812,395.6666564941406,6,16390,4
1441,1056375,119.5,485.5,1,16390,5
1441,1056376,1459.6666259765625,475.9166564941406,4,16391,0
1441,1056377,1093.5,470.0,2,16391,1
1441,1056378,605.5,479.5,1,16391,2
1441,1056379,1093.0,477.5,2,16391,3
1441,1056380,492.75,479.5,2,16391,4
1441,1056381,315.5,481.5,2,16391,5
1441,1056382,119.5,485.5,1,16391,6
1441,1056383,521.4583129882812,395.6666564941406,5,16392,0
1441,1056384,538.0,348.5,3,16392,1
1441,1056385,493.5,400.5,1,16392,2
1441,1056386,1039.0,472.5,2,16393,0
1441,1056387,1346.9166259765625,468.4166564941406,2,16393,1
1441,1056388,1509.25,478.25,2,16393,2
1441,1056389,605.5,479.5,1,16393,3
1441,1056390,1093.0,477.5,2,16393,4
1441,1056391,492.75,479.5,2,16393,5
1441,1056392,315.5,481.5,2,16393,6
1441,1056393,119.5,485.5,1,16393,7
1441,1056394,538.0,348.5,3,16394,0
1441,1056395,521.4583129882812,395.6666564941406,5,16394,1
1441,1056396,493.5,400.5,1,16394,2
1441,1056397,1415.6666259765625,471.625,4,16395,0
1441,1056398,605.5,479.5,1,16395,1
1441,1056399,1093.5,470.0,3,16395,2
1441,1056400,1093.0,477.5,1,16395,3
1441,1056401,492.75,479.5,2,16395,4
1441,1056402,315.5,481.5,2,16395,5
1441,1056403,119.5,485.5,1,16395,6
1441,1056404,520.7000122070312,383.2749938964844,4,16396,0
1441,1056405,538.0,348.5,3,16396,1
1441,1056406,493.5,400.5,1,16396,2
1441,1056407,1650.5,445.0,1,16397,0
1441,1056408,1093.0,477.5,1,16397,1
1441,1056409,495.5,478.0,1,16397,2
1441,1056410,1624.3333740234375,441.6666564941406,2,16397,3
1441,1056411,605.5,479.5,1,16397,4
1441,1056412,1415.6666259765625,471.625,4,16398,0
1441,1056413,605.5,479.5,1,16398,1
1441,1056414,1093.0,477.5,3,16398,2
1441,1056415,492.75,479.5,2,16398,3
1441,1056416,315.5,481.5,2,16398,4
1441,1056417,119.5,485.5,1,16398,5
1441,1056418,520.7000122070312,383.2749938964844,4,16399,0
1441,1056419,538.0,348.5,3,16399,1
1441,1056420,493.5,400.5,1,16399,2
1441,1056421,1496.8333740234375,466.7916564941406,6,16400,0
1441,1056422,605.5,479.5,1,16400,1
1441,1056423,1093.5,470.0,1,16400,2
1441,1056424,1093.0,477.5,2,16400,3
1441,1056425,492.75,479.5,2,16400,4
1441,1056426,315.5,481.5,2,16400,5
1441,1056427,119.5,485.5,1,16400,6
1441,1056428,513.1875,415.7291564941406,7,16401,0
1441,1056429,512.375,386.625,4,16401,1
1441,1056430,1368.0833740234375,468.2916564941406,3,16402,0
1441,1056431,605.5,479.5,1,16402,1
1441,1056432,1093.5,470.0,2,16402,2
1441,1056433,1093.0,477.5,1,16402,3
1441,1056434,492.75,479.5,2,16402,4
1441,1056435,315.5,481.5,2,16402,5
1441,1056436,119.5,485.5,1,16402,6
1441,1056437,493.5,400.5,1,16402,7
1441,1056438,513.8333129882812,462.0416564941406,4,16403,0
1441,1056439,315.5,481.5,2,16403,1
1441,1056440,119.5,485.5,1,16403,2
1441,1056441,525.125,418.5,4,16403,3
1441,1056442,832.0,473.0,1,16403,4
1441,1056443,984.5,475.0,1,16403,5
1441,1056444,544.5,377.5,1,16403,6
1441,1056445,1093.0,477.5,3,16404,0
1441,1056446,1886.75,463.25,2,16404,1
1441,1056447,1650.5,445.0,1,16404,2
1441,1056448,1479.8333740234375,469.5793762207031,7,16404,3
1441,1056449,1039.0,472.5,2,16404,4
1441,1056450,513.8333129882812,462.0416564941406,3,16405,0
1441,1056451,315.5,481.5,2,16405,1
1441,1056452,1415.6666259765625,471.625,4,16405,2
1441,1056453,832.0,473.0,1,16405,3
1441,1056454,1039.0,472.5,2,16405,4
1441,1056455,481.5,448.25,2,16405,5
1451,1056263,15.5,481.5,1,16368,0
1451,1056264,119.5,485.5,1,16368,1
1451,1056265,26.5,484.5,1,16368,2
1451,1056266,315.5,481.5,2,16369,0
1451,1056267,510.0,466.25,2,16369,1
1451,1056268,1463.5208740234375,464.4375,6,16369,2
1451,1056269,832.0,473.0,1,16369,3
1451,1056270,1039.0,472.5,2,16369,4
1451,1056271,476.0,448.5,1,16369,5
1451,1056272,1593.5416259765625,451.0,3,16370,0
1451,1056273,1650.5,445.0,1,16370,1
1451,1056274,513.8333129882812,462.0416564941406,3,16371,0
1451,1056275,1650.5,445.0,1,16371,1
1451,1056276,1463.5208740234375,464.4375,6,16371,2
1451,1056277,832.0,473.0,1,16371,3
1451,1056278,1039.0,472.5,2,16371,4
1451,1056279,481.5,448.25,2,16371,5
1451,1056280,1555.0,545.5,1,16372,0
1451,1056281,1409.5,549.0,1,16372,1
1451,1056282,1880.5,465.5,1,16372,2
1451,1056283,1557.0,506.0,1,16372,3
1451,1056284,1878.5,486.5,1,16372,4
1451,1056285,1409.5,549.0,1,16373,0
1451,1056286,1555.0,545.5,1,16373,1
1451,1056287,1557.0,506.0,1,16373,2
1451,1056288,1878.5,486.5,1,16373,3
1451,1056289,520.7000122070312,383.2749938964844,4,16374,0
1451,1056290,493.5,400.5,1,16374,1
1451,1056291,521.5,346.0,2,16374,2
1451,1056292,1624.3333740234375,441.6666564941406,2,16375,0
1451,1056293,605.5,479.5,1,16375,1
1451,1056294,315.5,481.5,2,16375,2
1451,1056295,1650.5,445.0,1,16375,3
1451,1056296,1093.0,477.5,1,16375,4
1451,1056297,495.5,478.0,1,16375,5
1451,1056298,315.5,481.5,2,16376,0
1451,1056299,510.0,466.25,2,16376,1
1451,1056300,1447.7286376953125,467.8857116699219,5,16376,2
1451,1056301,832.0,473.0,1,16376,3
1451,1056302,1039.0,472.5,2,16376,4
1451,1056303,476.0,448.5,1,16376,5
1451,1056304,1531.6666259765625,487.25,2,16377,0
1451,1056305,605.5,479.5,1,16377,1
1451,1056306,1093.0,477.5,2,16377,2
1451,1056307,1555.0,545.5,1,16377,3
1451,1056308,1409.5,549.0,1,16377,4
1451,1056309,538.0,348.5,3,16378,0
1451,1056310,526.0,393.0,3,16378,1
1451,1056311,1878.5,486.5,1,16379,0
1451,1056312,1886.75,463.25,2,16379,1
1451,1056313,1555.0,545.5,1,16379,2
1451,1056314,1409.5,549.0,1,16379,3
1451,1056315,1886.75,463.25,2,16380,0
1451,1056316,1093.0,477.5,1,16380,1
1451,1056317,1555.0,545.5,1,16380,2
1451,1056318,1878.5,486.5,1,16380,3
1451,1056319,119.5,485.5,1,16381,0
1451,1056320,530.0,451.5,1,16381,1
1451,1056321,1415.6666259765625,471.625,4,16381,2
1451,1056322,21.0,483.0,2,16381,3
1451,1056323,832.0,473.0,1,16381,4
1451,1056324,1039.0,472.5,2,16381,5
1451,1056325,484.75,424.5,2,16381,6
1451,1056326,1886.75,463.25,2,16382,0
1451,1056327,1093.0,477.5,1,16382,1
1451,1056328,1878.5,486.5,1,16382,2
1451,1056329,1415.6666259765625,471.625,4,16383,0
1451,1056330,605.5,479.5,1,16383,1
1451,1056331,1093.5,470.0,3,16383,2
1451,1056332,1093.0,477.5,1,16383,3
1451,1056333,492.75,479.5,2,16383,4
1451,1056334,315.5,481.5,2,16383,5
1451,1056335,119.5,485.5,1,16383,6
1451,1056336,1593.5416259765625,451.0,3,16384,0
1451,1056337,605.5,479.5,1,16384,1
1451,1056338,1650.5,445.0,1,16384,2
1451,1056339,1093.0,477.5,2,16384,3
1451,1056340,287.0,482.0,1,16384,4
1451,1056341,495.5,478.0,1,16384,5
1451,1056342,605.5,479.5,2,16385,0
1451,1056343,832.0,473.0,1,16385,1
1451,1056344,1039.0,472.5,2,16385,2
1451,1056345,1479.8333740234375,469.5793762207031,7,16385,3
1451,1056346,1650.5,445.0,1,16385,4
1451,1056347,530.0,451.5,1,16385,5
1451,1056348,26.5,484.5,1,16386,0
1451,1056349,15.5,481.5,1,16386,1
1451,1056350,119.5,485.5,1,16386,2
1451,1056351,860.75,474.0,2,16387,0
1451,1056352,984.5,475.0,1,16387,1
1451,1056353,536.3333129882812,442.8333435058594,2,16387,2
1451,1056354,505.5833435058594,469.4166564941406,3,16387,3
1451,1056355,315.5,481.5,2,16387,4
1451,1056356,119.5,485.5,1,16387,5
1451,1056357,1039.0,472.5,2,16388,0
1451,1056358,536.3333129882812,442.8333435058594,2,16388,1
1451,1056359,860.75,474.0,2,16388,2
1451,1056360,505.5833435058594,469.4166564941406,3,16388,3
1451,1056361,1093.0,477.5,1,16388,4
1451,1056362,315.5,481.5,2,16388,5
1451,1056363,119.5,485.5,1,16388,6
1451,1056364,487.25,424.3333435058594,3,16389,0
1451,1056365,832.0,473.0,1,16389,1
1451,1056366,984.5,475.0,1,16389,2
1451,1056367,513.8333129882812,462.0416564941406,3,16389,3
1451,1056368,315.5,481.5,2,16389,4
1451,1056369,119.5,485.5,1,16389,5
1451,1056370,495.8333435058594,398.1666564941406,2,16390,0
1451,1056371,1316.5,479.5,1,16390,1
1451,1056372,832.0,473.0,1,16390,2
1451,1056373,984.5,475.0,1,16390,3
1451,1056374,521.4583129882812,395.6666564941406,6,16390,4
1451,1056375,119.5,485.5,1,16390,5
1451,1056376,1459.6666259765625,475.9166564941406,4,16391,0
1451,1056377,1093.5,470.0,2,16391,1
1451,1056378,605.5,479.5,1,16391,2
1451,1056379,1093.0,477.5,2,16391,3
1451,1056380,492.75,479.5,2,16391,4
1451,1056381,315.5,481.5,2,16391,5
1451,1056382,119.5,485.5,1,16391,6
1451,1056383,521.4583129882812,395.6666564941406,5,16392,0
1451,1056384,538.0,348.5,3,16392,1
1451,1056385,493.5,400.5,1,16392,2
1451,1056386,1039.0,472.5,2,16393,0
1451,1056387,1346.9166259765625,468.4166564941406,2,16393,1
1451,1056388,1509.25,478.25,2,16393,2
1451,1056389,605.5,479.5,1,16393,3
1451,1056390,1093.0,477.5,2,16393,4
1451,1056391,492.75,479.5,2,16393,5
1451,1056392,315.5,481.5,2,16393,6
1451,1056393,119.5,485.5,1,16393,7
1451,1056394,538.0,348.5,3,16394,0
1451,1056395,521.4583129882812,395.6666564941406,5,16394,1
1451,1056396,493.5,400.5,1,16394,2
1451,1056397,1415.6666259765625,471.625,4,16395,0
1451,1056398,605.5,479.5,1,16395,1
1451,1056399,1093.5,470.0,3,16395,2
1451,1056400,1093.0,477.5,1,16395,3
1451,1056401,492.75,479.5,2,16395,4
1451,1056402,315.5,481.5,2,16395,5
1451,1056403,119.5,485.5,1,16395,6
1451,1056404,520.7000122070312,383.2749938964844,4,16396,0
1451,1056405,538.0,348.5,3,16396,1
1451,1056406,493.5,400.5,1,16396,2
1451,1056407,1650.5,445.0,1,16397,0
1451,1056408,1093.0,477.5,1,16397,1
1451,1056409,495.5,478.0,1,16397,2
1451,1056410,1624.3333740234375,441.6666564941406,2,16397,3
1451,1056411,605.5,479.5,1,16397,4
1451,1056412,1415.6666259765625,471.625,4,16398,0
1451,1056413,605.5,479.5,1,16398,1
1451,1056414,1093.0,477.5,3,16398,2
1451,1056415,492.75,479.5,2,16398,3
1451,1056416,315.5,481.5,2,16398,4
1451,1056417,119.5,485.5,1,16398,5
1451,1056418,520.7000122070312,383.2749938964844,4,16399,0
1451,1056419,538.0,348.5,3,16399,1
1451,1056420,493.5,400.5,1,16399,2
1451,1056421,1496.8333740234375,466.7916564941406,6,16400,0
1451,1056422,605.5,479.5,1,16400,1
1451,1056423,1093.5,470.0,1,16400,2
1451,1056424,1093.0,477.5,2,16400,3
1451,1056425,492.75,479.5,2,16400,4
1451,1056426,315.5,481.5,2,16400,5
1451,1056427,119.5,485.5,1,16400,6
1451,1056428,513.1875,415.7291564941406,7,16401,0
1451,1056429,512.375,386.625,4,16401,1
1451,1056430,1368.0833740234375,468.2916564941406,3,16402,0
1451,1056431,605.5,479.5,1,16402,1
1451,1056432,1093.5,470.0,2,16402,2
1451,1056433,1093.0,477.5,1,16402,3
1451,1056434,492.75,479.5,2,16402,4
1451,1056435,315.5,481.5,2,16402,5
1451,1056436,119.5,485.5,1,16402,6
1451,1056437,493.5,400.5,1,16402,7
1451,1056438,513.8333129882812,462.0416564941406,4,16403,0
1451,1056439,315.5,481.5,2,16403,1
1451,1056440,119.5,485.5,1,16403,2
1451,1056441,525.125,418.5,4,16403,3
1451,1056442,832.0,473.0,1,16403,4
1451,1056443,984.5,475.0,1,16403,5
1451,1056444,544.5,377.5,1,16403,6
1451,1056445,1093.0,477.5,3,16404,0
1451,1056446,1886.75,463.25,2,16404,1
1451,1056447,1650.5,445.0,1,16404,2
1451,1056448,1479.8333740234375,469.5793762207031,7,16404,3
1451,1056449,1039.0,472.5,2,16404,4
1451,1056450,513.8333129882812,462.0416564941406,3,16405,0
1451,1056451,315.5,481.5,2,16405,1
1451,1056452,1415.6666259765625,471.625,4,16405,2
1451,1056453,832.0,473.0,1,16405,3
1451,1056454,1039.0,472.5,2,16405,4
1451,1056455,481.5,448.25,2,16405,5
1461,1056263,16.5,482.5,1,16368,0
1461,1056264,165.5,486.5,1,16368,1
1461,1056265,26.5,483.0,1,16368,2
1461,1056266,365.0,482.0,2,16369,0
1461,1056267,499.1666564941406,466.9166564941406,3,16369,1
1461,1056268,1426.2708740234375,464.1875,4,16369,2
1461,1056269,771.5,477.0,1,16369,3
1461,1056270,978.0,470.5,2,16369,4
1461,1056271,455.5,450.5,1,16369,5
1461,1056272,1552.7916259765625,450.0,2,16370,0
1461,1056273,1626.0,447.0,1,16370,1
1461,1056274,509.9999694824219,462.70831298828125,3,16371,0
1461,1056275,1626.0,447.0,1,16371,1
1461,1056276,1426.2708740234375,464.1875,4,16371,2
1461,1056277,771.5,477.0,1,16371,3
1461,1056278,1008.8333129882812,471.8333435058594,3,16371,4
1461,1056279,471.0,449.5,2,16371,5
1461,1056280,1560.0,544.0,1,16372,0
1461,1056281,1416.0,544.5,1,16372,1
1461,1056282,1862.0,464.5,1,16372,2
1461,1056283,1556.5,508.0,1,16372,3
1461,1056284,1852.5,484.0,1,16372,4
1461,1056285,1416.0,544.5,1,16373,0
1461,1056286,1560.0,544.0,1,16373,1
1461,1056287,1556.5,508.0,1,16373,2
1461,1056288,1852.5,484.0,1,16373,3
1461,1056289,518.36669921875,383.941650390625,3,16374,0
1461,1056290,483.0,400.5,1,16374,1
1461,1056291,527.0,345.0,2,16374,2
1461,1056292,1599.8333740234375,441.4166564941406,2,16375,0
1461,1056293,674.0,484.0,1,16375,1
1461,1056294,365.0,482.0,2,16375,2
1461,1056295,1626.0,447.0,1,16375,3
1461,1056296,1094.75,478.0,2,16375,4
1461,1056297,555.5,478.5,1,16375,5
1461,1056298,365.0,482.0,2,16376,0
1461,1056299,499.1666564941406,466.9166564941406,3,16376,1
1461,1056300,1411.8536376953125,468.1357116699219,4,16376,2
1461,1056301,771.5,477.0,1,16376,3
1461,1056302,978.0,470.5,2,16376,4
1461,1056303,455.5,450.5,1,16376,5
1461,1056304,1499.6666259765625,488.0,2,16377,0
1461,1056305,674.0,484.0,1,16377,1
1461,1056306,1114.5,477.5,2,16377,2
1461,1056307,1560.0,544.0,1,16377,3
1461,1056308,1416.0,544.5,1,16377,4
1461,1056309,541.6666870117188,347.8333435058594,3,16378,0
1461,1056310,524.75,393.5,2,16378,1
1461,1056311,1852.5,484.0,1,16379,0
1461,1056312,1869.5,462.75,2,16379,1
1461,1056313,1560.0,544.0,1,16379,2
1461,1056314,1416.0,544.5,1,16379,3
1461,1056315,1869.5,462.75,2,16380,0
1461,1056316,1133.0,479.5,1,16380,1
1461,1056317,1560.0,544.0,1,16380,2
1461,1056318,1852.5,484.0,1,16380,3
1461,1056319,165.5,486.5,1,16381,0
1461,1056320,498.0,451.5,2,16381,1
1461,1056321,1380.5,471.2916564941406,3,16381,2
1461,1056322,21.5,482.75,2,16381,3
1461,1056323,771.5,477.0,1,16381,4
1461,1056324,978.0,470.5,2,16381,5
1461,1056325,469.25,425.5,2,16381,6
1461,1056326,1869.5,462.75,2,16382,0
1461,1056327,1133.0,479.5,1,16382,1
1461,1056328,1852.5,484.0,1,16382,2
1461,1056329,1380.5,471.2916564941406,3,16383,0
1461,1056330,614.0,481.75,2,16383,1
1461,1056331,1033.5,469.75,2,16383,2
1461,1056332,1133.0,479.5,1,16383,3
1461,1056333,538.5,480.75,2,16383,4
1461,1056334,365.0,482.0,2,16383,5
1461,1056335,165.5,486.5,1,16383,6
1461,1056336,1552.7916259765625,450.0,2,16384,0
1461,1056337,674.0,484.0,1,16384,1
1461,1056338,1626.0,447.0,1,16384,2
1461,1056339,1083.8333740234375,478.1666564941406,3,16384,3
1461,1056340,343.5,483.0,1,16384,4
1461,1056341,555.5,478.5,1,16384,5
1461,1056342,611.5,481.75,2,16385,0
1461,1056343,803.25,474.0,2,16385,1
1461,1056344,978.0,470.5,2,16385,2
1461,1056345,1438.0333251953125,469.8793640136719,5,16385,3
1461,1056346,1626.0,447.0,1,16385,4
1461,1056347,529.5,452.0,1,16385,5
1461,1056348,26.5,483.0,1,16386,0
1461,1056349,16.5,482.5,1,16386,1
1461,1056350,165.5,486.5,1,16386,2
1461,1056351,846.25,477.0,2,16387,0
1461,1056352,914.0,471.0,1,16387,1
1461,1056353,565.3333129882812,445.0833435058594,2,16387,2
1461,1056354,535.3333740234375,469.9166564941406,2,16387,3
1461,1056355,365.0,482.0,2,16387,4
1461,1056356,132.25,487.0,2,16387,5
1461,1056357,978.0,470.5,2,16388,0
1461,1056358,565.3333129882812,445.0833435058594,2,16388,1
1461,1056359,846.25,477.0,2,16388,2
1461,1056360,535.3333740234375,469.9166564941406,2,16388,3
1461,1056361,1133.0,479.5,1,16388,4
1461,1056362,365.0,482.0,2,16388,5
1461,1056363,132.25,487.0,2,16388,6
1461,1056364,476.75,425.5833435058594,2,16389,0
1461,1056365,771.5,477.0,1,16389,1
1461,1056366,965.0,474.0,2,16389,2
1461,1056367,527.6666259765625,462.875,3,16389,3
1461,1056368,365.0,482.0,2,16389,4
1461,1056369,165.5,486.5,1,16389,5
1461,1056370,483.5833435058594,397.6666564941406,2,16390,0
1461,1056371,1250.5,479.5,1,16390,1
1461,1056372,771.5,477.0,1,16390,2
1461,1056373,914.0,471.0,1,16390,3
1461,1056374,525.3333129882812,396.0416564941406,4,16390,4
1461,1056375,165.5,486.5,1,16390,5
1461,1056376,1424.1666259765625,476.75,3,16391,0
1461,1056377,1039.5,470.0,2,16391,1
1461,1056378,674.0,484.0,1,16391,2
1461,1056379,1114.5,477.5,2,16391,3
1461,1056380,538.5,480.75,2,16391,4
1461,1056381,365.0,482.0,2,16391,5
1461,1056382,165.5,486.5,1,16391,6
1461,1056383,525.3333129882812,396.0416564941406,4,16392,0
1461,1056384,536.0,347.0,2,16392,1
1461,1056385,483.0,400.5,1,16392,2
1461,1056386,978.0,470.5,2,16393,0
1461,1056387,1285.6666259765625,468.4166564941406,2,16393,1
1461,1056388,1479.0,477.0,2,16393,2
1461,1056389,674.0,484.0,1,16393,3
1461,1056390,1088.25,479.5,2,16393,4
1461,1056391,538.5,480.75,2,16393,5
1461,1056392,365.0,482.0,2,16393,6
1461,1056393,165.5,486.5,1,16393,7
1461,1056394,536.0,347.0,2,16394,0
1461,1056395,525.3333129882812,396.0416564941406,4,16394,1
1461,1056396,483.0,400.5,1,16394,2
1461,1056397,1380.5,471.2916564941406,3,16395,0
1461,1056398,614.0,481.75,2,16395,1
1461,1056399,1033.5,469.75,2,16395,2
1461,1056400,1133.0,479.5,1,16395,3
1461,1056401,538.5,480.75,2,16395,4
1461,1056402,365.0,482.0,2,16395,5
1461,1056403,165.5,486.5,1,16395,6
1461,1056404,516.86669921875,384.2749938964844,3,16396,0
1461,1056405,537.0,347.5,3,16396,1
1461,1056406,495.75,401.0,2,16396,2
1461,1056407,1626.0,447.0,1,16397,0
1461,1056408,1094.75,478.0,2,16397,1
1461,1056409,555.5,478.5,1,16397,2
1461,1056410,1599.8333740234375,441.4166564941406,2,16397,3
1461,1056411,674.0,484.0,1,16397,4
1461,1056412,1380.5,471.2916564941406,3,16398,0
1461,1056413,611.5,481.75,2,16398,1
1461,1056414,1081.25,478.25,2,16398,2
1461,1056415,538.5,480.75,2,16398,3
1461,1056416,365.0,482.0,2,16398,4
1461,1056417,165.5,486.5,1,16398,5
1461,1056418,518.36669921875,383.941650390625,3,16399,0
1461,1056419,536.0,347.0,2,16399,1
1461,1056420,495.75,401.0,2,16399,2
1461,1056421,1462.2083740234375,466.7916564941406,4,16400,0
1461,1056422,674.0,484.0,1,16400,1
1461,1056423,1049.5,469.5,2,16400,2
1461,1056424,1114.5,477.5,2,16400,3
1461,1056425,538.5,480.75,2,16400,4
1461,1056426,365.0,482.0,2,16400,5
1461,1056427,165.5,486.5,1,16400,6
1461,1056428,521.3541870117188,415.9791564941406,6,16401,0
1461,1056429,508.375,387.125,5,16401,1
1461,1056430,1310.3333740234375,469.2916564941406,2,16402,0
1461,1056431,674.0,484.0,1,16402,1
1461,1056432,1039.5,470.0,2,16402,2
1461,1056433,1133.0,479.5,1,16402,3
1461,1056434,538.5,480.75,2,16402,4
1461,1056435,365.0,482.0,2,16402,5
1461,1056436,165.5,486.5,1,16402,6
1461,1056437,483.0,400.5,1,16402,7
1461,1056438,533.7083129882812,462.4166564941406,4,16403,0
1461,1056439,345.0,481.8333435058594,3,16403,1
1461,1056440,165.5,486.5,1,16403,2
1461,1056441,540.9583129882812,420.8333435058594,3,16403,3
1461,1056442,771.5,477.0,1,16403,4
1461,1056443,914.0,471.0,1,16403,5
1461,1056444,545.5,377.5,1,16403,6
1461,1056445,1097.0,477.8333435058594,3,16404,0
1461,1056446,1869.5,462.75,2,16404,1
1461,1056447,1626.0,447.0,1,16404,2
1461,1056448,1438.0333251953125,469.8793640136719,5,16404,3
1461,1056449,978.0,470.5,2,16404,4
1461,1056450,518.8333129882812,463.0416564941406,4,16405,0
1461,1056451,365.0,482.0,2,16405,1
1461,1056452,1380.5,471.2916564941406,3,16405,2
1461,1056453,771.5,477.0,1,16405,3
1461,1056454,978.0,470.5,2,16405,4
1461,1056455,471.0,449.5,2,16405,5
1481,1056456,1404.0,424.5,1,16406,0
1481,1056457,1689.0,444.0,1,16406,1
1481,1056458,1671.0,444.0,1,16406,2
1481,1056459,495.75,471.25,2,16407,0
1481,1056460,188.0,485.0,1,16407,1
1481,1056461,1098.0,470.0,2,16407,2
1481,1056462,1311.0,473.5,1,16407,3
1481,1056463,462.0,449.5,1,16407,4
1481,1056464,775.5,477.5,1,16407,5
1481,1056465,1909.0,469.25,2,16408,0
1481,1056466,1656.5,518.0,1,16408,1
1481,1056467,1162.5,475.5,1,16408,2
1481,1056468,1779.0,450.5,1,16408,3
1481,1056469,500.0,344.0,1,16409,0
1481,1056470,506.5,399.0,1,16409,1
1481,1056471,1671.0,444.0,1,16410,0
1481,1056472,1162.5,475.5,1,16410,1
1481,1056473,1734.0,447.25,2,16410,2
1481,1056474,1404.0,424.5,1,16410,3
1481,1056475,1098.0,470.0,2,16411,0
1481,1056476,462.0,449.5,1,16411,1
1481,1056477,146.0,504.0,2,16411,2
1481,1056478,495.75,471.25,2,16411,3
1481,1056479,1162.5,475.5,1,16411,4
1481,1056480,1317.0,470.25,2,16412,0
1481,1056481,188.0,485.0,1,16412,1
1481,1056482,495.75,471.25,2,16412,2
1481,1056483,1162.5,475.5,1,16412,3
1481,1056484,188.0,485.0,1,16413,0
1481,1056485,519.0,466.5,1,16413,1
1481,1056486,1098.0,470.0,2,16413,2
1481,1056487,462.0,449.5,1,16413,3
1481,1056488,1317.0,470.25,2,16413,4
1481,1056489,775.5,477.5,1,16413,5
1481,1056490,1561.5,511.5,1,16414,0
1481,1056491,245.0,661.0,1,16414,1
1481,1056492,861.0,600.0,1,16414,2
1481,1056493,549.5,649.5,1,16414,3
1481,1056494,1162.5,475.5,1,16414,4
1481,1056495,555.0,351.0,1,16415,0
1481,1056496,506.5,399.0,1,16415,1
1481,1056497,245.0,661.0,1,16416,0
1481,1056498,861.0,600.0,1,16416,1
1481,1056499,1162.5,475.5,1,16416,2
1481,1056500,1561.5,511.5,1,16416,3
1481,1056501,1734.0,447.25,2,16417,0
1481,1056502,1162.5,475.5,1,16417,1
1481,1056503,1915.0,465.5,1,16417,2
1481,1056504,1671.0,444.0,1,16417,3
1481,1056505,1734.0,447.25,2,16418,0
1481,1056506,1404.0,424.5,1,16418,1
1481,1056507,1162.5,475.5,1,16418,2
1481,1056508,1671.0,444.0,1,16418,3
1481,1056509,861.0,600.0,1,16419,0
1481,1056510,1162.5,475.5,1,16419,1
1481,1056511,1561.5,511.5,1,16419,2
1481,1056512,245.0,661.0,1,16419,3
1481,1056513,104.0,523.0,1,16420,0
1481,1056514,1098.0,470.0,2,16420,1
1481,1056515,462.0,449.5,1,16420,2
1481,1056516,775.5,477.5,1,16420,3
1481,1056517,1909.0,469.25,2,16421,0
1481,1056518,1656.5,518.0,1,16421,1
1481,1056519,1098.0,470.0,2,16422,0
1481,1056520,495.75,471.25,2,16422,1
1481,1056521,1162.5,475.5,1,16422,2
1481,1056522,146.0,504.0,2,16422,3
1481,1056523,33.0,478.5,1,16423,0
1481,1056524,775.5,477.5,1,16423,1
1481,1056525,549.5,649.5,1,16424,0
1481,1056526,1561.5,511.5,1,16424,1
1481,1056527,495.75,471.25,2,16425,0
1481,1056528,775.5,477.5,1,16425,1
1481,1056529,462.0,449.5,1,16425,2
1481,1056530,1317.0,470.25,2,16425,3
1481,1056531,1098.0,470.0,2,16425,4
1481,1056532,1656.5,518.0,1,16426,0
1481,1056533,1162.5,475.5,1,16426,1
1481,1056534,1909.0,469.25,2,16426,2
1481,1056535,775.5,477.5,1,16427,0
1481,1056536,33.0,478.5,1,16427,1
1481,1056537,462.0,449.5,1,16427,2
1481,1056538,495.75,471.25,2,16427,3
1481,1056539,146.0,504.0,2,16427,4
1481,1056540,462.0,449.5,1,16428,0
1481,1056541,1081.0,471.0,1,16428,1
1481,1056542,495.75,471.25,2,16428,2
1481,1056543,146.0,504.0,2,16428,3
1481,1056544,775.5,477.5,1,16428,4
1481,1056545,1317.0,470.25,2,16429,0
1481,1056546,1162.5,475.5,1,16429,1
1481,1056547,188.0,485.0,1,16429,2
1481,1056548,472.5,476.0,1,16429,3
1481,1056549,506.5,399.0,1,16430,0
1481,1056550,527.5,347.5,2,16430,1
1481,1056551,1162.5,475.5,1,16431,0
1481,1056552,1915.0,465.5,1,16431,1
1481,1056553,1629.6666259765625,491.1666564941406,3,16431,2
1481,1056554,245.0,661.0,1,16431,3
1481,1056555,861.0,600.0,1,16431,4
1481,1056556,1098.0,470.0,2,16431,5
1481,1056557,1317.0,470.25,2,16431,6
1481,1056558,1734.0,447.25,2,16431,7
1491,1056456,1404.0,424.5,1,16406,0
1491,1056457,1689.0,444.0,1,16406,1
1491,1056458,1671.0,444.0,1,16406,2
1491,1056459,495.75,471.25,2,16407,0
1491,1056460,188.0,485.0,1,16407,1
1491,1056461,1098.0,470.0,2,16407,2
1491,1056462,1311.0,473.5,1,16407,3
1491,1056463,462.0,449.5,1,16407,4
1491,1056464,775.5,477.5,1,16407,5
1491,1056465,1909.0,469.25,2,16408,0
1491,1056466,1656.5,518.0,1,16408,1
1491,1056467,1162.5,475.5,1,16408,2
1491,1056468,1779.0,450.5,1,16408,3
1491,1056469,500.0,344.0,1,16409,0
1491,1056470,506.5,399.0,1,16409,1
1491,1056471,1671.0,444.0,1,16410,0
1491,1056472,1162.5,475.5,1,16410,1
1491,1056473,1734.0,447.25,2,16410,2
1491,1056474,1404.0,424.5,1,16410,3
1491,1056475,1098.0,470.0,2,16411,0
1491,1056476,462.0,449.5,1,16411,1
1491,1056477,146.0,504.0,2,16411,2
1491,1056478,495.75,471.25,2,16411,3
1491,1056479,1162.5,475.5,1,16411,4
1491,1056480,1317.0,470.25,2,16412,0
1491,1056481,188.0,485.0,1,16412,1
1491,1056482,495.75,471.25,2,16412,2
1491,1056483,1162.5,475.5,1,16412,3
1491,1056484,188.0,485.0,1,16413,0
1491,1056485,519.0,466.5,1,16413,1
1491,1056486,1098.0,470.0,2,16413,2
1491,1056487,462.0,449.5,1,16413,3
1491,1056488,1317.0,470.25,2,16413,4
1491,1056489,775.5,477.5,1,16413,5
1491,1056490,1561.5,511.5,1,16414,0
1491,1056491,245.0,661.0,1,16414,1
1491,1056492,861.0,600.0,1,16414,2
1491,1056493,549.5,649.5,1,16414,3
1491,1056494,1162.5,475.5,1,16414,4
1491,1056495,555.0,351.0,1,16415,0
1491,1056496,506.5,399.0,1,16415,1
1491,1056497,245.0,661.0,1,16416,0
1491,1056498,861.0,600.0,1,16416,1
1491,1056499,1162.5,475.5,1,16416,2
1491,1056500,1561.5,511.5,1,16416,3
1491,1056501,1734.0,447.25,2,16417,0
1491,1056502,1162.5,475.5,1,16417,1
1491,1056503,1915.0,465.5,1,16417,2
1491,1056504,1671.0,444.0,1,16417,3
1491,1056505,1734.0,447.25,2,16418,0
1491,1056506,1404.0,424.5,1,16418,1
1491,1056507,1162.5,475.5,1,16418,2
1491,1056508,1671.0,444.0,1,16418,3
1491,1056509,861.0,600.0,1,16419,0
1491,1056510,1162.5,475.5,1,16419,1
1491,1056511,1561.5,511.5,1,16419,2
1491,1056512,245.0,661.0,1,16419,3
1491,1056513,104.0,523.0,1,16420,0
1491,1056514,1098.0,470.0,2,16420,1
1491,1056515,462.0,449.5,1,16420,2
1491,1056516,775.5,477.5,1,16420,3
1491,1056517,1909.0,469.25,2,16421,0
1491,1056518,1656.5,518.0,1,16421,1
1491,1056519,1098.0,470.0,2,16422,0
1491,1056520,495.75,471.25,2,16422,1
1491,1056521,1162.5,475.5,1,16422,2
1491,1056522,146.0,504.0,2,16422,3
1491,1056523,33.0,478.5,1,16423,0
1491,1056524,775.5,477.5,1,16423,1
1491,1056525,549.5,649.5,1,16424,0
1491,1056526,1561.5,511.5,1,16424,1
1491,1056527,495.75,471.25,2,16425,0
1491,1056528,775.5,477.5,1,16425,1
1491,1056529,462.0,449.5,1,16425,2
1491,1056530,1317.0,470.25,2,16425,3
1491,1056531,1098.0,470.0,2,16425,4
1491,1056532,1656.5,518.0,1,16426,0
1491,1056533,1162.5,475.5,1,16426,1
1491,1056534,1909.0,469.25,2,16426,2
1491,1056535,775.5,477.5,1,16427,0
1491,1056536,33.0,478.5,1,16427,1
1491,1056537,462.0,449.5,1,16427,2
1491,1056538,495.75,471.25,2,16427,3
1491,1056539,146.0,504.0,2,16427,4
1491,1056540,462.0,449.5,1,16428,0
1491,1056541,1081.0,471.0,1,16428,1
1491,1056542,495.75,471.25,2,16428,2
1491,1056543,146.0,504.0,2,16428,3
1491,1056544,775.5,477.5,1,16428,4
1491,1056545,1317.0,470.25,2,16429,0
1491,1056546,1162.5,475.5,1,16429,1
1491,1056547,188.0,485.0,1,16429,2
1491,1056548,472.5,476.0,1,16429,3
1491,1056549,506.5,399.0,1,16430,0
1491,1056550,527.5,347.5,2,16430,1
1491,1056551,1162.5,475.5,1,16431,0
1491,1056552,1915.0,465.5,1,16431,1
1491,1056553,1629.6666259765625,491.1666564941406,3,16431,2
1491,1056554,245.0,661.0,1,16431,3
1491,1056555,861.0,600.0,1,16431,4
1491,1056556,1098.0,470.0,2,16431,5
1491,1056557,1317.0,470.25,2,16431,6
1491,1056558,1734.0,447.25,2,16431,7
1501,1056456,1404.0,424.5,1,16406,0
1501,1056457,1689.0,444.0,1,16406,1
1501,1056458,1671.0,444.0,1,16406,2
1501,1056459,495.75,471.25,2,16407,0
1501,1056460,188.0,485.0,1,16407,1
1501,1056461,1098.0,470.0,2,16407,2
1501,1056462,1311.0,473.5,1,16407,3
1501,1056463,462.0,449.5,1,16407,4
1501,1056464,775.5,477.5,1,16407,5
1501,1056465,1909.0,469.25,2,16408,0
1501,1056466,1656.5,518.0,1,16408,1
1501,1056467,1162.5,475.5,1,16408,2
1501,1056468,1779.0,450.5,1,16408,3
1501,1056469,500.0,344.0,1,16409,0
1501,1056470,506.5,399.0,1,16409,1
1501,1056471,1671.0,444.0,1,16410,0
1501,1056472,1162.5,475.5,1,16410,1
1501,1056473,1734.0,447.25,2,16410,2
1501,1056474,1404.0,424.5,1,16410,3
1501,1056475,1098.0,470.0,2,16411,0
1501,1056476,462.0,449.5,1,16411,1
1501,1056477,146.0,504.0,2,16411,2
1501,1056478,495.75,471.25,2,16411,3
1501,1056479,1162.5,475.5,1,16411,4
1501,1056480,1317.0,470.25,2,16412,0
1501,1056481,188.0,485.0,1,16412,1
1501,1056482,495.75,471.25,2,16412,2
1501,1056483,1162.5,475.5,1,16412,3
1501,1056484,188.0,485.0,1,16413,0
1501,1056485,519.0,466.5,1,16413,1
1501,1056486,1098.0,470.0,2,16413,2
1501,1056487,462.0,449.5,1,16413,3
1501,1056488,1317.0,470.25,2,16413,4
1501,1056489,775.5,477.5,1,16413,5
1501,1056490,1561.5,511.5,1,16414,0
1501,1056491,245.0,661.0,1,16414,1
1501,1056492,861.0,600.0,1,16414,2
1501,1056493,549.5,649.5,1,16414,3
1501,1056494,1162.5,475.5,1,16414,4
1501,1056495,555.0,351.0,1,16415,0
1501,1056496,506.5,399.0,1,16415,1
1501,1056497,245.0,661.0,1,16416,0
1501,1056498,861.0,600.0,1,16416,1
1501,1056499,1162.5,475.5,1,16416,2
1501,1056500,1561.5,511.5,1,16416,3
1501,1056501,1734.0,447.25,2,16417,0
1501,1056502,1162.5,475.5,1,16417,1
1501,1056503,1915.0,465.5,1,16417,2
1501,1056504,1671.0,444.0,1,16417,3
1501,1056505,1734.0,447.25,2,16418,0
1501,1056506,1404.0,424.5,1,16418,1
1501,1056507,1162.5,475.5,1,16418,2
1501,1056508,1671.0,444.0,1,16418,3
1501,1056509,861.0,600.0,1,16419,0
1501,1056510,1162.5,475.5,1,16419,1
1501,1056511,1561.5,511.5,1,16419,2
1501,1056512,245.0,661.0,1,16419,3
1501,1056513,104.0,523.0,1,16420,0
1501,1056514,1098.0,470.0,2,16420,1
1501,1056515,462.0,449.5,1,16420,2
1501,1056516,775.5,477.5,1,16420,3
1501,1056517,1909.0,469.25,2,16421,0
1501,1056518,1656.5,518.0,1,16421,1
1501,1056519,1098.0,470.0,2,16422,0
1501,1056520,495.75,471.25,2,16422,1
1501,1056521,1162.5,475.5,1,16422,2
1501,1056522,146.0,504.0,2,16422,3
1501,1056523,33.0,478.5,1,16423,0
1501,1056524,775.5,477.5,1,16423,1
1501,1056525,549.5,649.5,1,16424,0
1501,1056526,1561.5,511.5,1,16424,1
1501,1056527,495.75,471.25,2,16425,0
1501,1056528,775.5,477.5,1,16425,1
1501,1056529,462.0,449.5,1,16425,2
1501,1056530,1317.0,470.25,2,16425,3
1501,1056531,1098.0,470.0,2,16425,4
1501,1056532,1656.5,518.0,1,16426,0
1501,1056533,1162.5,475.5,1,16426,1
1501,1056534,1909.0,469.25,2,16426,2
1501,1056535,775.5,477.5,1,16427,0
1501,1056536,33.0,478.5,1,16427,1
1501,1056537,462.0,449.5,1,16427,2
1501,1056538,495.75,471.25,2,16427,3
1501,1056539,146.0,504.0,2,16427,4
1501,1056540,462.0,449.5,1,16428,0
1501,1056541,1081.0,471.0,1,16428,1
1501,1056542,495.75,471.25,2,16428,2
1501,1056543,146.0,504.0,2,16428,3
1501,1056544,775.5,477.5,1,16428,4
1501,1056545,1317.0,470.25,2,16429,0
1501,1056546,1162.5,475.5,1,16429,1
1501,1056547,188.0,485.0,1,16429,2
1501,1056548,472.5,476.0,1,16429,3
1501,1056549,506.5,399.0,1,16430,0
1501,1056550,527.5,347.5,2,16430,1
1501,1056551,1162.5,475.5,1,16431,0
1501,1056552,1915.0,465.5,1,16431,1
1501,1056553,1629.6666259765625,491.1666564941406,3,16431,2
1501,1056554,245.0,661.0,1,16431,3
1501,1056555,861.0,600.0,1,16431,4
1501,1056556,1098.0,470.0,2,16431,5
1501,1056557,1317.0,470.25,2,16431,6
1501,1056558,1734.0,447.25,2,16431,7
1511,1056456,1404.0,424.5,1,16406,0
1511,1056457,1689.0,444.0,1,16406,1
1511,1056458,1671.0,444.0,1,16406,2
1511,1056459,495.75,471.25,2,16407,0
1511,1056460,188.0,485.0,1,16407,1
1511,1056461,1098.0,470.0,2,16407,2
1511,1056462,1311.0,473.5,1,16407,3
1511,1056463,462.0,449.5,1,16407,4
1511,1056464,775.5,477.5,1,16407,5
1511,1056465,1909.0,469.25,2,16408,0
1511,1056466,1656.5,518.0,1,16408,1
1511,1056467,1162.5,475.5,1,16408,2
1511,1056468,1779.0,450.5,1,16408,3
1511,1056469,500.0,344.0,1,16409,0
1511,1056470,506.5,399.0,1,16409,1
1511,1056471,1671.0,444.0,1,16410,0
1511,1056472,1162.5,475.5,1,16410,1
1511,1056473,1734.0,447.25,2,16410,2
1511,1056474,1404.0,424.5,1,16410,3
1511,1056475,1098.0,470.0,2,16411,0
1511,1056476,462.0,449.5,1,16411,1
1511,1056477,146.0,504.0,2,16411,2
1511,1056478,495.75,471.25,2,16411,3
1511,1056479,1162.5,475.5,1,16411,4
1511,1056480,1317.0,470.25,2,16412,0
1511,1056481,188.0,485.0,1,16412,1
1511,1056482,495.75,471.25,2,16412,2
1511,1056483,1162.5,475.5,1,16412,3
1511,1056484,188.0,485.0,1,16413,0
1511,1056485,519.0,466.5,1,16413,1
1511,1056486,1098.0,470.0,2,16413,2
1511,1056487,462.0,449.5,1,16413,3
1511,1056488,1317.0,470.25,2,16413,4
1511,1056489,775.5,477.5,1,16413,5
1511,1056490,1561.5,511.5,1,16414,0
1511,1056491,245.0,661.0,1,16414,1
1511,1056492,861.0,600.0,1,16414,2
1511,1056493,549.5,649.5,1,16414,3
1511,1056494,1162.5,475.5,1,16414,4
1511,1056495,555.0,351.0,1,16415,0
1511,1056496,506.5,399.0,1,16415,1
1511,1056497,245.0,661.0,1,16416,0
1511,1056498,861.0,600.0,1,16416,1
1511,1056499,1162.5,475.5,1,16416,2
1511,1056500,1561.5,511.5,1,16416,3
1511,1056501,1734.0,447.25,2,16417,0
1511,1056502,1162.5,475.5,1,16417,1
1511,1056503,1915.0,465.5,1,16417,2
1511,1056504,1671.0,444.0,1,16417,3
1511,1056505,1734.0,447.25,2,16418,0
1511,1056506,1404.0,424.5,1,16418,1
1511,1056507,1162.5,475.5,1,16418,2
1511,1056508,1671.0,444.0,1,16418,3
1511,1056509,861.0,600.0,1,16419,0
1511,1056510,1162.5,475.5,1,16419,1
1511,1056511,1561.5,511.5,1,16419,2
1511,1056512,245.0,661.0,1,16419,3
1511,1056513,104.0,523.0,1,16420,0
1511,1056514,1098.0,470.0,2,16420,1
1511,1056515,462.0,449.5,1,16420,2
1511,1056516,775.5,477.5,1,16420,3
1511,1056517,1909.0,469.25,2,16421,0
1511,1056518,1656.5,518.0,1,16421,1
1511,1056519,1098.0,470.0,2,16422,0
1511,1056520,495.75,471.25,2,16422,1
1511,1056521,1162.5,475.5,1,16422,2
1511,1056522,146.0,504.0,2,16422,3
1511,1056523,33.0,478.5,1,16423,0
1511,1056524,775.5,477.5,1,16423,1
1511,1056525,549.5,649.5,1,16424,0
1511,1056526,1561.5,511.5,1,16424,1
1511,1056527,495.75,471.25,2,16425,0
1511,1056528,775.5,477.5,1,16425,1
1511,1056529,462.0,449.5,1,16425,2
1511,1056530,1317.0,470.25,2,16425,3
1511,1056531,1098.0,470.0,2,16425,4
1511,1056532,1656.5,518.0,1,16426,0
1511,1056533,1162.5,475.5,1,16426,1
1511,1056534,1909.0,469.25,2,16426,2
1511,1056535,775.5,477.5,1,16427,0
1511,1056536,33.0,478.5,1,16427,1
1511,1056537,462.0,449.5,1,16427,2
1511,1056538,495.75,471.25,2,16427,3
1511,1056539,146.0,504.0,2,16427,4
1511,1056540,462.0,449.5,1,16428,0
1511,1056541,1081.0,471.0,1,16428,1
1511,1056542,495.75,471.25,2,16428,2
1511,1056543,146.0,504.0,2,16428,3
1511,1056544,775.5,477.5,1,16428,4
1511,1056545,1317.0,470.25,2,16429,0
1511,1056546,1162.5,475.5,1,16429,1
1511,1056547,188.0,485.0,1,16429,2
1511,1056548,472.5,476.0,1,16429,3
1511,1056549,506.5,399.0,1,16430,0
1511,1056550,527.5,347.5,2,16430,1
1511,1056551,1162.5,475.5,1,16431,0
1511,1056552,1915.0,465.5,1,16431,1
1511,1056553,1629.6666259765625,491.1666564941406,3,16431,2
1511,1056554,245.0,661.0,1,16431,3
1511,1056555,861.0,600.0,1,16431,4
1511,1056556,1098.0,470.0,2,16431,5
1511,1056557,1317.0,470.25,2,16431,6
1511,1056558,1734.0,447.25,2,16431,7
1521,1056456,1404.0,424.5,1,16406,0
1521,1056457,1689.0,444.0,1,16406,1
1521,1056458,1671.0,444.0,1,16406,2
1521,1056459,495.75,471.25,2,16407,0
1521,1056460,188.0,485.0,1,16407,1
1521,1056461,1098.0,470.0,2,16407,2
1521,1056462,1311.0,473.5,1,16407,3
1521,1056463,462.0,449.5,1,16407,4
1521,1056464,775.5,477.5,1,16407,5
1521,1056465,1909.0,469.25,2,16408,0
1521,1056466,1656.5,518.0,1,16408,1
1521,1056467,1162.5,475.5,1,16408,2
1521,1056468,1779.0,450.5,1,16408,3
1521,1056469,500.0,344.0,1,16409,0
1521,1056470,506.5,399.0,1,16409,1
1521,1056471,1671.0,444.0,1,16410,0
1521,1056472,1162.5,475.5,1,16410,1
1521,1056473,1734.0,447.25,2,16410,2
1521,1056474,1404.0,424.5,1,16410,3
1521,1056475,1098.0,470.0,2,16411,0
1521,1056476,462.0,449.5,1,16411,1
1521,1056477,146.0,504.0,2,16411,2
1521,1056478,495.75,471.25,2,16411,3
1521,1056479,1162.5,475.5,1,16411,4
1521,1056480,1317.0,470.25,2,16412,0
1521,1056481,188.0,485.0,1,16412,1
1521,1056482,495.75,471.25,2,16412,2
1521,1056483,1162.5,475.5,1,16412,3
1521,1056484,188.0,485.0,1,16413,0
1521,1056485,519.0,466.5,1,16413,1
1521,1056486,1098.0,470.0,2,16413,2
1521,1056487,462.0,449.5,1,16413,3
1521,1056488,1317.0,470.25,2,16413,4
1521,1056489,775.5,477.5,1,16413,5
1521,1056490,1561.5,511.5,1,16414,0
1521,1056491,245.0,661.0,1,16414,1
1521,1056492,861.0,600.0,1,16414,2
1521,1056493,549.5,649.5,1,16414,3
1521,1056494,1162.5,475.5,1,16414,4
1521,1056495,555.0,351.0,1,16415,0
1521,1056496,506.5,399.0,1,16415,1
1521,1056497,245.0,661.0,1,16416,0
1521,1056498,861.0,600.0,1,16416,1
1521,1056499,1162.5,475.5,1,16416,2
1521,1056500,1561.5,511.5,1,16416,3
1521,1056501,1734.0,447.25,2,16417,0
1521,1056502,1162.5,475.5,1,16417,1
1521,1056503,1915.0,465.5,1,16417,2
1521,1056504,1671.0,444.0,1,16417,3
1521,1056505,1734.0,447.25,2,16418,0
1521,1056506,1404.0,424.5,1,16418,1
1521,1056507,1162.5,475.5,1,16418,2
1521,1056508,1671.0,444.0,1,16418,3
1521,1056509,861.0,600.0,1,16419,0
1521,1056510,1162.5,475.5,1,16419,1
1521,1056511,1561.5,511.5,1,16419,2
1521,1056512,245.0,661.0,1,16419,3
1521,1056513,104.0,523.0,1,16420,0
1521,1056514,1098.0,470.0,2,16420,1
1521,1056515,462.0,449.5,1,16420,2
1521,1056516,775.5,477.5,1,16420,3
1521,1056517,1909.0,469.25,2,16421,0
1521,1056518,1656.5,518.0,1,16421,1
1521,1056519,1098.0,470.0,2,16422,0
1521,1056520,495.75,471.25,2,16422,1
1521,1056521,1162.5,475.5,1,16422,2
1521,1056522,146.0,504.0,2,16422,3
1521,1056523,33.0,478.5,1,16423,0
1521,1056524,775.5,477.5,1,16423,1
1521,1056525,549.5,649.5,1,16424,0
1521,1056526,1561.5,511.5,1,16424,1
1521,1056527,495.75,471.25,2,16425,0
1521,1056528,775.5,477.5,1,16425,1
1521,1056529,462.0,449.5,1,16425,2
1521,1056530,1317.0,470.25,2,16425,3
1521,1056531,1098.0,470.0,2,16425,4
1521,1056532,1656.5,518.0,1,16426,0
1521,1056533,1162.5,475.5,1,16426,1
1521,1056534,1909.0,469.25,2,16426,2
1521,1056535,775.5,477.5,1,16427,0
1521,1056536,33.0,478.5,1,16427,1
1521,1056537,462.0,449.5,1,16427,2
1521,1056538,495.75,471.25,2,16427,3
1521,1056539,146.0,504.0,2,16427,4
1521,1056540,462.0,449.5,1,16428,0
1521,1056541,1081.0,471.0,1,16428,1
1521,1056542,495.75,471.25,2,16428,2
1521,1056543,146.0,504.0,2,16428,3
1521,1056544,775.5,477.5,1,16428,4
1521,1056545,1317.0,470.25,2,16429,0
1521,1056546,1162.5,475.5,1,16429,1
1521,1056547,188.0,485.0,1,16429,2
1521,1056548,472.5,476.0,1,16429,3
1521,1056549,506.5,399.0,1,16430,0
1521,1056550,527.5,347.5,2,16430,1
1521,1056551,1162.5,475.5,1,16431,0
1521,1056552,1915.0,465.5,1,16431,1
1521,1056553,1629.6666259765625,491.1666564941406,3,16431,2
1521,1056554,245.0,661.0,1,16431,3
1521,1056555,861.0,600.0,1,16431,4
1521,1056556,1098.0,470.0,2,16431,5
1521,1056557,1317.0,470.25,2,16431,6
1521,1056558,1734.0,447.25,2,16431,7
1531,1056456,1404.0,424.5,1,16406,0
1531,1056457,1689.0,444.0,1,16406,1
1531,1056458,1671.0,444.0,1,16406,2
1531,1056459,495.75,471.25,2,16407,0
1531,1056460,188.0,485.0,1,16407,1
1531,1056461,1098.0,470.0,2,16407,2
1531,1056462,1311.0,473.5,1,16407,3
1531,1056463,462.0,449.5,1,16407,4
1531,1056464,775.5,477.5,1,16407,5
1531,1056465,1909.0,469.25,2,16408,0
1531,1056466,1656.5,518.0,1,16408,1
1531,1056467,1162.5,475.5,1,16408,2
1531,1056468,1779.0,450.5,1,16408,3
1531,1056469,500.0,344.0,1,16409,0
1531,1056470,506.5,399.0,1,16409,1
1531,1056471,1671.0,444.0,1,16410,0
1531,1056472,1162.5,475.5,1,16410,1
1531,1056473,1734.0,447.25,2,16410,2
1531,1056474,1404.0,424.5,1,16410,3
1531,1056475,1098.0,470.0,2,16411,0
1531,1056476,462.0,449.5,1,16411,1
1531,1056477,146.0,504.0,2,16411,2
1531,1056478,495.75,471.25,2,16411,3
1531,1056479,1162.5,475.5,1,16411,4
1531,1056480,1317.0,470.25,2,16412,0
1531,1056481,188.0,485.0,1,16412,1
1531,1056482,495.75,471.25,2,16412,2
1531,1056483,1162.5,475.5,1,16412,3
1531,1056484,188.0,485.0,1,16413,0
1531,1056485,519.0,466.5,1,16413,1
1531,1056486,1098.0,470.0,2,16413,2
1531,1056487,462.0,449.5,1,16413,3
1531,1056488,1317.0,470.25,2,16413,4
1531,1056489,775.5,477.5,1,16413,5
1531,1056490,1561.5,511.5,1,16414,0
1531,1056491,245.0,661.0,1,16414,1
1531,1056492,861.0,600.0,1,16414,2
1531,1056493,549.5,649.5,1,16414,3
1531,1056494,1162.5,475.5,1,16414,4
1531,1056495,555.0,351.0,1,16415,0
1531,1056496,506.5,399.0,1,16415,1
1531,1056497,245.0,661.0,1,16416,0
1531,1056498,861.0,600.0,1,16416,1
1531,1056499,1162.5,475.5,1,16416,2
1531,1056500,1561.5,511.5,1,16416,3
1531,1056501,1734.0,447.25,2,16417,0
1531,1056502,1162.5,475.5,1,16417,1
1531,1056503,1915.0,465.5,1,16417,2
1531,1056504,1671.0,444.0,1,16417,3
1531,1056505,1734.0,447.25,2,16418,0
1531,1056506,1404.0,424.5,1,16418,1
1531,1056507,1162.5,475.5,1,16418,2
1531,1056508,1671.0,444.0,1,16418,3
1531,1056509,861.0,600.0,1,16419,0
1531,1056510,1162.5,475.5,1,16419,1
1531,1056511,1561.5,511.5,1,16419,2
1531,1056512,245.0,661.0,1,16419,3
1531,1056513,104.0,523.0,1,16420,0
1531,1056514,1098.0,470.0,2,16420,1
1531,1056515,462.0,449.5,1,16420,2
1531,1056516,775.5,477.5,1,16420,3
1531,1056517,1909.0,469.25,2,16421,0
1531,1056518,1656.5,518.0,1,16421,1
1531,1056519,1098.0,470.0,2,16422,0
1531,1056520,495.75,471.25,2,16422,1
1531,1056521,1162.5,475.5,1,16422,2
1531,1056522,146.0,504.0,2,16422,3
1531,1056523,33.0,478.5,1,16423,0
1531,1056524,775.5,477.5,1,16423,1
1531,1056525,549.5,649.5,1,16424,0
1531,1056526,1561.5,511.5,1,16424,1
1531,1056527,495.75,471.25,2,16425,0
1531,1056528,775.5,477.5,1,16425,1
1531,1056529,462.0,449.5,1,16425,2
1531,1056530,1317.0,470.25,2,16425,3
1531,1056531,1098.0,470.0,2,16425,4
1531,1056532,1656.5,518.0,1,16426,0
1531,1056533,1162.5,475.5,1,16426,1
1531,1056534,1909.0,469.25,2,16426,2
1531,1056535,775.5,477.5,1,16427,0
1531,1056536,33.0,478.5,1,16427,1
1531,1056537,462.0,449.5,1,16427,2
1531,1056538,495.75,471.25,2,16427,3
1531,1056539,146.0,504.0,2,16427,4
1531,1056540,462.0,449.5,1,16428,0
1531,1056541,1081.0,471.0,1,16428,1
1531,1056542,495.75,471.25,2,16428,2
1531,1056543,146.0,504.0,2,16428,3
1531,1056544,775.5,477.5,1,16428,4
1531,1056545,1317.0,470.25,2,16429,0
1531,1056546,1162.5,475.5,1,16429,1
1531,1056547,188.0,485.0,1,16429,2
1531,1056548,472.5,476.0,1,16429,3
1531,1056549,506.5,399.0,1,16430,0
1531,1056550,527.5,347.5,2,16430,1
1531,1056551,1162.5,475.5,1,16431,0
1531,1056552,1915.0,465.5,1,16431,1
1531,1056553,1629.6666259765625,491.1666564941406,3,16431,2
1531,1056554,245.0,661.0,1,16431,3
1531,1056555,861.0,600.0,1,16431,4
1531,1056556,1098.0,470.0,2,16431,5
1531,1056557,1317.0,470.25,2,16431,6
1531,1056558,1734.0,447.25,2,16431,7
1541,1056456,1404.0,424.5,1,16406,0
1541,1056457,1689.0,444.0,1,16406,1
1541,1056458,1671.0,444.0,1,16406,2
1541,1056459,495.75,471.25,2,16407,0
1541,1056460,188.0,485.0,1,16407,1
1541,1056461,1098.0,470.0,2,16407,2
1541,1056462,1311.0,473.5,1,16407,3
1541,1056463,462.0,449.5,1,16407,4
1541,1056464,775.5,477.5,1,16407,5
1541,1056465,1909.0,469.25,2,16408,0
1541,1056466,1656.5,518.0,1,16408,1
1541,1056467,1162.5,475.5,1,16408,2
1541,1056468,1779.0,450.5,1,16408,3
1541,1056469,500.0,344.0,1,16409,0
1541,1056470,506.5,399.0,1,16409,1
1541,1056471,1671.0,444.0,1,16410,0
1541,1056472,1162.5,475.5,1,16410,1
1541,1056473,1734.0,447.25,2,16410,2
1541,1056474,1404.0,424.5,1,16410,3
1541,1056475,1098.0,470.0,2,16411,0
1541,1056476,462.0,449.5,1,16411,1
1541,1056477,146.0,504.0,2,16411,2
1541,1056478,495.75,471.25,2,16411,3
1541,1056479,1162.5,475.5,1,16411,4
1541,1056480,1317.0,470.25,2,16412,0
1541,1056481,188.0,485.0,1,16412,1
1541,1056482,495.75,471.25,2,16412,2
1541,1056483,1162.5,475.5,1,16412,3
1541,1056484,188.0,485.0,1,16413,0
1541,1056485,519.0,466.5,1,16413,1
1541,1056486,1098.0,470.0,2,16413,2
1541,1056487,462.0,449.5,1,16413,3
1541,1056488,1317.0,470.25,2,16413,4
1541,1056489,775.5,477.5,1,16413,5
1541,1056490,1561.5,511.5,1,16414,0
1541,1056491,245.0,661.0,1,16414,1
1541,1056492,861.0,600.0,1,16414,2
1541,1056493,549.5,649.5,1,16414,3
1541,1056494,1162.5,475.5,1,16414,4
1541,1056495,555.0,351.0,1,16415,0
1541,1056496,506.5,399.0,1,16415,1
1541,1056497,245.0,661.0,1,16416,0
1541,1056498,861.0,600.0,1,16416,1
1541,1056499,1162.5,475.5,1,16416,2
1541,1056500,1561.5,511.5,1,16416,3
1541,1056501,1734.0,447.25,2,16417,0
1541,1056502,1162.5,475.5,1,16417,1
1541,1056503,1915.0,465.5,1,16417,2
1541,1056504,1671.0,444.0,1,16417,3
1541,1056505,1734.0,447.25,2,16418,0
1541,1056506,1404.0,424.5,1,16418,1
1541,1056507,1162.5,475.5,1,16418,2
1541,1056508,1671.0,444.0,1,16418,3
1541,1056509,861.0,600.0,1,16419,0
1541,1056510,1162.5,475.5,1,16419,1
1541,1056511,1561.5,511.5,1,16419,2
1541,1056512,245.0,661.0,1,16419,3
1541,1056513,104.0,523.0,1,16420,0
1541,1056514,1098.0,470.0,2,16420,1
1541,1056515,462.0,449.5,1,16420,2
1541,1056516,775.5,477.5,1,16420,3
1541,1056517,1909.0,469.25,2,16421,0
1541,1056518,1656.5,518.0,1,16421,1
1541,1056519,1098.0,470.0,2,16422,0
1541,1056520,495.75,471.25,2,16422,1
1541,1056521,1162.5,475.5,1,16422,2
1541,1056522,146.0,504.0,2,16422,3
1541,1056523,33.0,478.5,1,16423,0
1541,1056524,775.5,477.5,1,16423,1
1541,1056525,549.5,649.5,1,16424,0
1541,1056526,1561.5,511.5,1,16424,1
1541,1056527,495.75,471.25,2,16425,0
1541,1056528,775.5,477.5,1,16425,1
1541,1056529,462.0,449.5,1,16425,2
1541,1056530,1317.0,470.25,2,16425,3
1541,1056531,1098.0,470.0,2,16425,4
1541,1056532,1656.5,518.0,1,16426,0
1541,1056533,1162.5,475.5,1,16426,1
1541,1056534,1909.0,469.25,2,16426,2
1541,1056535,775.5,477.5,1,16427,0
1541,1056536,33.0,478.5,1,16427,1
1541,1056537,462.0,449.5,1,16427,2
1541,1056538,495.75,471.25,2,16427,3
1541,1056539,146.0,504.0,2,16427,4
1541,1056540,462.0,449.5,1,16428,0
1541,1056541,1081.0,471.0,1,16428,1
1541,1056542,495.75,471.25,2,16428,2
1541,1056543,146.0,504.0,2,16428,3
1541,1056544,775.5,477.5,1,16428,4
1541,1056545,1317.0,470.25,2,16429,0
1541,1056546,1162.5,475.5,1,16429,1
1541,1056547,188.0,485.0,1,16429,2
1541,1056548,472.5,476.0,1,16429,3
1541,1056549,506.5,399.0,1,16430,0
1541,1056550,527.5,347.5,2,16430,1
1541,1056551,1162.5,475.5,1,16431,0
1541,1056552,1915.0,465.5,1,16431,1
1541,1056553,1629.6666259765625,491.1666564941406,3,16431,2
1541,1056554,245.0,661.0,1,16431,3
1541,1056555,861.0,600.0,1,16431,4
1541,1056556,1098.0,470.0,2,16431,5
1541,1056557,1317.0,470.25,2,16431,6
1541,1056558,1734.0,447.25,2,16431,7
1551,1056456,1404.0,424.5,1,16406,0
1551,1056457,1689.0,444.0,1,16406,1
1551,1056458,1671.0,444.0,1,16406,2
1551,1056459,495.75,471.25,2,16407,0
1551,1056460,188.0,485.0,1,16407,1
1551,1056461,1098.0,470.0,2,16407,2
1551,1056462,1311.0,473.5,1,16407,3
1551,1056463,462.0,449.5,1,16407,4
1551,1056464,775.5,477.5,1,16407,5
1551,1056465,1909.0,469.25,2,16408,0
1551,1056466,1656.5,518.0,1,16408,1
1551,1056467,1162.5,475.5,1,16408,2
1551,1056468,1779.0,450.5,1,16408,3
1551,1056469,500.0,344.0,1,16409,0
1551,1056470,506.5,399.0,1,16409,1
1551,1056471,1671.0,444.0,1,16410,0
1551,1056472,1162.5,475.5,1,16410,1
1551,1056473,1734.0,447.25,2,16410,2
1551,1056474,1404.0,424.5,1,16410,3
1551,1056475,1098.0,470.0,2,16411,0
1551,1056476,462.0,449.5,1,16411,1
1551,1056477,146.0,504.0,2,16411,2
1551,1056478,495.75,471.25,2,16411,3
1551,1056479,1162.5,475.5,1,16411,4
1551,1056480,1317.0,470.25,2,16412,0
1551,1056481,188.0,485.0,1,16412,1
1551,1056482,495.75,471.25,2,16412,2
1551,1056483,1162.5,475.5,1,16412,3
1551,1056484,188.0,485.0,1,16413,0
1551,1056485,519.0,466.5,1,16413,1
1551,1056486,1098.0,470.0,2,16413,2
1551,1056487,462.0,449.5,1,16413,3
1551,1056488,1317.0,470.25,2,16413,4
1551,1056489,775.5,477.5,1,16413,5
1551,1056490,1561.5,511.5,1,16414,0
1551,1056491,245.0,661.0,1,16414,1
1551,1056492,861.0,600.0,1,16414,2
1551,1056493,549.5,649.5,1,16414,3
1551,1056494,1162.5,475.5,1,16414,4
1551,1056495,555.0,351.0,1,16415,0
1551,1056496,506.5,399.0,1,16415,1
1551,1056497,245.0,661.0,1,16416,0
1551,1056498,861.0,600.0,1,16416,1
1551,1056499,1162.5,475.5,1,16416,2
1551,1056500,1561.5,511.5,1,16416,3
1551,1056501,1734.0,447.25,2,16417,0
1551,1056502,1162.5,475.5,1,16417,1
1551,1056503,1915.0,465.5,1,16417,2
1551,1056504,1671.0,444.0,1,16417,3
1551,1056505,1734.0,447.25,2,16418,0
1551,1056506,1404.0,424.5,1,16418,1
1551,1056507,1162.5,475.5,1,16418,2
1551,1056508,1671.0,444.0,1,16418,3
1551,1056509,861.0,600.0,1,16419,0
1551,1056510,1162.5,475.5,1,16419,1
1551,1056511,1561.5,511.5,1,16419,2
1551,1056512,245.0,661.0,1,16419,3
1551,1056513,104.0,523.0,1,16420,0
1551,1056514,1098.0,470.0,2,16420,1
1551,1056515,462.0,449.5,1,16420,2
1551,1056516,775.5,477.5,1,16420,3
1551,1056517,1909.0,469.25,2,16421,0
1551,1056518,1656.5,518.0,1,16421,1
1551,1056519,1098.0,470.0,2,16422,0
1551,1056520,495.75,471.25,2,16422,1
1551,1056521,1162.5,475.5,1,16422,2
1551,1056522,146.0,504.0,2,16422,3
1551,1056523,33.0,478.5,1,16423,0
1551,1056524,775.5,477.5,1,16423,1
1551,1056525,549.5,649.5,1,16424,0
1551,1056526,1561.5,511.5,1,16424,1
1551,1056527,495.75,471.25,2,16425,0
1551,1056528,775.5,477.5,1,16425,1
1551,1056529,462.0,449.5,1,16425,2
1551,1056530,1317.0,470.25,2,16425,3
1551,1056531,1098.0,470.0,2,16425,4
1551,1056532,1656.5,518.0,1,16426,0
1551,1056533,1162.5,475.5,1,16426,1
1551,1056534,1909.0,469.25,2,16426,2
1551,1056535,775.5,477.5,1,16427,0
1551,1056536,33.0,478.5,1,16427,1
1551,1056537,462.0,449.5,1,16427,2
1551,1056538,495.75,471.25,2,16427,3
1551,1056539,146.0,504.0,2,16427,4
1551,1056540,462.0,449.5,1,16428,0
1551,1056541,1081.0,471.0,1,16428,1
1551,1056542,495.75,471.25,2,16428,2
1551,1056543,146.0,504.0,2,16428,3
1551,1056544,775.5,477.5,1,16428,4
1551,1056545,1317.0,470.25,2,16429,0
1551,1056546,1162.5,475.5,1,16429,1
1551,1056547,188.0,485.0,1,16429,2
1551,1056548,472.5,476.0,1,16429,3
1551,1056549,506.5,399.0,1,16430,0
1551,1056550,527.5,347.5,2,16430,1
1551,1056551,1162.5,475.5,1,16431,0
1551,1056552,1915.0,465.5,1,16431,1
1551,1056553,1629.6666259765625,491.1666564941406,3,16431,2
1551,1056554,245.0,661.0,1,16431,3
1551,1056555,861.0,600.0,1,16431,4
1551,1056556,1098.0,470.0,2,16431,5
1551,1056557,1317.0,470.25,2,16431,6
1551,1056558,1734.0,447.25,2,16431,7
1561,1056456,1404.0,424.5,1,16406,0
1561,1056457,1689.0,444.0,1,16406,1
1561,1056458,1671.0,444.0,1,16406,2
1561,1056459,495.75,471.25,2,16407,0
1561,1056460,188.0,485.0,1,16407,1
1561,1056461,1098.0,470.0,2,16407,2
1561,1056462,1311.0,473.5,1,16407,3
1561,1056463,462.0,449.5,1,16407,4
1561,1056464,775.5,477.5,1,16407,5
1561,1056465,1909.0,469.25,2,16408,0
1561,1056466,1656.5,518.0,1,16408,1
1561,1056467,1162.5,475.5,1,16408,2
1561,1056468,1779.0,450.5,1,16408,3
1561,1056469,500.0,344.0,1,16409,0
1561,1056470,506.5,399.0,1,16409,1
1561,1056471,1671.0,444.0,1,16410,0
1561,1056472,1162.5,475.5,1,16410,1
1561,1056473,1734.0,447.25,2,16410,2
1561,1056474,1404.0,424.5,1,16410,3
1561,1056475,1098.0,470.0,2,16411,0
1561,1056476,462.0,449.5,1,16411,1
1561,1056477,146.0,504.0,2,16411,2
1561,1056478,495.75,471.25,2,16411,3
1561,1056479,1162.5,475.5,1,16411,4
1561,1056480,1317.0,470.25,2,16412,0
1561,1056481,188.0,485.0,1,16412,1
1561,1056482,495.75,471.25,2,16412,2
1561,1056483,1162.5,475.5,1,16412,3
1561,1056484,188.0,485.0,1,16413,0
1561,1056485,519.0,466.5,1,16413,1
1561,1056486,1098.0,470.0,2,16413,2
1561,1056487,462.0,449.5,1,16413,3
1561,1056488,1317.0,470.25,2,16413,4
1561,1056489,775.5,477.5,1,16413,5
1561,1056490,1561.5,511.5,1,16414,0
1561,1056491,245.0,661.0,1,16414,1
1561,1056492,861.0,600.0,1,16414,2
1561,1056493,549.5,649.5,1,16414,3
1561,1056494,1162.5,475.5,1,16414,4
1561,1056495,555.0,351.0,1,16415,0
1561,1056496,506.5,399.0,1,16415,1
1561,1056497,245.0,661.0,1,16416,0
1561,1056498,861.0,600.0,1,16416,1
1561,1056499,1162.5,475.5,1,16416,2
1561,1056500,1561.5,511.5,1,16416,3
1561,1056501,1734.0,447.25,2,16417,0
1561,1056502,1162.5,475.5,1,16417,1
1561,1056503,1915.0,465.5,1,16417,2
1561,1056504,1671.0,444.0,1,16417,3
1561,1056505,1734.0,447.25,2,16418,0
1561,1056506,1404.0,424.5,1,16418,1
1561,1056507,1162.5,475.5,1,16418,2
1561,1056508,1671.0,444.0,1,16418,3
1561,1056509,861.0,600.0,1,16419,0
1561,1056510,1162.5,475.5,1,16419,1
1561,1056511,1561.5,511.5,1,16419,2
1561,1056512,245.0,661.0,1,16419,3
1561,1056513,104.0,523.0,1,16420,0
1561,1056514,1098.0,470.0,2,16420,1
1561,1056515,462.0,449.5,1,16420,2
1561,1056516,775.5,477.5,1,16420,3
1561,1056517,1909.0,469.25,2,16421,0
1561,1056518,1656.5,518.0,1,16421,1
1561,1056519,1098.0,470.0,2,16422,0
1561,1056520,495.75,471.25,2,16422,1
1561,1056521,1162.5,475.5,1,16422,2
1561,1056522,146.0,504.0,2,16422,3
1561,1056523,33.0,478.5,1,16423,0
1561,1056524,775.5,477.5,1,16423,1
1561,1056525,549.5,649.5,1,16424,0
1561,1056526,1561.5,511.5,1,16424,1
1561,1056527,495.75,471.25,2,16425,0
1561,1056528,775.5,477.5,1,16425,1
1561,1056529,462.0,449.5,1,16425,2
1561,1056530,1317.0,470.25,2,16425,3
1561,1056531,1098.0,470.0,2,16425,4
1561,1056532,1656.5,518.0,1,16426,0
1561,1056533,1162.5,475.5,1,16426,1
1561,1056534,1909.0,469.25,2,16426,2
1561,1056535,775.5,477.5,1,16427,0
1561,1056536,33.0,478.5,1,16427,1
1561,1056537,462.0,449.5,1,16427,2
1561,1056538,495.75,471.25,2,16427,3
1561,1056539,146.0,504.0,2,16427,4
1561,1056540,462.0,449.5,1,16428,0
1561,1056541,1081.0,471.0,1,16428,1
1561,1056542,495.75,471.25,2,16428,2
1561,1056543,146.0,504.0,2,16428,3
1561,1056544,775.5,477.5,1,16428,4
1561,1056545,1317.0,470.25,2,16429,0
1561,1056546,1162.5,475.5,1,16429,1
1561,1056547,188.0,485.0,1,16429,2
1561,1056548,472.5,476.0,1,16429,3
1561,1056549,506.5,399.0,1,16430,0
1561,1056550,527.5,347.5,2,16430,1
1561,1056551,1162.5,475.5,1,16431,0
1561,1056552,1915.0,465.5,1,16431,1
1561,1056553,1629.6666259765625,491.1666564941406,3,16431,2
1561,1056554,245.0,661.0,1,16431,3
1561,1056555,861.0,600.0,1,16431,4
1561,1056556,1098.0,470.0,2,16431,5
1561,1056557,1317.0,470.25,2,16431,6
1561,1056558,1734.0,447.25,2,16431,7
1571,1056456,1409.5,423.5,1,16406,0
1571,1056457,1680.5,447.0,1,16406,1
1571,1056458,1654.0,445.5,1,16406,2
1571,1056459,518.75,471.25,2,16407,0
1571,1056460,242.5,485.0,1,16407,1
1571,1056461,1054.0,470.0,2,16407,2
1571,1056462,1256.5,474.5,1,16407,3
1571,1056463,453.0,450.0,1,16407,4
1571,1056464,742.5,476.0,1,16407,5
1571,1056465,1880.75,465.75,2,16408,0
1571,1056466,1678.5,515.5,1,16408,1
1571,1056467,1207.0,475.5,1,16408,2
1571,1056468,1777.5,451.0,1,16408,3
1571,1056469,499.5,344.0,1,16409,0
1571,1056470,509.5,392.5,1,16409,1
1571,1056471,1654.0,445.5,1,16410,0
1571,1056472,1207.0,475.5,1,16410,1
1571,1056473,1729.0,449.0,2,16410,2
1571,1056474,1409.5,423.5,1,16410,3
1571,1056475,1054.0,470.0,2,16411,0
1571,1056476,453.0,450.0,1,16411,1
1571,1056477,182.0,502.75,2,16411,2
1571,1056478,518.75,471.25,2,16411,3
1571,1056479,1207.0,475.5,1,16411,4
1571,1056480,1272.5,471.25,2,16412,0
1571,1056481,242.5,485.0,1,16412,1
1571,1056482,518.75,471.25,2,16412,2
1571,1056483,1207.0,475.5,1,16412,3
1571,1056484,242.5,485.0,1,16413,0
1571,1056485,514.5,466.0,1,16413,1
1571,1056486,1054.0,470.0,2,16413,2
1571,1056487,453.0,450.0,1,16413,3
1571,1056488,1272.5,471.25,2,16413,4
1571,1056489,742.5,476.0,1,16413,5
1571,1056490,1544.5,515.5,1,16414,0
1571,1056491,302.5,650.5,1,16414,1
1571,1056492,911.5,601.0,1,16414,2
1571,1056493,610.5,638.5,1,16414,3
1571,1056494,1207.0,475.5,1,16414,4
1571,1056495,555.0,351.0,1,16415,0
1571,1056496,509.5,392.5,1,16415,1
1571,1056497,302.5,650.5,1,16416,0
1571,1056498,911.5,601.0,1,16416,1
1571,1056499,1207.0,475.5,1,16416,2
1571,1056500,1544.5,515.5,1,16416,3
1571,1056501,1729.0,449.0,2,16417,0
1571,1056502,1207.0,475.5,1,16417,1
1571,1056503,1889.0,463.5,1,16417,2
1571,1056504,1654.0,445.5,1,16417,3
1571,1056505,1729.0,449.0,2,16418,0
1571,1056506,1409.5,423.5,1,16418,1
1571,1056507,1207.0,475.5,1,16418,2
1571,1056508,1654.0,445.5,1,16418,3
1571,1056509,911.5,601.0,1,16419,0
1571,1056510,1207.0,475.5,1,16419,1
1571,1056511,1544.5,515.5,1,16419,2
1571,1056512,302.5,650.5,1,16419,3
1571,1056513,121.5,520.5,1,16420,0
1571,1056514,1054.0,470.0,2,16420,1
1571,1056515,453.0,450.0,1,16420,2
1571,1056516,742.5,476.0,1,16420,3
1571,1056517,1880.75,465.75,2,16421,0
1571,1056518,1678.5,515.5,1,16421,1
1571,1056519,1054.0,470.0,2,16422,0
1571,1056520,518.75,471.25,2,16422,1
1571,1056521,1207.0,475.5,1,16422,2
1571,1056522,182.0,502.75,2,16422,3
1571,1056523,26.5,478.0,1,16423,0
1571,1056524,742.5,476.0,1,16423,1
1571,1056525,610.5,638.5,1,16424,0
1571,1056526,1544.5,515.5,1,16424,1
1571,1056527,518.75,471.25,2,16425,0
1571,1056528,742.5,476.0,1,16425,1
1571,1056529,453.0,450.0,1,16425,2
1571,1056530,1272.5,471.25,2,16425,3
1571,1056531,1054.0,470.0,2,16425,4
1571,1056532,1678.5,515.5,1,16426,0
1571,1056533,1207.0,475.5,1,16426,1
1571,1056534,1880.75,465.75,2,16426,2
1571,1056535,742.5,476.0,1,16427,0
1571,1056536,26.5,478.0,1,16427,1
1571,1056537,453.0,450.0,1,16427,2
1571,1056538,518.75,471.25,2,16427,3
1571,1056539,182.0,502.75,2,16427,4
1571,1056540,453.0,450.0,1,16428,0
1571,1056541,1036.5,470.5,1,16428,1
1571,1056542,518.75,471.25,2,16428,2
1571,1056543,182.0,502.75,2,16428,3
1571,1056544,742.5,476.0,1,16428,4
1571,1056545,1272.5,471.25,2,16429,0
1571,1056546,1207.0,475.5,1,16429,1
1571,1056547,242.5,485.0,1,16429,2
1571,1056548,523.0,476.5,1,16429,3
1571,1056549,509.5,392.5,1,16430,0
1571,1056550,527.25,347.5,2,16430,1
1571,1056551,1207.0,475.5,1,16431,0
1571,1056552,1889.0,463.5,1,16431,1
1571,1056553,1632.1666259765625,491.9166564941406,2,16431,2
1571,1056554,302.5,650.5,1,16431,3
1571,1056555,911.5,601.0,1,16431,4
1571,1056556,1054.0,470.0,2,16431,5
1571,1056557,1272.5,471.25,2,16431,6
1571,1056558,1729.0,449.0,2,16431,7
1581,1056456,1409.5,423.5,1,16406,0
1581,1056457,1680.5,447.0,1,16406,1
1581,1056458,1654.0,445.5,1,16406,2
1581,1056459,518.75,471.25,2,16407,0
1581,1056460,242.5,485.0,1,16407,1
1581,1056461,1054.0,470.0,2,16407,2
1581,1056462,1256.5,474.5,1,16407,3
1581,1056463,453.0,450.0,1,16407,4
1581,1056464,742.5,476.0,1,16407,5
1581,1056465,1880.75,465.75,2,16408,0
1581,1056466,1678.5,515.5,1,16408,1
1581,1056467,1207.0,475.5,1,16408,2
1581,1056468,1777.5,451.0,1,16408,3
1581,1056469,499.5,344.0,1,16409,0
1581,1056470,509.5,392.5,1,16409,1
1581,1056471,1654.0,445.5,1,16410,0
1581,1056472,1207.0,475.5,1,16410,1
1581,1056473,1729.0,449.0,2,16410,2
1581,1056474,1409.5,423.5,1,16410,3
1581,1056475,1054.0,470.0,2,16411,0
1581,1056476,453.0,450.0,1,16411,1
1581,1056477,182.0,502.75,2,16411,2
1581,1056478,518.75,471.25,2,16411,3
1581,1056479,1207.0,475.5,1,16411,4
1581,1056480,1272.5,471.25,2,16412,0
1581,1056481,242.5,485.0,1,16412,1
1581,1056482,518.75,471.25,2,16412,2
1581,1056483,1207.0,475.5,1,16412,3
1581,1056484,242.5,485.0,1,16413,0
1581,1056485,514.5,466.0,1,16413,1
1581,1056486,1054.0,470.0,2,16413,2
1581,1056487,453.0,450.0,1,16413,3
1581,1056488,1272.5,471.25,2,16413,4
1581,1056489,742.5,476.0,1,16413,5
1581,1056490,1544.5,515.5,1,16414,0
1581,1056491,302.5,650.5,1,16414,1
1581,1056492,911.5,601.0,1,16414,2
1581,1056493,610.5,638.5,1,16414,3
1581,1056494,1207.0,475.5,1,16414,4
1581,1056495,555.0,351.0,1,16415,0
1581,1056496,509.5,392.5,1,16415,1
1581,1056497,302.5,650.5,1,16416,0
1581,1056498,911.5,601.0,1,16416,1
1581,1056499,1207.0,475.5,1,16416,2
1581,1056500,1544.5,515.5,1,16416,3
1581,1056501,1729.0,449.0,2,16417,0
1581,1056502,1207.0,475.5,1,16417,1
1581,1056503,1889.0,463.5,1,16417,2
1581,1056504,1654.0,445.5,1,16417,3
1581,1056505,1729.0,449.0,2,16418,0
1581,1056506,1409.5,423.5,1,16418,1
1581,1056507,1207.0,475.5,1,16418,2
1581,1056508,1654.0,445.5,1,16418,3
1581,1056509,911.5,601.0,1,16419,0
1581,1056510,1207.0,475.5,1,16419,1
1581,1056511,1544.5,515.5,1,16419,2
1581,1056512,302.5,650.5,1,16419,3
1581,1056513,121.5,520.5,1,16420,0
1581,1056514,1054.0,470.0,2,16420,1
1581,1056515,453.0,450.0,1,16420,2
1581,1056516,742.5,476.0,1,16420,3
1581,1056517,1880.75,465.75,2,16421,0
1581,1056518,1678.5,515.5,1,16421,1
1581,1056519,1054.0,470.0,2,16422,0
1581,1056520,518.75,471.25,2,16422,1
1581,1056521,1207.0,475.5,1,16422,2
1581,1056522,182.0,502.75,2,16422,3
1581,1056523,26.5,478.0,1,16423,0
1581,1056524,742.5,476.0,1,16423,1
1581,1056525,610.5,638.5,1,16424,0
1581,1056526,1544.5,515.5,1,16424,1
1581,1056527,518.75,471.25,2,16425,0
1581,1056528,742.5,476.0,1,16425,1
1581,1056529,453.0,450.0,1,16425,2
1581,1056530,1272.5,471.25,2,16425,3
1581,1056531,1054.0,470.0,2,16425,4
1581,1056532,1678.5,515.5,1,16426,0
1581,1056533,1207.0,475.5,1,16426,1
1581,1056534,1880.75,465.75,2,16426,2
1581,1056535,742.5,476.0,1,16427,0
1581,1056536,26.5,478.0,1,16427,1
1581,1056537,453.0,450.0,1,16427,2
1581,1056538,518.75,471.25,2,16427,3
1581,1056539,182.0,502.75,2,16427,4
1581,1056540,453.0,450.0,1,16428,0
1581,1056541,1036.5,470.5,1,16428,1
1581,1056542,518.75,471.25,2,16428,2
1581,1056543,182.0,502.75,2,16428,3
1581,1056544,742.5,476.0,1,16428,4
1581,1056545,1272.5,471.25,2,16429,0
1581,1056546,1207.0,475.5,1,16429,1
1581,1056547,242.5,485.0,1,16429,2
1581,1056548,523.0,476.5,1,16429,3
1581,1056549,509.5,392.5,1,16430,0
1581,1056550,527.25,347.5,2,16430,1
1581,1056551,1207.0,475.5,1,16431,0
1581,1056552,1889.0,463.5,1,16431,1
1581,1056553,1632.1666259765625,491.9166564941406,3,16431,2
1581,1056554,302.5,650.5,1,16431,3
1581,1056555,911.5,601.0,1,16431,4
1581,1056556,1054.0,470.0,2,16431,5
1581,1056557,1272.5,471.25,2,16431,6
1581,1056558,1729.0,449.0,2,16431,7
1591,1056456,1409.5,423.5,1,16406,0
1591,1056457,1680.5,447.0,1,16406,1
1591,1056458,1654.0,445.5,1,16406,2
1591,1056459,518.75,471.25,2,16407,0
1591,1056460,242.5,485.0,1,16407,1
1591,1056461,1054.0,470.0,2,16407,2
1591,1056462,1256.5,474.5,1,16407,3
1591,1056463,453.0,450.0,1,16407,4
1591,1056464,742.5,476.0,1,16407,5
1591,1056465,1880.75,465.75,2,16408,0
1591,1056466,1678.5,515.5,1,16408,1
1591,1056467,1207.0,475.5,1,16408,2
1591,1056468,1777.5,451.0,1,16408,3
1591,1056469,499.5,344.0,1,16409,0
1591,1056470,509.5,392.5,1,16409,1
1591,1056471,1654.0,445.5,1,16410,0
1591,1056472,1207.0,475.5,1,16410,1
1591,1056473,1729.0,449.0,2,16410,2
1591,1056474,1409.5,423.5,1,16410,3
1591,1056475,1054.0,470.0,2,16411,0
1591,1056476,453.0,450.0,1,16411,1
1591,1056477,182.0,502.75,2,16411,2
1591,1056478,518.75,471.25,2,16411,3
1591,1056479,1207.0,475.5,1,16411,4
1591,1056480,1272.5,471.25,2,16412,0
1591,1056481,242.5,485.0,1,16412,1
1591,1056482,518.75,471.25,2,16412,2
1591,1056483,1207.0,475.5,1,16412,3
1591,1056484,242.5,485.0,1,16413,0
1591,1056485,514.5,466.0,1,16413,1
1591,1056486,1054.0,470.0,2,16413,2
1591,1056487,453.0,450.0,1,16413,3
1591,1056488,1272.5,471.25,2,16413,4
1591,1056489,742.5,476.0,1,16413,5
1591,1056490,1544.5,515.5,1,16414,0
1591,1056491,302.5,650.5,1,16414,1
1591,1056492,911.5,601.0,1,16414,2
1591,1056493,610.5,638.5,1,16414,3
1591,1056494,1207.0,475.5,1,16414,4
1591,1056495,555.0,351.0,1,16415,0
1591,1056496,509.5,392.5,1,16415,1
1591,1056497,302.5,650.5,1,16416,0
1591,1056498,911.5,601.0,1,16416,1
1591,1056499,1207.0,475.5,1,16416,2
1591,1056500,1544.5,515.5,1,16416,3
1591,1056501,1729.0,449.0,2,16417,0
1591,1056502,1207.0,475.5,1,16417,1
1591,1056503,1889.0,463.5,1,16417,2
1591,1056504,1654.0,445.5,1,16417,3
1591,1056505,1729.0,449.0,2,16418,0
1591,1056506,1409.5,423.5,1,16418,1
1591,1056507,1207.0,475.5,1,16418,2
1591,1056508,1654.0,445.5,1,16418,3
1591,1056509,911.5,601.0,1,16419,0
1591,1056510,1207.0,475.5,1,16419,1
1591,1056511,1544.5,515.5,1,16419,2
1591,1056512,302.5,650.5,1,16419,3
1591,1056513,121.5,520.5,1,16420,0
1591,1056514,1054.0,470.0,2,16420,1
1591,1056515,453.0,450.0,1,16420,2
1591,1056516,742.5,476.0,1,16420,3
1591,1056517,1880.75,465.75,2,16421,0
1591,1056518,1678.5,515.5,1,16421,1
1591,1056519,1054.0,470.0,2,16422,0
1591,1056520,518.75,471.25,2,16422,1
1591,1056521,1207.0,475.5,1,16422,2
1591,1056522,182.0,502.75,2,16422,3
1591,1056523,26.5,478.0,1,16423,0
1591,1056524,742.5,476.0,1,16423,1
1591,1056525,610.5,638.5,1,16424,0
1591,1056526,1544.5,515.5,1,16424,1
1591,1056527,518.75,471.25,2,16425,0
1591,1056528,742.5,476.0,1,16425,1
1591,1056529,453.0,450.0,1,16425,2
1591,1056530,1272.5,471.25,2,16425,3
1591,1056531,1054.0,470.0,2,16425,4
1591,1056532,1678.5,515.5,1,16426,0
1591,1056533,1207.0,475.5,1,16426,1
1591,1056534,1880.75,465.75,2,16426,2
1591,1056535,742.5,476.0,1,16427,0
1591,1056536,26.5,478.0,1,16427,1
1591,1056537,453.0,450.0,1,16427,2
1591,1056538,518.75,471.25,2,16427,3
1591,1056539,182.0,502.75,2,16427,4
1591,1056540,453.0,450.0,1,16428,0
1591,1056541,1036.5,470.5,1,16428,1
1591,1056542,518.75,471.25,2,16428,2
1591,1056543,182.0,502.75,2,16428,3
1591,1056544,742.5,476.0,1,16428,4
1591,1056545,1272.5,471.25,2,16429,0
1591,1056546,1207.0,475.5,1,16429,1
1591,1056547,242.5,485.0,1,16429,2
1591,1056548,523.0,476.5,1,16429,3
1591,1056549,509.5,392.5,1,16430,0
1591,1056550,527.25,347.5,2,16430,1
1591,1056551,1207.0,475.5,1,16431,0
1591,1056552,1889.0,463.5,1,16431,1
1591,1056553,1632.1666259765625,491.9166564941406,3,16431,2
1591,1056554,302.5,650.5,1,16431,3
1591,1056555,911.5,601.0,1,16431,4
1591,1056556,1054.0,470.0,2,16431,5
1591,1056557,1272.5,471.25,2,16431,6
1591,1056558,1729.0,449.0,2,16431,7
1601,1056456,1409.5,423.5,1,16406,0
1601,1056457,1680.5,447.0,1,16406,1
1601,1056458,1654.0,445.5,1,16406,2
1601,1056459,518.75,471.25,2,16407,0
1601,1056460,242.5,485.0,1,16407,1
1601,1056461,1054.0,470.0,2,16407,2
1601,1056462,1256.5,474.5,1,16407,3
1601,1056463,453.0,450.0,1,16407,4
1601,1056464,742.5,476.0,1,16407,5
1601,1056465,1880.75,465.75,2,16408,0
1601,1056466,1678.5,515.5,1,16408,1
1601,1056467,1207.0,475.5,1,16408,2
1601,1056468,1777.5,451.0,1,16408,3
1601,1056469,499.5,344.0,1,16409,0
1601,1056470,509.5,392.5,1,16409,1
1601,1056471,1654.0,445.5,1,16410,0
1601,1056472,1207.0,475.5,1,16410,1
1601,1056473,1729.0,449.0,2,16410,2
1601,1056474,1409.5,423.5,1,16410,3
1601,1056475,1054.0,470.0,2,16411,0
1601,1056476,453.0,450.0,1,16411,1
1601,1056477,182.0,502.75,2,16411,2
1601,1056478,518.75,471.25,2,16411,3
1601,1056479,1207.0,475.5,1,16411,4
1601,1056480,1272.5,471.25,2,16412,0
1601,1056481,242.5,485.0,1,16412,1
1601,1056482,518.75,471.25,2,16412,2
1601,1056483,1207.0,475.5,1,16412,3
1601,1056484,242.5,485.0,1,16413,0
1601,1056485,514.5,466.0,1,16413,1
1601,1056486,1054.0,470.0,2,16413,2
1601,1056487,453.0,450.0,1,16413,3
1601,1056488,1272.5,471.25,2,16413,4
1601,1056489,742.5,476.0,1,16413,5
1601,1056490,1544.5,515.5,1,16414,0
1601,1056491,302.5,650.5,1,16414,1
1601,1056492,911.5,601.0,1,16414,2
1601,1056493,610.5,638.5,1,16414,3
1601,1056494,1207.0,475.5,1,16414,4
1601,1056495,555.0,351.0,1,16415,0
1601,1056496,509.5,392.5,1,16415,1
1601,1056497,302.5,650.5,1,16416,0
1601,1056498,911.5,601.0,1,16416,1
1601,1056499,1207.0,475.5,1,16416,2
1601,1056500,1544.5,515.5,1,16416,3
1601,1056501,1729.0,449.0,2,16417,0
1601,1056502,1207.0,475.5,1,16417,1
1601,1056503,1889.0,463.5,1,16417,2
1601,1056504,1654.0,445.5,1,16417,3
1601,1056505,1729.0,449.0,2,16418,0
1601,1056506,1409.5,423.5,1,16418,1
1601,1056507,1207.0,475.5,1,16418,2
1601,1056508,1654.0,445.5,1,16418,3
1601,1056509,911.5,601.0,1,16419,0
1601,1056510,1207.0,475.5,1,16419,1
1601,1056511,1544.5,515.5,1,16419,2
1601,1056512,302.5,650.5,1,16419,3
1601,1056513,121.5,520.5,1,16420,0
1601,1056514,1054.0,470.0,2,16420,1
1601,1056515,453.0,450.0,1,16420,2
1601,1056516,742.5,476.0,1,16420,3
1601,1056517,1880.75,465.75,2,16421,0
1601,1056518,1678.5,515.5,1,16421,1
1601,1056519,1054.0,470.0,2,16422,0
1601,1056520,518.75,471.25,2,16422,1
1601,1056521,1207.0,475.5,1,16422,2
1601,1056522,182.0,502.75,2,16422,3
1601,1056523,26.5,478.0,1,16423,0
1601,1056524,742.5,476.0,1,16423,1
1601,1056525,610.5,638.5,1,16424,0
1601,1056526,1544.5,515.5,1,16424,1
1601,1056527,518.75,471.25,2,16425,0
1601,1056528,742.5,476.0,1,16425,1
1601,1056529,453.0,450.0,1,16425,2
1601,1056530,1272.5,471.25,2,16425,3
1601,1056531,1054.0,470.0,2,16425,4
1601,1056532,1678.5,515.5,1,16426,0
1601,1056533,1207.0,475.5,1,16426,1
1601,1056534,1880.75,465.75,2,16426,2
1601,1056535,742.5,476.0,1,16427,0
1601,1056536,26.5,478.0,1,16427,1
1601,1056537,453.0,450.0,1,16427,2
1601,1056538,518.75,471.25,2,16427,3
1601,1056539,182.0,502.75,2,16427,4
1601,1056540,453.0,450.0,1,16428,0
1601,1056541,1036.5,470.5,1,16428,1
1601,1056542,518.75,471.25,2,16428,2
1601,1056543,182.0,502.75,2,16428,3
1601,1056544,742.5,476.0,1,16428,4
1601,1056545,1272.5,471.25,2,16429,0
1601,1056546,1207.0,475.5,1,16429,1
1601,1056547,242.5,485.0,1,16429,2
1601,1056548,523.0,476.5,1,16429,3
1601,1056549,509.5,392.5,1,16430,0
1601,1056550,527.25,347.5,2,16430,1
1601,1056551,1207.0,475.5,1,16431,0
1601,1056552,1889.0,463.5,1,16431,1
1601,1056553,1632.1666259765625,491.9166564941406,3,16431,2
1601,1056554,302.5,650.5,1,16431,3
1601,1056555,911.5,601.0,1,16431,4
1601,1056556,1054.0,470.0,2,16431,5
1601,1056557,1272.5,471.25,2,16431,6
1601,1056558,1729.0,449.0,2,16431,7
1611,1056456,1409.5,423.5,1,16406,0
1611,1056457,1680.5,447.0,1,16406,1
1611,1056458,1654.0,445.5,1,16406,2
1611,1056459,518.75,471.25,2,16407,0
1611,1056460,242.5,485.0,1,16407,1
1611,1056461,1054.0,470.0,2,16407,2
1611,1056462,1256.5,474.5,1,16407,3
1611,1056463,453.0,450.0,1,16407,4
1611,1056464,742.5,476.0,1,16407,5
1611,1056465,1880.75,465.75,2,16408,0
1611,1056466,1678.5,515.5,1,16408,1
1611,1056467,1207.0,475.5,1,16408,2
1611,1056468,1777.5,451.0,1,16408,3
1611,1056469,499.5,344.0,1,16409,0
1611,1056470,509.5,392.5,1,16409,1
1611,1056471,1654.0,445.5,1,16410,0
1611,1056472,1207.0,475.5,1,16410,1
1611,1056473,1729.0,449.0,2,16410,2
1611,1056474,1409.5,423.5,1,16410,3
1611,1056475,1054.0,470.0,2,16411,0
1611,1056476,453.0,450.0,1,16411,1
1611,1056477,182.0,502.75,2,16411,2
1611,1056478,518.75,471.25,2,16411,3
1611,1056479,1207.0,475.5,1,16411,4
1611,1056480,1272.5,471.25,2,16412,0
1611,1056481,242.5,485.0,1,16412,1
1611,1056482,518.75,471.25,2,16412,2
1611,1056483,1207.0,475.5,1,16412,3
1611,1056484,242.5,485.0,1,16413,0
1611,1056485,514.5,466.0,1,16413,1
1611,1056486,1054.0,470.0,2,16413,2
1611,1056487,453.0,450.0,1,16413,3
1611,1056488,1272.5,471.25,2,16413,4
1611,1056489,742.5,476.0,1,16413,5
1611,1056490,1544.5,515.5,1,16414,0
1611,1056491,302.5,650.5,1,16414,1
1611,1056492,911.5,601.0,1,16414,2
1611,1056493,610.5,638.5,1,16414,3
1611,1056494,1207.0,475.5,1,16414,4
1611,1056495,555.0,351.0,1,16415,0
1611,1056496,509.5,392.5,1,16415,1
1611,1056497,302.5,650.5,1,16416,0
1611,1056498,911.5,601.0,1,16416,1
1611,1056499,1207.0,475.5,1,16416,2
1611,1056500,1544.5,515.5,1,16416,3
1611,1056501,1729.0,449.0,2,16417,0
1611,1056502,1207.0,475.5,1,16417,1
1611,1056503,1889.0,463.5,1,16417,2
1611,1056504,1654.0,445.5,1,16417,3
1611,1056505,1729.0,449.0,2,16418,0
1611,1056506,1409.5,423.5,1,16418,1
1611,1056507,1207.0,475.5,1,16418,2
1611,1056508,1654.0,445.5,1,16418,3
1611,1056509,911.5,601.0,1,16419,0
1611,1056510,1207.0,475.5,1,16419,1
1611,1056511,1544.5,515.5,1,16419,2
1611,1056512,302.5,650.5,1,16419,3
1611,1056513,121.5,520.5,1,16420,0
1611,1056514,1054.0,470.0,2,16420,1
1611,1056515,453.0,450.0,1,16420,2
1611,1056516,742.5,476.0,1,16420,3
1611,1056517,1880.75,465.75,2,16421,0
1611,1056518,1678.5,515.5,1,16421,1
1611,1056519,1054.0,470.0,2,16422,0
1611,1056520,518.75,471.25,2,16422,1
1611,1056521,1207.0,475.5,1,16422,2
1611,1056522,182.0,502.75,2,16422,3
1611,1056523,26.5,478.0,1,16423,0
1611,1056524,742.5,476.0,1,16423,1
1611,1056525,610.5,638.5,1,16424,0
1611,1056526,1544.5,515.5,1,16424,1
1611,1056527,518.75,471.25,2,16425,0
1611,1056528,742.5,476.0,1,16425,1
1611,1056529,453.0,450.0,1,16425,2
1611,1056530,1272.5,471.25,2,16425,3
1611,1056531,1054.0,470.0,2,16425,4
1611,1056532,1678.5,515.5,1,16426,0
1611,1056533,1207.0,475.5,1,16426,1
1611,1056534,1880.75,465.75,2,16426,2
1611,1056535,742.5,476.0,1,16427,0
1611,1056536,26.5,478.0,1,16427,1
1611,1056537,453.0,450.0,1,16427,2
1611,1056538,518.75,471.25,2,16427,3
1611,1056539,182.0,502.75,2,16427,4
1611,1056540,453.0,450.0,1,16428,0
1611,1056541,1036.5,470.5,1,16428,1
1611,1056542,518.75,471.25,2,16428,2
1611,1056543,182.0,502.75,2,16428,3
1611,1056544,742.5,476.0,1,16428,4
1611,1056545,1272.5,471.25,2,16429,0
1611,1056546,1207.0,475.5,1,16429,1
1611,1056547,242.5,485.0,1,16429,2
1611,1056548,523.0,476.5,1,16429,3
1611,1056549,509.5,392.5,1,16430,0
1611,1056550,527.25,347.5,2,16430,1
1611,1056551,1207.0,475.5,1,16431,0
1611,1056552,1889.0,463.5,1,16431,1
1611,1056553,1632.1666259765625,491.9166564941406,3,16431,2
1611,1056554,302.5,650.5,1,16431,3
1611,1056555,911.5,601.0,1,16431,4
1611,1056556,1054.0,470.0,2,16431,5
1611,1056557,1272.5,471.25,2,16431,6
1611,1056558,1729.0,449.0,2,16431,7
1621,1056456,1409.5,423.5,1,16406,0
1621,1056457,1680.5,447.0,1,16406,1
1621,1056458,1654.0,445.5,1,16406,2
1621,1056459,518.75,471.25,2,16407,0
1621,1056460,242.5,485.0,1,16407,1
1621,1056461,1054.0,470.0,2,16407,2
1621,1056462,1256.5,474.5,1,16407,3
1621,1056463,453.0,450.0,1,16407,4
1621,1056464,742.5,476.0,1,16407,5
1621,1056465,1880.75,465.75,2,16408,0
1621,1056466,1678.5,515.5,1,16408,1
1621,1056467,1207.0,475.5,1,16408,2
1621,1056468,1777.5,451.0,1,16408,3
1621,1056469,499.5,344.0,1,16409,0
1621,1056470,509.5,392.5,1,16409,1
1621,1056471,1654.0,445.5,1,16410,0
1621,1056472,1207.0,475.5,1,16410,1
1621,1056473,1729.0,449.0,2,16410,2
1621,1056474,1409.5,423.5,1,16410,3
1621,1056475,1054.0,470.0,2,16411,0
1621,1056476,453.0,450.0,1,16411,1
1621,1056477,182.0,502.75,2,16411,2
1621,1056478,518.75,471.25,2,16411,3
1621,1056479,1207.0,475.5,1,16411,4
1621,1056480,1272.5,471.25,2,16412,0
1621,1056481,242.5,485.0,1,16412,1
1621,1056482,518.75,471.25,2,16412,2
1621,1056483,1207.0,475.5,1,16412,3
1621,1056484,242.5,485.0,1,16413,0
1621,1056485,514.5,466.0,1,16413,1
1621,1056486,1054.0,470.0,2,16413,2
1621,1056487,453.0,450.0,1,16413,3
1621,1056488,1272.5,471.25,2,16413,4
1621,1056489,742.5,476.0,1,16413,5
1621,1056490,1544.5,515.5,1,16414,0
1621,1056491,302.5,650.5,1,16414,1
1621,1056492,911.5,601.0,1,16414,2
1621,1056493,610.5,638.5,1,16414,3
1621,1056494,1207.0,475.5,1,16414,4
1621,1056495,555.0,351.0,1,16415,0
1621,1056496,509.5,392.5,1,16415,1
1621,1056497,302.5,650.5,1,16416,0
1621,1056498,911.5,601.0,1,16416,1
1621,1056499,1207.0,475.5,1,16416,2
1621,1056500,1544.5,515.5,1,16416,3
1621,1056501,1729.0,449.0,2,16417,0
1621,1056502,1207.0,475.5,1,16417,1
1621,1056503,1889.0,463.5,1,16417,2
1621,1056504,1654.0,445.5,1,16417,3
1621,1056505,1729.0,449.0,2,16418,0
1621,1056506,1409.5,423.5,1,16418,1
1621,1056507,1207.0,475.5,1,16418,2
1621,1056508,1654.0,445.5,1,16418,3
1621,1056509,911.5,601.0,1,16419,0
1621,1056510,1207.0,475.5,1,16419,1
1621,1056511,1544.5,515.5,1,16419,2
1621,1056512,302.5,650.5,1,16419,3
1621,1056513,121.5,520.5,1,16420,0
1621,1056514,1054.0,470.0,2,16420,1
1621,1056515,453.0,450.0,1,16420,2
1621,1056516,742.5,476.0,1,16420,3
1621,1056517,1880.75,465.75,2,16421,0
1621,1056518,1678.5,515.5,1,16421,1
1621,1056519,1054.0,470.0,2,16422,0
1621,1056520,518.75,471.25,2,16422,1
1621,1056521,1207.0,475.5,1,16422,2
1621,1056522,182.0,502.75,2,16422,3
1621,1056523,26.5,478.0,1,16423,0
1621,1056524,742.5,476.0,1,16423,1
1621,1056525,610.5,638.5,1,16424,0
1621,1056526,1544.5,515.5,1,16424,1
1621,1056527,518.75,471.25,2,16425,0
1621,1056528,742.5,476.0,1,16425,1
1621,1056529,453.0,450.0,1,16425,2
1621,1056530,1272.5,471.25,2,16425,3
1621,1056531,1054.0,470.0,2,16425,4
1621,1056532,1678.5,515.5,1,16426,0
1621,1056533,1207.0,475.5,1,16426,1
1621,1056534,1880.75,465.75,2,16426,2
1621,1056535,742.5,476.0,1,16427,0
1621,1056536,26.5,478.0,1,16427,1
1621,1056537,453.0,450.0,1,16427,2
1621,1056538,518.75,471.25,2,16427,3
1621,1056539,182.0,502.75,2,16427,4
1621,1056540,453.0,450.0,1,16428,0
1621,1056541,1036.5,470.5,1,16428,1
1621,1056542,518.75,471.25,2,16428,2
1621,1056543,182.0,502.75,2,16428,3
1621,1056544,742.5,476.0,1,16428,4
1621,1056545,1272.5,471.25,2,16429,0
1621,1056546,1207.0,475.5,1,16429,1
1621,1056547,242.5,485.0,1,16429,2
1621,1056548,523.0,476.5,1,16429,3
1621,1056549,509.5,392.5,1,16430,0
1621,1056550,527.25,347.5,2,16430,1
1621,1056551,1207.0,475.5,1,16431,0
1621,1056552,1889.0,463.5,1,16431,1
1621,1056553,1632.1666259765625,491.9166564941406,3,16431,2
1621,1056554,302.5,650.5,1,16431,3
1621,1056555,911.5,601.0,1,16431,4
1621,1056556,1054.0,470.0,2,16431,5
1621,1056557,1272.5,471.25,2,16431,6
1621,1056558,1729.0,449.0,2,16431,7
1631,1056456,1409.5,423.5,1,16406,0
1631,1056457,1680.5,447.0,1,16406,1
1631,1056458,1654.0,445.5,1,16406,2
1631,1056459,518.75,471.25,2,16407,0
1631,1056460,242.5,485.0,1,16407,1
1631,1056461,1054.0,470.0,2,16407,2
1631,1056462,1256.5,474.5,1,16407,3
1631,1056463,453.0,450.0,1,16407,4
1631,1056464,742.5,476.0,1,16407,5
1631,1056465,1880.75,465.75,2,16408,0
1631,1056466,1678.5,515.5,1,16408,1
1631,1056467,1207.0,475.5,1,16408,2
1631,1056468,1777.5,451.0,1,16408,3
1631,1056469,499.5,344.0,1,16409,0
1631,1056470,509.5,392.5,1,16409,1
1631,1056471,1654.0,445.5,1,16410,0
1631,1056472,1207.0,475.5,1,16410,1
1631,1056473,1729.0,449.0,2,16410,2
1631,1056474,1409.5,423.5,1,16410,3
1631,1056475,1054.0,470.0,2,16411,0
1631,1056476,453.0,450.0,1,16411,1
1631,1056477,182.0,502.75,2,16411,2
1631,1056478,518.75,471.25,2,16411,3
1631,1056479,1207.0,475.5,1,16411,4
1631,1056480,1272.5,471.25,2,16412,0
1631,1056481,242.5,485.0,1,16412,1
1631,1056482,518.75,471.25,2,16412,2
1631,1056483,1207.0,475.5,1,16412,3
1631,1056484,242.5,485.0,1,16413,0
1631,1056485,514.5,466.0,1,16413,1
1631,1056486,1054.0,470.0,2,16413,2
1631,1056487,453.0,450.0,1,16413,3
1631,1056488,1272.5,471.25,2,16413,4
1631,1056489,742.5,476.0,1,16413,5
1631,1056490,1544.5,515.5,1,16414,0
1631,1056491,302.5,650.5,1,16414,1
1631,1056492,911.5,601.0,1,16414,2
1631,1056493,610.5,638.5,1,16414,3
1631,1056494,1207.0,475.5,1,16414,4
1631,1056495,555.0,351.0,1,16415,0
1631,1056496,509.5,392.5,1,16415,1
1631,1056497,302.5,650.5,1,16416,0
1631,1056498,911.5,601.0,1,16416,1
1631,1056499,1207.0,475.5,1,16416,2
1631,1056500,1544.5,515.5,1,16416,3
1631,1056501,1729.0,449.0,2,16417,0
1631,1056502,1207.0,475.5,1,16417,1
1631,1056503,1889.0,463.5,1,16417,2
1631,1056504,1654.0,445.5,1,16417,3
1631,1056505,1729.0,449.0,2,16418,0
1631,1056506,1409.5,423.5,1,16418,1
1631,1056507,1207.0,475.5,1,16418,2
1631,1056508,1654.0,445.5,1,16418,3
1631,1056509,911.5,601.0,1,16419,0
1631,1056510,1207.0,475.5,1,16419,1
1631,1056511,1544.5,515.5,1,16419,2
1631,1056512,302.5,650.5,1,16419,3
1631,1056513,121.5,520.5,1,16420,0
1631,1056514,1054.0,470.0,2,16420,1
1631,1056515,453.0,450.0,1,16420,2
1631,1056516,742.5,476.0,1,16420,3
1631,1056517,1880.75,465.75,2,16421,0
1631,1056518,1678.5,515.5,1,16421,1
1631,1056519,1054.0,470.0,2,16422,0
1631,1056520,518.75,471.25,2,16422,1
1631,1056521,1207.0,475.5,1,16422,2
1631,1056522,182.0,502.75,2,16422,3
1631,1056523,26.5,478.0,1,16423,0
1631,1056524,742.5,476.0,1,16423,1
1631,1056525,610.5,638.5,1,16424,0
1631,1056526,1544.5,515.5,1,16424,1
1631,1056527,518.75,471.25,2,16425,0
1631,1056528,742.5,476.0,1,16425,1
1631,1056529,453.0,450.0,1,16425,2
1631,1056530,1272.5,471.25,2,16425,3
1631,1056531,1054.0,470.0,2,16425,4
1631,1056532,1678.5,515.5,1,16426,0
1631,1056533,1207.0,475.5,1,16426,1
1631,1056534,1880.75,465.75,2,16426,2
1631,1056535,742.5,476.0,1,16427,0
1631,1056536,26.5,478.0,1,16427,1
1631,1056537,453.0,450.0,1,16427,2
1631,1056538,518.75,471.25,2,16427,3
1631,1056539,182.0,502.75,2,16427,4
1631,1056540,453.0,450.0,1,16428,0
1631,1056541,1036.5,470.5,1,16428,1
1631,1056542,518.75,471.25,2,16428,2
1631,1056543,182.0,502.75,2,16428,3
1631,1056544,742.5,476.0,1,16428,4
1631,1056545,1272.5,471.25,2,16429,0
1631,1056546,1207.0,475.5,1,16429,1
1631,1056547,242.5,485.0,1,16429,2
1631,1056548,523.0,476.5,1,16429,3
1631,1056549,509.5,392.5,1,16430,0
1631,1056550,527.25,347.5,2,16430,1
1631,1056551,1207.0,475.5,1,16431,0
1631,1056552,1889.0,463.5,1,16431,1
1631,1056553,1632.1666259765625,491.9166564941406,3,16431,2
1631,1056554,302.5,650.5,1,16431,3
1631,1056555,911.5,601.0,1,16431,4
1631,1056556,1054.0,470.0,2,16431,5
1631,1056557,1272.5,471.25,2,16431,6
1631,1056558,1729.0,449.0,2,16431,7
1641,1056456,1409.5,423.5,1,16406,0
1641,1056457,1680.5,447.0,1,16406,1
1641,1056458,1654.0,445.5,1,16406,2
1641,1056459,518.75,471.25,2,16407,0
1641,1056460,242.5,485.0,1,16407,1
1641,1056461,1054.0,470.0,2,16407,2
1641,1056462,1256.5,474.5,1,16407,3
1641,1056463,453.0,450.0,1,16407,4
1641,1056464,742.5,476.0,1,16407,5
1641,1056465,1880.75,465.75,2,16408,0
1641,1056466,1678.5,515.5,1,16408,1
1641,1056467,1207.0,475.5,1,16408,2
1641,1056468,1777.5,451.0,1,16408,3
1641,1056469,499.5,344.0,1,16409,0
1641,1056470,509.5,392.5,1,16409,1
1641,1056471,1654.0,445.5,1,16410,0
1641,1056472,1207.0,475.5,1,16410,1
1641,1056473,1729.0,449.0,2,16410,2
1641,1056474,1409.5,423.5,1,16410,3
1641,1056475,1054.0,470.0,2,16411,0
1641,1056476,453.0,450.0,1,16411,1
1641,1056477,182.0,502.75,2,16411,2
1641,1056478,518.75,471.25,2,16411,3
1641,1056479,1207.0,475.5,1,16411,4
1641,1056480,1272.5,471.25,2,16412,0
1641,1056481,242.5,485.0,1,16412,1
1641,1056482,518.75,471.25,2,16412,2
1641,1056483,1207.0,475.5,1,16412,3
1641,1056484,242.5,485.0,1,16413,0
1641,1056485,514.5,466.0,1,16413,1
1641,1056486,1054.0,470.0,2,16413,2
1641,1056487,453.0,450.0,1,16413,3
1641,1056488,1272.5,471.25,2,16413,4
1641,1056489,742.5,476.0,1,16413,5
1641,1056490,1544.5,515.5,1,16414,0
1641,1056491,302.5,650.5,1,16414,1
1641,1056492,911.5,601.0,1,16414,2
1641,1056493,610.5,638.5,1,16414,3
1641,1056494,1207.0,475.5,1,16414,4
1641,1056495,555.0,351.0,1,16415,0
1641,1056496,509.5,392.5,1,16415,1
1641,1056497,302.5,650.5,1,16416,0
1641,1056498,911.5,601.0,1,16416,1
1641,1056499,1207.0,475.5,1,16416,2
1641,1056500,1544.5,515.5,1,16416,3
1641,1056501,1729.0,449.0,2,16417,0
1641,1056502,1207.0,475.5,1,16417,1
1641,1056503,1889.0,463.5,1,16417,2
1641,1056504,1654.0,445.5,1,16417,3
1641,1056505,1729.0,449.0,2,16418,0
1641,1056506,1409.5,423.5,1,16418,1
1641,1056507,1207.0,475.5,1,16418,2
1641,1056508,1654.0,445.5,1,16418,3
1641,1056509,911.5,601.0,1,16419,0
1641,1056510,1207.0,475.5,1,16419,1
1641,1056511,1544.5,515.5,1,16419,2
1641,1056512,302.5,650.5,1,16419,3
1641,1056513,121.5,520.5,1,16420,0
1641,1056514,1054.0,470.0,2,16420,1
1641,1056515,453.0,450.0,1,16420,2
1641,1056516,742.5,476.0,1,16420,3
1641,1056517,1880.75,465.75,2,16421,0
1641,1056518,1678.5,515.5,1,16421,1
1641,1056519,1054.0,470.0,2,16422,0
1641,1056520,518.75,471.25,2,16422,1
1641,1056521,1207.0,475.5,1,16422,2
1641,1056522,182.0,502.75,2,16422,3
1641,1056523,26.5,478.0,1,16423,0
1641,1056524,742.5,476.0,1,16423,1
1641,1056525,610.5,638.5,1,16424,0
1641,1056526,1544.5,515.5,1,16424,1
1641,1056527,518.75,471.25,2,16425,0
1641,1056528,742.5,476.0,1,16425,1
1641,1056529,453.0,450.0,1,16425,2
1641,1056530,1272.5,471.25,2,16425,3
1641,1056531,1054.0,470.0,2,16425,4
1641,1056532,1678.5,515.5,1,16426,0
1641,1056533,1207.0,475.5,1,16426,1
1641,1056534,1880.75,465.75,2,16426,2
1641,1056535,742.5,476.0,1,16427,0
1641,1056536,26.5,478.0,1,16427,1
1641,1056537,453.0,450.0,1,16427,2
1641,1056538,518.75,471.25,2,16427,3
1641,1056539,182.0,502.75,2,16427,4
1641,1056540,453.0,450.0,1,16428,0
1641,1056541,1036.5,470.5,1,16428,1
1641,1056542,518.75,471.25,2,16428,2
1641,1056543,182.0,502.75,2,16428,3
1641,1056544,742.5,476.0,1,16428,4
1641,1056545,1272.5,471.25,2,16429,0
1641,1056546,1207.0,475.5,1,16429,1
1641,1056547,242.5,485.0,1,16429,2
1641,1056548,523.0,476.5,1,16429,3
1641,1056549,509.5,392.5,1,16430,0
1641,1056550,527.25,347.5,2,16430,1
1641,1056551,1207.0,475.5,1,16431,0
1641,1056552,1889.0,463.5,1,16431,1
1641,1056553,1632.1666259765625,491.9166564941406,3,16431,2
1641,1056554,302.5,650.5,1,16431,3
1641,1056555,911.5,601.0,1,16431,4
1641,1056556,1054.0,470.0,2,16431,5
1641,1056557,1272.5,471.25,2,16431,6
1641,1056558,1729.0,449.0,2,16431,7
1651,1056456,1409.5,423.5,1,16406,0
1651,1056457,1680.5,447.0,1,16406,1
1651,1056458,1654.0,445.5,1,16406,2
1651,1056459,518.75,471.25,2,16407,0
1651,1056460,242.5,485.0,1,16407,1
1651,1056461,1054.0,470.0,2,16407,2
1651,1056462,1256.5,474.5,1,16407,3
1651,1056463,453.0,450.0,1,16407,4
1651,1056464,742.5,476.0,1,16407,5
1651,1056465,1880.75,465.75,2,16408,0
1651,1056466,1678.5,515.5,1,16408,1
1651,1056467,1207.0,475.5,1,16408,2
1651,1056468,1777.5,451.0,1,16408,3
1651,1056469,499.5,344.0,1,16409,0
1651,1056470,509.5,392.5,1,16409,1
1651,1056471,1654.0,445.5,1,16410,0
1651,1056472,1207.0,475.5,1,16410,1
1651,1056473,1729.0,449.0,2,16410,2
1651,1056474,1409.5,423.5,1,16410,3
1651,1056475,1054.0,470.0,2,16411,0
1651,1056476,453.0,450.0,1,16411,1
1651,1056477,182.0,502.75,2,16411,2
1651,1056478,518.75,471.25,2,16411,3
1651,1056479,1207.0,475.5,1,16411,4
1651,1056480,1272.5,471.25,2,16412,0
1651,1056481,242.5,485.0,1,16412,1
1651,1056482,518.75,471.25,2,16412,2
1651,1056483,1207.0,475.5,1,16412,3
1651,1056484,242.5,485.0,1,16413,0
1651,1056485,514.5,466.0,1,16413,1
1651,1056486,1054.0,470.0,2,16413,2
1651,1056487,453.0,450.0,1,16413,3
1651,1056488,1272.5,471.25,2,16413,4
1651,1056489,742.5,476.0,1,16413,5
1651,1056490,1544.5,515.5,1,16414,0
1651,1056491,302.5,650.5,1,16414,1
1651,1056492,911.5,601.0,1,16414,2
1651,1056493,610.5,638.5,1,16414,3
1651,1056494,1207.0,475.5,1,16414,4
1651,1056495,555.0,351.0,1,16415,0
1651,1056496,509.5,392.5,1,16415,1
1651,1056497,302.5,650.5,1,16416,0
1651,1056498,911.5,601.0,1,16416,1
1651,1056499,1207.0,475.5,1,16416,2
1651,1056500,1544.5,515.5,1,16416,3
1651,1056501,1729.0,449.0,2,16417,0
1651,1056502,1207.0,475.5,1,16417,1
1651,1056503,1889.0,463.5,1,16417,2
1651,1056504,1654.0,445.5,1,16417,3
1651,1056505,1729.0,449.0,2,16418,0
1651,1056506,1409.5,423.5,1,16418,1
1651,1056507,1207.0,475.5,1,16418,2
1651,1056508,1654.0,445.5,1,16418,3
1651,1056509,911.5,601.0,1,16419,0
1651,1056510,1207.0,475.5,1,16419,1
1651,1056511,1544.5,515.5,1,16419,2
1651,1056512,302.5,650.5,1,16419,3
1651,1056513,121.5,520.5,1,16420,0
1651,1056514,1054.0,470.0,2,16420,1
1651,1056515,453.0,450.0,1,16420,2
1651,1056516,742.5,476.0,1,16420,3
1651,1056517,1880.75,465.75,2,16421,0
1651,1056518,1678.5,515.5,1,16421,1
1651,1056519,1054.0,470.0,2,16422,0
1651,1056520,518.75,471.25,2,16422,1
1651,1056521,1207.0,475.5,1,16422,2
1651,1056522,182.0,502.75,2,16422,3
1651,1056523,26.5,478.0,1,16423,0
1651,1056524,742.5,476.0,1,16423,1
1651,1056525,610.5,638.5,1,16424,0
1651,1056526,1544.5,515.5,1,16424,1
1651,1056527,518.75,471.25,2,16425,0
1651,1056528,742.5,476.0,1,16425,1
1651,1056529,453.0,450.0,1,16425,2
1651,1056530,1272.5,471.25,2,16425,3
1651,1056531,1054.0,470.0,2,16425,4
1651,1056532,1678.5,515.5,1,16426,0
1651,1056533,1207.0,475.5,1,16426,1
1651,1056534,1880.75,465.75,2,16426,2
1651,1056535,742.5,476.0,1,16427,0
1651,1056536,26.5,478.0,1,16427,1
1651,1056537,453.0,450.0,1,16427,2
1651,1056538,518.75,471.25,2,16427,3
1651,1056539,182.0,502.75,2,16427,4
1651,1056540,453.0,450.0,1,16428,0
1651,1056541,1036.5,470.5,1,16428,1
1651,1056542,518.75,471.25,2,16428,2
1651,1056543,182.0,502.75,2,16428,3
1651,1056544,742.5,476.0,1,16428,4
1651,1056545,1272.5,471.25,2,16429,0
1651,1056546,1207.0,475.5,1,16429,1
1651,1056547,242.5,485.0,1,16429,2
1651,1056548,523.0,476.5,1,16429,3
1651,1056549,509.5,392.5,1,16430,0
1651,1056550,527.25,347.5,2,16430,1
1651,1056551,1207.0,475.5,1,16431,0
1651,1056552,1889.0,463.5,1,16431,1
1651,1056553,1632.1666259765625,491.9166564941406,3,16431,2
1651,1056554,302.5,650.5,1,16431,3
1651,1056555,911.5,601.0,1,16431,4
1651,1056556,1054.0,470.0,2,16431,5
1651,1056557,1272.5,471.25,2,16431,6
1651,1056558,1729.0,449.0,2,16431,7
1661,1056456,1409.5,423.5,1,16406,0
1661,1056457,1680.5,447.0,1,16406,1
1661,1056458,1654.0,445.5,1,16406,2
1661,1056459,518.75,471.25,2,16407,0
1661,1056460,242.5,485.0,1,16407,1
1661,1056461,1054.0,470.0,2,16407,2
1661,1056462,1256.5,474.5,1,16407,3
1661,1056463,453.0,450.0,1,16407,4
1661,1056464,742.5,476.0,1,16407,5
1661,1056465,1880.75,465.75,2,16408,0
1661,1056466,1678.5,515.5,1,16408,1
1661,1056467,1207.0,475.5,1,16408,2
1661,1056468,1777.5,451.0,1,16408,3
1661,1056469,499.5,344.0,1,16409,0
1661,1056470,509.5,392.5,1,16409,1
1661,1056471,1654.0,445.5,1,16410,0
1661,1056472,1207.0,475.5,1,16410,1
1661,1056473,1729.0,449.0,2,16410,2
1661,1056474,1409.5,423.5,1,16410,3
1661,1056475,1054.0,470.0,2,16411,0
1661,1056476,453.0,450.0,1,16411,1
1661,1056477,182.0,502.75,2,16411,2
1661,1056478,518.75,471.25,2,16411,3
1661,1056479,1207.0,475.5,1,16411,4
1661,1056480,1272.5,471.25,2,16412,0
1661,1056481,242.5,485.0,1,16412,1
1661,1056482,518.75,471.25,2,16412,2
1661,1056483,1207.0,475.5,1,16412,3
1661,1056484,242.5,485.0,1,16413,0
1661,1056485,514.5,466.0,1,16413,1
1661,1056486,1054.0,470.0,2,16413,2
1661,1056487,453.0,450.0,1,16413,3
1661,1056488,1272.5,471.25,2,16413,4
1661,1056489,742.5,476.0,1,16413,5
1661,1056490,1544.5,515.5,1,16414,0
1661,1056491,302.5,650.5,1,16414,1
1661,1056492,911.5,601.0,1,16414,2
1661,1056493,610.5,638.5,1,16414,3
1661,1056494,1207.0,475.5,1,16414,4
1661,1056495,555.0,351.0,1,16415,0
1661,1056496,509.5,392.5,1,16415,1
1661,1056497,302.5,650.5,1,16416,0
1661,1056498,911.5,601.0,1,16416,1
1661,1056499,1207.0,475.5,1,16416,2
1661,1056500,1544.5,515.5,1,16416,3
1661,1056501,1729.0,449.0,2,16417,0
1661,1056502,1207.0,475.5,1,16417,1
1661,1056503,1889.0,463.5,1,16417,2
1661,1056504,1654.0,445.5,1,16417,3
1661,1056505,1729.0,449.0,2,16418,0
1661,1056506,1409.5,423.5,1,16418,1
1661,1056507,1207.0,475.5,1,16418,2
1661,1056508,1654.0,445.5,1,16418,3
1661,1056509,911.5,601.0,1,16419,0
1661,1056510,1207.0,475.5,1,16419,1
1661,1056511,1544.5,515.5,1,16419,2
1661,1056512,302.5,650.5,1,16419,3
1661,1056513,121.5,520.5,1,16420,0
1661,1056514,1054.0,470.0,2,16420,1
1661,1056515,453.0,450.0,1,16420,2
1661,1056516,742.5,476.0,1,16420,3
1661,1056517,1880.75,465.75,2,16421,0
1661,1056518,1678.5,515.5,1,16421,1
1661,1056519,1054.0,470.0,2,16422,0
1661,1056520,518.75,471.25,2,16422,1
1661,1056521,1207.0,475.5,1,16422,2
1661,1056522,182.0,502.75,2,16422,3
1661,1056523,26.5,478.0,1,16423,0
1661,1056524,742.5,476.0,1,16423,1
1661,1056525,610.5,638.5,1,16424,0
1661,1056526,1544.5,515.5,1,16424,1
1661,1056527,518.75,471.25,2,16425,0
1661,1056528,742.5,476.0,1,16425,1
1661,1056529,453.0,450.0,1,16425,2
1661,1056530,1272.5,471.25,2,16425,3
1661,1056531,1054.0,470.0,2,16425,4
1661,1056532,1678.5,515.5,1,16426,0
1661,1056533,1207.0,475.5,1,16426,1
1661,1056534,1880.75,465.75,2,16426,2
1661,1056535,742.5,476.0,1,16427,0
1661,1056536,26.5,478.0,1,16427,1
1661,1056537,453.0,450.0,1,16427,2
1661,1056538,518.75,471.25,2,16427,3
1661,1056539,182.0,502.75,2,16427,4
1661,1056540,453.0,450.0,1,16428,0
1661,1056541,1036.5,470.5,1,16428,1
1661,1056542,518.75,471.25,2,16428,2
1661,1056543,182.0,502.75,2,16428,3
1661,1056544,742.5,476.0,1,16428,4
1661,1056545,1272.5,471.25,2,16429,0
1661,1056546,1207.0,475.5,1,16429,1
1661,1056547,242.5,485.0,1,16429,2
1661,1056548,523.0,476.5,1,16429,3
1661,1056549,509.5,392.5,1,16430,0
1661,1056550,527.25,347.5,2,16430,1
1661,1056551,1207.0,475.5,1,16431,0
1661,1056552,1889.0,463.5,1,16431,1
1661,1056553,1632.1666259765625,491.9166564941406,3,16431,2
1661,1056554,302.5,650.5,1,16431,3
1661,1056555,911.5,601.0,1,16431,4
1661,1056556,1054.0,470.0,2,16431,5
1661,1056557,1272.5,471.25,2,16431,6
1661,1056558,1729.0,449.0,2,16431,7
1671,1056456,1419.5,424.5,1,16406,0
1671,1056457,1656.0,448.5,1,16406,1
1671,1056458,1624.5,447.0,1,16406,2
1671,1056459,543.25,472.25,2,16407,0
1671,1056460,290.5,487.0,1,16407,1
1671,1056461,999.5,473.75,2,16407,2
1671,1056462,1202.0,475.5,1,16407,3
1671,1056463,422.0,451.5,1,16407,4
1671,1056464,726.0,473.5,1,16407,5
1671,1056465,1857.0,466.5,2,16408,0
1671,1056466,1680.0,514.0,1,16408,1
1671,1056467,1219.5,480.5,1,16408,2
1671,1056468,1765.5,453.5,1,16408,3
1671,1056469,500.0,344.0,1,16409,0
1671,1056470,506.5,392.5,1,16409,1
1671,1056471,1624.5,447.0,1,16410,0
1671,1056472,1219.5,480.5,1,16410,1
1671,1056473,1710.75,451.0,2,16410,2
1671,1056474,1419.5,424.5,1,16410,3
1671,1056475,999.5,473.75,2,16411,0
1671,1056476,422.0,451.5,1,16411,1
1671,1056477,178.5,503.25,2,16411,2
1671,1056478,543.25,472.25,2,16411,3
1671,1056479,1219.5,480.5,1,16411,4
1671,1056480,1216.75,471.5,2,16412,0
1671,1056481,290.5,487.0,1,16412,1
1671,1056482,543.25,472.25,2,16412,2
1671,1056483,1219.5,480.5,1,16412,3
1671,1056484,290.5,487.0,1,16413,0
1671,1056485,513.5,466.0,1,16413,1
1671,1056486,999.5,473.75,2,16413,2
1671,1056487,422.0,451.5,1,16413,3
1671,1056488,1216.75,471.5,2,16413,4
1671,1056489,726.0,473.5,1,16413,5
1671,1056490,1557.0,507.5,1,16414,0
1671,1056491,321.0,643.5,1,16414,1
1671,1056492,919.0,602.5,1,16414,2
1671,1056493,633.0,635.0,1,16414,3
1671,1056494,1219.5,480.5,1,16414,4
1671,1056495,555.0,351.0,1,16415,0
1671,1056496,506.5,392.5,1,16415,1
1671,1056497,321.0,643.5,1,16416,0
1671,1056498,919.0,602.5,1,16416,1
1671,1056499,1219.5,480.5,1,16416,2
1671,1056500,1557.0,507.5,1,16416,3
1671,1056501,1710.75,451.0,2,16417,0
1671,1056502,1219.5,480.5,1,16417,1
1671,1056503,1870.0,465.5,1,16417,2
1671,1056504,1624.5,447.0,1,16417,3
1671,1056505,1710.75,451.0,2,16418,0
1671,1056506,1419.5,424.5,1,16418,1
1671,1056507,1219.5,480.5,1,16418,2
1671,1056508,1624.5,447.0,1,16418,3
1671,1056509,919.0,602.5,1,16419,0
1671,1056510,1219.5,480.5,1,16419,1
1671,1056511,1557.0,507.5,1,16419,2
1671,1056512,321.0,643.5,1,16419,3
1671,1056513,66.5,519.5,1,16420,0
1671,1056514,999.5,473.75,2,16420,1
1671,1056515,422.0,451.5,1,16420,2
1671,1056516,726.0,473.5,1,16420,3
1671,1056517,1857.0,466.5,2,16421,0
1671,1056518,1680.0,514.0,1,16421,1
1671,1056519,999.5,473.75,2,16422,0
1671,1056520,543.25,472.25,2,16422,1
1671,1056521,1219.5,480.5,1,16422,2
1671,1056522,178.5,503.25,2,16422,3
1671,1056523,25.0,478.0,1,16423,0
1671,1056524,726.0,473.5,1,16423,1
1671,1056525,633.0,635.0,1,16424,0
1671,1056526,1557.0,507.5,1,16424,1
1671,1056527,543.25,472.25,2,16425,0
1671,1056528,726.0,473.5,1,16425,1
1671,1056529,422.0,451.5,1,16425,2
1671,1056530,1216.75,471.5,2,16425,3
1671,1056531,999.5,473.75,2,16425,4
1671,1056532,1680.0,514.0,1,16426,0
1671,1056533,1219.5,480.5,1,16426,1
1671,1056534,1857.0,466.5,2,16426,2
1671,1056535,726.0,473.5,1,16427,0
1671,1056536,25.0,478.0,1,16427,1
1671,1056537,422.0,451.5,1,16427,2
1671,1056538,543.25,472.25,2,16427,3
1671,1056539,178.5,503.25,2,16427,4
1671,1056540,422.0,451.5,1,16428,0
1671,1056541,962.5,476.0,1,16428,1
1671,1056542,543.25,472.25,2,16428,2
1671,1056543,178.5,503.25,2,16428,3
1671,1056544,726.0,473.5,1,16428,4
1671,1056545,1216.75,471.5,2,16429,0
1671,1056546,1219.5,480.5,1,16429,1
1671,1056547,290.5,487.0,1,16429,2
1671,1056548,573.0,478.5,1,16429,3
1671,1056549,506.5,392.5,1,16430,0
1671,1056550,527.5,347.5,2,16430,1
1671,1056551,1219.5,480.5,1,16431,0
1671,1056552,1870.0,465.5,1,16431,1
1671,1056553,1618.1666259765625,491.9166564941406,2,16431,2
1671,1056554,321.0,643.5,1,16431,3
1671,1056555,919.0,602.5,1,16431,4
1671,1056556,999.5,473.75,2,16431,5
1671,1056557,1216.75,471.5,2,16431,6
1671,1056558,1710.75,451.0,2,16431,7
