frame,cluster_id,x,y,cluster_size,source_sample_index,source_local_cluster_id
11,1060203,587.4166870117188,576.9166870117188,6,17486,0
11,1060204,290.0,561.5,1,17486,1
11,1060205,570.3571166992188,574.7142944335938,7,17487,0
11,1060206,290.0,561.5,1,17487,1
11,1060207,587.4166870117188,576.9166870117188,6,17488,0
11,1060208,290.0,561.5,1,17488,1
11,1060209,290.0,561.5,1,17489,0
11,1060210,533.7142944335938,573.5,7,17489,1
11,1060211,510.5833435058594,563.0,6,17490,0
11,1060212,290.0,561.5,1,17490,1
11,1060213,587.4166870117188,576.9166870117188,6,17491,0
11,1060214,549.75,572.5625,8,17492,0
11,1060215,570.3571166992188,574.7142944335938,7,17493,0
11,1060216,290.0,561.5,1,17493,1
11,1060217,437.3333435058594,558.1666870117188,3,17494,0
11,1060218,290.0,561.5,1,17494,1
11,1060219,460.0,558.625,4,17495,0
11,1060220,290.0,561.5,1,17495,1
21,1060203,587.4166870117188,576.9166870117188,6,17486,0
21,1060204,290.0,561.5,1,17486,1
21,1060205,570.3571166992188,574.7142944335938,7,17487,0
21,1060206,290.0,561.5,1,17487,1
21,1060207,587.4166870117188,576.9166870117188,6,17488,0
21,1060208,290.0,561.5,1,17488,1
21,1060209,290.0,561.5,1,17489,0
21,1060210,533.7142944335938,573.5,7,17489,1
21,1060211,510.5833435058594,563.0,6,17490,0
21,1060212,290.0,561.5,1,17490,1
21,1060213,587.4166870117188,576.9166870117188,6,17491,0
21,1060214,549.75,572.5625,8,17492,0
21,1060215,570.3571166992188,574.7142944335938,7,17493,0
21,1060216,290.0,561.5,1,17493,1
21,1060217,437.3333435058594,558.1666870117188,3,17494,0
21,1060218,290.0,561.5,1,17494,1
21,1060219,460.0,558.625,4,17495,0
21,1060220,290.0,561.5,1,17495,1
31,1060203,587.4166870117188,576.9166870117188,6,17486,0
31,1060204,290.0,561.5,1,17486,1
31,1060205,570.3571166992188,574.7142944335938,7,17487,0
31,1060206,290.0,561.5,1,17487,1
31,1060207,587.4166870117188,576.9166870117188,6,17488,0
31,1060208,290.0,561.5,1,17488,1
31,1060209,290.0,561.5,1,17489,0
31,1060210,533.7142944335938,573.5,7,17489,1
31,1060211,510.5833435058594,563.0,6,17490,0
31,1060212,290.0,561.5,1,17490,1
31,1060213,587.4166870117188,576.9166870117188,6,17491,0
31,1060214,549.75,572.5625,8,17492,0
31,1060215,570.3571166992188,574.7142944335938,7,17493,0
31,1060216,290.0,561.5,1,17493,1
31,1060217,437.3333435058594,558.1666870117188,3,17494,0
31,1060218,290.0,561.5,1,17494,1
31,1060219,460.0,558.625,4,17495,0
31,1060220,290.0,561.5,1,17495,1
41,1060203,587.4166870117188,576.9166870117188,6,17486,0
41,1060204,290.0,561.5,1,17486,1
41,1060205,570.3571166992188,574.7142944335938,7,17487,0
41,1060206,290.0,561.5,1,17487,1
41,1060207,587.4166870117188,576.9166870117188,6,17488,0
41,1060208,290.0,561.5,1,17488,1
41,1060209,290.0,561.5,1,17489,0
41,1060210,533.7142944335938,573.5,7,17489,1
41,1060211,510.5833435058594,563.0,6,17490,0
41,1060212,290.0,561.5,1,17490,1
41,1060213,587.4166870117188,576.9166870117188,6,17491,0
41,1060214,549.75,572.5625,8,17492,0
41,1060215,570.3571166992188,574.7142944335938,7,17493,0
41,1060216,290.0,561.5,1,17493,1
41,1060217,437.3333435058594,558.1666870117188,3,17494,0
41,1060218,290.0,561.5,1,17494,1
41,1060219,460.0,558.625,4,17495,0
41,1060220,290.0,561.5,1,17495,1
51,1060203,587.4166870117188,576.9166870117188,6,17486,0
51,1060204,290.0,561.5,1,17486,1
51,1060205,570.3571166992188,574.7142944335938,7,17487,0
51,1060206,290.0,561.5,1,17487,1
51,1060207,587.4166870117188,576.9166870117188,6,17488,0
51,1060208,290.0,561.5,1,17488,1
51,1060209,290.0,561.5,1,17489,0
51,1060210,533.7142944335938,573.5,7,17489,1
51,1060211,510.5833435058594,563.0,6,17490,0
51,1060212,290.0,561.5,1,17490,1
51,1060213,587.4166870117188,576.9166870117188,6,17491,0
51,1060214,549.75,572.5625,8,17492,0
51,1060215,570.3571166992188,574.7142944335938,7,17493,0
51,1060216,290.0,561.5,1,17493,1
51,1060217,437.3333435058594,558.1666870117188,3,17494,0
51,1060218,290.0,561.5,1,17494,1
51,1060219,460.0,558.625,4,17495,0
51,1060220,290.0,561.5,1,17495,1
61,1060203,587.4166870117188,576.9166870117188,6,17486,0
61,1060204,290.0,561.5,1,17486,1
61,1060205,570.3571166992188,574.7142944335938,7,17487,0
61,1060206,290.0,561.5,1,17487,1
61,1060207,587.4166870117188,576.9166870117188,6,17488,0
61,1060208,290.0,561.5,1,17488,1
61,1060209,290.0,561.5,1,17489,0
61,1060210,533.7142944335938,573.5,7,17489,1
61,1060211,510.5833435058594,563.0,6,17490,0
61,1060212,290.0,561.5,1,17490,1
61,1060213,587.4166870117188,576.9166870117188,6,17491,0
61,1060214,549.75,572.5625,8,17492,0
61,1060215,570.3571166992188,574.7142944335938,7,17493,0
61,1060216,290.0,561.5,1,17493,1
61,1060217,437.3333435058594,558.1666870117188,3,17494,0
61,1060218,290.0,561.5,1,17494,1
61,1060219,460.0,558.625,4,17495,0
61,1060220,290.0,561.5,1,17495,1
71,1060203,587.4166870117188,576.9166870117188,6,17486,0
71,1060204,290.0,561.5,1,17486,1
71,1060205,570.3571166992188,574.7142944335938,7,17487,0
71,1060206,290.0,561.5,1,17487,1
71,1060207,587.4166870117188,576.9166870117188,6,17488,0
71,1060208,290.0,561.5,1,17488,1
71,1060209,290.0,561.5,1,17489,0
71,1060210,533.7142944335938,573.5,7,17489,1
71,1060211,510.5833435058594,563.0,6,17490,0
71,1060212,290.0,561.5,1,17490,1
71,1060213,587.4166870117188,576.9166870117188,6,17491,0
71,1060214,549.75,572.5625,8,17492,0
71,1060215,570.3571166992188,574.7142944335938,7,17493,0
71,1060216,290.0,561.5,1,17493,1
71,1060217,437.3333435058594,558.1666870117188,3,17494,0
71,1060218,290.0,561.5,1,17494,1
71,1060219,460.0,558.625,4,17495,0
71,1060220,290.0,561.5,1,17495,1
81,1060203,587.4166870117188,576.9166870117188,6,17486,0
81,1060204,290.0,561.5,1,17486,1
81,1060205,570.3571166992188,574.7142944335938,7,17487,0
81,1060206,290.0,561.5,1,17487,1
81,1060207,587.4166870117188,576.9166870117188,6,17488,0
81,1060208,290.0,561.5,1,17488,1
81,1060209,290.0,561.5,1,17489,0
81,1060210,533.7142944335938,573.5,7,17489,1
81,1060211,510.5833435058594,563.0,6,17490,0
81,1060212,290.0,561.5,1,17490,1
81,1060213,587.4166870117188,576.9166870117188,6,17491,0
81,1060214,549.75,572.5625,8,17492,0
81,1060215,570.3571166992188,574.7142944335938,7,17493,0
81,1060216,290.0,561.5,1,17493,1
81,1060217,437.3333435058594,558.1666870117188,3,17494,0
81,1060218,290.0,561.5,1,17494,1
81,1060219,460.0,558.625,4,17495,0
81,1060220,290.0,561.5,1,17495,1
91,1060203,587.4166870117188,576.9166870117188,6,17486,0
91,1060204,290.0,561.5,1,17486,1
91,1060205,570.3571166992188,574.7142944335938,7,17487,0
91,1060206,290.0,561.5,1,17487,1
91,1060207,587.4166870117188,576.9166870117188,6,17488,0
91,1060208,290.0,561.5,1,17488,1
91,1060209,290.0,561.5,1,17489,0
91,1060210,533.7142944335938,573.5,7,17489,1
91,1060211,510.5833435058594,563.0,6,17490,0
91,1060212,290.0,561.5,1,17490,1
91,1060213,587.4166870117188,576.9166870117188,6,17491,0
91,1060214,549.75,572.5625,8,17492,0
91,1060215,570.3571166992188,574.7142944335938,7,17493,0
91,1060216,290.0,561.5,1,17493,1
91,1060217,437.3333435058594,558.1666870117188,3,17494,0
91,1060218,290.0,561.5,1,17494,1
91,1060219,460.0,558.625,4,17495,0
91,1060220,290.0,561.5,1,17495,1
101,1060203,581.1666870117188,583.9166870117188,4,17486,0
101,1060204,315.0,585.5,1,17486,1
101,1060205,562.6571044921875,581.1143188476562,5,17487,0
101,1060206,315.0,585.5,1,17487,1
101,1060207,581.1666870117188,583.9166870117188,4,17488,0
101,1060208,315.0,585.5,1,17488,1
101,1060209,315.0,585.5,1,17489,0
101,1060210,527.5142822265625,582.2999877929688,5,17489,1
101,1060211,503.7083435058594,571.75,4,17490,0
101,1060212,315.0,585.5,1,17490,1
101,1060213,581.1666870117188,583.9166870117188,4,17491,0
101,1060214,542.4166870117188,579.7291870117188,6,17492,0
101,1060215,562.6571044921875,581.1143188476562,5,17493,0
101,1060216,315.0,585.5,1,17493,1
101,1060217,433.5833435058594,568.6666870117188,2,17494,0
101,1060218,315.0,585.5,1,17494,1
101,1060219,456.8333435058594,568.4583129882812,3,17495,0
101,1060220,315.0,585.5,1,17495,1
111,1060203,581.1666870117188,583.9166870117188,4,17486,0
111,1060204,315.0,585.5,1,17486,1
111,1060205,562.6571044921875,581.1143188476562,5,17487,0
111,1060206,315.0,585.5,1,17487,1
111,1060207,581.1666870117188,583.9166870117188,4,17488,0
111,1060208,315.0,585.5,1,17488,1
111,1060209,315.0,585.5,1,17489,0
111,1060210,527.5142822265625,582.2999877929688,5,17489,1
111,1060211,503.7083435058594,571.75,4,17490,0
111,1060212,315.0,585.5,1,17490,1
111,1060213,581.1666870117188,583.9166870117188,4,17491,0
111,1060214,542.4166870117188,579.7291870117188,6,17492,0
111,1060215,562.6571044921875,581.1143188476562,5,17493,0
111,1060216,315.0,585.5,1,17493,1
111,1060217,433.5833435058594,568.6666870117188,2,17494,0
111,1060218,315.0,585.5,1,17494,1
111,1060219,456.8333435058594,568.4583129882812,3,17495,0
111,1060220,315.0,585.5,1,17495,1
121,1060203,581.1666870117188,583.9166870117188,4,17486,0
121,1060204,315.0,585.5,1,17486,1
121,1060205,562.6571044921875,581.1143188476562,5,17487,0
121,1060206,315.0,585.5,1,17487,1
121,1060207,581.1666870117188,583.9166870117188,4,17488,0
121,1060208,315.0,585.5,1,17488,1
121,1060209,315.0,585.5,1,17489,0
121,1060210,527.5142822265625,582.2999877929688,5,17489,1
121,1060211,503.7083435058594,571.75,4,17490,0
121,1060212,315.0,585.5,1,17490,1
121,1060213,581.1666870117188,583.9166870117188,4,17491,0
121,1060214,542.4166870117188,579.7291870117188,6,17492,0
121,1060215,562.6571044921875,581.1143188476562,5,17493,0
121,1060216,315.0,585.5,1,17493,1
121,1060217,433.5833435058594,568.6666870117188,2,17494,0
121,1060218,315.0,585.5,1,17494,1
121,1060219,456.8333435058594,568.4583129882812,3,17495,0
121,1060220,315.0,585.5,1,17495,1
131,1060203,581.1666870117188,583.9166870117188,4,17486,0
131,1060204,315.0,585.5,1,17486,1
131,1060205,562.6571044921875,581.1143188476562,5,17487,0
131,1060206,315.0,585.5,1,17487,1
131,1060207,581.1666870117188,583.9166870117188,4,17488,0
131,1060208,315.0,585.5,1,17488,1
131,1060209,315.0,585.5,1,17489,0
131,1060210,527.5142822265625,582.2999877929688,5,17489,1
131,1060211,503.7083435058594,571.75,4,17490,0
131,1060212,315.0,585.5,1,17490,1
131,1060213,581.1666870117188,583.9166870117188,4,17491,0
131,1060214,542.4166870117188,579.7291870117188,6,17492,0
131,1060215,562.6571044921875,581.1143188476562,5,17493,0
131,1060216,315.0,585.5,1,17493,1
131,1060217,433.5833435058594,568.6666870117188,2,17494,0
131,1060218,315.0,585.5,1,17494,1
131,1060219,456.8333435058594,568.4583129882812,3,17495,0
131,1060220,315.0,585.5,1,17495,1
141,1060203,581.1666870117188,583.9166870117188,4,17486,0
141,1060204,315.0,585.5,1,17486,1
141,1060205,562.6571044921875,581.1143188476562,5,17487,0
141,1060206,315.0,585.5,1,17487,1
141,1060207,581.1666870117188,583.9166870117188,4,17488,0
141,1060208,315.0,585.5,1,17488,1
141,1060209,315.0,585.5,1,17489,0
141,1060210,527.5142822265625,582.2999877929688,5,17489,1
141,1060211,503.7083435058594,571.75,4,17490,0
141,1060212,315.0,585.5,1,17490,1
141,1060213,581.1666870117188,583.9166870117188,4,17491,0
141,1060214,542.4166870117188,579.7291870117188,6,17492,0
141,1060215,562.6571044921875,581.1143188476562,5,17493,0
141,1060216,315.0,585.5,1,17493,1
141,1060217,433.5833435058594,568.6666870117188,2,17494,0
141,1060218,315.0,585.5,1,17494,1
141,1060219,456.8333435058594,568.4583129882812,3,17495,0
141,1060220,315.0,585.5,1,17495,1
151,1060203,581.1666870117188,583.9166870117188,4,17486,0
151,1060204,315.0,585.5,1,17486,1
151,1060205,562.6571044921875,581.1143188476562,5,17487,0
151,1060206,315.0,585.5,1,17487,1
151,1060207,581.1666870117188,583.9166870117188,4,17488,0
151,1060208,315.0,585.5,1,17488,1
151,1060209,315.0,585.5,1,17489,0
151,1060210,527.5142822265625,582.2999877929688,5,17489,1
151,1060211,503.7083435058594,571.75,4,17490,0
151,1060212,315.0,585.5,1,17490,1
151,1060213,581.1666870117188,583.9166870117188,4,17491,0
151,1060214,542.4166870117188,579.7291870117188,6,17492,0
151,1060215,562.6571044921875,581.1143188476562,5,17493,0
151,1060216,315.0,585.5,1,17493,1
151,1060217,433.5833435058594,568.6666870117188,2,17494,0
151,1060218,315.0,585.5,1,17494,1
151,1060219,456.8333435058594,568.4583129882812,3,17495,0
151,1060220,315.0,585.5,1,17495,1
161,1060203,581.1666870117188,583.9166870117188,4,17486,0
161,1060204,315.0,585.5,1,17486,1
161,1060205,562.6571044921875,581.1143188476562,5,17487,0
161,1060206,315.0,585.5,1,17487,1
161,1060207,581.1666870117188,583.9166870117188,4,17488,0
161,1060208,315.0,585.5,1,17488,1
161,1060209,315.0,585.5,1,17489,0
161,1060210,527.5142822265625,582.2999877929688,5,17489,1
161,1060211,503.7083435058594,571.75,4,17490,0
161,1060212,315.0,585.5,1,17490,1
161,1060213,581.1666870117188,583.9166870117188,4,17491,0
161,1060214,542.4166870117188,579.7291870117188,6,17492,0
161,1060215,562.6571044921875,581.1143188476562,5,17493,0
161,1060216,315.0,585.5,1,17493,1
161,1060217,433.5833435058594,568.6666870117188,2,17494,0
161,1060218,315.0,585.5,1,17494,1
161,1060219,456.8333435058594,568.4583129882812,3,17495,0
161,1060220,315.0,585.5,1,17495,1
171,1060203,581.1666870117188,583.9166870117188,4,17486,0
171,1060204,315.0,585.5,1,17486,1
171,1060205,562.6571044921875,581.1143188476562,5,17487,0
171,1060206,315.0,585.5,1,17487,1
171,1060207,581.1666870117188,583.9166870117188,4,17488,0
171,1060208,315.0,585.5,1,17488,1
171,1060209,315.0,585.5,1,17489,0
171,1060210,527.5142822265625,582.2999877929688,5,17489,1
171,1060211,503.7083435058594,571.75,4,17490,0
171,1060212,315.0,585.5,1,17490,1
171,1060213,581.1666870117188,583.9166870117188,4,17491,0
171,1060214,542.4166870117188,579.7291870117188,6,17492,0
171,1060215,562.6571044921875,581.1143188476562,5,17493,0
171,1060216,315.0,585.5,1,17493,1
171,1060217,433.5833435058594,568.6666870117188,2,17494,0
171,1060218,315.0,585.5,1,17494,1
171,1060219,456.8333435058594,568.4583129882812,3,17495,0
171,1060220,315.0,585.5,1,17495,1
181,1060203,581.1666870117188,583.9166870117188,4,17486,0
181,1060204,315.0,585.5,1,17486,1
181,1060205,562.6571044921875,581.1143188476562,5,17487,0
181,1060206,315.0,585.5,1,17487,1
181,1060207,581.1666870117188,583.9166870117188,4,17488,0
181,1060208,315.0,585.5,1,17488,1
181,1060209,315.0,585.5,1,17489,0
181,1060210,527.5142822265625,582.2999877929688,5,17489,1
181,1060211,503.7083435058594,571.75,4,17490,0
181,1060212,315.0,585.5,1,17490,1
181,1060213,581.1666870117188,583.9166870117188,4,17491,0
181,1060214,542.4166870117188,579.7291870117188,6,17492,0
181,1060215,562.6571044921875,581.1143188476562,5,17493,0
181,1060216,315.0,585.5,1,17493,1
181,1060217,433.5833435058594,568.6666870117188,2,17494,0
181,1060218,315.0,585.5,1,17494,1
181,1060219,456.8333435058594,568.4583129882812,3,17495,0
181,1060220,315.0,585.5,1,17495,1
191,1060203,581.1666870117188,583.9166870117188,4,17486,0
191,1060204,315.0,585.5,1,17486,1
191,1060205,562.6571044921875,581.1143188476562,5,17487,0
191,1060206,315.0,585.5,1,17487,1
191,1060207,581.1666870117188,583.9166870117188,4,17488,0
191,1060208,315.0,585.5,1,17488,1
191,1060209,315.0,585.5,1,17489,0
191,1060210,527.5142822265625,582.2999877929688,5,17489,1
191,1060211,503.7083435058594,571.75,4,17490,0
191,1060212,315.0,585.5,1,17490,1
191,1060213,581.1666870117188,583.9166870117188,4,17491,0
191,1060214,542.4166870117188,579.7291870117188,6,17492,0
191,1060215,562.6571044921875,581.1143188476562,5,17493,0
191,1060216,315.0,585.5,1,17493,1
191,1060217,433.5833435058594,568.6666870117188,2,17494,0
191,1060218,315.0,585.5,1,17494,1
191,1060219,456.8333435058594,568.4583129882812,3,17495,0
191,1060220,315.0,585.5,1,17495,1
201,1060203,611.0,609.5833740234375,3,17486,0
201,1060204,102.0,577.0,1,17486,1
201,1060205,613.0321044921875,620.1143188476562,4,17487,0
201,1060206,102.0,577.0,1,17487,1
201,1060207,611.0,609.5833740234375,3,17488,0
201,1060208,102.0,577.0,1,17488,1
201,1060209,102.0,577.0,1,17489,0
201,1060210,535.0142822265625,605.4249877929688,4,17489,1
201,1060211,489.2083435058594,581.75,3,17490,0
201,1060212,102.0,577.0,1,17490,1
201,1060213,611.0,609.5833740234375,3,17491,0
201,1060214,591.6666870117188,618.4791870117188,4,17492,0
201,1060215,613.0321044921875,620.1143188476562,4,17493,0
201,1060216,102.0,577.0,1,17493,1
201,1060217,410.3333435058594,579.1666870117188,2,17494,0
201,1060218,102.0,577.0,1,17494,1
201,1060219,443.5833435058594,577.7083129882812,2,17495,0
201,1060220,102.0,577.0,1,17495,1
221,1060221,907.75,729.875,12,17496,0
221,1060222,936.1785888671875,731.0,14,17497,0
221,1060223,885.227294921875,727.8636474609375,11,17498,0
221,1060224,902.4642944335938,732.2857055664062,14,17499,0
221,1060225,858.5,648.5,1,17500,0
221,1060226,914.5384521484375,728.923095703125,13,17501,0
221,1060227,972.0,736.2916870117188,12,17502,0
221,1060228,899.7307739257812,727.0,13,17503,0
221,1060229,891.7083129882812,727.7916870117188,12,17504,0
221,1060230,924.75,728.9722290039062,18,17505,0
221,1060231,926.388916015625,733.5277709960938,18,17506,0
221,1060232,972.0,737.9000244140625,10,17507,0
221,1060233,972.7000122070312,735.75,10,17508,0
221,1060234,971.1818237304688,736.9091186523438,11,17509,0
221,1060235,953.576904296875,736.423095703125,13,17510,0
221,1060236,885.227294921875,727.8636474609375,11,17511,0
221,1060237,861.4375,723.75,8,17512,0
221,1060238,964.0416870117188,735.0833129882812,12,17513,0
221,1060239,934.2352905273438,729.2941284179688,17,17514,0
221,1060240,995.7857055664062,741.0714111328125,7,17515,0
221,1060241,815.0,726.5,1,17515,1
231,1060221,907.75,729.875,12,17496,0
231,1060222,936.1785888671875,731.0,14,17497,0
231,1060223,885.227294921875,727.8636474609375,11,17498,0
231,1060224,902.4642944335938,732.2857055664062,14,17499,0
231,1060225,858.5,648.5,1,17500,0
231,1060226,914.5384521484375,728.923095703125,13,17501,0
231,1060227,972.0,736.2916870117188,12,17502,0
231,1060228,899.7307739257812,727.0,13,17503,0
231,1060229,891.7083129882812,727.7916870117188,12,17504,0
231,1060230,924.75,728.9722290039062,18,17505,0
231,1060231,926.388916015625,733.5277709960938,18,17506,0
231,1060232,972.0,737.9000244140625,10,17507,0
231,1060233,972.7000122070312,735.75,10,17508,0
231,1060234,971.1818237304688,736.9091186523438,11,17509,0
231,1060235,953.576904296875,736.423095703125,13,17510,0
231,1060236,885.227294921875,727.8636474609375,11,17511,0
231,1060237,861.4375,723.75,8,17512,0
231,1060238,964.0416870117188,735.0833129882812,12,17513,0
231,1060239,934.2352905273438,729.2941284179688,17,17514,0
231,1060240,995.7857055664062,741.0714111328125,7,17515,0
231,1060241,815.0,726.5,1,17515,1
241,1060221,907.75,729.875,12,17496,0
241,1060222,936.1785888671875,731.0,14,17497,0
241,1060223,885.227294921875,727.8636474609375,11,17498,0
241,1060224,902.4642944335938,732.2857055664062,14,17499,0
241,1060225,858.5,648.5,1,17500,0
241,1060226,914.5384521484375,728.923095703125,13,17501,0
241,1060227,972.0,736.2916870117188,12,17502,0
241,1060228,899.7307739257812,727.0,13,17503,0
241,1060229,891.7083129882812,727.7916870117188,12,17504,0
241,1060230,924.75,728.9722290039062,18,17505,0
241,1060231,926.388916015625,733.5277709960938,18,17506,0
241,1060232,972.0,737.9000244140625,10,17507,0
241,1060233,972.7000122070312,735.75,10,17508,0
241,1060234,971.1818237304688,736.9091186523438,11,17509,0
241,1060235,953.576904296875,736.423095703125,13,17510,0
241,1060236,885.227294921875,727.8636474609375,11,17511,0
241,1060237,861.4375,723.75,8,17512,0
241,1060238,964.0416870117188,735.0833129882812,12,17513,0
241,1060239,934.2352905273438,729.2941284179688,17,17514,0
241,1060240,995.7857055664062,741.0714111328125,7,17515,0
241,1060241,815.0,726.5,1,17515,1
251,1060221,907.75,729.875,12,17496,0
251,1060222,936.1785888671875,731.0,14,17497,0
251,1060223,885.227294921875,727.8636474609375,11,17498,0
251,1060224,902.4642944335938,732.2857055664062,14,17499,0
251,1060225,858.5,648.5,1,17500,0
251,1060226,914.5384521484375,728.923095703125,13,17501,0
251,1060227,972.0,736.2916870117188,12,17502,0
251,1060228,899.7307739257812,727.0,13,17503,0
251,1060229,891.7083129882812,727.7916870117188,12,17504,0
251,1060230,924.75,728.9722290039062,18,17505,0
251,1060231,926.388916015625,733.5277709960938,18,17506,0
251,1060232,972.0,737.9000244140625,10,17507,0
251,1060233,972.7000122070312,735.75,10,17508,0
251,1060234,971.1818237304688,736.9091186523438,11,17509,0
251,1060235,953.576904296875,736.423095703125,13,17510,0
251,1060236,885.227294921875,727.8636474609375,11,17511,0
251,1060237,861.4375,723.75,8,17512,0
251,1060238,964.0416870117188,735.0833129882812,12,17513,0
251,1060239,934.2352905273438,729.2941284179688,17,17514,0
251,1060240,995.7857055664062,741.0714111328125,7,17515,0
251,1060241,815.0,726.5,1,17515,1
261,1060221,907.75,729.875,12,17496,0
261,1060222,936.1785888671875,731.0,14,17497,0
261,1060223,885.227294921875,727.8636474609375,11,17498,0
261,1060224,902.4642944335938,732.2857055664062,14,17499,0
261,1060225,858.5,648.5,1,17500,0
261,1060226,914.5384521484375,728.923095703125,13,17501,0
261,1060227,972.0,736.2916870117188,12,17502,0
261,1060228,899.7307739257812,727.0,13,17503,0
261,1060229,891.7083129882812,727.7916870117188,12,17504,0
261,1060230,924.75,728.9722290039062,18,17505,0
261,1060231,926.388916015625,733.5277709960938,18,17506,0
261,1060232,972.0,737.9000244140625,10,17507,0
261,1060233,972.7000122070312,735.75,10,17508,0
261,1060234,971.1818237304688,736.9091186523438,11,17509,0
261,1060235,953.576904296875,736.423095703125,13,17510,0
261,1060236,885.227294921875,727.8636474609375,11,17511,0
261,1060237,861.4375,723.75,8,17512,0
261,1060238,964.0416870117188,735.0833129882812,12,17513,0
261,1060239,934.2352905273438,729.2941284179688,17,17514,0
261,1060240,995.7857055664062,741.0714111328125,7,17515,0
261,1060241,815.0,726.5,1,17515,1
271,1060221,907.75,729.875,12,17496,0
271,1060222,936.1785888671875,731.0,14,17497,0
271,1060223,885.227294921875,727.8636474609375,11,17498,0
271,1060224,902.4642944335938,732.2857055664062,14,17499,0
271,1060225,858.5,648.5,1,17500,0
271,1060226,914.5384521484375,728.923095703125,13,17501,0
271,1060227,972.0,736.2916870117188,12,17502,0
271,1060228,899.7307739257812,727.0,13,17503,0
271,1060229,891.7083129882812,727.7916870117188,12,17504,0
271,1060230,924.75,728.9722290039062,18,17505,0
271,1060231,926.388916015625,733.5277709960938,18,17506,0
271,1060232,972.0,737.9000244140625,10,17507,0
271,1060233,972.7000122070312,735.75,10,17508,0
271,1060234,971.1818237304688,736.9091186523438,11,17509,0
271,1060235,953.576904296875,736.423095703125,13,17510,0
271,1060236,885.227294921875,727.8636474609375,11,17511,0
271,1060237,861.4375,723.75,8,17512,0
271,1060238,964.0416870117188,735.0833129882812,12,17513,0
271,1060239,934.2352905273438,729.2941284179688,17,17514,0
271,1060240,995.7857055664062,741.0714111328125,7,17515,0
271,1060241,815.0,726.5,1,17515,1
281,1060221,907.75,729.875,12,17496,0
281,1060222,936.1785888671875,731.0,14,17497,0
281,1060223,885.227294921875,727.8636474609375,11,17498,0
281,1060224,902.4642944335938,732.2857055664062,14,17499,0
281,1060225,858.5,648.5,1,17500,0
281,1060226,914.5384521484375,728.923095703125,13,17501,0
281,1060227,972.0,736.2916870117188,12,17502,0
281,1060228,899.7307739257812,727.0,13,17503,0
281,1060229,891.7083129882812,727.7916870117188,12,17504,0
281,1060230,924.75,728.9722290039062,18,17505,0
281,1060231,926.388916015625,733.5277709960938,18,17506,0
281,1060232,972.0,737.9000244140625,10,17507,0
281,1060233,972.7000122070312,735.75,10,17508,0
281,1060234,971.1818237304688,736.9091186523438,11,17509,0
281,1060235,953.576904296875,736.423095703125,13,17510,0
281,1060236,885.227294921875,727.8636474609375,11,17511,0
281,1060237,861.4375,723.75,8,17512,0
281,1060238,964.0416870117188,735.0833129882812,12,17513,0
281,1060239,934.2352905273438,729.2941284179688,17,17514,0
281,1060240,995.7857055664062,741.0714111328125,7,17515,0
281,1060241,815.0,726.5,1,17515,1
291,1060221,907.75,729.875,12,17496,0
291,1060222,936.1785888671875,731.0,14,17497,0
291,1060223,885.227294921875,727.8636474609375,11,17498,0
291,1060224,902.4642944335938,732.2857055664062,14,17499,0
291,1060225,858.5,648.5,1,17500,0
291,1060226,914.5384521484375,728.923095703125,13,17501,0
291,1060227,972.0,736.2916870117188,12,17502,0
291,1060228,899.7307739257812,727.0,13,17503,0
291,1060229,891.7083129882812,727.7916870117188,12,17504,0
291,1060230,924.75,728.9722290039062,18,17505,0
291,1060231,926.388916015625,733.5277709960938,18,17506,0
291,1060232,972.0,737.9000244140625,10,17507,0
291,1060233,972.7000122070312,735.75,10,17508,0
291,1060234,971.1818237304688,736.9091186523438,11,17509,0
291,1060235,953.576904296875,736.423095703125,13,17510,0
291,1060236,885.227294921875,727.8636474609375,11,17511,0
291,1060237,861.4375,723.75,8,17512,0
291,1060238,964.0416870117188,735.0833129882812,12,17513,0
291,1060239,934.2352905273438,729.2941284179688,17,17514,0
291,1060240,995.7857055664062,741.0714111328125,7,17515,0
291,1060241,815.0,726.5,1,17515,1
301,1060221,907.75,729.875,12,17496,0
301,1060222,936.1785888671875,731.0,14,17497,0
301,1060223,885.227294921875,727.8636474609375,11,17498,0
301,1060224,902.4642944335938,732.2857055664062,14,17499,0
301,1060225,858.5,648.5,1,17500,0
301,1060226,914.5384521484375,728.923095703125,13,17501,0
301,1060227,972.0,736.2916870117188,12,17502,0
301,1060228,899.7307739257812,727.0,13,17503,0
301,1060229,891.7083129882812,727.7916870117188,12,17504,0
301,1060230,924.75,728.9722290039062,18,17505,0
301,1060231,926.388916015625,733.5277709960938,18,17506,0
301,1060232,972.0,737.9000244140625,10,17507,0
301,1060233,972.7000122070312,735.75,10,17508,0
301,1060234,971.1818237304688,736.9091186523438,11,17509,0
301,1060235,953.576904296875,736.423095703125,13,17510,0
301,1060236,885.227294921875,727.8636474609375,11,17511,0
301,1060237,861.4375,723.75,8,17512,0
301,1060238,964.0416870117188,735.0833129882812,12,17513,0
301,1060239,934.2352905273438,729.2941284179688,17,17514,0
301,1060240,995.7857055664062,741.0714111328125,7,17515,0
301,1060241,815.0,726.5,1,17515,1
311,1060221,908.8055419921875,738.8194580078125,9,17496,0
311,1060222,937.9058837890625,740.0454711914062,11,17497,0
311,1060223,885.164794921875,738.4886474609375,8,17498,0
311,1060224,902.4188232421875,742.3765869140625,11,17499,0
311,1060225,860.0,647.0,1,17500,0
311,1060226,914.0884399414062,738.0230712890625,10,17501,0
311,1060227,975.0,742.513916015625,9,17502,0
311,1060228,898.78076171875,736.5,10,17503,0
311,1060229,890.5416259765625,737.625,9,17504,0
311,1060230,926.6785888671875,738.2936401367188,14,17505,0
311,1060231,926.638916015625,741.9920654296875,14,17506,0
311,1060232,978.1875,744.7750244140625,8,17507,0
311,1060233,978.1375122070312,741.75,8,17508,0
311,1060234,976.8068237304688,743.7216186523438,8,17509,0
311,1060235,954.1768798828125,743.5731201171875,10,17510,0
311,1060236,885.164794921875,738.4886474609375,8,17511,0
311,1060237,863.2708129882812,732.25,6,17512,0
311,1060238,964.875,742.3055419921875,9,17513,0
311,1060239,934.7737426757812,739.02490234375,13,17514,0
311,1060240,999.2857055664062,746.3713989257812,5,17515,0
311,1060241,831.5,737.0,1,17515,1
321,1060221,908.8055419921875,738.8194580078125,9,17496,0
321,1060222,937.9058837890625,740.0454711914062,11,17497,0
321,1060223,885.164794921875,738.4886474609375,8,17498,0
321,1060224,902.4188232421875,742.3765869140625,11,17499,0
321,1060225,860.0,647.0,1,17500,0
321,1060226,914.0884399414062,738.0230712890625,10,17501,0
321,1060227,975.0,742.513916015625,9,17502,0
321,1060228,898.78076171875,736.5,10,17503,0
321,1060229,890.5416259765625,737.625,9,17504,0
321,1060230,926.6785888671875,738.2936401367188,14,17505,0
321,1060231,926.638916015625,741.9920654296875,14,17506,0
321,1060232,978.1875,744.7750244140625,8,17507,0
321,1060233,978.1375122070312,741.75,8,17508,0
321,1060234,976.8068237304688,743.7216186523438,8,17509,0
321,1060235,954.1768798828125,743.5731201171875,10,17510,0
321,1060236,885.164794921875,738.4886474609375,8,17511,0
321,1060237,863.2708129882812,732.25,6,17512,0
321,1060238,964.875,742.3055419921875,9,17513,0
321,1060239,934.7737426757812,739.02490234375,13,17514,0
321,1060240,999.2857055664062,746.3713989257812,5,17515,0
321,1060241,831.5,737.0,1,17515,1
331,1060221,908.8055419921875,738.8194580078125,9,17496,0
331,1060222,937.9058837890625,740.0454711914062,11,17497,0
331,1060223,885.164794921875,738.4886474609375,8,17498,0
331,1060224,902.4188232421875,742.3765869140625,11,17499,0
331,1060225,860.0,647.0,1,17500,0
331,1060226,914.0884399414062,738.0230712890625,10,17501,0
331,1060227,975.0,742.513916015625,9,17502,0
331,1060228,898.78076171875,736.5,10,17503,0
331,1060229,890.5416259765625,737.625,9,17504,0
331,1060230,926.6785888671875,738.2936401367188,14,17505,0
331,1060231,926.638916015625,741.9920654296875,14,17506,0
331,1060232,978.1875,744.7750244140625,8,17507,0
331,1060233,978.1375122070312,741.75,8,17508,0
331,1060234,976.8068237304688,743.7216186523438,8,17509,0
331,1060235,954.1768798828125,743.5731201171875,10,17510,0
331,1060236,885.164794921875,738.4886474609375,8,17511,0
331,1060237,863.2708129882812,732.25,6,17512,0
331,1060238,964.875,742.3055419921875,9,17513,0
331,1060239,934.7737426757812,739.02490234375,13,17514,0
331,1060240,999.2857055664062,746.3713989257812,5,17515,0
331,1060241,831.5,737.0,1,17515,1
341,1060221,908.8055419921875,738.8194580078125,9,17496,0
341,1060222,937.9058837890625,740.0454711914062,11,17497,0
341,1060223,885.164794921875,738.4886474609375,8,17498,0
341,1060224,902.4188232421875,742.3765869140625,11,17499,0
341,1060225,860.0,647.0,1,17500,0
341,1060226,914.0884399414062,738.0230712890625,10,17501,0
341,1060227,975.0,742.513916015625,9,17502,0
341,1060228,898.78076171875,736.5,10,17503,0
341,1060229,890.5416259765625,737.625,9,17504,0
341,1060230,926.6785888671875,738.2936401367188,14,17505,0
341,1060231,926.638916015625,741.9920654296875,14,17506,0
341,1060232,978.1875,744.7750244140625,8,17507,0
341,1060233,978.1375122070312,741.75,8,17508,0
341,1060234,976.8068237304688,743.7216186523438,8,17509,0
341,1060235,954.1768798828125,743.5731201171875,10,17510,0
341,1060236,885.164794921875,738.4886474609375,8,17511,0
341,1060237,863.2708129882812,732.25,6,17512,0
341,1060238,964.875,742.3055419921875,9,17513,0
341,1060239,934.7737426757812,739.02490234375,13,17514,0
341,1060240,999.2857055664062,746.3713989257812,5,17515,0
341,1060241,831.5,737.0,1,17515,1
351,1060221,908.8055419921875,738.8194580078125,9,17496,0
351,1060222,937.9058837890625,740.0454711914062,11,17497,0
351,1060223,885.164794921875,738.4886474609375,8,17498,0
351,1060224,902.4188232421875,742.3765869140625,11,17499,0
351,1060225,860.0,647.0,1,17500,0
351,1060226,914.0884399414062,738.0230712890625,10,17501,0
351,1060227,975.0,742.513916015625,9,17502,0
351,1060228,898.78076171875,736.5,10,17503,0
351,1060229,890.5416259765625,737.625,9,17504,0
351,1060230,926.6785888671875,738.2936401367188,14,17505,0
351,1060231,926.638916015625,741.9920654296875,14,17506,0
351,1060232,978.1875,744.7750244140625,8,17507,0
351,1060233,978.1375122070312,741.75,8,17508,0
351,1060234,976.8068237304688,743.7216186523438,8,17509,0
351,1060235,954.1768798828125,743.5731201171875,10,17510,0
351,1060236,885.164794921875,738.4886474609375,8,17511,0
351,1060237,863.2708129882812,732.25,6,17512,0
351,1060238,964.875,742.3055419921875,9,17513,0
351,1060239,934.7737426757812,739.02490234375,13,17514,0
351,1060240,999.2857055664062,746.3713989257812,5,17515,0
351,1060241,831.5,737.0,1,17515,1
361,1060221,908.8055419921875,738.8194580078125,9,17496,0
361,1060222,937.9058837890625,740.0454711914062,11,17497,0
361,1060223,885.164794921875,738.4886474609375,8,17498,0
361,1060224,902.4188232421875,742.3765869140625,11,17499,0
361,1060225,860.0,647.0,1,17500,0
361,1060226,914.0884399414062,738.0230712890625,10,17501,0
361,1060227,975.0,742.513916015625,9,17502,0
361,1060228,898.78076171875,736.5,10,17503,0
361,1060229,890.5416259765625,737.625,9,17504,0
361,1060230,926.6785888671875,738.2936401367188,14,17505,0
361,1060231,926.638916015625,741.9920654296875,14,17506,0
361,1060232,978.1875,744.7750244140625,8,17507,0
361,1060233,978.1375122070312,741.75,8,17508,0
361,1060234,976.8068237304688,743.7216186523438,8,17509,0
361,1060235,954.1768798828125,743.5731201171875,10,17510,0
361,1060236,885.164794921875,738.4886474609375,8,17511,0
361,1060237,863.2708129882812,732.25,6,17512,0
361,1060238,964.875,742.3055419921875,9,17513,0
361,1060239,934.7737426757812,739.02490234375,13,17514,0
361,1060240,999.2857055664062,746.3713989257812,5,17515,0
361,1060241,831.5,737.0,1,17515,1
371,1060221,908.8055419921875,738.8194580078125,9,17496,0
371,1060222,937.9058837890625,740.0454711914062,11,17497,0
371,1060223,885.164794921875,738.4886474609375,8,17498,0
371,1060224,902.4188232421875,742.3765869140625,11,17499,0
371,1060225,860.0,647.0,1,17500,0
371,1060226,914.0884399414062,738.0230712890625,10,17501,0
371,1060227,975.0,742.513916015625,9,17502,0
371,1060228,898.78076171875,736.5,10,17503,0
371,1060229,890.5416259765625,737.625,9,17504,0
371,1060230,926.6785888671875,738.2936401367188,14,17505,0
371,1060231,926.638916015625,741.9920654296875,14,17506,0
371,1060232,978.1875,744.7750244140625,8,17507,0
371,1060233,978.1375122070312,741.75,8,17508,0
371,1060234,976.8068237304688,743.7216186523438,8,17509,0
371,1060235,954.1768798828125,743.5731201171875,10,17510,0
371,1060236,885.164794921875,738.4886474609375,8,17511,0
371,1060237,863.2708129882812,732.25,6,17512,0
371,1060238,964.875,742.3055419921875,9,17513,0
371,1060239,934.7737426757812,739.02490234375,13,17514,0
371,1060240,999.2857055664062,746.3713989257812,5,17515,0
371,1060241,831.5,737.0,1,17515,1
381,1060221,908.8055419921875,738.8194580078125,9,17496,0
381,1060222,937.9058837890625,740.0454711914062,11,17497,0
381,1060223,885.164794921875,738.4886474609375,8,17498,0
381,1060224,902.4188232421875,742.3765869140625,11,17499,0
381,1060225,860.0,647.0,1,17500,0
381,1060226,914.0884399414062,738.0230712890625,10,17501,0
381,1060227,975.0,742.513916015625,9,17502,0
381,1060228,898.78076171875,736.5,10,17503,0
381,1060229,890.5416259765625,737.625,9,17504,0
381,1060230,926.6785888671875,738.2936401367188,14,17505,0
381,1060231,926.638916015625,741.9920654296875,14,17506,0
381,1060232,978.1875,744.7750244140625,8,17507,0
381,1060233,978.1375122070312,741.75,8,17508,0
381,1060234,976.8068237304688,743.7216186523438,8,17509,0
381,1060235,954.1768798828125,743.5731201171875,10,17510,0
381,1060236,885.164794921875,738.4886474609375,8,17511,0
381,1060237,863.2708129882812,732.25,6,17512,0
381,1060238,964.875,742.3055419921875,9,17513,0
381,1060239,934.7737426757812,739.02490234375,13,17514,0
381,1060240,999.2857055664062,746.3713989257812,5,17515,0
381,1060241,831.5,737.0,1,17515,1
391,1060221,908.8055419921875,738.8194580078125,9,17496,0
391,1060222,937.9058837890625,740.0454711914062,11,17497,0
391,1060223,885.164794921875,738.4886474609375,8,17498,0
391,1060224,902.4188232421875,742.3765869140625,11,17499,0
391,1060225,860.0,647.0,1,17500,0
391,1060226,914.0884399414062,738.0230712890625,10,17501,0
391,1060227,975.0,742.513916015625,9,17502,0
391,1060228,898.78076171875,736.5,10,17503,0
391,1060229,890.5416259765625,737.625,9,17504,0
391,1060230,926.6785888671875,738.2936401367188,14,17505,0
391,1060231,926.638916015625,741.9920654296875,14,17506,0
391,1060232,978.1875,744.7750244140625,9,17507,0
391,1060233,978.1375122070312,741.75,8,17508,0
391,1060234,976.8068237304688,743.7216186523438,9,17509,0
391,1060235,954.1768798828125,743.5731201171875,10,17510,0
391,1060236,885.164794921875,738.4886474609375,8,17511,0
391,1060237,863.2708129882812,732.25,6,17512,0
391,1060238,964.875,742.3055419921875,9,17513,0
391,1060239,934.7737426757812,739.02490234375,13,17514,0
391,1060240,999.2857055664062,746.3713989257812,5,17515,0
391,1060241,831.5,737.0,1,17515,1
401,1060221,908.8055419921875,738.8194580078125,9,17496,0
401,1060222,937.9058837890625,740.0454711914062,11,17497,0
401,1060223,885.164794921875,738.4886474609375,8,17498,0
401,1060224,902.4188232421875,742.3765869140625,11,17499,0
401,1060225,860.0,647.0,1,17500,0
401,1060226,914.0884399414062,738.0230712890625,10,17501,0
401,1060227,975.0,742.513916015625,9,17502,0
401,1060228,898.78076171875,736.5,10,17503,0
401,1060229,890.5416259765625,737.625,9,17504,0
401,1060230,926.6785888671875,738.2936401367188,14,17505,0
401,1060231,926.638916015625,741.9920654296875,14,17506,0
401,1060232,978.1875,744.7750244140625,9,17507,0
401,1060233,978.1375122070312,741.75,8,17508,0
401,1060234,976.8068237304688,743.7216186523438,9,17509,0
401,1060235,954.1768798828125,743.5731201171875,10,17510,0
401,1060236,885.164794921875,738.4886474609375,8,17511,0
401,1060237,863.2708129882812,732.25,6,17512,0
401,1060238,964.875,742.3055419921875,9,17513,0
401,1060239,934.7737426757812,739.02490234375,13,17514,0
401,1060240,999.2857055664062,746.3713989257812,5,17515,0
401,1060241,831.5,737.0,1,17515,1
411,1060221,931.734130859375,745.0337524414062,7,17496,0
411,1060222,1000.6558837890625,745.3579711914062,8,17497,0
411,1060223,892.664794921875,740.4886474609375,6,17498,0
411,1060224,944.2938232421875,748.0640869140625,8,17499,0
411,1060225,915.5,643.0,1,17500,0
411,1060226,945.9634399414062,746.7105712890625,8,17501,0
411,1060227,1064.7857666015625,751.2282104492188,7,17502,0
411,1060228,942.15576171875,745.375,8,17503,0
411,1060229,913.5416259765625,742.875,8,17504,0
411,1060230,982.3604125976562,744.2481689453125,11,17505,0
411,1060231,988.5480346679688,745.0829467773438,11,17506,0
411,1060232,1061.4017333984375,749.6321411132812,7,17507,0
411,1060233,1077.387451171875,745.0,6,17508,0
411,1060234,1057.94970703125,748.7930297851562,7,17509,0
411,1060235,1053.3643798828125,747.4481201171875,8,17510,0
411,1060236,892.664794921875,740.4886474609375,6,17511,0
411,1060237,884.1458129882812,731.375,4,17512,0
411,1060238,1053.0892333984375,747.4484252929688,7,17513,0
411,1060239,992.9237670898438,744.27490234375,10,17514,0
411,1060240,1088.91064453125,759.2463989257812,4,17515,0
411,1060241,832.0,741.0,1,17515,1
641,1060242,664.0999755859375,373.54998779296875,10,17516,0
641,1060243,669.9722290039062,417.97222900390625,18,17517,0
641,1060244,668.2352905273438,405.0,17,17518,0
641,1060245,677.8055419921875,463.0555419921875,18,17519,0
641,1060246,679.4705810546875,468.0294189453125,17,17520,0
641,1060247,680.1875,469.53125,16,17521,0
641,1060248,682.28125,457.84375,16,17522,0
641,1060249,262.5,284.5,1,17523,0
641,1060250,669.4705810546875,428.8529357910156,17,17524,0
641,1060251,680.0263061523438,465.7631530761719,19,17525,0
641,1060252,454.5,287.6666564941406,3,17526,0
641,1060253,608.25,310.5,2,17526,1
641,1060254,680.8125,472.5,16,17527,0
641,1060255,688.727294921875,475.0909118652344,11,17528,0
641,1060256,685.3333129882812,481.79998779296875,15,17529,0
641,1060257,454.5,287.6666564941406,3,17530,0
641,1060258,608.25,310.5,2,17530,1
641,1060259,683.4705810546875,470.1764831542969,17,17531,0
641,1060260,671.3125,359.625,8,17532,0
641,1060261,684.15625,468.5625,16,17533,0
641,1060262,680.7249755859375,429.25,20,17534,0
641,1060263,683.5908813476562,483.5454406738281,11,17535,0
641,1060264,669.1785888671875,434.9285583496094,14,17536,0
641,1060265,454.5,287.6666564941406,3,17537,0
641,1060266,608.25,310.5,2,17537,1
641,1060267,685.25,478.3125,16,17538,0
641,1060268,617.0,314.375,4,17539,0
641,1060269,454.5,287.6666564941406,3,17539,1
641,1060270,643.9000244140625,365.20001220703125,10,17540,0
641,1060271,658.3181762695312,367.1363525390625,11,17541,0
641,1060272,685.5714111328125,442.71429443359375,14,17542,0
641,1060273,681.6333618164062,477.26666259765625,15,17543,0
641,1060274,664.0999755859375,373.54998779296875,10,17544,0
641,1060275,650.125,330.625,8,17545,0
641,1060276,454.5,287.6666564941406,3,17545,1
651,1060242,664.0999755859375,373.54998779296875,10,17516,0
651,1060243,669.9722290039062,417.97222900390625,18,17517,0
651,1060244,668.2352905273438,405.0,17,17518,0
651,1060245,677.8055419921875,463.0555419921875,18,17519,0
651,1060246,679.4705810546875,468.0294189453125,17,17520,0
651,1060247,680.1875,469.53125,16,17521,0
651,1060248,682.28125,457.84375,16,17522,0
651,1060249,262.5,284.5,1,17523,0
651,1060250,669.4705810546875,428.8529357910156,17,17524,0
651,1060251,680.0263061523438,465.7631530761719,19,17525,0
651,1060252,454.5,287.6666564941406,3,17526,0
651,1060253,608.25,310.5,2,17526,1
651,1060254,680.8125,472.5,16,17527,0
651,1060255,688.727294921875,475.0909118652344,11,17528,0
651,1060256,685.3333129882812,481.79998779296875,15,17529,0
651,1060257,454.5,287.6666564941406,3,17530,0
651,1060258,608.25,310.5,2,17530,1
651,1060259,683.4705810546875,470.1764831542969,17,17531,0
651,1060260,671.3125,359.625,8,17532,0
651,1060261,684.15625,468.5625,16,17533,0
651,1060262,680.7249755859375,429.25,20,17534,0
651,1060263,683.5908813476562,483.5454406738281,11,17535,0
651,1060264,669.1785888671875,434.9285583496094,14,17536,0
651,1060265,454.5,287.6666564941406,3,17537,0
651,1060266,608.25,310.5,2,17537,1
651,1060267,685.25,478.3125,16,17538,0
651,1060268,617.0,314.375,4,17539,0
651,1060269,454.5,287.6666564941406,3,17539,1
651,1060270,643.9000244140625,365.20001220703125,10,17540,0
651,1060271,658.3181762695312,367.1363525390625,11,17541,0
651,1060272,685.5714111328125,442.71429443359375,14,17542,0
651,1060273,681.6333618164062,477.26666259765625,15,17543,0
651,1060274,664.0999755859375,373.54998779296875,10,17544,0
651,1060275,650.125,330.625,8,17545,0
651,1060276,454.5,287.6666564941406,3,17545,1
661,1060242,664.0999755859375,373.54998779296875,10,17516,0
661,1060243,669.9722290039062,417.97222900390625,18,17517,0
661,1060244,668.2352905273438,405.0,17,17518,0
661,1060245,677.8055419921875,463.0555419921875,18,17519,0
661,1060246,679.4705810546875,468.0294189453125,17,17520,0
661,1060247,680.1875,469.53125,16,17521,0
661,1060248,682.28125,457.84375,16,17522,0
661,1060249,262.5,284.5,1,17523,0
661,1060250,669.4705810546875,428.8529357910156,17,17524,0
661,1060251,680.0263061523438,465.7631530761719,19,17525,0
661,1060252,454.5,287.6666564941406,3,17526,0
661,1060253,608.25,310.5,2,17526,1
661,1060254,680.8125,472.5,16,17527,0
661,1060255,688.727294921875,475.0909118652344,11,17528,0
661,1060256,685.3333129882812,481.79998779296875,15,17529,0
661,1060257,454.5,287.6666564941406,3,17530,0
661,1060258,608.25,310.5,2,17530,1
661,1060259,683.4705810546875,470.1764831542969,17,17531,0
661,1060260,671.3125,359.625,8,17532,0
661,1060261,684.15625,468.5625,16,17533,0
661,1060262,680.7249755859375,429.25,20,17534,0
661,1060263,683.5908813476562,483.5454406738281,11,17535,0
661,1060264,669.1785888671875,434.9285583496094,14,17536,0
661,1060265,454.5,287.6666564941406,3,17537,0
661,1060266,608.25,310.5,2,17537,1
661,1060267,685.25,478.3125,16,17538,0
661,1060268,617.0,314.375,4,17539,0
661,1060269,454.5,287.6666564941406,3,17539,1
661,1060270,643.9000244140625,365.20001220703125,10,17540,0
661,1060271,658.3181762695312,367.1363525390625,11,17541,0
661,1060272,685.5714111328125,442.71429443359375,14,17542,0
661,1060273,681.6333618164062,477.26666259765625,15,17543,0
661,1060274,664.0999755859375,373.54998779296875,10,17544,0
661,1060275,650.125,330.625,8,17545,0
661,1060276,454.5,287.6666564941406,3,17545,1
671,1060242,664.0999755859375,373.54998779296875,10,17516,0
671,1060243,669.9722290039062,417.97222900390625,18,17517,0
671,1060244,668.2352905273438,405.0,17,17518,0
671,1060245,677.8055419921875,463.0555419921875,18,17519,0
671,1060246,679.4705810546875,468.0294189453125,17,17520,0
671,1060247,680.1875,469.53125,16,17521,0
671,1060248,682.28125,457.84375,16,17522,0
671,1060249,262.5,284.5,1,17523,0
671,1060250,669.4705810546875,428.8529357910156,17,17524,0
671,1060251,680.0263061523438,465.7631530761719,19,17525,0
671,1060252,454.5,287.6666564941406,3,17526,0
671,1060253,608.25,310.5,2,17526,1
671,1060254,680.8125,472.5,16,17527,0
671,1060255,688.727294921875,475.0909118652344,11,17528,0
671,1060256,685.3333129882812,481.79998779296875,15,17529,0
671,1060257,454.5,287.6666564941406,3,17530,0
671,1060258,608.25,310.5,2,17530,1
671,1060259,683.4705810546875,470.1764831542969,17,17531,0
671,1060260,671.3125,359.625,8,17532,0
671,1060261,684.15625,468.5625,16,17533,0
671,1060262,680.7249755859375,429.25,20,17534,0
671,1060263,683.5908813476562,483.5454406738281,11,17535,0
671,1060264,669.1785888671875,434.9285583496094,14,17536,0
671,1060265,454.5,287.6666564941406,3,17537,0
671,1060266,608.25,310.5,2,17537,1
671,1060267,685.25,478.3125,16,17538,0
671,1060268,617.0,314.375,4,17539,0
671,1060269,454.5,287.6666564941406,3,17539,1
671,1060270,643.9000244140625,365.20001220703125,10,17540,0
671,1060271,658.3181762695312,367.1363525390625,11,17541,0
671,1060272,685.5714111328125,442.71429443359375,14,17542,0
671,1060273,681.6333618164062,477.26666259765625,15,17543,0
671,1060274,664.0999755859375,373.54998779296875,10,17544,0
671,1060275,650.125,330.625,8,17545,0
671,1060276,454.5,287.6666564941406,3,17545,1
681,1060242,664.0999755859375,373.54998779296875,10,17516,0
681,1060243,669.9722290039062,417.97222900390625,18,17517,0
681,1060244,668.2352905273438,405.0,17,17518,0
681,1060245,677.8055419921875,463.0555419921875,18,17519,0
681,1060246,679.4705810546875,468.0294189453125,17,17520,0
681,1060247,680.1875,469.53125,16,17521,0
681,1060248,682.28125,457.84375,16,17522,0
681,1060249,262.5,284.5,1,17523,0
681,1060250,669.4705810546875,428.8529357910156,17,17524,0
681,1060251,680.0263061523438,465.7631530761719,19,17525,0
681,1060252,454.5,287.6666564941406,3,17526,0
681,1060253,608.25,310.5,2,17526,1
681,1060254,680.8125,472.5,16,17527,0
681,1060255,688.727294921875,475.0909118652344,11,17528,0
681,1060256,685.3333129882812,481.79998779296875,15,17529,0
681,1060257,454.5,287.6666564941406,3,17530,0
681,1060258,608.25,310.5,2,17530,1
681,1060259,683.4705810546875,470.1764831542969,17,17531,0
681,1060260,671.3125,359.625,8,17532,0
681,1060261,684.15625,468.5625,16,17533,0
681,1060262,680.7249755859375,429.25,20,17534,0
681,1060263,683.5908813476562,483.5454406738281,11,17535,0
681,1060264,669.1785888671875,434.9285583496094,14,17536,0
681,1060265,454.5,287.6666564941406,3,17537,0
681,1060266,608.25,310.5,2,17537,1
681,1060267,685.25,478.3125,16,17538,0
681,1060268,617.0,314.375,4,17539,0
681,1060269,454.5,287.6666564941406,3,17539,1
681,1060270,643.9000244140625,365.20001220703125,10,17540,0
681,1060271,658.3181762695312,367.1363525390625,11,17541,0
681,1060272,685.5714111328125,442.71429443359375,14,17542,0
681,1060273,681.6333618164062,477.26666259765625,15,17543,0
681,1060274,664.0999755859375,373.54998779296875,10,17544,0
681,1060275,650.125,330.625,8,17545,0
681,1060276,454.5,287.6666564941406,3,17545,1
691,1060242,664.0999755859375,373.54998779296875,10,17516,0
691,1060243,669.9722290039062,417.97222900390625,18,17517,0
691,1060244,668.2352905273438,405.0,17,17518,0
691,1060245,677.8055419921875,463.0555419921875,18,17519,0
691,1060246,679.4705810546875,468.0294189453125,17,17520,0
691,1060247,680.1875,469.53125,16,17521,0
691,1060248,682.28125,457.84375,16,17522,0
691,1060249,262.5,284.5,1,17523,0
691,1060250,669.4705810546875,428.8529357910156,17,17524,0
691,1060251,680.0263061523438,465.7631530761719,19,17525,0
691,1060252,454.5,287.6666564941406,3,17526,0
691,1060253,608.25,310.5,2,17526,1
691,1060254,680.8125,472.5,16,17527,0
691,1060255,688.727294921875,475.0909118652344,11,17528,0
691,1060256,685.3333129882812,481.79998779296875,15,17529,0
691,1060257,454.5,287.6666564941406,3,17530,0
691,1060258,608.25,310.5,2,17530,1
691,1060259,683.4705810546875,470.1764831542969,17,17531,0
691,1060260,671.3125,359.625,8,17532,0
691,1060261,684.15625,468.5625,16,17533,0
691,1060262,680.7249755859375,429.25,20,17534,0
691,1060263,683.5908813476562,483.5454406738281,11,17535,0
691,1060264,669.1785888671875,434.9285583496094,14,17536,0
691,1060265,454.5,287.6666564941406,3,17537,0
691,1060266,608.25,310.5,2,17537,1
691,1060267,685.25,478.3125,16,17538,0
691,1060268,617.0,314.375,4,17539,0
691,1060269,454.5,287.6666564941406,3,17539,1
691,1060270,643.9000244140625,365.20001220703125,10,17540,0
691,1060271,658.3181762695312,367.1363525390625,11,17541,0
691,1060272,685.5714111328125,442.71429443359375,14,17542,0
691,1060273,681.6333618164062,477.26666259765625,15,17543,0
691,1060274,664.0999755859375,373.54998779296875,10,17544,0
691,1060275,650.125,330.625,8,17545,0
691,1060276,454.5,287.6666564941406,3,17545,1
701,1060242,664.0999755859375,373.54998779296875,10,17516,0
701,1060243,669.9722290039062,417.97222900390625,18,17517,0
701,1060244,668.2352905273438,405.0,17,17518,0
701,1060245,677.8055419921875,463.0555419921875,18,17519,0
701,1060246,679.4705810546875,468.0294189453125,17,17520,0
701,1060247,680.1875,469.53125,16,17521,0
701,1060248,682.28125,457.84375,16,17522,0
701,1060249,262.5,284.5,1,17523,0
701,1060250,669.4705810546875,428.8529357910156,17,17524,0
701,1060251,680.0263061523438,465.7631530761719,19,17525,0
701,1060252,454.5,287.6666564941406,3,17526,0
701,1060253,608.25,310.5,2,17526,1
701,1060254,680.8125,472.5,16,17527,0
701,1060255,688.727294921875,475.0909118652344,11,17528,0
701,1060256,685.3333129882812,481.79998779296875,15,17529,0
701,1060257,454.5,287.6666564941406,3,17530,0
701,1060258,608.25,310.5,2,17530,1
701,1060259,683.4705810546875,470.1764831542969,17,17531,0
701,1060260,671.3125,359.625,8,17532,0
701,1060261,684.15625,468.5625,16,17533,0
701,1060262,680.7249755859375,429.25,20,17534,0
701,1060263,683.5908813476562,483.5454406738281,11,17535,0
701,1060264,669.1785888671875,434.9285583496094,14,17536,0
701,1060265,454.5,287.6666564941406,3,17537,0
701,1060266,608.25,310.5,2,17537,1
701,1060267,685.25,478.3125,16,17538,0
701,1060268,617.0,314.375,4,17539,0
701,1060269,454.5,287.6666564941406,3,17539,1
701,1060270,643.9000244140625,365.20001220703125,10,17540,0
701,1060271,658.3181762695312,367.1363525390625,11,17541,0
701,1060272,685.5714111328125,442.71429443359375,14,17542,0
701,1060273,681.6333618164062,477.26666259765625,15,17543,0
701,1060274,664.0999755859375,373.54998779296875,10,17544,0
701,1060275,650.125,330.625,8,17545,0
701,1060276,454.5,287.6666564941406,3,17545,1
711,1060242,664.0999755859375,373.54998779296875,10,17516,0
711,1060243,669.9722290039062,417.97222900390625,18,17517,0
711,1060244,668.2352905273438,405.0,17,17518,0
711,1060245,677.8055419921875,463.0555419921875,18,17519,0
711,1060246,679.4705810546875,468.0294189453125,17,17520,0
711,1060247,680.1875,469.53125,16,17521,0
711,1060248,682.28125,457.84375,16,17522,0
711,1060249,262.5,284.5,1,17523,0
711,1060250,669.4705810546875,428.8529357910156,17,17524,0
711,1060251,680.0263061523438,465.7631530761719,19,17525,0
711,1060252,454.5,287.6666564941406,3,17526,0
711,1060253,608.25,310.5,2,17526,1
711,1060254,680.8125,472.5,16,17527,0
711,1060255,688.727294921875,475.0909118652344,11,17528,0
711,1060256,685.3333129882812,481.79998779296875,15,17529,0
711,1060257,454.5,287.6666564941406,3,17530,0
711,1060258,608.25,310.5,2,17530,1
711,1060259,683.4705810546875,470.1764831542969,17,17531,0
711,1060260,671.3125,359.625,8,17532,0
711,1060261,684.15625,468.5625,16,17533,0
711,1060262,680.7249755859375,429.25,20,17534,0
711,1060263,683.5908813476562,483.5454406738281,11,17535,0
711,1060264,669.1785888671875,434.9285583496094,14,17536,0
711,1060265,454.5,287.6666564941406,3,17537,0
711,1060266,608.25,310.5,2,17537,1
711,1060267,685.25,478.3125,16,17538,0
711,1060268,617.0,314.375,4,17539,0
711,1060269,454.5,287.6666564941406,3,17539,1
711,1060270,643.9000244140625,365.20001220703125,10,17540,0
711,1060271,658.3181762695312,367.1363525390625,11,17541,0
711,1060272,685.5714111328125,442.71429443359375,14,17542,0
711,1060273,681.6333618164062,477.26666259765625,15,17543,0
711,1060274,664.0999755859375,373.54998779296875,10,17544,0
711,1060275,650.125,330.625,8,17545,0
711,1060276,454.5,287.6666564941406,3,17545,1
721,1060242,664.0999755859375,373.54998779296875,10,17516,0
721,1060243,669.9722290039062,417.97222900390625,18,17517,0
721,1060244,668.2352905273438,405.0,17,17518,0
721,1060245,677.8055419921875,463.0555419921875,18,17519,0
721,1060246,679.4705810546875,468.0294189453125,17,17520,0
721,1060247,680.1875,469.53125,16,17521,0
721,1060248,682.28125,457.84375,16,17522,0
721,1060249,262.5,284.5,1,17523,0
721,1060250,669.4705810546875,428.8529357910156,17,17524,0
721,1060251,680.0263061523438,465.7631530761719,19,17525,0
721,1060252,454.5,287.6666564941406,3,17526,0
721,1060253,608.25,310.5,2,17526,1
721,1060254,680.8125,472.5,16,17527,0
721,1060255,688.727294921875,475.0909118652344,11,17528,0
721,1060256,685.3333129882812,481.79998779296875,15,17529,0
721,1060257,454.5,287.6666564941406,3,17530,0
721,1060258,608.25,310.5,2,17530,1
721,1060259,683.4705810546875,470.1764831542969,17,17531,0
721,1060260,671.3125,359.625,8,17532,0
721,1060261,684.15625,468.5625,16,17533,0
721,1060262,680.7249755859375,429.25,20,17534,0
721,1060263,683.5908813476562,483.5454406738281,11,17535,0
721,1060264,669.1785888671875,434.9285583496094,14,17536,0
721,1060265,454.5,287.6666564941406,3,17537,0
721,1060266,608.25,310.5,2,17537,1
721,1060267,685.25,478.3125,16,17538,0
721,1060268,617.0,314.375,4,17539,0
721,1060269,454.5,287.6666564941406,3,17539,1
721,1060270,643.9000244140625,365.20001220703125,10,17540,0
721,1060271,658.3181762695312,367.1363525390625,11,17541,0
721,1060272,685.5714111328125,442.71429443359375,14,17542,0
721,1060273,681.6333618164062,477.26666259765625,15,17543,0
721,1060274,664.0999755859375,373.54998779296875,10,17544,0
721,1060275,650.125,330.625,8,17545,0
721,1060276,454.5,287.6666564941406,3,17545,1
731,1060242,652.2874755859375,379.11248779296875,8,17516,0
731,1060243,656.4008178710938,424.1507873535156,14,17517,0
731,1060244,655.8506469726562,410.23077392578125,13,17518,0
731,1060245,664.5555419921875,467.0555419921875,14,17519,0
731,1060246,665.6244506835938,472.4140319824219,13,17520,0
731,1060247,668.2291870117188,474.40625,12,17521,0
731,1060248,669.2395629882812,462.09375,12,17522,0
731,1060249,280.5,306.0,1,17523,0
731,1060250,655.7782592773438,433.96832275390625,13,17524,0
731,1060251,666.7596435546875,469.5631408691406,15,17525,0
731,1060252,444.75,298.4166564941406,2,17526,0
731,1060253,590.0,317.25,2,17526,1
731,1060254,667.0208129882812,476.5,12,17527,0
731,1060255,676.664794921875,478.7159118652344,8,17528,0
731,1060256,672.9583129882812,485.6333312988281,12,17529,0
731,1060257,444.75,298.4166564941406,2,17530,0
731,1060258,590.0,317.25,2,17530,1
731,1060259,669.7013549804688,474.52264404296875,13,17531,0
731,1060260,663.2291870117188,366.7083435058594,6,17532,0
731,1060261,672.28125,473.4791564941406,12,17533,0
731,1060262,668.1312255859375,435.15625,16,17534,0
731,1060263,671.2783813476562,489.1704406738281,8,17535,0
731,1060264,655.8604125976562,440.0649108886719,11,17536,0
731,1060265,444.75,298.4166564941406,2,17537,0
731,1060266,590.0,317.25,2,17537,1
731,1060267,672.875,482.1458435058594,12,17538,0
731,1060268,603.6666870117188,322.375,3,17539,0
731,1060269,444.75,298.4166564941406,2,17539,1
731,1060270,628.4625244140625,371.01251220703125,8,17540,0
731,1060271,646.3806762695312,372.2613525390625,8,17541,0
731,1060272,673.43505859375,447.3052062988281,11,17542,0
731,1060273,668.3416748046875,481.9333190917969,12,17543,0
731,1060274,652.2874755859375,379.11248779296875,8,17544,0
731,1060275,639.2916870117188,338.375,6,17545,0
731,1060276,444.75,298.4166564941406,2,17545,1
741,1060242,652.2874755859375,379.11248779296875,8,17516,0
741,1060243,656.4008178710938,424.1507873535156,14,17517,0
741,1060244,655.8506469726562,410.23077392578125,13,17518,0
741,1060245,664.5555419921875,467.0555419921875,14,17519,0
741,1060246,665.6244506835938,472.4140319824219,13,17520,0
741,1060247,668.2291870117188,474.40625,12,17521,0
741,1060248,669.2395629882812,462.09375,12,17522,0
741,1060249,280.5,306.0,1,17523,0
741,1060250,655.7782592773438,433.96832275390625,13,17524,0
741,1060251,666.7596435546875,469.5631408691406,15,17525,0
741,1060252,444.75,298.4166564941406,2,17526,0
741,1060253,590.0,317.25,2,17526,1
741,1060254,667.0208129882812,476.5,12,17527,0
741,1060255,676.664794921875,478.7159118652344,8,17528,0
741,1060256,672.9583129882812,485.6333312988281,12,17529,0
741,1060257,444.75,298.4166564941406,2,17530,0
741,1060258,590.0,317.25,2,17530,1
741,1060259,669.7013549804688,474.52264404296875,13,17531,0
741,1060260,663.2291870117188,366.7083435058594,6,17532,0
741,1060261,672.28125,473.4791564941406,12,17533,0
741,1060262,668.1312255859375,435.15625,16,17534,0
741,1060263,671.2783813476562,489.1704406738281,8,17535,0
741,1060264,655.8604125976562,440.0649108886719,11,17536,0
741,1060265,444.75,298.4166564941406,2,17537,0
741,1060266,590.0,317.25,2,17537,1
741,1060267,672.875,482.1458435058594,12,17538,0
741,1060268,603.6666870117188,322.375,3,17539,0
741,1060269,444.75,298.4166564941406,2,17539,1
741,1060270,628.4625244140625,371.01251220703125,8,17540,0
741,1060271,646.3806762695312,372.2613525390625,8,17541,0
741,1060272,673.43505859375,447.3052062988281,11,17542,0
741,1060273,668.3416748046875,481.9333190917969,12,17543,0
741,1060274,652.2874755859375,379.11248779296875,8,17544,0
741,1060275,639.2916870117188,338.375,6,17545,0
741,1060276,444.75,298.4166564941406,2,17545,1
751,1060242,652.2874755859375,379.11248779296875,8,17516,0
751,1060243,656.4008178710938,424.1507873535156,14,17517,0
751,1060244,655.8506469726562,410.23077392578125,13,17518,0
751,1060245,664.5555419921875,467.0555419921875,14,17519,0
751,1060246,665.6244506835938,472.4140319824219,13,17520,0
751,1060247,668.2291870117188,474.40625,12,17521,0
751,1060248,669.2395629882812,462.09375,12,17522,0
751,1060249,280.5,306.0,1,17523,0
751,1060250,655.7782592773438,433.96832275390625,13,17524,0
751,1060251,666.7596435546875,469.5631408691406,15,17525,0
751,1060252,444.75,298.4166564941406,2,17526,0
751,1060253,590.0,317.25,2,17526,1
751,1060254,667.0208129882812,476.5,12,17527,0
751,1060255,676.664794921875,478.7159118652344,8,17528,0
751,1060256,672.9583129882812,485.6333312988281,12,17529,0
751,1060257,444.75,298.4166564941406,2,17530,0
751,1060258,590.0,317.25,2,17530,1
751,1060259,669.7013549804688,474.52264404296875,13,17531,0
751,1060260,663.2291870117188,366.7083435058594,6,17532,0
751,1060261,672.28125,473.4791564941406,12,17533,0
751,1060262,668.1312255859375,435.15625,16,17534,0
751,1060263,671.2783813476562,489.1704406738281,8,17535,0
751,1060264,655.8604125976562,440.0649108886719,11,17536,0
751,1060265,444.75,298.4166564941406,2,17537,0
751,1060266,590.0,317.25,2,17537,1
751,1060267,672.875,482.1458435058594,12,17538,0
751,1060268,603.6666870117188,322.375,3,17539,0
751,1060269,444.75,298.4166564941406,2,17539,1
751,1060270,628.4625244140625,371.01251220703125,8,17540,0
751,1060271,646.3806762695312,372.2613525390625,8,17541,0
751,1060272,673.43505859375,447.3052062988281,11,17542,0
751,1060273,668.3416748046875,481.9333190917969,12,17543,0
751,1060274,652.2874755859375,379.11248779296875,8,17544,0
751,1060275,639.2916870117188,338.375,6,17545,0
751,1060276,444.75,298.4166564941406,2,17545,1
761,1060242,652.2874755859375,379.11248779296875,8,17516,0
761,1060243,656.4008178710938,424.1507873535156,14,17517,0
761,1060244,655.8506469726562,410.23077392578125,13,17518,0
761,1060245,664.5555419921875,467.0555419921875,14,17519,0
761,1060246,665.6244506835938,472.4140319824219,13,17520,0
761,1060247,668.2291870117188,474.40625,12,17521,0
761,1060248,669.2395629882812,462.09375,12,17522,0
761,1060249,280.5,306.0,1,17523,0
761,1060250,655.7782592773438,433.96832275390625,13,17524,0
761,1060251,666.7596435546875,469.5631408691406,15,17525,0
761,1060252,444.75,298.4166564941406,2,17526,0
761,1060253,590.0,317.25,2,17526,1
761,1060254,667.0208129882812,476.5,12,17527,0
761,1060255,676.664794921875,478.7159118652344,8,17528,0
761,1060256,672.9583129882812,485.6333312988281,12,17529,0
761,1060257,444.75,298.4166564941406,2,17530,0
761,1060258,590.0,317.25,2,17530,1
761,1060259,669.7013549804688,474.52264404296875,13,17531,0
761,1060260,663.2291870117188,366.7083435058594,6,17532,0
761,1060261,672.28125,473.4791564941406,12,17533,0
761,1060262,668.1312255859375,435.15625,16,17534,0
761,1060263,671.2783813476562,489.1704406738281,8,17535,0
761,1060264,655.8604125976562,440.0649108886719,11,17536,0
761,1060265,444.75,298.4166564941406,2,17537,0
761,1060266,590.0,317.25,2,17537,1
761,1060267,672.875,482.1458435058594,12,17538,0
761,1060268,603.6666870117188,322.375,3,17539,0
761,1060269,444.75,298.4166564941406,2,17539,1
761,1060270,628.4625244140625,371.01251220703125,8,17540,0
761,1060271,646.3806762695312,372.2613525390625,8,17541,0
761,1060272,673.43505859375,447.3052062988281,11,17542,0
761,1060273,668.3416748046875,481.9333190917969,12,17543,0
761,1060274,652.2874755859375,379.11248779296875,8,17544,0
761,1060275,639.2916870117188,338.375,6,17545,0
761,1060276,444.75,298.4166564941406,2,17545,1
771,1060242,652.2874755859375,379.11248779296875,8,17516,0
771,1060243,656.4008178710938,424.1507873535156,14,17517,0
771,1060244,655.8506469726562,410.23077392578125,13,17518,0
771,1060245,664.5555419921875,467.0555419921875,14,17519,0
771,1060246,665.6244506835938,472.4140319824219,13,17520,0
771,1060247,668.2291870117188,474.40625,12,17521,0
771,1060248,669.2395629882812,462.09375,12,17522,0
771,1060249,280.5,306.0,1,17523,0
771,1060250,655.7782592773438,433.96832275390625,13,17524,0
771,1060251,666.7596435546875,469.5631408691406,15,17525,0
771,1060252,444.75,298.4166564941406,2,17526,0
771,1060253,590.0,317.25,2,17526,1
771,1060254,667.0208129882812,476.5,12,17527,0
771,1060255,676.664794921875,478.7159118652344,8,17528,0
771,1060256,672.9583129882812,485.6333312988281,12,17529,0
771,1060257,444.75,298.4166564941406,2,17530,0
771,1060258,590.0,317.25,2,17530,1
771,1060259,669.7013549804688,474.52264404296875,13,17531,0
771,1060260,663.2291870117188,366.7083435058594,6,17532,0
771,1060261,672.28125,473.4791564941406,12,17533,0
771,1060262,668.1312255859375,435.15625,16,17534,0
771,1060263,671.2783813476562,489.1704406738281,8,17535,0
771,1060264,655.8604125976562,440.0649108886719,11,17536,0
771,1060265,444.75,298.4166564941406,2,17537,0
771,1060266,590.0,317.25,2,17537,1
771,1060267,672.875,482.1458435058594,12,17538,0
771,1060268,603.6666870117188,322.375,3,17539,0
771,1060269,444.75,298.4166564941406,2,17539,1
771,1060270,628.4625244140625,371.01251220703125,8,17540,0
771,1060271,646.3806762695312,372.2613525390625,8,17541,0
771,1060272,673.43505859375,447.3052062988281,11,17542,0
771,1060273,668.3416748046875,481.9333190917969,12,17543,0
771,1060274,652.2874755859375,379.11248779296875,8,17544,0
771,1060275,639.2916870117188,338.375,6,17545,0
771,1060276,444.75,298.4166564941406,2,17545,1
781,1060242,652.2874755859375,379.11248779296875,8,17516,0
781,1060243,656.4008178710938,424.1507873535156,14,17517,0
781,1060244,655.8506469726562,410.23077392578125,13,17518,0
781,1060245,664.5555419921875,467.0555419921875,14,17519,0
781,1060246,665.6244506835938,472.4140319824219,13,17520,0
781,1060247,668.2291870117188,474.40625,12,17521,0
781,1060248,669.2395629882812,462.09375,12,17522,0
781,1060249,280.5,306.0,1,17523,0
781,1060250,655.7782592773438,433.96832275390625,13,17524,0
781,1060251,666.7596435546875,469.5631408691406,15,17525,0
781,1060252,444.75,298.4166564941406,2,17526,0
781,1060253,590.0,317.25,2,17526,1
781,1060254,667.0208129882812,476.5,12,17527,0
781,1060255,676.664794921875,478.7159118652344,8,17528,0
781,1060256,672.9583129882812,485.6333312988281,12,17529,0
781,1060257,444.75,298.4166564941406,2,17530,0
781,1060258,590.0,317.25,2,17530,1
781,1060259,669.7013549804688,474.52264404296875,13,17531,0
781,1060260,663.2291870117188,366.7083435058594,6,17532,0
781,1060261,672.28125,473.4791564941406,12,17533,0
781,1060262,668.1312255859375,435.15625,16,17534,0
781,1060263,671.2783813476562,489.1704406738281,8,17535,0
781,1060264,655.8604125976562,440.0649108886719,11,17536,0
781,1060265,444.75,298.4166564941406,2,17537,0
781,1060266,590.0,317.25,2,17537,1
781,1060267,672.875,482.1458435058594,12,17538,0
781,1060268,603.6666870117188,322.375,3,17539,0
781,1060269,444.75,298.4166564941406,2,17539,1
781,1060270,628.4625244140625,371.01251220703125,8,17540,0
781,1060271,646.3806762695312,372.2613525390625,8,17541,0
781,1060272,673.43505859375,447.3052062988281,11,17542,0
781,1060273,668.3416748046875,481.9333190917969,12,17543,0
781,1060274,652.2874755859375,379.11248779296875,8,17544,0
781,1060275,639.2916870117188,338.375,6,17545,0
781,1060276,444.75,298.4166564941406,2,17545,1
791,1060242,652.2874755859375,379.11248779296875,8,17516,0
791,1060243,656.4008178710938,424.1507873535156,14,17517,0
791,1060244,655.8506469726562,410.23077392578125,13,17518,0
791,1060245,664.5555419921875,467.0555419921875,14,17519,0
791,1060246,665.6244506835938,472.4140319824219,13,17520,0
791,1060247,668.2291870117188,474.40625,12,17521,0
791,1060248,669.2395629882812,462.09375,12,17522,0
791,1060249,280.5,306.0,1,17523,0
791,1060250,655.7782592773438,433.96832275390625,13,17524,0
791,1060251,666.7596435546875,469.5631408691406,15,17525,0
791,1060252,444.75,298.4166564941406,2,17526,0
791,1060253,590.0,317.25,2,17526,1
791,1060254,667.0208129882812,476.5,12,17527,0
791,1060255,676.664794921875,478.7159118652344,8,17528,0
791,1060256,672.9583129882812,485.6333312988281,12,17529,0
791,1060257,444.75,298.4166564941406,2,17530,0
791,1060258,590.0,317.25,2,17530,1
791,1060259,669.7013549804688,474.52264404296875,13,17531,0
791,1060260,663.2291870117188,366.7083435058594,6,17532,0
791,1060261,672.28125,473.4791564941406,12,17533,0
791,1060262,668.1312255859375,435.15625,16,17534,0
791,1060263,671.2783813476562,489.1704406738281,8,17535,0
791,1060264,655.8604125976562,440.0649108886719,11,17536,0
791,1060265,444.75,298.4166564941406,2,17537,0
791,1060266,590.0,317.25,2,17537,1
791,1060267,672.875,482.1458435058594,12,17538,0
791,1060268,603.6666870117188,322.375,3,17539,0
791,1060269,444.75,298.4166564941406,2,17539,1
791,1060270,628.4625244140625,371.01251220703125,8,17540,0
791,1060271,646.3806762695312,372.2613525390625,8,17541,0
791,1060272,673.43505859375,447.3052062988281,11,17542,0
791,1060273,668.3416748046875,481.9333190917969,12,17543,0
791,1060274,652.2874755859375,379.11248779296875,8,17544,0
791,1060275,639.2916870117188,338.375,6,17545,0
791,1060276,444.75,298.4166564941406,2,17545,1
801,1060242,652.2874755859375,379.11248779296875,8,17516,0
801,1060243,656.4008178710938,424.1507873535156,14,17517,0
801,1060244,655.8506469726562,410.23077392578125,13,17518,0
801,1060245,664.5555419921875,467.0555419921875,14,17519,0
801,1060246,665.6244506835938,472.4140319824219,13,17520,0
801,1060247,668.2291870117188,474.40625,12,17521,0
801,1060248,669.2395629882812,462.09375,12,17522,0
801,1060249,280.5,306.0,1,17523,0
801,1060250,655.7782592773438,433.96832275390625,13,17524,0
801,1060251,666.7596435546875,469.5631408691406,15,17525,0
801,1060252,444.75,298.4166564941406,2,17526,0
801,1060253,590.0,317.25,2,17526,1
801,1060254,667.0208129882812,476.5,12,17527,0
801,1060255,676.664794921875,478.7159118652344,8,17528,0
801,1060256,672.9583129882812,485.6333312988281,12,17529,0
801,1060257,444.75,298.4166564941406,2,17530,0
801,1060258,590.0,317.25,2,17530,1
801,1060259,669.7013549804688,474.52264404296875,13,17531,0
801,1060260,663.2291870117188,366.7083435058594,6,17532,0
801,1060261,672.28125,473.4791564941406,12,17533,0
801,1060262,668.1312255859375,435.15625,16,17534,0
801,1060263,671.2783813476562,489.1704406738281,8,17535,0
801,1060264,655.8604125976562,440.0649108886719,11,17536,0
801,1060265,444.75,298.4166564941406,2,17537,0
801,1060266,590.0,317.25,2,17537,1
801,1060267,672.875,482.1458435058594,12,17538,0
801,1060268,603.6666870117188,322.375,3,17539,0
801,1060269,444.75,298.4166564941406,2,17539,1
801,1060270,628.4625244140625,371.01251220703125,8,17540,0
801,1060271,646.3806762695312,372.2613525390625,8,17541,0
801,1060272,673.43505859375,447.3052062988281,11,17542,0
801,1060273,668.3416748046875,481.9333190917969,12,17543,0
801,1060274,652.2874755859375,379.11248779296875,8,17544,0
801,1060275,639.2916870117188,338.375,6,17545,0
801,1060276,444.75,298.4166564941406,2,17545,1
811,1060242,652.2874755859375,379.11248779296875,8,17516,0
811,1060243,656.4008178710938,424.1507873535156,14,17517,0
811,1060244,655.8506469726562,410.23077392578125,13,17518,0
811,1060245,664.5555419921875,467.0555419921875,14,17519,0
811,1060246,665.6244506835938,472.4140319824219,13,17520,0
811,1060247,668.2291870117188,474.40625,12,17521,0
811,1060248,669.2395629882812,462.09375,12,17522,0
811,1060249,280.5,306.0,1,17523,0
811,1060250,655.7782592773438,433.96832275390625,13,17524,0
811,1060251,666.7596435546875,469.5631408691406,15,17525,0
811,1060252,444.75,298.4166564941406,2,17526,0
811,1060253,590.0,317.25,2,17526,1
811,1060254,667.0208129882812,476.5,12,17527,0
811,1060255,676.664794921875,478.7159118652344,8,17528,0
811,1060256,672.9583129882812,485.6333312988281,12,17529,0
811,1060257,444.75,298.4166564941406,2,17530,0
811,1060258,590.0,317.25,2,17530,1
811,1060259,669.7013549804688,474.52264404296875,13,17531,0
811,1060260,663.2291870117188,366.7083435058594,6,17532,0
811,1060261,672.28125,473.4791564941406,12,17533,0
811,1060262,668.1312255859375,435.15625,16,17534,0
811,1060263,671.2783813476562,489.1704406738281,8,17535,0
811,1060264,655.8604125976562,440.0649108886719,11,17536,0
811,1060265,444.75,298.4166564941406,2,17537,0
811,1060266,590.0,317.25,2,17537,1
811,1060267,672.875,482.1458435058594,12,17538,0
811,1060268,603.6666870117188,322.375,3,17539,0
811,1060269,444.75,298.4166564941406,2,17539,1
811,1060270,628.4625244140625,371.01251220703125,8,17540,0
811,1060271,646.3806762695312,372.2613525390625,8,17541,0
811,1060272,673.43505859375,447.3052062988281,11,17542,0
811,1060273,668.3416748046875,481.9333190917969,12,17543,0
811,1060274,652.2874755859375,379.11248779296875,8,17544,0
811,1060275,639.2916870117188,338.375,6,17545,0
811,1060276,444.75,298.4166564941406,2,17545,1
821,1060242,652.2874755859375,379.11248779296875,8,17516,0
821,1060243,656.4008178710938,424.1507873535156,14,17517,0
821,1060244,655.8506469726562,410.23077392578125,13,17518,0
821,1060245,664.5555419921875,467.0555419921875,14,17519,0
821,1060246,665.6244506835938,472.4140319824219,13,17520,0
821,1060247,668.2291870117188,474.40625,12,17521,0
821,1060248,669.2395629882812,462.09375,12,17522,0
821,1060249,280.5,306.0,1,17523,0
821,1060250,655.7782592773438,433.96832275390625,13,17524,0
821,1060251,666.7596435546875,469.5631408691406,15,17525,0
821,1060252,444.75,298.4166564941406,2,17526,0
821,1060253,590.0,317.25,2,17526,1
821,1060254,667.0208129882812,476.5,12,17527,0
821,1060255,676.664794921875,478.7159118652344,8,17528,0
821,1060256,672.9583129882812,485.6333312988281,12,17529,0
821,1060257,444.75,298.4166564941406,2,17530,0
821,1060258,590.0,317.25,2,17530,1
821,1060259,669.7013549804688,474.52264404296875,13,17531,0
821,1060260,663.2291870117188,366.7083435058594,6,17532,0
821,1060261,672.28125,473.4791564941406,12,17533,0
821,1060262,668.1312255859375,435.15625,16,17534,0
821,1060263,671.2783813476562,489.1704406738281,8,17535,0
821,1060264,655.8604125976562,440.0649108886719,11,17536,0
821,1060265,444.75,298.4166564941406,2,17537,0
821,1060266,590.0,317.25,2,17537,1
821,1060267,672.875,482.1458435058594,12,17538,0
821,1060268,603.6666870117188,322.375,3,17539,0
821,1060269,444.75,298.4166564941406,2,17539,1
821,1060270,628.4625244140625,371.01251220703125,8,17540,0
821,1060271,646.3806762695312,372.2613525390625,8,17541,0
821,1060272,673.43505859375,447.3052062988281,11,17542,0
821,1060273,668.3416748046875,481.9333190917969,12,17543,0
821,1060274,652.2874755859375,379.11248779296875,8,17544,0
821,1060275,639.2916870117188,338.375,6,17545,0
821,1060276,444.75,298.4166564941406,2,17545,1
831,1060242,653.4541625976562,385.4458312988281,6,17516,0
831,1060243,656.3099365234375,431.1053466796875,11,17517,0
831,1060244,657.9506225585938,416.8307800292969,10,17518,0
831,1060245,663.3737182617188,472.1009826660156,11,17519,0
831,1060246,665.4244384765625,477.7140197753906,10,17520,0
831,1060247,668.2847290039062,479.18402099609375,9,17521,0
831,1060248,669.2951049804688,467.31597900390625,9,17522,0
831,1060249,265.5,346.0,1,17523,0
831,1060250,655.7782592773438,439.46832275390625,10,17524,0
831,1060251,666.1763305664062,474.35479736328125,12,17525,0
831,1060252,430.75,311.1666564941406,2,17526,0
831,1060253,586.5,326.0,2,17526,1
831,1060254,667.6875,481.5,9,17527,0
831,1060255,678.664794921875,482.54925537109375,6,17528,0
831,1060256,673.236083984375,490.022216796875,9,17529,0
831,1060257,430.75,311.1666564941406,2,17530,0
831,1060258,586.5,326.0,2,17530,1
831,1060259,670.3013305664062,479.6726379394531,10,17531,0
831,1060260,666.8541870117188,372.8333435058594,4,17532,0
831,1060261,672.170166015625,477.8125,9,17533,0
831,1060262,667.3812255859375,441.78125,12,17534,0
831,1060263,671.3616943359375,493.6704406738281,6,17535,0
831,1060264,654.1104125976562,446.4399108886719,8,17536,0
831,1060265,430.75,311.1666564941406,2,17537,0
831,1060266,586.5,326.0,2,17537,1
831,1060267,673.1527709960938,486.53472900390625,9,17538,0
831,1060268,597.4166870117188,332.875,2,17539,0
831,1060269,430.75,311.1666564941406,2,17539,1
831,1060270,628.2125244140625,379.0958557128906,6,17540,0
831,1060271,645.9639892578125,379.0113525390625,6,17541,0
831,1060272,672.93505859375,453.1802062988281,8,17542,0
831,1060273,669.2861328125,486.82220458984375,9,17543,0
831,1060274,653.4541625976562,385.4458312988281,6,17544,0
831,1060275,638.6666870117188,346.25,4,17545,0
831,1060276,430.75,311.1666564941406,2,17545,1
851,1060277,954.9666748046875,566.2666625976562,15,17546,0
851,1060278,951.34375,567.46875,16,17547,0
851,1060279,952.2941284179688,581.38232421875,17,17548,0
851,1060280,952.4375,584.96875,16,17549,0
851,1060281,972.1764526367188,573.9705810546875,17,17550,0
851,1060282,980.0,583.4375,16,17551,0
851,1060283,948.1875,581.875,16,17552,0
851,1060284,953.7916870117188,597.9166870117188,12,17553,0
851,1060285,992.227294921875,562.8636474609375,11,17554,0
851,1060286,943.4642944335938,576.3571166992188,14,17555,0
851,1060287,973.5714111328125,589.8928833007812,14,17556,0
851,1060288,992.2142944335938,570.5,7,17557,0
851,1060289,978.923095703125,569.576904296875,13,17558,0
851,1060290,960.8947143554688,575.5263061523438,19,17559,0
851,1060291,943.4642944335938,576.3571166992188,14,17560,0
851,1060292,950.227294921875,599.5908813476562,11,17561,0
851,1060293,931.8846435546875,564.6923217773438,13,17562,0
851,1060294,948.6923217773438,562.0,13,17563,0
851,1060295,950.6785888671875,565.6071166992188,14,17564,0
851,1060296,991.9000244140625,574.7999877929688,10,17565,0
851,1060297,966.1363525390625,574.022705078125,22,17566,0
851,1060298,987.6923217773438,558.923095703125,13,17567,0
851,1060299,840.25,530.0,2,17568,0
861,1060277,954.9666748046875,566.2666625976562,15,17546,0
861,1060278,951.34375,567.46875,16,17547,0
861,1060279,952.2941284179688,581.38232421875,17,17548,0
861,1060280,952.4375,584.96875,16,17549,0
861,1060281,972.1764526367188,573.9705810546875,17,17550,0
861,1060282,980.0,583.4375,16,17551,0
861,1060283,948.1875,581.875,16,17552,0
861,1060284,953.7916870117188,597.9166870117188,12,17553,0
861,1060285,992.227294921875,562.8636474609375,11,17554,0
861,1060286,943.4642944335938,576.3571166992188,14,17555,0
861,1060287,973.5714111328125,589.8928833007812,14,17556,0
861,1060288,992.2142944335938,570.5,7,17557,0
861,1060289,978.923095703125,569.576904296875,13,17558,0
861,1060290,960.8947143554688,575.5263061523438,19,17559,0
861,1060291,943.4642944335938,576.3571166992188,14,17560,0
861,1060292,950.227294921875,599.5908813476562,11,17561,0
861,1060293,931.8846435546875,564.6923217773438,13,17562,0
861,1060294,948.6923217773438,562.0,13,17563,0
861,1060295,950.6785888671875,565.6071166992188,14,17564,0
861,1060296,991.9000244140625,574.7999877929688,10,17565,0
861,1060297,966.1363525390625,574.022705078125,22,17566,0
861,1060298,987.6923217773438,558.923095703125,13,17567,0
861,1060299,840.25,530.0,2,17568,0
871,1060277,954.9666748046875,566.2666625976562,15,17546,0
871,1060278,951.34375,567.46875,16,17547,0
871,1060279,952.2941284179688,581.38232421875,17,17548,0
871,1060280,952.4375,584.96875,16,17549,0
871,1060281,972.1764526367188,573.9705810546875,17,17550,0
871,1060282,980.0,583.4375,16,17551,0
871,1060283,948.1875,581.875,16,17552,0
871,1060284,953.7916870117188,597.9166870117188,12,17553,0
871,1060285,992.227294921875,562.8636474609375,11,17554,0
871,1060286,943.4642944335938,576.3571166992188,14,17555,0
871,1060287,973.5714111328125,589.8928833007812,14,17556,0
871,1060288,992.2142944335938,570.5,7,17557,0
871,1060289,978.923095703125,569.576904296875,13,17558,0
871,1060290,960.8947143554688,575.5263061523438,19,17559,0
871,1060291,943.4642944335938,576.3571166992188,14,17560,0
871,1060292,950.227294921875,599.5908813476562,11,17561,0
871,1060293,931.8846435546875,564.6923217773438,13,17562,0
871,1060294,948.6923217773438,562.0,13,17563,0
871,1060295,950.6785888671875,565.6071166992188,14,17564,0
871,1060296,991.9000244140625,574.7999877929688,10,17565,0
871,1060297,966.1363525390625,574.022705078125,22,17566,0
871,1060298,987.6923217773438,558.923095703125,13,17567,0
871,1060299,840.25,530.0,2,17568,0
881,1060277,954.9666748046875,566.2666625976562,15,17546,0
881,1060278,951.34375,567.46875,16,17547,0
881,1060279,952.2941284179688,581.38232421875,17,17548,0
881,1060280,952.4375,584.96875,16,17549,0
881,1060281,972.1764526367188,573.9705810546875,17,17550,0
881,1060282,980.0,583.4375,16,17551,0
881,1060283,948.1875,581.875,16,17552,0
881,1060284,953.7916870117188,597.9166870117188,12,17553,0
881,1060285,992.227294921875,562.8636474609375,11,17554,0
881,1060286,943.4642944335938,576.3571166992188,14,17555,0
881,1060287,973.5714111328125,589.8928833007812,14,17556,0
881,1060288,992.2142944335938,570.5,7,17557,0
881,1060289,978.923095703125,569.576904296875,13,17558,0
881,1060290,960.8947143554688,575.5263061523438,19,17559,0
881,1060291,943.4642944335938,576.3571166992188,14,17560,0
881,1060292,950.227294921875,599.5908813476562,11,17561,0
881,1060293,931.8846435546875,564.6923217773438,13,17562,0
881,1060294,948.6923217773438,562.0,13,17563,0
881,1060295,950.6785888671875,565.6071166992188,14,17564,0
881,1060296,991.9000244140625,574.7999877929688,10,17565,0
881,1060297,966.1363525390625,574.022705078125,22,17566,0
881,1060298,987.6923217773438,558.923095703125,13,17567,0
881,1060299,840.25,530.0,2,17568,0
891,1060277,954.9666748046875,566.2666625976562,15,17546,0
891,1060278,951.34375,567.46875,16,17547,0
891,1060279,952.2941284179688,581.38232421875,17,17548,0
891,1060280,952.4375,584.96875,16,17549,0
891,1060281,972.1764526367188,573.9705810546875,17,17550,0
891,1060282,980.0,583.4375,16,17551,0
891,1060283,948.1875,581.875,16,17552,0
891,1060284,953.7916870117188,597.9166870117188,12,17553,0
891,1060285,992.227294921875,562.8636474609375,11,17554,0
891,1060286,943.4642944335938,576.3571166992188,14,17555,0
891,1060287,973.5714111328125,589.8928833007812,14,17556,0
891,1060288,992.2142944335938,570.5,7,17557,0
891,1060289,978.923095703125,569.576904296875,13,17558,0
891,1060290,960.8947143554688,575.5263061523438,19,17559,0
891,1060291,943.4642944335938,576.3571166992188,14,17560,0
891,1060292,950.227294921875,599.5908813476562,11,17561,0
891,1060293,931.8846435546875,564.6923217773438,13,17562,0
891,1060294,948.6923217773438,562.0,13,17563,0
891,1060295,950.6785888671875,565.6071166992188,14,17564,0
891,1060296,991.9000244140625,574.7999877929688,10,17565,0
891,1060297,966.1363525390625,574.022705078125,22,17566,0
891,1060298,987.6923217773438,558.923095703125,13,17567,0
891,1060299,840.25,530.0,2,17568,0
901,1060277,954.9666748046875,566.2666625976562,15,17546,0
901,1060278,951.34375,567.46875,16,17547,0
901,1060279,952.2941284179688,581.38232421875,17,17548,0
901,1060280,952.4375,584.96875,16,17549,0
901,1060281,972.1764526367188,573.9705810546875,17,17550,0
901,1060282,980.0,583.4375,16,17551,0
901,1060283,948.1875,581.875,16,17552,0
901,1060284,953.7916870117188,597.9166870117188,12,17553,0
901,1060285,992.227294921875,562.8636474609375,11,17554,0
901,1060286,943.4642944335938,576.3571166992188,14,17555,0
901,1060287,973.5714111328125,589.8928833007812,14,17556,0
901,1060288,992.2142944335938,570.5,7,17557,0
901,1060289,978.923095703125,569.576904296875,13,17558,0
901,1060290,960.8947143554688,575.5263061523438,19,17559,0
901,1060291,943.4642944335938,576.3571166992188,14,17560,0
901,1060292,950.227294921875,599.5908813476562,11,17561,0
901,1060293,931.8846435546875,564.6923217773438,13,17562,0
901,1060294,948.6923217773438,562.0,13,17563,0
901,1060295,950.6785888671875,565.6071166992188,14,17564,0
901,1060296,991.9000244140625,574.7999877929688,10,17565,0
901,1060297,966.1363525390625,574.022705078125,22,17566,0
901,1060298,987.6923217773438,558.923095703125,13,17567,0
901,1060299,840.25,530.0,2,17568,0
911,1060277,954.9666748046875,566.2666625976562,15,17546,0
911,1060278,951.34375,567.46875,16,17547,0
911,1060279,952.2941284179688,581.38232421875,17,17548,0
911,1060280,952.4375,584.96875,16,17549,0
911,1060281,972.1764526367188,573.9705810546875,17,17550,0
911,1060282,980.0,583.4375,16,17551,0
911,1060283,948.1875,581.875,16,17552,0
911,1060284,953.7916870117188,597.9166870117188,12,17553,0
911,1060285,992.227294921875,562.8636474609375,11,17554,0
911,1060286,943.4642944335938,576.3571166992188,14,17555,0
911,1060287,973.5714111328125,589.8928833007812,14,17556,0
911,1060288,992.2142944335938,570.5,7,17557,0
911,1060289,978.923095703125,569.576904296875,13,17558,0
911,1060290,960.8947143554688,575.5263061523438,19,17559,0
911,1060291,943.4642944335938,576.3571166992188,14,17560,0
911,1060292,950.227294921875,599.5908813476562,11,17561,0
911,1060293,931.8846435546875,564.6923217773438,13,17562,0
911,1060294,948.6923217773438,562.0,13,17563,0
911,1060295,950.6785888671875,565.6071166992188,14,17564,0
911,1060296,991.9000244140625,574.7999877929688,10,17565,0
911,1060297,966.1363525390625,574.022705078125,22,17566,0
911,1060298,987.6923217773438,558.923095703125,13,17567,0
911,1060299,840.25,530.0,2,17568,0
921,1060277,954.9666748046875,566.2666625976562,15,17546,0
921,1060278,951.34375,567.46875,16,17547,0
921,1060279,952.2941284179688,581.38232421875,17,17548,0
921,1060280,952.4375,584.96875,16,17549,0
921,1060281,972.1764526367188,573.9705810546875,17,17550,0
921,1060282,980.0,583.4375,16,17551,0
921,1060283,948.1875,581.875,16,17552,0
921,1060284,953.7916870117188,597.9166870117188,12,17553,0
921,1060285,992.227294921875,562.8636474609375,11,17554,0
921,1060286,943.4642944335938,576.3571166992188,14,17555,0
921,1060287,973.5714111328125,589.8928833007812,14,17556,0
921,1060288,992.2142944335938,570.5,7,17557,0
921,1060289,978.923095703125,569.576904296875,13,17558,0
921,1060290,960.8947143554688,575.5263061523438,19,17559,0
921,1060291,943.4642944335938,576.3571166992188,14,17560,0
921,1060292,950.227294921875,599.5908813476562,11,17561,0
921,1060293,931.8846435546875,564.6923217773438,13,17562,0
921,1060294,948.6923217773438,562.0,13,17563,0
921,1060295,950.6785888671875,565.6071166992188,14,17564,0
921,1060296,991.9000244140625,574.7999877929688,10,17565,0
921,1060297,966.1363525390625,574.022705078125,22,17566,0
921,1060298,987.6923217773438,558.923095703125,13,17567,0
921,1060299,840.25,530.0,2,17568,0
931,1060277,954.9666748046875,566.2666625976562,15,17546,0
931,1060278,951.34375,567.46875,16,17547,0
931,1060279,952.2941284179688,581.38232421875,17,17548,0
931,1060280,952.4375,584.96875,16,17549,0
931,1060281,972.1764526367188,573.9705810546875,17,17550,0
931,1060282,980.0,583.4375,16,17551,0
931,1060283,948.1875,581.875,16,17552,0
931,1060284,953.7916870117188,597.9166870117188,12,17553,0
931,1060285,992.227294921875,562.8636474609375,11,17554,0
931,1060286,943.4642944335938,576.3571166992188,14,17555,0
931,1060287,973.5714111328125,589.8928833007812,14,17556,0
931,1060288,992.2142944335938,570.5,7,17557,0
931,1060289,978.923095703125,569.576904296875,13,17558,0
931,1060290,960.8947143554688,575.5263061523438,19,17559,0
931,1060291,943.4642944335938,576.3571166992188,14,17560,0
931,1060292,950.227294921875,599.5908813476562,11,17561,0
931,1060293,931.8846435546875,564.6923217773438,13,17562,0
931,1060294,948.6923217773438,562.0,13,17563,0
931,1060295,950.6785888671875,565.6071166992188,14,17564,0
931,1060296,991.9000244140625,574.7999877929688,10,17565,0
931,1060297,966.1363525390625,574.022705078125,22,17566,0
931,1060298,987.6923217773438,558.923095703125,13,17567,0
931,1060299,840.25,530.0,2,17568,0
941,1060277,535.3416748046875,582.4749755859375,12,17546,0
941,1060278,530.6353759765625,584.0104370117188,12,17547,0
941,1060279,536.4864501953125,598.4976806640625,13,17548,0
941,1060280,540.2291259765625,602.0520629882812,12,17549,0
941,1060281,565.6764526367188,590.0859375,13,17550,0
941,1060282,580.7083740234375,599.2708129882812,12,17551,0
941,1060283,529.3125,600.2083129882812,12,17552,0
941,1060284,544.5694580078125,616.3611450195312,9,17553,0
941,1060285,597.352294921875,575.6761474609375,8,17554,0
941,1060286,517.782470703125,594.1298217773438,11,17555,0
941,1060287,575.1168212890625,606.2565307617188,11,17556,0
941,1060288,595.0142822265625,584.0,5,17557,0
941,1060289,577.3731079101562,586.326904296875,10,17558,0
941,1060290,543.6947021484375,592.5596313476562,15,17559,0
941,1060291,517.782470703125,594.1298217773438,11,17560,0
941,1060292,541.164794921875,620.7783813476562,8,17561,0
941,1060293,508.08465576171875,580.5422973632812,10,17562,0
941,1060294,529.392333984375,577.2000122070312,10,17563,0
941,1060295,531.4512939453125,581.7889404296875,11,17564,0
941,1060296,597.1500244140625,588.6124877929688,8,17565,0
941,1060297,553.6951904296875,590.8462524414062,17,17566,0
941,1060298,581.9923095703125,573.8231201171875,10,17567,0
941,1060299,354.25,548.75,2,17568,0
951,1060277,535.3416748046875,582.4749755859375,12,17546,0
951,1060278,530.6353759765625,584.0104370117188,12,17547,0
951,1060279,536.4864501953125,598.4976806640625,13,17548,0
951,1060280,540.2291259765625,602.0520629882812,12,17549,0
951,1060281,565.6764526367188,590.0859375,13,17550,0
951,1060282,580.7083740234375,599.2708129882812,12,17551,0
951,1060283,529.3125,600.2083129882812,12,17552,0
951,1060284,544.5694580078125,616.3611450195312,9,17553,0
951,1060285,597.352294921875,575.6761474609375,8,17554,0
951,1060286,517.782470703125,594.1298217773438,11,17555,0
951,1060287,575.1168212890625,606.2565307617188,11,17556,0
951,1060288,595.0142822265625,584.0,5,17557,0
951,1060289,577.3731079101562,586.326904296875,10,17558,0
951,1060290,543.6947021484375,592.5596313476562,15,17559,0
951,1060291,517.782470703125,594.1298217773438,11,17560,0
951,1060292,541.164794921875,620.7783813476562,8,17561,0
951,1060293,508.08465576171875,580.5422973632812,10,17562,0
951,1060294,529.392333984375,577.2000122070312,10,17563,0
951,1060295,531.4512939453125,581.7889404296875,11,17564,0
951,1060296,597.1500244140625,588.6124877929688,8,17565,0
951,1060297,553.6951904296875,590.8462524414062,17,17566,0
951,1060298,581.9923095703125,573.8231201171875,10,17567,0
951,1060299,354.25,548.75,2,17568,0
961,1060277,535.3416748046875,582.4749755859375,12,17546,0
961,1060278,530.6353759765625,584.0104370117188,12,17547,0
961,1060279,536.4864501953125,598.4976806640625,13,17548,0
961,1060280,540.2291259765625,602.0520629882812,12,17549,0
961,1060281,565.6764526367188,590.0859375,13,17550,0
961,1060282,580.7083740234375,599.2708129882812,12,17551,0
961,1060283,529.3125,600.2083129882812,12,17552,0
961,1060284,544.5694580078125,616.3611450195312,9,17553,0
961,1060285,597.352294921875,575.6761474609375,8,17554,0
961,1060286,517.782470703125,594.1298217773438,11,17555,0
961,1060287,575.1168212890625,606.2565307617188,11,17556,0
961,1060288,595.0142822265625,584.0,5,17557,0
961,1060289,577.3731079101562,586.326904296875,10,17558,0
961,1060290,543.6947021484375,592.5596313476562,15,17559,0
961,1060291,517.782470703125,594.1298217773438,11,17560,0
961,1060292,541.164794921875,620.7783813476562,8,17561,0
961,1060293,508.08465576171875,580.5422973632812,10,17562,0
961,1060294,529.392333984375,577.2000122070312,10,17563,0
961,1060295,531.4512939453125,581.7889404296875,11,17564,0
961,1060296,597.1500244140625,588.6124877929688,8,17565,0
961,1060297,553.6951904296875,590.8462524414062,17,17566,0
961,1060298,581.9923095703125,573.8231201171875,10,17567,0
961,1060299,354.25,548.75,2,17568,0
971,1060277,535.3416748046875,582.4749755859375,12,17546,0
971,1060278,530.6353759765625,584.0104370117188,12,17547,0
971,1060279,536.4864501953125,598.4976806640625,13,17548,0
971,1060280,540.2291259765625,602.0520629882812,12,17549,0
971,1060281,565.6764526367188,590.0859375,13,17550,0
971,1060282,580.7083740234375,599.2708129882812,12,17551,0
971,1060283,529.3125,600.2083129882812,12,17552,0
971,1060284,544.5694580078125,616.3611450195312,9,17553,0
971,1060285,597.352294921875,575.6761474609375,8,17554,0
971,1060286,517.782470703125,594.1298217773438,11,17555,0
971,1060287,575.1168212890625,606.2565307617188,11,17556,0
971,1060288,595.0142822265625,584.0,5,17557,0
971,1060289,577.3731079101562,586.326904296875,10,17558,0
971,1060290,543.6947021484375,592.5596313476562,15,17559,0
971,1060291,517.782470703125,594.1298217773438,11,17560,0
971,1060292,541.164794921875,620.7783813476562,8,17561,0
971,1060293,508.08465576171875,580.5422973632812,10,17562,0
971,1060294,529.392333984375,577.2000122070312,10,17563,0
971,1060295,531.4512939453125,581.7889404296875,11,17564,0
971,1060296,597.1500244140625,588.6124877929688,8,17565,0
971,1060297,553.6951904296875,590.8462524414062,17,17566,0
971,1060298,581.9923095703125,573.8231201171875,10,17567,0
971,1060299,354.25,548.75,2,17568,0
981,1060277,535.3416748046875,582.4749755859375,12,17546,0
981,1060278,530.6353759765625,584.0104370117188,12,17547,0
981,1060279,536.4864501953125,598.4976806640625,13,17548,0
981,1060280,540.2291259765625,602.0520629882812,12,17549,0
981,1060281,565.6764526367188,590.0859375,13,17550,0
981,1060282,580.7083740234375,599.2708129882812,12,17551,0
981,1060283,529.3125,600.2083129882812,12,17552,0
981,1060284,544.5694580078125,616.3611450195312,9,17553,0
981,1060285,597.352294921875,575.6761474609375,8,17554,0
981,1060286,517.782470703125,594.1298217773438,11,17555,0
981,1060287,575.1168212890625,606.2565307617188,11,17556,0
981,1060288,595.0142822265625,584.0,5,17557,0
981,1060289,577.3731079101562,586.326904296875,10,17558,0
981,1060290,543.6947021484375,592.5596313476562,15,17559,0
981,1060291,517.782470703125,594.1298217773438,11,17560,0
981,1060292,541.164794921875,620.7783813476562,8,17561,0
981,1060293,508.08465576171875,580.5422973632812,10,17562,0
981,1060294,529.392333984375,577.2000122070312,10,17563,0
981,1060295,531.4512939453125,581.7889404296875,11,17564,0
981,1060296,597.1500244140625,588.6124877929688,8,17565,0
981,1060297,553.6951904296875,590.8462524414062,17,17566,0
981,1060298,581.9923095703125,573.8231201171875,10,17567,0
981,1060299,354.25,548.75,2,17568,0
991,1060277,535.3416748046875,582.4749755859375,12,17546,0
991,1060278,530.6353759765625,584.0104370117188,12,17547,0
991,1060279,536.4864501953125,598.4976806640625,13,17548,0
991,1060280,540.2291259765625,602.0520629882812,12,17549,0
991,1060281,565.6764526367188,590.0859375,13,17550,0
991,1060282,580.7083740234375,599.2708129882812,12,17551,0
991,1060283,529.3125,600.2083129882812,12,17552,0
991,1060284,544.5694580078125,616.3611450195312,9,17553,0
991,1060285,597.352294921875,575.6761474609375,8,17554,0
991,1060286,517.782470703125,594.1298217773438,11,17555,0
991,1060287,575.1168212890625,606.2565307617188,11,17556,0
991,1060288,595.0142822265625,584.0,5,17557,0
991,1060289,577.3731079101562,586.326904296875,10,17558,0
991,1060290,543.6947021484375,592.5596313476562,15,17559,0
991,1060291,517.782470703125,594.1298217773438,11,17560,0
991,1060292,541.164794921875,620.7783813476562,8,17561,0
991,1060293,508.08465576171875,580.5422973632812,10,17562,0
991,1060294,529.392333984375,577.2000122070312,10,17563,0
991,1060295,531.4512939453125,581.7889404296875,11,17564,0
991,1060296,597.1500244140625,588.6124877929688,8,17565,0
991,1060297,553.6951904296875,590.8462524414062,17,17566,0
991,1060298,581.9923095703125,573.8231201171875,10,17567,0
991,1060299,354.25,548.75,2,17568,0
1001,1060277,535.3416748046875,582.4749755859375,12,17546,0
1001,1060278,530.6353759765625,584.0104370117188,12,17547,0
1001,1060279,536.4864501953125,598.4976806640625,13,17548,0
1001,1060280,540.2291259765625,602.0520629882812,12,17549,0
1001,1060281,565.6764526367188,590.0859375,13,17550,0
1001,1060282,580.7083740234375,599.2708129882812,12,17551,0
1001,1060283,529.3125,600.2083129882812,12,17552,0
1001,1060284,544.5694580078125,616.3611450195312,9,17553,0
1001,1060285,597.352294921875,575.6761474609375,8,17554,0
1001,1060286,517.782470703125,594.1298217773438,11,17555,0
1001,1060287,575.1168212890625,606.2565307617188,11,17556,0
1001,1060288,595.0142822265625,584.0,5,17557,0
1001,1060289,577.3731079101562,586.326904296875,10,17558,0
1001,1060290,543.6947021484375,592.5596313476562,15,17559,0
1001,1060291,517.782470703125,594.1298217773438,11,17560,0
1001,1060292,541.164794921875,620.7783813476562,8,17561,0
1001,1060293,508.08465576171875,580.5422973632812,10,17562,0
1001,1060294,529.392333984375,577.2000122070312,10,17563,0
1001,1060295,531.4512939453125,581.7889404296875,11,17564,0
1001,1060296,597.1500244140625,588.6124877929688,8,17565,0
1001,1060297,553.6951904296875,590.8462524414062,17,17566,0
1001,1060298,581.9923095703125,573.8231201171875,10,17567,0
1001,1060299,354.25,548.75,2,17568,0
1011,1060277,535.3416748046875,582.4749755859375,12,17546,0
1011,1060278,530.6353759765625,584.0104370117188,12,17547,0
1011,1060279,536.4864501953125,598.4976806640625,13,17548,0
1011,1060280,540.2291259765625,602.0520629882812,12,17549,0
1011,1060281,565.6764526367188,590.0859375,13,17550,0
1011,1060282,580.7083740234375,599.2708129882812,12,17551,0
1011,1060283,529.3125,600.2083129882812,12,17552,0
1011,1060284,544.5694580078125,616.3611450195312,9,17553,0
1011,1060285,597.352294921875,575.6761474609375,8,17554,0
1011,1060286,517.782470703125,594.1298217773438,11,17555,0
1011,1060287,575.1168212890625,606.2565307617188,11,17556,0
1011,1060288,595.0142822265625,584.0,5,17557,0
1011,1060289,577.3731079101562,586.326904296875,10,17558,0
1011,1060290,543.6947021484375,592.5596313476562,15,17559,0
1011,1060291,517.782470703125,594.1298217773438,11,17560,0
1011,1060292,541.164794921875,620.7783813476562,8,17561,0
1011,1060293,508.08465576171875,580.5422973632812,10,17562,0
1011,1060294,529.392333984375,577.2000122070312,10,17563,0
1011,1060295,531.4512939453125,581.7889404296875,11,17564,0
1011,1060296,597.1500244140625,588.6124877929688,8,17565,0
1011,1060297,553.6951904296875,590.8462524414062,17,17566,0
1011,1060298,581.9923095703125,573.8231201171875,10,17567,0
1011,1060299,354.25,548.75,2,17568,0
1021,1060277,535.3416748046875,582.4749755859375,12,17546,0
1021,1060278,530.6353759765625,584.0104370117188,12,17547,0
1021,1060279,536.4864501953125,598.4976806640625,13,17548,0
1021,1060280,540.2291259765625,602.0520629882812,12,17549,0
1021,1060281,565.6764526367188,590.0859375,13,17550,0
1021,1060282,580.7083740234375,599.2708129882812,12,17551,0
1021,1060283,529.3125,600.2083129882812,12,17552,0
1021,1060284,544.5694580078125,616.3611450195312,9,17553,0
1021,1060285,597.352294921875,575.6761474609375,8,17554,0
1021,1060286,517.782470703125,594.1298217773438,11,17555,0
1021,1060287,575.1168212890625,606.2565307617188,11,17556,0
1021,1060288,595.0142822265625,584.0,5,17557,0
1021,1060289,577.3731079101562,586.326904296875,10,17558,0
1021,1060290,543.6947021484375,592.5596313476562,15,17559,0
1021,1060291,517.782470703125,594.1298217773438,11,17560,0
1021,1060292,541.164794921875,620.7783813476562,8,17561,0
1021,1060293,508.08465576171875,580.5422973632812,10,17562,0
1021,1060294,529.392333984375,577.2000122070312,10,17563,0
1021,1060295,531.4512939453125,581.7889404296875,11,17564,0
1021,1060296,597.1500244140625,588.6124877929688,8,17565,0
1021,1060297,553.6951904296875,590.8462524414062,17,17566,0
1021,1060298,581.9923095703125,573.8231201171875,10,17567,0
1021,1060299,354.25,548.75,2,17568,0
1031,1060277,535.3416748046875,582.4749755859375,12,17546,0
1031,1060278,530.6353759765625,584.0104370117188,12,17547,0
1031,1060279,536.4864501953125,598.4976806640625,13,17548,0
1031,1060280,540.2291259765625,602.0520629882812,12,17549,0
1031,1060281,565.6764526367188,590.0859375,13,17550,0
1031,1060282,580.7083740234375,599.2708129882812,12,17551,0
1031,1060283,529.3125,600.2083129882812,12,17552,0
1031,1060284,544.5694580078125,616.3611450195312,9,17553,0
1031,1060285,597.352294921875,575.6761474609375,8,17554,0
1031,1060286,517.782470703125,594.1298217773438,11,17555,0
1031,1060287,575.1168212890625,606.2565307617188,11,17556,0
1031,1060288,595.0142822265625,584.0,5,17557,0
1031,1060289,577.3731079101562,586.326904296875,10,17558,0
1031,1060290,543.6947021484375,592.5596313476562,15,17559,0
1031,1060291,517.782470703125,594.1298217773438,11,17560,0
1031,1060292,541.164794921875,620.7783813476562,8,17561,0
1031,1060293,508.08465576171875,580.5422973632812,10,17562,0
1031,1060294,529.392333984375,577.2000122070312,10,17563,0
1031,1060295,531.4512939453125,581.7889404296875,11,17564,0
1031,1060296,597.1500244140625,588.6124877929688,8,17565,0
1031,1060297,553.6951904296875,590.8462524414062,17,17566,0
1031,1060298,581.9923095703125,573.8231201171875,10,17567,0
1031,1060299,354.25,548.75,2,17568,0
1041,1060277,574.2861328125,599.8082885742188,9,17546,0
1041,1060278,575.3020629882812,604.84375,9,17547,0
1041,1060279,578.33642578125,617.34765625,10,17548,0
1041,1060280,583.5068969726562,621.9409790039062,9,17549,0
1041,1060281,601.7264404296875,603.1359252929688,10,17550,0
1041,1060282,622.15283203125,614.9375,9,17551,0
1041,1060283,564.0347290039062,612.7083129882812,9,17552,0
1041,1060284,583.2837524414062,631.075439453125,7,17553,0
1041,1060285,638.6856079101562,603.7594604492188,6,17554,0
1041,1060286,548.782470703125,603.6923217773438,8,17555,0
1041,1060287,618.3668212890625,622.8815307617188,8,17556,0
1041,1060288,624.1392822265625,597.75,4,17557,0
1041,1060289,606.9981079101562,599.514404296875,8,17558,0
1041,1060290,573.5697021484375,601.7679443359375,12,17559,0
1041,1060291,548.782470703125,603.6923217773438,8,17560,0
1041,1060292,572.2481079101562,626.6116943359375,6,17561,0
1041,1060293,537.3971557617188,588.4172973632812,8,17562,0
1041,1060294,579.517333984375,600.4500122070312,8,17563,0
1041,1060295,572.0762939453125,597.2264404296875,8,17564,0
1041,1060296,643.6500244140625,615.94580078125,6,17565,0
1041,1060297,588.4259643554688,603.3078002929688,13,17566,0
1041,1060298,614.8673095703125,588.1356201171875,8,17567,0
1041,1060299,363.0,568.75,2,17568,0
1061,1060300,923.888916015625,709.5,9,17569,0
1061,1060301,923.888916015625,709.5,9,17570,0
1061,1060302,923.888916015625,709.5,9,17571,0
1061,1060303,950.5,714.888916015625,9,17572,0
1061,1060304,923.888916015625,709.5,9,17573,0
1061,1060305,923.888916015625,709.5,9,17574,0
1061,1060306,923.888916015625,709.5,9,17575,0
1061,1060307,923.888916015625,709.5,9,17576,0
1061,1060308,1019.0,723.75,2,17577,0
1061,1060309,915.875,707.8125,8,17578,0
1061,1060310,1366.0,666.75,2,17579,0
1061,1060311,1366.0,666.75,2,17580,0
1071,1060300,923.888916015625,709.5,9,17569,0
1071,1060301,923.888916015625,709.5,9,17570,0
1071,1060302,923.888916015625,709.5,9,17571,0
1071,1060303,950.5,714.888916015625,9,17572,0
1071,1060304,923.888916015625,709.5,9,17573,0
1071,1060305,923.888916015625,709.5,9,17574,0
1071,1060306,923.888916015625,709.5,9,17575,0
1071,1060307,923.888916015625,709.5,9,17576,0
1071,1060308,1019.0,723.75,2,17577,0
1071,1060309,915.875,707.8125,8,17578,0
1071,1060310,1366.0,666.75,2,17579,0
1071,1060311,1366.0,666.75,2,17580,0
1081,1060300,923.888916015625,709.5,9,17569,0
1081,1060301,923.888916015625,709.5,9,17570,0
1081,1060302,923.888916015625,709.5,9,17571,0
1081,1060303,950.5,714.888916015625,9,17572,0
1081,1060304,923.888916015625,709.5,9,17573,0
1081,1060305,923.888916015625,709.5,9,17574,0
1081,1060306,923.888916015625,709.5,9,17575,0
1081,1060307,923.888916015625,709.5,9,17576,0
1081,1060308,1019.0,723.75,2,17577,0
1081,1060309,915.875,707.8125,8,17578,0
1081,1060310,1366.0,666.75,2,17579,0
1081,1060311,1366.0,666.75,2,17580,0
1091,1060300,923.888916015625,709.5,9,17569,0
1091,1060301,923.888916015625,709.5,9,17570,0
1091,1060302,923.888916015625,709.5,9,17571,0
1091,1060303,950.5,714.888916015625,9,17572,0
1091,1060304,923.888916015625,709.5,9,17573,0
1091,1060305,923.888916015625,709.5,9,17574,0
1091,1060306,923.888916015625,709.5,9,17575,0
1091,1060307,923.888916015625,709.5,9,17576,0
1091,1060308,1019.0,723.75,2,17577,0
1091,1060309,915.875,707.8125,8,17578,0
1091,1060310,1366.0,666.75,2,17579,0
1091,1060311,1366.0,666.75,2,17580,0
1101,1060300,923.888916015625,709.5,9,17569,0
1101,1060301,923.888916015625,709.5,9,17570,0
1101,1060302,923.888916015625,709.5,9,17571,0
1101,1060303,950.5,714.888916015625,9,17572,0
1101,1060304,923.888916015625,709.5,9,17573,0
1101,1060305,923.888916015625,709.5,9,17574,0
1101,1060306,923.888916015625,709.5,9,17575,0
1101,1060307,923.888916015625,709.5,9,17576,0
1101,1060308,1019.0,723.75,2,17577,0
1101,1060309,915.875,707.8125,8,17578,0
1101,1060310,1366.0,666.75,2,17579,0
1101,1060311,1366.0,666.75,2,17580,0
1111,1060300,923.888916015625,709.5,9,17569,0
1111,1060301,923.888916015625,709.5,9,17570,0
1111,1060302,923.888916015625,709.5,9,17571,0
1111,1060303,950.5,714.888916015625,9,17572,0
1111,1060304,923.888916015625,709.5,9,17573,0
1111,1060305,923.888916015625,709.5,9,17574,0
1111,1060306,923.888916015625,709.5,9,17575,0
1111,1060307,923.888916015625,709.5,9,17576,0
1111,1060308,1019.0,723.75,2,17577,0
1111,1060309,915.875,707.8125,8,17578,0
1111,1060310,1366.0,666.75,2,17579,0
1111,1060311,1366.0,666.75,2,17580,0
1121,1060300,923.888916015625,709.5,9,17569,0
1121,1060301,923.888916015625,709.5,9,17570,0
1121,1060302,923.888916015625,709.5,9,17571,0
1121,1060303,950.5,714.888916015625,9,17572,0
1121,1060304,923.888916015625,709.5,9,17573,0
1121,1060305,923.888916015625,709.5,9,17574,0
1121,1060306,923.888916015625,709.5,9,17575,0
1121,1060307,923.888916015625,709.5,9,17576,0
1121,1060308,1019.0,723.75,2,17577,0
1121,1060309,915.875,707.8125,8,17578,0
1121,1060310,1366.0,666.75,2,17579,0
1121,1060311,1366.0,666.75,2,17580,0
1131,1060300,923.888916015625,709.5,9,17569,0
1131,1060301,923.888916015625,709.5,9,17570,0
1131,1060302,923.888916015625,709.5,9,17571,0
1131,1060303,950.5,714.888916015625,9,17572,0
1131,1060304,923.888916015625,709.5,9,17573,0
1131,1060305,923.888916015625,709.5,9,17574,0
1131,1060306,923.888916015625,709.5,9,17575,0
1131,1060307,923.888916015625,709.5,9,17576,0
1131,1060308,1019.0,723.75,2,17577,0
1131,1060309,915.875,707.8125,8,17578,0
1131,1060310,1366.0,666.75,2,17579,0
1131,1060311,1366.0,666.75,2,17580,0
1141,1060300,923.888916015625,709.5,9,17569,0
1141,1060301,923.888916015625,709.5,9,17570,0
1141,1060302,923.888916015625,709.5,9,17571,0
1141,1060303,950.5,714.888916015625,9,17572,0
1141,1060304,923.888916015625,709.5,9,17573,0
1141,1060305,923.888916015625,709.5,9,17574,0
1141,1060306,923.888916015625,709.5,9,17575,0
1141,1060307,923.888916015625,709.5,9,17576,0
1141,1060308,1019.0,723.75,2,17577,0
1141,1060309,915.875,707.8125,8,17578,0
1141,1060310,1366.0,666.75,2,17579,0
1141,1060311,1366.0,666.75,2,17580,0
1151,1060300,919.1746215820312,715.9285888671875,7,17569,0
1151,1060301,919.1746215820312,715.9285888671875,7,17570,0
1151,1060302,919.1746215820312,715.9285888671875,7,17571,0
1151,1060303,944.7142944335938,720.4603271484375,7,17572,0
1151,1060304,919.1746215820312,715.9285888671875,7,17573,0
1151,1060305,919.1746215820312,715.9285888671875,7,17574,0
1151,1060306,919.1746215820312,715.9285888671875,7,17575,0
1151,1060307,919.1746215820312,715.9285888671875,7,17576,0
1151,1060308,1017.75,727.25,2,17577,0
1151,1060309,909.9583129882812,715.5625,6,17578,0
1151,1060310,1369.25,668.0,2,17579,0
1151,1060311,1369.25,668.0,2,17580,0
1161,1060300,919.1746215820312,715.9285888671875,7,17569,0
1161,1060301,919.1746215820312,715.9285888671875,7,17570,0
1161,1060302,919.1746215820312,715.9285888671875,7,17571,0
1161,1060303,944.7142944335938,720.4603271484375,9,17572,0
1161,1060304,919.1746215820312,715.9285888671875,7,17573,0
1161,1060305,919.1746215820312,715.9285888671875,7,17574,0
1161,1060306,919.1746215820312,715.9285888671875,7,17575,0
1161,1060307,919.1746215820312,715.9285888671875,7,17576,0
1161,1060308,1017.75,727.25,2,17577,0
1161,1060309,909.9583129882812,715.5625,6,17578,0
1161,1060310,1369.25,668.0,2,17579,0
1161,1060311,1369.25,668.0,2,17580,0
1171,1060300,919.1746215820312,715.9285888671875,7,17569,0
1171,1060301,919.1746215820312,715.9285888671875,7,17570,0
1171,1060302,919.1746215820312,715.9285888671875,7,17571,0
1171,1060303,944.7142944335938,720.4603271484375,9,17572,0
1171,1060304,919.1746215820312,715.9285888671875,7,17573,0
1171,1060305,919.1746215820312,715.9285888671875,7,17574,0
1171,1060306,919.1746215820312,715.9285888671875,7,17575,0
1171,1060307,919.1746215820312,715.9285888671875,7,17576,0
1171,1060308,1017.75,727.25,2,17577,0
1171,1060309,909.9583129882812,715.5625,6,17578,0
1171,1060310,1369.25,668.0,2,17579,0
1171,1060311,1369.25,668.0,2,17580,0
1181,1060300,919.1746215820312,715.9285888671875,7,17569,0
1181,1060301,919.1746215820312,715.9285888671875,7,17570,0
1181,1060302,919.1746215820312,715.9285888671875,7,17571,0
1181,1060303,944.7142944335938,720.4603271484375,9,17572,0
1181,1060304,919.1746215820312,715.9285888671875,7,17573,0
1181,1060305,919.1746215820312,715.9285888671875,7,17574,0
1181,1060306,919.1746215820312,715.9285888671875,7,17575,0
1181,1060307,919.1746215820312,715.9285888671875,7,17576,0
1181,1060308,1017.75,727.25,2,17577,0
1181,1060309,909.9583129882812,715.5625,6,17578,0
1181,1060310,1369.25,668.0,2,17579,0
1181,1060311,1369.25,668.0,2,17580,0
1191,1060300,919.1746215820312,715.9285888671875,7,17569,0
1191,1060301,919.1746215820312,715.9285888671875,7,17570,0
1191,1060302,919.1746215820312,715.9285888671875,7,17571,0
1191,1060303,944.7142944335938,720.4603271484375,9,17572,0
1191,1060304,919.1746215820312,715.9285888671875,7,17573,0
1191,1060305,919.1746215820312,715.9285888671875,7,17574,0
1191,1060306,919.1746215820312,715.9285888671875,7,17575,0
1191,1060307,919.1746215820312,715.9285888671875,7,17576,0
1191,1060308,1017.75,727.25,2,17577,0
1191,1060309,909.9583129882812,715.5625,6,17578,0
1191,1060310,1369.25,668.0,2,17579,0
1191,1060311,1369.25,668.0,2,17580,0
1201,1060300,919.1746215820312,715.9285888671875,7,17569,0
1201,1060301,919.1746215820312,715.9285888671875,7,17570,0
1201,1060302,919.1746215820312,715.9285888671875,7,17571,0
1201,1060303,944.7142944335938,720.4603271484375,9,17572,0
1201,1060304,919.1746215820312,715.9285888671875,7,17573,0
1201,1060305,919.1746215820312,715.9285888671875,7,17574,0
1201,1060306,919.1746215820312,715.9285888671875,7,17575,0
1201,1060307,919.1746215820312,715.9285888671875,7,17576,0
1201,1060308,1017.75,727.25,2,17577,0
1201,1060309,909.9583129882812,715.5625,6,17578,0
1201,1060310,1369.25,668.0,2,17579,0
1201,1060311,1369.25,668.0,2,17580,0
1211,1060300,919.1746215820312,715.9285888671875,7,17569,0
1211,1060301,919.1746215820312,715.9285888671875,7,17570,0
1211,1060302,919.1746215820312,715.9285888671875,7,17571,0
1211,1060303,944.7142944335938,720.4603271484375,9,17572,0
1211,1060304,919.1746215820312,715.9285888671875,7,17573,0
1211,1060305,919.1746215820312,715.9285888671875,7,17574,0
1211,1060306,919.1746215820312,715.9285888671875,7,17575,0
1211,1060307,919.1746215820312,715.9285888671875,7,17576,0
1211,1060308,1017.75,727.25,2,17577,0
1211,1060309,909.9583129882812,715.5625,6,17578,0
1211,1060310,1369.25,668.0,2,17579,0
1211,1060311,1369.25,668.0,2,17580,0
1221,1060300,919.1746215820312,715.9285888671875,7,17569,0
1221,1060301,919.1746215820312,715.9285888671875,7,17570,0
1221,1060302,919.1746215820312,715.9285888671875,7,17571,0
1221,1060303,944.7142944335938,720.4603271484375,9,17572,0
1221,1060304,919.1746215820312,715.9285888671875,7,17573,0
1221,1060305,919.1746215820312,715.9285888671875,7,17574,0
1221,1060306,919.1746215820312,715.9285888671875,7,17575,0
1221,1060307,919.1746215820312,715.9285888671875,7,17576,0
1221,1060308,1017.75,727.25,2,17577,0
1221,1060309,909.9583129882812,715.5625,6,17578,0
1221,1060310,1369.25,668.0,2,17579,0
1221,1060311,1369.25,668.0,2,17580,0
1231,1060300,919.1746215820312,715.9285888671875,7,17569,0
1231,1060301,919.1746215820312,715.9285888671875,7,17570,0
1231,1060302,919.1746215820312,715.9285888671875,7,17571,0
1231,1060303,944.7142944335938,720.4603271484375,9,17572,0
1231,1060304,919.1746215820312,715.9285888671875,7,17573,0
1231,1060305,919.1746215820312,715.9285888671875,7,17574,0
1231,1060306,919.1746215820312,715.9285888671875,7,17575,0
1231,1060307,919.1746215820312,715.9285888671875,7,17576,0
1231,1060308,1017.75,727.25,2,17577,0
1231,1060309,909.9583129882812,715.5625,6,17578,0
1231,1060310,1369.25,668.0,2,17579,0
1231,1060311,1369.25,668.0,2,17580,0
1241,1060300,919.1746215820312,715.9285888671875,7,17569,0
1241,1060301,919.1746215820312,715.9285888671875,7,17570,0
1241,1060302,919.1746215820312,715.9285888671875,7,17571,0
1241,1060303,944.7142944335938,720.4603271484375,9,17572,0
1241,1060304,919.1746215820312,715.9285888671875,7,17573,0
1241,1060305,919.1746215820312,715.9285888671875,7,17574,0
1241,1060306,919.1746215820312,715.9285888671875,7,17575,0
1241,1060307,919.1746215820312,715.9285888671875,7,17576,0
1241,1060308,1017.75,727.25,2,17577,0
1241,1060309,909.9583129882812,715.5625,6,17578,0
1241,1060310,1369.25,668.0,2,17579,0
1241,1060311,1369.25,668.0,2,17580,0
1251,1060300,928.7745971679688,724.32861328125,5,17569,0
1251,1060301,928.7745971679688,724.32861328125,5,17570,0
1251,1060302,928.7745971679688,724.32861328125,5,17571,0
1251,1060303,954.0,722.03173828125,7,17572,0
1251,1060304,932.2745971679688,715.6286010742188,5,17573,0
1251,1060305,932.2745971679688,715.6286010742188,5,17574,0
1251,1060306,932.2745971679688,715.6286010742188,5,17575,0
1251,1060307,932.2745971679688,715.6286010742188,5,17576,0
1251,1060308,1153.75,731.25,2,17577,0
1251,1060309,889.9583129882812,716.4375,4,17578,0
1251,1060310,1386.5,668.5,2,17579,0
1251,1060311,1386.5,668.5,2,17580,0
1481,1060312,964.95654296875,547.6087036132812,23,17581,0
1481,1060313,802.5,461.5,1,17581,1
1481,1060314,987.5178833007812,556.3571166992188,28,17582,0
1481,1060315,972.370361328125,559.7777709960938,27,17583,0
1481,1060316,802.5,461.5,1,17583,1
1481,1060317,966.6071166992188,538.4285888671875,14,17584,0
1481,1060318,802.5,461.5,1,17584,1
1481,1060319,976.6346435546875,562.2884521484375,26,17585,0
1481,1060320,802.5,461.5,1,17585,1
1481,1060321,979.3499755859375,535.5,20,17586,0
1481,1060322,802.5,461.5,1,17586,1
1481,1060323,974.173095703125,552.6538696289062,26,17587,0
1481,1060324,802.5,461.5,1,17587,1
1481,1060325,488.5,641.0,1,17588,0
1481,1060326,999.9642944335938,574.7857055664062,14,17589,0
1481,1060327,802.5,461.5,1,17589,1
1481,1060328,1015.0999755859375,487.5,5,17590,0
1481,1060329,965.1875,530.78125,16,17591,0
1481,1060330,802.5,461.5,1,17591,1
1481,1060331,1002.1363525390625,532.0,11,17592,0
1481,1060332,971.5,561.2174072265625,23,17593,0
1481,1060333,802.5,461.5,1,17593,1
1481,1060334,979.1136474609375,576.6591186523438,22,17594,0
1481,1060335,802.5,461.5,1,17594,1
1481,1060336,989.23681640625,567.131591796875,19,17595,0
1481,1060337,802.5,461.5,1,17595,1
1481,1060338,977.4655151367188,560.1896362304688,29,17596,0
1481,1060339,979.0999755859375,544.8200073242188,25,17597,0
1481,1060340,802.5,461.5,1,17597,1
1481,1060341,802.5,461.5,1,17598,0
1481,1060342,968.3695678710938,553.3261108398438,23,17598,1
1481,1060343,976.6538696289062,560.0961303710938,26,17599,0
1481,1060344,802.5,461.5,1,17599,1
1481,1060345,981.6199951171875,574.9400024414062,25,17600,0
1481,1060346,983.1304321289062,571.6956787109375,23,17601,0
1481,1060347,802.5,461.5,1,17601,1
1481,1060348,985.9091186523438,569.8181762695312,22,17602,0
1481,1060349,969.978271484375,544.3695678710938,23,17603,0
1481,1060350,802.5,461.5,1,17603,1
1481,1060351,970.8076782226562,552.0384521484375,26,17604,0
1481,1060352,802.5,461.5,1,17604,1
1481,1060353,978.1799926757812,552.52001953125,25,17605,0
1481,1060354,802.5,461.5,1,17605,1
1481,1060355,969.978271484375,544.3695678710938,23,17606,0
1481,1060356,802.5,461.5,1,17606,1
1481,1060357,977.25,554.0576782226562,26,17607,0
1481,1060358,802.5,461.5,1,17607,1
1481,1060359,970.8076782226562,552.0384521484375,26,17608,0
1481,1060360,802.5,461.5,1,17608,1
1481,1060361,1014.0,581.25,8,17609,0
1481,1060362,1003.7307739257812,576.923095703125,13,17610,0
1481,1060363,802.5,461.5,1,17610,1
1481,1060364,1001.558837890625,574.2941284179688,17,17611,0
1481,1060365,979.2963256835938,556.7963256835938,27,17612,0
1481,1060366,982.4761962890625,555.2619018554688,21,17613,0
1481,1060367,961.1428833007812,567.1071166992188,14,17614,0
1481,1060368,802.5,461.5,1,17614,1
1481,1060369,970.8076782226562,552.0384521484375,26,17615,0
1481,1060370,802.5,461.5,1,17615,1
1491,1060312,964.95654296875,547.6087036132812,23,17581,0
1491,1060313,802.5,461.5,1,17581,1
1491,1060314,987.5178833007812,556.3571166992188,28,17582,0
1491,1060315,972.370361328125,559.7777709960938,27,17583,0
1491,1060316,802.5,461.5,1,17583,1
1491,1060317,966.6071166992188,538.4285888671875,14,17584,0
1491,1060318,802.5,461.5,1,17584,1
1491,1060319,976.6346435546875,562.2884521484375,26,17585,0
1491,1060320,802.5,461.5,1,17585,1
1491,1060321,979.3499755859375,535.5,20,17586,0
1491,1060322,802.5,461.5,1,17586,1
1491,1060323,974.173095703125,552.6538696289062,26,17587,0
1491,1060324,802.5,461.5,1,17587,1
1491,1060325,488.5,641.0,1,17588,0
1491,1060326,999.9642944335938,574.7857055664062,14,17589,0
1491,1060327,802.5,461.5,1,17589,1
1491,1060328,1015.0999755859375,487.5,5,17590,0
1491,1060329,965.1875,530.78125,16,17591,0
1491,1060330,802.5,461.5,1,17591,1
1491,1060331,1002.1363525390625,532.0,11,17592,0
1491,1060332,971.5,561.2174072265625,23,17593,0
1491,1060333,802.5,461.5,1,17593,1
1491,1060334,979.1136474609375,576.6591186523438,22,17594,0
1491,1060335,802.5,461.5,1,17594,1
1491,1060336,989.23681640625,567.131591796875,19,17595,0
1491,1060337,802.5,461.5,1,17595,1
1491,1060338,977.4655151367188,560.1896362304688,29,17596,0
1491,1060339,979.0999755859375,544.8200073242188,25,17597,0
1491,1060340,802.5,461.5,1,17597,1
1491,1060341,802.5,461.5,1,17598,0
1491,1060342,968.3695678710938,553.3261108398438,23,17598,1
1491,1060343,976.6538696289062,560.0961303710938,26,17599,0
1491,1060344,802.5,461.5,1,17599,1
1491,1060345,981.6199951171875,574.9400024414062,25,17600,0
1491,1060346,983.1304321289062,571.6956787109375,23,17601,0
1491,1060347,802.5,461.5,1,17601,1
1491,1060348,985.9091186523438,569.8181762695312,22,17602,0
1491,1060349,969.978271484375,544.3695678710938,23,17603,0
1491,1060350,802.5,461.5,1,17603,1
1491,1060351,970.8076782226562,552.0384521484375,26,17604,0
1491,1060352,802.5,461.5,1,17604,1
1491,1060353,978.1799926757812,552.52001953125,25,17605,0
1491,1060354,802.5,461.5,1,17605,1
1491,1060355,969.978271484375,544.3695678710938,23,17606,0
1491,1060356,802.5,461.5,1,17606,1
1491,1060357,977.25,554.0576782226562,26,17607,0
1491,1060358,802.5,461.5,1,17607,1
1491,1060359,970.8076782226562,552.0384521484375,26,17608,0
1491,1060360,802.5,461.5,1,17608,1
1491,1060361,1014.0,581.25,8,17609,0
1491,1060362,1003.7307739257812,576.923095703125,13,17610,0
1491,1060363,802.5,461.5,1,17610,1
1491,1060364,1001.558837890625,574.2941284179688,17,17611,0
1491,1060365,979.2963256835938,556.7963256835938,27,17612,0
1491,1060366,982.4761962890625,555.2619018554688,21,17613,0
1491,1060367,961.1428833007812,567.1071166992188,14,17614,0
1491,1060368,802.5,461.5,1,17614,1
1491,1060369,970.8076782226562,552.0384521484375,26,17615,0
1491,1060370,802.5,461.5,1,17615,1
1501,1060312,964.95654296875,547.6087036132812,23,17581,0
1501,1060313,802.5,461.5,1,17581,1
1501,1060314,987.5178833007812,556.3571166992188,28,17582,0
1501,1060315,972.370361328125,559.7777709960938,27,17583,0
1501,1060316,802.5,461.5,1,17583,1
1501,1060317,966.6071166992188,538.4285888671875,14,17584,0
1501,1060318,802.5,461.5,1,17584,1
1501,1060319,976.6346435546875,562.2884521484375,26,17585,0
1501,1060320,802.5,461.5,1,17585,1
1501,1060321,979.3499755859375,535.5,20,17586,0
1501,1060322,802.5,461.5,1,17586,1
1501,1060323,974.173095703125,552.6538696289062,26,17587,0
1501,1060324,802.5,461.5,1,17587,1
1501,1060325,488.5,641.0,1,17588,0
1501,1060326,999.9642944335938,574.7857055664062,14,17589,0
1501,1060327,802.5,461.5,1,17589,1
1501,1060328,1015.0999755859375,487.5,5,17590,0
1501,1060329,965.1875,530.78125,16,17591,0
1501,1060330,802.5,461.5,1,17591,1
1501,1060331,1002.1363525390625,532.0,11,17592,0
1501,1060332,971.5,561.2174072265625,23,17593,0
1501,1060333,802.5,461.5,1,17593,1
1501,1060334,979.1136474609375,576.6591186523438,22,17594,0
1501,1060335,802.5,461.5,1,17594,1
1501,1060336,989.23681640625,567.131591796875,19,17595,0
1501,1060337,802.5,461.5,1,17595,1
1501,1060338,977.4655151367188,560.1896362304688,29,17596,0
1501,1060339,979.0999755859375,544.8200073242188,25,17597,0
1501,1060340,802.5,461.5,1,17597,1
1501,1060341,802.5,461.5,1,17598,0
1501,1060342,968.3695678710938,553.3261108398438,23,17598,1
1501,1060343,976.6538696289062,560.0961303710938,26,17599,0
1501,1060344,802.5,461.5,1,17599,1
1501,1060345,981.6199951171875,574.9400024414062,25,17600,0
1501,1060346,983.1304321289062,571.6956787109375,23,17601,0
1501,1060347,802.5,461.5,1,17601,1
1501,1060348,985.9091186523438,569.8181762695312,22,17602,0
1501,1060349,969.978271484375,544.3695678710938,23,17603,0
1501,1060350,802.5,461.5,1,17603,1
1501,1060351,970.8076782226562,552.0384521484375,26,17604,0
1501,1060352,802.5,461.5,1,17604,1
1501,1060353,978.1799926757812,552.52001953125,25,17605,0
1501,1060354,802.5,461.5,1,17605,1
1501,1060355,969.978271484375,544.3695678710938,23,17606,0
1501,1060356,802.5,461.5,1,17606,1
1501,1060357,977.25,554.0576782226562,26,17607,0
1501,1060358,802.5,461.5,1,17607,1
1501,1060359,970.8076782226562,552.0384521484375,26,17608,0
1501,1060360,802.5,461.5,1,17608,1
1501,1060361,1014.0,581.25,8,17609,0
1501,1060362,1003.7307739257812,576.923095703125,13,17610,0
1501,1060363,802.5,461.5,1,17610,1
1501,1060364,1001.558837890625,574.2941284179688,17,17611,0
1501,1060365,979.2963256835938,556.7963256835938,27,17612,0
1501,1060366,982.4761962890625,555.2619018554688,21,17613,0
1501,1060367,961.1428833007812,567.1071166992188,14,17614,0
1501,1060368,802.5,461.5,1,17614,1
1501,1060369,970.8076782226562,552.0384521484375,26,17615,0
1501,1060370,802.5,461.5,1,17615,1
1511,1060312,964.95654296875,547.6087036132812,23,17581,0
1511,1060313,802.5,461.5,1,17581,1
1511,1060314,987.5178833007812,556.3571166992188,28,17582,0
1511,1060315,972.370361328125,559.7777709960938,27,17583,0
1511,1060316,802.5,461.5,1,17583,1
1511,1060317,966.6071166992188,538.4285888671875,14,17584,0
1511,1060318,802.5,461.5,1,17584,1
1511,1060319,976.6346435546875,562.2884521484375,26,17585,0
1511,1060320,802.5,461.5,1,17585,1
1511,1060321,979.3499755859375,535.5,20,17586,0
1511,1060322,802.5,461.5,1,17586,1
1511,1060323,974.173095703125,552.6538696289062,26,17587,0
1511,1060324,802.5,461.5,1,17587,1
1511,1060325,488.5,641.0,1,17588,0
1511,1060326,999.9642944335938,574.7857055664062,14,17589,0
1511,1060327,802.5,461.5,1,17589,1
1511,1060328,1015.0999755859375,487.5,5,17590,0
1511,1060329,965.1875,530.78125,16,17591,0
1511,1060330,802.5,461.5,1,17591,1
1511,1060331,1002.1363525390625,532.0,11,17592,0
1511,1060332,971.5,561.2174072265625,23,17593,0
1511,1060333,802.5,461.5,1,17593,1
1511,1060334,979.1136474609375,576.6591186523438,22,17594,0
1511,1060335,802.5,461.5,1,17594,1
1511,1060336,989.23681640625,567.131591796875,19,17595,0
1511,1060337,802.5,461.5,1,17595,1
1511,1060338,977.4655151367188,560.1896362304688,29,17596,0
1511,1060339,979.0999755859375,544.8200073242188,25,17597,0
1511,1060340,802.5,461.5,1,17597,1
1511,1060341,802.5,461.5,1,17598,0
1511,1060342,968.3695678710938,553.3261108398438,23,17598,1
1511,1060343,976.6538696289062,560.0961303710938,26,17599,0
1511,1060344,802.5,461.5,1,17599,1
1511,1060345,981.6199951171875,574.9400024414062,25,17600,0
1511,1060346,983.1304321289062,571.6956787109375,23,17601,0
1511,1060347,802.5,461.5,1,17601,1
1511,1060348,985.9091186523438,569.8181762695312,22,17602,0
1511,1060349,969.978271484375,544.3695678710938,23,17603,0
1511,1060350,802.5,461.5,1,17603,1
1511,1060351,970.8076782226562,552.0384521484375,26,17604,0
1511,1060352,802.5,461.5,1,17604,1
1511,1060353,978.1799926757812,552.52001953125,25,17605,0
1511,1060354,802.5,461.5,1,17605,1
1511,1060355,969.978271484375,544.3695678710938,23,17606,0
1511,1060356,802.5,461.5,1,17606,1
1511,1060357,977.25,554.0576782226562,26,17607,0
1511,1060358,802.5,461.5,1,17607,1
1511,1060359,970.8076782226562,552.0384521484375,26,17608,0
1511,1060360,802.5,461.5,1,17608,1
1511,1060361,1014.0,581.25,8,17609,0
1511,1060362,1003.7307739257812,576.923095703125,13,17610,0
1511,1060363,802.5,461.5,1,17610,1
1511,1060364,1001.558837890625,574.2941284179688,17,17611,0
1511,1060365,979.2963256835938,556.7963256835938,27,17612,0
1511,1060366,982.4761962890625,555.2619018554688,21,17613,0
1511,1060367,961.1428833007812,567.1071166992188,14,17614,0
1511,1060368,802.5,461.5,1,17614,1
1511,1060369,970.8076782226562,552.0384521484375,26,17615,0
1511,1060370,802.5,461.5,1,17615,1
1521,1060312,964.95654296875,547.6087036132812,23,17581,0
1521,1060313,802.5,461.5,1,17581,1
1521,1060314,987.5178833007812,556.3571166992188,28,17582,0
1521,1060315,972.370361328125,559.7777709960938,27,17583,0
1521,1060316,802.5,461.5,1,17583,1
1521,1060317,966.6071166992188,538.4285888671875,14,17584,0
1521,1060318,802.5,461.5,1,17584,1
1521,1060319,976.6346435546875,562.2884521484375,26,17585,0
1521,1060320,802.5,461.5,1,17585,1
1521,1060321,979.3499755859375,535.5,20,17586,0
1521,1060322,802.5,461.5,1,17586,1
1521,1060323,974.173095703125,552.6538696289062,26,17587,0
1521,1060324,802.5,461.5,1,17587,1
1521,1060325,488.5,641.0,1,17588,0
1521,1060326,999.9642944335938,574.7857055664062,14,17589,0
1521,1060327,802.5,461.5,1,17589,1
1521,1060328,1015.0999755859375,487.5,5,17590,0
1521,1060329,965.1875,530.78125,16,17591,0
1521,1060330,802.5,461.5,1,17591,1
1521,1060331,1002.1363525390625,532.0,11,17592,0
1521,1060332,971.5,561.2174072265625,23,17593,0
1521,1060333,802.5,461.5,1,17593,1
1521,1060334,979.1136474609375,576.6591186523438,22,17594,0
1521,1060335,802.5,461.5,1,17594,1
1521,1060336,989.23681640625,567.131591796875,19,17595,0
1521,1060337,802.5,461.5,1,17595,1
1521,1060338,977.4655151367188,560.1896362304688,29,17596,0
1521,1060339,979.0999755859375,544.8200073242188,25,17597,0
1521,1060340,802.5,461.5,1,17597,1
1521,1060341,802.5,461.5,1,17598,0
1521,1060342,968.3695678710938,553.3261108398438,23,17598,1
1521,1060343,976.6538696289062,560.0961303710938,26,17599,0
1521,1060344,802.5,461.5,1,17599,1
1521,1060345,981.6199951171875,574.9400024414062,25,17600,0
1521,1060346,983.1304321289062,571.6956787109375,23,17601,0
1521,1060347,802.5,461.5,1,17601,1
1521,1060348,985.9091186523438,569.8181762695312,22,17602,0
1521,1060349,969.978271484375,544.3695678710938,23,17603,0
1521,1060350,802.5,461.5,1,17603,1
1521,1060351,970.8076782226562,552.0384521484375,26,17604,0
1521,1060352,802.5,461.5,1,17604,1
1521,1060353,978.1799926757812,552.52001953125,25,17605,0
1521,1060354,802.5,461.5,1,17605,1
1521,1060355,969.978271484375,544.3695678710938,23,17606,0
1521,1060356,802.5,461.5,1,17606,1
1521,1060357,977.25,554.0576782226562,26,17607,0
1521,1060358,802.5,461.5,1,17607,1
1521,1060359,970.8076782226562,552.0384521484375,26,17608,0
1521,1060360,802.5,461.5,1,17608,1
1521,1060361,1014.0,581.25,8,17609,0
1521,1060362,1003.7307739257812,576.923095703125,13,17610,0
1521,1060363,802.5,461.5,1,17610,1
1521,1060364,1001.558837890625,574.2941284179688,17,17611,0
1521,1060365,979.2963256835938,556.7963256835938,27,17612,0
1521,1060366,982.4761962890625,555.2619018554688,21,17613,0
1521,1060367,961.1428833007812,567.1071166992188,14,17614,0
1521,1060368,802.5,461.5,1,17614,1
1521,1060369,970.8076782226562,552.0384521484375,26,17615,0
1521,1060370,802.5,461.5,1,17615,1
1531,1060312,964.95654296875,547.6087036132812,23,17581,0
1531,1060313,802.5,461.5,1,17581,1
1531,1060314,987.5178833007812,556.3571166992188,28,17582,0
1531,1060315,972.370361328125,559.7777709960938,27,17583,0
1531,1060316,802.5,461.5,1,17583,1
1531,1060317,966.6071166992188,538.4285888671875,14,17584,0
1531,1060318,802.5,461.5,1,17584,1
1531,1060319,976.6346435546875,562.2884521484375,26,17585,0
1531,1060320,802.5,461.5,1,17585,1
1531,1060321,979.3499755859375,535.5,20,17586,0
1531,1060322,802.5,461.5,1,17586,1
1531,1060323,974.173095703125,552.6538696289062,26,17587,0
1531,1060324,802.5,461.5,1,17587,1
1531,1060325,488.5,641.0,1,17588,0
1531,1060326,999.9642944335938,574.7857055664062,14,17589,0
1531,1060327,802.5,461.5,1,17589,1
1531,1060328,1015.0999755859375,487.5,5,17590,0
1531,1060329,965.1875,530.78125,16,17591,0
1531,1060330,802.5,461.5,1,17591,1
1531,1060331,1002.1363525390625,532.0,11,17592,0
1531,1060332,971.5,561.2174072265625,23,17593,0
1531,1060333,802.5,461.5,1,17593,1
1531,1060334,979.1136474609375,576.6591186523438,22,17594,0
1531,1060335,802.5,461.5,1,17594,1
1531,1060336,989.23681640625,567.131591796875,19,17595,0
1531,1060337,802.5,461.5,1,17595,1
1531,1060338,977.4655151367188,560.1896362304688,29,17596,0
1531,1060339,979.0999755859375,544.8200073242188,25,17597,0
1531,1060340,802.5,461.5,1,17597,1
1531,1060341,802.5,461.5,1,17598,0
1531,1060342,968.3695678710938,553.3261108398438,23,17598,1
1531,1060343,976.6538696289062,560.0961303710938,26,17599,0
1531,1060344,802.5,461.5,1,17599,1
1531,1060345,981.6199951171875,574.9400024414062,25,17600,0
1531,1060346,983.1304321289062,571.6956787109375,23,17601,0
1531,1060347,802.5,461.5,1,17601,1
1531,1060348,985.9091186523438,569.8181762695312,22,17602,0
1531,1060349,969.978271484375,544.3695678710938,23,17603,0
1531,1060350,802.5,461.5,1,17603,1
1531,1060351,970.8076782226562,552.0384521484375,26,17604,0
1531,1060352,802.5,461.5,1,17604,1
1531,1060353,978.1799926757812,552.52001953125,25,17605,0
1531,1060354,802.5,461.5,1,17605,1
1531,1060355,969.978271484375,544.3695678710938,23,17606,0
1531,1060356,802.5,461.5,1,17606,1
1531,1060357,977.25,554.0576782226562,26,17607,0
1531,1060358,802.5,461.5,1,17607,1
1531,1060359,970.8076782226562,552.0384521484375,26,17608,0
1531,1060360,802.5,461.5,1,17608,1
1531,1060361,1014.0,581.25,8,17609,0
1531,1060362,1003.7307739257812,576.923095703125,13,17610,0
1531,1060363,802.5,461.5,1,17610,1
1531,1060364,1001.558837890625,574.2941284179688,17,17611,0
1531,1060365,979.2963256835938,556.7963256835938,27,17612,0
1531,1060366,982.4761962890625,555.2619018554688,21,17613,0
1531,1060367,961.1428833007812,567.1071166992188,14,17614,0
1531,1060368,802.5,461.5,1,17614,1
1531,1060369,970.8076782226562,552.0384521484375,26,17615,0
1531,1060370,802.5,461.5,1,17615,1
1541,1060312,964.95654296875,547.6087036132812,23,17581,0
1541,1060313,802.5,461.5,1,17581,1
1541,1060314,987.5178833007812,556.3571166992188,28,17582,0
1541,1060315,972.370361328125,559.7777709960938,27,17583,0
1541,1060316,802.5,461.5,1,17583,1
1541,1060317,966.6071166992188,538.4285888671875,14,17584,0
1541,1060318,802.5,461.5,1,17584,1
1541,1060319,976.6346435546875,562.2884521484375,26,17585,0
1541,1060320,802.5,461.5,1,17585,1
1541,1060321,979.3499755859375,535.5,20,17586,0
1541,1060322,802.5,461.5,1,17586,1
1541,1060323,974.173095703125,552.6538696289062,26,17587,0
1541,1060324,802.5,461.5,1,17587,1
1541,1060325,488.5,641.0,1,17588,0
1541,1060326,999.9642944335938,574.7857055664062,14,17589,0
1541,1060327,802.5,461.5,1,17589,1
1541,1060328,1015.0999755859375,487.5,5,17590,0
1541,1060329,965.1875,530.78125,16,17591,0
1541,1060330,802.5,461.5,1,17591,1
1541,1060331,1002.1363525390625,532.0,11,17592,0
1541,1060332,971.5,561.2174072265625,23,17593,0
1541,1060333,802.5,461.5,1,17593,1
1541,1060334,979.1136474609375,576.6591186523438,22,17594,0
1541,1060335,802.5,461.5,1,17594,1
1541,1060336,989.23681640625,567.131591796875,19,17595,0
1541,1060337,802.5,461.5,1,17595,1
1541,1060338,977.4655151367188,560.1896362304688,29,17596,0
1541,1060339,979.0999755859375,544.8200073242188,25,17597,0
1541,1060340,802.5,461.5,1,17597,1
1541,1060341,802.5,461.5,1,17598,0
1541,1060342,968.3695678710938,553.3261108398438,23,17598,1
1541,1060343,976.6538696289062,560.0961303710938,26,17599,0
1541,1060344,802.5,461.5,1,17599,1
1541,1060345,981.6199951171875,574.9400024414062,25,17600,0
1541,1060346,983.1304321289062,571.6956787109375,23,17601,0
1541,1060347,802.5,461.5,1,17601,1
1541,1060348,985.9091186523438,569.8181762695312,22,17602,0
1541,1060349,969.978271484375,544.3695678710938,23,17603,0
1541,1060350,802.5,461.5,1,17603,1
1541,1060351,970.8076782226562,552.0384521484375,26,17604,0
1541,1060352,802.5,461.5,1,17604,1
1541,1060353,978.1799926757812,552.52001953125,25,17605,0
1541,1060354,802.5,461.5,1,17605,1
1541,1060355,969.978271484375,544.3695678710938,23,17606,0
1541,1060356,802.5,461.5,1,17606,1
1541,1060357,977.25,554.0576782226562,26,17607,0
1541,1060358,802.5,461.5,1,17607,1
1541,1060359,970.8076782226562,552.0384521484375,26,17608,0
1541,1060360,802.5,461.5,1,17608,1
1541,1060361,1014.0,581.25,8,17609,0
1541,1060362,1003.7307739257812,576.923095703125,13,17610,0
1541,1060363,802.5,461.5,1,17610,1
1541,1060364,1001.558837890625,574.2941284179688,17,17611,0
1541,1060365,979.2963256835938,556.7963256835938,27,17612,0
1541,1060366,982.4761962890625,555.2619018554688,21,17613,0
1541,1060367,961.1428833007812,567.1071166992188,14,17614,0
1541,1060368,802.5,461.5,1,17614,1
1541,1060369,970.8076782226562,552.0384521484375,26,17615,0
1541,1060370,802.5,461.5,1,17615,1
1551,1060312,964.95654296875,547.6087036132812,23,17581,0
1551,1060313,802.5,461.5,1,17581,1
1551,1060314,987.5178833007812,556.3571166992188,28,17582,0
1551,1060315,972.370361328125,559.7777709960938,27,17583,0
1551,1060316,802.5,461.5,1,17583,1
1551,1060317,966.6071166992188,538.4285888671875,14,17584,0
1551,1060318,802.5,461.5,1,17584,1
1551,1060319,976.6346435546875,562.2884521484375,26,17585,0
1551,1060320,802.5,461.5,1,17585,1
1551,1060321,979.3499755859375,535.5,20,17586,0
1551,1060322,802.5,461.5,1,17586,1
1551,1060323,974.173095703125,552.6538696289062,26,17587,0
1551,1060324,802.5,461.5,1,17587,1
1551,1060325,488.5,641.0,1,17588,0
1551,1060326,999.9642944335938,574.7857055664062,14,17589,0
1551,1060327,802.5,461.5,1,17589,1
1551,1060328,1015.0999755859375,487.5,5,17590,0
1551,1060329,965.1875,530.78125,16,17591,0
1551,1060330,802.5,461.5,1,17591,1
1551,1060331,1002.1363525390625,532.0,11,17592,0
1551,1060332,971.5,561.2174072265625,23,17593,0
1551,1060333,802.5,461.5,1,17593,1
1551,1060334,979.1136474609375,576.6591186523438,22,17594,0
1551,1060335,802.5,461.5,1,17594,1
1551,1060336,989.23681640625,567.131591796875,19,17595,0
1551,1060337,802.5,461.5,1,17595,1
1551,1060338,977.4655151367188,560.1896362304688,29,17596,0
1551,1060339,979.0999755859375,544.8200073242188,25,17597,0
1551,1060340,802.5,461.5,1,17597,1
1551,1060341,802.5,461.5,1,17598,0
1551,1060342,968.3695678710938,553.3261108398438,23,17598,1
1551,1060343,976.6538696289062,560.0961303710938,26,17599,0
1551,1060344,802.5,461.5,1,17599,1
1551,1060345,981.6199951171875,574.9400024414062,25,17600,0
1551,1060346,983.1304321289062,571.6956787109375,23,17601,0
1551,1060347,802.5,461.5,1,17601,1
1551,1060348,985.9091186523438,569.8181762695312,22,17602,0
1551,1060349,969.978271484375,544.3695678710938,23,17603,0
1551,1060350,802.5,461.5,1,17603,1
1551,1060351,970.8076782226562,552.0384521484375,26,17604,0
1551,1060352,802.5,461.5,1,17604,1
1551,1060353,978.1799926757812,552.52001953125,25,17605,0
1551,1060354,802.5,461.5,1,17605,1
1551,1060355,969.978271484375,544.3695678710938,23,17606,0
1551,1060356,802.5,461.5,1,17606,1
1551,1060357,977.25,554.0576782226562,26,17607,0
1551,1060358,802.5,461.5,1,17607,1
1551,1060359,970.8076782226562,552.0384521484375,26,17608,0
1551,1060360,802.5,461.5,1,17608,1
1551,1060361,1014.0,581.25,8,17609,0
1551,1060362,1003.7307739257812,576.923095703125,13,17610,0
1551,1060363,802.5,461.5,1,17610,1
1551,1060364,1001.558837890625,574.2941284179688,17,17611,0
1551,1060365,979.2963256835938,556.7963256835938,27,17612,0
1551,1060366,982.4761962890625,555.2619018554688,21,17613,0
1551,1060367,961.1428833007812,567.1071166992188,14,17614,0
1551,1060368,802.5,461.5,1,17614,1
1551,1060369,970.8076782226562,552.0384521484375,26,17615,0
1551,1060370,802.5,461.5,1,17615,1
1561,1060312,964.95654296875,547.6087036132812,23,17581,0
1561,1060313,802.5,461.5,1,17581,1
1561,1060314,987.5178833007812,556.3571166992188,28,17582,0
1561,1060315,972.370361328125,559.7777709960938,27,17583,0
1561,1060316,802.5,461.5,1,17583,1
1561,1060317,966.6071166992188,538.4285888671875,14,17584,0
1561,1060318,802.5,461.5,1,17584,1
1561,1060319,976.6346435546875,562.2884521484375,26,17585,0
1561,1060320,802.5,461.5,1,17585,1
1561,1060321,979.3499755859375,535.5,20,17586,0
1561,1060322,802.5,461.5,1,17586,1
1561,1060323,974.173095703125,552.6538696289062,26,17587,0
1561,1060324,802.5,461.5,1,17587,1
1561,1060325,488.5,641.0,1,17588,0
1561,1060326,999.9642944335938,574.7857055664062,14,17589,0
1561,1060327,802.5,461.5,1,17589,1
1561,1060328,1015.0999755859375,487.5,5,17590,0
1561,1060329,965.1875,530.78125,16,17591,0
1561,1060330,802.5,461.5,1,17591,1
1561,1060331,1002.1363525390625,532.0,11,17592,0
1561,1060332,971.5,561.2174072265625,23,17593,0
1561,1060333,802.5,461.5,1,17593,1
1561,1060334,979.1136474609375,576.6591186523438,22,17594,0
1561,1060335,802.5,461.5,1,17594,1
1561,1060336,989.23681640625,567.131591796875,19,17595,0
1561,1060337,802.5,461.5,1,17595,1
1561,1060338,977.4655151367188,560.1896362304688,29,17596,0
1561,1060339,979.0999755859375,544.8200073242188,25,17597,0
1561,1060340,802.5,461.5,1,17597,1
1561,1060341,802.5,461.5,1,17598,0
1561,1060342,968.3695678710938,553.3261108398438,23,17598,1
1561,1060343,976.6538696289062,560.0961303710938,26,17599,0
1561,1060344,802.5,461.5,1,17599,1
1561,1060345,981.6199951171875,574.9400024414062,25,17600,0
1561,1060346,983.1304321289062,571.6956787109375,23,17601,0
1561,1060347,802.5,461.5,1,17601,1
1561,1060348,985.9091186523438,569.8181762695312,22,17602,0
1561,1060349,969.978271484375,544.3695678710938,23,17603,0
1561,1060350,802.5,461.5,1,17603,1
1561,1060351,970.8076782226562,552.0384521484375,26,17604,0
1561,1060352,802.5,461.5,1,17604,1
1561,1060353,978.1799926757812,552.52001953125,25,17605,0
1561,1060354,802.5,461.5,1,17605,1
1561,1060355,969.978271484375,544.3695678710938,23,17606,0
1561,1060356,802.5,461.5,1,17606,1
1561,1060357,977.25,554.0576782226562,26,17607,0
1561,1060358,802.5,461.5,1,17607,1
1561,1060359,970.8076782226562,552.0384521484375,26,17608,0
1561,1060360,802.5,461.5,1,17608,1
1561,1060361,1014.0,581.25,8,17609,0
1561,1060362,1003.7307739257812,576.923095703125,13,17610,0
1561,1060363,802.5,461.5,1,17610,1
1561,1060364,1001.558837890625,574.2941284179688,17,17611,0
1561,1060365,979.2963256835938,556.7963256835938,27,17612,0
1561,1060366,982.4761962890625,555.2619018554688,21,17613,0
1561,1060367,961.1428833007812,567.1071166992188,14,17614,0
1561,1060368,802.5,461.5,1,17614,1
1561,1060369,970.8076782226562,552.0384521484375,26,17615,0
1561,1060370,802.5,461.5,1,17615,1
1571,1060312,906.6232299804688,551.275390625,18,17581,0
1571,1060313,754.0,473.5,1,17581,1
1571,1060314,928.6315307617188,559.902587890625,22,17582,0
1571,1060315,913.7274780273438,563.7777709960938,21,17583,0
1571,1060316,754.0,473.5,1,17583,1
1571,1060317,907.7434692382812,542.3831176757812,11,17584,0
1571,1060318,754.0,473.5,1,17584,1
1571,1060319,917.609619140625,565.888427734375,20,17585,0
1571,1060320,754.0,473.5,1,17585,1
1571,1060321,921.3187255859375,538.65625,16,17586,0
1571,1060322,754.0,473.5,1,17586,1
1571,1060323,915.2481079101562,556.0038452148438,20,17587,0
1571,1060324,754.0,473.5,1,17587,1
1571,1060325,423.5,644.5,1,17588,0
1571,1060326,941.009765625,579.6038818359375,11,17589,0
1571,1060327,754.0,473.5,1,17589,1
1571,1060328,958.7249755859375,495.375,4,17590,0
1571,1060329,906.7291870117188,535.3645629882812,12,17591,0
1571,1060330,754.0,473.5,1,17591,1
1571,1060331,946.1988525390625,536.9375,8,17592,0
1571,1060332,912.388916015625,564.3284912109375,18,17593,0
1571,1060333,754.0,473.5,1,17593,1
1571,1060334,919.8783569335938,580.3944091796875,17,17594,0
1571,1060335,754.0,473.5,1,17594,1
1571,1060336,930.2034912109375,570.9649047851562,15,17595,0
1571,1060337,754.0,473.5,1,17595,1
1571,1060338,918.639404296875,563.6461791992188,23,17596,0
1571,1060339,920.7249755859375,548.4949951171875,20,17597,0
1571,1060340,754.0,473.5,1,17597,1
1571,1060341,754.0,473.5,1,17598,0
1571,1060342,910.2306518554688,557.4371948242188,18,17598,1
1571,1060343,917.8538818359375,563.3711547851562,20,17599,0
1571,1060344,754.0,473.5,1,17599,1
1571,1060345,922.5700073242188,578.3900146484375,20,17600,0
1571,1060346,923.4915161132812,574.9456787109375,18,17601,0
1571,1060347,754.0,473.5,1,17601,1
1571,1060348,926.4385375976562,573.49462890625,17,17602,0
1571,1060349,911.728271484375,547.8695678710938,18,17603,0
1571,1060350,754.0,473.5,1,17603,1
1571,1060351,911.8826904296875,555.4134521484375,20,17604,0
1571,1060352,754.0,473.5,1,17604,1
1571,1060353,919.3300170898438,555.8450317382812,20,17605,0
1571,1060354,754.0,473.5,1,17605,1
1571,1060355,911.728271484375,547.8695678710938,18,17606,0
1571,1060356,754.0,473.5,1,17606,1
1571,1060357,918.8499755859375,557.5576782226562,20,17607,0
1571,1060358,754.0,473.5,1,17607,1
1571,1060359,911.8826904296875,555.4134521484375,20,17608,0
1571,1060360,754.0,473.5,1,17608,1
1571,1060361,955.5833129882812,586.5,6,17609,0
1571,1060362,944.8307495117188,581.673095703125,10,17610,0
1571,1060363,754.0,473.5,1,17610,1
1571,1060364,943.2511596679688,577.9094848632812,13,17611,0
1571,1060365,920.534423828125,560.3201293945312,21,17612,0
1571,1060366,923.6324462890625,558.2931518554688,16,17613,0
1571,1060367,902.097412109375,569.8344116210938,11,17614,0
1571,1060368,754.0,473.5,1,17614,1
1571,1060369,911.8826904296875,555.4134521484375,20,17615,0
1571,1060370,754.0,473.5,1,17615,1
1581,1060312,906.6232299804688,551.275390625,18,17581,0
1581,1060313,754.0,473.5,1,17581,1
1581,1060314,928.6315307617188,559.902587890625,22,17582,0
1581,1060315,913.7274780273438,563.7777709960938,21,17583,0
1581,1060316,754.0,473.5,1,17583,1
1581,1060317,907.7434692382812,542.3831176757812,11,17584,0
1581,1060318,754.0,473.5,1,17584,1
1581,1060319,917.609619140625,565.888427734375,20,17585,0
1581,1060320,754.0,473.5,1,17585,1
1581,1060321,921.3187255859375,538.65625,16,17586,0
1581,1060322,754.0,473.5,1,17586,1
1581,1060323,915.2481079101562,556.0038452148438,20,17587,0
1581,1060324,754.0,473.5,1,17587,1
1581,1060325,423.5,644.5,1,17588,0
1581,1060326,941.009765625,579.6038818359375,11,17589,0
1581,1060327,754.0,473.5,1,17589,1
1581,1060328,958.7249755859375,495.375,4,17590,0
1581,1060329,906.7291870117188,535.3645629882812,12,17591,0
1581,1060330,754.0,473.5,1,17591,1
1581,1060331,946.1988525390625,536.9375,8,17592,0
1581,1060332,912.388916015625,564.3284912109375,18,17593,0
1581,1060333,754.0,473.5,1,17593,1
1581,1060334,919.8783569335938,580.3944091796875,17,17594,0
1581,1060335,754.0,473.5,1,17594,1
1581,1060336,930.2034912109375,570.9649047851562,15,17595,0
1581,1060337,754.0,473.5,1,17595,1
1581,1060338,918.639404296875,563.6461791992188,23,17596,0
1581,1060339,920.7249755859375,548.4949951171875,20,17597,0
1581,1060340,754.0,473.5,1,17597,1
1581,1060341,754.0,473.5,1,17598,0
1581,1060342,910.2306518554688,557.4371948242188,18,17598,1
1581,1060343,917.8538818359375,563.3711547851562,20,17599,0
1581,1060344,754.0,473.5,1,17599,1
1581,1060345,922.5700073242188,578.3900146484375,20,17600,0
1581,1060346,923.4915161132812,574.9456787109375,18,17601,0
1581,1060347,754.0,473.5,1,17601,1
1581,1060348,926.4385375976562,573.49462890625,17,17602,0
1581,1060349,911.728271484375,547.8695678710938,18,17603,0
1581,1060350,754.0,473.5,1,17603,1
1581,1060351,911.8826904296875,555.4134521484375,20,17604,0
1581,1060352,754.0,473.5,1,17604,1
1581,1060353,919.3300170898438,555.8450317382812,20,17605,0
1581,1060354,754.0,473.5,1,17605,1
1581,1060355,911.728271484375,547.8695678710938,18,17606,0
1581,1060356,754.0,473.5,1,17606,1
1581,1060357,918.8499755859375,557.5576782226562,20,17607,0
1581,1060358,754.0,473.5,1,17607,1
1581,1060359,911.8826904296875,555.4134521484375,20,17608,0
1581,1060360,754.0,473.5,1,17608,1
1581,1060361,955.5833129882812,586.5,6,17609,0
1581,1060362,944.8307495117188,581.673095703125,10,17610,0
1581,1060363,754.0,473.5,1,17610,1
1581,1060364,943.2511596679688,577.9094848632812,13,17611,0
1581,1060365,920.534423828125,560.3201293945312,21,17612,0
1581,1060366,923.6324462890625,558.2931518554688,16,17613,0
1581,1060367,902.097412109375,569.8344116210938,11,17614,0
1581,1060368,754.0,473.5,1,17614,1
1581,1060369,911.8826904296875,555.4134521484375,20,17615,0
1581,1060370,754.0,473.5,1,17615,1
1591,1060312,906.6232299804688,551.275390625,18,17581,0
1591,1060313,754.0,473.5,1,17581,1
1591,1060314,928.6315307617188,559.902587890625,22,17582,0
1591,1060315,913.7274780273438,563.7777709960938,21,17583,0
1591,1060316,754.0,473.5,1,17583,1
1591,1060317,907.7434692382812,542.3831176757812,11,17584,0
1591,1060318,754.0,473.5,1,17584,1
1591,1060319,917.609619140625,565.888427734375,20,17585,0
1591,1060320,754.0,473.5,1,17585,1
1591,1060321,921.3187255859375,538.65625,16,17586,0
1591,1060322,754.0,473.5,1,17586,1
1591,1060323,915.2481079101562,556.0038452148438,20,17587,0
1591,1060324,754.0,473.5,1,17587,1
1591,1060325,423.5,644.5,1,17588,0
1591,1060326,941.009765625,579.6038818359375,11,17589,0
1591,1060327,754.0,473.5,1,17589,1
1591,1060328,958.7249755859375,495.375,4,17590,0
1591,1060329,906.7291870117188,535.3645629882812,12,17591,0
1591,1060330,754.0,473.5,1,17591,1
1591,1060331,946.1988525390625,536.9375,8,17592,0
1591,1060332,912.388916015625,564.3284912109375,18,17593,0
1591,1060333,754.0,473.5,1,17593,1
1591,1060334,919.8783569335938,580.3944091796875,17,17594,0
1591,1060335,754.0,473.5,1,17594,1
1591,1060336,930.2034912109375,570.9649047851562,15,17595,0
1591,1060337,754.0,473.5,1,17595,1
1591,1060338,918.639404296875,563.6461791992188,23,17596,0
1591,1060339,920.7249755859375,548.4949951171875,20,17597,0
1591,1060340,754.0,473.5,1,17597,1
1591,1060341,754.0,473.5,1,17598,0
1591,1060342,910.2306518554688,557.4371948242188,18,17598,1
1591,1060343,917.8538818359375,563.3711547851562,20,17599,0
1591,1060344,754.0,473.5,1,17599,1
1591,1060345,922.5700073242188,578.3900146484375,20,17600,0
1591,1060346,923.4915161132812,574.9456787109375,18,17601,0
1591,1060347,754.0,473.5,1,17601,1
1591,1060348,926.4385375976562,573.49462890625,17,17602,0
1591,1060349,911.728271484375,547.8695678710938,18,17603,0
1591,1060350,754.0,473.5,1,17603,1
1591,1060351,911.8826904296875,555.4134521484375,20,17604,0
1591,1060352,754.0,473.5,1,17604,1
1591,1060353,919.3300170898438,555.8450317382812,20,17605,0
1591,1060354,754.0,473.5,1,17605,1
1591,1060355,911.728271484375,547.8695678710938,18,17606,0
1591,1060356,754.0,473.5,1,17606,1
1591,1060357,918.8499755859375,557.5576782226562,20,17607,0
1591,1060358,754.0,473.5,1,17607,1
1591,1060359,911.8826904296875,555.4134521484375,20,17608,0
1591,1060360,754.0,473.5,1,17608,1
1591,1060361,955.5833129882812,586.5,6,17609,0
1591,1060362,944.8307495117188,581.673095703125,10,17610,0
1591,1060363,754.0,473.5,1,17610,1
1591,1060364,943.2511596679688,577.9094848632812,13,17611,0
1591,1060365,920.534423828125,560.3201293945312,21,17612,0
1591,1060366,923.6324462890625,558.2931518554688,16,17613,0
1591,1060367,902.097412109375,569.8344116210938,11,17614,0
1591,1060368,754.0,473.5,1,17614,1
1591,1060369,911.8826904296875,555.4134521484375,20,17615,0
1591,1060370,754.0,473.5,1,17615,1
1601,1060312,906.6232299804688,551.275390625,18,17581,0
1601,1060313,754.0,473.5,1,17581,1
1601,1060314,928.6315307617188,559.902587890625,22,17582,0
1601,1060315,913.7274780273438,563.7777709960938,21,17583,0
1601,1060316,754.0,473.5,1,17583,1
1601,1060317,907.7434692382812,542.3831176757812,11,17584,0
1601,1060318,754.0,473.5,1,17584,1
1601,1060319,917.609619140625,565.888427734375,20,17585,0
1601,1060320,754.0,473.5,1,17585,1
1601,1060321,921.3187255859375,538.65625,16,17586,0
1601,1060322,754.0,473.5,1,17586,1
1601,1060323,915.2481079101562,556.0038452148438,20,17587,0
1601,1060324,754.0,473.5,1,17587,1
1601,1060325,423.5,644.5,1,17588,0
1601,1060326,941.009765625,579.6038818359375,11,17589,0
1601,1060327,754.0,473.5,1,17589,1
1601,1060328,958.7249755859375,495.375,4,17590,0
1601,1060329,906.7291870117188,535.3645629882812,12,17591,0
1601,1060330,754.0,473.5,1,17591,1
1601,1060331,946.1988525390625,536.9375,8,17592,0
1601,1060332,912.388916015625,564.3284912109375,18,17593,0
1601,1060333,754.0,473.5,1,17593,1
1601,1060334,919.8783569335938,580.3944091796875,17,17594,0
1601,1060335,754.0,473.5,1,17594,1
1601,1060336,930.2034912109375,570.9649047851562,15,17595,0
1601,1060337,754.0,473.5,1,17595,1
1601,1060338,918.639404296875,563.6461791992188,23,17596,0
1601,1060339,920.7249755859375,548.4949951171875,20,17597,0
1601,1060340,754.0,473.5,1,17597,1
1601,1060341,754.0,473.5,1,17598,0
1601,1060342,910.2306518554688,557.4371948242188,18,17598,1
1601,1060343,917.8538818359375,563.3711547851562,20,17599,0
1601,1060344,754.0,473.5,1,17599,1
1601,1060345,922.5700073242188,578.3900146484375,20,17600,0
1601,1060346,923.4915161132812,574.9456787109375,18,17601,0
1601,1060347,754.0,473.5,1,17601,1
1601,1060348,926.4385375976562,573.49462890625,17,17602,0
1601,1060349,911.728271484375,547.8695678710938,18,17603,0
1601,1060350,754.0,473.5,1,17603,1
1601,1060351,911.8826904296875,555.4134521484375,20,17604,0
1601,1060352,754.0,473.5,1,17604,1
1601,1060353,919.3300170898438,555.8450317382812,20,17605,0
1601,1060354,754.0,473.5,1,17605,1
1601,1060355,911.728271484375,547.8695678710938,18,17606,0
1601,1060356,754.0,473.5,1,17606,1
1601,1060357,918.8499755859375,557.5576782226562,20,17607,0
1601,1060358,754.0,473.5,1,17607,1
1601,1060359,911.8826904296875,555.4134521484375,20,17608,0
1601,1060360,754.0,473.5,1,17608,1
1601,1060361,955.5833129882812,586.5,6,17609,0
1601,1060362,944.8307495117188,581.673095703125,10,17610,0
1601,1060363,754.0,473.5,1,17610,1
1601,1060364,943.2511596679688,577.9094848632812,13,17611,0
1601,1060365,920.534423828125,560.3201293945312,21,17612,0
1601,1060366,923.6324462890625,558.2931518554688,16,17613,0
1601,1060367,902.097412109375,569.8344116210938,11,17614,0
1601,1060368,754.0,473.5,1,17614,1
1601,1060369,911.8826904296875,555.4134521484375,20,17615,0
1601,1060370,754.0,473.5,1,17615,1
1611,1060312,906.6232299804688,551.275390625,19,17581,0
1611,1060313,754.0,473.5,1,17581,1
1611,1060314,928.6315307617188,559.902587890625,23,17582,0
1611,1060315,913.7274780273438,563.7777709960938,22,17583,0
1611,1060316,754.0,473.5,1,17583,1
1611,1060317,907.7434692382812,542.3831176757812,11,17584,0
1611,1060318,754.0,473.5,1,17584,1
1611,1060319,917.609619140625,565.888427734375,20,17585,0
1611,1060320,754.0,473.5,1,17585,1
1611,1060321,921.3187255859375,538.65625,16,17586,0
1611,1060322,754.0,473.5,1,17586,1
1611,1060323,915.2481079101562,556.0038452148438,21,17587,0
1611,1060324,754.0,473.5,1,17587,1
1611,1060325,423.5,644.5,1,17588,0
1611,1060326,941.009765625,579.6038818359375,11,17589,0
1611,1060327,754.0,473.5,1,17589,1
1611,1060328,958.7249755859375,495.375,4,17590,0
1611,1060329,906.7291870117188,535.3645629882812,12,17591,0
1611,1060330,754.0,473.5,1,17591,1
1611,1060331,946.1988525390625,536.9375,8,17592,0
1611,1060332,912.388916015625,564.3284912109375,18,17593,0
1611,1060333,754.0,473.5,1,17593,1
1611,1060334,919.8783569335938,580.3944091796875,17,17594,0
1611,1060335,754.0,473.5,1,17594,1
1611,1060336,930.2034912109375,570.9649047851562,15,17595,0
1611,1060337,754.0,473.5,1,17595,1
1611,1060338,918.639404296875,563.6461791992188,24,17596,0
1611,1060339,920.7249755859375,548.4949951171875,21,17597,0
1611,1060340,754.0,473.5,1,17597,1
1611,1060341,754.0,473.5,1,17598,0
1611,1060342,910.2306518554688,557.4371948242188,19,17598,1
1611,1060343,917.8538818359375,563.3711547851562,20,17599,0
1611,1060344,754.0,473.5,1,17599,1
1611,1060345,922.5700073242188,578.3900146484375,20,17600,0
1611,1060346,923.4915161132812,574.9456787109375,18,17601,0
1611,1060347,754.0,473.5,1,17601,1
1611,1060348,926.4385375976562,573.49462890625,17,17602,0
1611,1060349,911.728271484375,547.8695678710938,19,17603,0
1611,1060350,754.0,473.5,1,17603,1
1611,1060351,911.8826904296875,555.4134521484375,21,17604,0
1611,1060352,754.0,473.5,1,17604,1
1611,1060353,919.3300170898438,555.8450317382812,21,17605,0
1611,1060354,754.0,473.5,1,17605,1
1611,1060355,911.728271484375,547.8695678710938,19,17606,0
1611,1060356,754.0,473.5,1,17606,1
1611,1060357,918.8499755859375,557.5576782226562,21,17607,0
1611,1060358,754.0,473.5,1,17607,1
1611,1060359,911.8826904296875,555.4134521484375,21,17608,0
1611,1060360,754.0,473.5,1,17608,1
1611,1060361,955.5833129882812,586.5,6,17609,0
1611,1060362,944.8307495117188,581.673095703125,10,17610,0
1611,1060363,754.0,473.5,1,17610,1
1611,1060364,943.2511596679688,577.9094848632812,13,17611,0
1611,1060365,920.534423828125,560.3201293945312,22,17612,0
1611,1060366,923.6324462890625,558.2931518554688,17,17613,0
1611,1060367,902.097412109375,569.8344116210938,11,17614,0
1611,1060368,754.0,473.5,1,17614,1
1611,1060369,911.8826904296875,555.4134521484375,21,17615,0
1611,1060370,754.0,473.5,1,17615,1
1621,1060312,906.6232299804688,551.275390625,19,17581,0
1621,1060313,754.0,473.5,1,17581,1
1621,1060314,928.6315307617188,559.902587890625,23,17582,0
1621,1060315,913.7274780273438,563.7777709960938,22,17583,0
1621,1060316,754.0,473.5,1,17583,1
1621,1060317,907.7434692382812,542.3831176757812,11,17584,0
1621,1060318,754.0,473.5,1,17584,1
1621,1060319,917.609619140625,565.888427734375,21,17585,0
1621,1060320,754.0,473.5,1,17585,1
1621,1060321,921.3187255859375,538.65625,16,17586,0
1621,1060322,754.0,473.5,1,17586,1
1621,1060323,915.2481079101562,556.0038452148438,21,17587,0
1621,1060324,754.0,473.5,1,17587,1
1621,1060325,423.5,644.5,1,17588,0
1621,1060326,941.009765625,579.6038818359375,11,17589,0
1621,1060327,754.0,473.5,1,17589,1
1621,1060328,958.7249755859375,495.375,4,17590,0
1621,1060329,906.7291870117188,535.3645629882812,12,17591,0
1621,1060330,754.0,473.5,1,17591,1
1621,1060331,946.1988525390625,536.9375,9,17592,0
1621,1060332,912.388916015625,564.3284912109375,18,17593,0
1621,1060333,754.0,473.5,1,17593,1
1621,1060334,919.8783569335938,580.3944091796875,18,17594,0
1621,1060335,754.0,473.5,1,17594,1
1621,1060336,930.2034912109375,570.9649047851562,15,17595,0
1621,1060337,754.0,473.5,1,17595,1
1621,1060338,918.639404296875,563.6461791992188,24,17596,0
1621,1060339,920.7249755859375,548.4949951171875,22,17597,0
1621,1060340,754.0,473.5,1,17597,1
1621,1060341,754.0,473.5,1,17598,0
1621,1060342,910.2306518554688,557.4371948242188,19,17598,1
1621,1060343,917.8538818359375,563.3711547851562,20,17599,0
1621,1060344,754.0,473.5,1,17599,1
1621,1060345,922.5700073242188,578.3900146484375,21,17600,0
1621,1060346,923.4915161132812,574.9456787109375,19,17601,0
1621,1060347,754.0,473.5,1,17601,1
1621,1060348,926.4385375976562,573.49462890625,17,17602,0
1621,1060349,911.728271484375,547.8695678710938,19,17603,0
1621,1060350,754.0,473.5,1,17603,1
1621,1060351,911.8826904296875,555.4134521484375,21,17604,0
1621,1060352,754.0,473.5,1,17604,1
1621,1060353,919.3300170898438,555.8450317382812,21,17605,0
1621,1060354,754.0,473.5,1,17605,1
1621,1060355,911.728271484375,547.8695678710938,19,17606,0
1621,1060356,754.0,473.5,1,17606,1
1621,1060357,918.8499755859375,557.5576782226562,22,17607,0
1621,1060358,754.0,473.5,1,17607,1
1621,1060359,911.8826904296875,555.4134521484375,21,17608,0
1621,1060360,754.0,473.5,1,17608,1
1621,1060361,955.5833129882812,586.5,6,17609,0
1621,1060362,944.8307495117188,581.673095703125,10,17610,0
1621,1060363,754.0,473.5,1,17610,1
1621,1060364,943.2511596679688,577.9094848632812,15,17611,0
1621,1060365,920.534423828125,560.3201293945312,23,17612,0
1621,1060366,923.6324462890625,558.2931518554688,18,17613,0
1621,1060367,902.097412109375,569.8344116210938,11,17614,0
1621,1060368,754.0,473.5,1,17614,1
1621,1060369,911.8826904296875,555.4134521484375,21,17615,0
1621,1060370,754.0,473.5,1,17615,1
1631,1060312,906.6232299804688,551.275390625,19,17581,0
1631,1060313,754.0,473.5,1,17581,1
1631,1060314,928.6315307617188,559.902587890625,23,17582,0
1631,1060315,913.7274780273438,563.7777709960938,22,17583,0
1631,1060316,754.0,473.5,1,17583,1
1631,1060317,907.7434692382812,542.3831176757812,11,17584,0
1631,1060318,754.0,473.5,1,17584,1
1631,1060319,917.609619140625,565.888427734375,21,17585,0
1631,1060320,754.0,473.5,1,17585,1
1631,1060321,921.3187255859375,538.65625,16,17586,0
1631,1060322,754.0,473.5,1,17586,1
1631,1060323,915.2481079101562,556.0038452148438,21,17587,0
1631,1060324,754.0,473.5,1,17587,1
1631,1060325,423.5,644.5,1,17588,0
1631,1060326,941.009765625,579.6038818359375,11,17589,0
1631,1060327,754.0,473.5,1,17589,1
1631,1060328,958.7249755859375,495.375,4,17590,0
1631,1060329,906.7291870117188,535.3645629882812,12,17591,0
1631,1060330,754.0,473.5,1,17591,1
1631,1060331,946.1988525390625,536.9375,9,17592,0
1631,1060332,912.388916015625,564.3284912109375,18,17593,0
1631,1060333,754.0,473.5,1,17593,1
1631,1060334,919.8783569335938,580.3944091796875,18,17594,0
1631,1060335,754.0,473.5,1,17594,1
1631,1060336,930.2034912109375,570.9649047851562,15,17595,0
1631,1060337,754.0,473.5,1,17595,1
1631,1060338,918.639404296875,563.6461791992188,24,17596,0
1631,1060339,920.7249755859375,548.4949951171875,22,17597,0
1631,1060340,754.0,473.5,1,17597,1
1631,1060341,754.0,473.5,1,17598,0
1631,1060342,910.2306518554688,557.4371948242188,19,17598,1
1631,1060343,917.8538818359375,563.3711547851562,20,17599,0
1631,1060344,754.0,473.5,1,17599,1
1631,1060345,922.5700073242188,578.3900146484375,21,17600,0
1631,1060346,923.4915161132812,574.9456787109375,19,17601,0
1631,1060347,754.0,473.5,1,17601,1
1631,1060348,926.4385375976562,573.49462890625,17,17602,0
1631,1060349,911.728271484375,547.8695678710938,19,17603,0
1631,1060350,754.0,473.5,1,17603,1
1631,1060351,911.8826904296875,555.4134521484375,21,17604,0
1631,1060352,754.0,473.5,1,17604,1
1631,1060353,919.3300170898438,555.8450317382812,21,17605,0
1631,1060354,754.0,473.5,1,17605,1
1631,1060355,911.728271484375,547.8695678710938,19,17606,0
1631,1060356,754.0,473.5,1,17606,1
1631,1060357,918.8499755859375,557.5576782226562,22,17607,0
1631,1060358,754.0,473.5,1,17607,1
1631,1060359,911.8826904296875,555.4134521484375,21,17608,0
1631,1060360,754.0,473.5,1,17608,1
1631,1060361,955.5833129882812,586.5,6,17609,0
1631,1060362,944.8307495117188,581.673095703125,10,17610,0
1631,1060363,754.0,473.5,1,17610,1
1631,1060364,943.2511596679688,577.9094848632812,15,17611,0
1631,1060365,920.534423828125,560.3201293945312,23,17612,0
1631,1060366,923.6324462890625,558.2931518554688,18,17613,0
1631,1060367,902.097412109375,569.8344116210938,11,17614,0
1631,1060368,754.0,473.5,1,17614,1
1631,1060369,911.8826904296875,555.4134521484375,21,17615,0
1631,1060370,754.0,473.5,1,17615,1
1641,1060312,906.6232299804688,551.275390625,19,17581,0
1641,1060313,754.0,473.5,1,17581,1
1641,1060314,928.6315307617188,559.902587890625,23,17582,0
1641,1060315,913.7274780273438,563.7777709960938,22,17583,0
1641,1060316,754.0,473.5,1,17583,1
1641,1060317,907.7434692382812,542.3831176757812,11,17584,0
1641,1060318,754.0,473.5,1,17584,1
1641,1060319,917.609619140625,565.888427734375,21,17585,0
1641,1060320,754.0,473.5,1,17585,1
1641,1060321,921.3187255859375,538.65625,16,17586,0
1641,1060322,754.0,473.5,1,17586,1
1641,1060323,915.2481079101562,556.0038452148438,21,17587,0
1641,1060324,754.0,473.5,1,17587,1
1641,1060325,423.5,644.5,1,17588,0
1641,1060326,941.009765625,579.6038818359375,11,17589,0
1641,1060327,754.0,473.5,1,17589,1
1641,1060328,958.7249755859375,495.375,4,17590,0
1641,1060329,906.7291870117188,535.3645629882812,12,17591,0
1641,1060330,754.0,473.5,1,17591,1
1641,1060331,946.1988525390625,536.9375,9,17592,0
1641,1060332,912.388916015625,564.3284912109375,18,17593,0
1641,1060333,754.0,473.5,1,17593,1
1641,1060334,919.8783569335938,580.3944091796875,18,17594,0
1641,1060335,754.0,473.5,1,17594,1
1641,1060336,930.2034912109375,570.9649047851562,15,17595,0
1641,1060337,754.0,473.5,1,17595,1
1641,1060338,918.639404296875,563.6461791992188,24,17596,0
1641,1060339,920.7249755859375,548.4949951171875,22,17597,0
1641,1060340,754.0,473.5,1,17597,1
1641,1060341,754.0,473.5,1,17598,0
1641,1060342,910.2306518554688,557.4371948242188,19,17598,1
1641,1060343,917.8538818359375,563.3711547851562,20,17599,0
1641,1060344,754.0,473.5,1,17599,1
1641,1060345,922.5700073242188,578.3900146484375,21,17600,0
1641,1060346,923.4915161132812,574.9456787109375,19,17601,0
1641,1060347,754.0,473.5,1,17601,1
1641,1060348,926.4385375976562,573.49462890625,17,17602,0
1641,1060349,911.728271484375,547.8695678710938,19,17603,0
1641,1060350,754.0,473.5,1,17603,1
1641,1060351,911.8826904296875,555.4134521484375,21,17604,0
1641,1060352,754.0,473.5,1,17604,1
1641,1060353,919.3300170898438,555.8450317382812,21,17605,0
1641,1060354,754.0,473.5,1,17605,1
1641,1060355,911.728271484375,547.8695678710938,19,17606,0
1641,1060356,754.0,473.5,1,17606,1
1641,1060357,918.8499755859375,557.5576782226562,22,17607,0
1641,1060358,754.0,473.5,1,17607,1
1641,1060359,911.8826904296875,555.4134521484375,21,17608,0
1641,1060360,754.0,473.5,1,17608,1
1641,1060361,955.5833129882812,586.5,6,17609,0
1641,1060362,944.8307495117188,581.673095703125,10,17610,0
1641,1060363,754.0,473.5,1,17610,1
1641,1060364,943.2511596679688,577.9094848632812,15,17611,0
1641,1060365,920.534423828125,560.3201293945312,23,17612,0
1641,1060366,923.6324462890625,558.2931518554688,18,17613,0
1641,1060367,902.097412109375,569.8344116210938,11,17614,0
1641,1060368,754.0,473.5,1,17614,1
1641,1060369,911.8826904296875,555.4134521484375,21,17615,0
1641,1060370,754.0,473.5,1,17615,1
1651,1060312,906.6232299804688,551.275390625,19,17581,0
1651,1060313,754.0,473.5,1,17581,1
1651,1060314,928.6315307617188,559.902587890625,23,17582,0
1651,1060315,913.7274780273438,563.7777709960938,22,17583,0
1651,1060316,754.0,473.5,1,17583,1
1651,1060317,907.7434692382812,542.3831176757812,11,17584,0
1651,1060318,754.0,473.5,1,17584,1
1651,1060319,917.609619140625,565.888427734375,21,17585,0
1651,1060320,754.0,473.5,1,17585,1
1651,1060321,921.3187255859375,538.65625,16,17586,0
1651,1060322,754.0,473.5,1,17586,1
1651,1060323,915.2481079101562,556.0038452148438,21,17587,0
1651,1060324,754.0,473.5,1,17587,1
1651,1060325,423.5,644.5,1,17588,0
1651,1060326,941.009765625,579.6038818359375,11,17589,0
1651,1060327,754.0,473.5,1,17589,1
1651,1060328,958.7249755859375,495.375,4,17590,0
1651,1060329,906.7291870117188,535.3645629882812,12,17591,0
1651,1060330,754.0,473.5,1,17591,1
1651,1060331,946.1988525390625,536.9375,9,17592,0
1651,1060332,912.388916015625,564.3284912109375,18,17593,0
1651,1060333,754.0,473.5,1,17593,1
1651,1060334,919.8783569335938,580.3944091796875,18,17594,0
1651,1060335,754.0,473.5,1,17594,1
1651,1060336,930.2034912109375,570.9649047851562,15,17595,0
1651,1060337,754.0,473.5,1,17595,1
1651,1060338,918.639404296875,563.6461791992188,24,17596,0
1651,1060339,920.7249755859375,548.4949951171875,22,17597,0
1651,1060340,754.0,473.5,1,17597,1
1651,1060341,754.0,473.5,1,17598,0
1651,1060342,910.2306518554688,557.4371948242188,19,17598,1
1651,1060343,917.8538818359375,563.3711547851562,20,17599,0
1651,1060344,754.0,473.5,1,17599,1
1651,1060345,922.5700073242188,578.3900146484375,21,17600,0
1651,1060346,923.4915161132812,574.9456787109375,19,17601,0
1651,1060347,754.0,473.5,1,17601,1
1651,1060348,926.4385375976562,573.49462890625,17,17602,0
1651,1060349,911.728271484375,547.8695678710938,19,17603,0
1651,1060350,754.0,473.5,1,17603,1
1651,1060351,911.8826904296875,555.4134521484375,21,17604,0
1651,1060352,754.0,473.5,1,17604,1
1651,1060353,919.3300170898438,555.8450317382812,21,17605,0
1651,1060354,754.0,473.5,1,17605,1
1651,1060355,911.728271484375,547.8695678710938,19,17606,0
1651,1060356,754.0,473.5,1,17606,1
1651,1060357,918.8499755859375,557.5576782226562,22,17607,0
1651,1060358,754.0,473.5,1,17607,1
1651,1060359,911.8826904296875,555.4134521484375,21,17608,0
1651,1060360,754.0,473.5,1,17608,1
1651,1060361,955.5833129882812,586.5,6,17609,0
1651,1060362,944.8307495117188,581.673095703125,10,17610,0
1651,1060363,754.0,473.5,1,17610,1
1651,1060364,943.2511596679688,577.9094848632812,15,17611,0
1651,1060365,920.534423828125,560.3201293945312,23,17612,0
1651,1060366,923.6324462890625,558.2931518554688,18,17613,0
1651,1060367,902.097412109375,569.8344116210938,11,17614,0
1651,1060368,754.0,473.5,1,17614,1
1651,1060369,911.8826904296875,555.4134521484375,21,17615,0
1651,1060370,754.0,473.5,1,17615,1
1661,1060312,906.6232299804688,551.275390625,19,17581,0
1661,1060313,754.0,473.5,1,17581,1
1661,1060314,928.6315307617188,559.902587890625,23,17582,0
1661,1060315,913.7274780273438,563.7777709960938,22,17583,0
1661,1060316,754.0,473.5,1,17583,1
1661,1060317,907.7434692382812,542.3831176757812,11,17584,0
1661,1060318,754.0,473.5,1,17584,1
1661,1060319,917.609619140625,565.888427734375,21,17585,0
1661,1060320,754.0,473.5,1,17585,1
1661,1060321,921.3187255859375,538.65625,16,17586,0
1661,1060322,754.0,473.5,1,17586,1
1661,1060323,915.2481079101562,556.0038452148438,21,17587,0
1661,1060324,754.0,473.5,1,17587,1
1661,1060325,423.5,644.5,1,17588,0
1661,1060326,941.009765625,579.6038818359375,11,17589,0
1661,1060327,754.0,473.5,1,17589,1
1661,1060328,958.7249755859375,495.375,4,17590,0
1661,1060329,906.7291870117188,535.3645629882812,12,17591,0
1661,1060330,754.0,473.5,1,17591,1
1661,1060331,946.1988525390625,536.9375,9,17592,0
1661,1060332,912.388916015625,564.3284912109375,18,17593,0
1661,1060333,754.0,473.5,1,17593,1
1661,1060334,919.8783569335938,580.3944091796875,18,17594,0
1661,1060335,754.0,473.5,1,17594,1
1661,1060336,930.2034912109375,570.9649047851562,15,17595,0
1661,1060337,754.0,473.5,1,17595,1
1661,1060338,918.639404296875,563.6461791992188,24,17596,0
1661,1060339,920.7249755859375,548.4949951171875,22,17597,0
1661,1060340,754.0,473.5,1,17597,1
1661,1060341,754.0,473.5,1,17598,0
1661,1060342,910.2306518554688,557.4371948242188,19,17598,1
1661,1060343,917.8538818359375,563.3711547851562,20,17599,0
1661,1060344,754.0,473.5,1,17599,1
1661,1060345,922.5700073242188,578.3900146484375,21,17600,0
1661,1060346,923.4915161132812,574.9456787109375,19,17601,0
1661,1060347,754.0,473.5,1,17601,1
1661,1060348,926.4385375976562,573.49462890625,17,17602,0
1661,1060349,911.728271484375,547.8695678710938,19,17603,0
1661,1060350,754.0,473.5,1,17603,1
1661,1060351,911.8826904296875,555.4134521484375,21,17604,0
1661,1060352,754.0,473.5,1,17604,1
1661,1060353,919.3300170898438,555.8450317382812,21,17605,0
1661,1060354,754.0,473.5,1,17605,1
1661,1060355,911.728271484375,547.8695678710938,19,17606,0
1661,1060356,754.0,473.5,1,17606,1
1661,1060357,918.8499755859375,557.5576782226562,22,17607,0
1661,1060358,754.0,473.5,1,17607,1
1661,1060359,911.8826904296875,555.4134521484375,21,17608,0
1661,1060360,754.0,473.5,1,17608,1
1661,1060361,955.5833129882812,586.5,6,17609,0
1661,1060362,944.8307495117188,581.673095703125,10,17610,0
1661,1060363,754.0,473.5,1,17610,1
1661,1060364,943.2511596679688,577.9094848632812,15,17611,0
1661,1060365,920.534423828125,560.3201293945312,23,17612,0
1661,1060366,923.6324462890625,558.2931518554688,18,17613,0
1661,1060367,902.097412109375,569.8344116210938,11,17614,0
1661,1060368,754.0,473.5,1,17614,1
1661,1060369,911.8826904296875,555.4134521484375,21,17615,0
1661,1060370,754.0,473.5,1,17615,1
1671,1060312,920.5232543945312,561.4420776367188,15,17581,0
1671,1060313,806.5,515.5,1,17581,1
1671,1060314,936.4926147460938,567.763671875,18,17582,0
1671,1060315,923.87451171875,572.1600952148438,17,17583,0
1671,1060316,806.5,515.5,1,17583,1
1671,1060317,912.4309692382812,551.5706176757812,8,17584,0
1671,1060318,806.5,515.5,1,17584,1
1671,1060319,923.890869140625,574.232177734375,16,17585,0
1671,1060320,806.5,515.5,1,17585,1
1671,1060321,936.0687255859375,546.65625,12,17586,0
1671,1060322,806.5,515.5,1,17586,1
1671,1060323,922.9356079101562,563.4100952148438,16,17587,0
1671,1060324,806.5,515.5,1,17587,1
1671,1060325,417.0,645.5,1,17588,0
1671,1060326,944.947265625,582.7913818359375,8,17589,0
1671,1060327,806.5,515.5,1,17589,1
1671,1060328,992.8916625976562,510.375,3,17590,0
1671,1060329,916.5625,545.642333984375,9,17591,0
1671,1060330,806.5,515.5,1,17591,1
1671,1060331,969.1988525390625,547.0089111328125,7,17592,0
1671,1060332,919.8175048828125,572.9713745117188,14,17593,0
1671,1060333,806.5,515.5,1,17593,1
1671,1060334,925.4854736328125,585.9658203125,14,17594,0
1671,1060335,806.5,515.5,1,17594,1
1671,1060336,935.4951782226562,576.0899047851562,12,17595,0
1671,1060337,806.5,515.5,1,17595,1
1671,1060338,925.9815063476562,571.1461791992188,19,17596,0
1671,1060339,930.6072998046875,556.6420288085938,17,17597,0
1671,1060340,806.5,515.5,1,17597,1
1671,1060341,806.5,515.5,1,17598,0
1671,1060342,921.997314453125,568.3372192382812,15,17598,1
1671,1060343,925.4476318359375,571.5899047851562,16,17599,0
1671,1060344,806.5,515.5,1,17599,1
1671,1060345,930.7887573242188,584.9837646484375,16,17600,0
1671,1060346,933.0248413085938,580.9456787109375,15,17601,0
1671,1060347,806.5,515.5,1,17601,1
1671,1060348,935.130859375,579.571533203125,13,17602,0
1671,1060349,920.9949340820312,557.0029296875,15,17603,0
1671,1060350,806.5,515.5,1,17603,1
1671,1060351,919.7264404296875,563.7259521484375,16,17604,0
1671,1060352,806.5,515.5,1,17604,1
1671,1060353,928.2362670898438,562.8762817382812,16,17605,0
1671,1060354,806.5,515.5,1,17605,1
1671,1060355,920.9949340820312,557.0029296875,15,17606,0
1671,1060356,806.5,515.5,1,17606,1
1671,1060357,926.2322998046875,565.5870971679688,17,17607,0
1671,1060358,806.5,515.5,1,17607,1
1671,1060359,919.7264404296875,563.7259521484375,16,17608,0
1671,1060360,806.5,515.5,1,17608,1
1671,1060361,1021.7083129882812,595.375,4,17609,0
1671,1060362,946.5807495117188,584.485595703125,8,17610,0
1671,1060363,806.5,515.5,1,17610,1
1671,1060364,958.8761596679688,584.951171875,12,17611,0
1671,1060365,928.1455078125,567.2923583984375,18,17612,0
1671,1060366,939.0253295898438,568.5074462890625,14,17613,0
1671,1060367,909.222412109375,575.7094116210938,8,17614,0
1671,1060368,806.5,515.5,1,17614,1
1671,1060369,919.7264404296875,563.7259521484375,16,17615,0
1671,1060370,806.5,515.5,1,17615,1
