frame,cluster_id,x,y,cluster_size,source_sample_index,source_local_cluster_id
11,1073914,1118.75,237.0,2,20991,0
11,1073915,1336.5,425.5,1,20991,1
11,1073916,1497.25,686.25,2,20991,2
11,1073917,1238.5,358.0,1,20992,0
11,1073918,1336.5,425.5,1,20992,1
11,1073919,1430.0,617.25,2,20992,2
11,1073920,762.25,296.0,2,20993,0
11,1073921,1336.5,425.5,1,20994,0
11,1073922,1199.0,548.5,1,20994,1
11,1073923,1118.75,237.0,2,20994,2
11,1073924,1238.5,358.0,1,20994,3
11,1073925,1110.5,380.0,1,20995,0
11,1073926,1118.75,237.0,2,20996,0
11,1073927,1336.5,425.5,1,20996,1
11,1073928,416.0,13.5,1,20997,0
11,1073929,762.25,296.0,2,20998,0
11,1073930,661.5,30.0,1,20999,0
11,1073931,1460.8333740234375,650.5,3,21000,0
11,1073932,1199.0,548.5,1,21000,1
11,1073933,1238.5,358.0,1,21000,2
11,1073934,735.0,127.5,1,21001,0
11,1073935,1460.8333740234375,650.5,3,21002,0
11,1073936,1147.5,266.5,1,21002,1
11,1073937,1199.0,548.5,1,21003,0
11,1073938,1336.5,425.5,1,21003,1
11,1073939,1388.0,579.0,1,21003,2
11,1073940,1460.8333740234375,650.5,3,21004,0
11,1073941,1147.5,266.5,1,21004,1
11,1073942,1238.5,358.0,1,21004,2
21,1073914,1118.75,237.0,2,20991,0
21,1073915,1336.5,425.5,1,20991,1
21,1073916,1497.25,686.25,2,20991,2
21,1073917,1238.5,358.0,1,20992,0
21,1073918,1336.5,425.5,1,20992,1
21,1073919,1430.0,617.25,2,20992,2
21,1073920,762.25,296.0,2,20993,0
21,1073921,1336.5,425.5,1,20994,0
21,1073922,1199.0,548.5,1,20994,1
21,1073923,1118.75,237.0,2,20994,2
21,1073924,1238.5,358.0,1,20994,3
21,1073925,1110.5,380.0,1,20995,0
21,1073926,1118.75,237.0,2,20996,0
21,1073927,1336.5,425.5,1,20996,1
21,1073928,416.0,13.5,1,20997,0
21,1073929,762.25,296.0,2,20998,0
21,1073930,661.5,30.0,1,20999,0
21,1073931,1460.8333740234375,650.5,3,21000,0
21,1073932,1199.0,548.5,1,21000,1
21,1073933,1238.5,358.0,1,21000,2
21,1073934,735.0,127.5,1,21001,0
21,1073935,1460.8333740234375,650.5,3,21002,0
21,1073936,1147.5,266.5,1,21002,1
21,1073937,1199.0,548.5,1,21003,0
21,1073938,1336.5,425.5,1,21003,1
21,1073939,1388.0,579.0,1,21003,2
21,1073940,1460.8333740234375,650.5,3,21004,0
21,1073941,1147.5,266.5,1,21004,1
21,1073942,1238.5,358.0,1,21004,2
31,1073914,1118.75,237.0,2,20991,0
31,1073915,1336.5,425.5,1,20991,1
31,1073916,1497.25,686.25,2,20991,2
31,1073917,1238.5,358.0,1,20992,0
31,1073918,1336.5,425.5,1,20992,1
31,1073919,1430.0,617.25,2,20992,2
31,1073920,762.25,296.0,2,20993,0
31,1073921,1336.5,425.5,1,20994,0
31,1073922,1199.0,548.5,1,20994,1
31,1073923,1118.75,237.0,2,20994,2
31,1073924,1238.5,358.0,1,20994,3
31,1073925,1110.5,380.0,1,20995,0
31,1073926,1118.75,237.0,2,20996,0
31,1073927,1336.5,425.5,1,20996,1
31,1073928,416.0,13.5,1,20997,0
31,1073929,762.25,296.0,2,20998,0
31,1073930,661.5,30.0,1,20999,0
31,1073931,1460.8333740234375,650.5,3,21000,0
31,1073932,1199.0,548.5,1,21000,1
31,1073933,1238.5,358.0,1,21000,2
31,1073934,735.0,127.5,1,21001,0
31,1073935,1460.8333740234375,650.5,3,21002,0
31,1073936,1147.5,266.5,1,21002,1
31,1073937,1199.0,548.5,1,21003,0
31,1073938,1336.5,425.5,1,21003,1
31,1073939,1388.0,579.0,1,21003,2
31,1073940,1460.8333740234375,650.5,3,21004,0
31,1073941,1147.5,266.5,1,21004,1
31,1073942,1238.5,358.0,1,21004,2
41,1073914,1118.75,237.0,2,20991,0
41,1073915,1336.5,425.5,1,20991,1
41,1073916,1497.25,686.25,2,20991,2
41,1073917,1238.5,358.0,1,20992,0
41,1073918,1336.5,425.5,1,20992,1
41,1073919,1430.0,617.25,2,20992,2
41,1073920,762.25,296.0,2,20993,0
41,1073921,1336.5,425.5,1,20994,0
41,1073922,1199.0,548.5,1,20994,1
41,1073923,1118.75,237.0,2,20994,2
41,1073924,1238.5,358.0,1,20994,3
41,1073925,1110.5,380.0,1,20995,0
41,1073926,1118.75,237.0,2,20996,0
41,1073927,1336.5,425.5,1,20996,1
41,1073928,416.0,13.5,1,20997,0
41,1073929,762.25,296.0,2,20998,0
41,1073930,661.5,30.0,1,20999,0
41,1073931,1460.8333740234375,650.5,3,21000,0
41,1073932,1199.0,548.5,1,21000,1
41,1073933,1238.5,358.0,1,21000,2
41,1073934,735.0,127.5,1,21001,0
41,1073935,1460.8333740234375,650.5,3,21002,0
41,1073936,1147.5,266.5,1,21002,1
41,1073937,1199.0,548.5,1,21003,0
41,1073938,1336.5,425.5,1,21003,1
41,1073939,1388.0,579.0,1,21003,2
41,1073940,1460.8333740234375,650.5,3,21004,0
41,1073941,1147.5,266.5,1,21004,1
41,1073942,1238.5,358.0,1,21004,2
51,1073914,1118.75,237.0,2,20991,0
51,1073915,1336.5,425.5,1,20991,1
51,1073916,1497.25,686.25,2,20991,2
51,1073917,1238.5,358.0,1,20992,0
51,1073918,1336.5,425.5,1,20992,1
51,1073919,1430.0,617.25,2,20992,2
51,1073920,762.25,296.0,2,20993,0
51,1073921,1336.5,425.5,1,20994,0
51,1073922,1199.0,548.5,1,20994,1
51,1073923,1118.75,237.0,2,20994,2
51,1073924,1238.5,358.0,1,20994,3
51,1073925,1110.5,380.0,1,20995,0
51,1073926,1118.75,237.0,2,20996,0
51,1073927,1336.5,425.5,1,20996,1
51,1073928,416.0,13.5,1,20997,0
51,1073929,762.25,296.0,2,20998,0
51,1073930,661.5,30.0,1,20999,0
51,1073931,1460.8333740234375,650.5,3,21000,0
51,1073932,1199.0,548.5,1,21000,1
51,1073933,1238.5,358.0,1,21000,2
51,1073934,735.0,127.5,1,21001,0
51,1073935,1460.8333740234375,650.5,3,21002,0
51,1073936,1147.5,266.5,1,21002,1
51,1073937,1199.0,548.5,1,21003,0
51,1073938,1336.5,425.5,1,21003,1
51,1073939,1388.0,579.0,1,21003,2
51,1073940,1460.8333740234375,650.5,3,21004,0
51,1073941,1147.5,266.5,1,21004,1
51,1073942,1238.5,358.0,1,21004,2
61,1073914,1118.75,237.0,2,20991,0
61,1073915,1336.5,425.5,1,20991,1
61,1073916,1497.25,686.25,2,20991,2
61,1073917,1238.5,358.0,1,20992,0
61,1073918,1336.5,425.5,1,20992,1
61,1073919,1430.0,617.25,2,20992,2
61,1073920,762.25,296.0,2,20993,0
61,1073921,1336.5,425.5,1,20994,0
61,1073922,1199.0,548.5,1,20994,1
61,1073923,1118.75,237.0,2,20994,2
61,1073924,1238.5,358.0,1,20994,3
61,1073925,1110.5,380.0,1,20995,0
61,1073926,1118.75,237.0,2,20996,0
61,1073927,1336.5,425.5,1,20996,1
61,1073928,416.0,13.5,1,20997,0
61,1073929,762.25,296.0,2,20998,0
61,1073930,661.5,30.0,1,20999,0
61,1073931,1460.8333740234375,650.5,3,21000,0
61,1073932,1199.0,548.5,1,21000,1
61,1073933,1238.5,358.0,1,21000,2
61,1073934,735.0,127.5,1,21001,0
61,1073935,1460.8333740234375,650.5,3,21002,0
61,1073936,1147.5,266.5,1,21002,1
61,1073937,1199.0,548.5,1,21003,0
61,1073938,1336.5,425.5,1,21003,1
61,1073939,1388.0,579.0,1,21003,2
61,1073940,1460.8333740234375,650.5,3,21004,0
61,1073941,1147.5,266.5,1,21004,1
61,1073942,1238.5,358.0,1,21004,2
71,1073914,1118.75,237.0,2,20991,0
71,1073915,1336.5,425.5,1,20991,1
71,1073916,1497.25,686.25,2,20991,2
71,1073917,1238.5,358.0,1,20992,0
71,1073918,1336.5,425.5,1,20992,1
71,1073919,1430.0,617.25,2,20992,2
71,1073920,762.25,296.0,2,20993,0
71,1073921,1336.5,425.5,1,20994,0
71,1073922,1199.0,548.5,1,20994,1
71,1073923,1118.75,237.0,2,20994,2
71,1073924,1238.5,358.0,1,20994,3
71,1073925,1110.5,380.0,1,20995,0
71,1073926,1118.75,237.0,2,20996,0
71,1073927,1336.5,425.5,1,20996,1
71,1073928,416.0,13.5,1,20997,0
71,1073929,762.25,296.0,2,20998,0
71,1073930,661.5,30.0,1,20999,0
71,1073931,1460.8333740234375,650.5,3,21000,0
71,1073932,1199.0,548.5,1,21000,1
71,1073933,1238.5,358.0,1,21000,2
71,1073934,735.0,127.5,1,21001,0
71,1073935,1460.8333740234375,650.5,3,21002,0
71,1073936,1147.5,266.5,1,21002,1
71,1073937,1199.0,548.5,1,21003,0
71,1073938,1336.5,425.5,1,21003,1
71,1073939,1388.0,579.0,1,21003,2
71,1073940,1460.8333740234375,650.5,3,21004,0
71,1073941,1147.5,266.5,1,21004,1
71,1073942,1238.5,358.0,1,21004,2
81,1073914,1118.75,237.0,2,20991,0
81,1073915,1336.5,425.5,1,20991,1
81,1073916,1497.25,686.25,2,20991,2
81,1073917,1238.5,358.0,1,20992,0
81,1073918,1336.5,425.5,1,20992,1
81,1073919,1430.0,617.25,2,20992,2
81,1073920,762.25,296.0,2,20993,0
81,1073921,1336.5,425.5,1,20994,0
81,1073922,1199.0,548.5,1,20994,1
81,1073923,1118.75,237.0,2,20994,2
81,1073924,1238.5,358.0,1,20994,3
81,1073925,1110.5,380.0,1,20995,0
81,1073926,1118.75,237.0,2,20996,0
81,1073927,1336.5,425.5,1,20996,1
81,1073928,416.0,13.5,1,20997,0
81,1073929,762.25,296.0,2,20998,0
81,1073930,661.5,30.0,1,20999,0
81,1073931,1460.8333740234375,650.5,3,21000,0
81,1073932,1199.0,548.5,1,21000,1
81,1073933,1238.5,358.0,1,21000,2
81,1073934,735.0,127.5,1,21001,0
81,1073935,1460.8333740234375,650.5,3,21002,0
81,1073936,1147.5,266.5,1,21002,1
81,1073937,1199.0,548.5,1,21003,0
81,1073938,1336.5,425.5,1,21003,1
81,1073939,1388.0,579.0,1,21003,2
81,1073940,1460.8333740234375,650.5,3,21004,0
81,1073941,1147.5,266.5,1,21004,1
81,1073942,1238.5,358.0,1,21004,2
91,1073914,1118.75,237.0,2,20991,0
91,1073915,1336.5,425.5,1,20991,1
91,1073916,1497.25,686.25,2,20991,2
91,1073917,1238.5,358.0,1,20992,0
91,1073918,1336.5,425.5,1,20992,1
91,1073919,1430.0,617.25,2,20992,2
91,1073920,762.25,296.0,2,20993,0
91,1073921,1336.5,425.5,1,20994,0
91,1073922,1199.0,548.5,1,20994,1
91,1073923,1118.75,237.0,2,20994,2
91,1073924,1238.5,358.0,1,20994,3
91,1073925,1110.5,380.0,1,20995,0
91,1073926,1118.75,237.0,2,20996,0
91,1073927,1336.5,425.5,1,20996,1
91,1073928,416.0,13.5,1,20997,0
91,1073929,762.25,296.0,2,20998,0
91,1073930,661.5,30.0,1,20999,0
91,1073931,1460.8333740234375,650.5,3,21000,0
91,1073932,1199.0,548.5,1,21000,1
91,1073933,1238.5,358.0,1,21000,2
91,1073934,735.0,127.5,1,21001,0
91,1073935,1460.8333740234375,650.5,3,21002,0
91,1073936,1147.5,266.5,1,21002,1
91,1073937,1199.0,548.5,1,21003,0
91,1073938,1336.5,425.5,1,21003,1
91,1073939,1388.0,579.0,1,21003,2
91,1073940,1460.8333740234375,650.5,3,21004,0
91,1073941,1147.5,266.5,1,21004,1
91,1073942,1238.5,358.0,1,21004,2
101,1073914,1139.0,259.0,2,20991,0
101,1073915,1318.0,409.0,1,20991,1
101,1073916,1475.75,660.5,2,20991,2
101,1073917,1270.0,384.5,1,20992,0
101,1073918,1318.0,409.0,1,20992,1
101,1073919,1412.0,592.75,2,20992,2
101,1073920,775.5,332.0,2,20993,0
101,1073921,1318.0,409.0,1,20994,0
101,1073922,1191.5,526.5,1,20994,1
101,1073923,1139.0,259.0,2,20994,2
101,1073924,1270.0,384.5,1,20994,3
101,1073925,1097.0,361.5,1,20995,0
101,1073926,1139.0,259.0,2,20996,0
101,1073927,1318.0,409.0,1,20996,1
101,1073928,422.0,25.5,1,20997,0
101,1073929,775.5,332.0,2,20998,0
101,1073930,663.0,46.5,1,20999,0
101,1073931,1439.3333740234375,624.75,2,21000,0
101,1073932,1191.5,526.5,1,21000,1
101,1073933,1270.0,384.5,1,21000,2
101,1073934,743.5,148.5,1,21001,0
101,1073935,1439.3333740234375,624.75,2,21002,0
101,1073936,1160.0,281.5,1,21002,1
101,1073937,1191.5,526.5,1,21003,0
101,1073938,1318.0,409.0,1,21003,1
101,1073939,1370.0,554.5,1,21003,2
101,1073940,1439.3333740234375,624.75,2,21004,0
101,1073941,1160.0,281.5,1,21004,1
101,1073942,1270.0,384.5,1,21004,2
111,1073914,1139.0,259.0,2,20991,0
111,1073915,1318.0,409.0,1,20991,1
111,1073916,1475.75,660.5,2,20991,2
111,1073917,1270.0,384.5,1,20992,0
111,1073918,1318.0,409.0,1,20992,1
111,1073919,1412.0,592.75,2,20992,2
111,1073920,775.5,332.0,2,20993,0
111,1073921,1318.0,409.0,1,20994,0
111,1073922,1191.5,526.5,1,20994,1
111,1073923,1139.0,259.0,2,20994,2
111,1073924,1270.0,384.5,1,20994,3
111,1073925,1097.0,361.5,1,20995,0
111,1073926,1139.0,259.0,2,20996,0
111,1073927,1318.0,409.0,1,20996,1
111,1073928,422.0,25.5,1,20997,0
111,1073929,775.5,332.0,2,20998,0
111,1073930,663.0,46.5,1,20999,0
111,1073931,1439.3333740234375,624.75,2,21000,0
111,1073932,1191.5,526.5,1,21000,1
111,1073933,1270.0,384.5,2,21000,2
111,1073934,743.5,148.5,1,21001,0
111,1073935,1439.3333740234375,624.75,2,21002,0
111,1073936,1160.0,281.5,2,21002,1
111,1073937,1191.5,526.5,1,21003,0
111,1073938,1318.0,409.0,1,21003,1
111,1073939,1370.0,554.5,1,21003,2
111,1073940,1439.3333740234375,624.75,2,21004,0
111,1073941,1160.0,281.5,2,21004,1
111,1073942,1270.0,384.5,1,21004,2
121,1073914,1139.0,259.0,2,20991,0
121,1073915,1318.0,409.0,1,20991,1
121,1073916,1475.75,660.5,2,20991,2
121,1073917,1270.0,384.5,1,20992,0
121,1073918,1318.0,409.0,1,20992,1
121,1073919,1412.0,592.75,2,20992,2
121,1073920,775.5,332.0,2,20993,0
121,1073921,1318.0,409.0,1,20994,0
121,1073922,1191.5,526.5,1,20994,1
121,1073923,1139.0,259.0,2,20994,2
121,1073924,1270.0,384.5,1,20994,3
121,1073925,1097.0,361.5,1,20995,0
121,1073926,1139.0,259.0,2,20996,0
121,1073927,1318.0,409.0,1,20996,1
121,1073928,422.0,25.5,1,20997,0
121,1073929,775.5,332.0,2,20998,0
121,1073930,663.0,46.5,1,20999,0
121,1073931,1439.3333740234375,624.75,2,21000,0
121,1073932,1191.5,526.5,1,21000,1
121,1073933,1270.0,384.5,2,21000,2
121,1073934,743.5,148.5,1,21001,0
121,1073935,1439.3333740234375,624.75,2,21002,0
121,1073936,1160.0,281.5,2,21002,1
121,1073937,1191.5,526.5,1,21003,0
121,1073938,1318.0,409.0,1,21003,1
121,1073939,1370.0,554.5,1,21003,2
121,1073940,1439.3333740234375,624.75,2,21004,0
121,1073941,1160.0,281.5,2,21004,1
121,1073942,1270.0,384.5,1,21004,2
131,1073914,1139.0,259.0,2,20991,0
131,1073915,1318.0,409.0,1,20991,1
131,1073916,1475.75,660.5,2,20991,2
131,1073917,1270.0,384.5,1,20992,0
131,1073918,1318.0,409.0,1,20992,1
131,1073919,1412.0,592.75,2,20992,2
131,1073920,775.5,332.0,2,20993,0
131,1073921,1318.0,409.0,1,20994,0
131,1073922,1191.5,526.5,1,20994,1
131,1073923,1139.0,259.0,2,20994,2
131,1073924,1270.0,384.5,1,20994,3
131,1073925,1097.0,361.5,1,20995,0
131,1073926,1139.0,259.0,2,20996,0
131,1073927,1318.0,409.0,1,20996,1
131,1073928,422.0,25.5,1,20997,0
131,1073929,775.5,332.0,2,20998,0
131,1073930,663.0,46.5,1,20999,0
131,1073931,1439.3333740234375,624.75,2,21000,0
131,1073932,1191.5,526.5,1,21000,1
131,1073933,1270.0,384.5,2,21000,2
131,1073934,743.5,148.5,1,21001,0
131,1073935,1439.3333740234375,624.75,2,21002,0
131,1073936,1160.0,281.5,2,21002,1
131,1073937,1191.5,526.5,1,21003,0
131,1073938,1318.0,409.0,1,21003,1
131,1073939,1370.0,554.5,1,21003,2
131,1073940,1439.3333740234375,624.75,2,21004,0
131,1073941,1160.0,281.5,2,21004,1
131,1073942,1270.0,384.5,1,21004,2
141,1073914,1139.0,259.0,2,20991,0
141,1073915,1318.0,409.0,1,20991,1
141,1073916,1475.75,660.5,2,20991,2
141,1073917,1270.0,384.5,1,20992,0
141,1073918,1318.0,409.0,1,20992,1
141,1073919,1412.0,592.75,2,20992,2
141,1073920,775.5,332.0,2,20993,0
141,1073921,1318.0,409.0,1,20994,0
141,1073922,1191.5,526.5,1,20994,1
141,1073923,1139.0,259.0,2,20994,2
141,1073924,1270.0,384.5,1,20994,3
141,1073925,1097.0,361.5,1,20995,0
141,1073926,1139.0,259.0,2,20996,0
141,1073927,1318.0,409.0,1,20996,1
141,1073928,422.0,25.5,1,20997,0
141,1073929,775.5,332.0,2,20998,0
141,1073930,663.0,46.5,1,20999,0
141,1073931,1439.3333740234375,624.75,2,21000,0
141,1073932,1191.5,526.5,1,21000,1
141,1073933,1270.0,384.5,2,21000,2
141,1073934,743.5,148.5,1,21001,0
141,1073935,1439.3333740234375,624.75,2,21002,0
141,1073936,1160.0,281.5,2,21002,1
141,1073937,1191.5,526.5,1,21003,0
141,1073938,1318.0,409.0,1,21003,1
141,1073939,1370.0,554.5,1,21003,2
141,1073940,1439.3333740234375,624.75,2,21004,0
141,1073941,1160.0,281.5,2,21004,1
141,1073942,1270.0,384.5,1,21004,2
151,1073914,1139.0,259.0,2,20991,0
151,1073915,1318.0,409.0,1,20991,1
151,1073916,1475.75,660.5,2,20991,2
151,1073917,1270.0,384.5,1,20992,0
151,1073918,1318.0,409.0,1,20992,1
151,1073919,1412.0,592.75,2,20992,2
151,1073920,775.5,332.0,2,20993,0
151,1073921,1318.0,409.0,1,20994,0
151,1073922,1191.5,526.5,1,20994,1
151,1073923,1139.0,259.0,2,20994,2
151,1073924,1270.0,384.5,1,20994,3
151,1073925,1097.0,361.5,1,20995,0
151,1073926,1139.0,259.0,2,20996,0
151,1073927,1318.0,409.0,1,20996,1
151,1073928,422.0,25.5,1,20997,0
151,1073929,775.5,332.0,2,20998,0
151,1073930,663.0,46.5,1,20999,0
151,1073931,1439.3333740234375,624.75,2,21000,0
151,1073932,1191.5,526.5,1,21000,1
151,1073933,1270.0,384.5,2,21000,2
151,1073934,743.5,148.5,1,21001,0
151,1073935,1439.3333740234375,624.75,2,21002,0
151,1073936,1160.0,281.5,2,21002,1
151,1073937,1191.5,526.5,1,21003,0
151,1073938,1318.0,409.0,1,21003,1
151,1073939,1370.0,554.5,1,21003,2
151,1073940,1439.3333740234375,624.75,2,21004,0
151,1073941,1160.0,281.5,2,21004,1
151,1073942,1270.0,384.5,1,21004,2
161,1073914,1139.0,259.0,2,20991,0
161,1073915,1318.0,409.0,1,20991,1
161,1073916,1475.75,660.5,2,20991,2
161,1073917,1270.0,384.5,1,20992,0
161,1073918,1318.0,409.0,1,20992,1
161,1073919,1412.0,592.75,2,20992,2
161,1073920,775.5,332.0,2,20993,0
161,1073921,1318.0,409.0,1,20994,0
161,1073922,1191.5,526.5,1,20994,1
161,1073923,1139.0,259.0,2,20994,2
161,1073924,1270.0,384.5,1,20994,3
161,1073925,1097.0,361.5,1,20995,0
161,1073926,1139.0,259.0,2,20996,0
161,1073927,1318.0,409.0,1,20996,1
161,1073928,422.0,25.5,1,20997,0
161,1073929,775.5,332.0,2,20998,0
161,1073930,663.0,46.5,1,20999,0
161,1073931,1439.3333740234375,624.75,2,21000,0
161,1073932,1191.5,526.5,1,21000,1
161,1073933,1270.0,384.5,2,21000,2
161,1073934,743.5,148.5,1,21001,0
161,1073935,1439.3333740234375,624.75,2,21002,0
161,1073936,1160.0,281.5,2,21002,1
161,1073937,1191.5,526.5,1,21003,0
161,1073938,1318.0,409.0,1,21003,1
161,1073939,1370.0,554.5,1,21003,2
161,1073940,1439.3333740234375,624.75,2,21004,0
161,1073941,1160.0,281.5,2,21004,1
161,1073942,1270.0,384.5,1,21004,2
171,1073914,1139.0,259.0,2,20991,0
171,1073915,1318.0,409.0,1,20991,1
171,1073916,1475.75,660.5,2,20991,2
171,1073917,1270.0,384.5,1,20992,0
171,1073918,1318.0,409.0,1,20992,1
171,1073919,1412.0,592.75,2,20992,2
171,1073920,775.5,332.0,2,20993,0
171,1073921,1318.0,409.0,1,20994,0
171,1073922,1191.5,526.5,1,20994,1
171,1073923,1139.0,259.0,2,20994,2
171,1073924,1270.0,384.5,1,20994,3
171,1073925,1097.0,361.5,1,20995,0
171,1073926,1139.0,259.0,2,20996,0
171,1073927,1318.0,409.0,1,20996,1
171,1073928,422.0,25.5,1,20997,0
171,1073929,775.5,332.0,2,20998,0
171,1073930,663.0,46.5,1,20999,0
171,1073931,1439.3333740234375,624.75,2,21000,0
171,1073932,1191.5,526.5,1,21000,1
171,1073933,1270.0,384.5,2,21000,2
171,1073934,743.5,148.5,1,21001,0
171,1073935,1439.3333740234375,624.75,2,21002,0
171,1073936,1160.0,281.5,2,21002,1
171,1073937,1191.5,526.5,1,21003,0
171,1073938,1318.0,409.0,1,21003,1
171,1073939,1370.0,554.5,1,21003,2
171,1073940,1439.3333740234375,624.75,2,21004,0
171,1073941,1160.0,281.5,2,21004,1
171,1073942,1270.0,384.5,1,21004,2
181,1073914,1139.0,259.0,2,20991,0
181,1073915,1318.0,409.0,1,20991,1
181,1073916,1475.75,660.5,2,20991,2
181,1073917,1270.0,384.5,1,20992,0
181,1073918,1318.0,409.0,1,20992,1
181,1073919,1412.0,592.75,2,20992,2
181,1073920,775.5,332.0,2,20993,0
181,1073921,1318.0,409.0,1,20994,0
181,1073922,1191.5,526.5,1,20994,1
181,1073923,1139.0,259.0,2,20994,2
181,1073924,1270.0,384.5,1,20994,3
181,1073925,1097.0,361.5,1,20995,0
181,1073926,1139.0,259.0,2,20996,0
181,1073927,1318.0,409.0,1,20996,1
181,1073928,422.0,25.5,1,20997,0
181,1073929,775.5,332.0,2,20998,0
181,1073930,663.0,46.5,1,20999,0
181,1073931,1439.3333740234375,624.75,2,21000,0
181,1073932,1191.5,526.5,1,21000,1
181,1073933,1270.0,384.5,2,21000,2
181,1073934,743.5,148.5,1,21001,0
181,1073935,1439.3333740234375,624.75,2,21002,0
181,1073936,1160.0,281.5,2,21002,1
181,1073937,1191.5,526.5,1,21003,0
181,1073938,1318.0,409.0,1,21003,1
181,1073939,1370.0,554.5,1,21003,2
181,1073940,1439.3333740234375,624.75,2,21004,0
181,1073941,1160.0,281.5,2,21004,1
181,1073942,1270.0,384.5,1,21004,2
191,1073914,1139.0,259.0,2,20991,0
191,1073915,1318.0,409.0,1,20991,1
191,1073916,1475.75,660.5,2,20991,2
191,1073917,1270.0,384.5,1,20992,0
191,1073918,1318.0,409.0,1,20992,1
191,1073919,1412.0,592.75,2,20992,2
191,1073920,775.5,332.0,2,20993,0
191,1073921,1318.0,409.0,1,20994,0
191,1073922,1191.5,526.5,1,20994,1
191,1073923,1139.0,259.0,2,20994,2
191,1073924,1270.0,384.5,1,20994,3
191,1073925,1097.0,361.5,1,20995,0
191,1073926,1139.0,259.0,2,20996,0
191,1073927,1318.0,409.0,1,20996,1
191,1073928,422.0,25.5,1,20997,0
191,1073929,775.5,332.0,2,20998,0
191,1073930,663.0,46.5,1,20999,0
191,1073931,1439.3333740234375,624.75,2,21000,0
191,1073932,1191.5,526.5,1,21000,1
191,1073933,1270.0,384.5,2,21000,2
191,1073934,743.5,148.5,1,21001,0
191,1073935,1439.3333740234375,624.75,2,21002,0
191,1073936,1160.0,281.5,2,21002,1
191,1073937,1191.5,526.5,1,21003,0
191,1073938,1318.0,409.0,1,21003,1
191,1073939,1370.0,554.5,1,21003,2
191,1073940,1439.3333740234375,624.75,2,21004,0
191,1073941,1160.0,281.5,2,21004,1
191,1073942,1270.0,384.5,1,21004,2
201,1073914,1169.25,292.5,2,20991,0
201,1073915,1301.0,396.0,1,20991,1
201,1073916,1459.5,642.75,2,20991,2
201,1073917,1315.5,440.0,1,20992,0
201,1073918,1301.0,396.0,1,20992,1
201,1073919,1396.25,576.25,2,20992,2
201,1073920,807.75,371.25,2,20993,0
201,1073921,1301.0,396.0,1,20994,0
201,1073922,1187.0,512.5,1,20994,1
201,1073923,1169.25,292.5,2,20994,2
201,1073924,1315.5,440.0,1,20994,3
201,1073925,1084.0,349.5,1,20995,0
201,1073926,1169.25,292.5,2,20996,0
201,1073927,1301.0,396.0,1,20996,1
201,1073928,425.5,43.5,1,20997,0
201,1073929,807.75,371.25,2,20998,0
201,1073930,668.5,71.0,1,20999,0
201,1073931,1423.8333740234375,608.0,2,21000,0
201,1073932,1187.0,512.5,1,21000,1
201,1073933,1284.5,403.5,2,21000,2
201,1073934,753.0,184.5,1,21001,0
201,1073935,1423.8333740234375,608.0,2,21002,0
201,1073936,1159.25,286.75,2,21002,1
201,1073937,1187.0,512.5,1,21003,0
201,1073938,1301.0,396.0,1,21003,1
201,1073939,1355.0,539.0,1,21003,2
201,1073940,1423.8333740234375,608.0,2,21004,0
201,1073941,1159.25,286.75,2,21004,1
201,1073942,1315.5,440.0,1,21004,2
221,1073943,1489.5,700.5,3,21005,0
221,1073944,486.0,276.5,1,21006,0
221,1073945,1100.5,338.25,2,21007,0
221,1073946,755.0,187.5,1,21008,0
221,1073947,1100.5,338.25,2,21009,0
221,1073948,1034.0,85.0,1,21010,0
221,1073949,1444.6666259765625,642.1666870117188,3,21011,0
221,1073950,1277.0,684.5,1,21011,1
221,1073951,1277.0,684.5,1,21012,0
221,1073952,1421.75,627.5,2,21012,1
221,1073953,1474.375,673.25,4,21013,0
221,1073954,1277.0,684.5,1,21013,1
221,1073955,1474.375,673.25,4,21014,0
221,1073956,1599.0,809.0,1,21015,0
221,1073957,607.75,15.25,2,21016,0
221,1073958,607.75,15.25,2,21017,0
231,1073943,1489.5,700.5,3,21005,0
231,1073944,486.0,276.5,1,21006,0
231,1073945,1100.5,338.25,2,21007,0
231,1073946,755.0,187.5,1,21008,0
231,1073947,1100.5,338.25,2,21009,0
231,1073948,1034.0,85.0,1,21010,0
231,1073949,1444.6666259765625,642.1666870117188,3,21011,0
231,1073950,1277.0,684.5,1,21011,1
231,1073951,1277.0,684.5,1,21012,0
231,1073952,1421.75,627.5,2,21012,1
231,1073953,1474.375,673.25,4,21013,0
231,1073954,1277.0,684.5,1,21013,1
231,1073955,1474.375,673.25,4,21014,0
231,1073956,1599.0,809.0,1,21015,0
231,1073957,607.75,15.25,2,21016,0
231,1073958,607.75,15.25,2,21017,0
241,1073943,1489.5,700.5,3,21005,0
241,1073944,486.0,276.5,1,21006,0
241,1073945,1100.5,338.25,2,21007,0
241,1073946,755.0,187.5,1,21008,0
241,1073947,1100.5,338.25,2,21009,0
241,1073948,1034.0,85.0,1,21010,0
241,1073949,1444.6666259765625,642.1666870117188,3,21011,0
241,1073950,1277.0,684.5,1,21011,1
241,1073951,1277.0,684.5,1,21012,0
241,1073952,1421.75,627.5,2,21012,1
241,1073953,1474.375,673.25,4,21013,0
241,1073954,1277.0,684.5,1,21013,1
241,1073955,1474.375,673.25,4,21014,0
241,1073956,1599.0,809.0,1,21015,0
241,1073957,607.75,15.25,2,21016,0
241,1073958,607.75,15.25,2,21017,0
251,1073943,1489.5,700.5,3,21005,0
251,1073944,486.0,276.5,1,21006,0
251,1073945,1100.5,338.25,2,21007,0
251,1073946,755.0,187.5,1,21008,0
251,1073947,1100.5,338.25,2,21009,0
251,1073948,1034.0,85.0,1,21010,0
251,1073949,1444.6666259765625,642.1666870117188,3,21011,0
251,1073950,1277.0,684.5,1,21011,1
251,1073951,1277.0,684.5,1,21012,0
251,1073952,1421.75,627.5,2,21012,1
251,1073953,1474.375,673.25,4,21013,0
251,1073954,1277.0,684.5,1,21013,1
251,1073955,1474.375,673.25,4,21014,0
251,1073956,1599.0,809.0,1,21015,0
251,1073957,607.75,15.25,2,21016,0
251,1073958,607.75,15.25,2,21017,0
261,1073943,1489.5,700.5,3,21005,0
261,1073944,486.0,276.5,1,21006,0
261,1073945,1100.5,338.25,2,21007,0
261,1073946,755.0,187.5,1,21008,0
261,1073947,1100.5,338.25,2,21009,0
261,1073948,1034.0,85.0,1,21010,0
261,1073949,1444.6666259765625,642.1666870117188,3,21011,0
261,1073950,1277.0,684.5,1,21011,1
261,1073951,1277.0,684.5,1,21012,0
261,1073952,1421.75,627.5,2,21012,1
261,1073953,1474.375,673.25,4,21013,0
261,1073954,1277.0,684.5,1,21013,1
261,1073955,1474.375,673.25,4,21014,0
261,1073956,1599.0,809.0,1,21015,0
261,1073957,607.75,15.25,2,21016,0
261,1073958,607.75,15.25,2,21017,0
271,1073943,1489.5,700.5,3,21005,0
271,1073944,486.0,276.5,1,21006,0
271,1073945,1100.5,338.25,2,21007,0
271,1073946,755.0,187.5,1,21008,0
271,1073947,1100.5,338.25,2,21009,0
271,1073948,1034.0,85.0,1,21010,0
271,1073949,1444.6666259765625,642.1666870117188,3,21011,0
271,1073950,1277.0,684.5,1,21011,1
271,1073951,1277.0,684.5,1,21012,0
271,1073952,1421.75,627.5,2,21012,1
271,1073953,1474.375,673.25,4,21013,0
271,1073954,1277.0,684.5,1,21013,1
271,1073955,1474.375,673.25,4,21014,0
271,1073956,1599.0,809.0,1,21015,0
271,1073957,607.75,15.25,2,21016,0
271,1073958,607.75,15.25,2,21017,0
281,1073943,1489.5,700.5,3,21005,0
281,1073944,486.0,276.5,1,21006,0
281,1073945,1100.5,338.25,2,21007,0
281,1073946,755.0,187.5,1,21008,0
281,1073947,1100.5,338.25,2,21009,0
281,1073948,1034.0,85.0,1,21010,0
281,1073949,1444.6666259765625,642.1666870117188,3,21011,0
281,1073950,1277.0,684.5,1,21011,1
281,1073951,1277.0,684.5,1,21012,0
281,1073952,1421.75,627.5,2,21012,1
281,1073953,1474.375,673.25,4,21013,0
281,1073954,1277.0,684.5,1,21013,1
281,1073955,1474.375,673.25,4,21014,0
281,1073956,1599.0,809.0,1,21015,0
281,1073957,607.75,15.25,2,21016,0
281,1073958,607.75,15.25,2,21017,0
291,1073943,1489.5,700.5,3,21005,0
291,1073944,486.0,276.5,1,21006,0
291,1073945,1100.5,338.25,2,21007,0
291,1073946,755.0,187.5,1,21008,0
291,1073947,1100.5,338.25,2,21009,0
291,1073948,1034.0,85.0,1,21010,0
291,1073949,1444.6666259765625,642.1666870117188,3,21011,0
291,1073950,1277.0,684.5,1,21011,1
291,1073951,1277.0,684.5,1,21012,0
291,1073952,1421.75,627.5,2,21012,1
291,1073953,1474.375,673.25,4,21013,0
291,1073954,1277.0,684.5,1,21013,1
291,1073955,1474.375,673.25,4,21014,0
291,1073956,1599.0,809.0,1,21015,0
291,1073957,607.75,15.25,2,21016,0
291,1073958,607.75,15.25,2,21017,0
301,1073943,1489.5,700.5,3,21005,0
301,1073944,486.0,276.5,1,21006,0
301,1073945,1100.5,338.25,2,21007,0
301,1073946,755.0,187.5,1,21008,0
301,1073947,1100.5,338.25,2,21009,0
301,1073948,1034.0,85.0,1,21010,0
301,1073949,1444.6666259765625,642.1666870117188,3,21011,0
301,1073950,1277.0,684.5,1,21011,1
301,1073951,1277.0,684.5,1,21012,0
301,1073952,1421.75,627.5,2,21012,1
301,1073953,1474.375,673.25,4,21013,0
301,1073954,1277.0,684.5,1,21013,1
301,1073955,1474.375,673.25,4,21014,0
301,1073956,1599.0,809.0,1,21015,0
301,1073957,607.75,15.25,2,21016,0
301,1073958,607.75,15.25,2,21017,0
311,1073943,1463.75,674.0,2,21005,0
311,1073944,496.5,306.0,1,21006,0
311,1073945,1089.0,321.5,2,21007,0
311,1073946,761.5,217.5,1,21008,0
311,1073947,1089.0,321.5,2,21009,0
311,1073948,1049.5,103.0,1,21010,0
311,1073949,1420.1666259765625,619.4166870117188,2,21011,0
311,1073950,1262.5,656.0,1,21011,1
311,1073951,1262.5,656.0,1,21012,0
311,1073952,1395.0,604.75,2,21012,1
311,1073953,1448.375,648.25,3,21013,0
311,1073954,1262.5,656.0,1,21013,1
311,1073955,1448.375,648.25,3,21014,0
311,1073956,1579.0,781.5,1,21015,0
311,1073957,614.75,29.5,2,21016,0
311,1073958,614.75,29.5,2,21017,0
321,1073943,1463.75,674.0,2,21005,0
321,1073944,496.5,306.0,1,21006,0
321,1073945,1089.0,321.5,2,21007,0
321,1073946,761.5,217.5,1,21008,0
321,1073947,1089.0,321.5,2,21009,0
321,1073948,1049.5,103.0,1,21010,0
321,1073949,1420.1666259765625,619.4166870117188,2,21011,0
321,1073950,1262.5,656.0,1,21011,1
321,1073951,1262.5,656.0,1,21012,0
321,1073952,1395.0,604.75,2,21012,1
321,1073953,1448.375,648.25,3,21013,0
321,1073954,1262.5,656.0,1,21013,1
321,1073955,1448.375,648.25,3,21014,0
321,1073956,1579.0,781.5,1,21015,0
321,1073957,614.75,29.5,2,21016,0
321,1073958,614.75,29.5,2,21017,0
331,1073943,1463.75,674.0,2,21005,0
331,1073944,496.5,306.0,1,21006,0
331,1073945,1089.0,321.5,2,21007,0
331,1073946,761.5,217.5,1,21008,0
331,1073947,1089.0,321.5,2,21009,0
331,1073948,1049.5,103.0,1,21010,0
331,1073949,1420.1666259765625,619.4166870117188,2,21011,0
331,1073950,1262.5,656.0,1,21011,1
331,1073951,1262.5,656.0,1,21012,0
331,1073952,1395.0,604.75,2,21012,1
331,1073953,1448.375,648.25,3,21013,0
331,1073954,1262.5,656.0,1,21013,1
331,1073955,1448.375,648.25,3,21014,0
331,1073956,1579.0,781.5,1,21015,0
331,1073957,614.75,29.5,2,21016,0
331,1073958,614.75,29.5,2,21017,0
341,1073943,1463.75,674.0,2,21005,0
341,1073944,496.5,306.0,1,21006,0
341,1073945,1089.0,321.5,2,21007,0
341,1073946,761.5,217.5,1,21008,0
341,1073947,1089.0,321.5,2,21009,0
341,1073948,1049.5,103.0,1,21010,0
341,1073949,1420.1666259765625,619.4166870117188,2,21011,0
341,1073950,1262.5,656.0,1,21011,1
341,1073951,1262.5,656.0,1,21012,0
341,1073952,1395.0,604.75,2,21012,1
341,1073953,1448.375,648.25,3,21013,0
341,1073954,1262.5,656.0,1,21013,1
341,1073955,1448.375,648.25,3,21014,0
341,1073956,1579.0,781.5,1,21015,0
341,1073957,614.75,29.5,2,21016,0
341,1073958,614.75,29.5,2,21017,0
351,1073943,1463.75,674.0,2,21005,0
351,1073944,496.5,306.0,1,21006,0
351,1073945,1089.0,321.5,2,21007,0
351,1073946,761.5,217.5,1,21008,0
351,1073947,1089.0,321.5,2,21009,0
351,1073948,1049.5,103.0,1,21010,0
351,1073949,1420.1666259765625,619.4166870117188,2,21011,0
351,1073950,1262.5,656.0,1,21011,1
351,1073951,1262.5,656.0,1,21012,0
351,1073952,1395.0,604.75,2,21012,1
351,1073953,1448.375,648.25,3,21013,0
351,1073954,1262.5,656.0,1,21013,1
351,1073955,1448.375,648.25,3,21014,0
351,1073956,1579.0,781.5,1,21015,0
351,1073957,614.75,29.5,2,21016,0
351,1073958,614.75,29.5,2,21017,0
361,1073943,1463.75,674.0,2,21005,0
361,1073944,496.5,306.0,1,21006,0
361,1073945,1089.0,321.5,2,21007,0
361,1073946,761.5,217.5,1,21008,0
361,1073947,1089.0,321.5,2,21009,0
361,1073948,1049.5,103.0,1,21010,0
361,1073949,1420.1666259765625,619.4166870117188,2,21011,0
361,1073950,1262.5,656.0,1,21011,1
361,1073951,1262.5,656.0,1,21012,0
361,1073952,1395.0,604.75,2,21012,1
361,1073953,1448.375,648.25,3,21013,0
361,1073954,1262.5,656.0,1,21013,1
361,1073955,1448.375,648.25,3,21014,0
361,1073956,1579.0,781.5,1,21015,0
361,1073957,614.75,29.5,2,21016,0
361,1073958,614.75,29.5,2,21017,0
371,1073943,1463.75,674.0,2,21005,0
371,1073944,496.5,306.0,1,21006,0
371,1073945,1089.0,321.5,2,21007,0
371,1073946,761.5,217.5,1,21008,0
371,1073947,1089.0,321.5,2,21009,0
371,1073948,1049.5,103.0,1,21010,0
371,1073949,1420.1666259765625,619.4166870117188,2,21011,0
371,1073950,1262.5,656.0,1,21011,1
371,1073951,1262.5,656.0,1,21012,0
371,1073952,1395.0,604.75,2,21012,1
371,1073953,1448.375,648.25,3,21013,0
371,1073954,1262.5,656.0,1,21013,1
371,1073955,1448.375,648.25,3,21014,0
371,1073956,1579.0,781.5,1,21015,0
371,1073957,614.75,29.5,2,21016,0
371,1073958,614.75,29.5,2,21017,0
381,1073943,1463.75,674.0,2,21005,0
381,1073944,496.5,306.0,1,21006,0
381,1073945,1089.0,321.5,2,21007,0
381,1073946,761.5,217.5,1,21008,0
381,1073947,1089.0,321.5,2,21009,0
381,1073948,1049.5,103.0,1,21010,0
381,1073949,1420.1666259765625,619.4166870117188,2,21011,0
381,1073950,1262.5,656.0,1,21011,1
381,1073951,1262.5,656.0,1,21012,0
381,1073952,1395.0,604.75,2,21012,1
381,1073953,1448.375,648.25,3,21013,0
381,1073954,1262.5,656.0,1,21013,1
381,1073955,1448.375,648.25,3,21014,0
381,1073956,1579.0,781.5,1,21015,0
381,1073957,614.75,29.5,2,21016,0
381,1073958,614.75,29.5,2,21017,0
391,1073943,1463.75,674.0,2,21005,0
391,1073944,496.5,306.0,1,21006,0
391,1073945,1089.0,321.5,2,21007,0
391,1073946,761.5,217.5,1,21008,0
391,1073947,1089.0,321.5,2,21009,0
391,1073948,1049.5,103.0,1,21010,0
391,1073949,1420.1666259765625,619.4166870117188,2,21011,0
391,1073950,1262.5,656.0,1,21011,1
391,1073951,1262.5,656.0,1,21012,0
391,1073952,1395.0,604.75,2,21012,1
391,1073953,1448.375,648.25,3,21013,0
391,1073954,1262.5,656.0,1,21013,1
391,1073955,1448.375,648.25,3,21014,0
391,1073956,1579.0,781.5,1,21015,0
391,1073957,614.75,29.5,2,21016,0
391,1073958,614.75,29.5,2,21017,0
401,1073943,1463.75,674.0,2,21005,0
401,1073944,496.5,306.0,1,21006,0
401,1073945,1089.0,321.5,2,21007,0
401,1073946,761.5,217.5,1,21008,0
401,1073947,1089.0,321.5,2,21009,0
401,1073948,1049.5,103.0,1,21010,0
401,1073949,1420.1666259765625,619.4166870117188,2,21011,0
401,1073950,1262.5,656.0,1,21011,1
401,1073951,1262.5,656.0,1,21012,0
401,1073952,1395.0,604.75,2,21012,1
401,1073953,1448.375,648.25,3,21013,0
401,1073954,1262.5,656.0,1,21013,1
401,1073955,1448.375,648.25,3,21014,0
401,1073956,1579.0,781.5,1,21015,0
401,1073957,614.75,29.5,2,21016,0
401,1073958,614.75,29.5,2,21017,0
411,1073943,1445.0,657.75,2,21005,0
411,1073944,503.0,369.5,1,21006,0
411,1073945,1078.0,312.0,2,21007,0
411,1073946,779.5,273.5,1,21008,0
411,1073947,1078.0,312.0,2,21009,0
411,1073948,1072.0,134.0,1,21010,0
411,1073949,1402.6666259765625,603.6666870117188,2,21011,0
411,1073950,1251.5,643.0,1,21011,1
411,1073951,1251.5,643.0,1,21012,0
411,1073952,1379.25,589.25,2,21012,1
411,1073953,1430.875,632.5,2,21013,0
411,1073954,1251.5,643.0,1,21013,1
411,1073955,1430.875,632.5,2,21014,0
411,1073956,1563.5,760.5,1,21015,0
411,1073957,620.0,44.5,2,21016,0
411,1073958,620.0,44.5,2,21017,0
431,1073959,1127.1666259765625,288.8333435058594,3,21018,0
431,1073960,1001.5,121.5,1,21018,1
431,1073961,880.25,22.5,2,21018,2
431,1073962,1099.1666259765625,271.0,3,21019,0
431,1073963,1001.5,121.5,1,21019,1
431,1073964,750.25,257.75,2,21020,0
431,1073965,750.25,257.75,2,21021,0
431,1073966,1114.875,277.625,4,21022,0
431,1073967,1001.5,121.5,1,21022,1
431,1073968,880.25,22.5,2,21022,2
431,1073969,1141.800048828125,294.79998779296875,5,21023,0
431,1073970,857.0,10.0,1,21023,1
431,1073971,522.0,165.5,1,21024,0
431,1073972,1249.5,363.5,1,21025,0
431,1073973,1146.5,486.5,1,21025,1
431,1073974,1082.0,302.5,1,21025,2
431,1073975,1001.5,121.5,1,21025,3
431,1073976,1001.5,121.5,1,21026,0
431,1073977,1156.75,292.875,4,21026,1
431,1073978,1146.5,486.5,1,21027,0
431,1073979,1249.5,363.5,1,21027,1
431,1073980,1214.5,590.5,2,21028,0
431,1073981,857.0,10.0,1,21028,1
431,1073982,424.5,48.5,2,21029,0
431,1073983,1214.5,590.5,2,21030,0
431,1073984,857.0,10.0,1,21030,1
431,1073985,424.5,48.5,2,21031,0
431,1073986,903.5,35.0,1,21032,0
431,1073987,1149.75,282.0,2,21032,1
431,1073988,604.5,9.5,1,21033,0
431,1073989,857.0,10.0,1,21034,0
431,1073990,1127.1666259765625,288.8333435058594,3,21034,1
431,1073991,1214.5,590.5,2,21034,2
441,1073959,1127.1666259765625,288.8333435058594,3,21018,0
441,1073960,1001.5,121.5,1,21018,1
441,1073961,880.25,22.5,2,21018,2
441,1073962,1099.1666259765625,271.0,3,21019,0
441,1073963,1001.5,121.5,1,21019,1
441,1073964,750.25,257.75,2,21020,0
441,1073965,750.25,257.75,2,21021,0
441,1073966,1114.875,277.625,4,21022,0
441,1073967,1001.5,121.5,1,21022,1
441,1073968,880.25,22.5,2,21022,2
441,1073969,1141.800048828125,294.79998779296875,5,21023,0
441,1073970,857.0,10.0,1,21023,1
441,1073971,522.0,165.5,1,21024,0
441,1073972,1249.5,363.5,1,21025,0
441,1073973,1146.5,486.5,1,21025,1
441,1073974,1082.0,302.5,1,21025,2
441,1073975,1001.5,121.5,1,21025,3
441,1073976,1001.5,121.5,1,21026,0
441,1073977,1156.75,292.875,4,21026,1
441,1073978,1146.5,486.5,1,21027,0
441,1073979,1249.5,363.5,1,21027,1
441,1073980,1214.5,590.5,2,21028,0
441,1073981,857.0,10.0,1,21028,1
441,1073982,424.5,48.5,2,21029,0
441,1073983,1214.5,590.5,2,21030,0
441,1073984,857.0,10.0,1,21030,1
441,1073985,424.5,48.5,2,21031,0
441,1073986,903.5,35.0,1,21032,0
441,1073987,1149.75,282.0,2,21032,1
441,1073988,604.5,9.5,1,21033,0
441,1073989,857.0,10.0,1,21034,0
441,1073990,1127.1666259765625,288.8333435058594,3,21034,1
441,1073991,1214.5,590.5,2,21034,2
451,1073959,1127.1666259765625,288.8333435058594,3,21018,0
451,1073960,1001.5,121.5,1,21018,1
451,1073961,880.25,22.5,2,21018,2
451,1073962,1099.1666259765625,271.0,3,21019,0
451,1073963,1001.5,121.5,1,21019,1
451,1073964,750.25,257.75,2,21020,0
451,1073965,750.25,257.75,2,21021,0
451,1073966,1114.875,277.625,4,21022,0
451,1073967,1001.5,121.5,1,21022,1
451,1073968,880.25,22.5,2,21022,2
451,1073969,1141.800048828125,294.79998779296875,5,21023,0
451,1073970,857.0,10.0,1,21023,1
451,1073971,522.0,165.5,1,21024,0
451,1073972,1249.5,363.5,1,21025,0
451,1073973,1146.5,486.5,1,21025,1
451,1073974,1082.0,302.5,1,21025,2
451,1073975,1001.5,121.5,1,21025,3
451,1073976,1001.5,121.5,1,21026,0
451,1073977,1156.75,292.875,4,21026,1
451,1073978,1146.5,486.5,1,21027,0
451,1073979,1249.5,363.5,1,21027,1
451,1073980,1214.5,590.5,2,21028,0
451,1073981,857.0,10.0,1,21028,1
451,1073982,424.5,48.5,2,21029,0
451,1073983,1214.5,590.5,2,21030,0
451,1073984,857.0,10.0,1,21030,1
451,1073985,424.5,48.5,2,21031,0
451,1073986,903.5,35.0,1,21032,0
451,1073987,1149.75,282.0,2,21032,1
451,1073988,604.5,9.5,1,21033,0
451,1073989,857.0,10.0,1,21034,0
451,1073990,1127.1666259765625,288.8333435058594,3,21034,1
451,1073991,1214.5,590.5,2,21034,2
461,1073959,1127.1666259765625,288.8333435058594,3,21018,0
461,1073960,1001.5,121.5,1,21018,1
461,1073961,880.25,22.5,2,21018,2
461,1073962,1099.1666259765625,271.0,3,21019,0
461,1073963,1001.5,121.5,1,21019,1
461,1073964,750.25,257.75,2,21020,0
461,1073965,750.25,257.75,2,21021,0
461,1073966,1114.875,277.625,4,21022,0
461,1073967,1001.5,121.5,1,21022,1
461,1073968,880.25,22.5,2,21022,2
461,1073969,1141.800048828125,294.79998779296875,5,21023,0
461,1073970,857.0,10.0,1,21023,1
461,1073971,522.0,165.5,1,21024,0
461,1073972,1249.5,363.5,1,21025,0
461,1073973,1146.5,486.5,1,21025,1
461,1073974,1082.0,302.5,1,21025,2
461,1073975,1001.5,121.5,1,21025,3
461,1073976,1001.5,121.5,1,21026,0
461,1073977,1156.75,292.875,4,21026,1
461,1073978,1146.5,486.5,1,21027,0
461,1073979,1249.5,363.5,1,21027,1
461,1073980,1214.5,590.5,2,21028,0
461,1073981,857.0,10.0,1,21028,1
461,1073982,424.5,48.5,2,21029,0
461,1073983,1214.5,590.5,2,21030,0
461,1073984,857.0,10.0,1,21030,1
461,1073985,424.5,48.5,2,21031,0
461,1073986,903.5,35.0,1,21032,0
461,1073987,1149.75,282.0,2,21032,1
461,1073988,604.5,9.5,1,21033,0
461,1073989,857.0,10.0,1,21034,0
461,1073990,1127.1666259765625,288.8333435058594,3,21034,1
461,1073991,1214.5,590.5,2,21034,2
471,1073959,1127.1666259765625,288.8333435058594,3,21018,0
471,1073960,1001.5,121.5,1,21018,1
471,1073961,880.25,22.5,2,21018,2
471,1073962,1099.1666259765625,271.0,3,21019,0
471,1073963,1001.5,121.5,1,21019,1
471,1073964,750.25,257.75,2,21020,0
471,1073965,750.25,257.75,2,21021,0
471,1073966,1114.875,277.625,4,21022,0
471,1073967,1001.5,121.5,1,21022,1
471,1073968,880.25,22.5,2,21022,2
471,1073969,1141.800048828125,294.79998779296875,5,21023,0
471,1073970,857.0,10.0,1,21023,1
471,1073971,522.0,165.5,1,21024,0
471,1073972,1249.5,363.5,1,21025,0
471,1073973,1146.5,486.5,1,21025,1
471,1073974,1082.0,302.5,1,21025,2
471,1073975,1001.5,121.5,1,21025,3
471,1073976,1001.5,121.5,1,21026,0
471,1073977,1156.75,292.875,4,21026,1
471,1073978,1146.5,486.5,1,21027,0
471,1073979,1249.5,363.5,1,21027,1
471,1073980,1214.5,590.5,2,21028,0
471,1073981,857.0,10.0,1,21028,1
471,1073982,424.5,48.5,2,21029,0
471,1073983,1214.5,590.5,2,21030,0
471,1073984,857.0,10.0,1,21030,1
471,1073985,424.5,48.5,2,21031,0
471,1073986,903.5,35.0,1,21032,0
471,1073987,1149.75,282.0,2,21032,1
471,1073988,604.5,9.5,1,21033,0
471,1073989,857.0,10.0,1,21034,0
471,1073990,1127.1666259765625,288.8333435058594,3,21034,1
471,1073991,1214.5,590.5,2,21034,2
481,1073959,1127.1666259765625,288.8333435058594,3,21018,0
481,1073960,1001.5,121.5,1,21018,1
481,1073961,880.25,22.5,2,21018,2
481,1073962,1099.1666259765625,271.0,3,21019,0
481,1073963,1001.5,121.5,1,21019,1
481,1073964,750.25,257.75,2,21020,0
481,1073965,750.25,257.75,2,21021,0
481,1073966,1114.875,277.625,4,21022,0
481,1073967,1001.5,121.5,1,21022,1
481,1073968,880.25,22.5,2,21022,2
481,1073969,1141.800048828125,294.79998779296875,5,21023,0
481,1073970,857.0,10.0,1,21023,1
481,1073971,522.0,165.5,1,21024,0
481,1073972,1249.5,363.5,1,21025,0
481,1073973,1146.5,486.5,1,21025,1
481,1073974,1082.0,302.5,1,21025,2
481,1073975,1001.5,121.5,1,21025,3
481,1073976,1001.5,121.5,1,21026,0
481,1073977,1156.75,292.875,4,21026,1
481,1073978,1146.5,486.5,1,21027,0
481,1073979,1249.5,363.5,1,21027,1
481,1073980,1214.5,590.5,2,21028,0
481,1073981,857.0,10.0,1,21028,1
481,1073982,424.5,48.5,2,21029,0
481,1073983,1214.5,590.5,2,21030,0
481,1073984,857.0,10.0,1,21030,1
481,1073985,424.5,48.5,2,21031,0
481,1073986,903.5,35.0,1,21032,0
481,1073987,1149.75,282.0,2,21032,1
481,1073988,604.5,9.5,1,21033,0
481,1073989,857.0,10.0,1,21034,0
481,1073990,1127.1666259765625,288.8333435058594,3,21034,1
481,1073991,1214.5,590.5,2,21034,2
491,1073959,1127.1666259765625,288.8333435058594,3,21018,0
491,1073960,1001.5,121.5,1,21018,1
491,1073961,880.25,22.5,2,21018,2
491,1073962,1099.1666259765625,271.0,3,21019,0
491,1073963,1001.5,121.5,1,21019,1
491,1073964,750.25,257.75,2,21020,0
491,1073965,750.25,257.75,2,21021,0
491,1073966,1114.875,277.625,4,21022,0
491,1073967,1001.5,121.5,1,21022,1
491,1073968,880.25,22.5,2,21022,2
491,1073969,1141.800048828125,294.79998779296875,5,21023,0
491,1073970,857.0,10.0,1,21023,1
491,1073971,522.0,165.5,1,21024,0
491,1073972,1249.5,363.5,1,21025,0
491,1073973,1146.5,486.5,1,21025,1
491,1073974,1082.0,302.5,1,21025,2
491,1073975,1001.5,121.5,1,21025,3
491,1073976,1001.5,121.5,1,21026,0
491,1073977,1156.75,292.875,4,21026,1
491,1073978,1146.5,486.5,1,21027,0
491,1073979,1249.5,363.5,1,21027,1
491,1073980,1214.5,590.5,2,21028,0
491,1073981,857.0,10.0,1,21028,1
491,1073982,424.5,48.5,2,21029,0
491,1073983,1214.5,590.5,2,21030,0
491,1073984,857.0,10.0,1,21030,1
491,1073985,424.5,48.5,2,21031,0
491,1073986,903.5,35.0,1,21032,0
491,1073987,1149.75,282.0,2,21032,1
491,1073988,604.5,9.5,1,21033,0
491,1073989,857.0,10.0,1,21034,0
491,1073990,1127.1666259765625,288.8333435058594,3,21034,1
491,1073991,1214.5,590.5,2,21034,2
501,1073959,1127.1666259765625,288.8333435058594,3,21018,0
501,1073960,1001.5,121.5,1,21018,1
501,1073961,880.25,22.5,2,21018,2
501,1073962,1099.1666259765625,271.0,3,21019,0
501,1073963,1001.5,121.5,1,21019,1
501,1073964,750.25,257.75,2,21020,0
501,1073965,750.25,257.75,2,21021,0
501,1073966,1114.875,277.625,4,21022,0
501,1073967,1001.5,121.5,1,21022,1
501,1073968,880.25,22.5,2,21022,2
501,1073969,1141.800048828125,294.79998779296875,5,21023,0
501,1073970,857.0,10.0,1,21023,1
501,1073971,522.0,165.5,1,21024,0
501,1073972,1249.5,363.5,1,21025,0
501,1073973,1146.5,486.5,1,21025,1
501,1073974,1082.0,302.5,1,21025,2
501,1073975,1001.5,121.5,1,21025,3
501,1073976,1001.5,121.5,1,21026,0
501,1073977,1156.75,292.875,4,21026,1
501,1073978,1146.5,486.5,1,21027,0
501,1073979,1249.5,363.5,1,21027,1
501,1073980,1214.5,590.5,2,21028,0
501,1073981,857.0,10.0,1,21028,1
501,1073982,424.5,48.5,2,21029,0
501,1073983,1214.5,590.5,2,21030,0
501,1073984,857.0,10.0,1,21030,1
501,1073985,424.5,48.5,2,21031,0
501,1073986,903.5,35.0,1,21032,0
501,1073987,1149.75,282.0,2,21032,1
501,1073988,604.5,9.5,1,21033,0
501,1073989,857.0,10.0,1,21034,0
501,1073990,1127.1666259765625,288.8333435058594,3,21034,1
501,1073991,1214.5,590.5,2,21034,2
511,1073959,1127.1666259765625,288.8333435058594,3,21018,0
511,1073960,1001.5,121.5,1,21018,1
511,1073961,880.25,22.5,2,21018,2
511,1073962,1099.1666259765625,271.0,3,21019,0
511,1073963,1001.5,121.5,1,21019,1
511,1073964,750.25,257.75,2,21020,0
511,1073965,750.25,257.75,2,21021,0
511,1073966,1114.875,277.625,4,21022,0
511,1073967,1001.5,121.5,1,21022,1
511,1073968,880.25,22.5,2,21022,2
511,1073969,1141.800048828125,294.79998779296875,5,21023,0
511,1073970,857.0,10.0,1,21023,1
511,1073971,522.0,165.5,1,21024,0
511,1073972,1249.5,363.5,1,21025,0
511,1073973,1146.5,486.5,1,21025,1
511,1073974,1082.0,302.5,1,21025,2
511,1073975,1001.5,121.5,1,21025,3
511,1073976,1001.5,121.5,1,21026,0
511,1073977,1156.75,292.875,4,21026,1
511,1073978,1146.5,486.5,1,21027,0
511,1073979,1249.5,363.5,1,21027,1
511,1073980,1214.5,590.5,2,21028,0
511,1073981,857.0,10.0,1,21028,1
511,1073982,424.5,48.5,2,21029,0
511,1073983,1214.5,590.5,2,21030,0
511,1073984,857.0,10.0,1,21030,1
511,1073985,424.5,48.5,2,21031,0
511,1073986,903.5,35.0,1,21032,0
511,1073987,1149.75,282.0,2,21032,1
511,1073988,604.5,9.5,1,21033,0
511,1073989,857.0,10.0,1,21034,0
511,1073990,1127.1666259765625,288.8333435058594,3,21034,1
511,1073991,1214.5,590.5,2,21034,2
521,1073959,1115.6666259765625,270.8333435058594,2,21018,0
521,1073960,1024.0,143.0,1,21018,1
521,1073961,906.5,29.5,2,21018,2
521,1073962,1087.6666259765625,254.0,2,21019,0
521,1073963,1024.0,143.0,1,21019,1
521,1073964,763.75,280.5,2,21020,0
521,1073965,763.75,280.5,2,21021,0
521,1073966,1107.2083740234375,259.7916564941406,3,21022,0
521,1073967,1024.0,143.0,1,21022,1
521,1073968,906.5,29.5,2,21022,2
521,1073969,1133.675048828125,277.92498779296875,4,21023,0
521,1073970,888.0,12.0,1,21023,1
521,1073971,527.5,182.5,1,21024,0
521,1073972,1228.0,347.5,1,21025,0
521,1073973,1132.5,469.0,1,21025,1
521,1073974,1082.0,285.0,1,21025,2
521,1073975,1024.0,143.0,1,21025,3
521,1073976,1024.0,143.0,1,21026,0
521,1073977,1141.9166259765625,275.5416564941406,3,21026,1
521,1073978,1132.5,469.0,1,21027,0
521,1073979,1228.0,347.5,1,21027,1
521,1073980,1202.75,564.0,2,21028,0
521,1073981,888.0,12.0,1,21028,1
521,1073982,430.0,64.0,2,21029,0
521,1073983,1202.75,564.0,2,21030,0
521,1073984,888.0,12.0,1,21030,1
521,1073985,430.0,64.0,2,21031,0
521,1073986,925.0,47.0,1,21032,0
521,1073987,1138.25,264.0,2,21032,1
521,1073988,613.5,15.0,1,21033,0
521,1073989,888.0,12.0,1,21034,0
521,1073990,1115.6666259765625,270.8333435058594,2,21034,1
521,1073991,1202.75,564.0,2,21034,2
531,1073959,1115.6666259765625,270.8333435058594,2,21018,0
531,1073960,1024.0,143.0,2,21018,1
531,1073961,906.5,29.5,2,21018,2
531,1073962,1087.6666259765625,254.0,2,21019,0
531,1073963,1024.0,143.0,2,21019,1
531,1073964,763.75,280.5,2,21020,0
531,1073965,763.75,280.5,2,21021,0
531,1073966,1107.2083740234375,259.7916564941406,3,21022,0
531,1073967,1024.0,143.0,1,21022,1
531,1073968,906.5,29.5,3,21022,2
531,1073969,1133.675048828125,277.92498779296875,4,21023,0
531,1073970,888.0,12.0,1,21023,1
531,1073971,527.5,182.5,1,21024,0
531,1073972,1228.0,347.5,1,21025,0
531,1073973,1132.5,469.0,1,21025,1
531,1073974,1082.0,285.0,1,21025,2
531,1073975,1024.0,143.0,1,21025,3
531,1073976,1024.0,143.0,2,21026,0
531,1073977,1141.9166259765625,275.5416564941406,3,21026,1
531,1073978,1132.5,469.0,1,21027,0
531,1073979,1228.0,347.5,1,21027,1
531,1073980,1202.75,564.0,2,21028,0
531,1073981,888.0,12.0,1,21028,1
531,1073982,430.0,64.0,2,21029,0
531,1073983,1202.75,564.0,2,21030,0
531,1073984,888.0,12.0,1,21030,1
531,1073985,430.0,64.0,2,21031,0
531,1073986,925.0,47.0,1,21032,0
531,1073987,1138.25,264.0,2,21032,1
531,1073988,613.5,15.0,1,21033,0
531,1073989,888.0,12.0,1,21034,0
531,1073990,1115.6666259765625,270.8333435058594,2,21034,1
531,1073991,1202.75,564.0,2,21034,2
541,1073959,1115.6666259765625,270.8333435058594,2,21018,0
541,1073960,1024.0,143.0,2,21018,1
541,1073961,906.5,29.5,2,21018,2
541,1073962,1087.6666259765625,254.0,2,21019,0
541,1073963,1024.0,143.0,2,21019,1
541,1073964,763.75,280.5,2,21020,0
541,1073965,763.75,280.5,2,21021,0
541,1073966,1107.2083740234375,259.7916564941406,3,21022,0
541,1073967,1024.0,143.0,1,21022,1
541,1073968,906.5,29.5,3,21022,2
541,1073969,1133.675048828125,277.92498779296875,4,21023,0
541,1073970,888.0,12.0,2,21023,1
541,1073971,527.5,182.5,1,21024,0
541,1073972,1228.0,347.5,1,21025,0
541,1073973,1132.5,469.0,1,21025,1
541,1073974,1082.0,285.0,1,21025,2
541,1073975,1024.0,143.0,1,21025,3
541,1073976,1024.0,143.0,2,21026,0
541,1073977,1141.9166259765625,275.5416564941406,3,21026,1
541,1073978,1132.5,469.0,1,21027,0
541,1073979,1228.0,347.5,1,21027,1
541,1073980,1202.75,564.0,2,21028,0
541,1073981,888.0,12.0,1,21028,1
541,1073982,430.0,64.0,2,21029,0
541,1073983,1202.75,564.0,2,21030,0
541,1073984,888.0,12.0,1,21030,1
541,1073985,430.0,64.0,2,21031,0
541,1073986,925.0,47.0,1,21032,0
541,1073987,1138.25,264.0,2,21032,1
541,1073988,613.5,15.0,1,21033,0
541,1073989,888.0,12.0,1,21034,0
541,1073990,1115.6666259765625,270.8333435058594,2,21034,1
541,1073991,1202.75,564.0,2,21034,2
551,1073959,1115.6666259765625,270.8333435058594,2,21018,0
551,1073960,1024.0,143.0,2,21018,1
551,1073961,906.5,29.5,2,21018,2
551,1073962,1087.6666259765625,254.0,2,21019,0
551,1073963,1024.0,143.0,2,21019,1
551,1073964,763.75,280.5,2,21020,0
551,1073965,763.75,280.5,2,21021,0
551,1073966,1107.2083740234375,259.7916564941406,3,21022,0
551,1073967,1024.0,143.0,1,21022,1
551,1073968,906.5,29.5,3,21022,2
551,1073969,1133.675048828125,277.92498779296875,4,21023,0
551,1073970,888.0,12.0,2,21023,1
551,1073971,527.5,182.5,1,21024,0
551,1073972,1228.0,347.5,1,21025,0
551,1073973,1132.5,469.0,1,21025,1
551,1073974,1082.0,285.0,1,21025,2
551,1073975,1024.0,143.0,1,21025,3
551,1073976,1024.0,143.0,2,21026,0
551,1073977,1141.9166259765625,275.5416564941406,3,21026,1
551,1073978,1132.5,469.0,1,21027,0
551,1073979,1228.0,347.5,1,21027,1
551,1073980,1202.75,564.0,2,21028,0
551,1073981,888.0,12.0,1,21028,1
551,1073982,430.0,64.0,2,21029,0
551,1073983,1202.75,564.0,2,21030,0
551,1073984,888.0,12.0,1,21030,1
551,1073985,430.0,64.0,2,21031,0
551,1073986,925.0,47.0,1,21032,0
551,1073987,1138.25,264.0,2,21032,1
551,1073988,613.5,15.0,1,21033,0
551,1073989,888.0,12.0,1,21034,0
551,1073990,1115.6666259765625,270.8333435058594,2,21034,1
551,1073991,1202.75,564.0,2,21034,2
561,1073959,1115.6666259765625,270.8333435058594,2,21018,0
561,1073960,1024.0,143.0,2,21018,1
561,1073961,906.5,29.5,2,21018,2
561,1073962,1087.6666259765625,254.0,2,21019,0
561,1073963,1024.0,143.0,2,21019,1
561,1073964,763.75,280.5,2,21020,0
561,1073965,763.75,280.5,2,21021,0
561,1073966,1107.2083740234375,259.7916564941406,3,21022,0
561,1073967,1024.0,143.0,1,21022,1
561,1073968,906.5,29.5,3,21022,2
561,1073969,1133.675048828125,277.92498779296875,4,21023,0
561,1073970,888.0,12.0,2,21023,1
561,1073971,527.5,182.5,1,21024,0
561,1073972,1228.0,347.5,1,21025,0
561,1073973,1132.5,469.0,1,21025,1
561,1073974,1082.0,285.0,1,21025,2
561,1073975,1024.0,143.0,1,21025,3
561,1073976,1024.0,143.0,2,21026,0
561,1073977,1141.9166259765625,275.5416564941406,3,21026,1
561,1073978,1132.5,469.0,1,21027,0
561,1073979,1228.0,347.5,1,21027,1
561,1073980,1202.75,564.0,2,21028,0
561,1073981,888.0,12.0,1,21028,1
561,1073982,430.0,64.0,2,21029,0
561,1073983,1202.75,564.0,2,21030,0
561,1073984,888.0,12.0,1,21030,1
561,1073985,430.0,64.0,2,21031,0
561,1073986,925.0,47.0,1,21032,0
561,1073987,1138.25,264.0,2,21032,1
561,1073988,613.5,15.0,1,21033,0
561,1073989,888.0,12.0,2,21034,0
561,1073990,1115.6666259765625,270.8333435058594,2,21034,1
561,1073991,1202.75,564.0,2,21034,2
571,1073959,1115.6666259765625,270.8333435058594,2,21018,0
571,1073960,1024.0,143.0,2,21018,1
571,1073961,906.5,29.5,2,21018,2
571,1073962,1087.6666259765625,254.0,2,21019,0
571,1073963,1024.0,143.0,2,21019,1
571,1073964,763.75,280.5,2,21020,0
571,1073965,763.75,280.5,2,21021,0
571,1073966,1107.2083740234375,259.7916564941406,3,21022,0
571,1073967,1024.0,143.0,1,21022,1
571,1073968,906.5,29.5,3,21022,2
571,1073969,1133.675048828125,277.92498779296875,4,21023,0
571,1073970,888.0,12.0,2,21023,1
571,1073971,527.5,182.5,1,21024,0
571,1073972,1228.0,347.5,1,21025,0
571,1073973,1132.5,469.0,1,21025,1
571,1073974,1082.0,285.0,1,21025,2
571,1073975,1024.0,143.0,1,21025,3
571,1073976,1024.0,143.0,2,21026,0
571,1073977,1141.9166259765625,275.5416564941406,3,21026,1
571,1073978,1132.5,469.0,1,21027,0
571,1073979,1228.0,347.5,1,21027,1
571,1073980,1202.75,564.0,2,21028,0
571,1073981,888.0,12.0,1,21028,1
571,1073982,430.0,64.0,2,21029,0
571,1073983,1202.75,564.0,2,21030,0
571,1073984,888.0,12.0,1,21030,1
571,1073985,430.0,64.0,2,21031,0
571,1073986,925.0,47.0,1,21032,0
571,1073987,1138.25,264.0,2,21032,1
571,1073988,613.5,15.0,1,21033,0
571,1073989,888.0,12.0,2,21034,0
571,1073990,1115.6666259765625,270.8333435058594,2,21034,1
571,1073991,1202.75,564.0,2,21034,2
581,1073959,1115.6666259765625,270.8333435058594,2,21018,0
581,1073960,1024.0,143.0,2,21018,1
581,1073961,906.5,29.5,2,21018,2
581,1073962,1087.6666259765625,254.0,2,21019,0
581,1073963,1024.0,143.0,2,21019,1
581,1073964,763.75,280.5,2,21020,0
581,1073965,763.75,280.5,2,21021,0
581,1073966,1107.2083740234375,259.7916564941406,3,21022,0
581,1073967,1024.0,143.0,1,21022,1
581,1073968,906.5,29.5,3,21022,2
581,1073969,1133.675048828125,277.92498779296875,4,21023,0
581,1073970,888.0,12.0,2,21023,1
581,1073971,527.5,182.5,1,21024,0
581,1073972,1228.0,347.5,1,21025,0
581,1073973,1132.5,469.0,1,21025,1
581,1073974,1082.0,285.0,1,21025,2
581,1073975,1024.0,143.0,1,21025,3
581,1073976,1024.0,143.0,2,21026,0
581,1073977,1141.9166259765625,275.5416564941406,3,21026,1
581,1073978,1132.5,469.0,1,21027,0
581,1073979,1228.0,347.5,1,21027,1
581,1073980,1202.75,564.0,2,21028,0
581,1073981,888.0,12.0,1,21028,1
581,1073982,430.0,64.0,2,21029,0
581,1073983,1202.75,564.0,2,21030,0
581,1073984,888.0,12.0,1,21030,1
581,1073985,430.0,64.0,2,21031,0
581,1073986,925.0,47.0,1,21032,0
581,1073987,1138.25,264.0,2,21032,1
581,1073988,613.5,15.0,1,21033,0
581,1073989,888.0,12.0,2,21034,0
581,1073990,1115.6666259765625,270.8333435058594,2,21034,1
581,1073991,1202.75,564.0,2,21034,2
591,1073959,1115.6666259765625,270.8333435058594,2,21018,0
591,1073960,1024.0,143.0,2,21018,1
591,1073961,906.5,29.5,2,21018,2
591,1073962,1087.6666259765625,254.0,2,21019,0
591,1073963,1024.0,143.0,2,21019,1
591,1073964,763.75,280.5,2,21020,0
591,1073965,763.75,280.5,2,21021,0
591,1073966,1107.2083740234375,259.7916564941406,3,21022,0
591,1073967,1024.0,143.0,1,21022,1
591,1073968,906.5,29.5,3,21022,2
591,1073969,1133.675048828125,277.92498779296875,4,21023,0
591,1073970,888.0,12.0,2,21023,1
591,1073971,527.5,182.5,1,21024,0
591,1073972,1228.0,347.5,1,21025,0
591,1073973,1132.5,469.0,1,21025,1
591,1073974,1082.0,285.0,1,21025,2
591,1073975,1024.0,143.0,1,21025,3
591,1073976,1024.0,143.0,2,21026,0
591,1073977,1141.9166259765625,275.5416564941406,3,21026,1
591,1073978,1132.5,469.0,1,21027,0
591,1073979,1228.0,347.5,1,21027,1
591,1073980,1202.75,564.0,2,21028,0
591,1073981,888.0,12.0,1,21028,1
591,1073982,430.0,64.0,2,21029,0
591,1073983,1202.75,564.0,2,21030,0
591,1073984,888.0,12.0,1,21030,1
591,1073985,430.0,64.0,2,21031,0
591,1073986,925.0,47.0,1,21032,0
591,1073987,1138.25,264.0,2,21032,1
591,1073988,613.5,15.0,1,21033,0
591,1073989,888.0,12.0,2,21034,0
591,1073990,1115.6666259765625,270.8333435058594,2,21034,1
591,1073991,1202.75,564.0,2,21034,2
601,1073959,1115.6666259765625,270.8333435058594,2,21018,0
601,1073960,1024.0,143.0,2,21018,1
601,1073961,906.5,29.5,2,21018,2
601,1073962,1087.6666259765625,254.0,2,21019,0
601,1073963,1024.0,143.0,2,21019,1
601,1073964,763.75,280.5,2,21020,0
601,1073965,763.75,280.5,2,21021,0
601,1073966,1107.2083740234375,259.7916564941406,3,21022,0
601,1073967,1024.0,143.0,1,21022,1
601,1073968,906.5,29.5,3,21022,2
601,1073969,1133.675048828125,277.92498779296875,4,21023,0
601,1073970,888.0,12.0,2,21023,1
601,1073971,527.5,182.5,1,21024,0
601,1073972,1228.0,347.5,1,21025,0
601,1073973,1132.5,469.0,1,21025,1
601,1073974,1082.0,285.0,1,21025,2
601,1073975,1024.0,143.0,1,21025,3
601,1073976,1024.0,143.0,2,21026,0
601,1073977,1141.9166259765625,275.5416564941406,3,21026,1
601,1073978,1132.5,469.0,1,21027,0
601,1073979,1228.0,347.5,1,21027,1
601,1073980,1202.75,564.0,2,21028,0
601,1073981,888.0,12.0,1,21028,1
601,1073982,430.0,64.0,2,21029,0
601,1073983,1202.75,564.0,2,21030,0
601,1073984,888.0,12.0,1,21030,1
601,1073985,430.0,64.0,2,21031,0
601,1073986,925.0,47.0,1,21032,0
601,1073987,1138.25,264.0,2,21032,1
601,1073988,613.5,15.0,1,21033,0
601,1073989,888.0,12.0,2,21034,0
601,1073990,1115.6666259765625,270.8333435058594,2,21034,1
601,1073991,1202.75,564.0,2,21034,2
611,1073959,1115.6666259765625,270.8333435058594,2,21018,0
611,1073960,1024.0,143.0,2,21018,1
611,1073961,906.5,29.5,2,21018,2
611,1073962,1087.6666259765625,254.0,2,21019,0
611,1073963,1024.0,143.0,2,21019,1
611,1073964,763.75,280.5,2,21020,0
611,1073965,763.75,280.5,2,21021,0
611,1073966,1107.2083740234375,259.7916564941406,3,21022,0
611,1073967,1024.0,143.0,1,21022,1
611,1073968,906.5,29.5,3,21022,2
611,1073969,1133.675048828125,277.92498779296875,4,21023,0
611,1073970,888.0,12.0,2,21023,1
611,1073971,527.5,182.5,1,21024,0
611,1073972,1228.0,347.5,1,21025,0
611,1073973,1132.5,469.0,1,21025,1
611,1073974,1082.0,285.0,1,21025,2
611,1073975,1024.0,143.0,1,21025,3
611,1073976,1024.0,143.0,2,21026,0
611,1073977,1141.9166259765625,275.5416564941406,3,21026,1
611,1073978,1132.5,469.0,1,21027,0
611,1073979,1228.0,347.5,1,21027,1
611,1073980,1202.75,564.0,2,21028,0
611,1073981,888.0,12.0,1,21028,1
611,1073982,430.0,64.0,2,21029,0
611,1073983,1202.75,564.0,2,21030,0
611,1073984,888.0,12.0,1,21030,1
611,1073985,430.0,64.0,2,21031,0
611,1073986,925.0,47.0,1,21032,0
611,1073987,1138.25,264.0,2,21032,1
611,1073988,613.5,15.0,1,21033,0
611,1073989,888.0,12.0,2,21034,0
611,1073990,1115.6666259765625,270.8333435058594,2,21034,1
611,1073991,1202.75,564.0,2,21034,2
621,1073959,1099.9166259765625,266.8333435058594,2,21018,0
621,1073960,1032.0,156.75,2,21018,1
621,1073961,928.75,51.0,2,21018,2
621,1073962,1075.6666259765625,249.25,2,21019,0
621,1073963,1034.25,157.75,2,21019,1
621,1073964,787.0,327.0,2,21020,0
621,1073965,787.0,327.0,2,21021,0
621,1073966,1103.875,263.2916564941406,3,21022,0
621,1073967,1051.5,176.5,1,21022,1
621,1073968,908.0,34.33333206176758,3,21022,2
621,1073969,1119.675048828125,271.2583312988281,3,21023,0
621,1073970,884.6666870117188,15.5,3,21023,1
621,1073971,537.5,214.0,1,21024,0
621,1073972,1212.0,336.0,1,21025,0
621,1073973,1119.5,456.5,1,21025,1
621,1073974,1070.5,279.0,1,21025,2
621,1073975,1051.5,176.5,1,21025,3
621,1073976,1034.25,157.75,2,21026,0
621,1073977,1124.4166259765625,267.5416564941406,2,21026,1
621,1073978,1119.5,456.5,1,21027,0
621,1073979,1212.0,336.0,1,21027,1
621,1073980,1195.75,550.5,2,21028,0
621,1073981,902.0,32.0,1,21028,1
621,1073982,436.25,90.25,2,21029,0
621,1073983,1195.75,550.5,2,21030,0
621,1073984,902.0,32.0,1,21030,1
621,1073985,436.25,90.25,2,21031,0
621,1073986,955.5,70.0,1,21032,0
621,1073987,1122.5,260.0,2,21032,1
621,1073988,617.0,27.5,1,21033,0
621,1073989,889.25,19.0,2,21034,0
621,1073990,1099.9166259765625,266.8333435058594,2,21034,1
621,1073991,1195.75,550.5,2,21034,2
641,1073992,1191.5,468.0,3,21035,0
641,1073993,1392.0,404.5,1,21035,1
641,1073994,1430.5,551.5,1,21035,2
641,1073995,1116.75,300.125,4,21036,0
641,1073996,1011.75,124.5,2,21036,1
641,1073997,757.5,213.5,1,21037,0
641,1073998,1169.0,258.5,1,21038,0
641,1073999,1389.0,508.25,2,21038,1
641,1074000,509.75,270.5,2,21039,0
641,1074001,509.75,270.5,2,21040,0
641,1074002,1116.75,300.125,4,21041,0
641,1074003,991.5,150.5,1,21041,1
641,1074004,1124.199951171875,327.79998779296875,5,21042,0
641,1074005,994.5,95.5,3,21042,1
641,1074006,1115.5,312.1000061035156,5,21043,0
641,1074007,436.75,150.75,2,21044,0
641,1074008,1389.0,508.25,2,21045,0
641,1074009,1226.5,607.0,1,21045,1
641,1074010,996.0,68.0,2,21045,2
641,1074011,1169.0,258.5,1,21045,3
641,1074012,1111.75,338.75,2,21046,0
641,1074013,1011.75,124.5,2,21047,0
641,1074014,1392.0,404.5,1,21047,1
641,1074015,1430.5,551.5,1,21047,2
641,1074016,1118.0,294.3333435058594,3,21047,3
641,1074017,436.75,150.75,2,21048,0
641,1074018,1392.0,404.5,1,21049,0
641,1074019,1201.75,428.5,2,21049,1
641,1074020,1011.75,124.5,2,21049,2
641,1074021,1011.75,124.5,2,21050,0
641,1074022,1390.0,473.6666564941406,3,21050,1
641,1074023,1137.5,300.25,2,21050,2
641,1074024,1201.75,428.5,2,21051,0
641,1074025,1115.5,275.5,1,21051,1
641,1074026,1392.0,404.5,1,21051,2
641,1074027,1198.75,577.0,2,21052,0
641,1074028,1430.5,551.5,1,21052,1
641,1074029,1249.5,418.5,1,21052,2
641,1074030,1342.5,478.3333435058594,3,21053,0
641,1074031,1198.75,577.0,2,21053,1
641,1074032,1169.0,258.5,1,21053,2
641,1074033,1011.75,124.5,2,21053,3
641,1074034,423.3333435058594,39.0,3,21054,0
641,1074035,1198.75,577.0,2,21055,0
641,1074036,1389.0,508.25,2,21055,1
641,1074037,960.0,37.5,1,21056,0
641,1074038,1115.5,275.5,1,21056,1
641,1074039,1347.5,465.0,1,21056,2
641,1074040,633.5,22.5,1,21057,0
641,1074041,423.3333435058594,39.0,3,21058,0
641,1074042,1303.75,869.25,2,21059,0
641,1074043,423.3333435058594,39.0,3,21060,0
641,1074044,1303.75,869.25,2,21061,0
651,1073992,1191.5,468.0,3,21035,0
651,1073993,1392.0,404.5,1,21035,1
651,1073994,1430.5,551.5,1,21035,2
651,1073995,1116.75,300.125,4,21036,0
651,1073996,1011.75,124.5,2,21036,1
651,1073997,757.5,213.5,1,21037,0
651,1073998,1169.0,258.5,1,21038,0
651,1073999,1389.0,508.25,2,21038,1
651,1074000,509.75,270.5,2,21039,0
651,1074001,509.75,270.5,2,21040,0
651,1074002,1116.75,300.125,4,21041,0
651,1074003,991.5,150.5,1,21041,1
651,1074004,1124.199951171875,327.79998779296875,5,21042,0
651,1074005,994.5,95.5,3,21042,1
651,1074006,1115.5,312.1000061035156,5,21043,0
651,1074007,436.75,150.75,2,21044,0
651,1074008,1389.0,508.25,2,21045,0
651,1074009,1226.5,607.0,1,21045,1
651,1074010,996.0,68.0,2,21045,2
651,1074011,1169.0,258.5,1,21045,3
651,1074012,1111.75,338.75,2,21046,0
651,1074013,1011.75,124.5,2,21047,0
651,1074014,1392.0,404.5,1,21047,1
651,1074015,1430.5,551.5,1,21047,2
651,1074016,1118.0,294.3333435058594,3,21047,3
651,1074017,436.75,150.75,2,21048,0
651,1074018,1392.0,404.5,1,21049,0
651,1074019,1201.75,428.5,2,21049,1
651,1074020,1011.75,124.5,2,21049,2
651,1074021,1011.75,124.5,2,21050,0
651,1074022,1390.0,473.6666564941406,3,21050,1
651,1074023,1137.5,300.25,2,21050,2
651,1074024,1201.75,428.5,2,21051,0
651,1074025,1115.5,275.5,1,21051,1
651,1074026,1392.0,404.5,1,21051,2
651,1074027,1198.75,577.0,2,21052,0
651,1074028,1430.5,551.5,1,21052,1
651,1074029,1249.5,418.5,1,21052,2
651,1074030,1342.5,478.3333435058594,3,21053,0
651,1074031,1198.75,577.0,2,21053,1
651,1074032,1169.0,258.5,1,21053,2
651,1074033,1011.75,124.5,2,21053,3
651,1074034,423.3333435058594,39.0,3,21054,0
651,1074035,1198.75,577.0,2,21055,0
651,1074036,1389.0,508.25,2,21055,1
651,1074037,960.0,37.5,1,21056,0
651,1074038,1115.5,275.5,1,21056,1
651,1074039,1347.5,465.0,1,21056,2
651,1074040,633.5,22.5,1,21057,0
651,1074041,423.3333435058594,39.0,3,21058,0
651,1074042,1303.75,869.25,2,21059,0
651,1074043,423.3333435058594,39.0,3,21060,0
651,1074044,1303.75,869.25,2,21061,0
661,1073992,1191.5,468.0,3,21035,0
661,1073993,1392.0,404.5,1,21035,1
661,1073994,1430.5,551.5,1,21035,2
661,1073995,1116.75,300.125,4,21036,0
661,1073996,1011.75,124.5,2,21036,1
661,1073997,757.5,213.5,1,21037,0
661,1073998,1169.0,258.5,1,21038,0
661,1073999,1389.0,508.25,2,21038,1
661,1074000,509.75,270.5,2,21039,0
661,1074001,509.75,270.5,2,21040,0
661,1074002,1116.75,300.125,4,21041,0
661,1074003,991.5,150.5,1,21041,1
661,1074004,1124.199951171875,327.79998779296875,5,21042,0
661,1074005,994.5,95.5,3,21042,1
661,1074006,1115.5,312.1000061035156,5,21043,0
661,1074007,436.75,150.75,2,21044,0
661,1074008,1389.0,508.25,2,21045,0
661,1074009,1226.5,607.0,1,21045,1
661,1074010,996.0,68.0,2,21045,2
661,1074011,1169.0,258.5,1,21045,3
661,1074012,1111.75,338.75,2,21046,0
661,1074013,1011.75,124.5,2,21047,0
661,1074014,1392.0,404.5,1,21047,1
661,1074015,1430.5,551.5,1,21047,2
661,1074016,1118.0,294.3333435058594,3,21047,3
661,1074017,436.75,150.75,2,21048,0
661,1074018,1392.0,404.5,1,21049,0
661,1074019,1201.75,428.5,2,21049,1
661,1074020,1011.75,124.5,2,21049,2
661,1074021,1011.75,124.5,2,21050,0
661,1074022,1390.0,473.6666564941406,3,21050,1
661,1074023,1137.5,300.25,2,21050,2
661,1074024,1201.75,428.5,2,21051,0
661,1074025,1115.5,275.5,1,21051,1
661,1074026,1392.0,404.5,1,21051,2
661,1074027,1198.75,577.0,2,21052,0
661,1074028,1430.5,551.5,1,21052,1
661,1074029,1249.5,418.5,1,21052,2
661,1074030,1342.5,478.3333435058594,3,21053,0
661,1074031,1198.75,577.0,2,21053,1
661,1074032,1169.0,258.5,1,21053,2
661,1074033,1011.75,124.5,2,21053,3
661,1074034,423.3333435058594,39.0,3,21054,0
661,1074035,1198.75,577.0,2,21055,0
661,1074036,1389.0,508.25,2,21055,1
661,1074037,960.0,37.5,1,21056,0
661,1074038,1115.5,275.5,1,21056,1
661,1074039,1347.5,465.0,1,21056,2
661,1074040,633.5,22.5,1,21057,0
661,1074041,423.3333435058594,39.0,3,21058,0
661,1074042,1303.75,869.25,2,21059,0
661,1074043,423.3333435058594,39.0,3,21060,0
661,1074044,1303.75,869.25,2,21061,0
671,1073992,1191.5,468.0,3,21035,0
671,1073993,1392.0,404.5,1,21035,1
671,1073994,1430.5,551.5,1,21035,2
671,1073995,1116.75,300.125,4,21036,0
671,1073996,1011.75,124.5,2,21036,1
671,1073997,757.5,213.5,1,21037,0
671,1073998,1169.0,258.5,1,21038,0
671,1073999,1389.0,508.25,2,21038,1
671,1074000,509.75,270.5,2,21039,0
671,1074001,509.75,270.5,2,21040,0
671,1074002,1116.75,300.125,4,21041,0
671,1074003,991.5,150.5,1,21041,1
671,1074004,1124.199951171875,327.79998779296875,5,21042,0
671,1074005,994.5,95.5,3,21042,1
671,1074006,1115.5,312.1000061035156,5,21043,0
671,1074007,436.75,150.75,2,21044,0
671,1074008,1389.0,508.25,2,21045,0
671,1074009,1226.5,607.0,1,21045,1
671,1074010,996.0,68.0,2,21045,2
671,1074011,1169.0,258.5,1,21045,3
671,1074012,1111.75,338.75,2,21046,0
671,1074013,1011.75,124.5,2,21047,0
671,1074014,1392.0,404.5,1,21047,1
671,1074015,1430.5,551.5,1,21047,2
671,1074016,1118.0,294.3333435058594,3,21047,3
671,1074017,436.75,150.75,2,21048,0
671,1074018,1392.0,404.5,1,21049,0
671,1074019,1201.75,428.5,2,21049,1
671,1074020,1011.75,124.5,2,21049,2
671,1074021,1011.75,124.5,2,21050,0
671,1074022,1390.0,473.6666564941406,3,21050,1
671,1074023,1137.5,300.25,2,21050,2
671,1074024,1201.75,428.5,2,21051,0
671,1074025,1115.5,275.5,1,21051,1
671,1074026,1392.0,404.5,1,21051,2
671,1074027,1198.75,577.0,2,21052,0
671,1074028,1430.5,551.5,1,21052,1
671,1074029,1249.5,418.5,1,21052,2
671,1074030,1342.5,478.3333435058594,3,21053,0
671,1074031,1198.75,577.0,2,21053,1
671,1074032,1169.0,258.5,1,21053,2
671,1074033,1011.75,124.5,2,21053,3
671,1074034,423.3333435058594,39.0,3,21054,0
671,1074035,1198.75,577.0,2,21055,0
671,1074036,1389.0,508.25,2,21055,1
671,1074037,960.0,37.5,1,21056,0
671,1074038,1115.5,275.5,1,21056,1
671,1074039,1347.5,465.0,1,21056,2
671,1074040,633.5,22.5,1,21057,0
671,1074041,423.3333435058594,39.0,3,21058,0
671,1074042,1303.75,869.25,2,21059,0
671,1074043,423.3333435058594,39.0,3,21060,0
671,1074044,1303.75,869.25,2,21061,0
681,1073992,1191.5,468.0,3,21035,0
681,1073993,1392.0,404.5,1,21035,1
681,1073994,1430.5,551.5,1,21035,2
681,1073995,1116.75,300.125,4,21036,0
681,1073996,1011.75,124.5,2,21036,1
681,1073997,757.5,213.5,1,21037,0
681,1073998,1169.0,258.5,1,21038,0
681,1073999,1389.0,508.25,2,21038,1
681,1074000,509.75,270.5,2,21039,0
681,1074001,509.75,270.5,2,21040,0
681,1074002,1116.75,300.125,4,21041,0
681,1074003,991.5,150.5,1,21041,1
681,1074004,1124.199951171875,327.79998779296875,5,21042,0
681,1074005,994.5,95.5,3,21042,1
681,1074006,1115.5,312.1000061035156,5,21043,0
681,1074007,436.75,150.75,2,21044,0
681,1074008,1389.0,508.25,2,21045,0
681,1074009,1226.5,607.0,1,21045,1
681,1074010,996.0,68.0,2,21045,2
681,1074011,1169.0,258.5,1,21045,3
681,1074012,1111.75,338.75,2,21046,0
681,1074013,1011.75,124.5,2,21047,0
681,1074014,1392.0,404.5,1,21047,1
681,1074015,1430.5,551.5,1,21047,2
681,1074016,1118.0,294.3333435058594,3,21047,3
681,1074017,436.75,150.75,2,21048,0
681,1074018,1392.0,404.5,1,21049,0
681,1074019,1201.75,428.5,2,21049,1
681,1074020,1011.75,124.5,2,21049,2
681,1074021,1011.75,124.5,2,21050,0
681,1074022,1390.0,473.6666564941406,3,21050,1
681,1074023,1137.5,300.25,2,21050,2
681,1074024,1201.75,428.5,2,21051,0
681,1074025,1115.5,275.5,1,21051,1
681,1074026,1392.0,404.5,1,21051,2
681,1074027,1198.75,577.0,2,21052,0
681,1074028,1430.5,551.5,1,21052,1
681,1074029,1249.5,418.5,1,21052,2
681,1074030,1342.5,478.3333435058594,3,21053,0
681,1074031,1198.75,577.0,2,21053,1
681,1074032,1169.0,258.5,1,21053,2
681,1074033,1011.75,124.5,2,21053,3
681,1074034,423.3333435058594,39.0,3,21054,0
681,1074035,1198.75,577.0,2,21055,0
681,1074036,1389.0,508.25,2,21055,1
681,1074037,960.0,37.5,1,21056,0
681,1074038,1115.5,275.5,1,21056,1
681,1074039,1347.5,465.0,1,21056,2
681,1074040,633.5,22.5,1,21057,0
681,1074041,423.3333435058594,39.0,3,21058,0
681,1074042,1303.75,869.25,2,21059,0
681,1074043,423.3333435058594,39.0,3,21060,0
681,1074044,1303.75,869.25,2,21061,0
691,1073992,1191.5,468.0,3,21035,0
691,1073993,1392.0,404.5,1,21035,1
691,1073994,1430.5,551.5,1,21035,2
691,1073995,1116.75,300.125,4,21036,0
691,1073996,1011.75,124.5,2,21036,1
691,1073997,757.5,213.5,1,21037,0
691,1073998,1169.0,258.5,1,21038,0
691,1073999,1389.0,508.25,2,21038,1
691,1074000,509.75,270.5,2,21039,0
691,1074001,509.75,270.5,2,21040,0
691,1074002,1116.75,300.125,4,21041,0
691,1074003,991.5,150.5,1,21041,1
691,1074004,1124.199951171875,327.79998779296875,5,21042,0
691,1074005,994.5,95.5,3,21042,1
691,1074006,1115.5,312.1000061035156,5,21043,0
691,1074007,436.75,150.75,2,21044,0
691,1074008,1389.0,508.25,2,21045,0
691,1074009,1226.5,607.0,1,21045,1
691,1074010,996.0,68.0,2,21045,2
691,1074011,1169.0,258.5,1,21045,3
691,1074012,1111.75,338.75,2,21046,0
691,1074013,1011.75,124.5,2,21047,0
691,1074014,1392.0,404.5,1,21047,1
691,1074015,1430.5,551.5,1,21047,2
691,1074016,1118.0,294.3333435058594,3,21047,3
691,1074017,436.75,150.75,2,21048,0
691,1074018,1392.0,404.5,1,21049,0
691,1074019,1201.75,428.5,2,21049,1
691,1074020,1011.75,124.5,2,21049,2
691,1074021,1011.75,124.5,2,21050,0
691,1074022,1390.0,473.6666564941406,3,21050,1
691,1074023,1137.5,300.25,2,21050,2
691,1074024,1201.75,428.5,2,21051,0
691,1074025,1115.5,275.5,1,21051,1
691,1074026,1392.0,404.5,1,21051,2
691,1074027,1198.75,577.0,2,21052,0
691,1074028,1430.5,551.5,1,21052,1
691,1074029,1249.5,418.5,1,21052,2
691,1074030,1342.5,478.3333435058594,3,21053,0
691,1074031,1198.75,577.0,2,21053,1
691,1074032,1169.0,258.5,1,21053,2
691,1074033,1011.75,124.5,2,21053,3
691,1074034,423.3333435058594,39.0,3,21054,0
691,1074035,1198.75,577.0,2,21055,0
691,1074036,1389.0,508.25,2,21055,1
691,1074037,960.0,37.5,1,21056,0
691,1074038,1115.5,275.5,1,21056,1
691,1074039,1347.5,465.0,1,21056,2
691,1074040,633.5,22.5,1,21057,0
691,1074041,423.3333435058594,39.0,3,21058,0
691,1074042,1303.75,869.25,2,21059,0
691,1074043,423.3333435058594,39.0,3,21060,0
691,1074044,1303.75,869.25,2,21061,0
701,1073992,1191.5,468.0,3,21035,0
701,1073993,1392.0,404.5,1,21035,1
701,1073994,1430.5,551.5,1,21035,2
701,1073995,1116.75,300.125,4,21036,0
701,1073996,1011.75,124.5,2,21036,1
701,1073997,757.5,213.5,1,21037,0
701,1073998,1169.0,258.5,1,21038,0
701,1073999,1389.0,508.25,2,21038,1
701,1074000,509.75,270.5,2,21039,0
701,1074001,509.75,270.5,2,21040,0
701,1074002,1116.75,300.125,4,21041,0
701,1074003,991.5,150.5,1,21041,1
701,1074004,1124.199951171875,327.79998779296875,5,21042,0
701,1074005,994.5,95.5,3,21042,1
701,1074006,1115.5,312.1000061035156,5,21043,0
701,1074007,436.75,150.75,2,21044,0
701,1074008,1389.0,508.25,2,21045,0
701,1074009,1226.5,607.0,1,21045,1
701,1074010,996.0,68.0,2,21045,2
701,1074011,1169.0,258.5,1,21045,3
701,1074012,1111.75,338.75,2,21046,0
701,1074013,1011.75,124.5,2,21047,0
701,1074014,1392.0,404.5,1,21047,1
701,1074015,1430.5,551.5,1,21047,2
701,1074016,1118.0,294.3333435058594,3,21047,3
701,1074017,436.75,150.75,2,21048,0
701,1074018,1392.0,404.5,1,21049,0
701,1074019,1201.75,428.5,2,21049,1
701,1074020,1011.75,124.5,2,21049,2
701,1074021,1011.75,124.5,2,21050,0
701,1074022,1390.0,473.6666564941406,3,21050,1
701,1074023,1137.5,300.25,2,21050,2
701,1074024,1201.75,428.5,2,21051,0
701,1074025,1115.5,275.5,1,21051,1
701,1074026,1392.0,404.5,1,21051,2
701,1074027,1198.75,577.0,2,21052,0
701,1074028,1430.5,551.5,1,21052,1
701,1074029,1249.5,418.5,1,21052,2
701,1074030,1342.5,478.3333435058594,3,21053,0
701,1074031,1198.75,577.0,2,21053,1
701,1074032,1169.0,258.5,1,21053,2
701,1074033,1011.75,124.5,2,21053,3
701,1074034,423.3333435058594,39.0,3,21054,0
701,1074035,1198.75,577.0,2,21055,0
701,1074036,1389.0,508.25,2,21055,1
701,1074037,960.0,37.5,1,21056,0
701,1074038,1115.5,275.5,1,21056,1
701,1074039,1347.5,465.0,1,21056,2
701,1074040,633.5,22.5,1,21057,0
701,1074041,423.3333435058594,39.0,3,21058,0
701,1074042,1303.75,869.25,2,21059,0
701,1074043,423.3333435058594,39.0,3,21060,0
701,1074044,1303.75,869.25,2,21061,0
711,1073992,1191.5,468.0,3,21035,0
711,1073993,1392.0,404.5,1,21035,1
711,1073994,1430.5,551.5,1,21035,2
711,1073995,1116.75,300.125,4,21036,0
711,1073996,1011.75,124.5,2,21036,1
711,1073997,757.5,213.5,1,21037,0
711,1073998,1169.0,258.5,1,21038,0
711,1073999,1389.0,508.25,2,21038,1
711,1074000,509.75,270.5,2,21039,0
711,1074001,509.75,270.5,2,21040,0
711,1074002,1116.75,300.125,4,21041,0
711,1074003,991.5,150.5,1,21041,1
711,1074004,1124.199951171875,327.79998779296875,5,21042,0
711,1074005,994.5,95.5,3,21042,1
711,1074006,1115.5,312.1000061035156,5,21043,0
711,1074007,436.75,150.75,2,21044,0
711,1074008,1389.0,508.25,2,21045,0
711,1074009,1226.5,607.0,1,21045,1
711,1074010,996.0,68.0,2,21045,2
711,1074011,1169.0,258.5,1,21045,3
711,1074012,1111.75,338.75,2,21046,0
711,1074013,1011.75,124.5,2,21047,0
711,1074014,1392.0,404.5,1,21047,1
711,1074015,1430.5,551.5,1,21047,2
711,1074016,1118.0,294.3333435058594,3,21047,3
711,1074017,436.75,150.75,2,21048,0
711,1074018,1392.0,404.5,1,21049,0
711,1074019,1201.75,428.5,2,21049,1
711,1074020,1011.75,124.5,2,21049,2
711,1074021,1011.75,124.5,2,21050,0
711,1074022,1390.0,473.6666564941406,3,21050,1
711,1074023,1137.5,300.25,2,21050,2
711,1074024,1201.75,428.5,2,21051,0
711,1074025,1115.5,275.5,1,21051,1
711,1074026,1392.0,404.5,1,21051,2
711,1074027,1198.75,577.0,2,21052,0
711,1074028,1430.5,551.5,1,21052,1
711,1074029,1249.5,418.5,1,21052,2
711,1074030,1342.5,478.3333435058594,3,21053,0
711,1074031,1198.75,577.0,2,21053,1
711,1074032,1169.0,258.5,1,21053,2
711,1074033,1011.75,124.5,2,21053,3
711,1074034,423.3333435058594,39.0,3,21054,0
711,1074035,1198.75,577.0,2,21055,0
711,1074036,1389.0,508.25,2,21055,1
711,1074037,960.0,37.5,1,21056,0
711,1074038,1115.5,275.5,1,21056,1
711,1074039,1347.5,465.0,1,21056,2
711,1074040,633.5,22.5,1,21057,0
711,1074041,423.3333435058594,39.0,3,21058,0
711,1074042,1303.75,869.25,2,21059,0
711,1074043,423.3333435058594,39.0,3,21060,0
711,1074044,1303.75,869.25,2,21061,0
721,1073992,1191.5,468.0,3,21035,0
721,1073993,1392.0,404.5,1,21035,1
721,1073994,1430.5,551.5,1,21035,2
721,1073995,1116.75,300.125,4,21036,0
721,1073996,1011.75,124.5,2,21036,1
721,1073997,757.5,213.5,1,21037,0
721,1073998,1169.0,258.5,1,21038,0
721,1073999,1389.0,508.25,2,21038,1
721,1074000,509.75,270.5,2,21039,0
721,1074001,509.75,270.5,2,21040,0
721,1074002,1116.75,300.125,4,21041,0
721,1074003,991.5,150.5,1,21041,1
721,1074004,1124.199951171875,327.79998779296875,5,21042,0
721,1074005,994.5,95.5,3,21042,1
721,1074006,1115.5,312.1000061035156,5,21043,0
721,1074007,436.75,150.75,2,21044,0
721,1074008,1389.0,508.25,2,21045,0
721,1074009,1226.5,607.0,1,21045,1
721,1074010,996.0,68.0,2,21045,2
721,1074011,1169.0,258.5,1,21045,3
721,1074012,1111.75,338.75,2,21046,0
721,1074013,1011.75,124.5,2,21047,0
721,1074014,1392.0,404.5,1,21047,1
721,1074015,1430.5,551.5,1,21047,2
721,1074016,1118.0,294.3333435058594,3,21047,3
721,1074017,436.75,150.75,2,21048,0
721,1074018,1392.0,404.5,1,21049,0
721,1074019,1201.75,428.5,2,21049,1
721,1074020,1011.75,124.5,2,21049,2
721,1074021,1011.75,124.5,2,21050,0
721,1074022,1390.0,473.6666564941406,3,21050,1
721,1074023,1137.5,300.25,2,21050,2
721,1074024,1201.75,428.5,2,21051,0
721,1074025,1115.5,275.5,1,21051,1
721,1074026,1392.0,404.5,1,21051,2
721,1074027,1198.75,577.0,2,21052,0
721,1074028,1430.5,551.5,1,21052,1
721,1074029,1249.5,418.5,1,21052,2
721,1074030,1342.5,478.3333435058594,3,21053,0
721,1074031,1198.75,577.0,2,21053,1
721,1074032,1169.0,258.5,1,21053,2
721,1074033,1011.75,124.5,2,21053,3
721,1074034,423.3333435058594,39.0,3,21054,0
721,1074035,1198.75,577.0,2,21055,0
721,1074036,1389.0,508.25,2,21055,1
721,1074037,960.0,37.5,1,21056,0
721,1074038,1115.5,275.5,1,21056,1
721,1074039,1347.5,465.0,1,21056,2
721,1074040,633.5,22.5,1,21057,0
721,1074041,423.3333435058594,39.0,3,21058,0
721,1074042,1303.75,869.25,2,21059,0
721,1074043,423.3333435058594,39.0,3,21060,0
721,1074044,1303.75,869.25,2,21061,0
731,1073992,1180.25,449.5,2,21035,0
731,1073993,1360.0,387.0,1,21035,1
731,1073994,1410.0,530.0,1,21035,2
731,1073995,1103.0833740234375,285.2916564941406,3,21036,0
731,1073996,1018.75,144.25,2,21036,1
731,1073997,766.5,234.5,1,21037,0
731,1073998,1190.0,293.0,1,21038,0
731,1073999,1377.75,488.0,2,21038,1
731,1074000,519.25,302.0,2,21039,0
731,1074001,519.25,302.0,2,21040,0
731,1074002,1103.0833740234375,285.2916564941406,3,21041,0
731,1074003,989.5,175.0,1,21041,1
731,1074004,1117.89990234375,317.5,5,21042,0
731,1074005,1001.5,114.25,2,21042,1
731,1074006,1101.5,296.7250061035156,4,21043,0
731,1074007,444.25,168.0,2,21044,0
731,1074008,1377.75,488.0,2,21045,0
731,1074009,1221.5,586.5,1,21045,1
731,1074010,1012.0,82.0,2,21045,2
731,1074011,1190.0,293.0,1,21045,3
731,1074012,1096.0,322.5,2,21046,0
731,1074013,1018.75,144.25,2,21047,0
731,1074014,1360.0,387.0,1,21047,1
731,1074015,1410.0,530.0,1,21047,2
731,1074016,1105.75,279.8333435058594,2,21047,3
731,1074017,444.25,168.0,2,21048,0
731,1074018,1360.0,387.0,1,21049,0
731,1074019,1189.0,407.5,2,21049,1
731,1074020,1018.75,144.25,2,21049,2
731,1074021,1018.75,144.25,2,21050,0
731,1074022,1373.0,455.4166564941406,2,21050,1
731,1074023,1125.25,285.75,2,21050,2
731,1074024,1189.0,407.5,2,21051,0
731,1074025,1106.0,259.5,1,21051,1
731,1074026,1360.0,387.0,1,21051,2
731,1074027,1194.5,558.25,2,21052,0
731,1074028,1410.0,530.0,1,21052,1
731,1074029,1230.5,398.5,1,21052,2
731,1074030,1332.0,458.8333435058594,2,21053,0
731,1074031,1194.5,558.25,2,21053,1
731,1074032,1190.0,293.0,1,21053,2
731,1074033,1018.75,144.25,2,21053,3
731,1074034,428.3333435058594,52.0,2,21054,0
731,1074035,1194.5,558.25,2,21055,0
731,1074036,1377.75,488.0,2,21055,1
731,1074037,976.0,50.5,1,21056,0
731,1074038,1106.0,259.5,1,21056,1
731,1074039,1345.5,446.0,1,21056,2
731,1074040,636.0,38.5,1,21057,0
731,1074041,428.3333435058594,52.0,2,21058,0
731,1074042,1290.25,839.75,2,21059,0
731,1074043,428.3333435058594,52.0,2,21060,0
731,1074044,1290.25,839.75,2,21061,0
741,1073992,1180.25,449.5,2,21035,0
741,1073993,1360.0,387.0,1,21035,1
741,1073994,1410.0,530.0,1,21035,2
741,1073995,1103.0833740234375,285.2916564941406,3,21036,0
741,1073996,1018.75,144.25,3,21036,1
741,1073997,766.5,234.5,1,21037,0
741,1073998,1190.0,293.0,1,21038,0
741,1073999,1377.75,488.0,2,21038,1
741,1074000,519.25,302.0,2,21039,0
741,1074001,519.25,302.0,2,21040,0
741,1074002,1103.0833740234375,285.2916564941406,3,21041,0
741,1074003,989.5,175.0,2,21041,1
741,1074004,1117.89990234375,317.5,5,21042,0
741,1074005,1001.5,114.25,3,21042,1
741,1074006,1101.5,296.7250061035156,4,21043,0
741,1074007,444.25,168.0,2,21044,0
741,1074008,1377.75,488.0,2,21045,0
741,1074009,1221.5,586.5,1,21045,1
741,1074010,1012.0,82.0,2,21045,2
741,1074011,1190.0,293.0,1,21045,3
741,1074012,1096.0,322.5,2,21046,0
741,1074013,1018.75,144.25,3,21047,0
741,1074014,1360.0,387.0,1,21047,1
741,1074015,1410.0,530.0,1,21047,2
741,1074016,1105.75,279.8333435058594,2,21047,3
741,1074017,444.25,168.0,2,21048,0
741,1074018,1360.0,387.0,1,21049,0
741,1074019,1189.0,407.5,2,21049,1
741,1074020,1018.75,144.25,2,21049,2
741,1074021,1018.75,144.25,2,21050,0
741,1074022,1373.0,455.4166564941406,2,21050,1
741,1074023,1125.25,285.75,2,21050,2
741,1074024,1189.0,407.5,2,21051,0
741,1074025,1106.0,259.5,1,21051,1
741,1074026,1360.0,387.0,1,21051,2
741,1074027,1194.5,558.25,2,21052,0
741,1074028,1410.0,530.0,1,21052,1
741,1074029,1230.5,398.5,1,21052,2
741,1074030,1332.0,458.8333435058594,2,21053,0
741,1074031,1194.5,558.25,2,21053,1
741,1074032,1190.0,293.0,2,21053,2
741,1074033,1018.75,144.25,2,21053,3
741,1074034,428.3333435058594,52.0,2,21054,0
741,1074035,1194.5,558.25,2,21055,0
741,1074036,1377.75,488.0,2,21055,1
741,1074037,976.0,50.5,1,21056,0
741,1074038,1106.0,259.5,1,21056,1
741,1074039,1345.5,446.0,1,21056,2
741,1074040,636.0,38.5,1,21057,0
741,1074041,428.3333435058594,52.0,2,21058,0
741,1074042,1290.25,839.75,2,21059,0
741,1074043,428.3333435058594,52.0,2,21060,0
741,1074044,1290.25,839.75,2,21061,0
751,1073992,1180.25,449.5,2,21035,0
751,1073993,1360.0,387.0,1,21035,1
751,1073994,1410.0,530.0,1,21035,2
751,1073995,1103.0833740234375,285.2916564941406,3,21036,0
751,1073996,1018.75,144.25,3,21036,1
751,1073997,766.5,234.5,1,21037,0
751,1073998,1190.0,293.0,1,21038,0
751,1073999,1377.75,488.0,2,21038,1
751,1074000,519.25,302.0,2,21039,0
751,1074001,519.25,302.0,2,21040,0
751,1074002,1103.0833740234375,285.2916564941406,3,21041,0
751,1074003,989.5,175.0,2,21041,1
751,1074004,1117.89990234375,317.5,5,21042,0
751,1074005,1001.5,114.25,3,21042,1
751,1074006,1101.5,296.7250061035156,4,21043,0
751,1074007,444.25,168.0,2,21044,0
751,1074008,1377.75,488.0,2,21045,0
751,1074009,1221.5,586.5,1,21045,1
751,1074010,1012.0,82.0,2,21045,2
751,1074011,1190.0,293.0,1,21045,3
751,1074012,1096.0,322.5,2,21046,0
751,1074013,1018.75,144.25,3,21047,0
751,1074014,1360.0,387.0,1,21047,1
751,1074015,1410.0,530.0,1,21047,2
751,1074016,1105.75,279.8333435058594,2,21047,3
751,1074017,444.25,168.0,2,21048,0
751,1074018,1360.0,387.0,1,21049,0
751,1074019,1189.0,407.5,2,21049,1
751,1074020,1018.75,144.25,2,21049,2
751,1074021,1018.75,144.25,2,21050,0
751,1074022,1373.0,455.4166564941406,2,21050,1
751,1074023,1125.25,285.75,2,21050,2
751,1074024,1189.0,407.5,2,21051,0
751,1074025,1106.0,259.5,1,21051,1
751,1074026,1360.0,387.0,1,21051,2
751,1074027,1194.5,558.25,2,21052,0
751,1074028,1410.0,530.0,1,21052,1
751,1074029,1230.5,398.5,1,21052,2
751,1074030,1332.0,458.8333435058594,2,21053,0
751,1074031,1194.5,558.25,2,21053,1
751,1074032,1190.0,293.0,2,21053,2
751,1074033,1018.75,144.25,2,21053,3
751,1074034,428.3333435058594,52.0,2,21054,0
751,1074035,1194.5,558.25,2,21055,0
751,1074036,1377.75,488.0,2,21055,1
751,1074037,976.0,50.5,1,21056,0
751,1074038,1106.0,259.5,1,21056,1
751,1074039,1345.5,446.0,1,21056,2
751,1074040,636.0,38.5,1,21057,0
751,1074041,428.3333435058594,52.0,2,21058,0
751,1074042,1290.25,839.75,2,21059,0
751,1074043,428.3333435058594,52.0,2,21060,0
751,1074044,1290.25,839.75,2,21061,0
761,1073992,1180.25,449.5,2,21035,0
761,1073993,1360.0,387.0,1,21035,1
761,1073994,1410.0,530.0,1,21035,2
761,1073995,1103.0833740234375,285.2916564941406,3,21036,0
761,1073996,1018.75,144.25,3,21036,1
761,1073997,766.5,234.5,1,21037,0
761,1073998,1190.0,293.0,1,21038,0
761,1073999,1377.75,488.0,2,21038,1
761,1074000,519.25,302.0,2,21039,0
761,1074001,519.25,302.0,2,21040,0
761,1074002,1103.0833740234375,285.2916564941406,3,21041,0
761,1074003,989.5,175.0,2,21041,1
761,1074004,1117.89990234375,317.5,5,21042,0
761,1074005,1001.5,114.25,3,21042,1
761,1074006,1101.5,296.7250061035156,4,21043,0
761,1074007,444.25,168.0,2,21044,0
761,1074008,1377.75,488.0,2,21045,0
761,1074009,1221.5,586.5,1,21045,1
761,1074010,1012.0,82.0,2,21045,2
761,1074011,1190.0,293.0,1,21045,3
761,1074012,1096.0,322.5,2,21046,0
761,1074013,1018.75,144.25,3,21047,0
761,1074014,1360.0,387.0,1,21047,1
761,1074015,1410.0,530.0,1,21047,2
761,1074016,1105.75,279.8333435058594,2,21047,3
761,1074017,444.25,168.0,2,21048,0
761,1074018,1360.0,387.0,1,21049,0
761,1074019,1189.0,407.5,2,21049,1
761,1074020,1018.75,144.25,2,21049,2
761,1074021,1018.75,144.25,2,21050,0
761,1074022,1373.0,455.4166564941406,2,21050,1
761,1074023,1125.25,285.75,2,21050,2
761,1074024,1189.0,407.5,2,21051,0
761,1074025,1106.0,259.5,1,21051,1
761,1074026,1360.0,387.0,1,21051,2
761,1074027,1194.5,558.25,2,21052,0
761,1074028,1410.0,530.0,1,21052,1
761,1074029,1230.5,398.5,1,21052,2
761,1074030,1332.0,458.8333435058594,2,21053,0
761,1074031,1194.5,558.25,2,21053,1
761,1074032,1190.0,293.0,2,21053,2
761,1074033,1018.75,144.25,2,21053,3
761,1074034,428.3333435058594,52.0,2,21054,0
761,1074035,1194.5,558.25,2,21055,0
761,1074036,1377.75,488.0,2,21055,1
761,1074037,976.0,50.5,1,21056,0
761,1074038,1106.0,259.5,1,21056,1
761,1074039,1345.5,446.0,1,21056,2
761,1074040,636.0,38.5,1,21057,0
761,1074041,428.3333435058594,52.0,2,21058,0
761,1074042,1290.25,839.75,2,21059,0
761,1074043,428.3333435058594,52.0,2,21060,0
761,1074044,1290.25,839.75,2,21061,0
771,1073992,1180.25,449.5,2,21035,0
771,1073993,1360.0,387.0,1,21035,1
771,1073994,1410.0,530.0,1,21035,2
771,1073995,1103.0833740234375,285.2916564941406,3,21036,0
771,1073996,1018.75,144.25,3,21036,1
771,1073997,766.5,234.5,1,21037,0
771,1073998,1190.0,293.0,1,21038,0
771,1073999,1377.75,488.0,2,21038,1
771,1074000,519.25,302.0,2,21039,0
771,1074001,519.25,302.0,2,21040,0
771,1074002,1103.0833740234375,285.2916564941406,3,21041,0
771,1074003,989.5,175.0,2,21041,1
771,1074004,1117.89990234375,317.5,5,21042,0
771,1074005,1001.5,114.25,3,21042,1
771,1074006,1101.5,296.7250061035156,4,21043,0
771,1074007,444.25,168.0,2,21044,0
771,1074008,1377.75,488.0,2,21045,0
771,1074009,1221.5,586.5,1,21045,1
771,1074010,1012.0,82.0,2,21045,2
771,1074011,1190.0,293.0,1,21045,3
771,1074012,1096.0,322.5,2,21046,0
771,1074013,1018.75,144.25,3,21047,0
771,1074014,1360.0,387.0,1,21047,1
771,1074015,1410.0,530.0,1,21047,2
771,1074016,1105.75,279.8333435058594,2,21047,3
771,1074017,444.25,168.0,2,21048,0
771,1074018,1360.0,387.0,1,21049,0
771,1074019,1189.0,407.5,2,21049,1
771,1074020,1018.75,144.25,2,21049,2
771,1074021,1018.75,144.25,3,21050,0
771,1074022,1373.0,455.4166564941406,2,21050,1
771,1074023,1125.25,285.75,2,21050,2
771,1074024,1189.0,407.5,2,21051,0
771,1074025,1106.0,259.5,1,21051,1
771,1074026,1360.0,387.0,1,21051,2
771,1074027,1194.5,558.25,2,21052,0
771,1074028,1410.0,530.0,1,21052,1
771,1074029,1230.5,398.5,1,21052,2
771,1074030,1332.0,458.8333435058594,2,21053,0
771,1074031,1194.5,558.25,2,21053,1
771,1074032,1190.0,293.0,2,21053,2
771,1074033,1018.75,144.25,2,21053,3
771,1074034,428.3333435058594,52.0,2,21054,0
771,1074035,1194.5,558.25,2,21055,0
771,1074036,1377.75,488.0,2,21055,1
771,1074037,976.0,50.5,1,21056,0
771,1074038,1106.0,259.5,1,21056,1
771,1074039,1345.5,446.0,1,21056,2
771,1074040,636.0,38.5,1,21057,0
771,1074041,428.3333435058594,52.0,2,21058,0
771,1074042,1290.25,839.75,2,21059,0
771,1074043,428.3333435058594,52.0,2,21060,0
771,1074044,1290.25,839.75,2,21061,0
781,1073992,1180.25,449.5,2,21035,0
781,1073993,1360.0,387.0,1,21035,1
781,1073994,1410.0,530.0,1,21035,2
781,1073995,1103.0833740234375,285.2916564941406,3,21036,0
781,1073996,1018.75,144.25,3,21036,1
781,1073997,766.5,234.5,1,21037,0
781,1073998,1190.0,293.0,1,21038,0
781,1073999,1377.75,488.0,2,21038,1
781,1074000,519.25,302.0,2,21039,0
781,1074001,519.25,302.0,2,21040,0
781,1074002,1103.0833740234375,285.2916564941406,3,21041,0
781,1074003,989.5,175.0,2,21041,1
781,1074004,1117.89990234375,317.5,5,21042,0
781,1074005,1001.5,114.25,3,21042,1
781,1074006,1101.5,296.7250061035156,4,21043,0
781,1074007,444.25,168.0,2,21044,0
781,1074008,1377.75,488.0,2,21045,0
781,1074009,1221.5,586.5,1,21045,1
781,1074010,1012.0,82.0,2,21045,2
781,1074011,1190.0,293.0,1,21045,3
781,1074012,1096.0,322.5,2,21046,0
781,1074013,1018.75,144.25,3,21047,0
781,1074014,1360.0,387.0,1,21047,1
781,1074015,1410.0,530.0,1,21047,2
781,1074016,1105.75,279.8333435058594,2,21047,3
781,1074017,444.25,168.0,2,21048,0
781,1074018,1360.0,387.0,1,21049,0
781,1074019,1189.0,407.5,2,21049,1
781,1074020,1018.75,144.25,2,21049,2
781,1074021,1018.75,144.25,3,21050,0
781,1074022,1373.0,455.4166564941406,2,21050,1
781,1074023,1125.25,285.75,2,21050,2
781,1074024,1189.0,407.5,2,21051,0
781,1074025,1106.0,259.5,1,21051,1
781,1074026,1360.0,387.0,1,21051,2
781,1074027,1194.5,558.25,2,21052,0
781,1074028,1410.0,530.0,1,21052,1
781,1074029,1230.5,398.5,1,21052,2
781,1074030,1332.0,458.8333435058594,2,21053,0
781,1074031,1194.5,558.25,2,21053,1
781,1074032,1190.0,293.0,2,21053,2
781,1074033,1018.75,144.25,2,21053,3
781,1074034,428.3333435058594,52.0,2,21054,0
781,1074035,1194.5,558.25,2,21055,0
781,1074036,1377.75,488.0,2,21055,1
781,1074037,976.0,50.5,1,21056,0
781,1074038,1106.0,259.5,1,21056,1
781,1074039,1345.5,446.0,1,21056,2
781,1074040,636.0,38.5,1,21057,0
781,1074041,428.3333435058594,52.0,2,21058,0
781,1074042,1290.25,839.75,2,21059,0
781,1074043,428.3333435058594,52.0,2,21060,0
781,1074044,1290.25,839.75,2,21061,0
791,1073992,1180.25,449.5,2,21035,0
791,1073993,1360.0,387.0,1,21035,1
791,1073994,1410.0,530.0,1,21035,2
791,1073995,1103.0833740234375,285.2916564941406,3,21036,0
791,1073996,1018.75,144.25,3,21036,1
791,1073997,766.5,234.5,1,21037,0
791,1073998,1190.0,293.0,1,21038,0
791,1073999,1377.75,488.0,2,21038,1
791,1074000,519.25,302.0,2,21039,0
791,1074001,519.25,302.0,2,21040,0
791,1074002,1103.0833740234375,285.2916564941406,3,21041,0
791,1074003,989.5,175.0,2,21041,1
791,1074004,1117.89990234375,317.5,5,21042,0
791,1074005,1001.5,114.25,3,21042,1
791,1074006,1101.5,296.7250061035156,4,21043,0
791,1074007,444.25,168.0,2,21044,0
791,1074008,1377.75,488.0,2,21045,0
791,1074009,1221.5,586.5,1,21045,1
791,1074010,1012.0,82.0,2,21045,2
791,1074011,1190.0,293.0,1,21045,3
791,1074012,1096.0,322.5,2,21046,0
791,1074013,1018.75,144.25,3,21047,0
791,1074014,1360.0,387.0,1,21047,1
791,1074015,1410.0,530.0,1,21047,2
791,1074016,1105.75,279.8333435058594,2,21047,3
791,1074017,444.25,168.0,2,21048,0
791,1074018,1360.0,387.0,1,21049,0
791,1074019,1189.0,407.5,2,21049,1
791,1074020,1018.75,144.25,2,21049,2
791,1074021,1018.75,144.25,3,21050,0
791,1074022,1373.0,455.4166564941406,2,21050,1
791,1074023,1125.25,285.75,2,21050,2
791,1074024,1189.0,407.5,2,21051,0
791,1074025,1106.0,259.5,1,21051,1
791,1074026,1360.0,387.0,1,21051,2
791,1074027,1194.5,558.25,2,21052,0
791,1074028,1410.0,530.0,1,21052,1
791,1074029,1230.5,398.5,1,21052,2
791,1074030,1332.0,458.8333435058594,2,21053,0
791,1074031,1194.5,558.25,2,21053,1
791,1074032,1190.0,293.0,2,21053,2
791,1074033,1018.75,144.25,2,21053,3
791,1074034,428.3333435058594,52.0,2,21054,0
791,1074035,1194.5,558.25,2,21055,0
791,1074036,1377.75,488.0,2,21055,1
791,1074037,976.0,50.5,1,21056,0
791,1074038,1106.0,259.5,1,21056,1
791,1074039,1345.5,446.0,1,21056,2
791,1074040,636.0,38.5,1,21057,0
791,1074041,428.3333435058594,52.0,2,21058,0
791,1074042,1290.25,839.75,2,21059,0
791,1074043,428.3333435058594,52.0,2,21060,0
791,1074044,1290.25,839.75,2,21061,0
801,1073992,1180.25,449.5,2,21035,0
801,1073993,1360.0,387.0,1,21035,1
801,1073994,1410.0,530.0,1,21035,2
801,1073995,1103.0833740234375,285.2916564941406,3,21036,0
801,1073996,1018.75,144.25,3,21036,1
801,1073997,766.5,234.5,1,21037,0
801,1073998,1190.0,293.0,1,21038,0
801,1073999,1377.75,488.0,2,21038,1
801,1074000,519.25,302.0,2,21039,0
801,1074001,519.25,302.0,2,21040,0
801,1074002,1103.0833740234375,285.2916564941406,3,21041,0
801,1074003,989.5,175.0,2,21041,1
801,1074004,1117.89990234375,317.5,5,21042,0
801,1074005,1001.5,114.25,3,21042,1
801,1074006,1101.5,296.7250061035156,4,21043,0
801,1074007,444.25,168.0,2,21044,0
801,1074008,1377.75,488.0,2,21045,0
801,1074009,1221.5,586.5,1,21045,1
801,1074010,1012.0,82.0,2,21045,2
801,1074011,1190.0,293.0,1,21045,3
801,1074012,1096.0,322.5,2,21046,0
801,1074013,1018.75,144.25,3,21047,0
801,1074014,1360.0,387.0,1,21047,1
801,1074015,1410.0,530.0,1,21047,2
801,1074016,1105.75,279.8333435058594,2,21047,3
801,1074017,444.25,168.0,2,21048,0
801,1074018,1360.0,387.0,1,21049,0
801,1074019,1189.0,407.5,2,21049,1
801,1074020,1018.75,144.25,2,21049,2
801,1074021,1018.75,144.25,3,21050,0
801,1074022,1373.0,455.4166564941406,2,21050,1
801,1074023,1125.25,285.75,2,21050,2
801,1074024,1189.0,407.5,2,21051,0
801,1074025,1106.0,259.5,1,21051,1
801,1074026,1360.0,387.0,1,21051,2
801,1074027,1194.5,558.25,2,21052,0
801,1074028,1410.0,530.0,1,21052,1
801,1074029,1230.5,398.5,1,21052,2
801,1074030,1332.0,458.8333435058594,2,21053,0
801,1074031,1194.5,558.25,2,21053,1
801,1074032,1190.0,293.0,2,21053,2
801,1074033,1018.75,144.25,2,21053,3
801,1074034,428.3333435058594,52.0,2,21054,0
801,1074035,1194.5,558.25,2,21055,0
801,1074036,1377.75,488.0,2,21055,1
801,1074037,976.0,50.5,1,21056,0
801,1074038,1106.0,259.5,1,21056,1
801,1074039,1345.5,446.0,1,21056,2
801,1074040,636.0,38.5,1,21057,0
801,1074041,428.3333435058594,52.0,2,21058,0
801,1074042,1290.25,839.75,2,21059,0
801,1074043,428.3333435058594,52.0,2,21060,0
801,1074044,1290.25,839.75,2,21061,0
811,1073992,1180.25,449.5,2,21035,0
811,1073993,1360.0,387.0,1,21035,1
811,1073994,1410.0,530.0,1,21035,2
811,1073995,1103.0833740234375,285.2916564941406,3,21036,0
811,1073996,1018.75,144.25,3,21036,1
811,1073997,766.5,234.5,1,21037,0
811,1073998,1190.0,293.0,1,21038,0
811,1073999,1377.75,488.0,2,21038,1
811,1074000,519.25,302.0,2,21039,0
811,1074001,519.25,302.0,2,21040,0
811,1074002,1103.0833740234375,285.2916564941406,3,21041,0
811,1074003,989.5,175.0,2,21041,1
811,1074004,1117.89990234375,317.5,5,21042,0
811,1074005,1001.5,114.25,3,21042,1
811,1074006,1101.5,296.7250061035156,4,21043,0
811,1074007,444.25,168.0,2,21044,0
811,1074008,1377.75,488.0,2,21045,0
811,1074009,1221.5,586.5,1,21045,1
811,1074010,1012.0,82.0,2,21045,2
811,1074011,1190.0,293.0,1,21045,3
811,1074012,1096.0,322.5,2,21046,0
811,1074013,1018.75,144.25,3,21047,0
811,1074014,1360.0,387.0,1,21047,1
811,1074015,1410.0,530.0,1,21047,2
811,1074016,1105.75,279.8333435058594,2,21047,3
811,1074017,444.25,168.0,2,21048,0
811,1074018,1360.0,387.0,1,21049,0
811,1074019,1189.0,407.5,2,21049,1
811,1074020,1018.75,144.25,2,21049,2
811,1074021,1018.75,144.25,3,21050,0
811,1074022,1373.0,455.4166564941406,2,21050,1
811,1074023,1125.25,285.75,2,21050,2
811,1074024,1189.0,407.5,2,21051,0
811,1074025,1106.0,259.5,1,21051,1
811,1074026,1360.0,387.0,1,21051,2
811,1074027,1194.5,558.25,2,21052,0
811,1074028,1410.0,530.0,1,21052,1
811,1074029,1230.5,398.5,1,21052,2
811,1074030,1332.0,458.8333435058594,2,21053,0
811,1074031,1194.5,558.25,2,21053,1
811,1074032,1190.0,293.0,2,21053,2
811,1074033,1018.75,144.25,2,21053,3
811,1074034,428.3333435058594,52.0,2,21054,0
811,1074035,1194.5,558.25,2,21055,0
811,1074036,1377.75,488.0,2,21055,1
811,1074037,976.0,50.5,1,21056,0
811,1074038,1106.0,259.5,1,21056,1
811,1074039,1345.5,446.0,1,21056,2
811,1074040,636.0,38.5,1,21057,0
811,1074041,428.3333435058594,52.0,2,21058,0
811,1074042,1290.25,839.75,2,21059,0
811,1074043,428.3333435058594,52.0,2,21060,0
811,1074044,1290.25,839.75,2,21061,0
821,1073992,1180.25,449.5,2,21035,0
821,1073993,1360.0,387.0,1,21035,1
821,1073994,1410.0,530.0,1,21035,2
821,1073995,1103.0833740234375,285.2916564941406,3,21036,0
821,1073996,1018.75,144.25,3,21036,1
821,1073997,766.5,234.5,1,21037,0
821,1073998,1190.0,293.0,1,21038,0
821,1073999,1377.75,488.0,2,21038,1
821,1074000,519.25,302.0,2,21039,0
821,1074001,519.25,302.0,2,21040,0
821,1074002,1103.0833740234375,285.2916564941406,3,21041,0
821,1074003,989.5,175.0,2,21041,1
821,1074004,1117.89990234375,317.5,5,21042,0
821,1074005,1001.5,114.25,3,21042,1
821,1074006,1101.5,296.7250061035156,4,21043,0
821,1074007,444.25,168.0,2,21044,0
821,1074008,1377.75,488.0,2,21045,0
821,1074009,1221.5,586.5,1,21045,1
821,1074010,1012.0,82.0,2,21045,2
821,1074011,1190.0,293.0,1,21045,3
821,1074012,1096.0,322.5,2,21046,0
821,1074013,1018.75,144.25,3,21047,0
821,1074014,1360.0,387.0,1,21047,1
821,1074015,1410.0,530.0,1,21047,2
821,1074016,1105.75,279.8333435058594,2,21047,3
821,1074017,444.25,168.0,2,21048,0
821,1074018,1360.0,387.0,1,21049,0
821,1074019,1189.0,407.5,2,21049,1
821,1074020,1018.75,144.25,2,21049,2
821,1074021,1018.75,144.25,3,21050,0
821,1074022,1373.0,455.4166564941406,2,21050,1
821,1074023,1125.25,285.75,2,21050,2
821,1074024,1189.0,407.5,2,21051,0
821,1074025,1106.0,259.5,1,21051,1
821,1074026,1360.0,387.0,1,21051,2
821,1074027,1194.5,558.25,2,21052,0
821,1074028,1410.0,530.0,1,21052,1
821,1074029,1230.5,398.5,1,21052,2
821,1074030,1332.0,458.8333435058594,2,21053,0
821,1074031,1194.5,558.25,2,21053,1
821,1074032,1190.0,293.0,2,21053,2
821,1074033,1018.75,144.25,2,21053,3
821,1074034,428.3333435058594,52.0,2,21054,0
821,1074035,1194.5,558.25,2,21055,0
821,1074036,1377.75,488.0,2,21055,1
821,1074037,976.0,50.5,1,21056,0
821,1074038,1106.0,259.5,1,21056,1
821,1074039,1345.5,446.0,1,21056,2
821,1074040,636.0,38.5,1,21057,0
821,1074041,428.3333435058594,52.0,2,21058,0
821,1074042,1290.25,839.75,2,21059,0
821,1074043,428.3333435058594,52.0,2,21060,0
821,1074044,1290.25,839.75,2,21061,0
831,1073992,1167.5,436.25,2,21035,0
831,1073993,1345.0,375.0,1,21035,1
831,1073994,1398.5,516.5,1,21035,2
831,1073995,1091.5833740234375,280.0416564941406,2,21036,0
831,1073996,1030.0,162.0,2,21036,1
831,1073997,781.5,266.0,1,21037,0
831,1073998,1249.0,352.0,1,21038,0
831,1073999,1361.25,475.5,2,21038,1
831,1074000,540.0,360.5,2,21039,0
831,1074001,540.0,360.5,2,21040,0
831,1074002,1091.5833740234375,280.0416564941406,2,21041,0
831,1074003,1000.75,192.75,2,21041,1
831,1074004,1115.89990234375,318.875,4,21042,0
831,1074005,1005.1666870117188,124.58333587646484,3,21042,1
831,1074006,1089.1666259765625,290.2250061035156,3,21043,0
831,1074007,452.0,200.0,2,21044,0
831,1074008,1361.25,475.5,2,21045,0
831,1074009,1213.0,571.0,1,21045,1
831,1074010,1037.75,107.5,2,21045,2
831,1074011,1249.0,352.0,1,21045,3
831,1074012,1083.25,315.0,2,21046,0
831,1074013,1030.0,162.0,2,21047,0
831,1074014,1367.0,396.5,2,21047,1
831,1074015,1398.5,516.5,1,21047,2
831,1074016,1093.0,274.0833435058594,2,21047,3
831,1074017,452.0,200.0,2,21048,0
831,1074018,1345.0,375.0,1,21049,0
831,1074019,1176.5,396.0,2,21049,1
831,1074020,1049.0,179.75,2,21049,2
831,1074021,1028.75,157.5,2,21050,0
831,1074022,1370.5,457.9166564941406,3,21050,1
831,1074023,1112.5,280.0,2,21050,2
831,1074024,1176.5,396.0,2,21051,0
831,1074025,1094.5,255.0,1,21051,1
831,1074026,1345.0,375.0,1,21051,2
831,1074027,1184.25,542.5,2,21052,0
831,1074028,1398.5,516.5,1,21052,1
831,1074029,1217.0,388.0,1,21052,2
831,1074030,1314.5,447.8333435058594,2,21053,0
831,1074031,1184.25,542.5,2,21053,1
831,1074032,1213.75,315.75,2,21053,2
831,1074033,1049.0,179.75,2,21053,3
831,1074034,435.0833435058594,75.25,2,21054,0
831,1074035,1184.25,542.5,2,21055,0
831,1074036,1361.25,475.5,2,21055,1
831,1074037,998.5,70.5,1,21056,0
831,1074038,1094.5,255.0,1,21056,1
831,1074039,1324.0,434.5,1,21056,2
831,1074040,643.5,61.5,1,21057,0
831,1074041,435.0833435058594,75.25,2,21058,0
831,1074042,1277.75,820.0,2,21059,0
831,1074043,435.0833435058594,75.25,2,21060,0
831,1074044,1277.75,820.0,2,21061,0
851,1074045,1375.5,539.0,1,21062,0
851,1074046,1319.0,849.5,1,21062,1
851,1074047,1244.0,414.0,1,21063,0
851,1074048,1020.5,148.0,1,21064,0
851,1074049,1066.5,270.5,1,21064,1
851,1074050,1086.375,269.625,4,21065,0
851,1074051,1065.25,225.625,4,21066,0
851,1074052,469.25,218.0,2,21067,0
851,1074053,1080.1666259765625,251.5,3,21068,0
851,1074054,748.5,182.5,1,21069,0
851,1074055,1087.25,282.0,2,21070,0
851,1074056,469.25,218.0,2,21071,0
851,1074057,1172.0,488.5,1,21072,0
851,1074058,436.0,89.0,1,21073,0
851,1074059,1230.5,649.5,3,21074,0
851,1074060,1230.5,649.5,3,21075,0
851,1074061,1230.5,649.5,3,21076,0
851,1074062,417.5,26.0,1,21077,0
851,1074063,1319.0,849.5,1,21078,0
851,1074064,1375.5,539.0,1,21078,1
851,1074065,638.0,21.0,1,21079,0
861,1074045,1375.5,539.0,1,21062,0
861,1074046,1319.0,849.5,1,21062,1
861,1074047,1244.0,414.0,1,21063,0
861,1074048,1020.5,148.0,1,21064,0
861,1074049,1066.5,270.5,1,21064,1
861,1074050,1086.375,269.625,4,21065,0
861,1074051,1065.25,225.625,4,21066,0
861,1074052,469.25,218.0,2,21067,0
861,1074053,1080.1666259765625,251.5,3,21068,0
861,1074054,748.5,182.5,1,21069,0
861,1074055,1087.25,282.0,2,21070,0
861,1074056,469.25,218.0,2,21071,0
861,1074057,1172.0,488.5,1,21072,0
861,1074058,436.0,89.0,1,21073,0
861,1074059,1230.5,649.5,3,21074,0
861,1074060,1230.5,649.5,3,21075,0
861,1074061,1230.5,649.5,3,21076,0
861,1074062,417.5,26.0,1,21077,0
861,1074063,1319.0,849.5,1,21078,0
861,1074064,1375.5,539.0,1,21078,1
861,1074065,638.0,21.0,1,21079,0
871,1074045,1375.5,539.0,1,21062,0
871,1074046,1319.0,849.5,1,21062,1
871,1074047,1244.0,414.0,1,21063,0
871,1074048,1020.5,148.0,1,21064,0
871,1074049,1066.5,270.5,1,21064,1
871,1074050,1086.375,269.625,4,21065,0
871,1074051,1065.25,225.625,4,21066,0
871,1074052,469.25,218.0,2,21067,0
871,1074053,1080.1666259765625,251.5,3,21068,0
871,1074054,748.5,182.5,1,21069,0
871,1074055,1087.25,282.0,2,21070,0
871,1074056,469.25,218.0,2,21071,0
871,1074057,1172.0,488.5,1,21072,0
871,1074058,436.0,89.0,1,21073,0
871,1074059,1230.5,649.5,3,21074,0
871,1074060,1230.5,649.5,3,21075,0
871,1074061,1230.5,649.5,3,21076,0
871,1074062,417.5,26.0,1,21077,0
871,1074063,1319.0,849.5,1,21078,0
871,1074064,1375.5,539.0,1,21078,1
871,1074065,638.0,21.0,1,21079,0
881,1074045,1375.5,539.0,1,21062,0
881,1074046,1319.0,849.5,1,21062,1
881,1074047,1244.0,414.0,1,21063,0
881,1074048,1020.5,148.0,1,21064,0
881,1074049,1066.5,270.5,1,21064,1
881,1074050,1086.375,269.625,4,21065,0
881,1074051,1065.25,225.625,4,21066,0
881,1074052,469.25,218.0,2,21067,0
881,1074053,1080.1666259765625,251.5,3,21068,0
881,1074054,748.5,182.5,1,21069,0
881,1074055,1087.25,282.0,2,21070,0
881,1074056,469.25,218.0,2,21071,0
881,1074057,1172.0,488.5,1,21072,0
881,1074058,436.0,89.0,1,21073,0
881,1074059,1230.5,649.5,3,21074,0
881,1074060,1230.5,649.5,3,21075,0
881,1074061,1230.5,649.5,3,21076,0
881,1074062,417.5,26.0,1,21077,0
881,1074063,1319.0,849.5,1,21078,0
881,1074064,1375.5,539.0,1,21078,1
881,1074065,638.0,21.0,1,21079,0
891,1074045,1375.5,539.0,1,21062,0
891,1074046,1319.0,849.5,1,21062,1
891,1074047,1244.0,414.0,1,21063,0
891,1074048,1020.5,148.0,1,21064,0
891,1074049,1066.5,270.5,1,21064,1
891,1074050,1086.375,269.625,4,21065,0
891,1074051,1065.25,225.625,4,21066,0
891,1074052,469.25,218.0,2,21067,0
891,1074053,1080.1666259765625,251.5,3,21068,0
891,1074054,748.5,182.5,1,21069,0
891,1074055,1087.25,282.0,2,21070,0
891,1074056,469.25,218.0,2,21071,0
891,1074057,1172.0,488.5,1,21072,0
891,1074058,436.0,89.0,1,21073,0
891,1074059,1230.5,649.5,3,21074,0
891,1074060,1230.5,649.5,3,21075,0
891,1074061,1230.5,649.5,3,21076,0
891,1074062,417.5,26.0,1,21077,0
891,1074063,1319.0,849.5,1,21078,0
891,1074064,1375.5,539.0,1,21078,1
891,1074065,638.0,21.0,1,21079,0
901,1074045,1375.5,539.0,1,21062,0
901,1074046,1319.0,849.5,1,21062,1
901,1074047,1244.0,414.0,1,21063,0
901,1074048,1020.5,148.0,1,21064,0
901,1074049,1066.5,270.5,1,21064,1
901,1074050,1086.375,269.625,4,21065,0
901,1074051,1065.25,225.625,4,21066,0
901,1074052,469.25,218.0,2,21067,0
901,1074053,1080.1666259765625,251.5,3,21068,0
901,1074054,748.5,182.5,1,21069,0
901,1074055,1087.25,282.0,2,21070,0
901,1074056,469.25,218.0,2,21071,0
901,1074057,1172.0,488.5,1,21072,0
901,1074058,436.0,89.0,1,21073,0
901,1074059,1230.5,649.5,3,21074,0
901,1074060,1230.5,649.5,3,21075,0
901,1074061,1230.5,649.5,3,21076,0
901,1074062,417.5,26.0,1,21077,0
901,1074063,1319.0,849.5,1,21078,0
901,1074064,1375.5,539.0,1,21078,1
901,1074065,638.0,21.0,1,21079,0
911,1074045,1375.5,539.0,1,21062,0
911,1074046,1319.0,849.5,1,21062,1
911,1074047,1244.0,414.0,1,21063,0
911,1074048,1020.5,148.0,1,21064,0
911,1074049,1066.5,270.5,1,21064,1
911,1074050,1086.375,269.625,4,21065,0
911,1074051,1065.25,225.625,4,21066,0
911,1074052,469.25,218.0,2,21067,0
911,1074053,1080.1666259765625,251.5,3,21068,0
911,1074054,748.5,182.5,1,21069,0
911,1074055,1087.25,282.0,2,21070,0
911,1074056,469.25,218.0,2,21071,0
911,1074057,1172.0,488.5,1,21072,0
911,1074058,436.0,89.0,1,21073,0
911,1074059,1230.5,649.5,3,21074,0
911,1074060,1230.5,649.5,3,21075,0
911,1074061,1230.5,649.5,3,21076,0
911,1074062,417.5,26.0,1,21077,0
911,1074063,1319.0,849.5,1,21078,0
911,1074064,1375.5,539.0,1,21078,1
911,1074065,638.0,21.0,1,21079,0
921,1074045,1375.5,539.0,1,21062,0
921,1074046,1319.0,849.5,1,21062,1
921,1074047,1244.0,414.0,1,21063,0
921,1074048,1020.5,148.0,1,21064,0
921,1074049,1066.5,270.5,1,21064,1
921,1074050,1086.375,269.625,4,21065,0
921,1074051,1065.25,225.625,4,21066,0
921,1074052,469.25,218.0,2,21067,0
921,1074053,1080.1666259765625,251.5,3,21068,0
921,1074054,748.5,182.5,1,21069,0
921,1074055,1087.25,282.0,2,21070,0
921,1074056,469.25,218.0,2,21071,0
921,1074057,1172.0,488.5,1,21072,0
921,1074058,436.0,89.0,1,21073,0
921,1074059,1230.5,649.5,3,21074,0
921,1074060,1230.5,649.5,3,21075,0
921,1074061,1230.5,649.5,3,21076,0
921,1074062,417.5,26.0,1,21077,0
921,1074063,1319.0,849.5,1,21078,0
921,1074064,1375.5,539.0,1,21078,1
921,1074065,638.0,21.0,1,21079,0
931,1074045,1375.5,539.0,1,21062,0
931,1074046,1319.0,849.5,1,21062,1
931,1074047,1244.0,414.0,1,21063,0
931,1074048,1020.5,148.0,1,21064,0
931,1074049,1066.5,270.5,1,21064,1
931,1074050,1086.375,269.625,4,21065,0
931,1074051,1065.25,225.625,4,21066,0
931,1074052,469.25,218.0,2,21067,0
931,1074053,1080.1666259765625,251.5,3,21068,0
931,1074054,748.5,182.5,1,21069,0
931,1074055,1087.25,282.0,2,21070,0
931,1074056,469.25,218.0,2,21071,0
931,1074057,1172.0,488.5,1,21072,0
931,1074058,436.0,89.0,1,21073,0
931,1074059,1230.5,649.5,3,21074,0
931,1074060,1230.5,649.5,3,21075,0
931,1074061,1230.5,649.5,3,21076,0
931,1074062,417.5,26.0,1,21077,0
931,1074063,1319.0,849.5,1,21078,0
931,1074064,1375.5,539.0,1,21078,1
931,1074065,638.0,21.0,1,21079,0
941,1074045,1356.5,519.5,1,21062,0
941,1074046,1307.5,813.5,1,21062,1
941,1074047,1229.5,397.5,1,21063,0
941,1074048,1007.5,139.5,1,21064,0
941,1074049,1053.0,257.0,1,21064,1
941,1074050,1075.7083740234375,256.625,3,21065,0
941,1074051,1053.9166259765625,213.9583282470703,3,21066,0
941,1074052,478.0,244.75,2,21067,0
941,1074053,1069.6666259765625,238.25,2,21068,0
941,1074054,752.0,209.5,1,21069,0
941,1074055,1081.75,269.75,2,21070,0
941,1074056,478.0,244.75,2,21071,0
941,1074057,1164.5,466.0,1,21072,0
941,1074058,442.0,103.5,1,21073,0
941,1074059,1220.25,622.0,2,21074,0
941,1074060,1220.25,622.0,2,21075,0
941,1074061,1220.25,622.0,2,21076,0
941,1074062,422.5,38.5,1,21077,0
941,1074063,1307.5,813.5,1,21078,0
941,1074064,1356.5,519.5,1,21078,1
941,1074065,641.5,36.5,1,21079,0
951,1074045,1356.5,519.5,1,21062,0
951,1074046,1307.5,813.5,1,21062,1
951,1074047,1229.5,397.5,1,21063,0
951,1074048,1007.5,139.5,1,21064,0
951,1074049,1053.0,257.0,1,21064,1
951,1074050,1075.7083740234375,256.625,3,21065,0
951,1074051,1053.9166259765625,213.9583282470703,3,21066,0
951,1074052,478.0,244.75,2,21067,0
951,1074053,1069.6666259765625,238.25,2,21068,0
951,1074054,752.0,209.5,1,21069,0
951,1074055,1081.75,269.75,2,21070,0
951,1074056,478.0,244.75,2,21071,0
951,1074057,1164.5,466.0,1,21072,0
951,1074058,442.0,103.5,1,21073,0
951,1074059,1220.25,622.0,2,21074,0
951,1074060,1220.25,622.0,2,21075,0
951,1074061,1220.25,622.0,2,21076,0
951,1074062,422.5,38.5,1,21077,0
951,1074063,1307.5,813.5,1,21078,0
951,1074064,1356.5,519.5,1,21078,1
951,1074065,641.5,36.5,1,21079,0
961,1074045,1356.5,519.5,1,21062,0
961,1074046,1307.5,813.5,1,21062,1
961,1074047,1229.5,397.5,1,21063,0
961,1074048,1007.5,139.5,1,21064,0
961,1074049,1053.0,257.0,1,21064,1
961,1074050,1075.7083740234375,256.625,3,21065,0
961,1074051,1053.9166259765625,213.9583282470703,3,21066,0
961,1074052,478.0,244.75,2,21067,0
961,1074053,1069.6666259765625,238.25,2,21068,0
961,1074054,752.0,209.5,1,21069,0
961,1074055,1081.75,269.75,2,21070,0
961,1074056,478.0,244.75,2,21071,0
961,1074057,1164.5,466.0,1,21072,0
961,1074058,442.0,103.5,1,21073,0
961,1074059,1220.25,622.0,2,21074,0
961,1074060,1220.25,622.0,2,21075,0
961,1074061,1220.25,622.0,2,21076,0
961,1074062,422.5,38.5,1,21077,0
961,1074063,1307.5,813.5,1,21078,0
961,1074064,1356.5,519.5,1,21078,1
961,1074065,641.5,36.5,1,21079,0
971,1074045,1356.5,519.5,1,21062,0
971,1074046,1307.5,813.5,1,21062,1
971,1074047,1229.5,397.5,1,21063,0
971,1074048,1007.5,139.5,1,21064,0
971,1074049,1053.0,257.0,1,21064,1
971,1074050,1075.7083740234375,256.625,3,21065,0
971,1074051,1053.9166259765625,213.9583282470703,3,21066,0
971,1074052,478.0,244.75,2,21067,0
971,1074053,1069.6666259765625,238.25,2,21068,0
971,1074054,752.0,209.5,1,21069,0
971,1074055,1081.75,269.75,2,21070,0
971,1074056,478.0,244.75,2,21071,0
971,1074057,1164.5,466.0,1,21072,0
971,1074058,442.0,103.5,1,21073,0
971,1074059,1220.25,622.0,2,21074,0
971,1074060,1220.25,622.0,2,21075,0
971,1074061,1220.25,622.0,2,21076,0
971,1074062,422.5,38.5,1,21077,0
971,1074063,1307.5,813.5,1,21078,0
971,1074064,1356.5,519.5,1,21078,1
971,1074065,641.5,36.5,1,21079,0
981,1074045,1356.5,519.5,1,21062,0
981,1074046,1307.5,813.5,1,21062,1
981,1074047,1229.5,397.5,1,21063,0
981,1074048,1007.5,139.5,1,21064,0
981,1074049,1053.0,257.0,1,21064,1
981,1074050,1075.7083740234375,256.625,3,21065,0
981,1074051,1053.9166259765625,213.9583282470703,3,21066,0
981,1074052,478.0,244.75,2,21067,0
981,1074053,1069.6666259765625,238.25,2,21068,0
981,1074054,752.0,209.5,1,21069,0
981,1074055,1081.75,269.75,2,21070,0
981,1074056,478.0,244.75,2,21071,0
981,1074057,1164.5,466.0,1,21072,0
981,1074058,442.0,103.5,1,21073,0
981,1074059,1220.25,622.0,2,21074,0
981,1074060,1220.25,622.0,2,21075,0
981,1074061,1220.25,622.0,2,21076,0
981,1074062,422.5,38.5,1,21077,0
981,1074063,1307.5,813.5,1,21078,0
981,1074064,1356.5,519.5,1,21078,1
981,1074065,641.5,36.5,1,21079,0
991,1074045,1356.5,519.5,1,21062,0
991,1074046,1307.5,813.5,1,21062,1
991,1074047,1229.5,397.5,1,21063,0
991,1074048,1007.5,139.5,1,21064,0
991,1074049,1053.0,257.0,1,21064,1
991,1074050,1075.7083740234375,256.625,3,21065,0
991,1074051,1053.9166259765625,213.9583282470703,3,21066,0
991,1074052,478.0,244.75,2,21067,0
991,1074053,1069.6666259765625,238.25,2,21068,0
991,1074054,752.0,209.5,1,21069,0
991,1074055,1081.75,269.75,2,21070,0
991,1074056,478.0,244.75,2,21071,0
991,1074057,1164.5,466.0,1,21072,0
991,1074058,442.0,103.5,1,21073,0
991,1074059,1220.25,622.0,2,21074,0
991,1074060,1220.25,622.0,2,21075,0
991,1074061,1220.25,622.0,2,21076,0
991,1074062,422.5,38.5,1,21077,0
991,1074063,1307.5,813.5,1,21078,0
991,1074064,1356.5,519.5,1,21078,1
991,1074065,641.5,36.5,1,21079,0
1001,1074045,1356.5,519.5,1,21062,0
1001,1074046,1307.5,813.5,1,21062,1
1001,1074047,1229.5,397.5,1,21063,0
1001,1074048,1007.5,139.5,1,21064,0
1001,1074049,1053.0,257.0,1,21064,1
1001,1074050,1075.7083740234375,256.625,3,21065,0
1001,1074051,1053.9166259765625,213.9583282470703,3,21066,0
1001,1074052,478.0,244.75,2,21067,0
1001,1074053,1069.6666259765625,238.25,2,21068,0
1001,1074054,752.0,209.5,1,21069,0
1001,1074055,1081.75,269.75,2,21070,0
1001,1074056,478.0,244.75,2,21071,0
1001,1074057,1164.5,466.0,1,21072,0
1001,1074058,442.0,103.5,1,21073,0
1001,1074059,1220.25,622.0,2,21074,0
1001,1074060,1220.25,622.0,2,21075,0
1001,1074061,1220.25,622.0,2,21076,0
1001,1074062,422.5,38.5,1,21077,0
1001,1074063,1307.5,813.5,1,21078,0
1001,1074064,1356.5,519.5,1,21078,1
1001,1074065,641.5,36.5,1,21079,0
1011,1074045,1356.5,519.5,1,21062,0
1011,1074046,1307.5,813.5,1,21062,1
1011,1074047,1229.5,397.5,1,21063,0
1011,1074048,1007.5,139.5,1,21064,0
1011,1074049,1053.0,257.0,1,21064,1
1011,1074050,1075.7083740234375,256.625,3,21065,0
1011,1074051,1053.9166259765625,213.9583282470703,3,21066,0
1011,1074052,478.0,244.75,2,21067,0
1011,1074053,1069.6666259765625,238.25,2,21068,0
1011,1074054,752.0,209.5,1,21069,0
1011,1074055,1081.75,269.75,2,21070,0
1011,1074056,478.0,244.75,2,21071,0
1011,1074057,1164.5,466.0,1,21072,0
1011,1074058,442.0,103.5,1,21073,0
1011,1074059,1220.25,622.0,2,21074,0
1011,1074060,1220.25,622.0,2,21075,0
1011,1074061,1220.25,622.0,2,21076,0
1011,1074062,422.5,38.5,1,21077,0
1011,1074063,1307.5,813.5,1,21078,0
1011,1074064,1356.5,519.5,1,21078,1
1011,1074065,641.5,36.5,1,21079,0
1021,1074045,1356.5,519.5,1,21062,0
1021,1074046,1307.5,813.5,1,21062,1
1021,1074047,1229.5,397.5,1,21063,0
1021,1074048,1007.5,139.5,1,21064,0
1021,1074049,1053.0,257.0,1,21064,1
1021,1074050,1075.7083740234375,256.625,3,21065,0
1021,1074051,1053.9166259765625,213.9583282470703,3,21066,0
1021,1074052,478.0,244.75,2,21067,0
1021,1074053,1069.6666259765625,238.25,2,21068,0
1021,1074054,752.0,209.5,1,21069,0
1021,1074055,1081.75,269.75,2,21070,0
1021,1074056,478.0,244.75,2,21071,0
1021,1074057,1164.5,466.0,1,21072,0
1021,1074058,442.0,103.5,1,21073,0
1021,1074059,1220.25,622.0,2,21074,0
1021,1074060,1220.25,622.0,2,21075,0
1021,1074061,1220.25,622.0,2,21076,0
1021,1074062,422.5,38.5,1,21077,0
1021,1074063,1307.5,813.5,1,21078,0
1021,1074064,1356.5,519.5,1,21078,1
1021,1074065,641.5,36.5,1,21079,0
1031,1074045,1356.5,519.5,1,21062,0
1031,1074046,1307.5,813.5,1,21062,1
1031,1074047,1229.5,397.5,1,21063,0
1031,1074048,1007.5,139.5,1,21064,0
1031,1074049,1053.0,257.0,1,21064,1
1031,1074050,1075.7083740234375,256.625,3,21065,0
1031,1074051,1053.9166259765625,213.9583282470703,3,21066,0
1031,1074052,478.0,244.75,2,21067,0
1031,1074053,1069.6666259765625,238.25,2,21068,0
1031,1074054,752.0,209.5,1,21069,0
1031,1074055,1081.75,269.75,2,21070,0
1031,1074056,478.0,244.75,2,21071,0
1031,1074057,1164.5,466.0,1,21072,0
1031,1074058,442.0,103.5,1,21073,0
1031,1074059,1220.25,622.0,2,21074,0
1031,1074060,1220.25,622.0,2,21075,0
1031,1074061,1220.25,622.0,2,21076,0
1031,1074062,422.5,38.5,1,21077,0
1031,1074063,1307.5,813.5,1,21078,0
1031,1074064,1356.5,519.5,1,21078,1
1031,1074065,641.5,36.5,1,21079,0
1041,1074045,1347.5,506.0,1,21062,0
1041,1074046,1300.0,798.0,1,21062,1
1041,1074047,1217.0,386.0,1,21063,0
1041,1074048,997.5,135.5,1,21064,0
1041,1074049,1044.5,252.0,1,21064,1
1041,1074050,1066.4583740234375,252.125,2,21065,0
1041,1074051,1044.9166259765625,209.7083282470703,2,21066,0
1041,1074052,490.25,286.75,2,21067,0
1041,1074053,1061.4166259765625,233.5,2,21068,0
1041,1074054,765.5,240.5,1,21069,0
1041,1074055,1072.5,264.75,2,21070,0
1041,1074056,490.25,286.75,2,21071,0
1041,1074057,1158.5,453.5,1,21072,0
1041,1074058,450.5,132.0,1,21073,0
1041,1074059,1211.25,607.25,2,21074,0
1041,1074060,1211.25,607.25,2,21075,0
1041,1074061,1211.25,607.25,2,21076,0
1041,1074062,428.5,60.0,1,21077,0
1041,1074063,1300.0,798.0,1,21078,0
1041,1074064,1347.5,506.0,1,21078,1
1041,1074065,648.5,60.5,1,21079,0
1061,1074066,1070.0,239.0,1,21080,0
1061,1074067,1175.5,392.0,2,21080,1
1061,1074068,1350.5,514.0,1,21080,2
1061,1074069,895.75,42.25,2,21080,3
1061,1074070,976.0,63.5,1,21080,4
1061,1074071,1270.0,729.0,1,21081,0
1061,1074072,1547.0,725.5,1,21081,1
1061,1074073,938.0,73.5,1,21081,2
1061,1074074,976.0,63.5,1,21081,3
1061,1074075,417.5,21.5,1,21082,0
1061,1074076,1175.5,392.0,2,21083,0
1061,1074077,1070.0,239.0,1,21083,1
1061,1074078,895.75,42.25,2,21083,2
1061,1074079,938.0,73.5,1,21084,0
1061,1074080,1175.5,392.0,2,21084,1
1061,1074081,1350.5,514.0,1,21084,2
1061,1074082,1643.5,936.0,1,21084,3
1061,1074083,1070.0,239.0,1,21084,4
1061,1074084,1270.0,729.0,1,21084,5
1061,1074085,976.0,63.5,1,21084,6
1061,1074086,1175.5,392.0,2,21085,0
1061,1074087,1070.0,239.0,1,21085,1
1061,1074088,976.0,63.5,1,21085,2
1061,1074089,895.75,42.25,2,21085,3
1061,1074090,1350.5,514.0,1,21086,0
1061,1074091,1070.0,239.0,1,21086,1
1061,1074092,976.0,63.5,1,21086,2
1061,1074093,895.75,42.25,2,21086,3
1061,1074094,1547.0,725.5,1,21087,0
1061,1074095,1270.0,729.0,1,21087,1
1061,1074096,976.0,63.5,1,21087,2
1061,1074097,499.5,341.5,1,21088,0
1061,1074098,746.5,162.0,1,21089,0
1061,1074099,725.5,101.0,1,21090,0
1061,1074100,976.0,63.5,1,21091,0
1061,1074101,1070.0,239.0,1,21091,1
1061,1074102,1270.0,729.0,1,21091,2
1061,1074103,1220.0,390.5,1,21091,3
1061,1074104,1350.5,514.0,1,21091,4
1061,1074105,1547.0,725.5,1,21091,5
1061,1074106,938.0,73.5,1,21091,6
1061,1074107,662.5,30.0,1,21092,0
1061,1074108,1643.5,936.0,1,21093,0
1061,1074109,938.0,73.5,1,21093,1
1061,1074110,853.5,11.0,1,21094,0
1061,1074111,1070.0,239.0,1,21094,1
1061,1074112,1175.5,392.0,2,21094,2
1061,1074113,1350.5,514.0,1,21094,3
1071,1074066,1070.0,239.0,1,21080,0
1071,1074067,1175.5,392.0,2,21080,1
1071,1074068,1350.5,514.0,1,21080,2
1071,1074069,895.75,42.25,2,21080,3
1071,1074070,976.0,63.5,1,21080,4
1071,1074071,1270.0,729.0,1,21081,0
1071,1074072,1547.0,725.5,1,21081,1
1071,1074073,938.0,73.5,1,21081,2
1071,1074074,976.0,63.5,1,21081,3
1071,1074075,417.5,21.5,1,21082,0
1071,1074076,1175.5,392.0,2,21083,0
1071,1074077,1070.0,239.0,1,21083,1
1071,1074078,895.75,42.25,2,21083,2
1071,1074079,938.0,73.5,1,21084,0
1071,1074080,1175.5,392.0,2,21084,1
1071,1074081,1350.5,514.0,1,21084,2
1071,1074082,1643.5,936.0,1,21084,3
1071,1074083,1070.0,239.0,1,21084,4
1071,1074084,1270.0,729.0,1,21084,5
1071,1074085,976.0,63.5,1,21084,6
1071,1074086,1175.5,392.0,2,21085,0
1071,1074087,1070.0,239.0,1,21085,1
1071,1074088,976.0,63.5,1,21085,2
1071,1074089,895.75,42.25,2,21085,3
1071,1074090,1350.5,514.0,1,21086,0
1071,1074091,1070.0,239.0,1,21086,1
1071,1074092,976.0,63.5,1,21086,2
1071,1074093,895.75,42.25,2,21086,3
1071,1074094,1547.0,725.5,1,21087,0
1071,1074095,1270.0,729.0,1,21087,1
1071,1074096,976.0,63.5,1,21087,2
1071,1074097,499.5,341.5,1,21088,0
1071,1074098,746.5,162.0,1,21089,0
1071,1074099,725.5,101.0,1,21090,0
1071,1074100,976.0,63.5,1,21091,0
1071,1074101,1070.0,239.0,1,21091,1
1071,1074102,1270.0,729.0,1,21091,2
1071,1074103,1220.0,390.5,1,21091,3
1071,1074104,1350.5,514.0,1,21091,4
1071,1074105,1547.0,725.5,1,21091,5
1071,1074106,938.0,73.5,1,21091,6
1071,1074107,662.5,30.0,1,21092,0
1071,1074108,1643.5,936.0,1,21093,0
1071,1074109,938.0,73.5,1,21093,1
1071,1074110,853.5,11.0,1,21094,0
1071,1074111,1070.0,239.0,1,21094,1
1071,1074112,1175.5,392.0,2,21094,2
1071,1074113,1350.5,514.0,1,21094,3
1081,1074066,1070.0,239.0,1,21080,0
1081,1074067,1175.5,392.0,2,21080,1
1081,1074068,1350.5,514.0,1,21080,2
1081,1074069,895.75,42.25,2,21080,3
1081,1074070,976.0,63.5,1,21080,4
1081,1074071,1270.0,729.0,1,21081,0
1081,1074072,1547.0,725.5,1,21081,1
1081,1074073,938.0,73.5,1,21081,2
1081,1074074,976.0,63.5,1,21081,3
1081,1074075,417.5,21.5,1,21082,0
1081,1074076,1175.5,392.0,2,21083,0
1081,1074077,1070.0,239.0,1,21083,1
1081,1074078,895.75,42.25,2,21083,2
1081,1074079,938.0,73.5,1,21084,0
1081,1074080,1175.5,392.0,2,21084,1
1081,1074081,1350.5,514.0,1,21084,2
1081,1074082,1643.5,936.0,1,21084,3
1081,1074083,1070.0,239.0,1,21084,4
1081,1074084,1270.0,729.0,1,21084,5
1081,1074085,976.0,63.5,1,21084,6
1081,1074086,1175.5,392.0,2,21085,0
1081,1074087,1070.0,239.0,1,21085,1
1081,1074088,976.0,63.5,1,21085,2
1081,1074089,895.75,42.25,2,21085,3
1081,1074090,1350.5,514.0,1,21086,0
1081,1074091,1070.0,239.0,1,21086,1
1081,1074092,976.0,63.5,1,21086,2
1081,1074093,895.75,42.25,2,21086,3
1081,1074094,1547.0,725.5,1,21087,0
1081,1074095,1270.0,729.0,1,21087,1
1081,1074096,976.0,63.5,1,21087,2
1081,1074097,499.5,341.5,1,21088,0
1081,1074098,746.5,162.0,1,21089,0
1081,1074099,725.5,101.0,1,21090,0
1081,1074100,976.0,63.5,1,21091,0
1081,1074101,1070.0,239.0,1,21091,1
1081,1074102,1270.0,729.0,1,21091,2
1081,1074103,1220.0,390.5,1,21091,3
1081,1074104,1350.5,514.0,1,21091,4
1081,1074105,1547.0,725.5,1,21091,5
1081,1074106,938.0,73.5,1,21091,6
1081,1074107,662.5,30.0,1,21092,0
1081,1074108,1643.5,936.0,1,21093,0
1081,1074109,938.0,73.5,1,21093,1
1081,1074110,853.5,11.0,1,21094,0
1081,1074111,1070.0,239.0,1,21094,1
1081,1074112,1175.5,392.0,2,21094,2
1081,1074113,1350.5,514.0,1,21094,3
1091,1074066,1070.0,239.0,1,21080,0
1091,1074067,1175.5,392.0,2,21080,1
1091,1074068,1350.5,514.0,1,21080,2
1091,1074069,895.75,42.25,2,21080,3
1091,1074070,976.0,63.5,1,21080,4
1091,1074071,1270.0,729.0,1,21081,0
1091,1074072,1547.0,725.5,1,21081,1
1091,1074073,938.0,73.5,1,21081,2
1091,1074074,976.0,63.5,1,21081,3
1091,1074075,417.5,21.5,1,21082,0
1091,1074076,1175.5,392.0,2,21083,0
1091,1074077,1070.0,239.0,1,21083,1
1091,1074078,895.75,42.25,2,21083,2
1091,1074079,938.0,73.5,1,21084,0
1091,1074080,1175.5,392.0,2,21084,1
1091,1074081,1350.5,514.0,1,21084,2
1091,1074082,1643.5,936.0,1,21084,3
1091,1074083,1070.0,239.0,1,21084,4
1091,1074084,1270.0,729.0,1,21084,5
1091,1074085,976.0,63.5,1,21084,6
1091,1074086,1175.5,392.0,2,21085,0
1091,1074087,1070.0,239.0,1,21085,1
1091,1074088,976.0,63.5,1,21085,2
1091,1074089,895.75,42.25,2,21085,3
1091,1074090,1350.5,514.0,1,21086,0
1091,1074091,1070.0,239.0,1,21086,1
1091,1074092,976.0,63.5,1,21086,2
1091,1074093,895.75,42.25,2,21086,3
1091,1074094,1547.0,725.5,1,21087,0
1091,1074095,1270.0,729.0,1,21087,1
1091,1074096,976.0,63.5,1,21087,2
1091,1074097,499.5,341.5,1,21088,0
1091,1074098,746.5,162.0,1,21089,0
1091,1074099,725.5,101.0,1,21090,0
1091,1074100,976.0,63.5,1,21091,0
1091,1074101,1070.0,239.0,1,21091,1
1091,1074102,1270.0,729.0,1,21091,2
1091,1074103,1220.0,390.5,1,21091,3
1091,1074104,1350.5,514.0,1,21091,4
1091,1074105,1547.0,725.5,1,21091,5
1091,1074106,938.0,73.5,1,21091,6
1091,1074107,662.5,30.0,1,21092,0
1091,1074108,1643.5,936.0,1,21093,0
1091,1074109,938.0,73.5,1,21093,1
1091,1074110,853.5,11.0,1,21094,0
1091,1074111,1070.0,239.0,1,21094,1
1091,1074112,1175.5,392.0,2,21094,2
1091,1074113,1350.5,514.0,1,21094,3
1101,1074066,1070.0,239.0,1,21080,0
1101,1074067,1175.5,392.0,2,21080,1
1101,1074068,1350.5,514.0,1,21080,2
1101,1074069,895.75,42.25,2,21080,3
1101,1074070,976.0,63.5,1,21080,4
1101,1074071,1270.0,729.0,1,21081,0
1101,1074072,1547.0,725.5,1,21081,1
1101,1074073,938.0,73.5,1,21081,2
1101,1074074,976.0,63.5,1,21081,3
1101,1074075,417.5,21.5,1,21082,0
1101,1074076,1175.5,392.0,2,21083,0
1101,1074077,1070.0,239.0,1,21083,1
1101,1074078,895.75,42.25,2,21083,2
1101,1074079,938.0,73.5,1,21084,0
1101,1074080,1175.5,392.0,2,21084,1
1101,1074081,1350.5,514.0,1,21084,2
1101,1074082,1643.5,936.0,1,21084,3
1101,1074083,1070.0,239.0,1,21084,4
1101,1074084,1270.0,729.0,1,21084,5
1101,1074085,976.0,63.5,1,21084,6
1101,1074086,1175.5,392.0,2,21085,0
1101,1074087,1070.0,239.0,1,21085,1
1101,1074088,976.0,63.5,1,21085,2
1101,1074089,895.75,42.25,2,21085,3
1101,1074090,1350.5,514.0,1,21086,0
1101,1074091,1070.0,239.0,1,21086,1
1101,1074092,976.0,63.5,1,21086,2
1101,1074093,895.75,42.25,2,21086,3
1101,1074094,1547.0,725.5,1,21087,0
1101,1074095,1270.0,729.0,1,21087,1
1101,1074096,976.0,63.5,1,21087,2
1101,1074097,499.5,341.5,1,21088,0
1101,1074098,746.5,162.0,1,21089,0
1101,1074099,725.5,101.0,1,21090,0
1101,1074100,976.0,63.5,1,21091,0
1101,1074101,1070.0,239.0,1,21091,1
1101,1074102,1270.0,729.0,1,21091,2
1101,1074103,1220.0,390.5,1,21091,3
1101,1074104,1350.5,514.0,1,21091,4
1101,1074105,1547.0,725.5,1,21091,5
1101,1074106,938.0,73.5,1,21091,6
1101,1074107,662.5,30.0,1,21092,0
1101,1074108,1643.5,936.0,1,21093,0
1101,1074109,938.0,73.5,1,21093,1
1101,1074110,853.5,11.0,1,21094,0
1101,1074111,1070.0,239.0,1,21094,1
1101,1074112,1175.5,392.0,2,21094,2
1101,1074113,1350.5,514.0,1,21094,3
1111,1074066,1070.0,239.0,1,21080,0
1111,1074067,1175.5,392.0,2,21080,1
1111,1074068,1350.5,514.0,1,21080,2
1111,1074069,895.75,42.25,2,21080,3
1111,1074070,976.0,63.5,1,21080,4
1111,1074071,1270.0,729.0,1,21081,0
1111,1074072,1547.0,725.5,1,21081,1
1111,1074073,938.0,73.5,1,21081,2
1111,1074074,976.0,63.5,1,21081,3
1111,1074075,417.5,21.5,1,21082,0
1111,1074076,1175.5,392.0,2,21083,0
1111,1074077,1070.0,239.0,1,21083,1
1111,1074078,895.75,42.25,2,21083,2
1111,1074079,938.0,73.5,1,21084,0
1111,1074080,1175.5,392.0,2,21084,1
1111,1074081,1350.5,514.0,1,21084,2
1111,1074082,1643.5,936.0,1,21084,3
1111,1074083,1070.0,239.0,1,21084,4
1111,1074084,1270.0,729.0,1,21084,5
1111,1074085,976.0,63.5,1,21084,6
1111,1074086,1175.5,392.0,2,21085,0
1111,1074087,1070.0,239.0,1,21085,1
1111,1074088,976.0,63.5,1,21085,2
1111,1074089,895.75,42.25,2,21085,3
1111,1074090,1350.5,514.0,1,21086,0
1111,1074091,1070.0,239.0,1,21086,1
1111,1074092,976.0,63.5,1,21086,2
1111,1074093,895.75,42.25,2,21086,3
1111,1074094,1547.0,725.5,1,21087,0
1111,1074095,1270.0,729.0,1,21087,1
1111,1074096,976.0,63.5,1,21087,2
1111,1074097,499.5,341.5,1,21088,0
1111,1074098,746.5,162.0,1,21089,0
1111,1074099,725.5,101.0,1,21090,0
1111,1074100,976.0,63.5,1,21091,0
1111,1074101,1070.0,239.0,1,21091,1
1111,1074102,1270.0,729.0,1,21091,2
1111,1074103,1220.0,390.5,1,21091,3
1111,1074104,1350.5,514.0,1,21091,4
1111,1074105,1547.0,725.5,1,21091,5
1111,1074106,938.0,73.5,1,21091,6
1111,1074107,662.5,30.0,1,21092,0
1111,1074108,1643.5,936.0,1,21093,0
1111,1074109,938.0,73.5,1,21093,1
1111,1074110,853.5,11.0,1,21094,0
1111,1074111,1070.0,239.0,1,21094,1
1111,1074112,1175.5,392.0,2,21094,2
1111,1074113,1350.5,514.0,1,21094,3
1121,1074066,1070.0,239.0,1,21080,0
1121,1074067,1175.5,392.0,2,21080,1
1121,1074068,1350.5,514.0,1,21080,2
1121,1074069,895.75,42.25,2,21080,3
1121,1074070,976.0,63.5,1,21080,4
1121,1074071,1270.0,729.0,1,21081,0
1121,1074072,1547.0,725.5,1,21081,1
1121,1074073,938.0,73.5,1,21081,2
1121,1074074,976.0,63.5,1,21081,3
1121,1074075,417.5,21.5,1,21082,0
1121,1074076,1175.5,392.0,2,21083,0
1121,1074077,1070.0,239.0,1,21083,1
1121,1074078,895.75,42.25,2,21083,2
1121,1074079,938.0,73.5,1,21084,0
1121,1074080,1175.5,392.0,2,21084,1
1121,1074081,1350.5,514.0,1,21084,2
1121,1074082,1643.5,936.0,1,21084,3
1121,1074083,1070.0,239.0,1,21084,4
1121,1074084,1270.0,729.0,1,21084,5
1121,1074085,976.0,63.5,1,21084,6
1121,1074086,1175.5,392.0,2,21085,0
1121,1074087,1070.0,239.0,1,21085,1
1121,1074088,976.0,63.5,1,21085,2
1121,1074089,895.75,42.25,2,21085,3
1121,1074090,1350.5,514.0,1,21086,0
1121,1074091,1070.0,239.0,1,21086,1
1121,1074092,976.0,63.5,1,21086,2
1121,1074093,895.75,42.25,2,21086,3
1121,1074094,1547.0,725.5,1,21087,0
1121,1074095,1270.0,729.0,1,21087,1
1121,1074096,976.0,63.5,1,21087,2
1121,1074097,499.5,341.5,1,21088,0
1121,1074098,746.5,162.0,1,21089,0
1121,1074099,725.5,101.0,1,21090,0
1121,1074100,976.0,63.5,1,21091,0
1121,1074101,1070.0,239.0,1,21091,1
1121,1074102,1270.0,729.0,1,21091,2
1121,1074103,1220.0,390.5,1,21091,3
1121,1074104,1350.5,514.0,1,21091,4
1121,1074105,1547.0,725.5,1,21091,5
1121,1074106,938.0,73.5,1,21091,6
1121,1074107,662.5,30.0,1,21092,0
1121,1074108,1643.5,936.0,1,21093,0
1121,1074109,938.0,73.5,1,21093,1
1121,1074110,853.5,11.0,1,21094,0
1121,1074111,1070.0,239.0,1,21094,1
1121,1074112,1175.5,392.0,2,21094,2
1121,1074113,1350.5,514.0,1,21094,3
1131,1074066,1070.0,239.0,1,21080,0
1131,1074067,1175.5,392.0,2,21080,1
1131,1074068,1350.5,514.0,1,21080,2
1131,1074069,895.75,42.25,2,21080,3
1131,1074070,976.0,63.5,1,21080,4
1131,1074071,1270.0,729.0,1,21081,0
1131,1074072,1547.0,725.5,1,21081,1
1131,1074073,938.0,73.5,1,21081,2
1131,1074074,976.0,63.5,1,21081,3
1131,1074075,417.5,21.5,1,21082,0
1131,1074076,1175.5,392.0,2,21083,0
1131,1074077,1070.0,239.0,1,21083,1
1131,1074078,895.75,42.25,2,21083,2
1131,1074079,938.0,73.5,1,21084,0
1131,1074080,1175.5,392.0,2,21084,1
1131,1074081,1350.5,514.0,1,21084,2
1131,1074082,1643.5,936.0,1,21084,3
1131,1074083,1070.0,239.0,1,21084,4
1131,1074084,1270.0,729.0,1,21084,5
1131,1074085,976.0,63.5,1,21084,6
1131,1074086,1175.5,392.0,2,21085,0
1131,1074087,1070.0,239.0,1,21085,1
1131,1074088,976.0,63.5,1,21085,2
1131,1074089,895.75,42.25,2,21085,3
1131,1074090,1350.5,514.0,1,21086,0
1131,1074091,1070.0,239.0,1,21086,1
1131,1074092,976.0,63.5,1,21086,2
1131,1074093,895.75,42.25,2,21086,3
1131,1074094,1547.0,725.5,1,21087,0
1131,1074095,1270.0,729.0,1,21087,1
1131,1074096,976.0,63.5,1,21087,2
1131,1074097,499.5,341.5,1,21088,0
1131,1074098,746.5,162.0,1,21089,0
1131,1074099,725.5,101.0,1,21090,0
1131,1074100,976.0,63.5,1,21091,0
1131,1074101,1070.0,239.0,1,21091,1
1131,1074102,1270.0,729.0,1,21091,2
1131,1074103,1220.0,390.5,1,21091,3
1131,1074104,1350.5,514.0,1,21091,4
1131,1074105,1547.0,725.5,1,21091,5
1131,1074106,938.0,73.5,1,21091,6
1131,1074107,662.5,30.0,1,21092,0
1131,1074108,1643.5,936.0,1,21093,0
1131,1074109,938.0,73.5,1,21093,1
1131,1074110,853.5,11.0,1,21094,0
1131,1074111,1070.0,239.0,1,21094,1
1131,1074112,1175.5,392.0,2,21094,2
1131,1074113,1350.5,514.0,1,21094,3
1141,1074066,1070.0,239.0,1,21080,0
1141,1074067,1175.5,392.0,2,21080,1
1141,1074068,1350.5,514.0,1,21080,2
1141,1074069,895.75,42.25,2,21080,3
1141,1074070,976.0,63.5,1,21080,4
1141,1074071,1270.0,729.0,1,21081,0
1141,1074072,1547.0,725.5,1,21081,1
1141,1074073,938.0,73.5,1,21081,2
1141,1074074,976.0,63.5,1,21081,3
1141,1074075,417.5,21.5,1,21082,0
1141,1074076,1175.5,392.0,2,21083,0
1141,1074077,1070.0,239.0,1,21083,1
1141,1074078,895.75,42.25,2,21083,2
1141,1074079,938.0,73.5,1,21084,0
1141,1074080,1175.5,392.0,2,21084,1
1141,1074081,1350.5,514.0,1,21084,2
1141,1074082,1643.5,936.0,1,21084,3
1141,1074083,1070.0,239.0,1,21084,4
1141,1074084,1270.0,729.0,1,21084,5
1141,1074085,976.0,63.5,1,21084,6
1141,1074086,1175.5,392.0,2,21085,0
1141,1074087,1070.0,239.0,1,21085,1
1141,1074088,976.0,63.5,1,21085,2
1141,1074089,895.75,42.25,2,21085,3
1141,1074090,1350.5,514.0,1,21086,0
1141,1074091,1070.0,239.0,1,21086,1
1141,1074092,976.0,63.5,1,21086,2
1141,1074093,895.75,42.25,2,21086,3
1141,1074094,1547.0,725.5,1,21087,0
1141,1074095,1270.0,729.0,1,21087,1
1141,1074096,976.0,63.5,1,21087,2
1141,1074097,499.5,341.5,1,21088,0
1141,1074098,746.5,162.0,1,21089,0
1141,1074099,725.5,101.0,1,21090,0
1141,1074100,976.0,63.5,1,21091,0
1141,1074101,1070.0,239.0,1,21091,1
1141,1074102,1270.0,729.0,1,21091,2
1141,1074103,1220.0,390.5,1,21091,3
1141,1074104,1350.5,514.0,1,21091,4
1141,1074105,1547.0,725.5,1,21091,5
1141,1074106,938.0,73.5,1,21091,6
1141,1074107,662.5,30.0,1,21092,0
1141,1074108,1643.5,936.0,1,21093,0
1141,1074109,938.0,73.5,1,21093,1
1141,1074110,853.5,11.0,1,21094,0
1141,1074111,1070.0,239.0,1,21094,1
1141,1074112,1175.5,392.0,2,21094,2
1141,1074113,1350.5,514.0,1,21094,3
1151,1074066,1065.0,231.5,1,21080,0
1151,1074067,1170.5,375.5,2,21080,1
1151,1074068,1332.0,492.5,1,21080,2
1151,1074069,905.75,55.5,2,21080,3
1151,1074070,982.0,75.5,1,21080,4
1151,1074071,1260.0,696.0,1,21081,0
1151,1074072,1519.0,697.0,1,21081,1
1151,1074073,949.0,92.5,1,21081,2
1151,1074074,982.0,75.5,1,21081,3
1151,1074075,421.5,33.5,1,21082,0
1151,1074076,1170.5,375.5,2,21083,0
1151,1074077,1065.0,231.5,1,21083,1
1151,1074078,905.75,55.5,2,21083,2
1151,1074079,949.0,92.5,1,21084,0
1151,1074080,1170.5,375.5,2,21084,1
1151,1074081,1332.0,492.5,1,21084,2
1151,1074082,1630.0,915.5,1,21084,3
1151,1074083,1065.0,231.5,1,21084,4
1151,1074084,1260.0,696.0,1,21084,5
1151,1074085,982.0,75.5,1,21084,6
1151,1074086,1170.5,375.5,2,21085,0
1151,1074087,1065.0,231.5,1,21085,1
1151,1074088,982.0,75.5,1,21085,2
1151,1074089,905.75,55.5,2,21085,3
1151,1074090,1332.0,492.5,1,21086,0
1151,1074091,1065.0,231.5,1,21086,1
1151,1074092,982.0,75.5,1,21086,2
1151,1074093,905.75,55.5,2,21086,3
1151,1074094,1519.0,697.0,1,21087,0
1151,1074095,1260.0,696.0,1,21087,1
1151,1074096,982.0,75.5,1,21087,2
1151,1074097,508.5,373.5,1,21088,0
1151,1074098,751.5,186.5,1,21089,0
1151,1074099,730.5,117.5,1,21090,0
1151,1074100,982.0,75.5,1,21091,0
1151,1074101,1065.0,231.5,1,21091,1
1151,1074102,1260.0,696.0,1,21091,2
1151,1074103,1212.0,371.5,1,21091,3
1151,1074104,1332.0,492.5,1,21091,4
1151,1074105,1519.0,697.0,1,21091,5
1151,1074106,949.0,92.5,1,21091,6
1151,1074107,667.0,46.0,1,21092,0
1151,1074108,1630.0,915.5,1,21093,0
1151,1074109,949.0,92.5,1,21093,1
1151,1074110,862.5,18.5,1,21094,0
1151,1074111,1065.0,231.5,1,21094,1
1151,1074112,1170.5,375.5,2,21094,2
1151,1074113,1332.0,492.5,1,21094,3
1161,1074066,1065.0,231.5,1,21080,0
1161,1074067,1170.5,375.5,2,21080,1
1161,1074068,1332.0,492.5,1,21080,2
1161,1074069,905.75,55.5,2,21080,3
1161,1074070,982.0,75.5,1,21080,4
1161,1074071,1260.0,696.0,1,21081,0
1161,1074072,1519.0,697.0,1,21081,1
1161,1074073,949.0,92.5,1,21081,2
1161,1074074,982.0,75.5,1,21081,3
1161,1074075,421.5,33.5,1,21082,0
1161,1074076,1170.5,375.5,2,21083,0
1161,1074077,1065.0,231.5,1,21083,1
1161,1074078,905.75,55.5,2,21083,2
1161,1074079,949.0,92.5,1,21084,0
1161,1074080,1170.5,375.5,2,21084,1
1161,1074081,1332.0,492.5,1,21084,2
1161,1074082,1630.0,915.5,1,21084,3
1161,1074083,1065.0,231.5,1,21084,4
1161,1074084,1260.0,696.0,1,21084,5
1161,1074085,982.0,75.5,1,21084,6
1161,1074086,1170.5,375.5,2,21085,0
1161,1074087,1065.0,231.5,1,21085,1
1161,1074088,982.0,75.5,1,21085,2
1161,1074089,905.75,55.5,2,21085,3
1161,1074090,1332.0,492.5,1,21086,0
1161,1074091,1065.0,231.5,1,21086,1
1161,1074092,982.0,75.5,1,21086,2
1161,1074093,905.75,55.5,2,21086,3
1161,1074094,1519.0,697.0,1,21087,0
1161,1074095,1260.0,696.0,1,21087,1
1161,1074096,982.0,75.5,1,21087,2
1161,1074097,508.5,373.5,1,21088,0
1161,1074098,751.5,186.5,1,21089,0
1161,1074099,730.5,117.5,1,21090,0
1161,1074100,982.0,75.5,1,21091,0
1161,1074101,1065.0,231.5,1,21091,1
1161,1074102,1260.0,696.0,1,21091,2
1161,1074103,1212.0,371.5,1,21091,3
1161,1074104,1332.0,492.5,1,21091,4
1161,1074105,1519.0,697.0,1,21091,5
1161,1074106,949.0,92.5,1,21091,6
1161,1074107,667.0,46.0,1,21092,0
1161,1074108,1630.0,915.5,1,21093,0
1161,1074109,949.0,92.5,1,21093,1
1161,1074110,862.5,18.5,1,21094,0
1161,1074111,1065.0,231.5,1,21094,1
1161,1074112,1170.5,375.5,2,21094,2
1161,1074113,1332.0,492.5,1,21094,3
1171,1074066,1065.0,231.5,1,21080,0
1171,1074067,1170.5,375.5,2,21080,1
1171,1074068,1332.0,492.5,1,21080,2
1171,1074069,905.75,55.5,2,21080,3
1171,1074070,982.0,75.5,1,21080,4
1171,1074071,1260.0,696.0,1,21081,0
1171,1074072,1519.0,697.0,1,21081,1
1171,1074073,949.0,92.5,1,21081,2
1171,1074074,982.0,75.5,1,21081,3
1171,1074075,421.5,33.5,1,21082,0
1171,1074076,1170.5,375.5,2,21083,0
1171,1074077,1065.0,231.5,1,21083,1
1171,1074078,905.75,55.5,2,21083,2
1171,1074079,949.0,92.5,1,21084,0
1171,1074080,1170.5,375.5,2,21084,1
1171,1074081,1332.0,492.5,1,21084,2
1171,1074082,1630.0,915.5,1,21084,3
1171,1074083,1065.0,231.5,1,21084,4
1171,1074084,1260.0,696.0,1,21084,5
1171,1074085,982.0,75.5,1,21084,6
1171,1074086,1170.5,375.5,2,21085,0
1171,1074087,1065.0,231.5,1,21085,1
1171,1074088,982.0,75.5,1,21085,2
1171,1074089,905.75,55.5,2,21085,3
1171,1074090,1332.0,492.5,1,21086,0
1171,1074091,1065.0,231.5,1,21086,1
1171,1074092,982.0,75.5,1,21086,2
1171,1074093,905.75,55.5,2,21086,3
1171,1074094,1519.0,697.0,1,21087,0
1171,1074095,1260.0,696.0,1,21087,1
1171,1074096,982.0,75.5,1,21087,2
1171,1074097,508.5,373.5,1,21088,0
1171,1074098,751.5,186.5,1,21089,0
1171,1074099,730.5,117.5,1,21090,0
1171,1074100,982.0,75.5,1,21091,0
1171,1074101,1065.0,231.5,1,21091,1
1171,1074102,1260.0,696.0,1,21091,2
1171,1074103,1212.0,371.5,1,21091,3
1171,1074104,1332.0,492.5,1,21091,4
1171,1074105,1519.0,697.0,1,21091,5
1171,1074106,949.0,92.5,1,21091,6
1171,1074107,667.0,46.0,1,21092,0
1171,1074108,1630.0,915.5,1,21093,0
1171,1074109,949.0,92.5,1,21093,1
1171,1074110,862.5,18.5,1,21094,0
1171,1074111,1065.0,231.5,1,21094,1
1171,1074112,1170.5,375.5,2,21094,2
1171,1074113,1332.0,492.5,1,21094,3
1181,1074066,1065.0,231.5,1,21080,0
1181,1074067,1170.5,375.5,2,21080,1
1181,1074068,1332.0,492.5,1,21080,2
1181,1074069,905.75,55.5,2,21080,3
1181,1074070,982.0,75.5,1,21080,4
1181,1074071,1260.0,696.0,1,21081,0
1181,1074072,1519.0,697.0,1,21081,1
1181,1074073,949.0,92.5,1,21081,2
1181,1074074,982.0,75.5,1,21081,3
1181,1074075,421.5,33.5,1,21082,0
1181,1074076,1170.5,375.5,2,21083,0
1181,1074077,1065.0,231.5,1,21083,1
1181,1074078,905.75,55.5,2,21083,2
1181,1074079,949.0,92.5,1,21084,0
1181,1074080,1170.5,375.5,2,21084,1
1181,1074081,1332.0,492.5,1,21084,2
1181,1074082,1630.0,915.5,1,21084,3
1181,1074083,1065.0,231.5,1,21084,4
1181,1074084,1260.0,696.0,1,21084,5
1181,1074085,982.0,75.5,1,21084,6
1181,1074086,1170.5,375.5,2,21085,0
1181,1074087,1065.0,231.5,1,21085,1
1181,1074088,982.0,75.5,1,21085,2
1181,1074089,905.75,55.5,2,21085,3
1181,1074090,1332.0,492.5,1,21086,0
1181,1074091,1065.0,231.5,1,21086,1
1181,1074092,982.0,75.5,1,21086,2
1181,1074093,905.75,55.5,2,21086,3
1181,1074094,1519.0,697.0,1,21087,0
1181,1074095,1260.0,696.0,1,21087,1
1181,1074096,982.0,75.5,1,21087,2
1181,1074097,508.5,373.5,1,21088,0
1181,1074098,751.5,186.5,1,21089,0
1181,1074099,730.5,117.5,1,21090,0
1181,1074100,982.0,75.5,1,21091,0
1181,1074101,1065.0,231.5,1,21091,1
1181,1074102,1260.0,696.0,1,21091,2
1181,1074103,1212.0,371.5,1,21091,3
1181,1074104,1332.0,492.5,1,21091,4
1181,1074105,1519.0,697.0,1,21091,5
1181,1074106,949.0,92.5,1,21091,6
1181,1074107,667.0,46.0,1,21092,0
1181,1074108,1630.0,915.5,1,21093,0
1181,1074109,949.0,92.5,1,21093,1
1181,1074110,862.5,18.5,1,21094,0
1181,1074111,1065.0,231.5,1,21094,1
1181,1074112,1170.5,375.5,2,21094,2
1181,1074113,1332.0,492.5,1,21094,3
1191,1074066,1065.0,231.5,1,21080,0
1191,1074067,1170.5,375.5,2,21080,1
1191,1074068,1332.0,492.5,1,21080,2
1191,1074069,905.75,55.5,2,21080,3
1191,1074070,982.0,75.5,1,21080,4
1191,1074071,1260.0,696.0,1,21081,0
1191,1074072,1519.0,697.0,1,21081,1
1191,1074073,949.0,92.5,1,21081,2
1191,1074074,982.0,75.5,1,21081,3
1191,1074075,421.5,33.5,1,21082,0
1191,1074076,1170.5,375.5,2,21083,0
1191,1074077,1065.0,231.5,1,21083,1
1191,1074078,905.75,55.5,2,21083,2
1191,1074079,949.0,92.5,1,21084,0
1191,1074080,1170.5,375.5,2,21084,1
1191,1074081,1332.0,492.5,1,21084,2
1191,1074082,1630.0,915.5,1,21084,3
1191,1074083,1065.0,231.5,1,21084,4
1191,1074084,1260.0,696.0,1,21084,5
1191,1074085,982.0,75.5,1,21084,6
1191,1074086,1170.5,375.5,2,21085,0
1191,1074087,1065.0,231.5,1,21085,1
1191,1074088,982.0,75.5,1,21085,2
1191,1074089,905.75,55.5,2,21085,3
1191,1074090,1332.0,492.5,1,21086,0
1191,1074091,1065.0,231.5,1,21086,1
1191,1074092,982.0,75.5,1,21086,2
1191,1074093,905.75,55.5,2,21086,3
1191,1074094,1519.0,697.0,1,21087,0
1191,1074095,1260.0,696.0,1,21087,1
1191,1074096,982.0,75.5,1,21087,2
1191,1074097,508.5,373.5,1,21088,0
1191,1074098,751.5,186.5,1,21089,0
1191,1074099,730.5,117.5,1,21090,0
1191,1074100,982.0,75.5,1,21091,0
1191,1074101,1065.0,231.5,1,21091,1
1191,1074102,1260.0,696.0,1,21091,2
1191,1074103,1212.0,371.5,1,21091,3
1191,1074104,1332.0,492.5,1,21091,4
1191,1074105,1519.0,697.0,1,21091,5
1191,1074106,949.0,92.5,1,21091,6
1191,1074107,667.0,46.0,1,21092,0
1191,1074108,1630.0,915.5,1,21093,0
1191,1074109,949.0,92.5,1,21093,1
1191,1074110,862.5,18.5,1,21094,0
1191,1074111,1065.0,231.5,1,21094,1
1191,1074112,1170.5,375.5,2,21094,2
1191,1074113,1332.0,492.5,1,21094,3
1201,1074066,1065.0,231.5,1,21080,0
1201,1074067,1170.5,375.5,2,21080,1
1201,1074068,1332.0,492.5,1,21080,2
1201,1074069,905.75,55.5,2,21080,3
1201,1074070,982.0,75.5,1,21080,4
1201,1074071,1260.0,696.0,1,21081,0
1201,1074072,1519.0,697.0,1,21081,1
1201,1074073,949.0,92.5,1,21081,2
1201,1074074,982.0,75.5,1,21081,3
1201,1074075,421.5,33.5,1,21082,0
1201,1074076,1170.5,375.5,2,21083,0
1201,1074077,1065.0,231.5,1,21083,1
1201,1074078,905.75,55.5,2,21083,2
1201,1074079,949.0,92.5,1,21084,0
1201,1074080,1170.5,375.5,2,21084,1
1201,1074081,1332.0,492.5,1,21084,2
1201,1074082,1630.0,915.5,1,21084,3
1201,1074083,1065.0,231.5,1,21084,4
1201,1074084,1260.0,696.0,1,21084,5
1201,1074085,982.0,75.5,1,21084,6
1201,1074086,1170.5,375.5,2,21085,0
1201,1074087,1065.0,231.5,1,21085,1
1201,1074088,982.0,75.5,1,21085,2
1201,1074089,905.75,55.5,2,21085,3
1201,1074090,1332.0,492.5,1,21086,0
1201,1074091,1065.0,231.5,1,21086,1
1201,1074092,982.0,75.5,1,21086,2
1201,1074093,905.75,55.5,2,21086,3
1201,1074094,1519.0,697.0,1,21087,0
1201,1074095,1260.0,696.0,1,21087,1
1201,1074096,982.0,75.5,1,21087,2
1201,1074097,508.5,373.5,1,21088,0
1201,1074098,751.5,186.5,1,21089,0
1201,1074099,730.5,117.5,1,21090,0
1201,1074100,982.0,75.5,1,21091,0
1201,1074101,1065.0,231.5,1,21091,1
1201,1074102,1260.0,696.0,1,21091,2
1201,1074103,1212.0,371.5,1,21091,3
1201,1074104,1332.0,492.5,1,21091,4
1201,1074105,1519.0,697.0,1,21091,5
1201,1074106,949.0,92.5,1,21091,6
1201,1074107,667.0,46.0,1,21092,0
1201,1074108,1630.0,915.5,1,21093,0
1201,1074109,949.0,92.5,1,21093,1
1201,1074110,862.5,18.5,1,21094,0
1201,1074111,1065.0,231.5,1,21094,1
1201,1074112,1170.5,375.5,2,21094,2
1201,1074113,1332.0,492.5,1,21094,3
1211,1074066,1065.0,231.5,1,21080,0
1211,1074067,1170.5,375.5,2,21080,1
1211,1074068,1332.0,492.5,1,21080,2
1211,1074069,905.75,55.5,2,21080,3
1211,1074070,982.0,75.5,1,21080,4
1211,1074071,1260.0,696.0,1,21081,0
1211,1074072,1519.0,697.0,1,21081,1
1211,1074073,949.0,92.5,1,21081,2
1211,1074074,982.0,75.5,1,21081,3
1211,1074075,421.5,33.5,1,21082,0
1211,1074076,1170.5,375.5,2,21083,0
1211,1074077,1065.0,231.5,1,21083,1
1211,1074078,905.75,55.5,2,21083,2
1211,1074079,949.0,92.5,1,21084,0
1211,1074080,1170.5,375.5,2,21084,1
1211,1074081,1332.0,492.5,1,21084,2
1211,1074082,1630.0,915.5,1,21084,3
1211,1074083,1065.0,231.5,1,21084,4
1211,1074084,1260.0,696.0,1,21084,5
1211,1074085,982.0,75.5,1,21084,6
1211,1074086,1170.5,375.5,2,21085,0
1211,1074087,1065.0,231.5,1,21085,1
1211,1074088,982.0,75.5,1,21085,2
1211,1074089,905.75,55.5,2,21085,3
1211,1074090,1332.0,492.5,1,21086,0
1211,1074091,1065.0,231.5,1,21086,1
1211,1074092,982.0,75.5,1,21086,2
1211,1074093,905.75,55.5,2,21086,3
1211,1074094,1519.0,697.0,1,21087,0
1211,1074095,1260.0,696.0,1,21087,1
1211,1074096,982.0,75.5,1,21087,2
1211,1074097,508.5,373.5,1,21088,0
1211,1074098,751.5,186.5,1,21089,0
1211,1074099,730.5,117.5,1,21090,0
1211,1074100,982.0,75.5,1,21091,0
1211,1074101,1065.0,231.5,1,21091,1
1211,1074102,1260.0,696.0,1,21091,2
1211,1074103,1212.0,371.5,1,21091,3
1211,1074104,1332.0,492.5,1,21091,4
1211,1074105,1519.0,697.0,1,21091,5
1211,1074106,949.0,92.5,1,21091,6
1211,1074107,667.0,46.0,1,21092,0
1211,1074108,1630.0,915.5,1,21093,0
1211,1074109,949.0,92.5,1,21093,1
1211,1074110,862.5,18.5,1,21094,0
1211,1074111,1065.0,231.5,1,21094,1
1211,1074112,1170.5,375.5,2,21094,2
1211,1074113,1332.0,492.5,1,21094,3
1221,1074066,1065.0,231.5,1,21080,0
1221,1074067,1170.5,375.5,2,21080,1
1221,1074068,1332.0,492.5,1,21080,2
1221,1074069,905.75,55.5,2,21080,3
1221,1074070,982.0,75.5,1,21080,4
1221,1074071,1260.0,696.0,1,21081,0
1221,1074072,1519.0,697.0,1,21081,1
1221,1074073,949.0,92.5,1,21081,2
1221,1074074,982.0,75.5,1,21081,3
1221,1074075,421.5,33.5,1,21082,0
1221,1074076,1170.5,375.5,2,21083,0
1221,1074077,1065.0,231.5,1,21083,1
1221,1074078,905.75,55.5,2,21083,2
1221,1074079,949.0,92.5,1,21084,0
1221,1074080,1170.5,375.5,2,21084,1
1221,1074081,1332.0,492.5,1,21084,2
1221,1074082,1630.0,915.5,1,21084,3
1221,1074083,1065.0,231.5,1,21084,4
1221,1074084,1260.0,696.0,1,21084,5
1221,1074085,982.0,75.5,1,21084,6
1221,1074086,1170.5,375.5,2,21085,0
1221,1074087,1065.0,231.5,1,21085,1
1221,1074088,982.0,75.5,1,21085,2
1221,1074089,905.75,55.5,2,21085,3
1221,1074090,1332.0,492.5,1,21086,0
1221,1074091,1065.0,231.5,1,21086,1
1221,1074092,982.0,75.5,1,21086,2
1221,1074093,905.75,55.5,2,21086,3
1221,1074094,1519.0,697.0,1,21087,0
1221,1074095,1260.0,696.0,1,21087,1
1221,1074096,982.0,75.5,1,21087,2
1221,1074097,508.5,373.5,1,21088,0
1221,1074098,751.5,186.5,1,21089,0
1221,1074099,730.5,117.5,1,21090,0
1221,1074100,982.0,75.5,1,21091,0
1221,1074101,1065.0,231.5,1,21091,1
1221,1074102,1260.0,696.0,1,21091,2
1221,1074103,1212.0,371.5,1,21091,3
1221,1074104,1332.0,492.5,1,21091,4
1221,1074105,1519.0,697.0,1,21091,5
1221,1074106,949.0,92.5,1,21091,6
1221,1074107,667.0,46.0,1,21092,0
1221,1074108,1630.0,915.5,1,21093,0
1221,1074109,949.0,92.5,1,21093,1
1221,1074110,862.5,18.5,1,21094,0
1221,1074111,1065.0,231.5,1,21094,1
1221,1074112,1170.5,375.5,2,21094,2
1221,1074113,1332.0,492.5,1,21094,3
1231,1074066,1065.0,231.5,1,21080,0
1231,1074067,1170.5,375.5,2,21080,1
1231,1074068,1332.0,492.5,1,21080,2
1231,1074069,905.75,55.5,2,21080,3
1231,1074070,982.0,75.5,1,21080,4
1231,1074071,1260.0,696.0,1,21081,0
1231,1074072,1519.0,697.0,1,21081,1
1231,1074073,949.0,92.5,1,21081,2
1231,1074074,982.0,75.5,1,21081,3
1231,1074075,421.5,33.5,1,21082,0
1231,1074076,1170.5,375.5,2,21083,0
1231,1074077,1065.0,231.5,1,21083,1
1231,1074078,905.75,55.5,2,21083,2
1231,1074079,949.0,92.5,1,21084,0
1231,1074080,1170.5,375.5,2,21084,1
1231,1074081,1332.0,492.5,1,21084,2
1231,1074082,1630.0,915.5,1,21084,3
1231,1074083,1065.0,231.5,1,21084,4
1231,1074084,1260.0,696.0,1,21084,5
1231,1074085,982.0,75.5,1,21084,6
1231,1074086,1170.5,375.5,2,21085,0
1231,1074087,1065.0,231.5,1,21085,1
1231,1074088,982.0,75.5,1,21085,2
1231,1074089,905.75,55.5,2,21085,3
1231,1074090,1332.0,492.5,1,21086,0
1231,1074091,1065.0,231.5,1,21086,1
1231,1074092,982.0,75.5,1,21086,2
1231,1074093,905.75,55.5,2,21086,3
1231,1074094,1519.0,697.0,1,21087,0
1231,1074095,1260.0,696.0,1,21087,1
1231,1074096,982.0,75.5,1,21087,2
1231,1074097,508.5,373.5,1,21088,0
1231,1074098,751.5,186.5,1,21089,0
1231,1074099,730.5,117.5,1,21090,0
1231,1074100,982.0,75.5,1,21091,0
1231,1074101,1065.0,231.5,1,21091,1
1231,1074102,1260.0,696.0,1,21091,2
1231,1074103,1212.0,371.5,1,21091,3
1231,1074104,1332.0,492.5,1,21091,4
1231,1074105,1519.0,697.0,1,21091,5
1231,1074106,949.0,92.5,1,21091,6
1231,1074107,667.0,46.0,1,21092,0
1231,1074108,1630.0,915.5,1,21093,0
1231,1074109,949.0,92.5,1,21093,1
1231,1074110,862.5,18.5,1,21094,0
1231,1074111,1065.0,231.5,1,21094,1
1231,1074112,1170.5,375.5,2,21094,2
1231,1074113,1332.0,492.5,1,21094,3
1241,1074066,1065.0,231.5,1,21080,0
1241,1074067,1170.5,375.5,2,21080,1
1241,1074068,1332.0,492.5,1,21080,2
1241,1074069,905.75,55.5,2,21080,3
1241,1074070,982.0,75.5,1,21080,4
1241,1074071,1260.0,696.0,1,21081,0
1241,1074072,1519.0,697.0,1,21081,1
1241,1074073,949.0,92.5,1,21081,2
1241,1074074,982.0,75.5,1,21081,3
1241,1074075,421.5,33.5,1,21082,0
1241,1074076,1170.5,375.5,2,21083,0
1241,1074077,1065.0,231.5,1,21083,1
1241,1074078,905.75,55.5,2,21083,2
1241,1074079,949.0,92.5,1,21084,0
1241,1074080,1170.5,375.5,2,21084,1
1241,1074081,1332.0,492.5,1,21084,2
1241,1074082,1630.0,915.5,1,21084,3
1241,1074083,1065.0,231.5,1,21084,4
1241,1074084,1260.0,696.0,1,21084,5
1241,1074085,982.0,75.5,1,21084,6
1241,1074086,1170.5,375.5,2,21085,0
1241,1074087,1065.0,231.5,1,21085,1
1241,1074088,982.0,75.5,1,21085,2
1241,1074089,905.75,55.5,2,21085,3
1241,1074090,1332.0,492.5,1,21086,0
1241,1074091,1065.0,231.5,1,21086,1
1241,1074092,982.0,75.5,1,21086,2
1241,1074093,905.75,55.5,2,21086,3
1241,1074094,1519.0,697.0,1,21087,0
1241,1074095,1260.0,696.0,1,21087,1
1241,1074096,982.0,75.5,1,21087,2
1241,1074097,508.5,373.5,1,21088,0
1241,1074098,751.5,186.5,1,21089,0
1241,1074099,730.5,117.5,1,21090,0
1241,1074100,982.0,75.5,1,21091,0
1241,1074101,1065.0,231.5,1,21091,1
1241,1074102,1260.0,696.0,1,21091,2
1241,1074103,1212.0,371.5,1,21091,3
1241,1074104,1332.0,492.5,1,21091,4
1241,1074105,1519.0,697.0,1,21091,5
1241,1074106,949.0,92.5,1,21091,6
1241,1074107,667.0,46.0,1,21092,0
1241,1074108,1630.0,915.5,1,21093,0
1241,1074109,949.0,92.5,1,21093,1
1241,1074110,862.5,18.5,1,21094,0
1241,1074111,1065.0,231.5,1,21094,1
1241,1074112,1170.5,375.5,2,21094,2
1241,1074113,1332.0,492.5,1,21094,3
1251,1074066,1052.5,226.5,1,21080,0
1251,1074067,1150.75,366.5,2,21080,1
1251,1074068,1310.5,478.5,1,21080,2
1251,1074069,929.25,68.25,2,21080,3
1251,1074070,998.0,87.5,1,21080,4
1251,1074071,1249.0,682.0,1,21081,0
1251,1074072,1484.0,685.0,1,21081,1
1251,1074073,995.0,108.0,1,21081,2
1251,1074074,998.0,87.5,1,21081,3
1251,1074075,424.5,55.0,1,21082,0
1251,1074076,1150.75,366.5,2,21083,0
1251,1074077,1052.5,226.5,1,21083,1
1251,1074078,929.25,68.25,2,21083,2
1251,1074079,995.0,108.0,1,21084,0
1251,1074080,1150.75,366.5,2,21084,1
1251,1074081,1310.5,478.5,1,21084,2
1251,1074082,1618.0,899.5,1,21084,3
1251,1074083,1052.5,226.5,1,21084,4
1251,1074084,1249.0,682.0,1,21084,5
1251,1074085,998.0,87.5,1,21084,6
1251,1074086,1150.75,366.5,2,21085,0
1251,1074087,1052.5,226.5,1,21085,1
1251,1074088,998.0,87.5,1,21085,2
1251,1074089,929.25,68.25,2,21085,3
1251,1074090,1310.5,478.5,1,21086,0
1251,1074091,1052.5,226.5,1,21086,1
1251,1074092,998.0,87.5,1,21086,2
1251,1074093,929.25,68.25,2,21086,3
1251,1074094,1484.0,685.0,1,21087,0
1251,1074095,1249.0,682.0,1,21087,1
1251,1074096,998.0,87.5,1,21087,2
1251,1074097,532.5,409.5,1,21088,0
1251,1074098,763.0,232.0,1,21089,0
1251,1074099,739.5,142.5,1,21090,0
1251,1074100,998.0,87.5,1,21091,0
1251,1074101,1052.5,226.5,1,21091,1
1251,1074102,1249.0,682.0,1,21091,2
1251,1074103,1189.0,363.0,1,21091,3
1251,1074104,1310.5,478.5,1,21091,4
1251,1074105,1484.0,685.0,1,21091,5
1251,1074106,995.0,108.0,1,21091,6
1251,1074107,676.5,65.0,1,21092,0
1251,1074108,1618.0,899.5,1,21093,0
1251,1074109,995.0,108.0,1,21093,1
1251,1074110,863.5,28.5,1,21094,0
1251,1074111,1052.5,226.5,1,21094,1
1251,1074112,1150.75,366.5,2,21094,2
1251,1074113,1310.5,478.5,1,21094,3
1271,1074114,946.5,23.5,1,21095,0
1271,1074115,1249.0,389.8333435058594,3,21095,1
1271,1074116,1094.0,298.0,1,21095,2
1271,1074117,1535.0,722.5,1,21095,3
1271,1074118,864.0,57.5,1,21095,4
1271,1074119,422.75,50.625,4,21096,0
1271,1074120,422.75,50.625,4,21097,0
1271,1074121,1270.0,395.5,2,21098,0
1271,1074122,1147.5,471.0,1,21098,1
1271,1074123,864.0,57.5,1,21098,2
1271,1074124,1007.5,160.5,1,21098,3
1271,1074125,946.5,23.5,1,21098,4
1271,1074126,1344.0,949.5,1,21099,0
1271,1074127,1241.0,715.5,1,21099,1
1271,1074128,838.0,889.0,1,21100,0
1271,1074129,496.5,326.0,1,21101,0
1271,1074130,1241.0,715.5,1,21102,0
1271,1074131,1344.0,949.5,1,21102,1
1271,1074132,1094.0,298.0,1,21103,0
1271,1074133,864.0,57.5,1,21103,1
1271,1074134,1007.5,160.5,1,21103,2
1271,1074135,946.5,23.5,1,21103,3
1271,1074136,1203.8333740234375,418.3333435058594,3,21104,0
1271,1074137,864.0,57.5,1,21105,0
1271,1074138,1249.0,389.8333435058594,3,21105,1
1271,1074139,1566.75,766.5,2,21105,2
1271,1074140,1094.0,298.0,1,21105,3
1271,1074141,946.5,23.5,1,21105,4
1271,1074142,1248.0,644.0,1,21106,0
1271,1074143,1283.0,385.5,1,21106,1
1271,1074144,1177.25,424.75,2,21107,0
1271,1074145,1007.5,160.5,1,21107,1
1271,1074146,946.5,23.5,1,21107,2
1271,1074147,864.0,57.5,1,21107,3
1271,1074148,1566.75,766.5,2,21108,0
1271,1074149,946.5,23.5,1,21108,1
1271,1074150,864.0,57.5,1,21108,2
1271,1074151,1566.75,766.5,2,21109,0
1271,1074152,864.0,57.5,1,21109,1
1271,1074153,1174.5,286.5,1,21110,0
1271,1074154,1283.0,385.5,1,21110,1
1271,1074155,1270.0,395.5,2,21111,0
1271,1074156,1248.0,644.0,1,21111,1
1271,1074157,1007.5,160.5,1,21111,2
1271,1074158,946.5,23.5,1,21111,3
1271,1074159,1174.5,286.5,1,21111,4
1271,1074160,864.0,57.5,1,21111,5
1271,1074161,1007.5,160.5,1,21112,0
1271,1074162,1249.0,389.8333435058594,3,21112,1
1271,1074163,1094.0,298.0,1,21112,2
1271,1074164,422.75,50.625,4,21113,0
1271,1074165,682.0,40.5,1,21114,0
1271,1074166,422.75,50.625,4,21115,0
1281,1074114,946.5,23.5,1,21095,0
1281,1074115,1249.0,389.8333435058594,3,21095,1
1281,1074116,1094.0,298.0,1,21095,2
1281,1074117,1535.0,722.5,1,21095,3
1281,1074118,864.0,57.5,1,21095,4
1281,1074119,422.75,50.625,4,21096,0
1281,1074120,422.75,50.625,4,21097,0
1281,1074121,1270.0,395.5,2,21098,0
1281,1074122,1147.5,471.0,1,21098,1
1281,1074123,864.0,57.5,1,21098,2
1281,1074124,1007.5,160.5,1,21098,3
1281,1074125,946.5,23.5,1,21098,4
1281,1074126,1344.0,949.5,1,21099,0
1281,1074127,1241.0,715.5,1,21099,1
1281,1074128,838.0,889.0,1,21100,0
1281,1074129,496.5,326.0,1,21101,0
1281,1074130,1241.0,715.5,1,21102,0
1281,1074131,1344.0,949.5,1,21102,1
1281,1074132,1094.0,298.0,1,21103,0
1281,1074133,864.0,57.5,1,21103,1
1281,1074134,1007.5,160.5,1,21103,2
1281,1074135,946.5,23.5,1,21103,3
1281,1074136,1203.8333740234375,418.3333435058594,3,21104,0
1281,1074137,864.0,57.5,1,21105,0
1281,1074138,1249.0,389.8333435058594,3,21105,1
1281,1074139,1566.75,766.5,2,21105,2
1281,1074140,1094.0,298.0,1,21105,3
1281,1074141,946.5,23.5,1,21105,4
1281,1074142,1248.0,644.0,1,21106,0
1281,1074143,1283.0,385.5,1,21106,1
1281,1074144,1177.25,424.75,2,21107,0
1281,1074145,1007.5,160.5,1,21107,1
1281,1074146,946.5,23.5,1,21107,2
1281,1074147,864.0,57.5,1,21107,3
1281,1074148,1566.75,766.5,2,21108,0
1281,1074149,946.5,23.5,1,21108,1
1281,1074150,864.0,57.5,1,21108,2
1281,1074151,1566.75,766.5,2,21109,0
1281,1074152,864.0,57.5,1,21109,1
1281,1074153,1174.5,286.5,1,21110,0
1281,1074154,1283.0,385.5,1,21110,1
1281,1074155,1270.0,395.5,2,21111,0
1281,1074156,1248.0,644.0,1,21111,1
1281,1074157,1007.5,160.5,1,21111,2
1281,1074158,946.5,23.5,1,21111,3
1281,1074159,1174.5,286.5,1,21111,4
1281,1074160,864.0,57.5,1,21111,5
1281,1074161,1007.5,160.5,1,21112,0
1281,1074162,1249.0,389.8333435058594,3,21112,1
1281,1074163,1094.0,298.0,1,21112,2
1281,1074164,422.75,50.625,4,21113,0
1281,1074165,682.0,40.5,1,21114,0
1281,1074166,422.75,50.625,4,21115,0
1291,1074114,946.5,23.5,1,21095,0
1291,1074115,1249.0,389.8333435058594,3,21095,1
1291,1074116,1094.0,298.0,1,21095,2
1291,1074117,1535.0,722.5,1,21095,3
1291,1074118,864.0,57.5,1,21095,4
1291,1074119,422.75,50.625,4,21096,0
1291,1074120,422.75,50.625,4,21097,0
1291,1074121,1270.0,395.5,2,21098,0
1291,1074122,1147.5,471.0,1,21098,1
1291,1074123,864.0,57.5,1,21098,2
1291,1074124,1007.5,160.5,1,21098,3
1291,1074125,946.5,23.5,1,21098,4
1291,1074126,1344.0,949.5,1,21099,0
1291,1074127,1241.0,715.5,1,21099,1
1291,1074128,838.0,889.0,1,21100,0
1291,1074129,496.5,326.0,1,21101,0
1291,1074130,1241.0,715.5,1,21102,0
1291,1074131,1344.0,949.5,1,21102,1
1291,1074132,1094.0,298.0,1,21103,0
1291,1074133,864.0,57.5,1,21103,1
1291,1074134,1007.5,160.5,1,21103,2
1291,1074135,946.5,23.5,1,21103,3
1291,1074136,1203.8333740234375,418.3333435058594,3,21104,0
1291,1074137,864.0,57.5,1,21105,0
1291,1074138,1249.0,389.8333435058594,3,21105,1
1291,1074139,1566.75,766.5,2,21105,2
1291,1074140,1094.0,298.0,1,21105,3
1291,1074141,946.5,23.5,1,21105,4
1291,1074142,1248.0,644.0,1,21106,0
1291,1074143,1283.0,385.5,1,21106,1
1291,1074144,1177.25,424.75,2,21107,0
1291,1074145,1007.5,160.5,1,21107,1
1291,1074146,946.5,23.5,1,21107,2
1291,1074147,864.0,57.5,1,21107,3
1291,1074148,1566.75,766.5,2,21108,0
1291,1074149,946.5,23.5,1,21108,1
1291,1074150,864.0,57.5,1,21108,2
1291,1074151,1566.75,766.5,2,21109,0
1291,1074152,864.0,57.5,1,21109,1
1291,1074153,1174.5,286.5,1,21110,0
1291,1074154,1283.0,385.5,1,21110,1
1291,1074155,1270.0,395.5,2,21111,0
1291,1074156,1248.0,644.0,1,21111,1
1291,1074157,1007.5,160.5,1,21111,2
1291,1074158,946.5,23.5,1,21111,3
1291,1074159,1174.5,286.5,1,21111,4
1291,1074160,864.0,57.5,1,21111,5
1291,1074161,1007.5,160.5,1,21112,0
1291,1074162,1249.0,389.8333435058594,3,21112,1
1291,1074163,1094.0,298.0,1,21112,2
1291,1074164,422.75,50.625,4,21113,0
1291,1074165,682.0,40.5,1,21114,0
1291,1074166,422.75,50.625,4,21115,0
1301,1074114,946.5,23.5,1,21095,0
1301,1074115,1249.0,389.8333435058594,3,21095,1
1301,1074116,1094.0,298.0,1,21095,2
1301,1074117,1535.0,722.5,1,21095,3
1301,1074118,864.0,57.5,1,21095,4
1301,1074119,422.75,50.625,4,21096,0
1301,1074120,422.75,50.625,4,21097,0
1301,1074121,1270.0,395.5,2,21098,0
1301,1074122,1147.5,471.0,1,21098,1
1301,1074123,864.0,57.5,1,21098,2
1301,1074124,1007.5,160.5,1,21098,3
1301,1074125,946.5,23.5,1,21098,4
1301,1074126,1344.0,949.5,1,21099,0
1301,1074127,1241.0,715.5,1,21099,1
1301,1074128,838.0,889.0,1,21100,0
1301,1074129,496.5,326.0,1,21101,0
1301,1074130,1241.0,715.5,1,21102,0
1301,1074131,1344.0,949.5,1,21102,1
1301,1074132,1094.0,298.0,1,21103,0
1301,1074133,864.0,57.5,1,21103,1
1301,1074134,1007.5,160.5,1,21103,2
1301,1074135,946.5,23.5,1,21103,3
1301,1074136,1203.8333740234375,418.3333435058594,3,21104,0
1301,1074137,864.0,57.5,1,21105,0
1301,1074138,1249.0,389.8333435058594,3,21105,1
1301,1074139,1566.75,766.5,2,21105,2
1301,1074140,1094.0,298.0,1,21105,3
1301,1074141,946.5,23.5,1,21105,4
1301,1074142,1248.0,644.0,1,21106,0
1301,1074143,1283.0,385.5,1,21106,1
1301,1074144,1177.25,424.75,2,21107,0
1301,1074145,1007.5,160.5,1,21107,1
1301,1074146,946.5,23.5,1,21107,2
1301,1074147,864.0,57.5,1,21107,3
1301,1074148,1566.75,766.5,2,21108,0
1301,1074149,946.5,23.5,1,21108,1
1301,1074150,864.0,57.5,1,21108,2
1301,1074151,1566.75,766.5,2,21109,0
1301,1074152,864.0,57.5,1,21109,1
1301,1074153,1174.5,286.5,1,21110,0
1301,1074154,1283.0,385.5,1,21110,1
1301,1074155,1270.0,395.5,2,21111,0
1301,1074156,1248.0,644.0,1,21111,1
1301,1074157,1007.5,160.5,1,21111,2
1301,1074158,946.5,23.5,1,21111,3
1301,1074159,1174.5,286.5,1,21111,4
1301,1074160,864.0,57.5,1,21111,5
1301,1074161,1007.5,160.5,1,21112,0
1301,1074162,1249.0,389.8333435058594,3,21112,1
1301,1074163,1094.0,298.0,1,21112,2
1301,1074164,422.75,50.625,4,21113,0
1301,1074165,682.0,40.5,1,21114,0
1301,1074166,422.75,50.625,4,21115,0
1311,1074114,946.5,23.5,1,21095,0
1311,1074115,1249.0,389.8333435058594,3,21095,1
1311,1074116,1094.0,298.0,1,21095,2
1311,1074117,1535.0,722.5,1,21095,3
1311,1074118,864.0,57.5,1,21095,4
1311,1074119,422.75,50.625,4,21096,0
1311,1074120,422.75,50.625,4,21097,0
1311,1074121,1270.0,395.5,2,21098,0
1311,1074122,1147.5,471.0,1,21098,1
1311,1074123,864.0,57.5,1,21098,2
1311,1074124,1007.5,160.5,1,21098,3
1311,1074125,946.5,23.5,1,21098,4
1311,1074126,1344.0,949.5,1,21099,0
1311,1074127,1241.0,715.5,1,21099,1
1311,1074128,838.0,889.0,1,21100,0
1311,1074129,496.5,326.0,1,21101,0
1311,1074130,1241.0,715.5,1,21102,0
1311,1074131,1344.0,949.5,1,21102,1
1311,1074132,1094.0,298.0,1,21103,0
1311,1074133,864.0,57.5,1,21103,1
1311,1074134,1007.5,160.5,1,21103,2
1311,1074135,946.5,23.5,1,21103,3
1311,1074136,1203.8333740234375,418.3333435058594,3,21104,0
1311,1074137,864.0,57.5,1,21105,0
1311,1074138,1249.0,389.8333435058594,3,21105,1
1311,1074139,1566.75,766.5,2,21105,2
1311,1074140,1094.0,298.0,1,21105,3
1311,1074141,946.5,23.5,1,21105,4
1311,1074142,1248.0,644.0,1,21106,0
1311,1074143,1283.0,385.5,1,21106,1
1311,1074144,1177.25,424.75,2,21107,0
1311,1074145,1007.5,160.5,1,21107,1
1311,1074146,946.5,23.5,1,21107,2
1311,1074147,864.0,57.5,1,21107,3
1311,1074148,1566.75,766.5,2,21108,0
1311,1074149,946.5,23.5,1,21108,1
1311,1074150,864.0,57.5,1,21108,2
1311,1074151,1566.75,766.5,2,21109,0
1311,1074152,864.0,57.5,1,21109,1
1311,1074153,1174.5,286.5,1,21110,0
1311,1074154,1283.0,385.5,1,21110,1
1311,1074155,1270.0,395.5,2,21111,0
1311,1074156,1248.0,644.0,1,21111,1
1311,1074157,1007.5,160.5,1,21111,2
1311,1074158,946.5,23.5,1,21111,3
1311,1074159,1174.5,286.5,1,21111,4
1311,1074160,864.0,57.5,1,21111,5
1311,1074161,1007.5,160.5,1,21112,0
1311,1074162,1249.0,389.8333435058594,3,21112,1
1311,1074163,1094.0,298.0,1,21112,2
1311,1074164,422.75,50.625,4,21113,0
1311,1074165,682.0,40.5,1,21114,0
1311,1074166,422.75,50.625,4,21115,0
1321,1074114,946.5,23.5,1,21095,0
1321,1074115,1249.0,389.8333435058594,3,21095,1
1321,1074116,1094.0,298.0,1,21095,2
1321,1074117,1535.0,722.5,1,21095,3
1321,1074118,864.0,57.5,1,21095,4
1321,1074119,422.75,50.625,4,21096,0
1321,1074120,422.75,50.625,4,21097,0
1321,1074121,1270.0,395.5,2,21098,0
1321,1074122,1147.5,471.0,1,21098,1
1321,1074123,864.0,57.5,1,21098,2
1321,1074124,1007.5,160.5,1,21098,3
1321,1074125,946.5,23.5,1,21098,4
1321,1074126,1344.0,949.5,1,21099,0
1321,1074127,1241.0,715.5,1,21099,1
1321,1074128,838.0,889.0,1,21100,0
1321,1074129,496.5,326.0,1,21101,0
1321,1074130,1241.0,715.5,1,21102,0
1321,1074131,1344.0,949.5,1,21102,1
1321,1074132,1094.0,298.0,1,21103,0
1321,1074133,864.0,57.5,1,21103,1
1321,1074134,1007.5,160.5,1,21103,2
1321,1074135,946.5,23.5,1,21103,3
1321,1074136,1203.8333740234375,418.3333435058594,3,21104,0
1321,1074137,864.0,57.5,1,21105,0
1321,1074138,1249.0,389.8333435058594,3,21105,1
1321,1074139,1566.75,766.5,2,21105,2
1321,1074140,1094.0,298.0,1,21105,3
1321,1074141,946.5,23.5,1,21105,4
1321,1074142,1248.0,644.0,1,21106,0
1321,1074143,1283.0,385.5,1,21106,1
1321,1074144,1177.25,424.75,2,21107,0
1321,1074145,1007.5,160.5,1,21107,1
1321,1074146,946.5,23.5,1,21107,2
1321,1074147,864.0,57.5,1,21107,3
1321,1074148,1566.75,766.5,2,21108,0
1321,1074149,946.5,23.5,1,21108,1
1321,1074150,864.0,57.5,1,21108,2
1321,1074151,1566.75,766.5,2,21109,0
1321,1074152,864.0,57.5,1,21109,1
1321,1074153,1174.5,286.5,1,21110,0
1321,1074154,1283.0,385.5,1,21110,1
1321,1074155,1270.0,395.5,2,21111,0
1321,1074156,1248.0,644.0,1,21111,1
1321,1074157,1007.5,160.5,1,21111,2
1321,1074158,946.5,23.5,1,21111,3
1321,1074159,1174.5,286.5,1,21111,4
1321,1074160,864.0,57.5,1,21111,5
1321,1074161,1007.5,160.5,1,21112,0
1321,1074162,1249.0,389.8333435058594,3,21112,1
1321,1074163,1094.0,298.0,1,21112,2
1321,1074164,422.75,50.625,4,21113,0
1321,1074165,682.0,40.5,1,21114,0
1321,1074166,422.75,50.625,4,21115,0
1331,1074114,946.5,23.5,1,21095,0
1331,1074115,1249.0,389.8333435058594,3,21095,1
1331,1074116,1094.0,298.0,1,21095,2
1331,1074117,1535.0,722.5,1,21095,3
1331,1074118,864.0,57.5,1,21095,4
1331,1074119,422.75,50.625,4,21096,0
1331,1074120,422.75,50.625,4,21097,0
1331,1074121,1270.0,395.5,2,21098,0
1331,1074122,1147.5,471.0,1,21098,1
1331,1074123,864.0,57.5,1,21098,2
1331,1074124,1007.5,160.5,1,21098,3
1331,1074125,946.5,23.5,1,21098,4
1331,1074126,1344.0,949.5,1,21099,0
1331,1074127,1241.0,715.5,1,21099,1
1331,1074128,838.0,889.0,1,21100,0
1331,1074129,496.5,326.0,1,21101,0
1331,1074130,1241.0,715.5,1,21102,0
1331,1074131,1344.0,949.5,1,21102,1
1331,1074132,1094.0,298.0,1,21103,0
1331,1074133,864.0,57.5,1,21103,1
1331,1074134,1007.5,160.5,1,21103,2
1331,1074135,946.5,23.5,1,21103,3
1331,1074136,1203.8333740234375,418.3333435058594,3,21104,0
1331,1074137,864.0,57.5,1,21105,0
1331,1074138,1249.0,389.8333435058594,3,21105,1
1331,1074139,1566.75,766.5,2,21105,2
1331,1074140,1094.0,298.0,1,21105,3
1331,1074141,946.5,23.5,1,21105,4
1331,1074142,1248.0,644.0,1,21106,0
1331,1074143,1283.0,385.5,1,21106,1
1331,1074144,1177.25,424.75,2,21107,0
1331,1074145,1007.5,160.5,1,21107,1
1331,1074146,946.5,23.5,1,21107,2
1331,1074147,864.0,57.5,1,21107,3
1331,1074148,1566.75,766.5,2,21108,0
1331,1074149,946.5,23.5,1,21108,1
1331,1074150,864.0,57.5,1,21108,2
1331,1074151,1566.75,766.5,2,21109,0
1331,1074152,864.0,57.5,1,21109,1
1331,1074153,1174.5,286.5,1,21110,0
1331,1074154,1283.0,385.5,1,21110,1
1331,1074155,1270.0,395.5,2,21111,0
1331,1074156,1248.0,644.0,1,21111,1
1331,1074157,1007.5,160.5,1,21111,2
1331,1074158,946.5,23.5,1,21111,3
1331,1074159,1174.5,286.5,1,21111,4
1331,1074160,864.0,57.5,1,21111,5
1331,1074161,1007.5,160.5,1,21112,0
1331,1074162,1249.0,389.8333435058594,3,21112,1
1331,1074163,1094.0,298.0,1,21112,2
1331,1074164,422.75,50.625,4,21113,0
1331,1074165,682.0,40.5,1,21114,0
1331,1074166,422.75,50.625,4,21115,0
1341,1074114,946.5,23.5,1,21095,0
1341,1074115,1249.0,389.8333435058594,3,21095,1
1341,1074116,1094.0,298.0,1,21095,2
1341,1074117,1535.0,722.5,1,21095,3
1341,1074118,864.0,57.5,1,21095,4
1341,1074119,422.75,50.625,4,21096,0
1341,1074120,422.75,50.625,4,21097,0
1341,1074121,1270.0,395.5,2,21098,0
1341,1074122,1147.5,471.0,1,21098,1
1341,1074123,864.0,57.5,1,21098,2
1341,1074124,1007.5,160.5,1,21098,3
1341,1074125,946.5,23.5,1,21098,4
1341,1074126,1344.0,949.5,1,21099,0
1341,1074127,1241.0,715.5,1,21099,1
1341,1074128,838.0,889.0,1,21100,0
1341,1074129,496.5,326.0,1,21101,0
1341,1074130,1241.0,715.5,1,21102,0
1341,1074131,1344.0,949.5,1,21102,1
1341,1074132,1094.0,298.0,1,21103,0
1341,1074133,864.0,57.5,1,21103,1
1341,1074134,1007.5,160.5,1,21103,2
1341,1074135,946.5,23.5,1,21103,3
1341,1074136,1203.8333740234375,418.3333435058594,3,21104,0
1341,1074137,864.0,57.5,1,21105,0
1341,1074138,1249.0,389.8333435058594,3,21105,1
1341,1074139,1566.75,766.5,2,21105,2
1341,1074140,1094.0,298.0,1,21105,3
1341,1074141,946.5,23.5,1,21105,4
1341,1074142,1248.0,644.0,1,21106,0
1341,1074143,1283.0,385.5,1,21106,1
1341,1074144,1177.25,424.75,2,21107,0
1341,1074145,1007.5,160.5,1,21107,1
1341,1074146,946.5,23.5,1,21107,2
1341,1074147,864.0,57.5,1,21107,3
1341,1074148,1566.75,766.5,2,21108,0
1341,1074149,946.5,23.5,1,21108,1
1341,1074150,864.0,57.5,1,21108,2
1341,1074151,1566.75,766.5,2,21109,0
1341,1074152,864.0,57.5,1,21109,1
1341,1074153,1174.5,286.5,1,21110,0
1341,1074154,1283.0,385.5,1,21110,1
1341,1074155,1270.0,395.5,2,21111,0
1341,1074156,1248.0,644.0,1,21111,1
1341,1074157,1007.5,160.5,1,21111,2
1341,1074158,946.5,23.5,1,21111,3
1341,1074159,1174.5,286.5,1,21111,4
1341,1074160,864.0,57.5,1,21111,5
1341,1074161,1007.5,160.5,1,21112,0
1341,1074162,1249.0,389.8333435058594,3,21112,1
1341,1074163,1094.0,298.0,1,21112,2
1341,1074164,422.75,50.625,4,21113,0
1341,1074165,682.0,40.5,1,21114,0
1341,1074166,422.75,50.625,4,21115,0
1351,1074114,946.5,23.5,1,21095,0
1351,1074115,1249.0,389.8333435058594,3,21095,1
1351,1074116,1094.0,298.0,1,21095,2
1351,1074117,1535.0,722.5,1,21095,3
1351,1074118,864.0,57.5,1,21095,4
1351,1074119,422.75,50.625,4,21096,0
1351,1074120,422.75,50.625,4,21097,0
1351,1074121,1270.0,395.5,2,21098,0
1351,1074122,1147.5,471.0,1,21098,1
1351,1074123,864.0,57.5,1,21098,2
1351,1074124,1007.5,160.5,1,21098,3
1351,1074125,946.5,23.5,1,21098,4
1351,1074126,1344.0,949.5,1,21099,0
1351,1074127,1241.0,715.5,1,21099,1
1351,1074128,838.0,889.0,1,21100,0
1351,1074129,496.5,326.0,1,21101,0
1351,1074130,1241.0,715.5,1,21102,0
1351,1074131,1344.0,949.5,1,21102,1
1351,1074132,1094.0,298.0,1,21103,0
1351,1074133,864.0,57.5,1,21103,1
1351,1074134,1007.5,160.5,1,21103,2
1351,1074135,946.5,23.5,1,21103,3
1351,1074136,1203.8333740234375,418.3333435058594,3,21104,0
1351,1074137,864.0,57.5,1,21105,0
1351,1074138,1249.0,389.8333435058594,3,21105,1
1351,1074139,1566.75,766.5,2,21105,2
1351,1074140,1094.0,298.0,1,21105,3
1351,1074141,946.5,23.5,1,21105,4
1351,1074142,1248.0,644.0,1,21106,0
1351,1074143,1283.0,385.5,1,21106,1
1351,1074144,1177.25,424.75,2,21107,0
1351,1074145,1007.5,160.5,1,21107,1
1351,1074146,946.5,23.5,1,21107,2
1351,1074147,864.0,57.5,1,21107,3
1351,1074148,1566.75,766.5,2,21108,0
1351,1074149,946.5,23.5,1,21108,1
1351,1074150,864.0,57.5,1,21108,2
1351,1074151,1566.75,766.5,2,21109,0
1351,1074152,864.0,57.5,1,21109,1
1351,1074153,1174.5,286.5,1,21110,0
1351,1074154,1283.0,385.5,1,21110,1
1351,1074155,1270.0,395.5,2,21111,0
1351,1074156,1248.0,644.0,1,21111,1
1351,1074157,1007.5,160.5,1,21111,2
1351,1074158,946.5,23.5,1,21111,3
1351,1074159,1174.5,286.5,1,21111,4
1351,1074160,864.0,57.5,1,21111,5
1351,1074161,1007.5,160.5,1,21112,0
1351,1074162,1249.0,389.8333435058594,3,21112,1
1351,1074163,1094.0,298.0,1,21112,2
1351,1074164,422.75,50.625,4,21113,0
1351,1074165,682.0,40.5,1,21114,0
1351,1074166,422.75,50.625,4,21115,0
1361,1074114,960.5,36.5,1,21095,0
1361,1074115,1234.25,374.5833435058594,2,21095,1
1361,1074116,1098.0,281.0,1,21095,2
1361,1074117,1507.0,693.0,1,21095,3
1361,1074118,895.0,71.5,1,21095,4
1361,1074119,425.25,60.45833206176758,3,21096,0
1361,1074120,425.25,60.45833206176758,3,21097,0
1361,1074121,1255.25,380.25,2,21098,0
1361,1074122,1132.5,450.0,1,21098,1
1361,1074123,895.0,71.5,1,21098,2
1361,1074124,1020.5,172.0,1,21098,3
1361,1074125,960.5,36.5,1,21098,4
1361,1074126,1336.0,916.0,1,21099,0
1361,1074127,1227.5,685.0,1,21099,1
1361,1074128,830.5,866.0,1,21100,0
1361,1074129,507.0,361.0,1,21101,0
1361,1074130,1227.5,685.0,1,21102,0
1361,1074131,1336.0,916.0,1,21102,1
1361,1074132,1098.0,281.0,1,21103,0
1361,1074133,895.0,71.5,1,21103,1
1361,1074134,1020.5,172.0,1,21103,2
1361,1074135,960.5,36.5,1,21103,3
1361,1074136,1187.8333740234375,400.0833435058594,2,21104,0
1361,1074137,895.0,71.5,1,21105,0
1361,1074138,1234.25,374.5833435058594,2,21105,1
1361,1074139,1540.0,739.5,2,21105,2
1361,1074140,1098.0,281.0,1,21105,3
1361,1074141,960.5,36.5,1,21105,4
1361,1074142,1235.0,619.0,1,21106,0
1361,1074143,1270.5,370.5,1,21106,1
1361,1074144,1161.0,404.75,2,21107,0
1361,1074145,1020.5,172.0,1,21107,1
1361,1074146,960.5,36.5,1,21107,2
1361,1074147,895.0,71.5,1,21107,3
1361,1074148,1540.0,739.5,2,21108,0
1361,1074149,960.5,36.5,1,21108,1
1361,1074150,895.0,71.5,1,21108,2
1361,1074151,1540.0,739.5,2,21109,0
1361,1074152,895.0,71.5,1,21109,1
1361,1074153,1192.0,305.5,1,21110,0
1361,1074154,1270.5,370.5,1,21110,1
1361,1074155,1255.25,380.25,2,21111,0
1361,1074156,1235.0,619.0,1,21111,1
1361,1074157,1020.5,172.0,1,21111,2
1361,1074158,960.5,36.5,1,21111,3
1361,1074159,1192.0,305.5,1,21111,4
1361,1074160,895.0,71.5,1,21111,5
1361,1074161,1020.5,172.0,1,21112,0
1361,1074162,1234.25,374.5833435058594,2,21112,1
1361,1074163,1098.0,281.0,1,21112,2
1361,1074164,425.25,60.45833206176758,3,21113,0
1361,1074165,684.0,49.5,1,21114,0
1361,1074166,425.25,60.45833206176758,3,21115,0
1371,1074114,960.5,36.5,1,21095,0
1371,1074115,1234.25,374.5833435058594,2,21095,1
1371,1074116,1098.0,281.0,1,21095,2
1371,1074117,1507.0,693.0,1,21095,3
1371,1074118,895.0,71.5,1,21095,4
1371,1074119,425.25,60.45833206176758,3,21096,0
1371,1074120,425.25,60.45833206176758,3,21097,0
1371,1074121,1255.25,380.25,2,21098,0
1371,1074122,1132.5,450.0,1,21098,1
1371,1074123,895.0,71.5,1,21098,2
1371,1074124,1020.5,172.0,1,21098,3
1371,1074125,960.5,36.5,1,21098,4
1371,1074126,1336.0,916.0,1,21099,0
1371,1074127,1227.5,685.0,1,21099,1
1371,1074128,830.5,866.0,1,21100,0
1371,1074129,507.0,361.0,1,21101,0
1371,1074130,1227.5,685.0,1,21102,0
1371,1074131,1336.0,916.0,1,21102,1
1371,1074132,1098.0,281.0,1,21103,0
1371,1074133,895.0,71.5,1,21103,1
1371,1074134,1020.5,172.0,1,21103,2
1371,1074135,960.5,36.5,1,21103,3
1371,1074136,1187.8333740234375,400.0833435058594,2,21104,0
1371,1074137,895.0,71.5,1,21105,0
1371,1074138,1234.25,374.5833435058594,2,21105,1
1371,1074139,1540.0,739.5,2,21105,2
1371,1074140,1098.0,281.0,1,21105,3
1371,1074141,960.5,36.5,1,21105,4
1371,1074142,1235.0,619.0,1,21106,0
1371,1074143,1270.5,370.5,1,21106,1
1371,1074144,1161.0,404.75,2,21107,0
1371,1074145,1020.5,172.0,1,21107,1
1371,1074146,960.5,36.5,1,21107,2
1371,1074147,895.0,71.5,1,21107,3
1371,1074148,1540.0,739.5,2,21108,0
1371,1074149,960.5,36.5,1,21108,1
1371,1074150,895.0,71.5,1,21108,2
1371,1074151,1540.0,739.5,2,21109,0
1371,1074152,895.0,71.5,1,21109,1
1371,1074153,1192.0,305.5,1,21110,0
1371,1074154,1270.5,370.5,1,21110,1
1371,1074155,1255.25,380.25,2,21111,0
1371,1074156,1235.0,619.0,1,21111,1
1371,1074157,1020.5,172.0,1,21111,2
1371,1074158,960.5,36.5,1,21111,3
1371,1074159,1192.0,305.5,1,21111,4
1371,1074160,895.0,71.5,1,21111,5
1371,1074161,1020.5,172.0,2,21112,0
1371,1074162,1234.25,374.5833435058594,2,21112,1
1371,1074163,1098.0,281.0,1,21112,2
1371,1074164,425.25,60.45833206176758,3,21113,0
1371,1074165,684.0,49.5,1,21114,0
1371,1074166,425.25,60.45833206176758,3,21115,0
1381,1074114,960.5,36.5,2,21095,0
1381,1074115,1234.25,374.5833435058594,2,21095,1
1381,1074116,1098.0,281.0,1,21095,2
1381,1074117,1507.0,693.0,1,21095,3
1381,1074118,895.0,71.5,1,21095,4
1381,1074119,425.25,60.45833206176758,3,21096,0
1381,1074120,425.25,60.45833206176758,3,21097,0
1381,1074121,1255.25,380.25,2,21098,0
1381,1074122,1132.5,450.0,1,21098,1
1381,1074123,895.0,71.5,1,21098,2
1381,1074124,1020.5,172.0,1,21098,3
1381,1074125,960.5,36.5,1,21098,4
1381,1074126,1336.0,916.0,1,21099,0
1381,1074127,1227.5,685.0,1,21099,1
1381,1074128,830.5,866.0,1,21100,0
1381,1074129,507.0,361.0,1,21101,0
1381,1074130,1227.5,685.0,1,21102,0
1381,1074131,1336.0,916.0,1,21102,1
1381,1074132,1098.0,281.0,1,21103,0
1381,1074133,895.0,71.5,1,21103,1
1381,1074134,1020.5,172.0,1,21103,2
1381,1074135,960.5,36.5,1,21103,3
1381,1074136,1187.8333740234375,400.0833435058594,2,21104,0
1381,1074137,895.0,71.5,1,21105,0
1381,1074138,1234.25,374.5833435058594,2,21105,1
1381,1074139,1540.0,739.5,2,21105,2
1381,1074140,1098.0,281.0,1,21105,3
1381,1074141,960.5,36.5,2,21105,4
1381,1074142,1235.0,619.0,1,21106,0
1381,1074143,1270.5,370.5,1,21106,1
1381,1074144,1161.0,404.75,2,21107,0
1381,1074145,1020.5,172.0,1,21107,1
1381,1074146,960.5,36.5,1,21107,2
1381,1074147,895.0,71.5,1,21107,3
1381,1074148,1540.0,739.5,2,21108,0
1381,1074149,960.5,36.5,1,21108,1
1381,1074150,895.0,71.5,1,21108,2
1381,1074151,1540.0,739.5,2,21109,0
1381,1074152,895.0,71.5,1,21109,1
1381,1074153,1192.0,305.5,1,21110,0
1381,1074154,1270.5,370.5,1,21110,1
1381,1074155,1255.25,380.25,2,21111,0
1381,1074156,1235.0,619.0,1,21111,1
1381,1074157,1020.5,172.0,1,21111,2
1381,1074158,960.5,36.5,1,21111,3
1381,1074159,1192.0,305.5,1,21111,4
1381,1074160,895.0,71.5,1,21111,5
1381,1074161,1020.5,172.0,2,21112,0
1381,1074162,1234.25,374.5833435058594,2,21112,1
1381,1074163,1098.0,281.0,1,21112,2
1381,1074164,425.25,60.45833206176758,3,21113,0
1381,1074165,684.0,49.5,1,21114,0
1381,1074166,425.25,60.45833206176758,3,21115,0
1391,1074114,960.5,36.5,2,21095,0
1391,1074115,1234.25,374.5833435058594,2,21095,1
1391,1074116,1098.0,281.0,1,21095,2
1391,1074117,1507.0,693.0,1,21095,3
1391,1074118,895.0,71.5,1,21095,4
1391,1074119,425.25,60.45833206176758,3,21096,0
1391,1074120,425.25,60.45833206176758,3,21097,0
1391,1074121,1255.25,380.25,2,21098,0
1391,1074122,1132.5,450.0,1,21098,1
1391,1074123,895.0,71.5,1,21098,2
1391,1074124,1020.5,172.0,1,21098,3
1391,1074125,960.5,36.5,1,21098,4
1391,1074126,1336.0,916.0,1,21099,0
1391,1074127,1227.5,685.0,1,21099,1
1391,1074128,830.5,866.0,1,21100,0
1391,1074129,507.0,361.0,1,21101,0
1391,1074130,1227.5,685.0,1,21102,0
1391,1074131,1336.0,916.0,1,21102,1
1391,1074132,1098.0,281.0,1,21103,0
1391,1074133,895.0,71.5,1,21103,1
1391,1074134,1020.5,172.0,1,21103,2
1391,1074135,960.5,36.5,1,21103,3
1391,1074136,1187.8333740234375,400.0833435058594,2,21104,0
1391,1074137,895.0,71.5,1,21105,0
1391,1074138,1234.25,374.5833435058594,2,21105,1
1391,1074139,1540.0,739.5,2,21105,2
1391,1074140,1098.0,281.0,1,21105,3
1391,1074141,960.5,36.5,2,21105,4
1391,1074142,1235.0,619.0,1,21106,0
1391,1074143,1270.5,370.5,1,21106,1
1391,1074144,1161.0,404.75,2,21107,0
1391,1074145,1020.5,172.0,1,21107,1
1391,1074146,960.5,36.5,1,21107,2
1391,1074147,895.0,71.5,1,21107,3
1391,1074148,1540.0,739.5,2,21108,0
1391,1074149,960.5,36.5,1,21108,1
1391,1074150,895.0,71.5,1,21108,2
1391,1074151,1540.0,739.5,2,21109,0
1391,1074152,895.0,71.5,1,21109,1
1391,1074153,1192.0,305.5,1,21110,0
1391,1074154,1270.5,370.5,1,21110,1
1391,1074155,1255.25,380.25,2,21111,0
1391,1074156,1235.0,619.0,1,21111,1
1391,1074157,1020.5,172.0,1,21111,2
1391,1074158,960.5,36.5,1,21111,3
1391,1074159,1192.0,305.5,1,21111,4
1391,1074160,895.0,71.5,1,21111,5
1391,1074161,1020.5,172.0,2,21112,0
1391,1074162,1234.25,374.5833435058594,2,21112,1
1391,1074163,1098.0,281.0,1,21112,2
1391,1074164,425.25,60.45833206176758,3,21113,0
1391,1074165,684.0,49.5,1,21114,0
1391,1074166,425.25,60.45833206176758,3,21115,0
1401,1074114,960.5,36.5,2,21095,0
1401,1074115,1234.25,374.5833435058594,2,21095,1
1401,1074116,1098.0,281.0,1,21095,2
1401,1074117,1507.0,693.0,1,21095,3
1401,1074118,895.0,71.5,1,21095,4
1401,1074119,425.25,60.45833206176758,3,21096,0
1401,1074120,425.25,60.45833206176758,3,21097,0
1401,1074121,1255.25,380.25,2,21098,0
1401,1074122,1132.5,450.0,1,21098,1
1401,1074123,895.0,71.5,1,21098,2
1401,1074124,1020.5,172.0,1,21098,3
1401,1074125,960.5,36.5,1,21098,4
1401,1074126,1336.0,916.0,1,21099,0
1401,1074127,1227.5,685.0,1,21099,1
1401,1074128,830.5,866.0,1,21100,0
1401,1074129,507.0,361.0,1,21101,0
1401,1074130,1227.5,685.0,1,21102,0
1401,1074131,1336.0,916.0,1,21102,1
1401,1074132,1098.0,281.0,1,21103,0
1401,1074133,895.0,71.5,1,21103,1
1401,1074134,1020.5,172.0,1,21103,2
1401,1074135,960.5,36.5,1,21103,3
1401,1074136,1187.8333740234375,400.0833435058594,2,21104,0
1401,1074137,895.0,71.5,1,21105,0
1401,1074138,1234.25,374.5833435058594,2,21105,1
1401,1074139,1540.0,739.5,2,21105,2
1401,1074140,1098.0,281.0,1,21105,3
1401,1074141,960.5,36.5,2,21105,4
1401,1074142,1235.0,619.0,1,21106,0
1401,1074143,1270.5,370.5,1,21106,1
1401,1074144,1161.0,404.75,2,21107,0
1401,1074145,1020.5,172.0,1,21107,1
1401,1074146,960.5,36.5,1,21107,2
1401,1074147,895.0,71.5,1,21107,3
1401,1074148,1540.0,739.5,2,21108,0
1401,1074149,960.5,36.5,1,21108,1
1401,1074150,895.0,71.5,1,21108,2
1401,1074151,1540.0,739.5,2,21109,0
1401,1074152,895.0,71.5,1,21109,1
1401,1074153,1192.0,305.5,1,21110,0
1401,1074154,1270.5,370.5,1,21110,1
1401,1074155,1255.25,380.25,2,21111,0
1401,1074156,1235.0,619.0,1,21111,1
1401,1074157,1020.5,172.0,1,21111,2
1401,1074158,960.5,36.5,1,21111,3
1401,1074159,1192.0,305.5,1,21111,4
1401,1074160,895.0,71.5,1,21111,5
1401,1074161,1020.5,172.0,2,21112,0
1401,1074162,1234.25,374.5833435058594,2,21112,1
1401,1074163,1098.0,281.0,1,21112,2
1401,1074164,425.25,60.45833206176758,3,21113,0
1401,1074165,684.0,49.5,1,21114,0
1401,1074166,425.25,60.45833206176758,3,21115,0
1411,1074114,960.5,36.5,2,21095,0
1411,1074115,1234.25,374.5833435058594,2,21095,1
1411,1074116,1098.0,281.0,1,21095,2
1411,1074117,1507.0,693.0,1,21095,3
1411,1074118,895.0,71.5,1,21095,4
1411,1074119,425.25,60.45833206176758,3,21096,0
1411,1074120,425.25,60.45833206176758,3,21097,0
1411,1074121,1255.25,380.25,2,21098,0
1411,1074122,1132.5,450.0,1,21098,1
1411,1074123,895.0,71.5,1,21098,2
1411,1074124,1020.5,172.0,1,21098,3
1411,1074125,960.5,36.5,1,21098,4
1411,1074126,1336.0,916.0,1,21099,0
1411,1074127,1227.5,685.0,1,21099,1
1411,1074128,830.5,866.0,1,21100,0
1411,1074129,507.0,361.0,1,21101,0
1411,1074130,1227.5,685.0,1,21102,0
1411,1074131,1336.0,916.0,1,21102,1
1411,1074132,1098.0,281.0,1,21103,0
1411,1074133,895.0,71.5,1,21103,1
1411,1074134,1020.5,172.0,1,21103,2
1411,1074135,960.5,36.5,1,21103,3
1411,1074136,1187.8333740234375,400.0833435058594,2,21104,0
1411,1074137,895.0,71.5,1,21105,0
1411,1074138,1234.25,374.5833435058594,2,21105,1
1411,1074139,1540.0,739.5,2,21105,2
1411,1074140,1098.0,281.0,1,21105,3
1411,1074141,960.5,36.5,2,21105,4
1411,1074142,1235.0,619.0,1,21106,0
1411,1074143,1270.5,370.5,1,21106,1
1411,1074144,1161.0,404.75,2,21107,0
1411,1074145,1020.5,172.0,1,21107,1
1411,1074146,960.5,36.5,1,21107,2
1411,1074147,895.0,71.5,1,21107,3
1411,1074148,1540.0,739.5,2,21108,0
1411,1074149,960.5,36.5,1,21108,1
1411,1074150,895.0,71.5,1,21108,2
1411,1074151,1540.0,739.5,2,21109,0
1411,1074152,895.0,71.5,1,21109,1
1411,1074153,1192.0,305.5,1,21110,0
1411,1074154,1270.5,370.5,1,21110,1
1411,1074155,1255.25,380.25,2,21111,0
1411,1074156,1235.0,619.0,1,21111,1
1411,1074157,1020.5,172.0,1,21111,2
1411,1074158,960.5,36.5,1,21111,3
1411,1074159,1192.0,305.5,1,21111,4
1411,1074160,895.0,71.5,1,21111,5
1411,1074161,1020.5,172.0,2,21112,0
1411,1074162,1234.25,374.5833435058594,2,21112,1
1411,1074163,1098.0,281.0,1,21112,2
1411,1074164,425.25,60.45833206176758,3,21113,0
1411,1074165,684.0,49.5,1,21114,0
1411,1074166,425.25,60.45833206176758,3,21115,0
1421,1074114,960.5,36.5,2,21095,0
1421,1074115,1234.25,374.5833435058594,2,21095,1
1421,1074116,1098.0,281.0,1,21095,2
1421,1074117,1507.0,693.0,1,21095,3
1421,1074118,895.0,71.5,1,21095,4
1421,1074119,425.25,60.45833206176758,3,21096,0
1421,1074120,425.25,60.45833206176758,3,21097,0
1421,1074121,1255.25,380.25,2,21098,0
1421,1074122,1132.5,450.0,1,21098,1
1421,1074123,895.0,71.5,1,21098,2
1421,1074124,1020.5,172.0,1,21098,3
1421,1074125,960.5,36.5,1,21098,4
1421,1074126,1336.0,916.0,1,21099,0
1421,1074127,1227.5,685.0,1,21099,1
1421,1074128,830.5,866.0,1,21100,0
1421,1074129,507.0,361.0,1,21101,0
1421,1074130,1227.5,685.0,1,21102,0
1421,1074131,1336.0,916.0,1,21102,1
1421,1074132,1098.0,281.0,1,21103,0
1421,1074133,895.0,71.5,1,21103,1
1421,1074134,1020.5,172.0,1,21103,2
1421,1074135,960.5,36.5,1,21103,3
1421,1074136,1187.8333740234375,400.0833435058594,2,21104,0
1421,1074137,895.0,71.5,1,21105,0
1421,1074138,1234.25,374.5833435058594,2,21105,1
1421,1074139,1540.0,739.5,2,21105,2
1421,1074140,1098.0,281.0,1,21105,3
1421,1074141,960.5,36.5,2,21105,4
1421,1074142,1235.0,619.0,1,21106,0
1421,1074143,1270.5,370.5,1,21106,1
1421,1074144,1161.0,404.75,2,21107,0
1421,1074145,1020.5,172.0,1,21107,1
1421,1074146,960.5,36.5,1,21107,2
1421,1074147,895.0,71.5,1,21107,3
1421,1074148,1540.0,739.5,2,21108,0
1421,1074149,960.5,36.5,1,21108,1
1421,1074150,895.0,71.5,1,21108,2
1421,1074151,1540.0,739.5,2,21109,0
1421,1074152,895.0,71.5,1,21109,1
1421,1074153,1192.0,305.5,1,21110,0
1421,1074154,1270.5,370.5,1,21110,1
1421,1074155,1255.25,380.25,2,21111,0
1421,1074156,1235.0,619.0,1,21111,1
1421,1074157,1020.5,172.0,1,21111,2
1421,1074158,960.5,36.5,1,21111,3
1421,1074159,1192.0,305.5,1,21111,4
1421,1074160,895.0,71.5,1,21111,5
1421,1074161,1020.5,172.0,2,21112,0
1421,1074162,1234.25,374.5833435058594,2,21112,1
1421,1074163,1098.0,281.0,1,21112,2
1421,1074164,425.25,60.45833206176758,3,21113,0
1421,1074165,684.0,49.5,1,21114,0
1421,1074166,425.25,60.45833206176758,3,21115,0
1431,1074114,960.5,36.5,2,21095,0
1431,1074115,1234.25,374.5833435058594,2,21095,1
1431,1074116,1098.0,281.0,1,21095,2
1431,1074117,1507.0,693.0,1,21095,3
1431,1074118,895.0,71.5,1,21095,4
1431,1074119,425.25,60.45833206176758,3,21096,0
1431,1074120,425.25,60.45833206176758,3,21097,0
1431,1074121,1255.25,380.25,2,21098,0
1431,1074122,1132.5,450.0,1,21098,1
1431,1074123,895.0,71.5,1,21098,2
1431,1074124,1020.5,172.0,1,21098,3
1431,1074125,960.5,36.5,1,21098,4
1431,1074126,1336.0,916.0,1,21099,0
1431,1074127,1227.5,685.0,1,21099,1
1431,1074128,830.5,866.0,1,21100,0
1431,1074129,507.0,361.0,1,21101,0
1431,1074130,1227.5,685.0,1,21102,0
1431,1074131,1336.0,916.0,1,21102,1
1431,1074132,1098.0,281.0,1,21103,0
1431,1074133,895.0,71.5,1,21103,1
1431,1074134,1020.5,172.0,1,21103,2
1431,1074135,960.5,36.5,1,21103,3
1431,1074136,1187.8333740234375,400.0833435058594,2,21104,0
1431,1074137,895.0,71.5,1,21105,0
1431,1074138,1234.25,374.5833435058594,2,21105,1
1431,1074139,1540.0,739.5,2,21105,2
1431,1074140,1098.0,281.0,1,21105,3
1431,1074141,960.5,36.5,2,21105,4
1431,1074142,1235.0,619.0,1,21106,0
1431,1074143,1270.5,370.5,1,21106,1
1431,1074144,1161.0,404.75,2,21107,0
1431,1074145,1020.5,172.0,1,21107,1
1431,1074146,960.5,36.5,1,21107,2
1431,1074147,895.0,71.5,1,21107,3
1431,1074148,1540.0,739.5,2,21108,0
1431,1074149,960.5,36.5,1,21108,1
1431,1074150,895.0,71.5,1,21108,2
1431,1074151,1540.0,739.5,2,21109,0
1431,1074152,895.0,71.5,1,21109,1
1431,1074153,1192.0,305.5,1,21110,0
1431,1074154,1270.5,370.5,1,21110,1
1431,1074155,1255.25,380.25,2,21111,0
1431,1074156,1235.0,619.0,1,21111,1
1431,1074157,1020.5,172.0,1,21111,2
1431,1074158,960.5,36.5,1,21111,3
1431,1074159,1192.0,305.5,1,21111,4
1431,1074160,895.0,71.5,1,21111,5
1431,1074161,1020.5,172.0,2,21112,0
1431,1074162,1234.25,374.5833435058594,2,21112,1
1431,1074163,1098.0,281.0,1,21112,2
1431,1074164,425.25,60.45833206176758,3,21113,0
1431,1074165,684.0,49.5,1,21114,0
1431,1074166,425.25,60.45833206176758,3,21115,0
1441,1074114,960.5,36.5,2,21095,0
1441,1074115,1234.25,374.5833435058594,2,21095,1
1441,1074116,1098.0,281.0,1,21095,2
1441,1074117,1507.0,693.0,1,21095,3
1441,1074118,895.0,71.5,1,21095,4
1441,1074119,425.25,60.45833206176758,3,21096,0
1441,1074120,425.25,60.45833206176758,3,21097,0
1441,1074121,1255.25,380.25,2,21098,0
1441,1074122,1132.5,450.0,1,21098,1
1441,1074123,895.0,71.5,1,21098,2
1441,1074124,1020.5,172.0,1,21098,3
1441,1074125,960.5,36.5,1,21098,4
1441,1074126,1336.0,916.0,1,21099,0
1441,1074127,1227.5,685.0,1,21099,1
1441,1074128,830.5,866.0,1,21100,0
1441,1074129,507.0,361.0,1,21101,0
1441,1074130,1227.5,685.0,1,21102,0
1441,1074131,1336.0,916.0,1,21102,1
1441,1074132,1098.0,281.0,1,21103,0
1441,1074133,895.0,71.5,1,21103,1
1441,1074134,1020.5,172.0,1,21103,2
1441,1074135,960.5,36.5,1,21103,3
1441,1074136,1187.8333740234375,400.0833435058594,2,21104,0
1441,1074137,895.0,71.5,1,21105,0
1441,1074138,1234.25,374.5833435058594,2,21105,1
1441,1074139,1540.0,739.5,2,21105,2
1441,1074140,1098.0,281.0,1,21105,3
1441,1074141,960.5,36.5,2,21105,4
1441,1074142,1235.0,619.0,1,21106,0
1441,1074143,1270.5,370.5,1,21106,1
1441,1074144,1161.0,404.75,2,21107,0
1441,1074145,1020.5,172.0,1,21107,1
1441,1074146,960.5,36.5,1,21107,2
1441,1074147,895.0,71.5,1,21107,3
1441,1074148,1540.0,739.5,2,21108,0
1441,1074149,960.5,36.5,1,21108,1
1441,1074150,895.0,71.5,1,21108,2
1441,1074151,1540.0,739.5,2,21109,0
1441,1074152,895.0,71.5,1,21109,1
1441,1074153,1192.0,305.5,1,21110,0
1441,1074154,1270.5,370.5,1,21110,1
1441,1074155,1255.25,380.25,2,21111,0
1441,1074156,1235.0,619.0,1,21111,1
1441,1074157,1020.5,172.0,1,21111,2
1441,1074158,960.5,36.5,1,21111,3
1441,1074159,1192.0,305.5,1,21111,4
1441,1074160,895.0,71.5,1,21111,5
1441,1074161,1020.5,172.0,2,21112,0
1441,1074162,1234.25,374.5833435058594,2,21112,1
1441,1074163,1098.0,281.0,1,21112,2
1441,1074164,425.25,60.45833206176758,3,21113,0
1441,1074165,684.0,49.5,1,21114,0
1441,1074166,425.25,60.45833206176758,3,21115,0
1451,1074114,960.5,36.5,2,21095,0
1451,1074115,1234.25,374.5833435058594,2,21095,1
1451,1074116,1098.0,281.0,1,21095,2
1451,1074117,1507.0,693.0,1,21095,3
1451,1074118,895.0,71.5,1,21095,4
1451,1074119,425.25,60.45833206176758,3,21096,0
1451,1074120,425.25,60.45833206176758,3,21097,0
1451,1074121,1255.25,380.25,2,21098,0
1451,1074122,1132.5,450.0,1,21098,1
1451,1074123,895.0,71.5,1,21098,2
1451,1074124,1020.5,172.0,1,21098,3
1451,1074125,960.5,36.5,1,21098,4
1451,1074126,1336.0,916.0,1,21099,0
1451,1074127,1227.5,685.0,1,21099,1
1451,1074128,830.5,866.0,1,21100,0
1451,1074129,507.0,361.0,1,21101,0
1451,1074130,1227.5,685.0,1,21102,0
1451,1074131,1336.0,916.0,1,21102,1
1451,1074132,1098.0,281.0,1,21103,0
1451,1074133,895.0,71.5,1,21103,1
1451,1074134,1020.5,172.0,1,21103,2
1451,1074135,960.5,36.5,1,21103,3
1451,1074136,1187.8333740234375,400.0833435058594,2,21104,0
1451,1074137,895.0,71.5,1,21105,0
1451,1074138,1234.25,374.5833435058594,2,21105,1
1451,1074139,1540.0,739.5,2,21105,2
1451,1074140,1098.0,281.0,1,21105,3
1451,1074141,960.5,36.5,2,21105,4
1451,1074142,1235.0,619.0,1,21106,0
1451,1074143,1270.5,370.5,1,21106,1
1451,1074144,1161.0,404.75,2,21107,0
1451,1074145,1020.5,172.0,1,21107,1
1451,1074146,960.5,36.5,1,21107,2
1451,1074147,895.0,71.5,1,21107,3
1451,1074148,1540.0,739.5,2,21108,0
1451,1074149,960.5,36.5,1,21108,1
1451,1074150,895.0,71.5,1,21108,2
1451,1074151,1540.0,739.5,2,21109,0
1451,1074152,895.0,71.5,1,21109,1
1451,1074153,1192.0,305.5,1,21110,0
1451,1074154,1270.5,370.5,1,21110,1
1451,1074155,1255.25,380.25,2,21111,0
1451,1074156,1235.0,619.0,1,21111,1
1451,1074157,1020.5,172.0,1,21111,2
1451,1074158,960.5,36.5,1,21111,3
1451,1074159,1192.0,305.5,1,21111,4
1451,1074160,895.0,71.5,1,21111,5
1451,1074161,1020.5,172.0,2,21112,0
1451,1074162,1234.25,374.5833435058594,2,21112,1
1451,1074163,1098.0,281.0,1,21112,2
1451,1074164,425.25,60.45833206176758,3,21113,0
1451,1074165,684.0,49.5,1,21114,0
1451,1074166,425.25,60.45833206176758,3,21115,0
1461,1074114,964.0,40.5,2,21095,0
1461,1074115,1222.5,364.3333435058594,2,21095,1
1461,1074116,1087.0,276.5,1,21095,2
1461,1074117,1502.5,673.5,1,21095,3
1461,1074118,913.5,96.5,1,21095,4
1461,1074119,429.5,79.95832824707031,2,21096,0
1461,1074120,429.5,79.95832824707031,2,21097,0
1461,1074121,1243.5,370.0,2,21098,0
1461,1074122,1122.0,435.5,1,21098,1
1461,1074123,913.5,96.5,1,21098,2
1461,1074124,1039.0,183.0,1,21098,3
1461,1074125,979.5,56.5,1,21098,4
1461,1074126,1324.0,893.5,1,21099,0
1461,1074127,1215.5,667.0,1,21099,1
1461,1074128,821.5,844.5,1,21100,0
1461,1074129,523.0,399.0,1,21101,0
1461,1074130,1215.5,667.0,1,21102,0
1461,1074131,1324.0,893.5,1,21102,1
1461,1074132,1087.0,276.5,1,21103,0
1461,1074133,913.5,96.5,1,21103,1
1461,1074134,1039.0,183.0,1,21103,2
1461,1074135,979.5,56.5,1,21103,3
1461,1074136,1175.8333740234375,386.3333435058594,2,21104,0
1461,1074137,913.5,96.5,1,21105,0
1461,1074138,1222.5,364.3333435058594,2,21105,1
1461,1074139,1538.25,728.25,2,21105,2
1461,1074140,1087.0,276.5,1,21105,3
1461,1074141,964.0,40.5,2,21105,4
1461,1074142,1219.0,603.5,1,21106,0
1461,1074143,1260.5,363.0,1,21106,1
1461,1074144,1149.75,391.5,2,21107,0
1461,1074145,1039.0,183.0,1,21107,1
1461,1074146,979.5,56.5,1,21107,2
1461,1074147,913.5,96.5,1,21107,3
1461,1074148,1538.25,728.25,2,21108,0
1461,1074149,979.5,56.5,1,21108,1
1461,1074150,913.5,96.5,1,21108,2
1461,1074151,1538.25,728.25,2,21109,0
1461,1074152,913.5,96.5,1,21109,1
1461,1074153,1218.0,333.0,1,21110,0
1461,1074154,1260.5,363.0,1,21110,1
1461,1074155,1243.5,370.0,2,21111,0
1461,1074156,1219.0,603.5,1,21111,1
1461,1074157,1039.0,183.0,1,21111,2
1461,1074158,979.5,56.5,1,21111,3
1461,1074159,1218.0,333.0,1,21111,4
1461,1074160,913.5,96.5,1,21111,5
1461,1074161,1023.75,171.5,2,21112,0
1461,1074162,1222.5,364.3333435058594,2,21112,1
1461,1074163,1087.0,276.5,1,21112,2
1461,1074164,429.5,79.95832824707031,2,21113,0
1461,1074165,685.5,64.0,1,21114,0
1461,1074166,429.5,79.95832824707031,2,21115,0
1481,1074167,1222.5,333.5,1,21116,0
1481,1074168,1321.5,435.5,1,21116,1
1481,1074169,1164.5,313.5,1,21116,2
1481,1074170,483.75,298.25,2,21117,0
1481,1074171,1042.625,188.75,4,21118,0
1481,1074172,997.25,122.75,2,21118,1
1481,1074173,631.0,365.0,1,21119,0
1481,1074174,504.0,112.0,1,21119,1
1481,1074175,1048.25,146.75,2,21120,0
1481,1074176,1169.5,546.5,1,21120,1
1481,1074177,1042.625,188.75,4,21120,2
1481,1074178,1164.5,313.5,1,21120,3
1481,1074179,1169.5,546.5,1,21121,0
1481,1074180,1320.0,865.0,1,21121,1
1481,1074181,971.6666870117188,99.16666412353516,3,21121,2
1481,1074182,1042.625,188.75,4,21122,0
1481,1074183,1164.5,313.5,1,21122,1
1481,1074184,971.6666870117188,99.16666412353516,3,21122,2
1481,1074185,1065.5,124.75,2,21123,0
1481,1074186,1120.0,194.0,1,21123,1
1481,1074187,1540.0,727.0,1,21123,2
1481,1074188,839.25,9.25,2,21124,0
1481,1074189,504.0,112.0,1,21125,0
1481,1074190,631.0,365.0,1,21125,1
1481,1074191,1052.6666259765625,131.5,3,21126,0
1481,1074192,1120.0,194.0,1,21126,1
1481,1074193,1164.5,313.5,1,21126,2
1481,1074194,759.5,200.25,2,21127,0
1481,1074195,445.5,123.5,1,21128,0
1481,1074196,944.0,76.25,2,21129,0
1481,1074197,1042.3333740234375,178.6666717529297,3,21129,1
1481,1074198,1164.5,313.5,1,21129,2
1481,1074199,1540.0,727.0,1,21129,3
1481,1074200,1169.5,546.5,1,21129,4
1481,1074201,416.3333435058594,21.33333396911621,3,21130,0
1481,1074202,416.3333435058594,21.33333396911621,3,21131,0
1481,1074203,839.25,9.25,2,21132,0
1481,1074204,1320.0,865.0,1,21133,0
1481,1074205,1169.5,546.5,1,21133,1
1481,1074206,416.3333435058594,21.33333396911621,3,21134,0
1481,1074207,1042.625,188.75,4,21135,0
1481,1074208,1164.5,313.5,1,21135,1
1481,1074209,1009.2000122070312,109.4000015258789,5,21135,2
1481,1074210,1164.5,313.5,1,21136,0
1481,1074211,1042.3333740234375,178.6666717529297,3,21136,1
1481,1074212,1222.5,333.5,1,21136,2
1481,1074213,1048.25,146.75,2,21136,3
1481,1074214,920.5,52.0,1,21136,4
1481,1074215,1042.625,188.75,4,21137,0
1481,1074216,1164.5,313.5,1,21137,1
1481,1074217,971.6666870117188,99.16666412353516,3,21137,2
1481,1074218,1321.5,435.5,1,21138,0
1481,1074219,1222.5,333.5,1,21138,1
1481,1074220,1540.0,727.0,1,21138,2
1481,1074221,466.3333435058594,300.1666564941406,3,21139,0
1481,1074222,759.5,200.25,2,21140,0
1481,1074223,449.25,295.25,2,21141,0
1481,1074224,944.0,76.25,2,21142,0
1481,1074225,1042.625,188.75,4,21142,1
1481,1074226,1169.5,546.5,1,21142,2
1481,1074227,1540.0,727.0,1,21143,0
1481,1074228,1061.5,101.0,1,21143,1
1481,1074229,920.5,52.0,1,21143,2
1481,1074230,1321.5,435.5,1,21143,3
1491,1074167,1222.5,333.5,1,21116,0
1491,1074168,1321.5,435.5,1,21116,1
1491,1074169,1164.5,313.5,1,21116,2
1491,1074170,483.75,298.25,2,21117,0
1491,1074171,1042.625,188.75,4,21118,0
1491,1074172,997.25,122.75,2,21118,1
1491,1074173,631.0,365.0,1,21119,0
1491,1074174,504.0,112.0,1,21119,1
1491,1074175,1048.25,146.75,2,21120,0
1491,1074176,1169.5,546.5,1,21120,1
1491,1074177,1042.625,188.75,4,21120,2
1491,1074178,1164.5,313.5,1,21120,3
1491,1074179,1169.5,546.5,1,21121,0
1491,1074180,1320.0,865.0,1,21121,1
1491,1074181,971.6666870117188,99.16666412353516,3,21121,2
1491,1074182,1042.625,188.75,4,21122,0
1491,1074183,1164.5,313.5,1,21122,1
1491,1074184,971.6666870117188,99.16666412353516,3,21122,2
1491,1074185,1065.5,124.75,2,21123,0
1491,1074186,1120.0,194.0,1,21123,1
1491,1074187,1540.0,727.0,1,21123,2
1491,1074188,839.25,9.25,2,21124,0
1491,1074189,504.0,112.0,1,21125,0
1491,1074190,631.0,365.0,1,21125,1
1491,1074191,1052.6666259765625,131.5,3,21126,0
1491,1074192,1120.0,194.0,1,21126,1
1491,1074193,1164.5,313.5,1,21126,2
1491,1074194,759.5,200.25,2,21127,0
1491,1074195,445.5,123.5,1,21128,0
1491,1074196,944.0,76.25,2,21129,0
1491,1074197,1042.3333740234375,178.6666717529297,3,21129,1
1491,1074198,1164.5,313.5,1,21129,2
1491,1074199,1540.0,727.0,1,21129,3
1491,1074200,1169.5,546.5,1,21129,4
1491,1074201,416.3333435058594,21.33333396911621,3,21130,0
1491,1074202,416.3333435058594,21.33333396911621,3,21131,0
1491,1074203,839.25,9.25,2,21132,0
1491,1074204,1320.0,865.0,1,21133,0
1491,1074205,1169.5,546.5,1,21133,1
1491,1074206,416.3333435058594,21.33333396911621,3,21134,0
1491,1074207,1042.625,188.75,4,21135,0
1491,1074208,1164.5,313.5,1,21135,1
1491,1074209,1009.2000122070312,109.4000015258789,5,21135,2
1491,1074210,1164.5,313.5,1,21136,0
1491,1074211,1042.3333740234375,178.6666717529297,3,21136,1
1491,1074212,1222.5,333.5,1,21136,2
1491,1074213,1048.25,146.75,2,21136,3
1491,1074214,920.5,52.0,1,21136,4
1491,1074215,1042.625,188.75,4,21137,0
1491,1074216,1164.5,313.5,1,21137,1
1491,1074217,971.6666870117188,99.16666412353516,3,21137,2
1491,1074218,1321.5,435.5,1,21138,0
1491,1074219,1222.5,333.5,1,21138,1
1491,1074220,1540.0,727.0,1,21138,2
1491,1074221,466.3333435058594,300.1666564941406,3,21139,0
1491,1074222,759.5,200.25,2,21140,0
1491,1074223,449.25,295.25,2,21141,0
1491,1074224,944.0,76.25,2,21142,0
1491,1074225,1042.625,188.75,4,21142,1
1491,1074226,1169.5,546.5,1,21142,2
1491,1074227,1540.0,727.0,1,21143,0
1491,1074228,1061.5,101.0,1,21143,1
1491,1074229,920.5,52.0,1,21143,2
1491,1074230,1321.5,435.5,1,21143,3
1501,1074167,1222.5,333.5,1,21116,0
1501,1074168,1321.5,435.5,1,21116,1
1501,1074169,1164.5,313.5,1,21116,2
1501,1074170,483.75,298.25,2,21117,0
1501,1074171,1042.625,188.75,4,21118,0
1501,1074172,997.25,122.75,2,21118,1
1501,1074173,631.0,365.0,1,21119,0
1501,1074174,504.0,112.0,1,21119,1
1501,1074175,1048.25,146.75,2,21120,0
1501,1074176,1169.5,546.5,1,21120,1
1501,1074177,1042.625,188.75,4,21120,2
1501,1074178,1164.5,313.5,1,21120,3
1501,1074179,1169.5,546.5,1,21121,0
1501,1074180,1320.0,865.0,1,21121,1
1501,1074181,971.6666870117188,99.16666412353516,3,21121,2
1501,1074182,1042.625,188.75,4,21122,0
1501,1074183,1164.5,313.5,1,21122,1
1501,1074184,971.6666870117188,99.16666412353516,3,21122,2
1501,1074185,1065.5,124.75,2,21123,0
1501,1074186,1120.0,194.0,1,21123,1
1501,1074187,1540.0,727.0,1,21123,2
1501,1074188,839.25,9.25,2,21124,0
1501,1074189,504.0,112.0,1,21125,0
1501,1074190,631.0,365.0,1,21125,1
1501,1074191,1052.6666259765625,131.5,3,21126,0
1501,1074192,1120.0,194.0,1,21126,1
1501,1074193,1164.5,313.5,1,21126,2
1501,1074194,759.5,200.25,2,21127,0
1501,1074195,445.5,123.5,1,21128,0
1501,1074196,944.0,76.25,2,21129,0
1501,1074197,1042.3333740234375,178.6666717529297,3,21129,1
1501,1074198,1164.5,313.5,1,21129,2
1501,1074199,1540.0,727.0,1,21129,3
1501,1074200,1169.5,546.5,1,21129,4
1501,1074201,416.3333435058594,21.33333396911621,3,21130,0
1501,1074202,416.3333435058594,21.33333396911621,3,21131,0
1501,1074203,839.25,9.25,2,21132,0
1501,1074204,1320.0,865.0,1,21133,0
1501,1074205,1169.5,546.5,1,21133,1
1501,1074206,416.3333435058594,21.33333396911621,3,21134,0
1501,1074207,1042.625,188.75,4,21135,0
1501,1074208,1164.5,313.5,1,21135,1
1501,1074209,1009.2000122070312,109.4000015258789,5,21135,2
1501,1074210,1164.5,313.5,1,21136,0
1501,1074211,1042.3333740234375,178.6666717529297,3,21136,1
1501,1074212,1222.5,333.5,1,21136,2
1501,1074213,1048.25,146.75,2,21136,3
1501,1074214,920.5,52.0,1,21136,4
1501,1074215,1042.625,188.75,4,21137,0
1501,1074216,1164.5,313.5,1,21137,1
1501,1074217,971.6666870117188,99.16666412353516,3,21137,2
1501,1074218,1321.5,435.5,1,21138,0
1501,1074219,1222.5,333.5,1,21138,1
1501,1074220,1540.0,727.0,1,21138,2
1501,1074221,466.3333435058594,300.1666564941406,3,21139,0
1501,1074222,759.5,200.25,2,21140,0
1501,1074223,449.25,295.25,2,21141,0
1501,1074224,944.0,76.25,2,21142,0
1501,1074225,1042.625,188.75,4,21142,1
1501,1074226,1169.5,546.5,1,21142,2
1501,1074227,1540.0,727.0,1,21143,0
1501,1074228,1061.5,101.0,1,21143,1
1501,1074229,920.5,52.0,1,21143,2
1501,1074230,1321.5,435.5,1,21143,3
1511,1074167,1222.5,333.5,1,21116,0
1511,1074168,1321.5,435.5,1,21116,1
1511,1074169,1164.5,313.5,1,21116,2
1511,1074170,483.75,298.25,2,21117,0
1511,1074171,1042.625,188.75,4,21118,0
1511,1074172,997.25,122.75,2,21118,1
1511,1074173,631.0,365.0,1,21119,0
1511,1074174,504.0,112.0,1,21119,1
1511,1074175,1048.25,146.75,2,21120,0
1511,1074176,1169.5,546.5,1,21120,1
1511,1074177,1042.625,188.75,4,21120,2
1511,1074178,1164.5,313.5,1,21120,3
1511,1074179,1169.5,546.5,1,21121,0
1511,1074180,1320.0,865.0,1,21121,1
1511,1074181,971.6666870117188,99.16666412353516,3,21121,2
1511,1074182,1042.625,188.75,4,21122,0
1511,1074183,1164.5,313.5,1,21122,1
1511,1074184,971.6666870117188,99.16666412353516,3,21122,2
1511,1074185,1065.5,124.75,2,21123,0
1511,1074186,1120.0,194.0,1,21123,1
1511,1074187,1540.0,727.0,1,21123,2
1511,1074188,839.25,9.25,2,21124,0
1511,1074189,504.0,112.0,1,21125,0
1511,1074190,631.0,365.0,1,21125,1
1511,1074191,1052.6666259765625,131.5,3,21126,0
1511,1074192,1120.0,194.0,1,21126,1
1511,1074193,1164.5,313.5,1,21126,2
1511,1074194,759.5,200.25,2,21127,0
1511,1074195,445.5,123.5,1,21128,0
1511,1074196,944.0,76.25,2,21129,0
1511,1074197,1042.3333740234375,178.6666717529297,3,21129,1
1511,1074198,1164.5,313.5,1,21129,2
1511,1074199,1540.0,727.0,1,21129,3
1511,1074200,1169.5,546.5,1,21129,4
1511,1074201,416.3333435058594,21.33333396911621,3,21130,0
1511,1074202,416.3333435058594,21.33333396911621,3,21131,0
1511,1074203,839.25,9.25,2,21132,0
1511,1074204,1320.0,865.0,1,21133,0
1511,1074205,1169.5,546.5,1,21133,1
1511,1074206,416.3333435058594,21.33333396911621,3,21134,0
1511,1074207,1042.625,188.75,4,21135,0
1511,1074208,1164.5,313.5,1,21135,1
1511,1074209,1009.2000122070312,109.4000015258789,5,21135,2
1511,1074210,1164.5,313.5,1,21136,0
1511,1074211,1042.3333740234375,178.6666717529297,3,21136,1
1511,1074212,1222.5,333.5,1,21136,2
1511,1074213,1048.25,146.75,2,21136,3
1511,1074214,920.5,52.0,1,21136,4
1511,1074215,1042.625,188.75,4,21137,0
1511,1074216,1164.5,313.5,1,21137,1
1511,1074217,971.6666870117188,99.16666412353516,3,21137,2
1511,1074218,1321.5,435.5,1,21138,0
1511,1074219,1222.5,333.5,1,21138,1
1511,1074220,1540.0,727.0,1,21138,2
1511,1074221,466.3333435058594,300.1666564941406,3,21139,0
1511,1074222,759.5,200.25,2,21140,0
1511,1074223,449.25,295.25,2,21141,0
1511,1074224,944.0,76.25,2,21142,0
1511,1074225,1042.625,188.75,4,21142,1
1511,1074226,1169.5,546.5,1,21142,2
1511,1074227,1540.0,727.0,1,21143,0
1511,1074228,1061.5,101.0,1,21143,1
1511,1074229,920.5,52.0,1,21143,2
1511,1074230,1321.5,435.5,1,21143,3
1521,1074167,1222.5,333.5,1,21116,0
1521,1074168,1321.5,435.5,1,21116,1
1521,1074169,1164.5,313.5,1,21116,2
1521,1074170,483.75,298.25,2,21117,0
1521,1074171,1042.625,188.75,4,21118,0
1521,1074172,997.25,122.75,2,21118,1
1521,1074173,631.0,365.0,1,21119,0
1521,1074174,504.0,112.0,1,21119,1
1521,1074175,1048.25,146.75,2,21120,0
1521,1074176,1169.5,546.5,1,21120,1
1521,1074177,1042.625,188.75,4,21120,2
1521,1074178,1164.5,313.5,1,21120,3
1521,1074179,1169.5,546.5,1,21121,0
1521,1074180,1320.0,865.0,1,21121,1
1521,1074181,971.6666870117188,99.16666412353516,3,21121,2
1521,1074182,1042.625,188.75,4,21122,0
1521,1074183,1164.5,313.5,1,21122,1
1521,1074184,971.6666870117188,99.16666412353516,3,21122,2
1521,1074185,1065.5,124.75,2,21123,0
1521,1074186,1120.0,194.0,1,21123,1
1521,1074187,1540.0,727.0,1,21123,2
1521,1074188,839.25,9.25,2,21124,0
1521,1074189,504.0,112.0,1,21125,0
1521,1074190,631.0,365.0,1,21125,1
1521,1074191,1052.6666259765625,131.5,3,21126,0
1521,1074192,1120.0,194.0,1,21126,1
1521,1074193,1164.5,313.5,1,21126,2
1521,1074194,759.5,200.25,2,21127,0
1521,1074195,445.5,123.5,1,21128,0
1521,1074196,944.0,76.25,2,21129,0
1521,1074197,1042.3333740234375,178.6666717529297,3,21129,1
1521,1074198,1164.5,313.5,1,21129,2
1521,1074199,1540.0,727.0,1,21129,3
1521,1074200,1169.5,546.5,1,21129,4
1521,1074201,416.3333435058594,21.33333396911621,3,21130,0
1521,1074202,416.3333435058594,21.33333396911621,3,21131,0
1521,1074203,839.25,9.25,2,21132,0
1521,1074204,1320.0,865.0,1,21133,0
1521,1074205,1169.5,546.5,1,21133,1
1521,1074206,416.3333435058594,21.33333396911621,3,21134,0
1521,1074207,1042.625,188.75,4,21135,0
1521,1074208,1164.5,313.5,1,21135,1
1521,1074209,1009.2000122070312,109.4000015258789,5,21135,2
1521,1074210,1164.5,313.5,1,21136,0
1521,1074211,1042.3333740234375,178.6666717529297,3,21136,1
1521,1074212,1222.5,333.5,1,21136,2
1521,1074213,1048.25,146.75,2,21136,3
1521,1074214,920.5,52.0,1,21136,4
1521,1074215,1042.625,188.75,4,21137,0
1521,1074216,1164.5,313.5,1,21137,1
1521,1074217,971.6666870117188,99.16666412353516,3,21137,2
1521,1074218,1321.5,435.5,1,21138,0
1521,1074219,1222.5,333.5,1,21138,1
1521,1074220,1540.0,727.0,1,21138,2
1521,1074221,466.3333435058594,300.1666564941406,3,21139,0
1521,1074222,759.5,200.25,2,21140,0
1521,1074223,449.25,295.25,2,21141,0
1521,1074224,944.0,76.25,2,21142,0
1521,1074225,1042.625,188.75,4,21142,1
1521,1074226,1169.5,546.5,1,21142,2
1521,1074227,1540.0,727.0,1,21143,0
1521,1074228,1061.5,101.0,1,21143,1
1521,1074229,920.5,52.0,1,21143,2
1521,1074230,1321.5,435.5,1,21143,3
1531,1074167,1222.5,333.5,1,21116,0
1531,1074168,1321.5,435.5,1,21116,1
1531,1074169,1164.5,313.5,1,21116,2
1531,1074170,483.75,298.25,2,21117,0
1531,1074171,1042.625,188.75,4,21118,0
1531,1074172,997.25,122.75,2,21118,1
1531,1074173,631.0,365.0,1,21119,0
1531,1074174,504.0,112.0,1,21119,1
1531,1074175,1048.25,146.75,2,21120,0
1531,1074176,1169.5,546.5,1,21120,1
1531,1074177,1042.625,188.75,4,21120,2
1531,1074178,1164.5,313.5,1,21120,3
1531,1074179,1169.5,546.5,1,21121,0
1531,1074180,1320.0,865.0,1,21121,1
1531,1074181,971.6666870117188,99.16666412353516,3,21121,2
1531,1074182,1042.625,188.75,4,21122,0
1531,1074183,1164.5,313.5,1,21122,1
1531,1074184,971.6666870117188,99.16666412353516,3,21122,2
1531,1074185,1065.5,124.75,2,21123,0
1531,1074186,1120.0,194.0,1,21123,1
1531,1074187,1540.0,727.0,1,21123,2
1531,1074188,839.25,9.25,2,21124,0
1531,1074189,504.0,112.0,1,21125,0
1531,1074190,631.0,365.0,1,21125,1
1531,1074191,1052.6666259765625,131.5,3,21126,0
1531,1074192,1120.0,194.0,1,21126,1
1531,1074193,1164.5,313.5,1,21126,2
1531,1074194,759.5,200.25,2,21127,0
1531,1074195,445.5,123.5,1,21128,0
1531,1074196,944.0,76.25,2,21129,0
1531,1074197,1042.3333740234375,178.6666717529297,3,21129,1
1531,1074198,1164.5,313.5,1,21129,2
1531,1074199,1540.0,727.0,1,21129,3
1531,1074200,1169.5,546.5,1,21129,4
1531,1074201,416.3333435058594,21.33333396911621,3,21130,0
1531,1074202,416.3333435058594,21.33333396911621,3,21131,0
1531,1074203,839.25,9.25,2,21132,0
1531,1074204,1320.0,865.0,1,21133,0
1531,1074205,1169.5,546.5,1,21133,1
1531,1074206,416.3333435058594,21.33333396911621,3,21134,0
1531,1074207,1042.625,188.75,4,21135,0
1531,1074208,1164.5,313.5,1,21135,1
1531,1074209,1009.2000122070312,109.4000015258789,5,21135,2
1531,1074210,1164.5,313.5,1,21136,0
1531,1074211,1042.3333740234375,178.6666717529297,3,21136,1
1531,1074212,1222.5,333.5,1,21136,2
1531,1074213,1048.25,146.75,2,21136,3
1531,1074214,920.5,52.0,1,21136,4
1531,1074215,1042.625,188.75,4,21137,0
1531,1074216,1164.5,313.5,1,21137,1
1531,1074217,971.6666870117188,99.16666412353516,3,21137,2
1531,1074218,1321.5,435.5,1,21138,0
1531,1074219,1222.5,333.5,1,21138,1
1531,1074220,1540.0,727.0,1,21138,2
1531,1074221,466.3333435058594,300.1666564941406,3,21139,0
1531,1074222,759.5,200.25,2,21140,0
1531,1074223,449.25,295.25,2,21141,0
1531,1074224,944.0,76.25,2,21142,0
1531,1074225,1042.625,188.75,4,21142,1
1531,1074226,1169.5,546.5,1,21142,2
1531,1074227,1540.0,727.0,1,21143,0
1531,1074228,1061.5,101.0,1,21143,1
1531,1074229,920.5,52.0,1,21143,2
1531,1074230,1321.5,435.5,1,21143,3
1541,1074167,1222.5,333.5,1,21116,0
1541,1074168,1321.5,435.5,1,21116,1
1541,1074169,1164.5,313.5,1,21116,2
1541,1074170,483.75,298.25,2,21117,0
1541,1074171,1042.625,188.75,4,21118,0
1541,1074172,997.25,122.75,2,21118,1
1541,1074173,631.0,365.0,1,21119,0
1541,1074174,504.0,112.0,1,21119,1
1541,1074175,1048.25,146.75,2,21120,0
1541,1074176,1169.5,546.5,1,21120,1
1541,1074177,1042.625,188.75,4,21120,2
1541,1074178,1164.5,313.5,1,21120,3
1541,1074179,1169.5,546.5,1,21121,0
1541,1074180,1320.0,865.0,1,21121,1
1541,1074181,971.6666870117188,99.16666412353516,3,21121,2
1541,1074182,1042.625,188.75,4,21122,0
1541,1074183,1164.5,313.5,1,21122,1
1541,1074184,971.6666870117188,99.16666412353516,3,21122,2
1541,1074185,1065.5,124.75,2,21123,0
1541,1074186,1120.0,194.0,1,21123,1
1541,1074187,1540.0,727.0,1,21123,2
1541,1074188,839.25,9.25,2,21124,0
1541,1074189,504.0,112.0,1,21125,0
1541,1074190,631.0,365.0,1,21125,1
1541,1074191,1052.6666259765625,131.5,3,21126,0
1541,1074192,1120.0,194.0,1,21126,1
1541,1074193,1164.5,313.5,1,21126,2
1541,1074194,759.5,200.25,2,21127,0
1541,1074195,445.5,123.5,1,21128,0
1541,1074196,944.0,76.25,2,21129,0
1541,1074197,1042.3333740234375,178.6666717529297,3,21129,1
1541,1074198,1164.5,313.5,1,21129,2
1541,1074199,1540.0,727.0,1,21129,3
1541,1074200,1169.5,546.5,1,21129,4
1541,1074201,416.3333435058594,21.33333396911621,3,21130,0
1541,1074202,416.3333435058594,21.33333396911621,3,21131,0
1541,1074203,839.25,9.25,2,21132,0
1541,1074204,1320.0,865.0,1,21133,0
1541,1074205,1169.5,546.5,1,21133,1
1541,1074206,416.3333435058594,21.33333396911621,3,21134,0
1541,1074207,1042.625,188.75,4,21135,0
1541,1074208,1164.5,313.5,1,21135,1
1541,1074209,1009.2000122070312,109.4000015258789,5,21135,2
1541,1074210,1164.5,313.5,1,21136,0
1541,1074211,1042.3333740234375,178.6666717529297,3,21136,1
1541,1074212,1222.5,333.5,1,21136,2
1541,1074213,1048.25,146.75,2,21136,3
1541,1074214,920.5,52.0,1,21136,4
1541,1074215,1042.625,188.75,4,21137,0
1541,1074216,1164.5,313.5,1,21137,1
1541,1074217,971.6666870117188,99.16666412353516,3,21137,2
1541,1074218,1321.5,435.5,1,21138,0
1541,1074219,1222.5,333.5,1,21138,1
1541,1074220,1540.0,727.0,1,21138,2
1541,1074221,466.3333435058594,300.1666564941406,3,21139,0
1541,1074222,759.5,200.25,2,21140,0
1541,1074223,449.25,295.25,2,21141,0
1541,1074224,944.0,76.25,2,21142,0
1541,1074225,1042.625,188.75,4,21142,1
1541,1074226,1169.5,546.5,1,21142,2
1541,1074227,1540.0,727.0,1,21143,0
1541,1074228,1061.5,101.0,1,21143,1
1541,1074229,920.5,52.0,1,21143,2
1541,1074230,1321.5,435.5,1,21143,3
1551,1074167,1222.5,333.5,1,21116,0
1551,1074168,1321.5,435.5,1,21116,1
1551,1074169,1164.5,313.5,1,21116,2
1551,1074170,483.75,298.25,2,21117,0
1551,1074171,1042.625,188.75,4,21118,0
1551,1074172,997.25,122.75,2,21118,1
1551,1074173,631.0,365.0,1,21119,0
1551,1074174,504.0,112.0,1,21119,1
1551,1074175,1048.25,146.75,2,21120,0
1551,1074176,1169.5,546.5,1,21120,1
1551,1074177,1042.625,188.75,4,21120,2
1551,1074178,1164.5,313.5,1,21120,3
1551,1074179,1169.5,546.5,1,21121,0
1551,1074180,1320.0,865.0,1,21121,1
1551,1074181,971.6666870117188,99.16666412353516,3,21121,2
1551,1074182,1042.625,188.75,4,21122,0
1551,1074183,1164.5,313.5,1,21122,1
1551,1074184,971.6666870117188,99.16666412353516,3,21122,2
1551,1074185,1065.5,124.75,2,21123,0
1551,1074186,1120.0,194.0,1,21123,1
1551,1074187,1540.0,727.0,1,21123,2
1551,1074188,839.25,9.25,2,21124,0
1551,1074189,504.0,112.0,1,21125,0
1551,1074190,631.0,365.0,1,21125,1
1551,1074191,1052.6666259765625,131.5,3,21126,0
1551,1074192,1120.0,194.0,1,21126,1
1551,1074193,1164.5,313.5,1,21126,2
1551,1074194,759.5,200.25,2,21127,0
1551,1074195,445.5,123.5,1,21128,0
1551,1074196,944.0,76.25,2,21129,0
1551,1074197,1042.3333740234375,178.6666717529297,3,21129,1
1551,1074198,1164.5,313.5,1,21129,2
1551,1074199,1540.0,727.0,1,21129,3
1551,1074200,1169.5,546.5,1,21129,4
1551,1074201,416.3333435058594,21.33333396911621,3,21130,0
1551,1074202,416.3333435058594,21.33333396911621,3,21131,0
1551,1074203,839.25,9.25,2,21132,0
1551,1074204,1320.0,865.0,1,21133,0
1551,1074205,1169.5,546.5,1,21133,1
1551,1074206,416.3333435058594,21.33333396911621,3,21134,0
1551,1074207,1042.625,188.75,4,21135,0
1551,1074208,1164.5,313.5,1,21135,1
1551,1074209,1009.2000122070312,109.4000015258789,5,21135,2
1551,1074210,1164.5,313.5,1,21136,0
1551,1074211,1042.3333740234375,178.6666717529297,3,21136,1
1551,1074212,1222.5,333.5,1,21136,2
1551,1074213,1048.25,146.75,2,21136,3
1551,1074214,920.5,52.0,1,21136,4
1551,1074215,1042.625,188.75,4,21137,0
1551,1074216,1164.5,313.5,1,21137,1
1551,1074217,971.6666870117188,99.16666412353516,3,21137,2
1551,1074218,1321.5,435.5,1,21138,0
1551,1074219,1222.5,333.5,1,21138,1
1551,1074220,1540.0,727.0,1,21138,2
1551,1074221,466.3333435058594,300.1666564941406,3,21139,0
1551,1074222,759.5,200.25,2,21140,0
1551,1074223,449.25,295.25,2,21141,0
1551,1074224,944.0,76.25,2,21142,0
1551,1074225,1042.625,188.75,4,21142,1
1551,1074226,1169.5,546.5,1,21142,2
1551,1074227,1540.0,727.0,1,21143,0
1551,1074228,1061.5,101.0,1,21143,1
1551,1074229,920.5,52.0,1,21143,2
1551,1074230,1321.5,435.5,1,21143,3
1561,1074167,1222.5,333.5,1,21116,0
1561,1074168,1321.5,435.5,1,21116,1
1561,1074169,1164.5,313.5,1,21116,2
1561,1074170,483.75,298.25,2,21117,0
1561,1074171,1042.625,188.75,4,21118,0
1561,1074172,997.25,122.75,2,21118,1
1561,1074173,631.0,365.0,1,21119,0
1561,1074174,504.0,112.0,1,21119,1
1561,1074175,1048.25,146.75,2,21120,0
1561,1074176,1169.5,546.5,1,21120,1
1561,1074177,1042.625,188.75,4,21120,2
1561,1074178,1164.5,313.5,1,21120,3
1561,1074179,1169.5,546.5,1,21121,0
1561,1074180,1320.0,865.0,1,21121,1
1561,1074181,971.6666870117188,99.16666412353516,3,21121,2
1561,1074182,1042.625,188.75,4,21122,0
1561,1074183,1164.5,313.5,1,21122,1
1561,1074184,971.6666870117188,99.16666412353516,3,21122,2
1561,1074185,1065.5,124.75,2,21123,0
1561,1074186,1120.0,194.0,1,21123,1
1561,1074187,1540.0,727.0,1,21123,2
1561,1074188,839.25,9.25,2,21124,0
1561,1074189,504.0,112.0,1,21125,0
1561,1074190,631.0,365.0,1,21125,1
1561,1074191,1052.6666259765625,131.5,3,21126,0
1561,1074192,1120.0,194.0,1,21126,1
1561,1074193,1164.5,313.5,1,21126,2
1561,1074194,759.5,200.25,2,21127,0
1561,1074195,445.5,123.5,1,21128,0
1561,1074196,944.0,76.25,2,21129,0
1561,1074197,1042.3333740234375,178.6666717529297,3,21129,1
1561,1074198,1164.5,313.5,1,21129,2
1561,1074199,1540.0,727.0,1,21129,3
1561,1074200,1169.5,546.5,1,21129,4
1561,1074201,416.3333435058594,21.33333396911621,3,21130,0
1561,1074202,416.3333435058594,21.33333396911621,3,21131,0
1561,1074203,839.25,9.25,2,21132,0
1561,1074204,1320.0,865.0,1,21133,0
1561,1074205,1169.5,546.5,1,21133,1
1561,1074206,416.3333435058594,21.33333396911621,3,21134,0
1561,1074207,1042.625,188.75,4,21135,0
1561,1074208,1164.5,313.5,1,21135,1
1561,1074209,1009.2000122070312,109.4000015258789,5,21135,2
1561,1074210,1164.5,313.5,1,21136,0
1561,1074211,1042.3333740234375,178.6666717529297,3,21136,1
1561,1074212,1222.5,333.5,1,21136,2
1561,1074213,1048.25,146.75,2,21136,3
1561,1074214,920.5,52.0,1,21136,4
1561,1074215,1042.625,188.75,4,21137,0
1561,1074216,1164.5,313.5,1,21137,1
1561,1074217,971.6666870117188,99.16666412353516,3,21137,2
1561,1074218,1321.5,435.5,1,21138,0
1561,1074219,1222.5,333.5,1,21138,1
1561,1074220,1540.0,727.0,1,21138,2
1561,1074221,466.3333435058594,300.1666564941406,3,21139,0
1561,1074222,759.5,200.25,2,21140,0
1561,1074223,449.25,295.25,2,21141,0
1561,1074224,944.0,76.25,2,21142,0
1561,1074225,1042.625,188.75,4,21142,1
1561,1074226,1169.5,546.5,1,21142,2
1561,1074227,1540.0,727.0,1,21143,0
1561,1074228,1061.5,101.0,1,21143,1
1561,1074229,920.5,52.0,1,21143,2
1561,1074230,1321.5,435.5,1,21143,3
1571,1074167,1267.5,365.0,1,21116,0
1571,1074168,1343.0,463.5,1,21116,1
1571,1074169,1152.5,297.5,1,21116,2
1571,1074170,488.5,321.0,2,21117,0
1571,1074171,1031.625,177.4166717529297,3,21118,0
1571,1074172,1003.5,136.5,2,21118,1
1571,1074173,626.0,352.5,1,21119,0
1571,1074174,511.0,127.0,1,21119,1
1571,1074175,1064.5,167.0,2,21120,0
1571,1074176,1164.5,530.0,1,21120,1
1571,1074177,1031.625,177.4166717529297,3,21120,2
1571,1074178,1152.5,297.5,1,21120,3
1571,1074179,1164.5,530.0,1,21121,0
1571,1074180,1302.5,829.0,1,21121,1
1571,1074181,980.6666870117188,117.41666412353516,2,21121,2
1571,1074182,1031.625,177.4166717529297,3,21122,0
1571,1074183,1152.5,297.5,1,21122,1
1571,1074184,980.6666870117188,117.41666412353516,2,21122,2
1571,1074185,1085.75,146.5,2,21123,0
1571,1074186,1106.5,181.0,1,21123,1
1571,1074187,1520.0,710.5,1,21123,2
1571,1074188,858.0,21.25,2,21124,0
1571,1074189,511.0,127.0,1,21125,0
1571,1074190,626.0,352.5,1,21125,1
1571,1074191,1068.9166259765625,151.75,2,21126,0
1571,1074192,1106.5,181.0,1,21126,1
1571,1074193,1152.5,297.5,1,21126,2
1571,1074194,765.5,222.0,2,21127,0
1571,1074195,449.0,143.5,1,21128,0
1571,1074196,951.25,90.75,2,21129,0
1571,1074197,1031.0833740234375,166.6666717529297,2,21129,1
1571,1074198,1152.5,297.5,1,21129,2
1571,1074199,1520.0,710.5,1,21129,3
1571,1074200,1164.5,530.0,1,21129,4
1571,1074201,422.3333435058594,36.083335876464844,2,21130,0
1571,1074202,422.3333435058594,36.083335876464844,2,21131,0
1571,1074203,858.0,21.25,2,21132,0
1571,1074204,1302.5,829.0,1,21133,0
1571,1074205,1164.5,530.0,1,21133,1
1571,1074206,422.3333435058594,36.083335876464844,2,21134,0
1571,1074207,1031.625,177.4166717529297,3,21135,0
1571,1074208,1152.5,297.5,1,21135,1
1571,1074209,1020.9500122070312,126.7750015258789,4,21135,2
1571,1074210,1152.5,297.5,1,21136,0
1571,1074211,1031.0833740234375,166.6666717529297,2,21136,1
1571,1074212,1267.5,365.0,1,21136,2
1571,1074213,1064.5,167.0,2,21136,3
1571,1074214,930.5,71.0,1,21136,4
1571,1074215,1031.625,177.4166717529297,3,21137,0
1571,1074216,1152.5,297.5,1,21137,1
1571,1074217,980.6666870117188,117.41666412353516,2,21137,2
1571,1074218,1343.0,463.5,1,21138,0
1571,1074219,1267.5,365.0,1,21138,1
1571,1074220,1520.0,710.5,1,21138,2
1571,1074221,475.8333435058594,324.1666564941406,2,21139,0
1571,1074222,765.5,222.0,2,21140,0
1571,1074223,457.5,315.5,2,21141,0
1571,1074224,951.25,90.75,2,21142,0
1571,1074225,1031.625,177.4166717529297,3,21142,1
1571,1074226,1164.5,530.0,1,21142,2
1571,1074227,1520.0,710.5,1,21143,0
1571,1074228,1077.5,121.5,1,21143,1
1571,1074229,930.5,71.0,1,21143,2
1571,1074230,1343.0,463.5,1,21143,3
1581,1074167,1267.5,365.0,1,21116,0
1581,1074168,1343.0,463.5,1,21116,1
1581,1074169,1152.5,297.5,1,21116,2
1581,1074170,488.5,321.0,2,21117,0
1581,1074171,1031.625,177.4166717529297,3,21118,0
1581,1074172,1003.5,136.5,3,21118,1
1581,1074173,626.0,352.5,1,21119,0
1581,1074174,511.0,127.0,1,21119,1
1581,1074175,1064.5,167.0,2,21120,0
1581,1074176,1164.5,530.0,1,21120,1
1581,1074177,1031.625,177.4166717529297,3,21120,2
1581,1074178,1152.5,297.5,1,21120,3
1581,1074179,1164.5,530.0,1,21121,0
1581,1074180,1302.5,829.0,1,21121,1
1581,1074181,980.6666870117188,117.41666412353516,2,21121,2
1581,1074182,1031.625,177.4166717529297,4,21122,0
1581,1074183,1152.5,297.5,1,21122,1
1581,1074184,980.6666870117188,117.41666412353516,3,21122,2
1581,1074185,1085.75,146.5,2,21123,0
1581,1074186,1106.5,181.0,1,21123,1
1581,1074187,1520.0,710.5,1,21123,2
1581,1074188,858.0,21.25,2,21124,0
1581,1074189,511.0,127.0,1,21125,0
1581,1074190,626.0,352.5,1,21125,1
1581,1074191,1068.9166259765625,151.75,2,21126,0
1581,1074192,1106.5,181.0,1,21126,1
1581,1074193,1152.5,297.5,2,21126,2
1581,1074194,765.5,222.0,2,21127,0
1581,1074195,449.0,143.5,1,21128,0
1581,1074196,951.25,90.75,3,21129,0
1581,1074197,1031.0833740234375,166.6666717529297,2,21129,1
1581,1074198,1152.5,297.5,1,21129,2
1581,1074199,1520.0,710.5,1,21129,3
1581,1074200,1164.5,530.0,1,21129,4
1581,1074201,422.3333435058594,36.083335876464844,2,21130,0
1581,1074202,422.3333435058594,36.083335876464844,2,21131,0
1581,1074203,858.0,21.25,2,21132,0
1581,1074204,1302.5,829.0,1,21133,0
1581,1074205,1164.5,530.0,1,21133,1
1581,1074206,422.3333435058594,36.083335876464844,2,21134,0
1581,1074207,1031.625,177.4166717529297,3,21135,0
1581,1074208,1152.5,297.5,2,21135,1
1581,1074209,1020.9500122070312,126.7750015258789,4,21135,2
1581,1074210,1152.5,297.5,1,21136,0
1581,1074211,1031.0833740234375,166.6666717529297,2,21136,1
1581,1074212,1267.5,365.0,1,21136,2
1581,1074213,1064.5,167.0,2,21136,3
1581,1074214,930.5,71.0,2,21136,4
1581,1074215,1031.625,177.4166717529297,4,21137,0
1581,1074216,1152.5,297.5,1,21137,1
1581,1074217,980.6666870117188,117.41666412353516,3,21137,2
1581,1074218,1343.0,463.5,1,21138,0
1581,1074219,1267.5,365.0,1,21138,1
1581,1074220,1520.0,710.5,1,21138,2
1581,1074221,475.8333435058594,324.1666564941406,2,21139,0
1581,1074222,765.5,222.0,2,21140,0
1581,1074223,457.5,315.5,2,21141,0
1581,1074224,951.25,90.75,3,21142,0
1581,1074225,1031.625,177.4166717529297,3,21142,1
1581,1074226,1164.5,530.0,1,21142,2
1581,1074227,1520.0,710.5,1,21143,0
1581,1074228,1077.5,121.5,1,21143,1
1581,1074229,930.5,71.0,1,21143,2
1581,1074230,1343.0,463.5,1,21143,3
1591,1074167,1267.5,365.0,1,21116,0
1591,1074168,1343.0,463.5,1,21116,1
1591,1074169,1152.5,297.5,1,21116,2
1591,1074170,488.5,321.0,2,21117,0
1591,1074171,1031.625,177.4166717529297,3,21118,0
1591,1074172,1003.5,136.5,3,21118,1
1591,1074173,626.0,352.5,1,21119,0
1591,1074174,511.0,127.0,1,21119,1
1591,1074175,1064.5,167.0,2,21120,0
1591,1074176,1164.5,530.0,1,21120,1
1591,1074177,1031.625,177.4166717529297,3,21120,2
1591,1074178,1152.5,297.5,1,21120,3
1591,1074179,1164.5,530.0,1,21121,0
1591,1074180,1302.5,829.0,1,21121,1
1591,1074181,980.6666870117188,117.41666412353516,2,21121,2
1591,1074182,1031.625,177.4166717529297,4,21122,0
1591,1074183,1152.5,297.5,1,21122,1
1591,1074184,980.6666870117188,117.41666412353516,3,21122,2
1591,1074185,1085.75,146.5,2,21123,0
1591,1074186,1106.5,181.0,1,21123,1
1591,1074187,1520.0,710.5,1,21123,2
1591,1074188,858.0,21.25,2,21124,0
1591,1074189,511.0,127.0,1,21125,0
1591,1074190,626.0,352.5,1,21125,1
1591,1074191,1068.9166259765625,151.75,2,21126,0
1591,1074192,1106.5,181.0,1,21126,1
1591,1074193,1152.5,297.5,2,21126,2
1591,1074194,765.5,222.0,2,21127,0
1591,1074195,449.0,143.5,1,21128,0
1591,1074196,951.25,90.75,3,21129,0
1591,1074197,1031.0833740234375,166.6666717529297,2,21129,1
1591,1074198,1152.5,297.5,1,21129,2
1591,1074199,1520.0,710.5,1,21129,3
1591,1074200,1164.5,530.0,1,21129,4
1591,1074201,422.3333435058594,36.083335876464844,2,21130,0
1591,1074202,422.3333435058594,36.083335876464844,2,21131,0
1591,1074203,858.0,21.25,2,21132,0
1591,1074204,1302.5,829.0,1,21133,0
1591,1074205,1164.5,530.0,1,21133,1
1591,1074206,422.3333435058594,36.083335876464844,2,21134,0
1591,1074207,1031.625,177.4166717529297,3,21135,0
1591,1074208,1152.5,297.5,2,21135,1
1591,1074209,1020.9500122070312,126.7750015258789,4,21135,2
1591,1074210,1152.5,297.5,1,21136,0
1591,1074211,1031.0833740234375,166.6666717529297,2,21136,1
1591,1074212,1267.5,365.0,1,21136,2
1591,1074213,1064.5,167.0,2,21136,3
1591,1074214,930.5,71.0,2,21136,4
1591,1074215,1031.625,177.4166717529297,4,21137,0
1591,1074216,1152.5,297.5,1,21137,1
1591,1074217,980.6666870117188,117.41666412353516,3,21137,2
1591,1074218,1343.0,463.5,1,21138,0
1591,1074219,1267.5,365.0,1,21138,1
1591,1074220,1520.0,710.5,1,21138,2
1591,1074221,475.8333435058594,324.1666564941406,2,21139,0
1591,1074222,765.5,222.0,2,21140,0
1591,1074223,457.5,315.5,2,21141,0
1591,1074224,951.25,90.75,3,21142,0
1591,1074225,1031.625,177.4166717529297,3,21142,1
1591,1074226,1164.5,530.0,1,21142,2
1591,1074227,1520.0,710.5,1,21143,0
1591,1074228,1077.5,121.5,1,21143,1
1591,1074229,930.5,71.0,1,21143,2
1591,1074230,1343.0,463.5,1,21143,3
1601,1074167,1267.5,365.0,1,21116,0
1601,1074168,1343.0,463.5,1,21116,1
1601,1074169,1152.5,297.5,1,21116,2
1601,1074170,488.5,321.0,2,21117,0
1601,1074171,1031.625,177.4166717529297,3,21118,0
1601,1074172,1003.5,136.5,3,21118,1
1601,1074173,626.0,352.5,1,21119,0
1601,1074174,511.0,127.0,1,21119,1
1601,1074175,1064.5,167.0,2,21120,0
1601,1074176,1164.5,530.0,1,21120,1
1601,1074177,1031.625,177.4166717529297,3,21120,2
1601,1074178,1152.5,297.5,1,21120,3
1601,1074179,1164.5,530.0,1,21121,0
1601,1074180,1302.5,829.0,1,21121,1
1601,1074181,980.6666870117188,117.41666412353516,2,21121,2
1601,1074182,1031.625,177.4166717529297,4,21122,0
1601,1074183,1152.5,297.5,1,21122,1
1601,1074184,980.6666870117188,117.41666412353516,3,21122,2
1601,1074185,1085.75,146.5,2,21123,0
1601,1074186,1106.5,181.0,1,21123,1
1601,1074187,1520.0,710.5,1,21123,2
1601,1074188,858.0,21.25,2,21124,0
1601,1074189,511.0,127.0,1,21125,0
1601,1074190,626.0,352.5,1,21125,1
1601,1074191,1068.9166259765625,151.75,2,21126,0
1601,1074192,1106.5,181.0,1,21126,1
1601,1074193,1152.5,297.5,2,21126,2
1601,1074194,765.5,222.0,2,21127,0
1601,1074195,449.0,143.5,1,21128,0
1601,1074196,951.25,90.75,3,21129,0
1601,1074197,1031.0833740234375,166.6666717529297,2,21129,1
1601,1074198,1152.5,297.5,1,21129,2
1601,1074199,1520.0,710.5,1,21129,3
1601,1074200,1164.5,530.0,1,21129,4
1601,1074201,422.3333435058594,36.083335876464844,2,21130,0
1601,1074202,422.3333435058594,36.083335876464844,2,21131,0
1601,1074203,858.0,21.25,2,21132,0
1601,1074204,1302.5,829.0,1,21133,0
1601,1074205,1164.5,530.0,1,21133,1
1601,1074206,422.3333435058594,36.083335876464844,2,21134,0
1601,1074207,1031.625,177.4166717529297,3,21135,0
1601,1074208,1152.5,297.5,2,21135,1
1601,1074209,1020.9500122070312,126.7750015258789,4,21135,2
1601,1074210,1152.5,297.5,1,21136,0
1601,1074211,1031.0833740234375,166.6666717529297,2,21136,1
1601,1074212,1267.5,365.0,1,21136,2
1601,1074213,1064.5,167.0,2,21136,3
1601,1074214,930.5,71.0,2,21136,4
1601,1074215,1031.625,177.4166717529297,4,21137,0
1601,1074216,1152.5,297.5,1,21137,1
1601,1074217,980.6666870117188,117.41666412353516,3,21137,2
1601,1074218,1343.0,463.5,1,21138,0
1601,1074219,1267.5,365.0,1,21138,1
1601,1074220,1520.0,710.5,1,21138,2
1601,1074221,475.8333435058594,324.1666564941406,2,21139,0
1601,1074222,765.5,222.0,2,21140,0
1601,1074223,457.5,315.5,2,21141,0
1601,1074224,951.25,90.75,3,21142,0
1601,1074225,1031.625,177.4166717529297,3,21142,1
1601,1074226,1164.5,530.0,1,21142,2
1601,1074227,1520.0,710.5,1,21143,0
1601,1074228,1077.5,121.5,1,21143,1
1601,1074229,930.5,71.0,1,21143,2
1601,1074230,1343.0,463.5,1,21143,3
1611,1074167,1267.5,365.0,1,21116,0
1611,1074168,1343.0,463.5,1,21116,1
1611,1074169,1152.5,297.5,1,21116,2
1611,1074170,488.5,321.0,2,21117,0
1611,1074171,1031.625,177.4166717529297,3,21118,0
1611,1074172,1003.5,136.5,3,21118,1
1611,1074173,626.0,352.5,1,21119,0
1611,1074174,511.0,127.0,1,21119,1
1611,1074175,1064.5,167.0,2,21120,0
1611,1074176,1164.5,530.0,1,21120,1
1611,1074177,1031.625,177.4166717529297,3,21120,2
1611,1074178,1152.5,297.5,1,21120,3
1611,1074179,1164.5,530.0,1,21121,0
1611,1074180,1302.5,829.0,1,21121,1
1611,1074181,980.6666870117188,117.41666412353516,2,21121,2
1611,1074182,1031.625,177.4166717529297,4,21122,0
1611,1074183,1152.5,297.5,1,21122,1
1611,1074184,980.6666870117188,117.41666412353516,3,21122,2
1611,1074185,1085.75,146.5,2,21123,0
1611,1074186,1106.5,181.0,1,21123,1
1611,1074187,1520.0,710.5,1,21123,2
1611,1074188,858.0,21.25,2,21124,0
1611,1074189,511.0,127.0,1,21125,0
1611,1074190,626.0,352.5,1,21125,1
1611,1074191,1068.9166259765625,151.75,2,21126,0
1611,1074192,1106.5,181.0,1,21126,1
1611,1074193,1152.5,297.5,2,21126,2
1611,1074194,765.5,222.0,2,21127,0
1611,1074195,449.0,143.5,1,21128,0
1611,1074196,951.25,90.75,3,21129,0
1611,1074197,1031.0833740234375,166.6666717529297,2,21129,1
1611,1074198,1152.5,297.5,1,21129,2
1611,1074199,1520.0,710.5,1,21129,3
1611,1074200,1164.5,530.0,1,21129,4
1611,1074201,422.3333435058594,36.083335876464844,2,21130,0
1611,1074202,422.3333435058594,36.083335876464844,2,21131,0
1611,1074203,858.0,21.25,2,21132,0
1611,1074204,1302.5,829.0,1,21133,0
1611,1074205,1164.5,530.0,1,21133,1
1611,1074206,422.3333435058594,36.083335876464844,2,21134,0
1611,1074207,1031.625,177.4166717529297,3,21135,0
1611,1074208,1152.5,297.5,2,21135,1
1611,1074209,1020.9500122070312,126.7750015258789,4,21135,2
1611,1074210,1152.5,297.5,1,21136,0
1611,1074211,1031.0833740234375,166.6666717529297,2,21136,1
1611,1074212,1267.5,365.0,1,21136,2
1611,1074213,1064.5,167.0,2,21136,3
1611,1074214,930.5,71.0,2,21136,4
1611,1074215,1031.625,177.4166717529297,4,21137,0
1611,1074216,1152.5,297.5,1,21137,1
1611,1074217,980.6666870117188,117.41666412353516,3,21137,2
1611,1074218,1343.0,463.5,1,21138,0
1611,1074219,1267.5,365.0,1,21138,1
1611,1074220,1520.0,710.5,1,21138,2
1611,1074221,475.8333435058594,324.1666564941406,2,21139,0
1611,1074222,765.5,222.0,2,21140,0
1611,1074223,457.5,315.5,2,21141,0
1611,1074224,951.25,90.75,3,21142,0
1611,1074225,1031.625,177.4166717529297,3,21142,1
1611,1074226,1164.5,530.0,1,21142,2
1611,1074227,1520.0,710.5,1,21143,0
1611,1074228,1077.5,121.5,1,21143,1
1611,1074229,930.5,71.0,1,21143,2
1611,1074230,1343.0,463.5,1,21143,3
1621,1074167,1267.5,365.0,1,21116,0
1621,1074168,1343.0,463.5,1,21116,1
1621,1074169,1152.5,297.5,1,21116,2
1621,1074170,488.5,321.0,2,21117,0
1621,1074171,1031.625,177.4166717529297,3,21118,0
1621,1074172,1003.5,136.5,3,21118,1
1621,1074173,626.0,352.5,1,21119,0
1621,1074174,511.0,127.0,1,21119,1
1621,1074175,1064.5,167.0,2,21120,0
1621,1074176,1164.5,530.0,1,21120,1
1621,1074177,1031.625,177.4166717529297,3,21120,2
1621,1074178,1152.5,297.5,1,21120,3
1621,1074179,1164.5,530.0,1,21121,0
1621,1074180,1302.5,829.0,1,21121,1
1621,1074181,980.6666870117188,117.41666412353516,2,21121,2
1621,1074182,1031.625,177.4166717529297,4,21122,0
1621,1074183,1152.5,297.5,1,21122,1
1621,1074184,980.6666870117188,117.41666412353516,3,21122,2
1621,1074185,1085.75,146.5,2,21123,0
1621,1074186,1106.5,181.0,1,21123,1
1621,1074187,1520.0,710.5,1,21123,2
1621,1074188,858.0,21.25,2,21124,0
1621,1074189,511.0,127.0,1,21125,0
1621,1074190,626.0,352.5,1,21125,1
1621,1074191,1068.9166259765625,151.75,2,21126,0
1621,1074192,1106.5,181.0,1,21126,1
1621,1074193,1152.5,297.5,2,21126,2
1621,1074194,765.5,222.0,2,21127,0
1621,1074195,449.0,143.5,1,21128,0
1621,1074196,951.25,90.75,3,21129,0
1621,1074197,1031.0833740234375,166.6666717529297,2,21129,1
1621,1074198,1152.5,297.5,1,21129,2
1621,1074199,1520.0,710.5,1,21129,3
1621,1074200,1164.5,530.0,1,21129,4
1621,1074201,422.3333435058594,36.083335876464844,2,21130,0
1621,1074202,422.3333435058594,36.083335876464844,2,21131,0
1621,1074203,858.0,21.25,2,21132,0
1621,1074204,1302.5,829.0,1,21133,0
1621,1074205,1164.5,530.0,1,21133,1
1621,1074206,422.3333435058594,36.083335876464844,2,21134,0
1621,1074207,1031.625,177.4166717529297,3,21135,0
1621,1074208,1152.5,297.5,2,21135,1
1621,1074209,1020.9500122070312,126.7750015258789,4,21135,2
1621,1074210,1152.5,297.5,1,21136,0
1621,1074211,1031.0833740234375,166.6666717529297,2,21136,1
1621,1074212,1267.5,365.0,1,21136,2
1621,1074213,1064.5,167.0,2,21136,3
1621,1074214,930.5,71.0,2,21136,4
1621,1074215,1031.625,177.4166717529297,4,21137,0
1621,1074216,1152.5,297.5,1,21137,1
1621,1074217,980.6666870117188,117.41666412353516,3,21137,2
1621,1074218,1343.0,463.5,1,21138,0
1621,1074219,1267.5,365.0,1,21138,1
1621,1074220,1520.0,710.5,1,21138,2
1621,1074221,475.8333435058594,324.1666564941406,2,21139,0
1621,1074222,765.5,222.0,2,21140,0
1621,1074223,457.5,315.5,2,21141,0
1621,1074224,951.25,90.75,3,21142,0
1621,1074225,1031.625,177.4166717529297,3,21142,1
1621,1074226,1164.5,530.0,1,21142,2
1621,1074227,1520.0,710.5,1,21143,0
1621,1074228,1077.5,121.5,1,21143,1
1621,1074229,930.5,71.0,1,21143,2
1621,1074230,1343.0,463.5,1,21143,3
1631,1074167,1267.5,365.0,1,21116,0
1631,1074168,1343.0,463.5,1,21116,1
1631,1074169,1152.5,297.5,1,21116,2
1631,1074170,488.5,321.0,2,21117,0
1631,1074171,1031.625,177.4166717529297,3,21118,0
1631,1074172,1003.5,136.5,3,21118,1
1631,1074173,626.0,352.5,1,21119,0
1631,1074174,511.0,127.0,1,21119,1
1631,1074175,1064.5,167.0,2,21120,0
1631,1074176,1164.5,530.0,1,21120,1
1631,1074177,1031.625,177.4166717529297,3,21120,2
1631,1074178,1152.5,297.5,1,21120,3
1631,1074179,1164.5,530.0,1,21121,0
1631,1074180,1302.5,829.0,1,21121,1
1631,1074181,980.6666870117188,117.41666412353516,2,21121,2
1631,1074182,1031.625,177.4166717529297,4,21122,0
1631,1074183,1152.5,297.5,1,21122,1
1631,1074184,980.6666870117188,117.41666412353516,3,21122,2
1631,1074185,1085.75,146.5,2,21123,0
1631,1074186,1106.5,181.0,1,21123,1
1631,1074187,1520.0,710.5,1,21123,2
1631,1074188,858.0,21.25,2,21124,0
1631,1074189,511.0,127.0,1,21125,0
1631,1074190,626.0,352.5,1,21125,1
1631,1074191,1068.9166259765625,151.75,2,21126,0
1631,1074192,1106.5,181.0,1,21126,1
1631,1074193,1152.5,297.5,2,21126,2
1631,1074194,765.5,222.0,2,21127,0
1631,1074195,449.0,143.5,1,21128,0
1631,1074196,951.25,90.75,3,21129,0
1631,1074197,1031.0833740234375,166.6666717529297,2,21129,1
1631,1074198,1152.5,297.5,1,21129,2
1631,1074199,1520.0,710.5,1,21129,3
1631,1074200,1164.5,530.0,1,21129,4
1631,1074201,422.3333435058594,36.083335876464844,2,21130,0
1631,1074202,422.3333435058594,36.083335876464844,2,21131,0
1631,1074203,858.0,21.25,2,21132,0
1631,1074204,1302.5,829.0,1,21133,0
1631,1074205,1164.5,530.0,1,21133,1
1631,1074206,422.3333435058594,36.083335876464844,2,21134,0
1631,1074207,1031.625,177.4166717529297,3,21135,0
1631,1074208,1152.5,297.5,2,21135,1
1631,1074209,1020.9500122070312,126.7750015258789,4,21135,2
1631,1074210,1152.5,297.5,1,21136,0
1631,1074211,1031.0833740234375,166.6666717529297,2,21136,1
1631,1074212,1267.5,365.0,1,21136,2
1631,1074213,1064.5,167.0,2,21136,3
1631,1074214,930.5,71.0,2,21136,4
1631,1074215,1031.625,177.4166717529297,4,21137,0
1631,1074216,1152.5,297.5,1,21137,1
1631,1074217,980.6666870117188,117.41666412353516,3,21137,2
1631,1074218,1343.0,463.5,1,21138,0
1631,1074219,1267.5,365.0,1,21138,1
1631,1074220,1520.0,710.5,1,21138,2
1631,1074221,475.8333435058594,324.1666564941406,2,21139,0
1631,1074222,765.5,222.0,2,21140,0
1631,1074223,457.5,315.5,2,21141,0
1631,1074224,951.25,90.75,3,21142,0
1631,1074225,1031.625,177.4166717529297,3,21142,1
1631,1074226,1164.5,530.0,1,21142,2
1631,1074227,1520.0,710.5,1,21143,0
1631,1074228,1077.5,121.5,1,21143,1
1631,1074229,930.5,71.0,1,21143,2
1631,1074230,1343.0,463.5,1,21143,3
1641,1074167,1267.5,365.0,1,21116,0
1641,1074168,1343.0,463.5,1,21116,1
1641,1074169,1152.5,297.5,1,21116,2
1641,1074170,488.5,321.0,2,21117,0
1641,1074171,1031.625,177.4166717529297,3,21118,0
1641,1074172,1003.5,136.5,3,21118,1
1641,1074173,626.0,352.5,1,21119,0
1641,1074174,511.0,127.0,1,21119,1
1641,1074175,1064.5,167.0,2,21120,0
1641,1074176,1164.5,530.0,1,21120,1
1641,1074177,1031.625,177.4166717529297,3,21120,2
1641,1074178,1152.5,297.5,1,21120,3
1641,1074179,1164.5,530.0,1,21121,0
1641,1074180,1302.5,829.0,1,21121,1
1641,1074181,980.6666870117188,117.41666412353516,2,21121,2
1641,1074182,1031.625,177.4166717529297,4,21122,0
1641,1074183,1152.5,297.5,1,21122,1
1641,1074184,980.6666870117188,117.41666412353516,3,21122,2
1641,1074185,1085.75,146.5,2,21123,0
1641,1074186,1106.5,181.0,1,21123,1
1641,1074187,1520.0,710.5,1,21123,2
1641,1074188,858.0,21.25,2,21124,0
1641,1074189,511.0,127.0,1,21125,0
1641,1074190,626.0,352.5,1,21125,1
1641,1074191,1068.9166259765625,151.75,2,21126,0
1641,1074192,1106.5,181.0,1,21126,1
1641,1074193,1152.5,297.5,2,21126,2
1641,1074194,765.5,222.0,2,21127,0
1641,1074195,449.0,143.5,1,21128,0
1641,1074196,951.25,90.75,3,21129,0
1641,1074197,1031.0833740234375,166.6666717529297,2,21129,1
1641,1074198,1152.5,297.5,1,21129,2
1641,1074199,1520.0,710.5,1,21129,3
1641,1074200,1164.5,530.0,1,21129,4
1641,1074201,422.3333435058594,36.083335876464844,2,21130,0
1641,1074202,422.3333435058594,36.083335876464844,2,21131,0
1641,1074203,858.0,21.25,2,21132,0
1641,1074204,1302.5,829.0,1,21133,0
1641,1074205,1164.5,530.0,1,21133,1
1641,1074206,422.3333435058594,36.083335876464844,2,21134,0
1641,1074207,1031.625,177.4166717529297,3,21135,0
1641,1074208,1152.5,297.5,2,21135,1
1641,1074209,1020.9500122070312,126.7750015258789,4,21135,2
1641,1074210,1152.5,297.5,1,21136,0
1641,1074211,1031.0833740234375,166.6666717529297,2,21136,1
1641,1074212,1267.5,365.0,1,21136,2
1641,1074213,1064.5,167.0,2,21136,3
1641,1074214,930.5,71.0,2,21136,4
1641,1074215,1031.625,177.4166717529297,4,21137,0
1641,1074216,1152.5,297.5,1,21137,1
1641,1074217,980.6666870117188,117.41666412353516,3,21137,2
1641,1074218,1343.0,463.5,1,21138,0
1641,1074219,1267.5,365.0,1,21138,1
1641,1074220,1520.0,710.5,1,21138,2
1641,1074221,475.8333435058594,324.1666564941406,2,21139,0
1641,1074222,765.5,222.0,2,21140,0
1641,1074223,457.5,315.5,2,21141,0
1641,1074224,951.25,90.75,3,21142,0
1641,1074225,1031.625,177.4166717529297,3,21142,1
1641,1074226,1164.5,530.0,1,21142,2
1641,1074227,1520.0,710.5,1,21143,0
1641,1074228,1077.5,121.5,1,21143,1
1641,1074229,930.5,71.0,1,21143,2
1641,1074230,1343.0,463.5,1,21143,3
1651,1074167,1267.5,365.0,1,21116,0
1651,1074168,1343.0,463.5,1,21116,1
1651,1074169,1152.5,297.5,1,21116,2
1651,1074170,488.5,321.0,2,21117,0
1651,1074171,1031.625,177.4166717529297,3,21118,0
1651,1074172,1003.5,136.5,3,21118,1
1651,1074173,626.0,352.5,1,21119,0
1651,1074174,511.0,127.0,1,21119,1
1651,1074175,1064.5,167.0,2,21120,0
1651,1074176,1164.5,530.0,1,21120,1
1651,1074177,1031.625,177.4166717529297,3,21120,2
1651,1074178,1152.5,297.5,1,21120,3
1651,1074179,1164.5,530.0,1,21121,0
1651,1074180,1302.5,829.0,1,21121,1
1651,1074181,980.6666870117188,117.41666412353516,2,21121,2
1651,1074182,1031.625,177.4166717529297,4,21122,0
1651,1074183,1152.5,297.5,1,21122,1
1651,1074184,980.6666870117188,117.41666412353516,3,21122,2
1651,1074185,1085.75,146.5,2,21123,0
1651,1074186,1106.5,181.0,1,21123,1
1651,1074187,1520.0,710.5,1,21123,2
1651,1074188,858.0,21.25,2,21124,0
1651,1074189,511.0,127.0,1,21125,0
1651,1074190,626.0,352.5,1,21125,1
1651,1074191,1068.9166259765625,151.75,2,21126,0
1651,1074192,1106.5,181.0,1,21126,1
1651,1074193,1152.5,297.5,2,21126,2
1651,1074194,765.5,222.0,2,21127,0
1651,1074195,449.0,143.5,1,21128,0
1651,1074196,951.25,90.75,3,21129,0
1651,1074197,1031.0833740234375,166.6666717529297,2,21129,1
1651,1074198,1152.5,297.5,1,21129,2
1651,1074199,1520.0,710.5,1,21129,3
1651,1074200,1164.5,530.0,1,21129,4
1651,1074201,422.3333435058594,36.083335876464844,2,21130,0
1651,1074202,422.3333435058594,36.083335876464844,2,21131,0
1651,1074203,858.0,21.25,2,21132,0
1651,1074204,1302.5,829.0,1,21133,0
1651,1074205,1164.5,530.0,1,21133,1
1651,1074206,422.3333435058594,36.083335876464844,2,21134,0
1651,1074207,1031.625,177.4166717529297,3,21135,0
1651,1074208,1152.5,297.5,2,21135,1
1651,1074209,1020.9500122070312,126.7750015258789,4,21135,2
1651,1074210,1152.5,297.5,1,21136,0
1651,1074211,1031.0833740234375,166.6666717529297,2,21136,1
1651,1074212,1267.5,365.0,1,21136,2
1651,1074213,1064.5,167.0,2,21136,3
1651,1074214,930.5,71.0,2,21136,4
1651,1074215,1031.625,177.4166717529297,4,21137,0
1651,1074216,1152.5,297.5,1,21137,1
1651,1074217,980.6666870117188,117.41666412353516,3,21137,2
1651,1074218,1343.0,463.5,1,21138,0
1651,1074219,1267.5,365.0,1,21138,1
1651,1074220,1520.0,710.5,1,21138,2
1651,1074221,475.8333435058594,324.1666564941406,2,21139,0
1651,1074222,765.5,222.0,2,21140,0
1651,1074223,457.5,315.5,2,21141,0
1651,1074224,951.25,90.75,3,21142,0
1651,1074225,1031.625,177.4166717529297,3,21142,1
1651,1074226,1164.5,530.0,1,21142,2
1651,1074227,1520.0,710.5,1,21143,0
1651,1074228,1077.5,121.5,1,21143,1
1651,1074229,930.5,71.0,1,21143,2
1651,1074230,1343.0,463.5,1,21143,3
1661,1074167,1267.5,365.0,1,21116,0
1661,1074168,1343.0,463.5,1,21116,1
1661,1074169,1152.5,297.5,1,21116,2
1661,1074170,488.5,321.0,2,21117,0
1661,1074171,1031.625,177.4166717529297,3,21118,0
1661,1074172,1003.5,136.5,3,21118,1
1661,1074173,626.0,352.5,1,21119,0
1661,1074174,511.0,127.0,1,21119,1
1661,1074175,1064.5,167.0,2,21120,0
1661,1074176,1164.5,530.0,1,21120,1
1661,1074177,1031.625,177.4166717529297,3,21120,2
1661,1074178,1152.5,297.5,1,21120,3
1661,1074179,1164.5,530.0,1,21121,0
1661,1074180,1302.5,829.0,1,21121,1
1661,1074181,980.6666870117188,117.41666412353516,2,21121,2
1661,1074182,1031.625,177.4166717529297,4,21122,0
1661,1074183,1152.5,297.5,1,21122,1
1661,1074184,980.6666870117188,117.41666412353516,3,21122,2
1661,1074185,1085.75,146.5,2,21123,0
1661,1074186,1106.5,181.0,1,21123,1
1661,1074187,1520.0,710.5,1,21123,2
1661,1074188,858.0,21.25,2,21124,0
1661,1074189,511.0,127.0,1,21125,0
1661,1074190,626.0,352.5,1,21125,1
1661,1074191,1068.9166259765625,151.75,2,21126,0
1661,1074192,1106.5,181.0,1,21126,1
1661,1074193,1152.5,297.5,2,21126,2
1661,1074194,765.5,222.0,2,21127,0
1661,1074195,449.0,143.5,1,21128,0
1661,1074196,951.25,90.75,3,21129,0
1661,1074197,1031.0833740234375,166.6666717529297,2,21129,1
1661,1074198,1152.5,297.5,1,21129,2
1661,1074199,1520.0,710.5,1,21129,3
1661,1074200,1164.5,530.0,1,21129,4
1661,1074201,422.3333435058594,36.083335876464844,2,21130,0
1661,1074202,422.3333435058594,36.083335876464844,2,21131,0
1661,1074203,858.0,21.25,2,21132,0
1661,1074204,1302.5,829.0,1,21133,0
1661,1074205,1164.5,530.0,1,21133,1
1661,1074206,422.3333435058594,36.083335876464844,2,21134,0
1661,1074207,1031.625,177.4166717529297,3,21135,0
1661,1074208,1152.5,297.5,2,21135,1
1661,1074209,1020.9500122070312,126.7750015258789,4,21135,2
1661,1074210,1152.5,297.5,1,21136,0
1661,1074211,1031.0833740234375,166.6666717529297,2,21136,1
1661,1074212,1267.5,365.0,1,21136,2
1661,1074213,1064.5,167.0,2,21136,3
1661,1074214,930.5,71.0,2,21136,4
1661,1074215,1031.625,177.4166717529297,4,21137,0
1661,1074216,1152.5,297.5,1,21137,1
1661,1074217,980.6666870117188,117.41666412353516,3,21137,2
1661,1074218,1343.0,463.5,1,21138,0
1661,1074219,1267.5,365.0,1,21138,1
1661,1074220,1520.0,710.5,1,21138,2
1661,1074221,475.8333435058594,324.1666564941406,2,21139,0
1661,1074222,765.5,222.0,2,21140,0
1661,1074223,457.5,315.5,2,21141,0
1661,1074224,951.25,90.75,3,21142,0
1661,1074225,1031.625,177.4166717529297,3,21142,1
1661,1074226,1164.5,530.0,1,21142,2
1661,1074227,1520.0,710.5,1,21143,0
1661,1074228,1077.5,121.5,1,21143,1
1661,1074229,930.5,71.0,1,21143,2
1661,1074230,1343.0,463.5,1,21143,3
1671,1074167,1286.5,441.0,1,21116,0
1671,1074168,1374.5,521.0,1,21116,1
1671,1074169,1148.5,286.0,1,21116,2
1671,1074170,499.0,365.5,2,21117,0
1671,1074171,1033.375,172.9166717529297,2,21118,0
1671,1074172,1013.0,145.5,2,21118,1
1671,1074173,623.0,343.0,1,21119,0
1671,1074174,522.0,158.5,1,21119,1
1671,1074175,1086.0,195.5,2,21120,0
1671,1074176,1155.5,515.5,1,21120,1
1671,1074177,1033.375,172.9166717529297,2,21120,2
1671,1074178,1148.5,286.0,1,21120,3
1671,1074179,1155.5,515.5,1,21121,0
1671,1074180,1287.5,810.0,1,21121,1
1671,1074181,1002.1666870117188,141.66665649414062,2,21121,2
1671,1074182,1031.9583740234375,179.4166717529297,3,21122,0
1671,1074183,1148.5,286.0,1,21122,1
1671,1074184,995.6666870117188,126.66666412353516,2,21122,2
1671,1074185,1106.0,177.25,2,21123,0
1671,1074186,1103.5,176.5,1,21123,1
1671,1074187,1502.5,695.0,1,21123,2
1671,1074188,873.75,38.5,2,21124,0
1671,1074189,522.0,158.5,1,21125,0
1671,1074190,623.0,343.0,1,21125,1
1671,1074191,1090.4166259765625,180.25,2,21126,0
1671,1074192,1103.5,176.5,1,21126,1
1671,1074193,1157.25,306.0,2,21126,2
1671,1074194,776.5,255.75,2,21127,0
1671,1074195,453.5,177.0,1,21128,0
1671,1074196,966.75,100.25,2,21129,0
1671,1074197,1029.3333740234375,162.6666717529297,2,21129,1
1671,1074198,1152.75,298.75,2,21129,2
1671,1074199,1502.5,695.0,1,21129,3
1671,1074200,1155.5,515.5,1,21129,4
1671,1074201,423.0833435058594,59.583335876464844,2,21130,0
1671,1074202,423.0833435058594,59.583335876464844,2,21131,0
1671,1074203,873.75,38.5,2,21132,0
1671,1074204,1287.5,810.0,1,21133,0
1671,1074205,1155.5,515.5,1,21133,1
1671,1074206,423.0833435058594,59.583335876464844,2,21134,0
1671,1074207,1033.375,172.9166717529297,2,21135,0
1671,1074208,1157.25,306.0,2,21135,1
1671,1074209,1040.449951171875,150.60833740234375,3,21135,2
1671,1074210,1148.5,286.0,1,21136,0
1671,1074211,1029.3333740234375,162.6666717529297,2,21136,1
1671,1074212,1286.5,441.0,1,21136,2
1671,1074213,1086.0,195.5,2,21136,3
1671,1074214,946.0,80.5,2,21136,4
1671,1074215,1031.9583740234375,179.4166717529297,3,21137,0
1671,1074216,1148.5,286.0,1,21137,1
1671,1074217,995.6666870117188,126.66666412353516,2,21137,2
1671,1074218,1374.5,521.0,1,21138,0
1671,1074219,1286.5,441.0,1,21138,1
1671,1074220,1502.5,695.0,1,21138,2
1671,1074221,487.0833435058594,365.4166564941406,2,21139,0
1671,1074222,776.5,255.75,2,21140,0
1671,1074223,464.25,342.75,2,21141,0
1671,1074224,960.25,95.41666412353516,3,21142,0
1671,1074225,1033.375,172.9166717529297,2,21142,1
1671,1074226,1155.5,515.5,1,21142,2
1671,1074227,1502.5,695.0,1,21143,0
1671,1074228,1091.0,150.0,1,21143,1
1671,1074229,957.5,95.5,1,21143,2
1671,1074230,1374.5,521.0,1,21143,3
