frame,cluster_id,x,y,cluster_size,source_sample_index,source_local_cluster_id
11,1074231,1121.1875,675.25,8,21144,0
11,1074232,783.5,748.5,1,21144,1
11,1074233,1008.0,643.0,1,21144,2
11,1074234,882.5,793.5,1,21145,0
11,1074235,783.5,748.5,1,21146,0
11,1074236,967.0,638.0,1,21146,1
11,1074237,930.9091186523438,672.3636474609375,11,21146,2
11,1074238,1215.0,680.0,1,21146,3
11,1074239,1008.0,643.0,1,21146,4
11,1074240,960.0999755859375,650.4000244140625,5,21147,0
11,1074241,967.0,638.0,1,21147,1
11,1074242,783.5,748.5,1,21147,2
11,1074243,1008.0,643.0,1,21147,3
11,1074244,1199.5714111328125,692.9285888671875,14,21148,0
11,1074245,1149.5,656.875,4,21148,1
11,1074246,833.8333129882812,698.8333129882812,3,21149,0
11,1074247,783.5,748.5,1,21149,1
11,1074248,1222.576904296875,689.6538696289062,13,21150,0
11,1074249,1167.5,656.125,4,21150,1
11,1074250,1363.5,751.0,1,21151,0
11,1074251,1205.5,674.5,1,21151,1
11,1074252,1155.6666259765625,659.5,3,21151,2
11,1074253,1164.0,691.0,1,21151,3
11,1074254,1224.9000244140625,698.8333129882812,15,21152,0
11,1074255,1167.5,656.125,4,21152,1
11,1074256,1175.2857666015625,685.4761962890625,21,21153,0
11,1074257,1160.199951171875,654.7000122070312,5,21153,1
11,1074258,783.5,748.5,1,21153,2
11,1074259,850.0,691.25,4,21154,0
11,1074260,783.5,748.5,1,21154,1
11,1074261,1361.5,864.5,2,21155,0
11,1074262,1155.6666259765625,659.5,3,21155,1
11,1074263,1164.0,691.0,1,21155,2
11,1074264,1204.76318359375,691.4473876953125,19,21156,0
11,1074265,980.5,730.0,1,21156,1
11,1074266,1160.199951171875,654.7000122070312,5,21156,2
11,1074267,1214.02783203125,694.9722290039062,18,21157,0
11,1074268,1160.199951171875,654.7000122070312,5,21157,1
11,1074269,1187.142822265625,691.2619018554688,21,21158,0
11,1074270,1160.199951171875,654.7000122070312,5,21158,1
11,1074271,1149.800048828125,679.7000122070312,15,21159,0
11,1074272,1160.199951171875,654.7000122070312,5,21159,1
11,1074273,967.0,638.0,1,21160,0
11,1074274,783.5,748.5,1,21160,1
11,1074275,960.0999755859375,650.4000244140625,5,21160,2
11,1074276,1008.0,643.0,1,21160,3
11,1074277,1160.199951171875,654.7000122070312,5,21161,0
11,1074278,1225.8477783203125,711.7391357421875,23,21161,1
11,1074279,937.0999755859375,655.5,5,21162,0
11,1074280,1008.0,643.0,1,21162,1
11,1074281,783.5,748.5,1,21162,2
11,1074282,967.0,638.0,1,21162,3
11,1074283,1199.9615478515625,693.1153564453125,13,21163,0
11,1074284,980.5,730.0,1,21163,1
11,1074285,1149.5,656.875,4,21163,2
11,1074286,1167.5,656.125,4,21164,0
11,1074287,1218.9285888671875,685.6071166992188,14,21164,1
11,1074288,937.0999755859375,655.5,5,21165,0
11,1074289,783.5,748.5,1,21165,1
11,1074290,967.0,638.0,1,21165,2
11,1074291,1224.53125,690.03125,16,21166,0
11,1074292,1160.199951171875,654.7000122070312,5,21166,1
11,1074293,1214.7857666015625,719.0714111328125,7,21167,0
11,1074294,1149.5,656.875,4,21167,1
11,1074295,1215.2667236328125,685.9666748046875,15,21168,0
11,1074296,1160.199951171875,654.7000122070312,5,21168,1
11,1074297,1208.0263671875,696.2894897460938,19,21169,0
11,1074298,1160.199951171875,654.7000122070312,5,21169,1
11,1074299,1008.0,643.0,1,21170,0
11,1074300,984.75,663.75,6,21170,1
11,1074301,783.5,748.5,1,21170,2
11,1074302,967.0,638.0,1,21170,3
11,1074303,912.5,663.5999755859375,5,21171,0
11,1074304,783.5,748.5,1,21171,1
11,1074305,1134.0,676.8499755859375,10,21172,0
11,1074306,783.5,748.5,1,21172,1
11,1074307,1008.0,643.0,1,21172,2
11,1074308,1224.29541015625,713.3863525390625,22,21173,0
11,1074309,1155.6666259765625,659.5,3,21173,1
11,1074310,1083.0,666.7142944335938,7,21174,0
11,1074311,783.5,748.5,1,21174,1
11,1074312,967.0,638.0,1,21174,2
11,1074313,1008.0,643.0,1,21174,3
11,1074314,1222.09375,696.625,16,21175,0
11,1074315,1160.199951171875,654.7000122070312,5,21175,1
11,1074316,833.8333129882812,698.8333129882812,3,21176,0
11,1074317,783.5,748.5,1,21176,1
11,1074318,1214.269287109375,704.5,13,21177,0
11,1074319,1149.5,656.875,4,21177,1
11,1074320,1218.0,695.5333251953125,15,21178,0
11,1074321,1160.199951171875,654.7000122070312,5,21178,1
11,1074322,1361.5,864.5,2,21179,0
11,1074323,1155.6666259765625,659.5,3,21179,1
11,1074324,1164.0,691.0,1,21179,2
11,1074325,1207.5,693.1666870117188,18,21180,0
11,1074326,1160.199951171875,654.7000122070312,5,21180,1
11,1074327,1163.361083984375,684.361083984375,18,21181,0
11,1074328,1160.199951171875,654.7000122070312,5,21181,1
11,1074329,937.0999755859375,655.5,5,21182,0
11,1074330,783.5,748.5,1,21182,1
11,1074331,967.0,638.0,1,21182,2
11,1074332,1008.0,643.0,1,21182,3
11,1074333,1160.199951171875,654.7000122070312,5,21183,0
11,1074334,1225.8477783203125,711.7391357421875,23,21183,1
11,1074335,190.0,1041.5,1,21184,0
11,1074336,1149.5,656.875,4,21185,0
11,1074337,1203.7353515625,694.0,17,21185,1
11,1074338,1162.8077392578125,688.423095703125,13,21186,0
11,1074339,1149.5,656.875,4,21186,1
11,1074340,1160.199951171875,654.7000122070312,5,21187,0
11,1074341,1225.8477783203125,711.7391357421875,23,21187,1
21,1074231,1121.1875,675.25,8,21144,0
21,1074232,783.5,748.5,1,21144,1
21,1074233,1008.0,643.0,1,21144,2
21,1074234,882.5,793.5,1,21145,0
21,1074235,783.5,748.5,1,21146,0
21,1074236,967.0,638.0,1,21146,1
21,1074237,930.9091186523438,672.3636474609375,11,21146,2
21,1074238,1215.0,680.0,1,21146,3
21,1074239,1008.0,643.0,1,21146,4
21,1074240,960.0999755859375,650.4000244140625,5,21147,0
21,1074241,967.0,638.0,1,21147,1
21,1074242,783.5,748.5,1,21147,2
21,1074243,1008.0,643.0,1,21147,3
21,1074244,1199.5714111328125,692.9285888671875,14,21148,0
21,1074245,1149.5,656.875,4,21148,1
21,1074246,833.8333129882812,698.8333129882812,3,21149,0
21,1074247,783.5,748.5,1,21149,1
21,1074248,1222.576904296875,689.6538696289062,13,21150,0
21,1074249,1167.5,656.125,4,21150,1
21,1074250,1363.5,751.0,1,21151,0
21,1074251,1205.5,674.5,1,21151,1
21,1074252,1155.6666259765625,659.5,3,21151,2
21,1074253,1164.0,691.0,1,21151,3
21,1074254,1224.9000244140625,698.8333129882812,15,21152,0
21,1074255,1167.5,656.125,4,21152,1
21,1074256,1175.2857666015625,685.4761962890625,21,21153,0
21,1074257,1160.199951171875,654.7000122070312,5,21153,1
21,1074258,783.5,748.5,1,21153,2
21,1074259,850.0,691.25,4,21154,0
21,1074260,783.5,748.5,1,21154,1
21,1074261,1361.5,864.5,2,21155,0
21,1074262,1155.6666259765625,659.5,3,21155,1
21,1074263,1164.0,691.0,1,21155,2
21,1074264,1204.76318359375,691.4473876953125,19,21156,0
21,1074265,980.5,730.0,1,21156,1
21,1074266,1160.199951171875,654.7000122070312,5,21156,2
21,1074267,1214.02783203125,694.9722290039062,18,21157,0
21,1074268,1160.199951171875,654.7000122070312,5,21157,1
21,1074269,1187.142822265625,691.2619018554688,21,21158,0
21,1074270,1160.199951171875,654.7000122070312,5,21158,1
21,1074271,1149.800048828125,679.7000122070312,15,21159,0
21,1074272,1160.199951171875,654.7000122070312,5,21159,1
21,1074273,967.0,638.0,1,21160,0
21,1074274,783.5,748.5,1,21160,1
21,1074275,960.0999755859375,650.4000244140625,5,21160,2
21,1074276,1008.0,643.0,1,21160,3
21,1074277,1160.199951171875,654.7000122070312,5,21161,0
21,1074278,1225.8477783203125,711.7391357421875,23,21161,1
21,1074279,937.0999755859375,655.5,5,21162,0
21,1074280,1008.0,643.0,1,21162,1
21,1074281,783.5,748.5,1,21162,2
21,1074282,967.0,638.0,1,21162,3
21,1074283,1199.9615478515625,693.1153564453125,13,21163,0
21,1074284,980.5,730.0,1,21163,1
21,1074285,1149.5,656.875,4,21163,2
21,1074286,1167.5,656.125,4,21164,0
21,1074287,1218.9285888671875,685.6071166992188,14,21164,1
21,1074288,937.0999755859375,655.5,5,21165,0
21,1074289,783.5,748.5,1,21165,1
21,1074290,967.0,638.0,1,21165,2
21,1074291,1224.53125,690.03125,16,21166,0
21,1074292,1160.199951171875,654.7000122070312,5,21166,1
21,1074293,1214.7857666015625,719.0714111328125,7,21167,0
21,1074294,1149.5,656.875,4,21167,1
21,1074295,1215.2667236328125,685.9666748046875,15,21168,0
21,1074296,1160.199951171875,654.7000122070312,5,21168,1
21,1074297,1208.0263671875,696.2894897460938,19,21169,0
21,1074298,1160.199951171875,654.7000122070312,5,21169,1
21,1074299,1008.0,643.0,1,21170,0
21,1074300,984.75,663.75,6,21170,1
21,1074301,783.5,748.5,1,21170,2
21,1074302,967.0,638.0,1,21170,3
21,1074303,912.5,663.5999755859375,5,21171,0
21,1074304,783.5,748.5,1,21171,1
21,1074305,1134.0,676.8499755859375,10,21172,0
21,1074306,783.5,748.5,1,21172,1
21,1074307,1008.0,643.0,1,21172,2
21,1074308,1224.29541015625,713.3863525390625,22,21173,0
21,1074309,1155.6666259765625,659.5,3,21173,1
21,1074310,1083.0,666.7142944335938,7,21174,0
21,1074311,783.5,748.5,1,21174,1
21,1074312,967.0,638.0,1,21174,2
21,1074313,1008.0,643.0,1,21174,3
21,1074314,1222.09375,696.625,16,21175,0
21,1074315,1160.199951171875,654.7000122070312,5,21175,1
21,1074316,833.8333129882812,698.8333129882812,3,21176,0
21,1074317,783.5,748.5,1,21176,1
21,1074318,1214.269287109375,704.5,13,21177,0
21,1074319,1149.5,656.875,4,21177,1
21,1074320,1218.0,695.5333251953125,15,21178,0
21,1074321,1160.199951171875,654.7000122070312,5,21178,1
21,1074322,1361.5,864.5,2,21179,0
21,1074323,1155.6666259765625,659.5,3,21179,1
21,1074324,1164.0,691.0,1,21179,2
21,1074325,1207.5,693.1666870117188,18,21180,0
21,1074326,1160.199951171875,654.7000122070312,5,21180,1
21,1074327,1163.361083984375,684.361083984375,18,21181,0
21,1074328,1160.199951171875,654.7000122070312,5,21181,1
21,1074329,937.0999755859375,655.5,5,21182,0
21,1074330,783.5,748.5,1,21182,1
21,1074331,967.0,638.0,1,21182,2
21,1074332,1008.0,643.0,1,21182,3
21,1074333,1160.199951171875,654.7000122070312,5,21183,0
21,1074334,1225.8477783203125,711.7391357421875,23,21183,1
21,1074335,190.0,1041.5,1,21184,0
21,1074336,1149.5,656.875,4,21185,0
21,1074337,1203.7353515625,694.0,17,21185,1
21,1074338,1162.8077392578125,688.423095703125,13,21186,0
21,1074339,1149.5,656.875,4,21186,1
21,1074340,1160.199951171875,654.7000122070312,5,21187,0
21,1074341,1225.8477783203125,711.7391357421875,23,21187,1
31,1074231,1121.1875,675.25,8,21144,0
31,1074232,783.5,748.5,1,21144,1
31,1074233,1008.0,643.0,1,21144,2
31,1074234,882.5,793.5,1,21145,0
31,1074235,783.5,748.5,1,21146,0
31,1074236,967.0,638.0,1,21146,1
31,1074237,930.9091186523438,672.3636474609375,11,21146,2
31,1074238,1215.0,680.0,1,21146,3
31,1074239,1008.0,643.0,1,21146,4
31,1074240,960.0999755859375,650.4000244140625,5,21147,0
31,1074241,967.0,638.0,1,21147,1
31,1074242,783.5,748.5,1,21147,2
31,1074243,1008.0,643.0,1,21147,3
31,1074244,1199.5714111328125,692.9285888671875,14,21148,0
31,1074245,1149.5,656.875,4,21148,1
31,1074246,833.8333129882812,698.8333129882812,3,21149,0
31,1074247,783.5,748.5,1,21149,1
31,1074248,1222.576904296875,689.6538696289062,13,21150,0
31,1074249,1167.5,656.125,4,21150,1
31,1074250,1363.5,751.0,1,21151,0
31,1074251,1205.5,674.5,1,21151,1
31,1074252,1155.6666259765625,659.5,3,21151,2
31,1074253,1164.0,691.0,1,21151,3
31,1074254,1224.9000244140625,698.8333129882812,15,21152,0
31,1074255,1167.5,656.125,4,21152,1
31,1074256,1175.2857666015625,685.4761962890625,21,21153,0
31,1074257,1160.199951171875,654.7000122070312,5,21153,1
31,1074258,783.5,748.5,1,21153,2
31,1074259,850.0,691.25,4,21154,0
31,1074260,783.5,748.5,1,21154,1
31,1074261,1361.5,864.5,2,21155,0
31,1074262,1155.6666259765625,659.5,3,21155,1
31,1074263,1164.0,691.0,1,21155,2
31,1074264,1204.76318359375,691.4473876953125,19,21156,0
31,1074265,980.5,730.0,1,21156,1
31,1074266,1160.199951171875,654.7000122070312,5,21156,2
31,1074267,1214.02783203125,694.9722290039062,18,21157,0
31,1074268,1160.199951171875,654.7000122070312,5,21157,1
31,1074269,1187.142822265625,691.2619018554688,21,21158,0
31,1074270,1160.199951171875,654.7000122070312,5,21158,1
31,1074271,1149.800048828125,679.7000122070312,15,21159,0
31,1074272,1160.199951171875,654.7000122070312,5,21159,1
31,1074273,967.0,638.0,1,21160,0
31,1074274,783.5,748.5,1,21160,1
31,1074275,960.0999755859375,650.4000244140625,5,21160,2
31,1074276,1008.0,643.0,1,21160,3
31,1074277,1160.199951171875,654.7000122070312,5,21161,0
31,1074278,1225.8477783203125,711.7391357421875,23,21161,1
31,1074279,937.0999755859375,655.5,5,21162,0
31,1074280,1008.0,643.0,1,21162,1
31,1074281,783.5,748.5,1,21162,2
31,1074282,967.0,638.0,1,21162,3
31,1074283,1199.9615478515625,693.1153564453125,13,21163,0
31,1074284,980.5,730.0,1,21163,1
31,1074285,1149.5,656.875,4,21163,2
31,1074286,1167.5,656.125,4,21164,0
31,1074287,1218.9285888671875,685.6071166992188,14,21164,1
31,1074288,937.0999755859375,655.5,5,21165,0
31,1074289,783.5,748.5,1,21165,1
31,1074290,967.0,638.0,1,21165,2
31,1074291,1224.53125,690.03125,16,21166,0
31,1074292,1160.199951171875,654.7000122070312,5,21166,1
31,1074293,1214.7857666015625,719.0714111328125,7,21167,0
31,1074294,1149.5,656.875,4,21167,1
31,1074295,1215.2667236328125,685.9666748046875,15,21168,0
31,1074296,1160.199951171875,654.7000122070312,5,21168,1
31,1074297,1208.0263671875,696.2894897460938,19,21169,0
31,1074298,1160.199951171875,654.7000122070312,5,21169,1
31,1074299,1008.0,643.0,1,21170,0
31,1074300,984.75,663.75,6,21170,1
31,1074301,783.5,748.5,1,21170,2
31,1074302,967.0,638.0,1,21170,3
31,1074303,912.5,663.5999755859375,5,21171,0
31,1074304,783.5,748.5,1,21171,1
31,1074305,1134.0,676.8499755859375,10,21172,0
31,1074306,783.5,748.5,1,21172,1
31,1074307,1008.0,643.0,1,21172,2
31,1074308,1224.29541015625,713.3863525390625,22,21173,0
31,1074309,1155.6666259765625,659.5,3,21173,1
31,1074310,1083.0,666.7142944335938,7,21174,0
31,1074311,783.5,748.5,1,21174,1
31,1074312,967.0,638.0,1,21174,2
31,1074313,1008.0,643.0,1,21174,3
31,1074314,1222.09375,696.625,16,21175,0
31,1074315,1160.199951171875,654.7000122070312,5,21175,1
31,1074316,833.8333129882812,698.8333129882812,3,21176,0
31,1074317,783.5,748.5,1,21176,1
31,1074318,1214.269287109375,704.5,13,21177,0
31,1074319,1149.5,656.875,4,21177,1
31,1074320,1218.0,695.5333251953125,15,21178,0
31,1074321,1160.199951171875,654.7000122070312,5,21178,1
31,1074322,1361.5,864.5,2,21179,0
31,1074323,1155.6666259765625,659.5,3,21179,1
31,1074324,1164.0,691.0,1,21179,2
31,1074325,1207.5,693.1666870117188,18,21180,0
31,1074326,1160.199951171875,654.7000122070312,5,21180,1
31,1074327,1163.361083984375,684.361083984375,18,21181,0
31,1074328,1160.199951171875,654.7000122070312,5,21181,1
31,1074329,937.0999755859375,655.5,5,21182,0
31,1074330,783.5,748.5,1,21182,1
31,1074331,967.0,638.0,1,21182,2
31,1074332,1008.0,643.0,1,21182,3
31,1074333,1160.199951171875,654.7000122070312,5,21183,0
31,1074334,1225.8477783203125,711.7391357421875,23,21183,1
31,1074335,190.0,1041.5,1,21184,0
31,1074336,1149.5,656.875,4,21185,0
31,1074337,1203.7353515625,694.0,17,21185,1
31,1074338,1162.8077392578125,688.423095703125,13,21186,0
31,1074339,1149.5,656.875,4,21186,1
31,1074340,1160.199951171875,654.7000122070312,5,21187,0
31,1074341,1225.8477783203125,711.7391357421875,23,21187,1
41,1074231,1121.1875,675.25,8,21144,0
41,1074232,783.5,748.5,1,21144,1
41,1074233,1008.0,643.0,1,21144,2
41,1074234,882.5,793.5,1,21145,0
41,1074235,783.5,748.5,1,21146,0
41,1074236,967.0,638.0,1,21146,1
41,1074237,930.9091186523438,672.3636474609375,11,21146,2
41,1074238,1215.0,680.0,1,21146,3
41,1074239,1008.0,643.0,1,21146,4
41,1074240,960.0999755859375,650.4000244140625,5,21147,0
41,1074241,967.0,638.0,1,21147,1
41,1074242,783.5,748.5,1,21147,2
41,1074243,1008.0,643.0,1,21147,3
41,1074244,1199.5714111328125,692.9285888671875,14,21148,0
41,1074245,1149.5,656.875,4,21148,1
41,1074246,833.8333129882812,698.8333129882812,3,21149,0
41,1074247,783.5,748.5,1,21149,1
41,1074248,1222.576904296875,689.6538696289062,13,21150,0
41,1074249,1167.5,656.125,4,21150,1
41,1074250,1363.5,751.0,1,21151,0
41,1074251,1205.5,674.5,1,21151,1
41,1074252,1155.6666259765625,659.5,3,21151,2
41,1074253,1164.0,691.0,1,21151,3
41,1074254,1224.9000244140625,698.8333129882812,15,21152,0
41,1074255,1167.5,656.125,4,21152,1
41,1074256,1175.2857666015625,685.4761962890625,21,21153,0
41,1074257,1160.199951171875,654.7000122070312,5,21153,1
41,1074258,783.5,748.5,1,21153,2
41,1074259,850.0,691.25,4,21154,0
41,1074260,783.5,748.5,1,21154,1
41,1074261,1361.5,864.5,2,21155,0
41,1074262,1155.6666259765625,659.5,3,21155,1
41,1074263,1164.0,691.0,1,21155,2
41,1074264,1204.76318359375,691.4473876953125,19,21156,0
41,1074265,980.5,730.0,1,21156,1
41,1074266,1160.199951171875,654.7000122070312,5,21156,2
41,1074267,1214.02783203125,694.9722290039062,18,21157,0
41,1074268,1160.199951171875,654.7000122070312,5,21157,1
41,1074269,1187.142822265625,691.2619018554688,21,21158,0
41,1074270,1160.199951171875,654.7000122070312,5,21158,1
41,1074271,1149.800048828125,679.7000122070312,15,21159,0
41,1074272,1160.199951171875,654.7000122070312,5,21159,1
41,1074273,967.0,638.0,1,21160,0
41,1074274,783.5,748.5,1,21160,1
41,1074275,960.0999755859375,650.4000244140625,5,21160,2
41,1074276,1008.0,643.0,1,21160,3
41,1074277,1160.199951171875,654.7000122070312,5,21161,0
41,1074278,1225.8477783203125,711.7391357421875,23,21161,1
41,1074279,937.0999755859375,655.5,5,21162,0
41,1074280,1008.0,643.0,1,21162,1
41,1074281,783.5,748.5,1,21162,2
41,1074282,967.0,638.0,1,21162,3
41,1074283,1199.9615478515625,693.1153564453125,13,21163,0
41,1074284,980.5,730.0,1,21163,1
41,1074285,1149.5,656.875,4,21163,2
41,1074286,1167.5,656.125,4,21164,0
41,1074287,1218.9285888671875,685.6071166992188,14,21164,1
41,1074288,937.0999755859375,655.5,5,21165,0
41,1074289,783.5,748.5,1,21165,1
41,1074290,967.0,638.0,1,21165,2
41,1074291,1224.53125,690.03125,16,21166,0
41,1074292,1160.199951171875,654.7000122070312,5,21166,1
41,1074293,1214.7857666015625,719.0714111328125,7,21167,0
41,1074294,1149.5,656.875,4,21167,1
41,1074295,1215.2667236328125,685.9666748046875,15,21168,0
41,1074296,1160.199951171875,654.7000122070312,5,21168,1
41,1074297,1208.0263671875,696.2894897460938,19,21169,0
41,1074298,1160.199951171875,654.7000122070312,5,21169,1
41,1074299,1008.0,643.0,1,21170,0
41,1074300,984.75,663.75,6,21170,1
41,1074301,783.5,748.5,1,21170,2
41,1074302,967.0,638.0,1,21170,3
41,1074303,912.5,663.5999755859375,5,21171,0
41,1074304,783.5,748.5,1,21171,1
41,1074305,1134.0,676.8499755859375,10,21172,0
41,1074306,783.5,748.5,1,21172,1
41,1074307,1008.0,643.0,1,21172,2
41,1074308,1224.29541015625,713.3863525390625,22,21173,0
41,1074309,1155.6666259765625,659.5,3,21173,1
41,1074310,1083.0,666.7142944335938,7,21174,0
41,1074311,783.5,748.5,1,21174,1
41,1074312,967.0,638.0,1,21174,2
41,1074313,1008.0,643.0,1,21174,3
41,1074314,1222.09375,696.625,16,21175,0
41,1074315,1160.199951171875,654.7000122070312,5,21175,1
41,1074316,833.8333129882812,698.8333129882812,3,21176,0
41,1074317,783.5,748.5,1,21176,1
41,1074318,1214.269287109375,704.5,13,21177,0
41,1074319,1149.5,656.875,4,21177,1
41,1074320,1218.0,695.5333251953125,15,21178,0
41,1074321,1160.199951171875,654.7000122070312,5,21178,1
41,1074322,1361.5,864.5,2,21179,0
41,1074323,1155.6666259765625,659.5,3,21179,1
41,1074324,1164.0,691.0,1,21179,2
41,1074325,1207.5,693.1666870117188,18,21180,0
41,1074326,1160.199951171875,654.7000122070312,5,21180,1
41,1074327,1163.361083984375,684.361083984375,18,21181,0
41,1074328,1160.199951171875,654.7000122070312,5,21181,1
41,1074329,937.0999755859375,655.5,5,21182,0
41,1074330,783.5,748.5,1,21182,1
41,1074331,967.0,638.0,1,21182,2
41,1074332,1008.0,643.0,1,21182,3
41,1074333,1160.199951171875,654.7000122070312,5,21183,0
41,1074334,1225.8477783203125,711.7391357421875,23,21183,1
41,1074335,190.0,1041.5,1,21184,0
41,1074336,1149.5,656.875,4,21185,0
41,1074337,1203.7353515625,694.0,17,21185,1
41,1074338,1162.8077392578125,688.423095703125,13,21186,0
41,1074339,1149.5,656.875,4,21186,1
41,1074340,1160.199951171875,654.7000122070312,5,21187,0
41,1074341,1225.8477783203125,711.7391357421875,23,21187,1
51,1074231,1121.1875,675.25,8,21144,0
51,1074232,783.5,748.5,1,21144,1
51,1074233,1008.0,643.0,1,21144,2
51,1074234,882.5,793.5,1,21145,0
51,1074235,783.5,748.5,1,21146,0
51,1074236,967.0,638.0,1,21146,1
51,1074237,930.9091186523438,672.3636474609375,11,21146,2
51,1074238,1215.0,680.0,1,21146,3
51,1074239,1008.0,643.0,1,21146,4
51,1074240,960.0999755859375,650.4000244140625,5,21147,0
51,1074241,967.0,638.0,1,21147,1
51,1074242,783.5,748.5,1,21147,2
51,1074243,1008.0,643.0,1,21147,3
51,1074244,1199.5714111328125,692.9285888671875,14,21148,0
51,1074245,1149.5,656.875,4,21148,1
51,1074246,833.8333129882812,698.8333129882812,3,21149,0
51,1074247,783.5,748.5,1,21149,1
51,1074248,1222.576904296875,689.6538696289062,13,21150,0
51,1074249,1167.5,656.125,4,21150,1
51,1074250,1363.5,751.0,1,21151,0
51,1074251,1205.5,674.5,1,21151,1
51,1074252,1155.6666259765625,659.5,3,21151,2
51,1074253,1164.0,691.0,1,21151,3
51,1074254,1224.9000244140625,698.8333129882812,15,21152,0
51,1074255,1167.5,656.125,4,21152,1
51,1074256,1175.2857666015625,685.4761962890625,21,21153,0
51,1074257,1160.199951171875,654.7000122070312,5,21153,1
51,1074258,783.5,748.5,1,21153,2
51,1074259,850.0,691.25,4,21154,0
51,1074260,783.5,748.5,1,21154,1
51,1074261,1361.5,864.5,2,21155,0
51,1074262,1155.6666259765625,659.5,3,21155,1
51,1074263,1164.0,691.0,1,21155,2
51,1074264,1204.76318359375,691.4473876953125,19,21156,0
51,1074265,980.5,730.0,1,21156,1
51,1074266,1160.199951171875,654.7000122070312,5,21156,2
51,1074267,1214.02783203125,694.9722290039062,18,21157,0
51,1074268,1160.199951171875,654.7000122070312,5,21157,1
51,1074269,1187.142822265625,691.2619018554688,21,21158,0
51,1074270,1160.199951171875,654.7000122070312,5,21158,1
51,1074271,1149.800048828125,679.7000122070312,15,21159,0
51,1074272,1160.199951171875,654.7000122070312,5,21159,1
51,1074273,967.0,638.0,1,21160,0
51,1074274,783.5,748.5,1,21160,1
51,1074275,960.0999755859375,650.4000244140625,5,21160,2
51,1074276,1008.0,643.0,1,21160,3
51,1074277,1160.199951171875,654.7000122070312,5,21161,0
51,1074278,1225.8477783203125,711.7391357421875,23,21161,1
51,1074279,937.0999755859375,655.5,5,21162,0
51,1074280,1008.0,643.0,1,21162,1
51,1074281,783.5,748.5,1,21162,2
51,1074282,967.0,638.0,1,21162,3
51,1074283,1199.9615478515625,693.1153564453125,13,21163,0
51,1074284,980.5,730.0,1,21163,1
51,1074285,1149.5,656.875,4,21163,2
51,1074286,1167.5,656.125,4,21164,0
51,1074287,1218.9285888671875,685.6071166992188,14,21164,1
51,1074288,937.0999755859375,655.5,5,21165,0
51,1074289,783.5,748.5,1,21165,1
51,1074290,967.0,638.0,1,21165,2
51,1074291,1224.53125,690.03125,16,21166,0
51,1074292,1160.199951171875,654.7000122070312,5,21166,1
51,1074293,1214.7857666015625,719.0714111328125,7,21167,0
51,1074294,1149.5,656.875,4,21167,1
51,1074295,1215.2667236328125,685.9666748046875,15,21168,0
51,1074296,1160.199951171875,654.7000122070312,5,21168,1
51,1074297,1208.0263671875,696.2894897460938,19,21169,0
51,1074298,1160.199951171875,654.7000122070312,5,21169,1
51,1074299,1008.0,643.0,1,21170,0
51,1074300,984.75,663.75,6,21170,1
51,1074301,783.5,748.5,1,21170,2
51,1074302,967.0,638.0,1,21170,3
51,1074303,912.5,663.5999755859375,5,21171,0
51,1074304,783.5,748.5,1,21171,1
51,1074305,1134.0,676.8499755859375,10,21172,0
51,1074306,783.5,748.5,1,21172,1
51,1074307,1008.0,643.0,1,21172,2
51,1074308,1224.29541015625,713.3863525390625,22,21173,0
51,1074309,1155.6666259765625,659.5,3,21173,1
51,1074310,1083.0,666.7142944335938,7,21174,0
51,1074311,783.5,748.5,1,21174,1
51,1074312,967.0,638.0,1,21174,2
51,1074313,1008.0,643.0,1,21174,3
51,1074314,1222.09375,696.625,16,21175,0
51,1074315,1160.199951171875,654.7000122070312,5,21175,1
51,1074316,833.8333129882812,698.8333129882812,3,21176,0
51,1074317,783.5,748.5,1,21176,1
51,1074318,1214.269287109375,704.5,13,21177,0
51,1074319,1149.5,656.875,4,21177,1
51,1074320,1218.0,695.5333251953125,15,21178,0
51,1074321,1160.199951171875,654.7000122070312,5,21178,1
51,1074322,1361.5,864.5,2,21179,0
51,1074323,1155.6666259765625,659.5,3,21179,1
51,1074324,1164.0,691.0,1,21179,2
51,1074325,1207.5,693.1666870117188,18,21180,0
51,1074326,1160.199951171875,654.7000122070312,5,21180,1
51,1074327,1163.361083984375,684.361083984375,18,21181,0
51,1074328,1160.199951171875,654.7000122070312,5,21181,1
51,1074329,937.0999755859375,655.5,5,21182,0
51,1074330,783.5,748.5,1,21182,1
51,1074331,967.0,638.0,1,21182,2
51,1074332,1008.0,643.0,1,21182,3
51,1074333,1160.199951171875,654.7000122070312,5,21183,0
51,1074334,1225.8477783203125,711.7391357421875,23,21183,1
51,1074335,190.0,1041.5,1,21184,0
51,1074336,1149.5,656.875,4,21185,0
51,1074337,1203.7353515625,694.0,17,21185,1
51,1074338,1162.8077392578125,688.423095703125,13,21186,0
51,1074339,1149.5,656.875,4,21186,1
51,1074340,1160.199951171875,654.7000122070312,5,21187,0
51,1074341,1225.8477783203125,711.7391357421875,23,21187,1
61,1074231,1121.1875,675.25,8,21144,0
61,1074232,783.5,748.5,1,21144,1
61,1074233,1008.0,643.0,1,21144,2
61,1074234,882.5,793.5,1,21145,0
61,1074235,783.5,748.5,1,21146,0
61,1074236,967.0,638.0,1,21146,1
61,1074237,930.9091186523438,672.3636474609375,11,21146,2
61,1074238,1215.0,680.0,1,21146,3
61,1074239,1008.0,643.0,1,21146,4
61,1074240,960.0999755859375,650.4000244140625,5,21147,0
61,1074241,967.0,638.0,1,21147,1
61,1074242,783.5,748.5,1,21147,2
61,1074243,1008.0,643.0,1,21147,3
61,1074244,1199.5714111328125,692.9285888671875,14,21148,0
61,1074245,1149.5,656.875,4,21148,1
61,1074246,833.8333129882812,698.8333129882812,3,21149,0
61,1074247,783.5,748.5,1,21149,1
61,1074248,1222.576904296875,689.6538696289062,13,21150,0
61,1074249,1167.5,656.125,4,21150,1
61,1074250,1363.5,751.0,1,21151,0
61,1074251,1205.5,674.5,1,21151,1
61,1074252,1155.6666259765625,659.5,3,21151,2
61,1074253,1164.0,691.0,1,21151,3
61,1074254,1224.9000244140625,698.8333129882812,15,21152,0
61,1074255,1167.5,656.125,4,21152,1
61,1074256,1175.2857666015625,685.4761962890625,21,21153,0
61,1074257,1160.199951171875,654.7000122070312,5,21153,1
61,1074258,783.5,748.5,1,21153,2
61,1074259,850.0,691.25,4,21154,0
61,1074260,783.5,748.5,1,21154,1
61,1074261,1361.5,864.5,2,21155,0
61,1074262,1155.6666259765625,659.5,3,21155,1
61,1074263,1164.0,691.0,1,21155,2
61,1074264,1204.76318359375,691.4473876953125,19,21156,0
61,1074265,980.5,730.0,1,21156,1
61,1074266,1160.199951171875,654.7000122070312,5,21156,2
61,1074267,1214.02783203125,694.9722290039062,18,21157,0
61,1074268,1160.199951171875,654.7000122070312,5,21157,1
61,1074269,1187.142822265625,691.2619018554688,21,21158,0
61,1074270,1160.199951171875,654.7000122070312,5,21158,1
61,1074271,1149.800048828125,679.7000122070312,15,21159,0
61,1074272,1160.199951171875,654.7000122070312,5,21159,1
61,1074273,967.0,638.0,1,21160,0
61,1074274,783.5,748.5,1,21160,1
61,1074275,960.0999755859375,650.4000244140625,5,21160,2
61,1074276,1008.0,643.0,1,21160,3
61,1074277,1160.199951171875,654.7000122070312,5,21161,0
61,1074278,1225.8477783203125,711.7391357421875,23,21161,1
61,1074279,937.0999755859375,655.5,5,21162,0
61,1074280,1008.0,643.0,1,21162,1
61,1074281,783.5,748.5,1,21162,2
61,1074282,967.0,638.0,1,21162,3
61,1074283,1199.9615478515625,693.1153564453125,13,21163,0
61,1074284,980.5,730.0,1,21163,1
61,1074285,1149.5,656.875,4,21163,2
61,1074286,1167.5,656.125,4,21164,0
61,1074287,1218.9285888671875,685.6071166992188,14,21164,1
61,1074288,937.0999755859375,655.5,5,21165,0
61,1074289,783.5,748.5,1,21165,1
61,1074290,967.0,638.0,1,21165,2
61,1074291,1224.53125,690.03125,16,21166,0
61,1074292,1160.199951171875,654.7000122070312,5,21166,1
61,1074293,1214.7857666015625,719.0714111328125,7,21167,0
61,1074294,1149.5,656.875,4,21167,1
61,1074295,1215.2667236328125,685.9666748046875,15,21168,0
61,1074296,1160.199951171875,654.7000122070312,5,21168,1
61,1074297,1208.0263671875,696.2894897460938,19,21169,0
61,1074298,1160.199951171875,654.7000122070312,5,21169,1
61,1074299,1008.0,643.0,1,21170,0
61,1074300,984.75,663.75,6,21170,1
61,1074301,783.5,748.5,1,21170,2
61,1074302,967.0,638.0,1,21170,3
61,1074303,912.5,663.5999755859375,5,21171,0
61,1074304,783.5,748.5,1,21171,1
61,1074305,1134.0,676.8499755859375,10,21172,0
61,1074306,783.5,748.5,1,21172,1
61,1074307,1008.0,643.0,1,21172,2
61,1074308,1224.29541015625,713.3863525390625,22,21173,0
61,1074309,1155.6666259765625,659.5,3,21173,1
61,1074310,1083.0,666.7142944335938,7,21174,0
61,1074311,783.5,748.5,1,21174,1
61,1074312,967.0,638.0,1,21174,2
61,1074313,1008.0,643.0,1,21174,3
61,1074314,1222.09375,696.625,16,21175,0
61,1074315,1160.199951171875,654.7000122070312,5,21175,1
61,1074316,833.8333129882812,698.8333129882812,3,21176,0
61,1074317,783.5,748.5,1,21176,1
61,1074318,1214.269287109375,704.5,13,21177,0
61,1074319,1149.5,656.875,4,21177,1
61,1074320,1218.0,695.5333251953125,15,21178,0
61,1074321,1160.199951171875,654.7000122070312,5,21178,1
61,1074322,1361.5,864.5,2,21179,0
61,1074323,1155.6666259765625,659.5,3,21179,1
61,1074324,1164.0,691.0,1,21179,2
61,1074325,1207.5,693.1666870117188,18,21180,0
61,1074326,1160.199951171875,654.7000122070312,5,21180,1
61,1074327,1163.361083984375,684.361083984375,18,21181,0
61,1074328,1160.199951171875,654.7000122070312,5,21181,1
61,1074329,937.0999755859375,655.5,5,21182,0
61,1074330,783.5,748.5,1,21182,1
61,1074331,967.0,638.0,1,21182,2
61,1074332,1008.0,643.0,1,21182,3
61,1074333,1160.199951171875,654.7000122070312,5,21183,0
61,1074334,1225.8477783203125,711.7391357421875,23,21183,1
61,1074335,190.0,1041.5,1,21184,0
61,1074336,1149.5,656.875,4,21185,0
61,1074337,1203.7353515625,694.0,17,21185,1
61,1074338,1162.8077392578125,688.423095703125,13,21186,0
61,1074339,1149.5,656.875,4,21186,1
61,1074340,1160.199951171875,654.7000122070312,5,21187,0
61,1074341,1225.8477783203125,711.7391357421875,23,21187,1
71,1074231,1121.1875,675.25,8,21144,0
71,1074232,783.5,748.5,1,21144,1
71,1074233,1008.0,643.0,1,21144,2
71,1074234,882.5,793.5,1,21145,0
71,1074235,783.5,748.5,1,21146,0
71,1074236,967.0,638.0,1,21146,1
71,1074237,930.9091186523438,672.3636474609375,11,21146,2
71,1074238,1215.0,680.0,1,21146,3
71,1074239,1008.0,643.0,1,21146,4
71,1074240,960.0999755859375,650.4000244140625,5,21147,0
71,1074241,967.0,638.0,1,21147,1
71,1074242,783.5,748.5,1,21147,2
71,1074243,1008.0,643.0,1,21147,3
71,1074244,1199.5714111328125,692.9285888671875,14,21148,0
71,1074245,1149.5,656.875,4,21148,1
71,1074246,833.8333129882812,698.8333129882812,3,21149,0
71,1074247,783.5,748.5,1,21149,1
71,1074248,1222.576904296875,689.6538696289062,13,21150,0
71,1074249,1167.5,656.125,4,21150,1
71,1074250,1363.5,751.0,1,21151,0
71,1074251,1205.5,674.5,1,21151,1
71,1074252,1155.6666259765625,659.5,3,21151,2
71,1074253,1164.0,691.0,1,21151,3
71,1074254,1224.9000244140625,698.8333129882812,15,21152,0
71,1074255,1167.5,656.125,4,21152,1
71,1074256,1175.2857666015625,685.4761962890625,21,21153,0
71,1074257,1160.199951171875,654.7000122070312,5,21153,1
71,1074258,783.5,748.5,1,21153,2
71,1074259,850.0,691.25,4,21154,0
71,1074260,783.5,748.5,1,21154,1
71,1074261,1361.5,864.5,2,21155,0
71,1074262,1155.6666259765625,659.5,3,21155,1
71,1074263,1164.0,691.0,1,21155,2
71,1074264,1204.76318359375,691.4473876953125,19,21156,0
71,1074265,980.5,730.0,1,21156,1
71,1074266,1160.199951171875,654.7000122070312,5,21156,2
71,1074267,1214.02783203125,694.9722290039062,18,21157,0
71,1074268,1160.199951171875,654.7000122070312,5,21157,1
71,1074269,1187.142822265625,691.2619018554688,21,21158,0
71,1074270,1160.199951171875,654.7000122070312,5,21158,1
71,1074271,1149.800048828125,679.7000122070312,15,21159,0
71,1074272,1160.199951171875,654.7000122070312,5,21159,1
71,1074273,967.0,638.0,1,21160,0
71,1074274,783.5,748.5,1,21160,1
71,1074275,960.0999755859375,650.4000244140625,5,21160,2
71,1074276,1008.0,643.0,1,21160,3
71,1074277,1160.199951171875,654.7000122070312,5,21161,0
71,1074278,1225.8477783203125,711.7391357421875,23,21161,1
71,1074279,937.0999755859375,655.5,5,21162,0
71,1074280,1008.0,643.0,1,21162,1
71,1074281,783.5,748.5,1,21162,2
71,1074282,967.0,638.0,1,21162,3
71,1074283,1199.9615478515625,693.1153564453125,13,21163,0
71,1074284,980.5,730.0,1,21163,1
71,1074285,1149.5,656.875,4,21163,2
71,1074286,1167.5,656.125,4,21164,0
71,1074287,1218.9285888671875,685.6071166992188,14,21164,1
71,1074288,937.0999755859375,655.5,5,21165,0
71,1074289,783.5,748.5,1,21165,1
71,1074290,967.0,638.0,1,21165,2
71,1074291,1224.53125,690.03125,16,21166,0
71,1074292,1160.199951171875,654.7000122070312,5,21166,1
71,1074293,1214.7857666015625,719.0714111328125,7,21167,0
71,1074294,1149.5,656.875,4,21167,1
71,1074295,1215.2667236328125,685.9666748046875,15,21168,0
71,1074296,1160.199951171875,654.7000122070312,5,21168,1
71,1074297,1208.0263671875,696.2894897460938,19,21169,0
71,1074298,1160.199951171875,654.7000122070312,5,21169,1
71,1074299,1008.0,643.0,1,21170,0
71,1074300,984.75,663.75,6,21170,1
71,1074301,783.5,748.5,1,21170,2
71,1074302,967.0,638.0,1,21170,3
71,1074303,912.5,663.5999755859375,5,21171,0
71,1074304,783.5,748.5,1,21171,1
71,1074305,1134.0,676.8499755859375,10,21172,0
71,1074306,783.5,748.5,1,21172,1
71,1074307,1008.0,643.0,1,21172,2
71,1074308,1224.29541015625,713.3863525390625,22,21173,0
71,1074309,1155.6666259765625,659.5,3,21173,1
71,1074310,1083.0,666.7142944335938,7,21174,0
71,1074311,783.5,748.5,1,21174,1
71,1074312,967.0,638.0,1,21174,2
71,1074313,1008.0,643.0,1,21174,3
71,1074314,1222.09375,696.625,16,21175,0
71,1074315,1160.199951171875,654.7000122070312,5,21175,1
71,1074316,833.8333129882812,698.8333129882812,3,21176,0
71,1074317,783.5,748.5,1,21176,1
71,1074318,1214.269287109375,704.5,13,21177,0
71,1074319,1149.5,656.875,4,21177,1
71,1074320,1218.0,695.5333251953125,15,21178,0
71,1074321,1160.199951171875,654.7000122070312,5,21178,1
71,1074322,1361.5,864.5,2,21179,0
71,1074323,1155.6666259765625,659.5,3,21179,1
71,1074324,1164.0,691.0,1,21179,2
71,1074325,1207.5,693.1666870117188,18,21180,0
71,1074326,1160.199951171875,654.7000122070312,5,21180,1
71,1074327,1163.361083984375,684.361083984375,18,21181,0
71,1074328,1160.199951171875,654.7000122070312,5,21181,1
71,1074329,937.0999755859375,655.5,5,21182,0
71,1074330,783.5,748.5,1,21182,1
71,1074331,967.0,638.0,1,21182,2
71,1074332,1008.0,643.0,1,21182,3
71,1074333,1160.199951171875,654.7000122070312,5,21183,0
71,1074334,1225.8477783203125,711.7391357421875,23,21183,1
71,1074335,190.0,1041.5,1,21184,0
71,1074336,1149.5,656.875,4,21185,0
71,1074337,1203.7353515625,694.0,17,21185,1
71,1074338,1162.8077392578125,688.423095703125,13,21186,0
71,1074339,1149.5,656.875,4,21186,1
71,1074340,1160.199951171875,654.7000122070312,5,21187,0
71,1074341,1225.8477783203125,711.7391357421875,23,21187,1
81,1074231,1121.1875,675.25,8,21144,0
81,1074232,783.5,748.5,1,21144,1
81,1074233,1008.0,643.0,1,21144,2
81,1074234,882.5,793.5,1,21145,0
81,1074235,783.5,748.5,1,21146,0
81,1074236,967.0,638.0,1,21146,1
81,1074237,930.9091186523438,672.3636474609375,11,21146,2
81,1074238,1215.0,680.0,1,21146,3
81,1074239,1008.0,643.0,1,21146,4
81,1074240,960.0999755859375,650.4000244140625,5,21147,0
81,1074241,967.0,638.0,1,21147,1
81,1074242,783.5,748.5,1,21147,2
81,1074243,1008.0,643.0,1,21147,3
81,1074244,1199.5714111328125,692.9285888671875,14,21148,0
81,1074245,1149.5,656.875,4,21148,1
81,1074246,833.8333129882812,698.8333129882812,3,21149,0
81,1074247,783.5,748.5,1,21149,1
81,1074248,1222.576904296875,689.6538696289062,13,21150,0
81,1074249,1167.5,656.125,4,21150,1
81,1074250,1363.5,751.0,1,21151,0
81,1074251,1205.5,674.5,1,21151,1
81,1074252,1155.6666259765625,659.5,3,21151,2
81,1074253,1164.0,691.0,1,21151,3
81,1074254,1224.9000244140625,698.8333129882812,15,21152,0
81,1074255,1167.5,656.125,4,21152,1
81,1074256,1175.2857666015625,685.4761962890625,21,21153,0
81,1074257,1160.199951171875,654.7000122070312,5,21153,1
81,1074258,783.5,748.5,1,21153,2
81,1074259,850.0,691.25,4,21154,0
81,1074260,783.5,748.5,1,21154,1
81,1074261,1361.5,864.5,2,21155,0
81,1074262,1155.6666259765625,659.5,3,21155,1
81,1074263,1164.0,691.0,1,21155,2
81,1074264,1204.76318359375,691.4473876953125,19,21156,0
81,1074265,980.5,730.0,1,21156,1
81,1074266,1160.199951171875,654.7000122070312,5,21156,2
81,1074267,1214.02783203125,694.9722290039062,18,21157,0
81,1074268,1160.199951171875,654.7000122070312,5,21157,1
81,1074269,1187.142822265625,691.2619018554688,21,21158,0
81,1074270,1160.199951171875,654.7000122070312,5,21158,1
81,1074271,1149.800048828125,679.7000122070312,15,21159,0
81,1074272,1160.199951171875,654.7000122070312,5,21159,1
81,1074273,967.0,638.0,1,21160,0
81,1074274,783.5,748.5,1,21160,1
81,1074275,960.0999755859375,650.4000244140625,5,21160,2
81,1074276,1008.0,643.0,1,21160,3
81,1074277,1160.199951171875,654.7000122070312,5,21161,0
81,1074278,1225.8477783203125,711.7391357421875,23,21161,1
81,1074279,937.0999755859375,655.5,5,21162,0
81,1074280,1008.0,643.0,1,21162,1
81,1074281,783.5,748.5,1,21162,2
81,1074282,967.0,638.0,1,21162,3
81,1074283,1199.9615478515625,693.1153564453125,13,21163,0
81,1074284,980.5,730.0,1,21163,1
81,1074285,1149.5,656.875,4,21163,2
81,1074286,1167.5,656.125,4,21164,0
81,1074287,1218.9285888671875,685.6071166992188,14,21164,1
81,1074288,937.0999755859375,655.5,5,21165,0
81,1074289,783.5,748.5,1,21165,1
81,1074290,967.0,638.0,1,21165,2
81,1074291,1224.53125,690.03125,16,21166,0
81,1074292,1160.199951171875,654.7000122070312,5,21166,1
81,1074293,1214.7857666015625,719.0714111328125,7,21167,0
81,1074294,1149.5,656.875,4,21167,1
81,1074295,1215.2667236328125,685.9666748046875,15,21168,0
81,1074296,1160.199951171875,654.7000122070312,5,21168,1
81,1074297,1208.0263671875,696.2894897460938,19,21169,0
81,1074298,1160.199951171875,654.7000122070312,5,21169,1
81,1074299,1008.0,643.0,1,21170,0
81,1074300,984.75,663.75,6,21170,1
81,1074301,783.5,748.5,1,21170,2
81,1074302,967.0,638.0,1,21170,3
81,1074303,912.5,663.5999755859375,5,21171,0
81,1074304,783.5,748.5,1,21171,1
81,1074305,1134.0,676.8499755859375,10,21172,0
81,1074306,783.5,748.5,1,21172,1
81,1074307,1008.0,643.0,1,21172,2
81,1074308,1224.29541015625,713.3863525390625,22,21173,0
81,1074309,1155.6666259765625,659.5,3,21173,1
81,1074310,1083.0,666.7142944335938,7,21174,0
81,1074311,783.5,748.5,1,21174,1
81,1074312,967.0,638.0,1,21174,2
81,1074313,1008.0,643.0,1,21174,3
81,1074314,1222.09375,696.625,16,21175,0
81,1074315,1160.199951171875,654.7000122070312,5,21175,1
81,1074316,833.8333129882812,698.8333129882812,3,21176,0
81,1074317,783.5,748.5,1,21176,1
81,1074318,1214.269287109375,704.5,13,21177,0
81,1074319,1149.5,656.875,4,21177,1
81,1074320,1218.0,695.5333251953125,15,21178,0
81,1074321,1160.199951171875,654.7000122070312,5,21178,1
81,1074322,1361.5,864.5,2,21179,0
81,1074323,1155.6666259765625,659.5,3,21179,1
81,1074324,1164.0,691.0,1,21179,2
81,1074325,1207.5,693.1666870117188,18,21180,0
81,1074326,1160.199951171875,654.7000122070312,5,21180,1
81,1074327,1163.361083984375,684.361083984375,18,21181,0
81,1074328,1160.199951171875,654.7000122070312,5,21181,1
81,1074329,937.0999755859375,655.5,5,21182,0
81,1074330,783.5,748.5,1,21182,1
81,1074331,967.0,638.0,1,21182,2
81,1074332,1008.0,643.0,1,21182,3
81,1074333,1160.199951171875,654.7000122070312,5,21183,0
81,1074334,1225.8477783203125,711.7391357421875,23,21183,1
81,1074335,190.0,1041.5,1,21184,0
81,1074336,1149.5,656.875,4,21185,0
81,1074337,1203.7353515625,694.0,17,21185,1
81,1074338,1162.8077392578125,688.423095703125,13,21186,0
81,1074339,1149.5,656.875,4,21186,1
81,1074340,1160.199951171875,654.7000122070312,5,21187,0
81,1074341,1225.8477783203125,711.7391357421875,23,21187,1
91,1074231,1121.1875,675.25,8,21144,0
91,1074232,783.5,748.5,1,21144,1
91,1074233,1008.0,643.0,1,21144,2
91,1074234,882.5,793.5,1,21145,0
91,1074235,783.5,748.5,1,21146,0
91,1074236,967.0,638.0,1,21146,1
91,1074237,930.9091186523438,672.3636474609375,11,21146,2
91,1074238,1215.0,680.0,1,21146,3
91,1074239,1008.0,643.0,1,21146,4
91,1074240,960.0999755859375,650.4000244140625,5,21147,0
91,1074241,967.0,638.0,1,21147,1
91,1074242,783.5,748.5,1,21147,2
91,1074243,1008.0,643.0,1,21147,3
91,1074244,1199.5714111328125,692.9285888671875,14,21148,0
91,1074245,1149.5,656.875,4,21148,1
91,1074246,833.8333129882812,698.8333129882812,3,21149,0
91,1074247,783.5,748.5,1,21149,1
91,1074248,1222.576904296875,689.6538696289062,13,21150,0
91,1074249,1167.5,656.125,4,21150,1
91,1074250,1363.5,751.0,1,21151,0
91,1074251,1205.5,674.5,1,21151,1
91,1074252,1155.6666259765625,659.5,3,21151,2
91,1074253,1164.0,691.0,1,21151,3
91,1074254,1224.9000244140625,698.8333129882812,15,21152,0
91,1074255,1167.5,656.125,4,21152,1
91,1074256,1175.2857666015625,685.4761962890625,21,21153,0
91,1074257,1160.199951171875,654.7000122070312,5,21153,1
91,1074258,783.5,748.5,1,21153,2
91,1074259,850.0,691.25,4,21154,0
91,1074260,783.5,748.5,1,21154,1
91,1074261,1361.5,864.5,2,21155,0
91,1074262,1155.6666259765625,659.5,3,21155,1
91,1074263,1164.0,691.0,1,21155,2
91,1074264,1204.76318359375,691.4473876953125,19,21156,0
91,1074265,980.5,730.0,1,21156,1
91,1074266,1160.199951171875,654.7000122070312,5,21156,2
91,1074267,1214.02783203125,694.9722290039062,18,21157,0
91,1074268,1160.199951171875,654.7000122070312,5,21157,1
91,1074269,1187.142822265625,691.2619018554688,21,21158,0
91,1074270,1160.199951171875,654.7000122070312,5,21158,1
91,1074271,1149.800048828125,679.7000122070312,15,21159,0
91,1074272,1160.199951171875,654.7000122070312,5,21159,1
91,1074273,967.0,638.0,1,21160,0
91,1074274,783.5,748.5,1,21160,1
91,1074275,960.0999755859375,650.4000244140625,5,21160,2
91,1074276,1008.0,643.0,1,21160,3
91,1074277,1160.199951171875,654.7000122070312,5,21161,0
91,1074278,1225.8477783203125,711.7391357421875,23,21161,1
91,1074279,937.0999755859375,655.5,5,21162,0
91,1074280,1008.0,643.0,1,21162,1
91,1074281,783.5,748.5,1,21162,2
91,1074282,967.0,638.0,1,21162,3
91,1074283,1199.9615478515625,693.1153564453125,13,21163,0
91,1074284,980.5,730.0,1,21163,1
91,1074285,1149.5,656.875,4,21163,2
91,1074286,1167.5,656.125,4,21164,0
91,1074287,1218.9285888671875,685.6071166992188,14,21164,1
91,1074288,937.0999755859375,655.5,5,21165,0
91,1074289,783.5,748.5,1,21165,1
91,1074290,967.0,638.0,1,21165,2
91,1074291,1224.53125,690.03125,16,21166,0
91,1074292,1160.199951171875,654.7000122070312,5,21166,1
91,1074293,1214.7857666015625,719.0714111328125,7,21167,0
91,1074294,1149.5,656.875,4,21167,1
91,1074295,1215.2667236328125,685.9666748046875,15,21168,0
91,1074296,1160.199951171875,654.7000122070312,5,21168,1
91,1074297,1208.0263671875,696.2894897460938,19,21169,0
91,1074298,1160.199951171875,654.7000122070312,5,21169,1
91,1074299,1008.0,643.0,1,21170,0
91,1074300,984.75,663.75,6,21170,1
91,1074301,783.5,748.5,1,21170,2
91,1074302,967.0,638.0,1,21170,3
91,1074303,912.5,663.5999755859375,5,21171,0
91,1074304,783.5,748.5,1,21171,1
91,1074305,1134.0,676.8499755859375,10,21172,0
91,1074306,783.5,748.5,1,21172,1
91,1074307,1008.0,643.0,1,21172,2
91,1074308,1224.29541015625,713.3863525390625,22,21173,0
91,1074309,1155.6666259765625,659.5,3,21173,1
91,1074310,1083.0,666.7142944335938,7,21174,0
91,1074311,783.5,748.5,1,21174,1
91,1074312,967.0,638.0,1,21174,2
91,1074313,1008.0,643.0,1,21174,3
91,1074314,1222.09375,696.625,16,21175,0
91,1074315,1160.199951171875,654.7000122070312,5,21175,1
91,1074316,833.8333129882812,698.8333129882812,3,21176,0
91,1074317,783.5,748.5,1,21176,1
91,1074318,1214.269287109375,704.5,13,21177,0
91,1074319,1149.5,656.875,4,21177,1
91,1074320,1218.0,695.5333251953125,15,21178,0
91,1074321,1160.199951171875,654.7000122070312,5,21178,1
91,1074322,1361.5,864.5,2,21179,0
91,1074323,1155.6666259765625,659.5,3,21179,1
91,1074324,1164.0,691.0,1,21179,2
91,1074325,1207.5,693.1666870117188,18,21180,0
91,1074326,1160.199951171875,654.7000122070312,5,21180,1
91,1074327,1163.361083984375,684.361083984375,18,21181,0
91,1074328,1160.199951171875,654.7000122070312,5,21181,1
91,1074329,937.0999755859375,655.5,5,21182,0
91,1074330,783.5,748.5,1,21182,1
91,1074331,967.0,638.0,1,21182,2
91,1074332,1008.0,643.0,1,21182,3
91,1074333,1160.199951171875,654.7000122070312,5,21183,0
91,1074334,1225.8477783203125,711.7391357421875,23,21183,1
91,1074335,190.0,1041.5,1,21184,0
91,1074336,1149.5,656.875,4,21185,0
91,1074337,1203.7353515625,694.0,17,21185,1
91,1074338,1162.8077392578125,688.423095703125,13,21186,0
91,1074339,1149.5,656.875,4,21186,1
91,1074340,1160.199951171875,654.7000122070312,5,21187,0
91,1074341,1225.8477783203125,711.7391357421875,23,21187,1
101,1074231,1111.5208740234375,674.0833129882812,6,21144,0
101,1074232,794.5,744.5,1,21144,1
101,1074233,1002.0,646.0,1,21144,2
101,1074234,882.0,809.5,1,21145,0
101,1074235,792.5,750.5,2,21146,0
101,1074236,962.5,640.5,1,21146,1
101,1074237,923.9091186523438,674.5511474609375,8,21146,2
101,1074238,1201.0,677.5,1,21146,3
101,1074239,1002.0,646.0,1,21146,4
101,1074240,953.3499755859375,652.6500244140625,4,21147,0
101,1074241,962.5,640.5,1,21147,1
101,1074242,794.5,744.5,1,21147,2
101,1074243,1002.0,646.0,1,21147,3
101,1074244,1189.9464111328125,690.7202758789062,12,21148,0
101,1074245,1153.3333740234375,658.875,3,21148,1
101,1074246,831.8333129882812,704.5833129882812,2,21149,0
101,1074247,794.5,744.5,1,21149,1
101,1074248,1216.7852783203125,687.7371826171875,12,21150,0
101,1074249,1167.3333740234375,657.7916870117188,3,21150,1
101,1074250,1360.0,747.0,1,21151,0
101,1074251,1207.0,674.75,2,21151,1
101,1074252,1154.6666259765625,662.0,2,21151,2
101,1074253,1181.0,695.0,1,21151,3
101,1074254,1219.5428466796875,696.6547241210938,14,21152,0
101,1074255,1167.3333740234375,657.7916870117188,3,21152,1
101,1074256,1168.5079345703125,683.4484252929688,18,21153,0
101,1074257,1161.199951171875,656.7000122070312,4,21153,1
101,1074258,794.5,744.5,1,21153,2
101,1074259,846.0,695.9166870117188,3,21154,0
101,1074260,794.5,744.5,1,21154,1
101,1074261,1352.5,855.25,2,21155,0
101,1074262,1154.6666259765625,662.0,2,21155,1
101,1074263,1175.75,694.5,2,21155,2
101,1074264,1197.7926025390625,689.476806640625,17,21156,0
101,1074265,979.0,726.5,1,21156,1
101,1074266,1161.199951171875,656.7000122070312,4,21156,2
101,1074267,1206.68408203125,692.6909790039062,16,21157,0
101,1074268,1161.199951171875,656.7000122070312,4,21157,1
101,1074269,1180.7261962890625,689.09521484375,18,21158,0
101,1074270,1161.199951171875,656.7000122070312,4,21158,1
101,1074271,1142.300048828125,678.2769165039062,13,21159,0
101,1074272,1161.199951171875,656.7000122070312,4,21159,1
101,1074273,962.5,640.5,1,21160,0
101,1074274,794.5,744.5,1,21160,1
101,1074275,953.3499755859375,652.6500244140625,4,21160,2
101,1074276,1002.0,646.0,1,21160,3
101,1074277,1161.199951171875,656.7000122070312,4,21161,0
101,1074278,1218.7728271484375,709.339111328125,20,21161,1
101,1074279,930.3499755859375,657.75,4,21162,0
101,1074280,1002.0,646.0,1,21162,1
101,1074281,794.5,744.5,1,21162,2
101,1074282,962.5,640.5,1,21162,3
101,1074283,1189.9615478515625,691.0698852539062,11,21163,0
101,1074284,979.0,726.5,1,21163,1
101,1074285,1153.3333740234375,658.875,3,21163,2
101,1074286,1167.3333740234375,657.7916870117188,3,21164,0
101,1074287,1209.136962890625,683.4404296875,12,21164,1
101,1074288,930.3499755859375,657.75,4,21165,0
101,1074289,794.5,744.5,1,21165,1
101,1074290,962.5,640.5,1,21165,2
101,1074291,1216.888427734375,688.1741333007812,14,21166,0
101,1074292,1161.199951171875,656.7000122070312,4,21166,1
101,1074293,1215.2857666015625,717.7714233398438,5,21167,0
101,1074294,1153.3333740234375,658.875,3,21167,1
101,1074295,1208.052490234375,683.9309692382812,14,21168,0
101,1074296,1161.199951171875,656.7000122070312,4,21168,1
101,1074297,1201.9969482421875,693.8777465820312,17,21169,0
101,1074298,1161.199951171875,656.7000122070312,4,21169,1
101,1074299,1002.0,646.0,1,21170,0
101,1074300,980.5,664.625,4,21170,1
101,1074301,794.5,744.5,1,21170,2
101,1074302,962.5,640.5,1,21170,3
101,1074303,904.625,666.2249755859375,4,21171,0
101,1074304,794.5,744.5,1,21171,1
101,1074305,1123.4375,675.6624755859375,8,21172,0
101,1074306,794.5,744.5,1,21172,1
101,1074307,1002.0,646.0,1,21172,2
101,1074308,1218.1112060546875,711.1758422851562,19,21173,0
101,1074309,1154.6666259765625,662.0,2,21173,1
101,1074310,1075.699951171875,666.414306640625,5,21174,0
101,1074311,794.5,744.5,1,21174,1
101,1074312,962.5,640.5,1,21174,2
101,1074313,1002.0,646.0,1,21174,3
101,1074314,1215.59375,694.1964111328125,14,21175,0
101,1074315,1161.199951171875,656.7000122070312,4,21175,1
101,1074316,831.8333129882812,704.5833129882812,2,21176,0
101,1074317,794.5,744.5,1,21176,1
101,1074318,1207.769287109375,702.0454711914062,11,21177,0
101,1074319,1153.3333740234375,658.875,3,21177,1
101,1074320,1210.8846435546875,692.9564208984375,13,21178,0
101,1074321,1161.199951171875,656.7000122070312,4,21178,1
101,1074322,1352.5,855.25,2,21179,0
101,1074323,1154.6666259765625,662.0,2,21179,1
101,1074324,1175.75,694.5,2,21179,2
101,1074325,1201.4375,690.8541870117188,16,21180,0
101,1074326,1161.199951171875,656.7000122070312,4,21180,1
101,1074327,1158.173583984375,682.861083984375,16,21181,0
101,1074328,1161.199951171875,656.7000122070312,4,21181,1
101,1074329,930.3499755859375,657.75,4,21182,0
101,1074330,794.5,744.5,1,21182,1
101,1074331,962.5,640.5,1,21182,2
101,1074332,1002.0,646.0,1,21182,3
101,1074333,1161.199951171875,656.7000122070312,4,21183,0
101,1074334,1218.7728271484375,709.339111328125,20,21183,1
101,1074335,221.0,1022.5,1,21184,0
101,1074336,1153.3333740234375,658.875,3,21185,0
101,1074337,1193.7353515625,691.5384521484375,13,21185,1
101,1074338,1155.216796875,686.7867431640625,11,21186,0
101,1074339,1153.3333740234375,658.875,3,21186,1
101,1074340,1161.199951171875,656.7000122070312,4,21187,0
101,1074341,1218.7728271484375,709.339111328125,20,21187,1
111,1074231,1111.5208740234375,674.0833129882812,6,21144,0
111,1074232,794.5,744.5,1,21144,1
111,1074233,1002.0,646.0,1,21144,2
111,1074234,882.0,809.5,1,21145,0
111,1074235,792.5,750.5,3,21146,0
111,1074236,962.5,640.5,1,21146,1
111,1074237,923.9091186523438,674.5511474609375,8,21146,2
111,1074238,1201.0,677.5,1,21146,3
111,1074239,1002.0,646.0,1,21146,4
111,1074240,953.3499755859375,652.6500244140625,4,21147,0
111,1074241,962.5,640.5,1,21147,1
111,1074242,794.5,744.5,1,21147,2
111,1074243,1002.0,646.0,1,21147,3
111,1074244,1189.9464111328125,690.7202758789062,12,21148,0
111,1074245,1153.3333740234375,658.875,5,21148,1
111,1074246,831.8333129882812,704.5833129882812,2,21149,0
111,1074247,794.5,744.5,2,21149,1
111,1074248,1216.7852783203125,687.7371826171875,13,21150,0
111,1074249,1167.3333740234375,657.7916870117188,3,21150,1
111,1074250,1360.0,747.0,1,21151,0
111,1074251,1207.0,674.75,2,21151,1
111,1074252,1154.6666259765625,662.0,2,21151,2
111,1074253,1181.0,695.0,1,21151,3
111,1074254,1219.5428466796875,696.6547241210938,14,21152,0
111,1074255,1167.3333740234375,657.7916870117188,3,21152,1
111,1074256,1168.5079345703125,683.4484252929688,18,21153,0
111,1074257,1161.199951171875,656.7000122070312,5,21153,1
111,1074258,794.5,744.5,1,21153,2
111,1074259,846.0,695.9166870117188,3,21154,0
111,1074260,794.5,744.5,2,21154,1
111,1074261,1352.5,855.25,2,21155,0
111,1074262,1154.6666259765625,662.0,2,21155,1
111,1074263,1175.75,694.5,2,21155,2
111,1074264,1197.7926025390625,689.476806640625,17,21156,0
111,1074265,979.0,726.5,1,21156,1
111,1074266,1161.199951171875,656.7000122070312,5,21156,2
111,1074267,1206.68408203125,692.6909790039062,16,21157,0
111,1074268,1161.199951171875,656.7000122070312,6,21157,1
111,1074269,1180.7261962890625,689.09521484375,18,21158,0
111,1074270,1161.199951171875,656.7000122070312,5,21158,1
111,1074271,1142.300048828125,678.2769165039062,13,21159,0
111,1074272,1161.199951171875,656.7000122070312,4,21159,1
111,1074273,962.5,640.5,1,21160,0
111,1074274,794.5,744.5,1,21160,1
111,1074275,953.3499755859375,652.6500244140625,4,21160,2
111,1074276,1002.0,646.0,1,21160,3
111,1074277,1161.199951171875,656.7000122070312,7,21161,0
111,1074278,1218.7728271484375,709.339111328125,20,21161,1
111,1074279,930.3499755859375,657.75,4,21162,0
111,1074280,1002.0,646.0,1,21162,1
111,1074281,794.5,744.5,2,21162,2
111,1074282,962.5,640.5,1,21162,3
111,1074283,1189.9615478515625,691.0698852539062,11,21163,0
111,1074284,979.0,726.5,2,21163,1
111,1074285,1153.3333740234375,658.875,5,21163,2
111,1074286,1167.3333740234375,657.7916870117188,4,21164,0
111,1074287,1209.136962890625,683.4404296875,13,21164,1
111,1074288,930.3499755859375,657.75,4,21165,0
111,1074289,794.5,744.5,2,21165,1
111,1074290,962.5,640.5,1,21165,2
111,1074291,1216.888427734375,688.1741333007812,14,21166,0
111,1074292,1161.199951171875,656.7000122070312,6,21166,1
111,1074293,1215.2857666015625,717.7714233398438,5,21167,0
111,1074294,1153.3333740234375,658.875,5,21167,1
111,1074295,1208.052490234375,683.9309692382812,14,21168,0
111,1074296,1161.199951171875,656.7000122070312,5,21168,1
111,1074297,1201.9969482421875,693.8777465820312,17,21169,0
111,1074298,1161.199951171875,656.7000122070312,6,21169,1
111,1074299,1002.0,646.0,1,21170,0
111,1074300,980.5,664.625,4,21170,1
111,1074301,794.5,744.5,1,21170,2
111,1074302,962.5,640.5,1,21170,3
111,1074303,904.625,666.2249755859375,4,21171,0
111,1074304,794.5,744.5,2,21171,1
111,1074305,1123.4375,675.6624755859375,8,21172,0
111,1074306,794.5,744.5,1,21172,1
111,1074307,1002.0,646.0,2,21172,2
111,1074308,1218.1112060546875,711.1758422851562,19,21173,0
111,1074309,1154.6666259765625,662.0,4,21173,1
111,1074310,1075.699951171875,666.414306640625,5,21174,0
111,1074311,794.5,744.5,1,21174,1
111,1074312,962.5,640.5,1,21174,2
111,1074313,1002.0,646.0,1,21174,3
111,1074314,1215.59375,694.1964111328125,15,21175,0
111,1074315,1161.199951171875,656.7000122070312,5,21175,1
111,1074316,831.8333129882812,704.5833129882812,2,21176,0
111,1074317,794.5,744.5,2,21176,1
111,1074318,1207.769287109375,702.0454711914062,11,21177,0
111,1074319,1153.3333740234375,658.875,4,21177,1
111,1074320,1210.8846435546875,692.9564208984375,13,21178,0
111,1074321,1161.199951171875,656.7000122070312,5,21178,1
111,1074322,1352.5,855.25,2,21179,0
111,1074323,1154.6666259765625,662.0,2,21179,1
111,1074324,1175.75,694.5,2,21179,2
111,1074325,1201.4375,690.8541870117188,16,21180,0
111,1074326,1161.199951171875,656.7000122070312,6,21180,1
111,1074327,1158.173583984375,682.861083984375,16,21181,0
111,1074328,1161.199951171875,656.7000122070312,5,21181,1
111,1074329,930.3499755859375,657.75,4,21182,0
111,1074330,794.5,744.5,2,21182,1
111,1074331,962.5,640.5,1,21182,2
111,1074332,1002.0,646.0,1,21182,3
111,1074333,1161.199951171875,656.7000122070312,7,21183,0
111,1074334,1218.7728271484375,709.339111328125,20,21183,1
111,1074335,221.0,1022.5,1,21184,0
111,1074336,1153.3333740234375,658.875,6,21185,0
111,1074337,1193.7353515625,691.5384521484375,14,21185,1
111,1074338,1155.216796875,686.7867431640625,12,21186,0
111,1074339,1153.3333740234375,658.875,5,21186,1
111,1074340,1161.199951171875,656.7000122070312,7,21187,0
111,1074341,1218.7728271484375,709.339111328125,20,21187,1
121,1074231,1111.5208740234375,674.0833129882812,6,21144,0
121,1074232,794.5,744.5,1,21144,1
121,1074233,1002.0,646.0,1,21144,2
121,1074234,882.0,809.5,1,21145,0
121,1074235,792.5,750.5,3,21146,0
121,1074236,962.5,640.5,1,21146,1
121,1074237,923.9091186523438,674.5511474609375,8,21146,2
121,1074238,1201.0,677.5,1,21146,3
121,1074239,1002.0,646.0,1,21146,4
121,1074240,953.3499755859375,652.6500244140625,4,21147,0
121,1074241,962.5,640.5,1,21147,1
121,1074242,794.5,744.5,1,21147,2
121,1074243,1002.0,646.0,1,21147,3
121,1074244,1189.9464111328125,690.7202758789062,13,21148,0
121,1074245,1153.3333740234375,658.875,5,21148,1
121,1074246,831.8333129882812,704.5833129882812,2,21149,0
121,1074247,794.5,744.5,2,21149,1
121,1074248,1216.7852783203125,687.7371826171875,13,21150,0
121,1074249,1167.3333740234375,657.7916870117188,3,21150,1
121,1074250,1360.0,747.0,1,21151,0
121,1074251,1207.0,674.75,2,21151,1
121,1074252,1154.6666259765625,662.0,2,21151,2
121,1074253,1181.0,695.0,1,21151,3
121,1074254,1219.5428466796875,696.6547241210938,14,21152,0
121,1074255,1167.3333740234375,657.7916870117188,3,21152,1
121,1074256,1168.5079345703125,683.4484252929688,18,21153,0
121,1074257,1161.199951171875,656.7000122070312,5,21153,1
121,1074258,794.5,744.5,1,21153,2
121,1074259,846.0,695.9166870117188,3,21154,0
121,1074260,794.5,744.5,2,21154,1
121,1074261,1352.5,855.25,2,21155,0
121,1074262,1154.6666259765625,662.0,2,21155,1
121,1074263,1175.75,694.5,2,21155,2
121,1074264,1197.7926025390625,689.476806640625,17,21156,0
121,1074265,979.0,726.5,1,21156,1
121,1074266,1161.199951171875,656.7000122070312,5,21156,2
121,1074267,1206.68408203125,692.6909790039062,16,21157,0
121,1074268,1161.199951171875,656.7000122070312,6,21157,1
121,1074269,1180.7261962890625,689.09521484375,18,21158,0
121,1074270,1161.199951171875,656.7000122070312,5,21158,1
121,1074271,1142.300048828125,678.2769165039062,13,21159,0
121,1074272,1161.199951171875,656.7000122070312,4,21159,1
121,1074273,962.5,640.5,1,21160,0
121,1074274,794.5,744.5,1,21160,1
121,1074275,953.3499755859375,652.6500244140625,4,21160,2
121,1074276,1002.0,646.0,1,21160,3
121,1074277,1161.199951171875,656.7000122070312,7,21161,0
121,1074278,1218.7728271484375,709.339111328125,20,21161,1
121,1074279,930.3499755859375,657.75,4,21162,0
121,1074280,1002.0,646.0,1,21162,1
121,1074281,794.5,744.5,2,21162,2
121,1074282,962.5,640.5,1,21162,3
121,1074283,1189.9615478515625,691.0698852539062,11,21163,0
121,1074284,979.0,726.5,2,21163,1
121,1074285,1153.3333740234375,658.875,5,21163,2
121,1074286,1167.3333740234375,657.7916870117188,4,21164,0
121,1074287,1209.136962890625,683.4404296875,13,21164,1
121,1074288,930.3499755859375,657.75,4,21165,0
121,1074289,794.5,744.5,2,21165,1
121,1074290,962.5,640.5,1,21165,2
121,1074291,1216.888427734375,688.1741333007812,14,21166,0
121,1074292,1161.199951171875,656.7000122070312,6,21166,1
121,1074293,1215.2857666015625,717.7714233398438,5,21167,0
121,1074294,1153.3333740234375,658.875,5,21167,1
121,1074295,1208.052490234375,683.9309692382812,14,21168,0
121,1074296,1161.199951171875,656.7000122070312,5,21168,1
121,1074297,1201.9969482421875,693.8777465820312,17,21169,0
121,1074298,1161.199951171875,656.7000122070312,6,21169,1
121,1074299,1002.0,646.0,1,21170,0
121,1074300,980.5,664.625,4,21170,1
121,1074301,794.5,744.5,1,21170,2
121,1074302,962.5,640.5,1,21170,3
121,1074303,904.625,666.2249755859375,4,21171,0
121,1074304,794.5,744.5,2,21171,1
121,1074305,1123.4375,675.6624755859375,8,21172,0
121,1074306,794.5,744.5,1,21172,1
121,1074307,1002.0,646.0,2,21172,2
121,1074308,1218.1112060546875,711.1758422851562,19,21173,0
121,1074309,1154.6666259765625,662.0,4,21173,1
121,1074310,1075.699951171875,666.414306640625,5,21174,0
121,1074311,794.5,744.5,1,21174,1
121,1074312,962.5,640.5,1,21174,2
121,1074313,1002.0,646.0,1,21174,3
121,1074314,1215.59375,694.1964111328125,15,21175,0
121,1074315,1161.199951171875,656.7000122070312,5,21175,1
121,1074316,831.8333129882812,704.5833129882812,2,21176,0
121,1074317,794.5,744.5,2,21176,1
121,1074318,1207.769287109375,702.0454711914062,11,21177,0
121,1074319,1153.3333740234375,658.875,5,21177,1
121,1074320,1210.8846435546875,692.9564208984375,13,21178,0
121,1074321,1161.199951171875,656.7000122070312,5,21178,1
121,1074322,1352.5,855.25,2,21179,0
121,1074323,1154.6666259765625,662.0,2,21179,1
121,1074324,1175.75,694.5,2,21179,2
121,1074325,1201.4375,690.8541870117188,16,21180,0
121,1074326,1161.199951171875,656.7000122070312,6,21180,1
121,1074327,1158.173583984375,682.861083984375,16,21181,0
121,1074328,1161.199951171875,656.7000122070312,5,21181,1
121,1074329,930.3499755859375,657.75,4,21182,0
121,1074330,794.5,744.5,2,21182,1
121,1074331,962.5,640.5,1,21182,2
121,1074332,1002.0,646.0,1,21182,3
121,1074333,1161.199951171875,656.7000122070312,7,21183,0
121,1074334,1218.7728271484375,709.339111328125,20,21183,1
121,1074335,221.0,1022.5,1,21184,0
121,1074336,1153.3333740234375,658.875,6,21185,0
121,1074337,1193.7353515625,691.5384521484375,15,21185,1
121,1074338,1155.216796875,686.7867431640625,12,21186,0
121,1074339,1153.3333740234375,658.875,5,21186,1
121,1074340,1161.199951171875,656.7000122070312,7,21187,0
121,1074341,1218.7728271484375,709.339111328125,20,21187,1
131,1074231,1111.5208740234375,674.0833129882812,6,21144,0
131,1074232,794.5,744.5,1,21144,1
131,1074233,1002.0,646.0,1,21144,2
131,1074234,882.0,809.5,1,21145,0
131,1074235,792.5,750.5,3,21146,0
131,1074236,962.5,640.5,1,21146,1
131,1074237,923.9091186523438,674.5511474609375,8,21146,2
131,1074238,1201.0,677.5,1,21146,3
131,1074239,1002.0,646.0,1,21146,4
131,1074240,953.3499755859375,652.6500244140625,4,21147,0
131,1074241,962.5,640.5,1,21147,1
131,1074242,794.5,744.5,1,21147,2
131,1074243,1002.0,646.0,1,21147,3
131,1074244,1189.9464111328125,690.7202758789062,13,21148,0
131,1074245,1153.3333740234375,658.875,5,21148,1
131,1074246,831.8333129882812,704.5833129882812,2,21149,0
131,1074247,794.5,744.5,2,21149,1
131,1074248,1216.7852783203125,687.7371826171875,13,21150,0
131,1074249,1167.3333740234375,657.7916870117188,3,21150,1
131,1074250,1360.0,747.0,1,21151,0
131,1074251,1207.0,674.75,2,21151,1
131,1074252,1154.6666259765625,662.0,2,21151,2
131,1074253,1181.0,695.0,1,21151,3
131,1074254,1219.5428466796875,696.6547241210938,14,21152,0
131,1074255,1167.3333740234375,657.7916870117188,3,21152,1
131,1074256,1168.5079345703125,683.4484252929688,18,21153,0
131,1074257,1161.199951171875,656.7000122070312,5,21153,1
131,1074258,794.5,744.5,1,21153,2
131,1074259,846.0,695.9166870117188,3,21154,0
131,1074260,794.5,744.5,2,21154,1
131,1074261,1352.5,855.25,2,21155,0
131,1074262,1154.6666259765625,662.0,2,21155,1
131,1074263,1175.75,694.5,2,21155,2
131,1074264,1197.7926025390625,689.476806640625,17,21156,0
131,1074265,979.0,726.5,1,21156,1
131,1074266,1161.199951171875,656.7000122070312,5,21156,2
131,1074267,1206.68408203125,692.6909790039062,16,21157,0
131,1074268,1161.199951171875,656.7000122070312,6,21157,1
131,1074269,1180.7261962890625,689.09521484375,18,21158,0
131,1074270,1161.199951171875,656.7000122070312,5,21158,1
131,1074271,1142.300048828125,678.2769165039062,13,21159,0
131,1074272,1161.199951171875,656.7000122070312,4,21159,1
131,1074273,962.5,640.5,1,21160,0
131,1074274,794.5,744.5,1,21160,1
131,1074275,953.3499755859375,652.6500244140625,4,21160,2
131,1074276,1002.0,646.0,1,21160,3
131,1074277,1161.199951171875,656.7000122070312,7,21161,0
131,1074278,1218.7728271484375,709.339111328125,20,21161,1
131,1074279,930.3499755859375,657.75,4,21162,0
131,1074280,1002.0,646.0,1,21162,1
131,1074281,794.5,744.5,2,21162,2
131,1074282,962.5,640.5,1,21162,3
131,1074283,1189.9615478515625,691.0698852539062,11,21163,0
131,1074284,979.0,726.5,2,21163,1
131,1074285,1153.3333740234375,658.875,5,21163,2
131,1074286,1167.3333740234375,657.7916870117188,4,21164,0
131,1074287,1209.136962890625,683.4404296875,13,21164,1
131,1074288,930.3499755859375,657.75,4,21165,0
131,1074289,794.5,744.5,2,21165,1
131,1074290,962.5,640.5,1,21165,2
131,1074291,1216.888427734375,688.1741333007812,14,21166,0
131,1074292,1161.199951171875,656.7000122070312,6,21166,1
131,1074293,1215.2857666015625,717.7714233398438,5,21167,0
131,1074294,1153.3333740234375,658.875,5,21167,1
131,1074295,1208.052490234375,683.9309692382812,14,21168,0
131,1074296,1161.199951171875,656.7000122070312,5,21168,1
131,1074297,1201.9969482421875,693.8777465820312,17,21169,0
131,1074298,1161.199951171875,656.7000122070312,6,21169,1
131,1074299,1002.0,646.0,1,21170,0
131,1074300,980.5,664.625,4,21170,1
131,1074301,794.5,744.5,1,21170,2
131,1074302,962.5,640.5,1,21170,3
131,1074303,904.625,666.2249755859375,4,21171,0
131,1074304,794.5,744.5,2,21171,1
131,1074305,1123.4375,675.6624755859375,8,21172,0
131,1074306,794.5,744.5,1,21172,1
131,1074307,1002.0,646.0,2,21172,2
131,1074308,1218.1112060546875,711.1758422851562,19,21173,0
131,1074309,1154.6666259765625,662.0,4,21173,1
131,1074310,1075.699951171875,666.414306640625,5,21174,0
131,1074311,794.5,744.5,1,21174,1
131,1074312,962.5,640.5,1,21174,2
131,1074313,1002.0,646.0,1,21174,3
131,1074314,1215.59375,694.1964111328125,15,21175,0
131,1074315,1161.199951171875,656.7000122070312,5,21175,1
131,1074316,831.8333129882812,704.5833129882812,2,21176,0
131,1074317,794.5,744.5,2,21176,1
131,1074318,1207.769287109375,702.0454711914062,12,21177,0
131,1074319,1153.3333740234375,658.875,5,21177,1
131,1074320,1210.8846435546875,692.9564208984375,13,21178,0
131,1074321,1161.199951171875,656.7000122070312,5,21178,1
131,1074322,1352.5,855.25,2,21179,0
131,1074323,1154.6666259765625,662.0,2,21179,1
131,1074324,1175.75,694.5,2,21179,2
131,1074325,1201.4375,690.8541870117188,16,21180,0
131,1074326,1161.199951171875,656.7000122070312,6,21180,1
131,1074327,1158.173583984375,682.861083984375,16,21181,0
131,1074328,1161.199951171875,656.7000122070312,5,21181,1
131,1074329,930.3499755859375,657.75,4,21182,0
131,1074330,794.5,744.5,2,21182,1
131,1074331,962.5,640.5,1,21182,2
131,1074332,1002.0,646.0,1,21182,3
131,1074333,1161.199951171875,656.7000122070312,7,21183,0
131,1074334,1218.7728271484375,709.339111328125,20,21183,1
131,1074335,221.0,1022.5,1,21184,0
131,1074336,1153.3333740234375,658.875,6,21185,0
131,1074337,1193.7353515625,691.5384521484375,15,21185,1
131,1074338,1155.216796875,686.7867431640625,12,21186,0
131,1074339,1153.3333740234375,658.875,5,21186,1
131,1074340,1161.199951171875,656.7000122070312,7,21187,0
131,1074341,1218.7728271484375,709.339111328125,20,21187,1
141,1074231,1111.5208740234375,674.0833129882812,6,21144,0
141,1074232,794.5,744.5,1,21144,1
141,1074233,1002.0,646.0,1,21144,2
141,1074234,882.0,809.5,1,21145,0
141,1074235,792.5,750.5,3,21146,0
141,1074236,962.5,640.5,1,21146,1
141,1074237,923.9091186523438,674.5511474609375,8,21146,2
141,1074238,1201.0,677.5,1,21146,3
141,1074239,1002.0,646.0,1,21146,4
141,1074240,953.3499755859375,652.6500244140625,4,21147,0
141,1074241,962.5,640.5,1,21147,1
141,1074242,794.5,744.5,1,21147,2
141,1074243,1002.0,646.0,1,21147,3
141,1074244,1189.9464111328125,690.7202758789062,13,21148,0
141,1074245,1153.3333740234375,658.875,5,21148,1
141,1074246,831.8333129882812,704.5833129882812,2,21149,0
141,1074247,794.5,744.5,2,21149,1
141,1074248,1216.7852783203125,687.7371826171875,13,21150,0
141,1074249,1167.3333740234375,657.7916870117188,3,21150,1
141,1074250,1360.0,747.0,1,21151,0
141,1074251,1207.0,674.75,2,21151,1
141,1074252,1154.6666259765625,662.0,2,21151,2
141,1074253,1181.0,695.0,1,21151,3
141,1074254,1219.5428466796875,696.6547241210938,14,21152,0
141,1074255,1167.3333740234375,657.7916870117188,3,21152,1
141,1074256,1168.5079345703125,683.4484252929688,18,21153,0
141,1074257,1161.199951171875,656.7000122070312,5,21153,1
141,1074258,794.5,744.5,1,21153,2
141,1074259,846.0,695.9166870117188,3,21154,0
141,1074260,794.5,744.5,2,21154,1
141,1074261,1352.5,855.25,2,21155,0
141,1074262,1154.6666259765625,662.0,2,21155,1
141,1074263,1175.75,694.5,2,21155,2
141,1074264,1197.7926025390625,689.476806640625,17,21156,0
141,1074265,979.0,726.5,1,21156,1
141,1074266,1161.199951171875,656.7000122070312,5,21156,2
141,1074267,1206.68408203125,692.6909790039062,16,21157,0
141,1074268,1161.199951171875,656.7000122070312,6,21157,1
141,1074269,1180.7261962890625,689.09521484375,18,21158,0
141,1074270,1161.199951171875,656.7000122070312,5,21158,1
141,1074271,1142.300048828125,678.2769165039062,13,21159,0
141,1074272,1161.199951171875,656.7000122070312,4,21159,1
141,1074273,962.5,640.5,1,21160,0
141,1074274,794.5,744.5,1,21160,1
141,1074275,953.3499755859375,652.6500244140625,4,21160,2
141,1074276,1002.0,646.0,1,21160,3
141,1074277,1161.199951171875,656.7000122070312,8,21161,0
141,1074278,1218.7728271484375,709.339111328125,20,21161,1
141,1074279,930.3499755859375,657.75,4,21162,0
141,1074280,1002.0,646.0,1,21162,1
141,1074281,794.5,744.5,2,21162,2
141,1074282,962.5,640.5,1,21162,3
141,1074283,1189.9615478515625,691.0698852539062,11,21163,0
141,1074284,979.0,726.5,2,21163,1
141,1074285,1153.3333740234375,658.875,5,21163,2
141,1074286,1167.3333740234375,657.7916870117188,4,21164,0
141,1074287,1209.136962890625,683.4404296875,13,21164,1
141,1074288,930.3499755859375,657.75,4,21165,0
141,1074289,794.5,744.5,2,21165,1
141,1074290,962.5,640.5,1,21165,2
141,1074291,1216.888427734375,688.1741333007812,14,21166,0
141,1074292,1161.199951171875,656.7000122070312,6,21166,1
141,1074293,1215.2857666015625,717.7714233398438,5,21167,0
141,1074294,1153.3333740234375,658.875,5,21167,1
141,1074295,1208.052490234375,683.9309692382812,14,21168,0
141,1074296,1161.199951171875,656.7000122070312,5,21168,1
141,1074297,1201.9969482421875,693.8777465820312,17,21169,0
141,1074298,1161.199951171875,656.7000122070312,6,21169,1
141,1074299,1002.0,646.0,1,21170,0
141,1074300,980.5,664.625,4,21170,1
141,1074301,794.5,744.5,1,21170,2
141,1074302,962.5,640.5,1,21170,3
141,1074303,904.625,666.2249755859375,4,21171,0
141,1074304,794.5,744.5,2,21171,1
141,1074305,1123.4375,675.6624755859375,8,21172,0
141,1074306,794.5,744.5,1,21172,1
141,1074307,1002.0,646.0,2,21172,2
141,1074308,1218.1112060546875,711.1758422851562,19,21173,0
141,1074309,1154.6666259765625,662.0,4,21173,1
141,1074310,1075.699951171875,666.414306640625,5,21174,0
141,1074311,794.5,744.5,1,21174,1
141,1074312,962.5,640.5,1,21174,2
141,1074313,1002.0,646.0,1,21174,3
141,1074314,1215.59375,694.1964111328125,15,21175,0
141,1074315,1161.199951171875,656.7000122070312,5,21175,1
141,1074316,831.8333129882812,704.5833129882812,2,21176,0
141,1074317,794.5,744.5,2,21176,1
141,1074318,1207.769287109375,702.0454711914062,12,21177,0
141,1074319,1153.3333740234375,658.875,5,21177,1
141,1074320,1210.8846435546875,692.9564208984375,13,21178,0
141,1074321,1161.199951171875,656.7000122070312,5,21178,1
141,1074322,1352.5,855.25,2,21179,0
141,1074323,1154.6666259765625,662.0,2,21179,1
141,1074324,1175.75,694.5,2,21179,2
141,1074325,1201.4375,690.8541870117188,16,21180,0
141,1074326,1161.199951171875,656.7000122070312,6,21180,1
141,1074327,1158.173583984375,682.861083984375,16,21181,0
141,1074328,1161.199951171875,656.7000122070312,5,21181,1
141,1074329,930.3499755859375,657.75,4,21182,0
141,1074330,794.5,744.5,2,21182,1
141,1074331,962.5,640.5,1,21182,2
141,1074332,1002.0,646.0,1,21182,3
141,1074333,1161.199951171875,656.7000122070312,8,21183,0
141,1074334,1218.7728271484375,709.339111328125,20,21183,1
141,1074335,221.0,1022.5,1,21184,0
141,1074336,1153.3333740234375,658.875,6,21185,0
141,1074337,1193.7353515625,691.5384521484375,15,21185,1
141,1074338,1155.216796875,686.7867431640625,12,21186,0
141,1074339,1153.3333740234375,658.875,5,21186,1
141,1074340,1161.199951171875,656.7000122070312,8,21187,0
141,1074341,1218.7728271484375,709.339111328125,20,21187,1
151,1074231,1111.5208740234375,674.0833129882812,6,21144,0
151,1074232,794.5,744.5,1,21144,1
151,1074233,1002.0,646.0,1,21144,2
151,1074234,882.0,809.5,1,21145,0
151,1074235,792.5,750.5,3,21146,0
151,1074236,962.5,640.5,1,21146,1
151,1074237,923.9091186523438,674.5511474609375,8,21146,2
151,1074238,1201.0,677.5,1,21146,3
151,1074239,1002.0,646.0,1,21146,4
151,1074240,953.3499755859375,652.6500244140625,4,21147,0
151,1074241,962.5,640.5,1,21147,1
151,1074242,794.5,744.5,1,21147,2
151,1074243,1002.0,646.0,1,21147,3
151,1074244,1189.9464111328125,690.7202758789062,13,21148,0
151,1074245,1153.3333740234375,658.875,5,21148,1
151,1074246,831.8333129882812,704.5833129882812,2,21149,0
151,1074247,794.5,744.5,2,21149,1
151,1074248,1216.7852783203125,687.7371826171875,13,21150,0
151,1074249,1167.3333740234375,657.7916870117188,3,21150,1
151,1074250,1360.0,747.0,1,21151,0
151,1074251,1207.0,674.75,2,21151,1
151,1074252,1154.6666259765625,662.0,2,21151,2
151,1074253,1181.0,695.0,1,21151,3
151,1074254,1219.5428466796875,696.6547241210938,14,21152,0
151,1074255,1167.3333740234375,657.7916870117188,3,21152,1
151,1074256,1168.5079345703125,683.4484252929688,18,21153,0
151,1074257,1161.199951171875,656.7000122070312,5,21153,1
151,1074258,794.5,744.5,1,21153,2
151,1074259,846.0,695.9166870117188,3,21154,0
151,1074260,794.5,744.5,2,21154,1
151,1074261,1352.5,855.25,2,21155,0
151,1074262,1154.6666259765625,662.0,2,21155,1
151,1074263,1175.75,694.5,2,21155,2
151,1074264,1197.7926025390625,689.476806640625,17,21156,0
151,1074265,979.0,726.5,1,21156,1
151,1074266,1161.199951171875,656.7000122070312,5,21156,2
151,1074267,1206.68408203125,692.6909790039062,16,21157,0
151,1074268,1161.199951171875,656.7000122070312,6,21157,1
151,1074269,1180.7261962890625,689.09521484375,18,21158,0
151,1074270,1161.199951171875,656.7000122070312,5,21158,1
151,1074271,1142.300048828125,678.2769165039062,13,21159,0
151,1074272,1161.199951171875,656.7000122070312,4,21159,1
151,1074273,962.5,640.5,1,21160,0
151,1074274,794.5,744.5,1,21160,1
151,1074275,953.3499755859375,652.6500244140625,4,21160,2
151,1074276,1002.0,646.0,1,21160,3
151,1074277,1161.199951171875,656.7000122070312,8,21161,0
151,1074278,1218.7728271484375,709.339111328125,20,21161,1
151,1074279,930.3499755859375,657.75,4,21162,0
151,1074280,1002.0,646.0,1,21162,1
151,1074281,794.5,744.5,2,21162,2
151,1074282,962.5,640.5,1,21162,3
151,1074283,1189.9615478515625,691.0698852539062,11,21163,0
151,1074284,979.0,726.5,2,21163,1
151,1074285,1153.3333740234375,658.875,5,21163,2
151,1074286,1167.3333740234375,657.7916870117188,4,21164,0
151,1074287,1209.136962890625,683.4404296875,13,21164,1
151,1074288,930.3499755859375,657.75,4,21165,0
151,1074289,794.5,744.5,2,21165,1
151,1074290,962.5,640.5,1,21165,2
151,1074291,1216.888427734375,688.1741333007812,14,21166,0
151,1074292,1161.199951171875,656.7000122070312,6,21166,1
151,1074293,1215.2857666015625,717.7714233398438,5,21167,0
151,1074294,1153.3333740234375,658.875,5,21167,1
151,1074295,1208.052490234375,683.9309692382812,14,21168,0
151,1074296,1161.199951171875,656.7000122070312,5,21168,1
151,1074297,1201.9969482421875,693.8777465820312,17,21169,0
151,1074298,1161.199951171875,656.7000122070312,6,21169,1
151,1074299,1002.0,646.0,1,21170,0
151,1074300,980.5,664.625,4,21170,1
151,1074301,794.5,744.5,1,21170,2
151,1074302,962.5,640.5,1,21170,3
151,1074303,904.625,666.2249755859375,4,21171,0
151,1074304,794.5,744.5,2,21171,1
151,1074305,1123.4375,675.6624755859375,8,21172,0
151,1074306,794.5,744.5,1,21172,1
151,1074307,1002.0,646.0,2,21172,2
151,1074308,1218.1112060546875,711.1758422851562,19,21173,0
151,1074309,1154.6666259765625,662.0,5,21173,1
151,1074310,1075.699951171875,666.414306640625,5,21174,0
151,1074311,794.5,744.5,1,21174,1
151,1074312,962.5,640.5,1,21174,2
151,1074313,1002.0,646.0,1,21174,3
151,1074314,1215.59375,694.1964111328125,15,21175,0
151,1074315,1161.199951171875,656.7000122070312,5,21175,1
151,1074316,831.8333129882812,704.5833129882812,2,21176,0
151,1074317,794.5,744.5,2,21176,1
151,1074318,1207.769287109375,702.0454711914062,12,21177,0
151,1074319,1153.3333740234375,658.875,5,21177,1
151,1074320,1210.8846435546875,692.9564208984375,13,21178,0
151,1074321,1161.199951171875,656.7000122070312,5,21178,1
151,1074322,1352.5,855.25,2,21179,0
151,1074323,1154.6666259765625,662.0,2,21179,1
151,1074324,1175.75,694.5,2,21179,2
151,1074325,1201.4375,690.8541870117188,16,21180,0
151,1074326,1161.199951171875,656.7000122070312,6,21180,1
151,1074327,1158.173583984375,682.861083984375,16,21181,0
151,1074328,1161.199951171875,656.7000122070312,5,21181,1
151,1074329,930.3499755859375,657.75,4,21182,0
151,1074330,794.5,744.5,2,21182,1
151,1074331,962.5,640.5,1,21182,2
151,1074332,1002.0,646.0,1,21182,3
151,1074333,1161.199951171875,656.7000122070312,8,21183,0
151,1074334,1218.7728271484375,709.339111328125,20,21183,1
151,1074335,221.0,1022.5,1,21184,0
151,1074336,1153.3333740234375,658.875,6,21185,0
151,1074337,1193.7353515625,691.5384521484375,15,21185,1
151,1074338,1155.216796875,686.7867431640625,12,21186,0
151,1074339,1153.3333740234375,658.875,5,21186,1
151,1074340,1161.199951171875,656.7000122070312,8,21187,0
151,1074341,1218.7728271484375,709.339111328125,20,21187,1
161,1074231,1111.5208740234375,674.0833129882812,6,21144,0
161,1074232,794.5,744.5,1,21144,1
161,1074233,1002.0,646.0,1,21144,2
161,1074234,882.0,809.5,1,21145,0
161,1074235,792.5,750.5,3,21146,0
161,1074236,962.5,640.5,1,21146,1
161,1074237,923.9091186523438,674.5511474609375,8,21146,2
161,1074238,1201.0,677.5,1,21146,3
161,1074239,1002.0,646.0,1,21146,4
161,1074240,953.3499755859375,652.6500244140625,4,21147,0
161,1074241,962.5,640.5,1,21147,1
161,1074242,794.5,744.5,1,21147,2
161,1074243,1002.0,646.0,1,21147,3
161,1074244,1189.9464111328125,690.7202758789062,13,21148,0
161,1074245,1153.3333740234375,658.875,5,21148,1
161,1074246,831.8333129882812,704.5833129882812,2,21149,0
161,1074247,794.5,744.5,2,21149,1
161,1074248,1216.7852783203125,687.7371826171875,13,21150,0
161,1074249,1167.3333740234375,657.7916870117188,3,21150,1
161,1074250,1360.0,747.0,1,21151,0
161,1074251,1207.0,674.75,2,21151,1
161,1074252,1154.6666259765625,662.0,2,21151,2
161,1074253,1181.0,695.0,1,21151,3
161,1074254,1219.5428466796875,696.6547241210938,14,21152,0
161,1074255,1167.3333740234375,657.7916870117188,3,21152,1
161,1074256,1168.5079345703125,683.4484252929688,18,21153,0
161,1074257,1161.199951171875,656.7000122070312,5,21153,1
161,1074258,794.5,744.5,1,21153,2
161,1074259,846.0,695.9166870117188,3,21154,0
161,1074260,794.5,744.5,2,21154,1
161,1074261,1352.5,855.25,2,21155,0
161,1074262,1154.6666259765625,662.0,2,21155,1
161,1074263,1175.75,694.5,2,21155,2
161,1074264,1197.7926025390625,689.476806640625,17,21156,0
161,1074265,979.0,726.5,1,21156,1
161,1074266,1161.199951171875,656.7000122070312,5,21156,2
161,1074267,1206.68408203125,692.6909790039062,16,21157,0
161,1074268,1161.199951171875,656.7000122070312,6,21157,1
161,1074269,1180.7261962890625,689.09521484375,18,21158,0
161,1074270,1161.199951171875,656.7000122070312,5,21158,1
161,1074271,1142.300048828125,678.2769165039062,13,21159,0
161,1074272,1161.199951171875,656.7000122070312,4,21159,1
161,1074273,962.5,640.5,1,21160,0
161,1074274,794.5,744.5,1,21160,1
161,1074275,953.3499755859375,652.6500244140625,4,21160,2
161,1074276,1002.0,646.0,1,21160,3
161,1074277,1161.199951171875,656.7000122070312,8,21161,0
161,1074278,1218.7728271484375,709.339111328125,20,21161,1
161,1074279,930.3499755859375,657.75,4,21162,0
161,1074280,1002.0,646.0,1,21162,1
161,1074281,794.5,744.5,2,21162,2
161,1074282,962.5,640.5,1,21162,3
161,1074283,1189.9615478515625,691.0698852539062,11,21163,0
161,1074284,979.0,726.5,2,21163,1
161,1074285,1153.3333740234375,658.875,5,21163,2
161,1074286,1167.3333740234375,657.7916870117188,4,21164,0
161,1074287,1209.136962890625,683.4404296875,13,21164,1
161,1074288,930.3499755859375,657.75,4,21165,0
161,1074289,794.5,744.5,2,21165,1
161,1074290,962.5,640.5,1,21165,2
161,1074291,1216.888427734375,688.1741333007812,14,21166,0
161,1074292,1161.199951171875,656.7000122070312,6,21166,1
161,1074293,1215.2857666015625,717.7714233398438,5,21167,0
161,1074294,1153.3333740234375,658.875,5,21167,1
161,1074295,1208.052490234375,683.9309692382812,14,21168,0
161,1074296,1161.199951171875,656.7000122070312,5,21168,1
161,1074297,1201.9969482421875,693.8777465820312,17,21169,0
161,1074298,1161.199951171875,656.7000122070312,6,21169,1
161,1074299,1002.0,646.0,1,21170,0
161,1074300,980.5,664.625,4,21170,1
161,1074301,794.5,744.5,1,21170,2
161,1074302,962.5,640.5,1,21170,3
161,1074303,904.625,666.2249755859375,4,21171,0
161,1074304,794.5,744.5,2,21171,1
161,1074305,1123.4375,675.6624755859375,8,21172,0
161,1074306,794.5,744.5,1,21172,1
161,1074307,1002.0,646.0,2,21172,2
161,1074308,1218.1112060546875,711.1758422851562,19,21173,0
161,1074309,1154.6666259765625,662.0,6,21173,1
161,1074310,1075.699951171875,666.414306640625,5,21174,0
161,1074311,794.5,744.5,1,21174,1
161,1074312,962.5,640.5,1,21174,2
161,1074313,1002.0,646.0,1,21174,3
161,1074314,1215.59375,694.1964111328125,15,21175,0
161,1074315,1161.199951171875,656.7000122070312,5,21175,1
161,1074316,831.8333129882812,704.5833129882812,2,21176,0
161,1074317,794.5,744.5,2,21176,1
161,1074318,1207.769287109375,702.0454711914062,12,21177,0
161,1074319,1153.3333740234375,658.875,5,21177,1
161,1074320,1210.8846435546875,692.9564208984375,13,21178,0
161,1074321,1161.199951171875,656.7000122070312,5,21178,1
161,1074322,1352.5,855.25,2,21179,0
161,1074323,1154.6666259765625,662.0,2,21179,1
161,1074324,1175.75,694.5,2,21179,2
161,1074325,1201.4375,690.8541870117188,16,21180,0
161,1074326,1161.199951171875,656.7000122070312,6,21180,1
161,1074327,1158.173583984375,682.861083984375,16,21181,0
161,1074328,1161.199951171875,656.7000122070312,5,21181,1
161,1074329,930.3499755859375,657.75,4,21182,0
161,1074330,794.5,744.5,2,21182,1
161,1074331,962.5,640.5,1,21182,2
161,1074332,1002.0,646.0,1,21182,3
161,1074333,1161.199951171875,656.7000122070312,8,21183,0
161,1074334,1218.7728271484375,709.339111328125,20,21183,1
161,1074335,221.0,1022.5,1,21184,0
161,1074336,1153.3333740234375,658.875,6,21185,0
161,1074337,1193.7353515625,691.5384521484375,15,21185,1
161,1074338,1155.216796875,686.7867431640625,12,21186,0
161,1074339,1153.3333740234375,658.875,5,21186,1
161,1074340,1161.199951171875,656.7000122070312,8,21187,0
161,1074341,1218.7728271484375,709.339111328125,20,21187,1
171,1074231,1111.5208740234375,674.0833129882812,6,21144,0
171,1074232,794.5,744.5,1,21144,1
171,1074233,1002.0,646.0,1,21144,2
171,1074234,882.0,809.5,1,21145,0
171,1074235,792.5,750.5,3,21146,0
171,1074236,962.5,640.5,1,21146,1
171,1074237,923.9091186523438,674.5511474609375,8,21146,2
171,1074238,1201.0,677.5,1,21146,3
171,1074239,1002.0,646.0,1,21146,4
171,1074240,953.3499755859375,652.6500244140625,4,21147,0
171,1074241,962.5,640.5,1,21147,1
171,1074242,794.5,744.5,2,21147,2
171,1074243,1002.0,646.0,1,21147,3
171,1074244,1189.9464111328125,690.7202758789062,13,21148,0
171,1074245,1153.3333740234375,658.875,5,21148,1
171,1074246,831.8333129882812,704.5833129882812,2,21149,0
171,1074247,794.5,744.5,2,21149,1
171,1074248,1216.7852783203125,687.7371826171875,14,21150,0
171,1074249,1167.3333740234375,657.7916870117188,3,21150,1
171,1074250,1360.0,747.0,1,21151,0
171,1074251,1207.0,674.75,2,21151,1
171,1074252,1154.6666259765625,662.0,2,21151,2
171,1074253,1181.0,695.0,1,21151,3
171,1074254,1219.5428466796875,696.6547241210938,15,21152,0
171,1074255,1167.3333740234375,657.7916870117188,3,21152,1
171,1074256,1168.5079345703125,683.4484252929688,18,21153,0
171,1074257,1161.199951171875,656.7000122070312,5,21153,1
171,1074258,794.5,744.5,1,21153,2
171,1074259,846.0,695.9166870117188,3,21154,0
171,1074260,794.5,744.5,2,21154,1
171,1074261,1352.5,855.25,2,21155,0
171,1074262,1154.6666259765625,662.0,2,21155,1
171,1074263,1175.75,694.5,2,21155,2
171,1074264,1197.7926025390625,689.476806640625,17,21156,0
171,1074265,979.0,726.5,1,21156,1
171,1074266,1161.199951171875,656.7000122070312,5,21156,2
171,1074267,1206.68408203125,692.6909790039062,16,21157,0
171,1074268,1161.199951171875,656.7000122070312,6,21157,1
171,1074269,1180.7261962890625,689.09521484375,18,21158,0
171,1074270,1161.199951171875,656.7000122070312,5,21158,1
171,1074271,1142.300048828125,678.2769165039062,13,21159,0
171,1074272,1161.199951171875,656.7000122070312,4,21159,1
171,1074273,962.5,640.5,1,21160,0
171,1074274,794.5,744.5,2,21160,1
171,1074275,953.3499755859375,652.6500244140625,4,21160,2
171,1074276,1002.0,646.0,1,21160,3
171,1074277,1161.199951171875,656.7000122070312,8,21161,0
171,1074278,1218.7728271484375,709.339111328125,20,21161,1
171,1074279,930.3499755859375,657.75,4,21162,0
171,1074280,1002.0,646.0,1,21162,1
171,1074281,794.5,744.5,2,21162,2
171,1074282,962.5,640.5,1,21162,3
171,1074283,1189.9615478515625,691.0698852539062,11,21163,0
171,1074284,979.0,726.5,2,21163,1
171,1074285,1153.3333740234375,658.875,5,21163,2
171,1074286,1167.3333740234375,657.7916870117188,4,21164,0
171,1074287,1209.136962890625,683.4404296875,14,21164,1
171,1074288,930.3499755859375,657.75,4,21165,0
171,1074289,794.5,744.5,2,21165,1
171,1074290,962.5,640.5,1,21165,2
171,1074291,1216.888427734375,688.1741333007812,14,21166,0
171,1074292,1161.199951171875,656.7000122070312,7,21166,1
171,1074293,1215.2857666015625,717.7714233398438,5,21167,0
171,1074294,1153.3333740234375,658.875,5,21167,1
171,1074295,1208.052490234375,683.9309692382812,14,21168,0
171,1074296,1161.199951171875,656.7000122070312,5,21168,1
171,1074297,1201.9969482421875,693.8777465820312,17,21169,0
171,1074298,1161.199951171875,656.7000122070312,6,21169,1
171,1074299,1002.0,646.0,1,21170,0
171,1074300,980.5,664.625,4,21170,1
171,1074301,794.5,744.5,2,21170,2
171,1074302,962.5,640.5,1,21170,3
171,1074303,904.625,666.2249755859375,4,21171,0
171,1074304,794.5,744.5,2,21171,1
171,1074305,1123.4375,675.6624755859375,8,21172,0
171,1074306,794.5,744.5,1,21172,1
171,1074307,1002.0,646.0,2,21172,2
171,1074308,1218.1112060546875,711.1758422851562,19,21173,0
171,1074309,1154.6666259765625,662.0,6,21173,1
171,1074310,1075.699951171875,666.414306640625,5,21174,0
171,1074311,794.5,744.5,1,21174,1
171,1074312,962.5,640.5,1,21174,2
171,1074313,1002.0,646.0,1,21174,3
171,1074314,1215.59375,694.1964111328125,15,21175,0
171,1074315,1161.199951171875,656.7000122070312,5,21175,1
171,1074316,831.8333129882812,704.5833129882812,2,21176,0
171,1074317,794.5,744.5,2,21176,1
171,1074318,1207.769287109375,702.0454711914062,12,21177,0
171,1074319,1153.3333740234375,658.875,5,21177,1
171,1074320,1210.8846435546875,692.9564208984375,13,21178,0
171,1074321,1161.199951171875,656.7000122070312,5,21178,1
171,1074322,1352.5,855.25,2,21179,0
171,1074323,1154.6666259765625,662.0,2,21179,1
171,1074324,1175.75,694.5,2,21179,2
171,1074325,1201.4375,690.8541870117188,16,21180,0
171,1074326,1161.199951171875,656.7000122070312,6,21180,1
171,1074327,1158.173583984375,682.861083984375,16,21181,0
171,1074328,1161.199951171875,656.7000122070312,5,21181,1
171,1074329,930.3499755859375,657.75,4,21182,0
171,1074330,794.5,744.5,2,21182,1
171,1074331,962.5,640.5,1,21182,2
171,1074332,1002.0,646.0,1,21182,3
171,1074333,1161.199951171875,656.7000122070312,8,21183,0
171,1074334,1218.7728271484375,709.339111328125,20,21183,1
171,1074335,221.0,1022.5,1,21184,0
171,1074336,1153.3333740234375,658.875,6,21185,0
171,1074337,1193.7353515625,691.5384521484375,15,21185,1
171,1074338,1155.216796875,686.7867431640625,12,21186,0
171,1074339,1153.3333740234375,658.875,5,21186,1
171,1074340,1161.199951171875,656.7000122070312,8,21187,0
171,1074341,1218.7728271484375,709.339111328125,20,21187,1
181,1074231,1111.5208740234375,674.0833129882812,6,21144,0
181,1074232,794.5,744.5,1,21144,1
181,1074233,1002.0,646.0,1,21144,2
181,1074234,882.0,809.5,1,21145,0
181,1074235,792.5,750.5,3,21146,0
181,1074236,962.5,640.5,1,21146,1
181,1074237,923.9091186523438,674.5511474609375,8,21146,2
181,1074238,1201.0,677.5,1,21146,3
181,1074239,1002.0,646.0,1,21146,4
181,1074240,953.3499755859375,652.6500244140625,4,21147,0
181,1074241,962.5,640.5,1,21147,1
181,1074242,794.5,744.5,2,21147,2
181,1074243,1002.0,646.0,1,21147,3
181,1074244,1189.9464111328125,690.7202758789062,13,21148,0
181,1074245,1153.3333740234375,658.875,5,21148,1
181,1074246,831.8333129882812,704.5833129882812,2,21149,0
181,1074247,794.5,744.5,2,21149,1
181,1074248,1216.7852783203125,687.7371826171875,14,21150,0
181,1074249,1167.3333740234375,657.7916870117188,3,21150,1
181,1074250,1360.0,747.0,1,21151,0
181,1074251,1207.0,674.75,2,21151,1
181,1074252,1154.6666259765625,662.0,2,21151,2
181,1074253,1181.0,695.0,1,21151,3
181,1074254,1219.5428466796875,696.6547241210938,15,21152,0
181,1074255,1167.3333740234375,657.7916870117188,3,21152,1
181,1074256,1168.5079345703125,683.4484252929688,18,21153,0
181,1074257,1161.199951171875,656.7000122070312,5,21153,1
181,1074258,794.5,744.5,1,21153,2
181,1074259,846.0,695.9166870117188,3,21154,0
181,1074260,794.5,744.5,2,21154,1
181,1074261,1352.5,855.25,2,21155,0
181,1074262,1154.6666259765625,662.0,2,21155,1
181,1074263,1175.75,694.5,2,21155,2
181,1074264,1197.7926025390625,689.476806640625,17,21156,0
181,1074265,979.0,726.5,1,21156,1
181,1074266,1161.199951171875,656.7000122070312,5,21156,2
181,1074267,1206.68408203125,692.6909790039062,16,21157,0
181,1074268,1161.199951171875,656.7000122070312,6,21157,1
181,1074269,1180.7261962890625,689.09521484375,18,21158,0
181,1074270,1161.199951171875,656.7000122070312,5,21158,1
181,1074271,1142.300048828125,678.2769165039062,13,21159,0
181,1074272,1161.199951171875,656.7000122070312,4,21159,1
181,1074273,962.5,640.5,1,21160,0
181,1074274,794.5,744.5,2,21160,1
181,1074275,953.3499755859375,652.6500244140625,4,21160,2
181,1074276,1002.0,646.0,1,21160,3
181,1074277,1161.199951171875,656.7000122070312,8,21161,0
181,1074278,1218.7728271484375,709.339111328125,20,21161,1
181,1074279,930.3499755859375,657.75,4,21162,0
181,1074280,1002.0,646.0,1,21162,1
181,1074281,794.5,744.5,2,21162,2
181,1074282,962.5,640.5,1,21162,3
181,1074283,1189.9615478515625,691.0698852539062,11,21163,0
181,1074284,979.0,726.5,2,21163,1
181,1074285,1153.3333740234375,658.875,5,21163,2
181,1074286,1167.3333740234375,657.7916870117188,4,21164,0
181,1074287,1209.136962890625,683.4404296875,14,21164,1
181,1074288,930.3499755859375,657.75,4,21165,0
181,1074289,794.5,744.5,2,21165,1
181,1074290,962.5,640.5,1,21165,2
181,1074291,1216.888427734375,688.1741333007812,14,21166,0
181,1074292,1161.199951171875,656.7000122070312,7,21166,1
181,1074293,1215.2857666015625,717.7714233398438,5,21167,0
181,1074294,1153.3333740234375,658.875,5,21167,1
181,1074295,1208.052490234375,683.9309692382812,14,21168,0
181,1074296,1161.199951171875,656.7000122070312,5,21168,1
181,1074297,1201.9969482421875,693.8777465820312,17,21169,0
181,1074298,1161.199951171875,656.7000122070312,6,21169,1
181,1074299,1002.0,646.0,1,21170,0
181,1074300,980.5,664.625,4,21170,1
181,1074301,794.5,744.5,2,21170,2
181,1074302,962.5,640.5,1,21170,3
181,1074303,904.625,666.2249755859375,4,21171,0
181,1074304,794.5,744.5,2,21171,1
181,1074305,1123.4375,675.6624755859375,8,21172,0
181,1074306,794.5,744.5,1,21172,1
181,1074307,1002.0,646.0,2,21172,2
181,1074308,1218.1112060546875,711.1758422851562,19,21173,0
181,1074309,1154.6666259765625,662.0,6,21173,1
181,1074310,1075.699951171875,666.414306640625,5,21174,0
181,1074311,794.5,744.5,1,21174,1
181,1074312,962.5,640.5,1,21174,2
181,1074313,1002.0,646.0,1,21174,3
181,1074314,1215.59375,694.1964111328125,15,21175,0
181,1074315,1161.199951171875,656.7000122070312,5,21175,1
181,1074316,831.8333129882812,704.5833129882812,2,21176,0
181,1074317,794.5,744.5,2,21176,1
181,1074318,1207.769287109375,702.0454711914062,12,21177,0
181,1074319,1153.3333740234375,658.875,5,21177,1
181,1074320,1210.8846435546875,692.9564208984375,13,21178,0
181,1074321,1161.199951171875,656.7000122070312,5,21178,1
181,1074322,1352.5,855.25,2,21179,0
181,1074323,1154.6666259765625,662.0,2,21179,1
181,1074324,1175.75,694.5,2,21179,2
181,1074325,1201.4375,690.8541870117188,16,21180,0
181,1074326,1161.199951171875,656.7000122070312,6,21180,1
181,1074327,1158.173583984375,682.861083984375,16,21181,0
181,1074328,1161.199951171875,656.7000122070312,5,21181,1
181,1074329,930.3499755859375,657.75,4,21182,0
181,1074330,794.5,744.5,2,21182,1
181,1074331,962.5,640.5,1,21182,2
181,1074332,1002.0,646.0,1,21182,3
181,1074333,1161.199951171875,656.7000122070312,8,21183,0
181,1074334,1218.7728271484375,709.339111328125,20,21183,1
181,1074335,221.0,1022.5,1,21184,0
181,1074336,1153.3333740234375,658.875,6,21185,0
181,1074337,1193.7353515625,691.5384521484375,15,21185,1
181,1074338,1155.216796875,686.7867431640625,12,21186,0
181,1074339,1153.3333740234375,658.875,5,21186,1
181,1074340,1161.199951171875,656.7000122070312,8,21187,0
181,1074341,1218.7728271484375,709.339111328125,20,21187,1
191,1074231,1111.5208740234375,674.0833129882812,6,21144,0
191,1074232,794.5,744.5,1,21144,1
191,1074233,1002.0,646.0,1,21144,2
191,1074234,882.0,809.5,1,21145,0
191,1074235,792.5,750.5,4,21146,0
191,1074236,962.5,640.5,1,21146,1
191,1074237,923.9091186523438,674.5511474609375,8,21146,2
191,1074238,1201.0,677.5,1,21146,3
191,1074239,1002.0,646.0,1,21146,4
191,1074240,953.3499755859375,652.6500244140625,4,21147,0
191,1074241,962.5,640.5,1,21147,1
191,1074242,794.5,744.5,2,21147,2
191,1074243,1002.0,646.0,1,21147,3
191,1074244,1189.9464111328125,690.7202758789062,13,21148,0
191,1074245,1153.3333740234375,658.875,5,21148,1
191,1074246,831.8333129882812,704.5833129882812,2,21149,0
191,1074247,794.5,744.5,2,21149,1
191,1074248,1216.7852783203125,687.7371826171875,14,21150,0
191,1074249,1167.3333740234375,657.7916870117188,3,21150,1
191,1074250,1360.0,747.0,1,21151,0
191,1074251,1207.0,674.75,2,21151,1
191,1074252,1154.6666259765625,662.0,2,21151,2
191,1074253,1181.0,695.0,1,21151,3
191,1074254,1219.5428466796875,696.6547241210938,15,21152,0
191,1074255,1167.3333740234375,657.7916870117188,3,21152,1
191,1074256,1168.5079345703125,683.4484252929688,18,21153,0
191,1074257,1161.199951171875,656.7000122070312,5,21153,1
191,1074258,794.5,744.5,1,21153,2
191,1074259,846.0,695.9166870117188,3,21154,0
191,1074260,794.5,744.5,2,21154,1
191,1074261,1352.5,855.25,2,21155,0
191,1074262,1154.6666259765625,662.0,2,21155,1
191,1074263,1175.75,694.5,2,21155,2
191,1074264,1197.7926025390625,689.476806640625,17,21156,0
191,1074265,979.0,726.5,1,21156,1
191,1074266,1161.199951171875,656.7000122070312,5,21156,2
191,1074267,1206.68408203125,692.6909790039062,16,21157,0
191,1074268,1161.199951171875,656.7000122070312,6,21157,1
191,1074269,1180.7261962890625,689.09521484375,18,21158,0
191,1074270,1161.199951171875,656.7000122070312,5,21158,1
191,1074271,1142.300048828125,678.2769165039062,13,21159,0
191,1074272,1161.199951171875,656.7000122070312,4,21159,1
191,1074273,962.5,640.5,1,21160,0
191,1074274,794.5,744.5,2,21160,1
191,1074275,953.3499755859375,652.6500244140625,4,21160,2
191,1074276,1002.0,646.0,1,21160,3
191,1074277,1161.199951171875,656.7000122070312,8,21161,0
191,1074278,1218.7728271484375,709.339111328125,20,21161,1
191,1074279,930.3499755859375,657.75,4,21162,0
191,1074280,1002.0,646.0,1,21162,1
191,1074281,794.5,744.5,2,21162,2
191,1074282,962.5,640.5,1,21162,3
191,1074283,1189.9615478515625,691.0698852539062,11,21163,0
191,1074284,979.0,726.5,2,21163,1
191,1074285,1153.3333740234375,658.875,5,21163,2
191,1074286,1167.3333740234375,657.7916870117188,4,21164,0
191,1074287,1209.136962890625,683.4404296875,14,21164,1
191,1074288,930.3499755859375,657.75,4,21165,0
191,1074289,794.5,744.5,2,21165,1
191,1074290,962.5,640.5,1,21165,2
191,1074291,1216.888427734375,688.1741333007812,14,21166,0
191,1074292,1161.199951171875,656.7000122070312,7,21166,1
191,1074293,1215.2857666015625,717.7714233398438,5,21167,0
191,1074294,1153.3333740234375,658.875,5,21167,1
191,1074295,1208.052490234375,683.9309692382812,14,21168,0
191,1074296,1161.199951171875,656.7000122070312,5,21168,1
191,1074297,1201.9969482421875,693.8777465820312,17,21169,0
191,1074298,1161.199951171875,656.7000122070312,6,21169,1
191,1074299,1002.0,646.0,1,21170,0
191,1074300,980.5,664.625,4,21170,1
191,1074301,794.5,744.5,2,21170,2
191,1074302,962.5,640.5,1,21170,3
191,1074303,904.625,666.2249755859375,4,21171,0
191,1074304,794.5,744.5,2,21171,1
191,1074305,1123.4375,675.6624755859375,8,21172,0
191,1074306,794.5,744.5,1,21172,1
191,1074307,1002.0,646.0,2,21172,2
191,1074308,1218.1112060546875,711.1758422851562,19,21173,0
191,1074309,1154.6666259765625,662.0,6,21173,1
191,1074310,1075.699951171875,666.414306640625,5,21174,0
191,1074311,794.5,744.5,1,21174,1
191,1074312,962.5,640.5,1,21174,2
191,1074313,1002.0,646.0,2,21174,3
191,1074314,1215.59375,694.1964111328125,15,21175,0
191,1074315,1161.199951171875,656.7000122070312,5,21175,1
191,1074316,831.8333129882812,704.5833129882812,2,21176,0
191,1074317,794.5,744.5,2,21176,1
191,1074318,1207.769287109375,702.0454711914062,12,21177,0
191,1074319,1153.3333740234375,658.875,5,21177,1
191,1074320,1210.8846435546875,692.9564208984375,13,21178,0
191,1074321,1161.199951171875,656.7000122070312,5,21178,1
191,1074322,1352.5,855.25,2,21179,0
191,1074323,1154.6666259765625,662.0,2,21179,1
191,1074324,1175.75,694.5,2,21179,2
191,1074325,1201.4375,690.8541870117188,16,21180,0
191,1074326,1161.199951171875,656.7000122070312,6,21180,1
191,1074327,1158.173583984375,682.861083984375,16,21181,0
191,1074328,1161.199951171875,656.7000122070312,5,21181,1
191,1074329,930.3499755859375,657.75,4,21182,0
191,1074330,794.5,744.5,2,21182,1
191,1074331,962.5,640.5,1,21182,2
191,1074332,1002.0,646.0,1,21182,3
191,1074333,1161.199951171875,656.7000122070312,8,21183,0
191,1074334,1218.7728271484375,709.339111328125,20,21183,1
191,1074335,221.0,1022.5,1,21184,0
191,1074336,1153.3333740234375,658.875,6,21185,0
191,1074337,1193.7353515625,691.5384521484375,15,21185,1
191,1074338,1155.216796875,686.7867431640625,12,21186,0
191,1074339,1153.3333740234375,658.875,5,21186,1
191,1074340,1161.199951171875,656.7000122070312,8,21187,0
191,1074341,1218.7728271484375,709.339111328125,20,21187,1
201,1074231,1107.5208740234375,673.4583129882812,4,21144,0
201,1074232,800.0,742.5,1,21144,1
201,1074233,1001.0,650.0,1,21144,2
201,1074234,871.0,829.0,1,21145,0
201,1074235,792.8333129882812,756.1666870117188,3,21146,0
201,1074236,954.5,644.0,1,21146,1
201,1074237,913.1591186523438,681.6344604492188,6,21146,2
201,1074238,1188.5,676.5,1,21146,3
201,1074239,1001.0,650.0,1,21146,4
201,1074240,952.1832885742188,657.1500244140625,3,21147,0
201,1074241,954.5,644.0,1,21147,1
201,1074242,791.8333129882812,746.5,3,21147,2
201,1074243,1001.0,650.0,1,21147,3
201,1074244,1183.4918212890625,689.9929809570312,11,21148,0
201,1074245,1152.0333251953125,661.375,5,21148,1
201,1074246,822.0833129882812,718.3333129882812,2,21149,0
201,1074247,779.25,753.0,2,21149,1
201,1074248,1213.9102783203125,688.1121826171875,12,21150,0
201,1074249,1170.3333740234375,662.2916870117188,2,21150,1
201,1074250,1353.5,746.0,1,21151,0
201,1074251,1214.75,680.25,2,21151,1
201,1074252,1168.4166259765625,667.5,2,21151,2
201,1074253,1202.5,709.5,1,21151,3
201,1074254,1216.0428466796875,696.6904296875,14,21152,0
201,1074255,1170.3333740234375,662.2916870117188,2,21152,1
201,1074256,1162.3204345703125,683.0109252929688,16,21153,0
201,1074257,1167.199951171875,661.2000122070312,4,21153,1
201,1074258,800.0,742.5,1,21153,2
201,1074259,836.25,709.6666870117188,2,21154,0
201,1074260,779.25,753.0,2,21154,1
201,1074261,1352.5,852.25,2,21155,0
201,1074262,1168.4166259765625,667.5,2,21155,1
201,1074263,1189.75,706.25,2,21155,2
201,1074264,1192.892578125,689.0767822265625,15,21156,0
201,1074265,979.0,724.5,1,21156,1
201,1074266,1163.199951171875,660.4500122070312,4,21156,2
201,1074267,1201.576904296875,692.048095703125,14,21157,0
201,1074268,1162.0,659.2999877929688,5,21157,1
201,1074269,1174.3511962890625,688.62646484375,16,21158,0
201,1074270,1165.2999267578125,660.0,5,21158,1
201,1074271,1139.0916748046875,678.9852294921875,12,21159,0
201,1074272,1167.5333251953125,662.2000122070312,3,21159,1
201,1074273,954.5,644.0,1,21160,0
201,1074274,791.8333129882812,746.5,3,21160,1
201,1074275,952.1832885742188,657.1500244140625,3,21160,2
201,1074276,1001.0,650.0,1,21160,3
201,1074277,1162.449951171875,658.4500122070312,6,21161,0
201,1074278,1213.872802734375,708.714111328125,20,21161,1
201,1074279,928.5166625976562,663.9166870117188,3,21162,0
201,1074280,1001.0,650.0,1,21162,1
201,1074281,795.8333129882812,746.8333129882812,3,21162,2
201,1074282,954.5,644.0,1,21162,3
201,1074283,1181.7393798828125,690.1809692382812,9,21163,0
201,1074284,986.5,727.25,2,21163,1
201,1074285,1151.6334228515625,661.0750122070312,5,21163,2
201,1074286,1172.3333740234375,661.4583740234375,3,21164,0
201,1074287,1205.06005859375,683.9019775390625,13,21164,1
201,1074288,928.5166625976562,663.9166870117188,3,21165,0
201,1074289,795.8333129882812,746.8333129882812,3,21165,1
201,1074290,954.5,644.0,1,21165,2
201,1074291,1213.5550537109375,688.0908203125,12,21166,0
201,1074292,1163.89990234375,660.2999877929688,5,21166,1
201,1074293,1215.2857666015625,720.5714111328125,5,21167,0
201,1074294,1156.3333740234375,661.875,4,21167,1
201,1074295,1203.7191162109375,683.59765625,12,21168,0
201,1074296,1163.89990234375,660.2999877929688,5,21168,1
201,1074297,1195.1968994140625,693.04443359375,15,21169,0
201,1074298,1163.699951171875,659.2000122070312,5,21169,1
201,1074299,1001.0,650.0,1,21170,0
201,1074300,981.1666870117188,667.625,3,21170,1
201,1074301,796.0,745.5,2,21170,2
201,1074302,954.5,644.0,1,21170,3
201,1074303,897.7916870117188,675.2249755859375,3,21171,0
201,1074304,793.0,746.8333129882812,3,21171,1
201,1074305,1118.4375,676.0791625976562,6,21172,0
201,1074306,800.0,742.5,1,21172,1
201,1074307,1001.5,647.0,2,21172,2
201,1074308,1213.4346923828125,711.0581665039062,17,21173,0
201,1074309,1158.2916259765625,663.875,4,21173,1
201,1074310,1073.699951171875,667.289306640625,4,21174,0
201,1074311,800.0,742.5,1,21174,1
201,1074312,954.5,644.0,1,21174,2
201,1074313,1000.0,648.75,2,21174,3
201,1074314,1210.236572265625,693.4107055664062,14,21175,0
201,1074315,1165.449951171875,661.5750122070312,4,21175,1
201,1074316,822.0833129882812,718.3333129882812,2,21176,0
201,1074317,779.25,753.0,2,21176,1
201,1074318,1203.1783447265625,702.0909423828125,11,21177,0
201,1074319,1150.7333984375,659.9749755859375,5,21177,1
201,1074320,1206.843017578125,692.5814208984375,12,21178,0
201,1074321,1165.074951171875,660.4500122070312,4,21178,1
201,1074322,1352.5,852.25,2,21179,0
201,1074323,1168.4166259765625,667.5,2,21179,1
201,1074324,1189.75,706.25,2,21179,2
201,1074325,1194.9375,690.0684814453125,14,21180,0
201,1074326,1162.0999755859375,659.4000244140625,5,21180,1
201,1074327,1152.8878173828125,683.1467895507812,14,21181,0
201,1074328,1167.199951171875,661.2000122070312,4,21181,1
201,1074329,928.5166625976562,663.9166870117188,3,21182,0
201,1074330,795.8333129882812,746.8333129882812,3,21182,1
201,1074331,954.5,644.0,1,21182,2
201,1074332,1001.0,650.0,1,21182,3
201,1074333,1162.449951171875,658.4500122070312,6,21183,0
201,1074334,1213.872802734375,708.714111328125,20,21183,1
201,1074335,239.0,1013.0,1,21184,0
201,1074336,1149.1334228515625,659.875,5,21185,0
201,1074337,1189.0166015625,691.6322021484375,16,21185,1
201,1074338,1151.3531494140625,686.5140380859375,11,21186,0
201,1074339,1149.8333740234375,661.0750122070312,5,21186,1
201,1074340,1162.449951171875,658.4500122070312,6,21187,0
201,1074341,1213.872802734375,708.714111328125,20,21187,1
221,1074342,976.7777709960938,645.611083984375,9,21188,0
221,1074343,970.75,658.0,2,21188,1
221,1074344,728.25,797.0,2,21188,2
221,1074345,970.75,658.0,2,21189,0
221,1074346,1001.4285888671875,647.0357055664062,14,21189,1
221,1074347,1216.5,650.0,1,21189,2
221,1074348,879.0,680.8333129882812,3,21190,0
221,1074349,869.75,708.0,2,21190,1
221,1074350,745.0,790.5,1,21190,2
221,1074351,1000.8333129882812,643.5833129882812,12,21191,0
221,1074352,970.75,658.0,2,21191,1
221,1074353,1113.6363525390625,660.9091186523438,22,21192,0
221,1074354,1188.2857666015625,664.0714111328125,7,21193,0
221,1074355,1194.25,677.75,6,21193,1
221,1074356,1188.2857666015625,664.0714111328125,7,21194,0
221,1074357,1495.0,943.5,2,21194,1
221,1074358,1179.3333740234375,664.8333129882812,3,21194,2
221,1074359,1146.5,658.5,1,21194,3
221,1074360,985.1818237304688,644.6818237304688,11,21195,0
221,1074361,970.75,658.0,2,21195,1
221,1074362,728.25,797.0,2,21195,2
221,1074363,1206.9000244140625,683.5,5,21196,0
221,1074364,1188.2857666015625,664.0714111328125,7,21196,1
221,1074365,1011.8333129882812,644.75,12,21197,0
221,1074366,1216.5,650.0,1,21197,1
221,1074367,970.75,658.0,2,21197,2
221,1074368,1146.5,658.5,1,21198,0
221,1074369,1179.3333740234375,664.8333129882812,3,21198,1
221,1074370,1180.1875,667.0,8,21198,2
221,1074371,1483.5,955.5,4,21198,3
221,1074372,1000.8333129882812,643.5833129882812,12,21199,0
221,1074373,970.75,658.0,2,21199,1
221,1074374,728.25,797.0,2,21199,2
221,1074375,1000.8333129882812,643.5833129882812,12,21200,0
221,1074376,970.75,658.0,2,21200,1
221,1074377,855.5,687.0,2,21201,0
221,1074378,869.75,708.0,2,21201,1
221,1074379,728.25,797.0,2,21201,2
221,1074380,1228.3333740234375,704.1666870117188,3,21202,0
221,1074381,1217.25,676.0,4,21202,1
221,1074382,1508.0,962.0,3,21202,2
221,1074383,863.25,711.0,4,21203,0
221,1074384,1228.3333740234375,704.1666870117188,3,21204,0
221,1074385,1213.0,700.25,2,21204,1
221,1074386,1526.0,985.5,2,21204,2
221,1074387,1007.2307739257812,645.3846435546875,13,21205,0
221,1074388,1216.5,650.0,1,21205,1
221,1074389,970.75,658.0,2,21205,2
221,1074390,1203.5,672.75,2,21206,0
221,1074391,1189.9166259765625,656.0833129882812,6,21206,1
221,1074392,1146.5,658.5,1,21206,2
221,1074393,770.5,718.5,1,21207,0
221,1074394,728.25,797.0,2,21207,1
221,1074395,1189.9166259765625,656.0833129882812,6,21208,0
221,1074396,1508.0,962.0,3,21208,1
221,1074397,1198.75,676.875,4,21208,2
221,1074398,1123.5,687.5,1,21209,0
221,1074399,1138.5833740234375,663.75,6,21209,1
221,1074400,1131.0,649.0,1,21209,2
221,1074401,1146.5,658.5,1,21209,3
221,1074402,1160.9000244140625,666.0,10,21210,0
221,1074403,1495.0,943.5,2,21210,1
221,1074404,1179.3333740234375,664.8333129882812,3,21210,2
221,1074405,1146.5,658.5,1,21210,3
221,1074406,1041.4117431640625,649.8235473632812,17,21211,0
221,1074407,893.5,692.5,1,21212,0
221,1074408,879.0,680.8333129882812,3,21212,1
221,1074409,970.75,658.0,2,21213,0
221,1074410,1007.2307739257812,645.3846435546875,13,21213,1
221,1074411,1216.5,650.0,1,21213,2
221,1074412,913.3333129882812,671.3333129882812,3,21214,0
221,1074413,728.25,797.0,2,21214,1
221,1074414,953.0,665.5,1,21214,2
221,1074415,965.5,639.5,1,21214,3
221,1074416,893.5,692.5,1,21214,4
221,1074417,1180.1875,667.0,8,21215,0
221,1074418,1463.0,955.8333129882812,3,21215,1
221,1074419,1179.3333740234375,664.8333129882812,3,21215,2
221,1074420,1146.5,658.5,1,21215,3
221,1074421,1068.625,648.375,8,21216,0
221,1074422,1127.25,668.25,2,21216,1
221,1074423,970.75,658.0,2,21216,2
221,1074424,1011.8333129882812,644.75,12,21217,0
221,1074425,1216.5,650.0,1,21217,1
221,1074426,970.75,658.0,2,21217,2
221,1074427,1173.5714111328125,668.9285888671875,7,21218,0
221,1074428,1192.5,684.0,5,21218,1
221,1074429,1016.0454711914062,645.227294921875,11,21219,0
221,1074430,1216.5,650.0,1,21219,1
221,1074431,970.75,658.0,2,21219,2
221,1074432,1000.8333129882812,643.5833129882812,12,21220,0
221,1074433,970.75,658.0,2,21220,1
221,1074434,871.0,735.0,2,21221,0
221,1074435,728.25,797.0,2,21222,0
221,1074436,902.7142944335938,670.4285888671875,7,21222,1
221,1074437,1131.0,649.0,1,21223,0
221,1074438,1153.611083984375,667.388916015625,9,21223,1
221,1074439,1146.5,658.5,1,21223,2
221,1074440,1000.8333129882812,643.5833129882812,12,21224,0
221,1074441,1216.5,650.0,1,21224,1
221,1074442,970.75,658.0,2,21224,2
221,1074443,728.25,797.0,2,21225,0
221,1074444,909.5,666.75,6,21225,1
221,1074445,1466.5999755859375,960.5,5,21226,0
221,1074446,1146.5,658.5,1,21226,1
221,1074447,1449.75,950.875,4,21227,0
221,1074448,1168.875,649.5,4,21227,1
221,1074449,1194.0,681.0,2,21227,2
221,1074450,1449.75,950.875,4,21228,0
221,1074451,1154.0,649.5,1,21228,1
221,1074452,1466.5999755859375,960.5,5,21229,0
221,1074453,1168.875,649.5,4,21229,1
221,1074454,1209.1666259765625,690.6666870117188,3,21229,2
221,1074455,1487.3333740234375,969.0,3,21230,0
221,1074456,1226.5,653.5,1,21230,1
221,1074457,1209.1666259765625,690.6666870117188,3,21230,2
231,1074342,976.7777709960938,645.611083984375,9,21188,0
231,1074343,970.75,658.0,2,21188,1
231,1074344,728.25,797.0,2,21188,2
231,1074345,970.75,658.0,2,21189,0
231,1074346,1001.4285888671875,647.0357055664062,14,21189,1
231,1074347,1216.5,650.0,1,21189,2
231,1074348,879.0,680.8333129882812,3,21190,0
231,1074349,869.75,708.0,2,21190,1
231,1074350,745.0,790.5,1,21190,2
231,1074351,1000.8333129882812,643.5833129882812,12,21191,0
231,1074352,970.75,658.0,2,21191,1
231,1074353,1113.6363525390625,660.9091186523438,22,21192,0
231,1074354,1188.2857666015625,664.0714111328125,7,21193,0
231,1074355,1194.25,677.75,6,21193,1
231,1074356,1188.2857666015625,664.0714111328125,7,21194,0
231,1074357,1495.0,943.5,2,21194,1
231,1074358,1179.3333740234375,664.8333129882812,3,21194,2
231,1074359,1146.5,658.5,1,21194,3
231,1074360,985.1818237304688,644.6818237304688,11,21195,0
231,1074361,970.75,658.0,2,21195,1
231,1074362,728.25,797.0,2,21195,2
231,1074363,1206.9000244140625,683.5,5,21196,0
231,1074364,1188.2857666015625,664.0714111328125,7,21196,1
231,1074365,1011.8333129882812,644.75,12,21197,0
231,1074366,1216.5,650.0,1,21197,1
231,1074367,970.75,658.0,2,21197,2
231,1074368,1146.5,658.5,1,21198,0
231,1074369,1179.3333740234375,664.8333129882812,3,21198,1
231,1074370,1180.1875,667.0,8,21198,2
231,1074371,1483.5,955.5,4,21198,3
231,1074372,1000.8333129882812,643.5833129882812,12,21199,0
231,1074373,970.75,658.0,2,21199,1
231,1074374,728.25,797.0,2,21199,2
231,1074375,1000.8333129882812,643.5833129882812,12,21200,0
231,1074376,970.75,658.0,2,21200,1
231,1074377,855.5,687.0,2,21201,0
231,1074378,869.75,708.0,2,21201,1
231,1074379,728.25,797.0,2,21201,2
231,1074380,1228.3333740234375,704.1666870117188,3,21202,0
231,1074381,1217.25,676.0,4,21202,1
231,1074382,1508.0,962.0,3,21202,2
231,1074383,863.25,711.0,4,21203,0
231,1074384,1228.3333740234375,704.1666870117188,3,21204,0
231,1074385,1213.0,700.25,2,21204,1
231,1074386,1526.0,985.5,2,21204,2
231,1074387,1007.2307739257812,645.3846435546875,13,21205,0
231,1074388,1216.5,650.0,1,21205,1
231,1074389,970.75,658.0,2,21205,2
231,1074390,1203.5,672.75,2,21206,0
231,1074391,1189.9166259765625,656.0833129882812,6,21206,1
231,1074392,1146.5,658.5,1,21206,2
231,1074393,770.5,718.5,1,21207,0
231,1074394,728.25,797.0,2,21207,1
231,1074395,1189.9166259765625,656.0833129882812,6,21208,0
231,1074396,1508.0,962.0,3,21208,1
231,1074397,1198.75,676.875,4,21208,2
231,1074398,1123.5,687.5,1,21209,0
231,1074399,1138.5833740234375,663.75,6,21209,1
231,1074400,1131.0,649.0,1,21209,2
231,1074401,1146.5,658.5,1,21209,3
231,1074402,1160.9000244140625,666.0,10,21210,0
231,1074403,1495.0,943.5,2,21210,1
231,1074404,1179.3333740234375,664.8333129882812,3,21210,2
231,1074405,1146.5,658.5,1,21210,3
231,1074406,1041.4117431640625,649.8235473632812,17,21211,0
231,1074407,893.5,692.5,1,21212,0
231,1074408,879.0,680.8333129882812,3,21212,1
231,1074409,970.75,658.0,2,21213,0
231,1074410,1007.2307739257812,645.3846435546875,13,21213,1
231,1074411,1216.5,650.0,1,21213,2
231,1074412,913.3333129882812,671.3333129882812,3,21214,0
231,1074413,728.25,797.0,2,21214,1
231,1074414,953.0,665.5,1,21214,2
231,1074415,965.5,639.5,1,21214,3
231,1074416,893.5,692.5,1,21214,4
231,1074417,1180.1875,667.0,8,21215,0
231,1074418,1463.0,955.8333129882812,3,21215,1
231,1074419,1179.3333740234375,664.8333129882812,3,21215,2
231,1074420,1146.5,658.5,1,21215,3
231,1074421,1068.625,648.375,8,21216,0
231,1074422,1127.25,668.25,2,21216,1
231,1074423,970.75,658.0,2,21216,2
231,1074424,1011.8333129882812,644.75,12,21217,0
231,1074425,1216.5,650.0,1,21217,1
231,1074426,970.75,658.0,2,21217,2
231,1074427,1173.5714111328125,668.9285888671875,7,21218,0
231,1074428,1192.5,684.0,5,21218,1
231,1074429,1016.0454711914062,645.227294921875,11,21219,0
231,1074430,1216.5,650.0,1,21219,1
231,1074431,970.75,658.0,2,21219,2
231,1074432,1000.8333129882812,643.5833129882812,12,21220,0
231,1074433,970.75,658.0,2,21220,1
231,1074434,871.0,735.0,2,21221,0
231,1074435,728.25,797.0,2,21222,0
231,1074436,902.7142944335938,670.4285888671875,7,21222,1
231,1074437,1131.0,649.0,1,21223,0
231,1074438,1153.611083984375,667.388916015625,9,21223,1
231,1074439,1146.5,658.5,1,21223,2
231,1074440,1000.8333129882812,643.5833129882812,12,21224,0
231,1074441,1216.5,650.0,1,21224,1
231,1074442,970.75,658.0,2,21224,2
231,1074443,728.25,797.0,2,21225,0
231,1074444,909.5,666.75,6,21225,1
231,1074445,1466.5999755859375,960.5,5,21226,0
231,1074446,1146.5,658.5,1,21226,1
231,1074447,1449.75,950.875,4,21227,0
231,1074448,1168.875,649.5,4,21227,1
231,1074449,1194.0,681.0,2,21227,2
231,1074450,1449.75,950.875,4,21228,0
231,1074451,1154.0,649.5,1,21228,1
231,1074452,1466.5999755859375,960.5,5,21229,0
231,1074453,1168.875,649.5,4,21229,1
231,1074454,1209.1666259765625,690.6666870117188,3,21229,2
231,1074455,1487.3333740234375,969.0,3,21230,0
231,1074456,1226.5,653.5,1,21230,1
231,1074457,1209.1666259765625,690.6666870117188,3,21230,2
241,1074342,976.7777709960938,645.611083984375,9,21188,0
241,1074343,970.75,658.0,2,21188,1
241,1074344,728.25,797.0,2,21188,2
241,1074345,970.75,658.0,2,21189,0
241,1074346,1001.4285888671875,647.0357055664062,14,21189,1
241,1074347,1216.5,650.0,1,21189,2
241,1074348,879.0,680.8333129882812,3,21190,0
241,1074349,869.75,708.0,2,21190,1
241,1074350,745.0,790.5,1,21190,2
241,1074351,1000.8333129882812,643.5833129882812,12,21191,0
241,1074352,970.75,658.0,2,21191,1
241,1074353,1113.6363525390625,660.9091186523438,22,21192,0
241,1074354,1188.2857666015625,664.0714111328125,7,21193,0
241,1074355,1194.25,677.75,6,21193,1
241,1074356,1188.2857666015625,664.0714111328125,7,21194,0
241,1074357,1495.0,943.5,2,21194,1
241,1074358,1179.3333740234375,664.8333129882812,3,21194,2
241,1074359,1146.5,658.5,1,21194,3
241,1074360,985.1818237304688,644.6818237304688,11,21195,0
241,1074361,970.75,658.0,2,21195,1
241,1074362,728.25,797.0,2,21195,2
241,1074363,1206.9000244140625,683.5,5,21196,0
241,1074364,1188.2857666015625,664.0714111328125,7,21196,1
241,1074365,1011.8333129882812,644.75,12,21197,0
241,1074366,1216.5,650.0,1,21197,1
241,1074367,970.75,658.0,2,21197,2
241,1074368,1146.5,658.5,1,21198,0
241,1074369,1179.3333740234375,664.8333129882812,3,21198,1
241,1074370,1180.1875,667.0,8,21198,2
241,1074371,1483.5,955.5,4,21198,3
241,1074372,1000.8333129882812,643.5833129882812,12,21199,0
241,1074373,970.75,658.0,2,21199,1
241,1074374,728.25,797.0,2,21199,2
241,1074375,1000.8333129882812,643.5833129882812,12,21200,0
241,1074376,970.75,658.0,2,21200,1
241,1074377,855.5,687.0,2,21201,0
241,1074378,869.75,708.0,2,21201,1
241,1074379,728.25,797.0,2,21201,2
241,1074380,1228.3333740234375,704.1666870117188,3,21202,0
241,1074381,1217.25,676.0,4,21202,1
241,1074382,1508.0,962.0,3,21202,2
241,1074383,863.25,711.0,4,21203,0
241,1074384,1228.3333740234375,704.1666870117188,3,21204,0
241,1074385,1213.0,700.25,2,21204,1
241,1074386,1526.0,985.5,2,21204,2
241,1074387,1007.2307739257812,645.3846435546875,13,21205,0
241,1074388,1216.5,650.0,1,21205,1
241,1074389,970.75,658.0,2,21205,2
241,1074390,1203.5,672.75,2,21206,0
241,1074391,1189.9166259765625,656.0833129882812,6,21206,1
241,1074392,1146.5,658.5,1,21206,2
241,1074393,770.5,718.5,1,21207,0
241,1074394,728.25,797.0,2,21207,1
241,1074395,1189.9166259765625,656.0833129882812,6,21208,0
241,1074396,1508.0,962.0,3,21208,1
241,1074397,1198.75,676.875,4,21208,2
241,1074398,1123.5,687.5,1,21209,0
241,1074399,1138.5833740234375,663.75,6,21209,1
241,1074400,1131.0,649.0,1,21209,2
241,1074401,1146.5,658.5,1,21209,3
241,1074402,1160.9000244140625,666.0,10,21210,0
241,1074403,1495.0,943.5,2,21210,1
241,1074404,1179.3333740234375,664.8333129882812,3,21210,2
241,1074405,1146.5,658.5,1,21210,3
241,1074406,1041.4117431640625,649.8235473632812,17,21211,0
241,1074407,893.5,692.5,1,21212,0
241,1074408,879.0,680.8333129882812,3,21212,1
241,1074409,970.75,658.0,2,21213,0
241,1074410,1007.2307739257812,645.3846435546875,13,21213,1
241,1074411,1216.5,650.0,1,21213,2
241,1074412,913.3333129882812,671.3333129882812,3,21214,0
241,1074413,728.25,797.0,2,21214,1
241,1074414,953.0,665.5,1,21214,2
241,1074415,965.5,639.5,1,21214,3
241,1074416,893.5,692.5,1,21214,4
241,1074417,1180.1875,667.0,8,21215,0
241,1074418,1463.0,955.8333129882812,3,21215,1
241,1074419,1179.3333740234375,664.8333129882812,3,21215,2
241,1074420,1146.5,658.5,1,21215,3
241,1074421,1068.625,648.375,8,21216,0
241,1074422,1127.25,668.25,2,21216,1
241,1074423,970.75,658.0,2,21216,2
241,1074424,1011.8333129882812,644.75,12,21217,0
241,1074425,1216.5,650.0,1,21217,1
241,1074426,970.75,658.0,2,21217,2
241,1074427,1173.5714111328125,668.9285888671875,7,21218,0
241,1074428,1192.5,684.0,5,21218,1
241,1074429,1016.0454711914062,645.227294921875,11,21219,0
241,1074430,1216.5,650.0,1,21219,1
241,1074431,970.75,658.0,2,21219,2
241,1074432,1000.8333129882812,643.5833129882812,12,21220,0
241,1074433,970.75,658.0,2,21220,1
241,1074434,871.0,735.0,2,21221,0
241,1074435,728.25,797.0,2,21222,0
241,1074436,902.7142944335938,670.4285888671875,7,21222,1
241,1074437,1131.0,649.0,1,21223,0
241,1074438,1153.611083984375,667.388916015625,9,21223,1
241,1074439,1146.5,658.5,1,21223,2
241,1074440,1000.8333129882812,643.5833129882812,12,21224,0
241,1074441,1216.5,650.0,1,21224,1
241,1074442,970.75,658.0,2,21224,2
241,1074443,728.25,797.0,2,21225,0
241,1074444,909.5,666.75,6,21225,1
241,1074445,1466.5999755859375,960.5,5,21226,0
241,1074446,1146.5,658.5,1,21226,1
241,1074447,1449.75,950.875,4,21227,0
241,1074448,1168.875,649.5,4,21227,1
241,1074449,1194.0,681.0,2,21227,2
241,1074450,1449.75,950.875,4,21228,0
241,1074451,1154.0,649.5,1,21228,1
241,1074452,1466.5999755859375,960.5,5,21229,0
241,1074453,1168.875,649.5,4,21229,1
241,1074454,1209.1666259765625,690.6666870117188,3,21229,2
241,1074455,1487.3333740234375,969.0,3,21230,0
241,1074456,1226.5,653.5,1,21230,1
241,1074457,1209.1666259765625,690.6666870117188,3,21230,2
251,1074342,976.7777709960938,645.611083984375,9,21188,0
251,1074343,970.75,658.0,2,21188,1
251,1074344,728.25,797.0,2,21188,2
251,1074345,970.75,658.0,2,21189,0
251,1074346,1001.4285888671875,647.0357055664062,14,21189,1
251,1074347,1216.5,650.0,1,21189,2
251,1074348,879.0,680.8333129882812,3,21190,0
251,1074349,869.75,708.0,2,21190,1
251,1074350,745.0,790.5,1,21190,2
251,1074351,1000.8333129882812,643.5833129882812,12,21191,0
251,1074352,970.75,658.0,2,21191,1
251,1074353,1113.6363525390625,660.9091186523438,22,21192,0
251,1074354,1188.2857666015625,664.0714111328125,7,21193,0
251,1074355,1194.25,677.75,6,21193,1
251,1074356,1188.2857666015625,664.0714111328125,7,21194,0
251,1074357,1495.0,943.5,2,21194,1
251,1074358,1179.3333740234375,664.8333129882812,3,21194,2
251,1074359,1146.5,658.5,1,21194,3
251,1074360,985.1818237304688,644.6818237304688,11,21195,0
251,1074361,970.75,658.0,2,21195,1
251,1074362,728.25,797.0,2,21195,2
251,1074363,1206.9000244140625,683.5,5,21196,0
251,1074364,1188.2857666015625,664.0714111328125,7,21196,1
251,1074365,1011.8333129882812,644.75,12,21197,0
251,1074366,1216.5,650.0,1,21197,1
251,1074367,970.75,658.0,2,21197,2
251,1074368,1146.5,658.5,1,21198,0
251,1074369,1179.3333740234375,664.8333129882812,3,21198,1
251,1074370,1180.1875,667.0,8,21198,2
251,1074371,1483.5,955.5,4,21198,3
251,1074372,1000.8333129882812,643.5833129882812,12,21199,0
251,1074373,970.75,658.0,2,21199,1
251,1074374,728.25,797.0,2,21199,2
251,1074375,1000.8333129882812,643.5833129882812,12,21200,0
251,1074376,970.75,658.0,2,21200,1
251,1074377,855.5,687.0,2,21201,0
251,1074378,869.75,708.0,2,21201,1
251,1074379,728.25,797.0,2,21201,2
251,1074380,1228.3333740234375,704.1666870117188,3,21202,0
251,1074381,1217.25,676.0,4,21202,1
251,1074382,1508.0,962.0,3,21202,2
251,1074383,863.25,711.0,4,21203,0
251,1074384,1228.3333740234375,704.1666870117188,3,21204,0
251,1074385,1213.0,700.25,2,21204,1
251,1074386,1526.0,985.5,2,21204,2
251,1074387,1007.2307739257812,645.3846435546875,13,21205,0
251,1074388,1216.5,650.0,1,21205,1
251,1074389,970.75,658.0,2,21205,2
251,1074390,1203.5,672.75,2,21206,0
251,1074391,1189.9166259765625,656.0833129882812,6,21206,1
251,1074392,1146.5,658.5,1,21206,2
251,1074393,770.5,718.5,1,21207,0
251,1074394,728.25,797.0,2,21207,1
251,1074395,1189.9166259765625,656.0833129882812,6,21208,0
251,1074396,1508.0,962.0,3,21208,1
251,1074397,1198.75,676.875,4,21208,2
251,1074398,1123.5,687.5,1,21209,0
251,1074399,1138.5833740234375,663.75,6,21209,1
251,1074400,1131.0,649.0,1,21209,2
251,1074401,1146.5,658.5,1,21209,3
251,1074402,1160.9000244140625,666.0,10,21210,0
251,1074403,1495.0,943.5,2,21210,1
251,1074404,1179.3333740234375,664.8333129882812,3,21210,2
251,1074405,1146.5,658.5,1,21210,3
251,1074406,1041.4117431640625,649.8235473632812,17,21211,0
251,1074407,893.5,692.5,1,21212,0
251,1074408,879.0,680.8333129882812,3,21212,1
251,1074409,970.75,658.0,2,21213,0
251,1074410,1007.2307739257812,645.3846435546875,13,21213,1
251,1074411,1216.5,650.0,1,21213,2
251,1074412,913.3333129882812,671.3333129882812,3,21214,0
251,1074413,728.25,797.0,2,21214,1
251,1074414,953.0,665.5,1,21214,2
251,1074415,965.5,639.5,1,21214,3
251,1074416,893.5,692.5,1,21214,4
251,1074417,1180.1875,667.0,8,21215,0
251,1074418,1463.0,955.8333129882812,3,21215,1
251,1074419,1179.3333740234375,664.8333129882812,3,21215,2
251,1074420,1146.5,658.5,1,21215,3
251,1074421,1068.625,648.375,8,21216,0
251,1074422,1127.25,668.25,2,21216,1
251,1074423,970.75,658.0,2,21216,2
251,1074424,1011.8333129882812,644.75,12,21217,0
251,1074425,1216.5,650.0,1,21217,1
251,1074426,970.75,658.0,2,21217,2
251,1074427,1173.5714111328125,668.9285888671875,7,21218,0
251,1074428,1192.5,684.0,5,21218,1
251,1074429,1016.0454711914062,645.227294921875,11,21219,0
251,1074430,1216.5,650.0,1,21219,1
251,1074431,970.75,658.0,2,21219,2
251,1074432,1000.8333129882812,643.5833129882812,12,21220,0
251,1074433,970.75,658.0,2,21220,1
251,1074434,871.0,735.0,2,21221,0
251,1074435,728.25,797.0,2,21222,0
251,1074436,902.7142944335938,670.4285888671875,7,21222,1
251,1074437,1131.0,649.0,1,21223,0
251,1074438,1153.611083984375,667.388916015625,9,21223,1
251,1074439,1146.5,658.5,1,21223,2
251,1074440,1000.8333129882812,643.5833129882812,12,21224,0
251,1074441,1216.5,650.0,1,21224,1
251,1074442,970.75,658.0,2,21224,2
251,1074443,728.25,797.0,2,21225,0
251,1074444,909.5,666.75,6,21225,1
251,1074445,1466.5999755859375,960.5,5,21226,0
251,1074446,1146.5,658.5,1,21226,1
251,1074447,1449.75,950.875,4,21227,0
251,1074448,1168.875,649.5,4,21227,1
251,1074449,1194.0,681.0,2,21227,2
251,1074450,1449.75,950.875,4,21228,0
251,1074451,1154.0,649.5,1,21228,1
251,1074452,1466.5999755859375,960.5,5,21229,0
251,1074453,1168.875,649.5,4,21229,1
251,1074454,1209.1666259765625,690.6666870117188,3,21229,2
251,1074455,1487.3333740234375,969.0,3,21230,0
251,1074456,1226.5,653.5,1,21230,1
251,1074457,1209.1666259765625,690.6666870117188,3,21230,2
261,1074342,976.7777709960938,645.611083984375,9,21188,0
261,1074343,970.75,658.0,2,21188,1
261,1074344,728.25,797.0,2,21188,2
261,1074345,970.75,658.0,2,21189,0
261,1074346,1001.4285888671875,647.0357055664062,14,21189,1
261,1074347,1216.5,650.0,1,21189,2
261,1074348,879.0,680.8333129882812,3,21190,0
261,1074349,869.75,708.0,2,21190,1
261,1074350,745.0,790.5,1,21190,2
261,1074351,1000.8333129882812,643.5833129882812,12,21191,0
261,1074352,970.75,658.0,2,21191,1
261,1074353,1113.6363525390625,660.9091186523438,22,21192,0
261,1074354,1188.2857666015625,664.0714111328125,7,21193,0
261,1074355,1194.25,677.75,6,21193,1
261,1074356,1188.2857666015625,664.0714111328125,7,21194,0
261,1074357,1495.0,943.5,2,21194,1
261,1074358,1179.3333740234375,664.8333129882812,3,21194,2
261,1074359,1146.5,658.5,1,21194,3
261,1074360,985.1818237304688,644.6818237304688,11,21195,0
261,1074361,970.75,658.0,2,21195,1
261,1074362,728.25,797.0,2,21195,2
261,1074363,1206.9000244140625,683.5,5,21196,0
261,1074364,1188.2857666015625,664.0714111328125,7,21196,1
261,1074365,1011.8333129882812,644.75,12,21197,0
261,1074366,1216.5,650.0,1,21197,1
261,1074367,970.75,658.0,2,21197,2
261,1074368,1146.5,658.5,1,21198,0
261,1074369,1179.3333740234375,664.8333129882812,3,21198,1
261,1074370,1180.1875,667.0,8,21198,2
261,1074371,1483.5,955.5,4,21198,3
261,1074372,1000.8333129882812,643.5833129882812,12,21199,0
261,1074373,970.75,658.0,2,21199,1
261,1074374,728.25,797.0,2,21199,2
261,1074375,1000.8333129882812,643.5833129882812,12,21200,0
261,1074376,970.75,658.0,2,21200,1
261,1074377,855.5,687.0,2,21201,0
261,1074378,869.75,708.0,2,21201,1
261,1074379,728.25,797.0,2,21201,2
261,1074380,1228.3333740234375,704.1666870117188,3,21202,0
261,1074381,1217.25,676.0,4,21202,1
261,1074382,1508.0,962.0,3,21202,2
261,1074383,863.25,711.0,4,21203,0
261,1074384,1228.3333740234375,704.1666870117188,3,21204,0
261,1074385,1213.0,700.25,2,21204,1
261,1074386,1526.0,985.5,2,21204,2
261,1074387,1007.2307739257812,645.3846435546875,13,21205,0
261,1074388,1216.5,650.0,1,21205,1
261,1074389,970.75,658.0,2,21205,2
261,1074390,1203.5,672.75,2,21206,0
261,1074391,1189.9166259765625,656.0833129882812,6,21206,1
261,1074392,1146.5,658.5,1,21206,2
261,1074393,770.5,718.5,1,21207,0
261,1074394,728.25,797.0,2,21207,1
261,1074395,1189.9166259765625,656.0833129882812,6,21208,0
261,1074396,1508.0,962.0,3,21208,1
261,1074397,1198.75,676.875,4,21208,2
261,1074398,1123.5,687.5,1,21209,0
261,1074399,1138.5833740234375,663.75,6,21209,1
261,1074400,1131.0,649.0,1,21209,2
261,1074401,1146.5,658.5,1,21209,3
261,1074402,1160.9000244140625,666.0,10,21210,0
261,1074403,1495.0,943.5,2,21210,1
261,1074404,1179.3333740234375,664.8333129882812,3,21210,2
261,1074405,1146.5,658.5,1,21210,3
261,1074406,1041.4117431640625,649.8235473632812,17,21211,0
261,1074407,893.5,692.5,1,21212,0
261,1074408,879.0,680.8333129882812,3,21212,1
261,1074409,970.75,658.0,2,21213,0
261,1074410,1007.2307739257812,645.3846435546875,13,21213,1
261,1074411,1216.5,650.0,1,21213,2
261,1074412,913.3333129882812,671.3333129882812,3,21214,0
261,1074413,728.25,797.0,2,21214,1
261,1074414,953.0,665.5,1,21214,2
261,1074415,965.5,639.5,1,21214,3
261,1074416,893.5,692.5,1,21214,4
261,1074417,1180.1875,667.0,8,21215,0
261,1074418,1463.0,955.8333129882812,3,21215,1
261,1074419,1179.3333740234375,664.8333129882812,3,21215,2
261,1074420,1146.5,658.5,1,21215,3
261,1074421,1068.625,648.375,8,21216,0
261,1074422,1127.25,668.25,2,21216,1
261,1074423,970.75,658.0,2,21216,2
261,1074424,1011.8333129882812,644.75,12,21217,0
261,1074425,1216.5,650.0,1,21217,1
261,1074426,970.75,658.0,2,21217,2
261,1074427,1173.5714111328125,668.9285888671875,7,21218,0
261,1074428,1192.5,684.0,5,21218,1
261,1074429,1016.0454711914062,645.227294921875,11,21219,0
261,1074430,1216.5,650.0,1,21219,1
261,1074431,970.75,658.0,2,21219,2
261,1074432,1000.8333129882812,643.5833129882812,12,21220,0
261,1074433,970.75,658.0,2,21220,1
261,1074434,871.0,735.0,2,21221,0
261,1074435,728.25,797.0,2,21222,0
261,1074436,902.7142944335938,670.4285888671875,7,21222,1
261,1074437,1131.0,649.0,1,21223,0
261,1074438,1153.611083984375,667.388916015625,9,21223,1
261,1074439,1146.5,658.5,1,21223,2
261,1074440,1000.8333129882812,643.5833129882812,12,21224,0
261,1074441,1216.5,650.0,1,21224,1
261,1074442,970.75,658.0,2,21224,2
261,1074443,728.25,797.0,2,21225,0
261,1074444,909.5,666.75,6,21225,1
261,1074445,1466.5999755859375,960.5,5,21226,0
261,1074446,1146.5,658.5,1,21226,1
261,1074447,1449.75,950.875,4,21227,0
261,1074448,1168.875,649.5,4,21227,1
261,1074449,1194.0,681.0,2,21227,2
261,1074450,1449.75,950.875,4,21228,0
261,1074451,1154.0,649.5,1,21228,1
261,1074452,1466.5999755859375,960.5,5,21229,0
261,1074453,1168.875,649.5,4,21229,1
261,1074454,1209.1666259765625,690.6666870117188,3,21229,2
261,1074455,1487.3333740234375,969.0,3,21230,0
261,1074456,1226.5,653.5,1,21230,1
261,1074457,1209.1666259765625,690.6666870117188,3,21230,2
271,1074342,976.7777709960938,645.611083984375,9,21188,0
271,1074343,970.75,658.0,2,21188,1
271,1074344,728.25,797.0,2,21188,2
271,1074345,970.75,658.0,2,21189,0
271,1074346,1001.4285888671875,647.0357055664062,14,21189,1
271,1074347,1216.5,650.0,1,21189,2
271,1074348,879.0,680.8333129882812,3,21190,0
271,1074349,869.75,708.0,2,21190,1
271,1074350,745.0,790.5,1,21190,2
271,1074351,1000.8333129882812,643.5833129882812,12,21191,0
271,1074352,970.75,658.0,2,21191,1
271,1074353,1113.6363525390625,660.9091186523438,22,21192,0
271,1074354,1188.2857666015625,664.0714111328125,7,21193,0
271,1074355,1194.25,677.75,6,21193,1
271,1074356,1188.2857666015625,664.0714111328125,7,21194,0
271,1074357,1495.0,943.5,2,21194,1
271,1074358,1179.3333740234375,664.8333129882812,3,21194,2
271,1074359,1146.5,658.5,1,21194,3
271,1074360,985.1818237304688,644.6818237304688,11,21195,0
271,1074361,970.75,658.0,2,21195,1
271,1074362,728.25,797.0,2,21195,2
271,1074363,1206.9000244140625,683.5,5,21196,0
271,1074364,1188.2857666015625,664.0714111328125,7,21196,1
271,1074365,1011.8333129882812,644.75,12,21197,0
271,1074366,1216.5,650.0,1,21197,1
271,1074367,970.75,658.0,2,21197,2
271,1074368,1146.5,658.5,1,21198,0
271,1074369,1179.3333740234375,664.8333129882812,3,21198,1
271,1074370,1180.1875,667.0,8,21198,2
271,1074371,1483.5,955.5,4,21198,3
271,1074372,1000.8333129882812,643.5833129882812,12,21199,0
271,1074373,970.75,658.0,2,21199,1
271,1074374,728.25,797.0,2,21199,2
271,1074375,1000.8333129882812,643.5833129882812,12,21200,0
271,1074376,970.75,658.0,2,21200,1
271,1074377,855.5,687.0,2,21201,0
271,1074378,869.75,708.0,2,21201,1
271,1074379,728.25,797.0,2,21201,2
271,1074380,1228.3333740234375,704.1666870117188,3,21202,0
271,1074381,1217.25,676.0,4,21202,1
271,1074382,1508.0,962.0,3,21202,2
271,1074383,863.25,711.0,4,21203,0
271,1074384,1228.3333740234375,704.1666870117188,3,21204,0
271,1074385,1213.0,700.25,2,21204,1
271,1074386,1526.0,985.5,2,21204,2
271,1074387,1007.2307739257812,645.3846435546875,13,21205,0
271,1074388,1216.5,650.0,1,21205,1
271,1074389,970.75,658.0,2,21205,2
271,1074390,1203.5,672.75,2,21206,0
271,1074391,1189.9166259765625,656.0833129882812,6,21206,1
271,1074392,1146.5,658.5,1,21206,2
271,1074393,770.5,718.5,1,21207,0
271,1074394,728.25,797.0,2,21207,1
271,1074395,1189.9166259765625,656.0833129882812,6,21208,0
271,1074396,1508.0,962.0,3,21208,1
271,1074397,1198.75,676.875,4,21208,2
271,1074398,1123.5,687.5,1,21209,0
271,1074399,1138.5833740234375,663.75,6,21209,1
271,1074400,1131.0,649.0,1,21209,2
271,1074401,1146.5,658.5,1,21209,3
271,1074402,1160.9000244140625,666.0,10,21210,0
271,1074403,1495.0,943.5,2,21210,1
271,1074404,1179.3333740234375,664.8333129882812,3,21210,2
271,1074405,1146.5,658.5,1,21210,3
271,1074406,1041.4117431640625,649.8235473632812,17,21211,0
271,1074407,893.5,692.5,1,21212,0
271,1074408,879.0,680.8333129882812,3,21212,1
271,1074409,970.75,658.0,2,21213,0
271,1074410,1007.2307739257812,645.3846435546875,13,21213,1
271,1074411,1216.5,650.0,1,21213,2
271,1074412,913.3333129882812,671.3333129882812,3,21214,0
271,1074413,728.25,797.0,2,21214,1
271,1074414,953.0,665.5,1,21214,2
271,1074415,965.5,639.5,1,21214,3
271,1074416,893.5,692.5,1,21214,4
271,1074417,1180.1875,667.0,8,21215,0
271,1074418,1463.0,955.8333129882812,3,21215,1
271,1074419,1179.3333740234375,664.8333129882812,3,21215,2
271,1074420,1146.5,658.5,1,21215,3
271,1074421,1068.625,648.375,8,21216,0
271,1074422,1127.25,668.25,2,21216,1
271,1074423,970.75,658.0,2,21216,2
271,1074424,1011.8333129882812,644.75,12,21217,0
271,1074425,1216.5,650.0,1,21217,1
271,1074426,970.75,658.0,2,21217,2
271,1074427,1173.5714111328125,668.9285888671875,7,21218,0
271,1074428,1192.5,684.0,5,21218,1
271,1074429,1016.0454711914062,645.227294921875,11,21219,0
271,1074430,1216.5,650.0,1,21219,1
271,1074431,970.75,658.0,2,21219,2
271,1074432,1000.8333129882812,643.5833129882812,12,21220,0
271,1074433,970.75,658.0,2,21220,1
271,1074434,871.0,735.0,2,21221,0
271,1074435,728.25,797.0,2,21222,0
271,1074436,902.7142944335938,670.4285888671875,7,21222,1
271,1074437,1131.0,649.0,1,21223,0
271,1074438,1153.611083984375,667.388916015625,9,21223,1
271,1074439,1146.5,658.5,1,21223,2
271,1074440,1000.8333129882812,643.5833129882812,12,21224,0
271,1074441,1216.5,650.0,1,21224,1
271,1074442,970.75,658.0,2,21224,2
271,1074443,728.25,797.0,2,21225,0
271,1074444,909.5,666.75,6,21225,1
271,1074445,1466.5999755859375,960.5,5,21226,0
271,1074446,1146.5,658.5,1,21226,1
271,1074447,1449.75,950.875,4,21227,0
271,1074448,1168.875,649.5,4,21227,1
271,1074449,1194.0,681.0,2,21227,2
271,1074450,1449.75,950.875,4,21228,0
271,1074451,1154.0,649.5,1,21228,1
271,1074452,1466.5999755859375,960.5,5,21229,0
271,1074453,1168.875,649.5,4,21229,1
271,1074454,1209.1666259765625,690.6666870117188,3,21229,2
271,1074455,1487.3333740234375,969.0,3,21230,0
271,1074456,1226.5,653.5,1,21230,1
271,1074457,1209.1666259765625,690.6666870117188,3,21230,2
281,1074342,976.7777709960938,645.611083984375,9,21188,0
281,1074343,970.75,658.0,2,21188,1
281,1074344,728.25,797.0,2,21188,2
281,1074345,970.75,658.0,2,21189,0
281,1074346,1001.4285888671875,647.0357055664062,14,21189,1
281,1074347,1216.5,650.0,1,21189,2
281,1074348,879.0,680.8333129882812,3,21190,0
281,1074349,869.75,708.0,2,21190,1
281,1074350,745.0,790.5,1,21190,2
281,1074351,1000.8333129882812,643.5833129882812,12,21191,0
281,1074352,970.75,658.0,2,21191,1
281,1074353,1113.6363525390625,660.9091186523438,22,21192,0
281,1074354,1188.2857666015625,664.0714111328125,7,21193,0
281,1074355,1194.25,677.75,6,21193,1
281,1074356,1188.2857666015625,664.0714111328125,7,21194,0
281,1074357,1495.0,943.5,2,21194,1
281,1074358,1179.3333740234375,664.8333129882812,3,21194,2
281,1074359,1146.5,658.5,1,21194,3
281,1074360,985.1818237304688,644.6818237304688,11,21195,0
281,1074361,970.75,658.0,2,21195,1
281,1074362,728.25,797.0,2,21195,2
281,1074363,1206.9000244140625,683.5,5,21196,0
281,1074364,1188.2857666015625,664.0714111328125,7,21196,1
281,1074365,1011.8333129882812,644.75,12,21197,0
281,1074366,1216.5,650.0,1,21197,1
281,1074367,970.75,658.0,2,21197,2
281,1074368,1146.5,658.5,1,21198,0
281,1074369,1179.3333740234375,664.8333129882812,3,21198,1
281,1074370,1180.1875,667.0,8,21198,2
281,1074371,1483.5,955.5,4,21198,3
281,1074372,1000.8333129882812,643.5833129882812,12,21199,0
281,1074373,970.75,658.0,2,21199,1
281,1074374,728.25,797.0,2,21199,2
281,1074375,1000.8333129882812,643.5833129882812,12,21200,0
281,1074376,970.75,658.0,2,21200,1
281,1074377,855.5,687.0,2,21201,0
281,1074378,869.75,708.0,2,21201,1
281,1074379,728.25,797.0,2,21201,2
281,1074380,1228.3333740234375,704.1666870117188,3,21202,0
281,1074381,1217.25,676.0,4,21202,1
281,1074382,1508.0,962.0,3,21202,2
281,1074383,863.25,711.0,4,21203,0
281,1074384,1228.3333740234375,704.1666870117188,3,21204,0
281,1074385,1213.0,700.25,2,21204,1
281,1074386,1526.0,985.5,2,21204,2
281,1074387,1007.2307739257812,645.3846435546875,13,21205,0
281,1074388,1216.5,650.0,1,21205,1
281,1074389,970.75,658.0,2,21205,2
281,1074390,1203.5,672.75,2,21206,0
281,1074391,1189.9166259765625,656.0833129882812,6,21206,1
281,1074392,1146.5,658.5,1,21206,2
281,1074393,770.5,718.5,1,21207,0
281,1074394,728.25,797.0,2,21207,1
281,1074395,1189.9166259765625,656.0833129882812,6,21208,0
281,1074396,1508.0,962.0,3,21208,1
281,1074397,1198.75,676.875,4,21208,2
281,1074398,1123.5,687.5,1,21209,0
281,1074399,1138.5833740234375,663.75,6,21209,1
281,1074400,1131.0,649.0,1,21209,2
281,1074401,1146.5,658.5,1,21209,3
281,1074402,1160.9000244140625,666.0,10,21210,0
281,1074403,1495.0,943.5,2,21210,1
281,1074404,1179.3333740234375,664.8333129882812,3,21210,2
281,1074405,1146.5,658.5,1,21210,3
281,1074406,1041.4117431640625,649.8235473632812,17,21211,0
281,1074407,893.5,692.5,1,21212,0
281,1074408,879.0,680.8333129882812,3,21212,1
281,1074409,970.75,658.0,2,21213,0
281,1074410,1007.2307739257812,645.3846435546875,13,21213,1
281,1074411,1216.5,650.0,1,21213,2
281,1074412,913.3333129882812,671.3333129882812,3,21214,0
281,1074413,728.25,797.0,2,21214,1
281,1074414,953.0,665.5,1,21214,2
281,1074415,965.5,639.5,1,21214,3
281,1074416,893.5,692.5,1,21214,4
281,1074417,1180.1875,667.0,8,21215,0
281,1074418,1463.0,955.8333129882812,3,21215,1
281,1074419,1179.3333740234375,664.8333129882812,3,21215,2
281,1074420,1146.5,658.5,1,21215,3
281,1074421,1068.625,648.375,8,21216,0
281,1074422,1127.25,668.25,2,21216,1
281,1074423,970.75,658.0,2,21216,2
281,1074424,1011.8333129882812,644.75,12,21217,0
281,1074425,1216.5,650.0,1,21217,1
281,1074426,970.75,658.0,2,21217,2
281,1074427,1173.5714111328125,668.9285888671875,7,21218,0
281,1074428,1192.5,684.0,5,21218,1
281,1074429,1016.0454711914062,645.227294921875,11,21219,0
281,1074430,1216.5,650.0,1,21219,1
281,1074431,970.75,658.0,2,21219,2
281,1074432,1000.8333129882812,643.5833129882812,12,21220,0
281,1074433,970.75,658.0,2,21220,1
281,1074434,871.0,735.0,2,21221,0
281,1074435,728.25,797.0,2,21222,0
281,1074436,902.7142944335938,670.4285888671875,7,21222,1
281,1074437,1131.0,649.0,1,21223,0
281,1074438,1153.611083984375,667.388916015625,9,21223,1
281,1074439,1146.5,658.5,1,21223,2
281,1074440,1000.8333129882812,643.5833129882812,12,21224,0
281,1074441,1216.5,650.0,1,21224,1
281,1074442,970.75,658.0,2,21224,2
281,1074443,728.25,797.0,2,21225,0
281,1074444,909.5,666.75,6,21225,1
281,1074445,1466.5999755859375,960.5,5,21226,0
281,1074446,1146.5,658.5,1,21226,1
281,1074447,1449.75,950.875,4,21227,0
281,1074448,1168.875,649.5,4,21227,1
281,1074449,1194.0,681.0,2,21227,2
281,1074450,1449.75,950.875,4,21228,0
281,1074451,1154.0,649.5,1,21228,1
281,1074452,1466.5999755859375,960.5,5,21229,0
281,1074453,1168.875,649.5,4,21229,1
281,1074454,1209.1666259765625,690.6666870117188,3,21229,2
281,1074455,1487.3333740234375,969.0,3,21230,0
281,1074456,1226.5,653.5,1,21230,1
281,1074457,1209.1666259765625,690.6666870117188,3,21230,2
291,1074342,976.7777709960938,645.611083984375,9,21188,0
291,1074343,970.75,658.0,2,21188,1
291,1074344,728.25,797.0,2,21188,2
291,1074345,970.75,658.0,2,21189,0
291,1074346,1001.4285888671875,647.0357055664062,14,21189,1
291,1074347,1216.5,650.0,1,21189,2
291,1074348,879.0,680.8333129882812,3,21190,0
291,1074349,869.75,708.0,2,21190,1
291,1074350,745.0,790.5,1,21190,2
291,1074351,1000.8333129882812,643.5833129882812,12,21191,0
291,1074352,970.75,658.0,2,21191,1
291,1074353,1113.6363525390625,660.9091186523438,22,21192,0
291,1074354,1188.2857666015625,664.0714111328125,7,21193,0
291,1074355,1194.25,677.75,6,21193,1
291,1074356,1188.2857666015625,664.0714111328125,7,21194,0
291,1074357,1495.0,943.5,2,21194,1
291,1074358,1179.3333740234375,664.8333129882812,3,21194,2
291,1074359,1146.5,658.5,1,21194,3
291,1074360,985.1818237304688,644.6818237304688,11,21195,0
291,1074361,970.75,658.0,2,21195,1
291,1074362,728.25,797.0,2,21195,2
291,1074363,1206.9000244140625,683.5,5,21196,0
291,1074364,1188.2857666015625,664.0714111328125,7,21196,1
291,1074365,1011.8333129882812,644.75,12,21197,0
291,1074366,1216.5,650.0,1,21197,1
291,1074367,970.75,658.0,2,21197,2
291,1074368,1146.5,658.5,1,21198,0
291,1074369,1179.3333740234375,664.8333129882812,3,21198,1
291,1074370,1180.1875,667.0,8,21198,2
291,1074371,1483.5,955.5,4,21198,3
291,1074372,1000.8333129882812,643.5833129882812,12,21199,0
291,1074373,970.75,658.0,2,21199,1
291,1074374,728.25,797.0,2,21199,2
291,1074375,1000.8333129882812,643.5833129882812,12,21200,0
291,1074376,970.75,658.0,2,21200,1
291,1074377,855.5,687.0,2,21201,0
291,1074378,869.75,708.0,2,21201,1
291,1074379,728.25,797.0,2,21201,2
291,1074380,1228.3333740234375,704.1666870117188,3,21202,0
291,1074381,1217.25,676.0,4,21202,1
291,1074382,1508.0,962.0,3,21202,2
291,1074383,863.25,711.0,4,21203,0
291,1074384,1228.3333740234375,704.1666870117188,3,21204,0
291,1074385,1213.0,700.25,2,21204,1
291,1074386,1526.0,985.5,2,21204,2
291,1074387,1007.2307739257812,645.3846435546875,13,21205,0
291,1074388,1216.5,650.0,1,21205,1
291,1074389,970.75,658.0,2,21205,2
291,1074390,1203.5,672.75,2,21206,0
291,1074391,1189.9166259765625,656.0833129882812,6,21206,1
291,1074392,1146.5,658.5,1,21206,2
291,1074393,770.5,718.5,1,21207,0
291,1074394,728.25,797.0,2,21207,1
291,1074395,1189.9166259765625,656.0833129882812,6,21208,0
291,1074396,1508.0,962.0,3,21208,1
291,1074397,1198.75,676.875,4,21208,2
291,1074398,1123.5,687.5,1,21209,0
291,1074399,1138.5833740234375,663.75,6,21209,1
291,1074400,1131.0,649.0,1,21209,2
291,1074401,1146.5,658.5,1,21209,3
291,1074402,1160.9000244140625,666.0,10,21210,0
291,1074403,1495.0,943.5,2,21210,1
291,1074404,1179.3333740234375,664.8333129882812,3,21210,2
291,1074405,1146.5,658.5,1,21210,3
291,1074406,1041.4117431640625,649.8235473632812,17,21211,0
291,1074407,893.5,692.5,1,21212,0
291,1074408,879.0,680.8333129882812,3,21212,1
291,1074409,970.75,658.0,2,21213,0
291,1074410,1007.2307739257812,645.3846435546875,13,21213,1
291,1074411,1216.5,650.0,1,21213,2
291,1074412,913.3333129882812,671.3333129882812,3,21214,0
291,1074413,728.25,797.0,2,21214,1
291,1074414,953.0,665.5,1,21214,2
291,1074415,965.5,639.5,1,21214,3
291,1074416,893.5,692.5,1,21214,4
291,1074417,1180.1875,667.0,8,21215,0
291,1074418,1463.0,955.8333129882812,3,21215,1
291,1074419,1179.3333740234375,664.8333129882812,3,21215,2
291,1074420,1146.5,658.5,1,21215,3
291,1074421,1068.625,648.375,8,21216,0
291,1074422,1127.25,668.25,2,21216,1
291,1074423,970.75,658.0,2,21216,2
291,1074424,1011.8333129882812,644.75,12,21217,0
291,1074425,1216.5,650.0,1,21217,1
291,1074426,970.75,658.0,2,21217,2
291,1074427,1173.5714111328125,668.9285888671875,7,21218,0
291,1074428,1192.5,684.0,5,21218,1
291,1074429,1016.0454711914062,645.227294921875,11,21219,0
291,1074430,1216.5,650.0,1,21219,1
291,1074431,970.75,658.0,2,21219,2
291,1074432,1000.8333129882812,643.5833129882812,12,21220,0
291,1074433,970.75,658.0,2,21220,1
291,1074434,871.0,735.0,2,21221,0
291,1074435,728.25,797.0,2,21222,0
291,1074436,902.7142944335938,670.4285888671875,7,21222,1
291,1074437,1131.0,649.0,1,21223,0
291,1074438,1153.611083984375,667.388916015625,9,21223,1
291,1074439,1146.5,658.5,1,21223,2
291,1074440,1000.8333129882812,643.5833129882812,12,21224,0
291,1074441,1216.5,650.0,1,21224,1
291,1074442,970.75,658.0,2,21224,2
291,1074443,728.25,797.0,2,21225,0
291,1074444,909.5,666.75,6,21225,1
291,1074445,1466.5999755859375,960.5,5,21226,0
291,1074446,1146.5,658.5,1,21226,1
291,1074447,1449.75,950.875,4,21227,0
291,1074448,1168.875,649.5,4,21227,1
291,1074449,1194.0,681.0,2,21227,2
291,1074450,1449.75,950.875,4,21228,0
291,1074451,1154.0,649.5,1,21228,1
291,1074452,1466.5999755859375,960.5,5,21229,0
291,1074453,1168.875,649.5,4,21229,1
291,1074454,1209.1666259765625,690.6666870117188,3,21229,2
291,1074455,1487.3333740234375,969.0,3,21230,0
291,1074456,1226.5,653.5,1,21230,1
291,1074457,1209.1666259765625,690.6666870117188,3,21230,2
301,1074342,976.7777709960938,645.611083984375,9,21188,0
301,1074343,970.75,658.0,2,21188,1
301,1074344,728.25,797.0,2,21188,2
301,1074345,970.75,658.0,2,21189,0
301,1074346,1001.4285888671875,647.0357055664062,14,21189,1
301,1074347,1216.5,650.0,1,21189,2
301,1074348,879.0,680.8333129882812,3,21190,0
301,1074349,869.75,708.0,2,21190,1
301,1074350,745.0,790.5,1,21190,2
301,1074351,1000.8333129882812,643.5833129882812,12,21191,0
301,1074352,970.75,658.0,2,21191,1
301,1074353,1113.6363525390625,660.9091186523438,22,21192,0
301,1074354,1188.2857666015625,664.0714111328125,7,21193,0
301,1074355,1194.25,677.75,6,21193,1
301,1074356,1188.2857666015625,664.0714111328125,7,21194,0
301,1074357,1495.0,943.5,2,21194,1
301,1074358,1179.3333740234375,664.8333129882812,3,21194,2
301,1074359,1146.5,658.5,1,21194,3
301,1074360,985.1818237304688,644.6818237304688,11,21195,0
301,1074361,970.75,658.0,2,21195,1
301,1074362,728.25,797.0,2,21195,2
301,1074363,1206.9000244140625,683.5,5,21196,0
301,1074364,1188.2857666015625,664.0714111328125,7,21196,1
301,1074365,1011.8333129882812,644.75,12,21197,0
301,1074366,1216.5,650.0,1,21197,1
301,1074367,970.75,658.0,2,21197,2
301,1074368,1146.5,658.5,1,21198,0
301,1074369,1179.3333740234375,664.8333129882812,3,21198,1
301,1074370,1180.1875,667.0,8,21198,2
301,1074371,1483.5,955.5,4,21198,3
301,1074372,1000.8333129882812,643.5833129882812,12,21199,0
301,1074373,970.75,658.0,2,21199,1
301,1074374,728.25,797.0,2,21199,2
301,1074375,1000.8333129882812,643.5833129882812,12,21200,0
301,1074376,970.75,658.0,2,21200,1
301,1074377,855.5,687.0,2,21201,0
301,1074378,869.75,708.0,2,21201,1
301,1074379,728.25,797.0,2,21201,2
301,1074380,1228.3333740234375,704.1666870117188,3,21202,0
301,1074381,1217.25,676.0,4,21202,1
301,1074382,1508.0,962.0,3,21202,2
301,1074383,863.25,711.0,4,21203,0
301,1074384,1228.3333740234375,704.1666870117188,3,21204,0
301,1074385,1213.0,700.25,2,21204,1
301,1074386,1526.0,985.5,2,21204,2
301,1074387,1007.2307739257812,645.3846435546875,13,21205,0
301,1074388,1216.5,650.0,1,21205,1
301,1074389,970.75,658.0,2,21205,2
301,1074390,1203.5,672.75,2,21206,0
301,1074391,1189.9166259765625,656.0833129882812,6,21206,1
301,1074392,1146.5,658.5,1,21206,2
301,1074393,770.5,718.5,1,21207,0
301,1074394,728.25,797.0,2,21207,1
301,1074395,1189.9166259765625,656.0833129882812,6,21208,0
301,1074396,1508.0,962.0,3,21208,1
301,1074397,1198.75,676.875,4,21208,2
301,1074398,1123.5,687.5,1,21209,0
301,1074399,1138.5833740234375,663.75,6,21209,1
301,1074400,1131.0,649.0,1,21209,2
301,1074401,1146.5,658.5,1,21209,3
301,1074402,1160.9000244140625,666.0,10,21210,0
301,1074403,1495.0,943.5,2,21210,1
301,1074404,1179.3333740234375,664.8333129882812,3,21210,2
301,1074405,1146.5,658.5,1,21210,3
301,1074406,1041.4117431640625,649.8235473632812,17,21211,0
301,1074407,893.5,692.5,1,21212,0
301,1074408,879.0,680.8333129882812,3,21212,1
301,1074409,970.75,658.0,2,21213,0
301,1074410,1007.2307739257812,645.3846435546875,13,21213,1
301,1074411,1216.5,650.0,1,21213,2
301,1074412,913.3333129882812,671.3333129882812,3,21214,0
301,1074413,728.25,797.0,2,21214,1
301,1074414,953.0,665.5,1,21214,2
301,1074415,965.5,639.5,1,21214,3
301,1074416,893.5,692.5,1,21214,4
301,1074417,1180.1875,667.0,8,21215,0
301,1074418,1463.0,955.8333129882812,3,21215,1
301,1074419,1179.3333740234375,664.8333129882812,3,21215,2
301,1074420,1146.5,658.5,1,21215,3
301,1074421,1068.625,648.375,8,21216,0
301,1074422,1127.25,668.25,2,21216,1
301,1074423,970.75,658.0,2,21216,2
301,1074424,1011.8333129882812,644.75,12,21217,0
301,1074425,1216.5,650.0,1,21217,1
301,1074426,970.75,658.0,2,21217,2
301,1074427,1173.5714111328125,668.9285888671875,7,21218,0
301,1074428,1192.5,684.0,5,21218,1
301,1074429,1016.0454711914062,645.227294921875,11,21219,0
301,1074430,1216.5,650.0,1,21219,1
301,1074431,970.75,658.0,2,21219,2
301,1074432,1000.8333129882812,643.5833129882812,12,21220,0
301,1074433,970.75,658.0,2,21220,1
301,1074434,871.0,735.0,2,21221,0
301,1074435,728.25,797.0,2,21222,0
301,1074436,902.7142944335938,670.4285888671875,7,21222,1
301,1074437,1131.0,649.0,1,21223,0
301,1074438,1153.611083984375,667.388916015625,9,21223,1
301,1074439,1146.5,658.5,1,21223,2
301,1074440,1000.8333129882812,643.5833129882812,12,21224,0
301,1074441,1216.5,650.0,1,21224,1
301,1074442,970.75,658.0,2,21224,2
301,1074443,728.25,797.0,2,21225,0
301,1074444,909.5,666.75,6,21225,1
301,1074445,1466.5999755859375,960.5,5,21226,0
301,1074446,1146.5,658.5,1,21226,1
301,1074447,1449.75,950.875,4,21227,0
301,1074448,1168.875,649.5,4,21227,1
301,1074449,1194.0,681.0,2,21227,2
301,1074450,1449.75,950.875,4,21228,0
301,1074451,1154.0,649.5,1,21228,1
301,1074452,1466.5999755859375,960.5,5,21229,0
301,1074453,1168.875,649.5,4,21229,1
301,1074454,1209.1666259765625,690.6666870117188,3,21229,2
301,1074455,1487.3333740234375,969.0,3,21230,0
301,1074456,1226.5,653.5,1,21230,1
301,1074457,1209.1666259765625,690.6666870117188,3,21230,2
311,1074342,971.1348876953125,647.1824951171875,7,21188,0
311,1074343,970.25,657.25,2,21188,1
311,1074344,737.0,792.25,2,21188,2
311,1074345,970.25,657.25,2,21189,0
311,1074346,996.3831176757812,647.8538818359375,11,21189,1
311,1074347,1197.5,648.5,1,21189,2
311,1074348,874.75,685.0833129882812,2,21190,0
311,1074349,875.25,716.5,2,21190,1
311,1074350,754.0,785.0,1,21190,2
311,1074351,997.5,644.8055419921875,9,21191,0
311,1074352,970.25,657.25,2,21191,1
311,1074353,1112.8863525390625,660.9646606445312,18,21192,0
311,1074354,1183.952392578125,663.9047241210938,6,21193,0
311,1074355,1202.0833740234375,679.4166870117188,6,21193,1
311,1074356,1183.0858154296875,663.8713989257812,5,21194,0
311,1074357,1481.5,929.0,2,21194,1
311,1074358,1178.3333740234375,664.0833129882812,2,21194,2
311,1074359,1153.6666259765625,660.6666870117188,3,21194,3
311,1074360,978.9943237304688,646.4943237304688,8,21195,0
311,1074361,970.25,657.25,2,21195,1
311,1074362,737.0,792.25,2,21195,2
311,1074363,1215.2333984375,685.9166870117188,6,21196,0
311,1074364,1183.952392578125,663.9047241210938,6,21196,1
311,1074365,1007.5555419921875,645.5833129882812,9,21197,0
311,1074366,1197.5,648.5,1,21197,1
311,1074367,970.75,657.6666870117188,3,21197,2
311,1074368,1153.6666259765625,660.6666870117188,3,21198,0
311,1074369,1178.3333740234375,664.0833129882812,2,21198,1
311,1074370,1175.6875,666.3333129882812,6,21198,2
311,1074371,1472.6666259765625,944.6666870117188,3,21198,3
311,1074372,997.5,644.8055419921875,9,21199,0
311,1074373,970.25,657.25,2,21199,1
311,1074374,737.0,792.25,2,21199,2
311,1074375,997.5,644.8055419921875,9,21200,0
311,1074376,970.25,657.25,2,21200,1
311,1074377,850.25,691.75,2,21201,0
311,1074378,875.25,716.5,2,21201,1
311,1074379,737.0,792.25,2,21201,2
311,1074380,1235.3333740234375,706.1666870117188,2,21202,0
311,1074381,1215.0,676.75,4,21202,1
311,1074382,1496.5,949.0,2,21202,2
311,1074383,863.75,721.3333129882812,3,21203,0
311,1074384,1235.3333740234375,706.1666870117188,2,21204,0
311,1074385,1216.1666259765625,700.25,3,21204,1
311,1074386,1515.5,969.0,2,21204,2
311,1074387,1002.5807495117188,646.1846313476562,10,21205,0
311,1074388,1197.5,648.5,1,21205,1
311,1074389,970.75,657.6666870117188,3,21205,2
311,1074390,1202.5,672.0,2,21206,0
311,1074391,1183.7916259765625,656.4583129882812,4,21206,1
311,1074392,1153.6666259765625,660.6666870117188,3,21206,2
311,1074393,747.0,728.0,1,21207,0
311,1074394,737.0,792.25,2,21207,1
311,1074395,1185.0166015625,656.38330078125,5,21208,0
311,1074396,1496.5,949.0,2,21208,1
311,1074397,1205.550048828125,678.6749877929688,5,21208,2
311,1074398,1122.5,684.5,1,21209,0
311,1074399,1141.5833740234375,663.375,4,21209,1
311,1074400,1131.0,648.5,1,21209,2
311,1074401,1149.5,662.5,1,21209,3
311,1074402,1161.7125244140625,665.75,8,21210,0
311,1074403,1481.5,929.0,2,21210,1
311,1074404,1178.3333740234375,664.0833129882812,2,21210,2
311,1074405,1149.5,662.5,1,21210,3
311,1074406,1038.9117431640625,650.6449584960938,14,21211,0
311,1074407,896.5,697.0,1,21212,0
311,1074408,874.75,685.0833129882812,2,21212,1
311,1074409,970.75,657.6666870117188,3,21213,0
311,1074410,1002.5807495117188,646.1846313476562,10,21213,1
311,1074411,1197.5,648.5,1,21213,2
311,1074412,911.3333129882812,674.5833129882812,2,21214,0
311,1074413,737.0,792.25,2,21214,1
311,1074414,953.5,664.0,1,21214,2
311,1074415,960.0,641.0,1,21214,3
311,1074416,896.5,697.0,1,21214,4
311,1074417,1175.6875,666.3333129882812,6,21215,0
311,1074418,1449.5,941.3333129882812,2,21215,1
311,1074419,1178.3333740234375,664.0833129882812,2,21215,2
311,1074420,1153.6666259765625,660.6666870117188,3,21215,3
311,1074421,1067.2083740234375,648.875,6,21216,0
311,1074422,1126.75,666.5,2,21216,1
311,1074423,970.75,657.6666870117188,3,21216,2
311,1074424,1007.5555419921875,645.5833129882812,9,21217,0
311,1074425,1197.5,648.5,1,21217,1
311,1074426,970.75,657.6666870117188,3,21217,2
311,1074427,1168.7713623046875,667.528564453125,5,21218,0
311,1074428,1200.3333740234375,685.6666870117188,6,21218,1
311,1074429,1011.9204711914062,645.977294921875,8,21219,0
311,1074430,1197.5,648.5,1,21219,1
311,1074431,970.75,657.6666870117188,3,21219,2
311,1074432,997.5,644.8055419921875,9,21220,0
311,1074433,970.25,657.25,2,21220,1
311,1074434,876.75,747.75,2,21221,0
311,1074435,737.0,792.25,2,21222,0
311,1074436,896.5142822265625,674.4285888671875,5,21222,1
311,1074437,1131.0,648.5,1,21223,0
311,1074438,1154.75390625,666.8175048828125,7,21223,1
311,1074439,1149.5,662.5,1,21223,2
311,1074440,997.5,644.8055419921875,9,21224,0
311,1074441,1197.5,648.5,1,21224,1
311,1074442,970.25,657.25,2,21224,2
311,1074443,737.0,792.25,2,21225,0
311,1074444,901.875,670.75,4,21225,1
311,1074445,1455.3499755859375,947.875,4,21226,0
311,1074446,1149.5,662.5,1,21226,1
311,1074447,1437.5833740234375,939.0416870117188,3,21227,0
311,1074448,1174.0416259765625,651.3333129882812,3,21227,1
311,1074449,1202.75,685.0,2,21227,2
311,1074450,1437.5833740234375,939.0416870117188,3,21228,0
311,1074451,1157.0,650.0,1,21228,1
311,1074452,1455.3499755859375,947.875,4,21229,0
311,1074453,1174.0416259765625,651.3333129882812,3,21229,1
311,1074454,1220.333251953125,695.1666870117188,3,21229,2
311,1074455,1476.3333740234375,956.75,2,21230,0
311,1074456,1232.25,657.0,2,21230,1
311,1074457,1218.6666259765625,695.4166870117188,2,21230,2
321,1074342,971.1348876953125,647.1824951171875,7,21188,0
321,1074343,970.25,657.25,3,21188,1
321,1074344,737.0,792.25,2,21188,2
321,1074345,970.25,657.25,4,21189,0
321,1074346,996.3831176757812,647.8538818359375,11,21189,1
321,1074347,1197.5,648.5,1,21189,2
321,1074348,874.75,685.0833129882812,2,21190,0
321,1074349,875.25,716.5,2,21190,1
321,1074350,754.0,785.0,1,21190,2
321,1074351,997.5,644.8055419921875,9,21191,0
321,1074352,970.25,657.25,2,21191,1
321,1074353,1112.8863525390625,660.9646606445312,19,21192,0
321,1074354,1183.952392578125,663.9047241210938,7,21193,0
321,1074355,1202.0833740234375,679.4166870117188,6,21193,1
321,1074356,1183.0858154296875,663.8713989257812,5,21194,0
321,1074357,1481.5,929.0,2,21194,1
321,1074358,1178.3333740234375,664.0833129882812,2,21194,2
321,1074359,1153.6666259765625,660.6666870117188,3,21194,3
321,1074360,978.9943237304688,646.4943237304688,9,21195,0
321,1074361,970.25,657.25,3,21195,1
321,1074362,737.0,792.25,2,21195,2
321,1074363,1215.2333984375,685.9166870117188,6,21196,0
321,1074364,1183.952392578125,663.9047241210938,6,21196,1
321,1074365,1007.5555419921875,645.5833129882812,9,21197,0
321,1074366,1197.5,648.5,1,21197,1
321,1074367,970.75,657.6666870117188,3,21197,2
321,1074368,1153.6666259765625,660.6666870117188,3,21198,0
321,1074369,1178.3333740234375,664.0833129882812,2,21198,1
321,1074370,1175.6875,666.3333129882812,6,21198,2
321,1074371,1472.6666259765625,944.6666870117188,3,21198,3
321,1074372,997.5,644.8055419921875,9,21199,0
321,1074373,970.25,657.25,2,21199,1
321,1074374,737.0,792.25,2,21199,2
321,1074375,997.5,644.8055419921875,9,21200,0
321,1074376,970.25,657.25,2,21200,1
321,1074377,850.25,691.75,2,21201,0
321,1074378,875.25,716.5,2,21201,1
321,1074379,737.0,792.25,2,21201,2
321,1074380,1235.3333740234375,706.1666870117188,3,21202,0
321,1074381,1215.0,676.75,4,21202,1
321,1074382,1496.5,949.0,2,21202,2
321,1074383,863.75,721.3333129882812,3,21203,0
321,1074384,1235.3333740234375,706.1666870117188,2,21204,0
321,1074385,1216.1666259765625,700.25,3,21204,1
321,1074386,1515.5,969.0,2,21204,2
321,1074387,1002.5807495117188,646.1846313476562,10,21205,0
321,1074388,1197.5,648.5,1,21205,1
321,1074389,970.75,657.6666870117188,3,21205,2
321,1074390,1202.5,672.0,2,21206,0
321,1074391,1183.7916259765625,656.4583129882812,4,21206,1
321,1074392,1153.6666259765625,660.6666870117188,3,21206,2
321,1074393,747.0,728.0,1,21207,0
321,1074394,737.0,792.25,2,21207,1
321,1074395,1185.0166015625,656.38330078125,5,21208,0
321,1074396,1496.5,949.0,2,21208,1
321,1074397,1205.550048828125,678.6749877929688,5,21208,2
321,1074398,1122.5,684.5,1,21209,0
321,1074399,1141.5833740234375,663.375,6,21209,1
321,1074400,1131.0,648.5,1,21209,2
321,1074401,1149.5,662.5,1,21209,3
321,1074402,1161.7125244140625,665.75,9,21210,0
321,1074403,1481.5,929.0,2,21210,1
321,1074404,1178.3333740234375,664.0833129882812,2,21210,2
321,1074405,1149.5,662.5,2,21210,3
321,1074406,1038.9117431640625,650.6449584960938,14,21211,0
321,1074407,896.5,697.0,1,21212,0
321,1074408,874.75,685.0833129882812,2,21212,1
321,1074409,970.75,657.6666870117188,3,21213,0
321,1074410,1002.5807495117188,646.1846313476562,10,21213,1
321,1074411,1197.5,648.5,1,21213,2
321,1074412,911.3333129882812,674.5833129882812,2,21214,0
321,1074413,737.0,792.25,2,21214,1
321,1074414,953.5,664.0,1,21214,2
321,1074415,960.0,641.0,1,21214,3
321,1074416,896.5,697.0,1,21214,4
321,1074417,1175.6875,666.3333129882812,6,21215,0
321,1074418,1449.5,941.3333129882812,2,21215,1
321,1074419,1178.3333740234375,664.0833129882812,2,21215,2
321,1074420,1153.6666259765625,660.6666870117188,3,21215,3
321,1074421,1067.2083740234375,648.875,6,21216,0
321,1074422,1126.75,666.5,2,21216,1
321,1074423,970.75,657.6666870117188,3,21216,2
321,1074424,1007.5555419921875,645.5833129882812,9,21217,0
321,1074425,1197.5,648.5,1,21217,1
321,1074426,970.75,657.6666870117188,3,21217,2
321,1074427,1168.7713623046875,667.528564453125,6,21218,0
321,1074428,1200.3333740234375,685.6666870117188,6,21218,1
321,1074429,1011.9204711914062,645.977294921875,8,21219,0
321,1074430,1197.5,648.5,1,21219,1
321,1074431,970.75,657.6666870117188,3,21219,2
321,1074432,997.5,644.8055419921875,9,21220,0
321,1074433,970.25,657.25,2,21220,1
321,1074434,876.75,747.75,2,21221,0
321,1074435,737.0,792.25,3,21222,0
321,1074436,896.5142822265625,674.4285888671875,5,21222,1
321,1074437,1131.0,648.5,1,21223,0
321,1074438,1154.75390625,666.8175048828125,8,21223,1
321,1074439,1149.5,662.5,2,21223,2
321,1074440,997.5,644.8055419921875,9,21224,0
321,1074441,1197.5,648.5,1,21224,1
321,1074442,970.25,657.25,2,21224,2
321,1074443,737.0,792.25,3,21225,0
321,1074444,901.875,670.75,4,21225,1
321,1074445,1455.3499755859375,947.875,4,21226,0
321,1074446,1149.5,662.5,1,21226,1
321,1074447,1437.5833740234375,939.0416870117188,3,21227,0
321,1074448,1174.0416259765625,651.3333129882812,3,21227,1
321,1074449,1202.75,685.0,3,21227,2
321,1074450,1437.5833740234375,939.0416870117188,3,21228,0
321,1074451,1157.0,650.0,1,21228,1
321,1074452,1455.3499755859375,947.875,4,21229,0
321,1074453,1174.0416259765625,651.3333129882812,3,21229,1
321,1074454,1220.333251953125,695.1666870117188,4,21229,2
321,1074455,1476.3333740234375,956.75,2,21230,0
321,1074456,1232.25,657.0,2,21230,1
321,1074457,1218.6666259765625,695.4166870117188,2,21230,2
331,1074342,971.1348876953125,647.1824951171875,7,21188,0
331,1074343,970.25,657.25,3,21188,1
331,1074344,737.0,792.25,2,21188,2
331,1074345,970.25,657.25,4,21189,0
331,1074346,996.3831176757812,647.8538818359375,11,21189,1
331,1074347,1197.5,648.5,1,21189,2
331,1074348,874.75,685.0833129882812,2,21190,0
331,1074349,875.25,716.5,2,21190,1
331,1074350,754.0,785.0,1,21190,2
331,1074351,997.5,644.8055419921875,10,21191,0
331,1074352,970.25,657.25,2,21191,1
331,1074353,1112.8863525390625,660.9646606445312,19,21192,0
331,1074354,1183.952392578125,663.9047241210938,7,21193,0
331,1074355,1202.0833740234375,679.4166870117188,6,21193,1
331,1074356,1183.0858154296875,663.8713989257812,5,21194,0
331,1074357,1481.5,929.0,2,21194,1
331,1074358,1178.3333740234375,664.0833129882812,3,21194,2
331,1074359,1153.6666259765625,660.6666870117188,3,21194,3
331,1074360,978.9943237304688,646.4943237304688,9,21195,0
331,1074361,970.25,657.25,3,21195,1
331,1074362,737.0,792.25,2,21195,2
331,1074363,1215.2333984375,685.9166870117188,6,21196,0
331,1074364,1183.952392578125,663.9047241210938,6,21196,1
331,1074365,1007.5555419921875,645.5833129882812,10,21197,0
331,1074366,1197.5,648.5,1,21197,1
331,1074367,970.75,657.6666870117188,3,21197,2
331,1074368,1153.6666259765625,660.6666870117188,3,21198,0
331,1074369,1178.3333740234375,664.0833129882812,2,21198,1
331,1074370,1175.6875,666.3333129882812,7,21198,2
331,1074371,1472.6666259765625,944.6666870117188,3,21198,3
331,1074372,997.5,644.8055419921875,10,21199,0
331,1074373,970.25,657.25,2,21199,1
331,1074374,737.0,792.25,2,21199,2
331,1074375,997.5,644.8055419921875,10,21200,0
331,1074376,970.25,657.25,2,21200,1
331,1074377,850.25,691.75,2,21201,0
331,1074378,875.25,716.5,2,21201,1
331,1074379,737.0,792.25,2,21201,2
331,1074380,1235.3333740234375,706.1666870117188,4,21202,0
331,1074381,1215.0,676.75,4,21202,1
331,1074382,1496.5,949.0,2,21202,2
331,1074383,863.75,721.3333129882812,3,21203,0
331,1074384,1235.3333740234375,706.1666870117188,2,21204,0
331,1074385,1216.1666259765625,700.25,3,21204,1
331,1074386,1515.5,969.0,2,21204,2
331,1074387,1002.5807495117188,646.1846313476562,10,21205,0
331,1074388,1197.5,648.5,1,21205,1
331,1074389,970.75,657.6666870117188,3,21205,2
331,1074390,1202.5,672.0,2,21206,0
331,1074391,1183.7916259765625,656.4583129882812,4,21206,1
331,1074392,1153.6666259765625,660.6666870117188,3,21206,2
331,1074393,747.0,728.0,1,21207,0
331,1074394,737.0,792.25,2,21207,1
331,1074395,1185.0166015625,656.38330078125,5,21208,0
331,1074396,1496.5,949.0,2,21208,1
331,1074397,1205.550048828125,678.6749877929688,5,21208,2
331,1074398,1122.5,684.5,1,21209,0
331,1074399,1141.5833740234375,663.375,6,21209,1
331,1074400,1131.0,648.5,1,21209,2
331,1074401,1149.5,662.5,1,21209,3
331,1074402,1161.7125244140625,665.75,9,21210,0
331,1074403,1481.5,929.0,2,21210,1
331,1074404,1178.3333740234375,664.0833129882812,2,21210,2
331,1074405,1149.5,662.5,2,21210,3
331,1074406,1038.9117431640625,650.6449584960938,14,21211,0
331,1074407,896.5,697.0,1,21212,0
331,1074408,874.75,685.0833129882812,2,21212,1
331,1074409,970.75,657.6666870117188,3,21213,0
331,1074410,1002.5807495117188,646.1846313476562,10,21213,1
331,1074411,1197.5,648.5,1,21213,2
331,1074412,911.3333129882812,674.5833129882812,2,21214,0
331,1074413,737.0,792.25,2,21214,1
331,1074414,953.5,664.0,2,21214,2
331,1074415,960.0,641.0,1,21214,3
331,1074416,896.5,697.0,1,21214,4
331,1074417,1175.6875,666.3333129882812,7,21215,0
331,1074418,1449.5,941.3333129882812,2,21215,1
331,1074419,1178.3333740234375,664.0833129882812,2,21215,2
331,1074420,1153.6666259765625,660.6666870117188,3,21215,3
331,1074421,1067.2083740234375,648.875,6,21216,0
331,1074422,1126.75,666.5,2,21216,1
331,1074423,970.75,657.6666870117188,3,21216,2
331,1074424,1007.5555419921875,645.5833129882812,10,21217,0
331,1074425,1197.5,648.5,1,21217,1
331,1074426,970.75,657.6666870117188,3,21217,2
331,1074427,1168.7713623046875,667.528564453125,6,21218,0
331,1074428,1200.3333740234375,685.6666870117188,6,21218,1
331,1074429,1011.9204711914062,645.977294921875,9,21219,0
331,1074430,1197.5,648.5,1,21219,1
331,1074431,970.75,657.6666870117188,3,21219,2
331,1074432,997.5,644.8055419921875,10,21220,0
331,1074433,970.25,657.25,2,21220,1
331,1074434,876.75,747.75,2,21221,0
331,1074435,737.0,792.25,3,21222,0
331,1074436,896.5142822265625,674.4285888671875,5,21222,1
331,1074437,1131.0,648.5,1,21223,0
331,1074438,1154.75390625,666.8175048828125,8,21223,1
331,1074439,1149.5,662.5,2,21223,2
331,1074440,997.5,644.8055419921875,10,21224,0
331,1074441,1197.5,648.5,1,21224,1
331,1074442,970.25,657.25,2,21224,2
331,1074443,737.0,792.25,3,21225,0
331,1074444,901.875,670.75,4,21225,1
331,1074445,1455.3499755859375,947.875,4,21226,0
331,1074446,1149.5,662.5,1,21226,1
331,1074447,1437.5833740234375,939.0416870117188,3,21227,0
331,1074448,1174.0416259765625,651.3333129882812,3,21227,1
331,1074449,1202.75,685.0,3,21227,2
331,1074450,1437.5833740234375,939.0416870117188,3,21228,0
331,1074451,1157.0,650.0,1,21228,1
331,1074452,1455.3499755859375,947.875,4,21229,0
331,1074453,1174.0416259765625,651.3333129882812,3,21229,1
331,1074454,1220.333251953125,695.1666870117188,4,21229,2
331,1074455,1476.3333740234375,956.75,2,21230,0
331,1074456,1232.25,657.0,2,21230,1
331,1074457,1218.6666259765625,695.4166870117188,2,21230,2
341,1074342,971.1348876953125,647.1824951171875,7,21188,0
341,1074343,970.25,657.25,3,21188,1
341,1074344,737.0,792.25,2,21188,2
341,1074345,970.25,657.25,4,21189,0
341,1074346,996.3831176757812,647.8538818359375,11,21189,1
341,1074347,1197.5,648.5,1,21189,2
341,1074348,874.75,685.0833129882812,2,21190,0
341,1074349,875.25,716.5,2,21190,1
341,1074350,754.0,785.0,1,21190,2
341,1074351,997.5,644.8055419921875,10,21191,0
341,1074352,970.25,657.25,2,21191,1
341,1074353,1112.8863525390625,660.9646606445312,19,21192,0
341,1074354,1183.952392578125,663.9047241210938,7,21193,0
341,1074355,1202.0833740234375,679.4166870117188,6,21193,1
341,1074356,1183.0858154296875,663.8713989257812,5,21194,0
341,1074357,1481.5,929.0,2,21194,1
341,1074358,1178.3333740234375,664.0833129882812,3,21194,2
341,1074359,1153.6666259765625,660.6666870117188,3,21194,3
341,1074360,978.9943237304688,646.4943237304688,9,21195,0
341,1074361,970.25,657.25,3,21195,1
341,1074362,737.0,792.25,2,21195,2
341,1074363,1215.2333984375,685.9166870117188,6,21196,0
341,1074364,1183.952392578125,663.9047241210938,6,21196,1
341,1074365,1007.5555419921875,645.5833129882812,10,21197,0
341,1074366,1197.5,648.5,1,21197,1
341,1074367,970.75,657.6666870117188,3,21197,2
341,1074368,1153.6666259765625,660.6666870117188,3,21198,0
341,1074369,1178.3333740234375,664.0833129882812,2,21198,1
341,1074370,1175.6875,666.3333129882812,7,21198,2
341,1074371,1472.6666259765625,944.6666870117188,3,21198,3
341,1074372,997.5,644.8055419921875,10,21199,0
341,1074373,970.25,657.25,2,21199,1
341,1074374,737.0,792.25,2,21199,2
341,1074375,997.5,644.8055419921875,10,21200,0
341,1074376,970.25,657.25,2,21200,1
341,1074377,850.25,691.75,2,21201,0
341,1074378,875.25,716.5,2,21201,1
341,1074379,737.0,792.25,2,21201,2
341,1074380,1235.3333740234375,706.1666870117188,4,21202,0
341,1074381,1215.0,676.75,4,21202,1
341,1074382,1496.5,949.0,2,21202,2
341,1074383,863.75,721.3333129882812,3,21203,0
341,1074384,1235.3333740234375,706.1666870117188,2,21204,0
341,1074385,1216.1666259765625,700.25,3,21204,1
341,1074386,1515.5,969.0,2,21204,2
341,1074387,1002.5807495117188,646.1846313476562,10,21205,0
341,1074388,1197.5,648.5,1,21205,1
341,1074389,970.75,657.6666870117188,3,21205,2
341,1074390,1202.5,672.0,2,21206,0
341,1074391,1183.7916259765625,656.4583129882812,4,21206,1
341,1074392,1153.6666259765625,660.6666870117188,3,21206,2
341,1074393,747.0,728.0,1,21207,0
341,1074394,737.0,792.25,2,21207,1
341,1074395,1185.0166015625,656.38330078125,5,21208,0
341,1074396,1496.5,949.0,2,21208,1
341,1074397,1205.550048828125,678.6749877929688,6,21208,2
341,1074398,1122.5,684.5,1,21209,0
341,1074399,1141.5833740234375,663.375,6,21209,1
341,1074400,1131.0,648.5,1,21209,2
341,1074401,1149.5,662.5,1,21209,3
341,1074402,1161.7125244140625,665.75,9,21210,0
341,1074403,1481.5,929.0,2,21210,1
341,1074404,1178.3333740234375,664.0833129882812,2,21210,2
341,1074405,1149.5,662.5,2,21210,3
341,1074406,1038.9117431640625,650.6449584960938,14,21211,0
341,1074407,896.5,697.0,1,21212,0
341,1074408,874.75,685.0833129882812,2,21212,1
341,1074409,970.75,657.6666870117188,3,21213,0
341,1074410,1002.5807495117188,646.1846313476562,10,21213,1
341,1074411,1197.5,648.5,1,21213,2
341,1074412,911.3333129882812,674.5833129882812,2,21214,0
341,1074413,737.0,792.25,2,21214,1
341,1074414,953.5,664.0,2,21214,2
341,1074415,960.0,641.0,1,21214,3
341,1074416,896.5,697.0,1,21214,4
341,1074417,1175.6875,666.3333129882812,7,21215,0
341,1074418,1449.5,941.3333129882812,2,21215,1
341,1074419,1178.3333740234375,664.0833129882812,2,21215,2
341,1074420,1153.6666259765625,660.6666870117188,3,21215,3
341,1074421,1067.2083740234375,648.875,6,21216,0
341,1074422,1126.75,666.5,2,21216,1
341,1074423,970.75,657.6666870117188,3,21216,2
341,1074424,1007.5555419921875,645.5833129882812,10,21217,0
341,1074425,1197.5,648.5,1,21217,1
341,1074426,970.75,657.6666870117188,3,21217,2
341,1074427,1168.7713623046875,667.528564453125,6,21218,0
341,1074428,1200.3333740234375,685.6666870117188,6,21218,1
341,1074429,1011.9204711914062,645.977294921875,9,21219,0
341,1074430,1197.5,648.5,1,21219,1
341,1074431,970.75,657.6666870117188,3,21219,2
341,1074432,997.5,644.8055419921875,10,21220,0
341,1074433,970.25,657.25,2,21220,1
341,1074434,876.75,747.75,2,21221,0
341,1074435,737.0,792.25,3,21222,0
341,1074436,896.5142822265625,674.4285888671875,5,21222,1
341,1074437,1131.0,648.5,1,21223,0
341,1074438,1154.75390625,666.8175048828125,8,21223,1
341,1074439,1149.5,662.5,2,21223,2
341,1074440,997.5,644.8055419921875,10,21224,0
341,1074441,1197.5,648.5,1,21224,1
341,1074442,970.25,657.25,2,21224,2
341,1074443,737.0,792.25,3,21225,0
341,1074444,901.875,670.75,4,21225,1
341,1074445,1455.3499755859375,947.875,4,21226,0
341,1074446,1149.5,662.5,1,21226,1
341,1074447,1437.5833740234375,939.0416870117188,3,21227,0
341,1074448,1174.0416259765625,651.3333129882812,3,21227,1
341,1074449,1202.75,685.0,3,21227,2
341,1074450,1437.5833740234375,939.0416870117188,3,21228,0
341,1074451,1157.0,650.0,1,21228,1
341,1074452,1455.3499755859375,947.875,4,21229,0
341,1074453,1174.0416259765625,651.3333129882812,3,21229,1
341,1074454,1220.333251953125,695.1666870117188,4,21229,2
341,1074455,1476.3333740234375,956.75,2,21230,0
341,1074456,1232.25,657.0,2,21230,1
341,1074457,1218.6666259765625,695.4166870117188,3,21230,2
351,1074342,971.1348876953125,647.1824951171875,7,21188,0
351,1074343,970.25,657.25,3,21188,1
351,1074344,737.0,792.25,2,21188,2
351,1074345,970.25,657.25,5,21189,0
351,1074346,996.3831176757812,647.8538818359375,11,21189,1
351,1074347,1197.5,648.5,1,21189,2
351,1074348,874.75,685.0833129882812,2,21190,0
351,1074349,875.25,716.5,2,21190,1
351,1074350,754.0,785.0,1,21190,2
351,1074351,997.5,644.8055419921875,10,21191,0
351,1074352,970.25,657.25,2,21191,1
351,1074353,1112.8863525390625,660.9646606445312,19,21192,0
351,1074354,1183.952392578125,663.9047241210938,7,21193,0
351,1074355,1202.0833740234375,679.4166870117188,6,21193,1
351,1074356,1183.0858154296875,663.8713989257812,5,21194,0
351,1074357,1481.5,929.0,2,21194,1
351,1074358,1178.3333740234375,664.0833129882812,3,21194,2
351,1074359,1153.6666259765625,660.6666870117188,3,21194,3
351,1074360,978.9943237304688,646.4943237304688,9,21195,0
351,1074361,970.25,657.25,3,21195,1
351,1074362,737.0,792.25,2,21195,2
351,1074363,1215.2333984375,685.9166870117188,6,21196,0
351,1074364,1183.952392578125,663.9047241210938,6,21196,1
351,1074365,1007.5555419921875,645.5833129882812,10,21197,0
351,1074366,1197.5,648.5,1,21197,1
351,1074367,970.75,657.6666870117188,3,21197,2
351,1074368,1153.6666259765625,660.6666870117188,3,21198,0
351,1074369,1178.3333740234375,664.0833129882812,2,21198,1
351,1074370,1175.6875,666.3333129882812,7,21198,2
351,1074371,1472.6666259765625,944.6666870117188,3,21198,3
351,1074372,997.5,644.8055419921875,10,21199,0
351,1074373,970.25,657.25,2,21199,1
351,1074374,737.0,792.25,2,21199,2
351,1074375,997.5,644.8055419921875,10,21200,0
351,1074376,970.25,657.25,2,21200,1
351,1074377,850.25,691.75,2,21201,0
351,1074378,875.25,716.5,2,21201,1
351,1074379,737.0,792.25,2,21201,2
351,1074380,1235.3333740234375,706.1666870117188,4,21202,0
351,1074381,1215.0,676.75,4,21202,1
351,1074382,1496.5,949.0,2,21202,2
351,1074383,863.75,721.3333129882812,3,21203,0
351,1074384,1235.3333740234375,706.1666870117188,2,21204,0
351,1074385,1216.1666259765625,700.25,3,21204,1
351,1074386,1515.5,969.0,2,21204,2
351,1074387,1002.5807495117188,646.1846313476562,10,21205,0
351,1074388,1197.5,648.5,1,21205,1
351,1074389,970.75,657.6666870117188,3,21205,2
351,1074390,1202.5,672.0,2,21206,0
351,1074391,1183.7916259765625,656.4583129882812,4,21206,1
351,1074392,1153.6666259765625,660.6666870117188,3,21206,2
351,1074393,747.0,728.0,1,21207,0
351,1074394,737.0,792.25,2,21207,1
351,1074395,1185.0166015625,656.38330078125,5,21208,0
351,1074396,1496.5,949.0,2,21208,1
351,1074397,1205.550048828125,678.6749877929688,6,21208,2
351,1074398,1122.5,684.5,1,21209,0
351,1074399,1141.5833740234375,663.375,6,21209,1
351,1074400,1131.0,648.5,1,21209,2
351,1074401,1149.5,662.5,1,21209,3
351,1074402,1161.7125244140625,665.75,9,21210,0
351,1074403,1481.5,929.0,2,21210,1
351,1074404,1178.3333740234375,664.0833129882812,2,21210,2
351,1074405,1149.5,662.5,2,21210,3
351,1074406,1038.9117431640625,650.6449584960938,14,21211,0
351,1074407,896.5,697.0,1,21212,0
351,1074408,874.75,685.0833129882812,2,21212,1
351,1074409,970.75,657.6666870117188,3,21213,0
351,1074410,1002.5807495117188,646.1846313476562,10,21213,1
351,1074411,1197.5,648.5,1,21213,2
351,1074412,911.3333129882812,674.5833129882812,2,21214,0
351,1074413,737.0,792.25,2,21214,1
351,1074414,953.5,664.0,2,21214,2
351,1074415,960.0,641.0,1,21214,3
351,1074416,896.5,697.0,1,21214,4
351,1074417,1175.6875,666.3333129882812,7,21215,0
351,1074418,1449.5,941.3333129882812,2,21215,1
351,1074419,1178.3333740234375,664.0833129882812,2,21215,2
351,1074420,1153.6666259765625,660.6666870117188,3,21215,3
351,1074421,1067.2083740234375,648.875,6,21216,0
351,1074422,1126.75,666.5,2,21216,1
351,1074423,970.75,657.6666870117188,3,21216,2
351,1074424,1007.5555419921875,645.5833129882812,10,21217,0
351,1074425,1197.5,648.5,1,21217,1
351,1074426,970.75,657.6666870117188,3,21217,2
351,1074427,1168.7713623046875,667.528564453125,6,21218,0
351,1074428,1200.3333740234375,685.6666870117188,6,21218,1
351,1074429,1011.9204711914062,645.977294921875,9,21219,0
351,1074430,1197.5,648.5,1,21219,1
351,1074431,970.75,657.6666870117188,3,21219,2
351,1074432,997.5,644.8055419921875,10,21220,0
351,1074433,970.25,657.25,2,21220,1
351,1074434,876.75,747.75,2,21221,0
351,1074435,737.0,792.25,3,21222,0
351,1074436,896.5142822265625,674.4285888671875,5,21222,1
351,1074437,1131.0,648.5,1,21223,0
351,1074438,1154.75390625,666.8175048828125,8,21223,1
351,1074439,1149.5,662.5,2,21223,2
351,1074440,997.5,644.8055419921875,10,21224,0
351,1074441,1197.5,648.5,1,21224,1
351,1074442,970.25,657.25,2,21224,2
351,1074443,737.0,792.25,3,21225,0
351,1074444,901.875,670.75,4,21225,1
351,1074445,1455.3499755859375,947.875,4,21226,0
351,1074446,1149.5,662.5,1,21226,1
351,1074447,1437.5833740234375,939.0416870117188,3,21227,0
351,1074448,1174.0416259765625,651.3333129882812,3,21227,1
351,1074449,1202.75,685.0,3,21227,2
351,1074450,1437.5833740234375,939.0416870117188,3,21228,0
351,1074451,1157.0,650.0,1,21228,1
351,1074452,1455.3499755859375,947.875,4,21229,0
351,1074453,1174.0416259765625,651.3333129882812,3,21229,1
351,1074454,1220.333251953125,695.1666870117188,4,21229,2
351,1074455,1476.3333740234375,956.75,2,21230,0
351,1074456,1232.25,657.0,2,21230,1
351,1074457,1218.6666259765625,695.4166870117188,3,21230,2
361,1074342,971.1348876953125,647.1824951171875,7,21188,0
361,1074343,970.25,657.25,3,21188,1
361,1074344,737.0,792.25,2,21188,2
361,1074345,970.25,657.25,5,21189,0
361,1074346,996.3831176757812,647.8538818359375,11,21189,1
361,1074347,1197.5,648.5,1,21189,2
361,1074348,874.75,685.0833129882812,2,21190,0
361,1074349,875.25,716.5,2,21190,1
361,1074350,754.0,785.0,1,21190,2
361,1074351,997.5,644.8055419921875,10,21191,0
361,1074352,970.25,657.25,3,21191,1
361,1074353,1112.8863525390625,660.9646606445312,19,21192,0
361,1074354,1183.952392578125,663.9047241210938,7,21193,0
361,1074355,1202.0833740234375,679.4166870117188,6,21193,1
361,1074356,1183.0858154296875,663.8713989257812,5,21194,0
361,1074357,1481.5,929.0,2,21194,1
361,1074358,1178.3333740234375,664.0833129882812,3,21194,2
361,1074359,1153.6666259765625,660.6666870117188,3,21194,3
361,1074360,978.9943237304688,646.4943237304688,9,21195,0
361,1074361,970.25,657.25,3,21195,1
361,1074362,737.0,792.25,2,21195,2
361,1074363,1215.2333984375,685.9166870117188,6,21196,0
361,1074364,1183.952392578125,663.9047241210938,6,21196,1
361,1074365,1007.5555419921875,645.5833129882812,10,21197,0
361,1074366,1197.5,648.5,1,21197,1
361,1074367,970.75,657.6666870117188,4,21197,2
361,1074368,1153.6666259765625,660.6666870117188,4,21198,0
361,1074369,1178.3333740234375,664.0833129882812,2,21198,1
361,1074370,1175.6875,666.3333129882812,7,21198,2
361,1074371,1472.6666259765625,944.6666870117188,3,21198,3
361,1074372,997.5,644.8055419921875,10,21199,0
361,1074373,970.25,657.25,3,21199,1
361,1074374,737.0,792.25,2,21199,2
361,1074375,997.5,644.8055419921875,10,21200,0
361,1074376,970.25,657.25,3,21200,1
361,1074377,850.25,691.75,2,21201,0
361,1074378,875.25,716.5,2,21201,1
361,1074379,737.0,792.25,2,21201,2
361,1074380,1235.3333740234375,706.1666870117188,4,21202,0
361,1074381,1215.0,676.75,4,21202,1
361,1074382,1496.5,949.0,2,21202,2
361,1074383,863.75,721.3333129882812,3,21203,0
361,1074384,1235.3333740234375,706.1666870117188,2,21204,0
361,1074385,1216.1666259765625,700.25,3,21204,1
361,1074386,1515.5,969.0,2,21204,2
361,1074387,1002.5807495117188,646.1846313476562,10,21205,0
361,1074388,1197.5,648.5,1,21205,1
361,1074389,970.75,657.6666870117188,5,21205,2
361,1074390,1202.5,672.0,2,21206,0
361,1074391,1183.7916259765625,656.4583129882812,4,21206,1
361,1074392,1153.6666259765625,660.6666870117188,3,21206,2
361,1074393,747.0,728.0,1,21207,0
361,1074394,737.0,792.25,2,21207,1
361,1074395,1185.0166015625,656.38330078125,5,21208,0
361,1074396,1496.5,949.0,2,21208,1
361,1074397,1205.550048828125,678.6749877929688,6,21208,2
361,1074398,1122.5,684.5,1,21209,0
361,1074399,1141.5833740234375,663.375,6,21209,1
361,1074400,1131.0,648.5,1,21209,2
361,1074401,1149.5,662.5,1,21209,3
361,1074402,1161.7125244140625,665.75,9,21210,0
361,1074403,1481.5,929.0,2,21210,1
361,1074404,1178.3333740234375,664.0833129882812,2,21210,2
361,1074405,1149.5,662.5,2,21210,3
361,1074406,1038.9117431640625,650.6449584960938,14,21211,0
361,1074407,896.5,697.0,1,21212,0
361,1074408,874.75,685.0833129882812,2,21212,1
361,1074409,970.75,657.6666870117188,5,21213,0
361,1074410,1002.5807495117188,646.1846313476562,10,21213,1
361,1074411,1197.5,648.5,1,21213,2
361,1074412,911.3333129882812,674.5833129882812,2,21214,0
361,1074413,737.0,792.25,2,21214,1
361,1074414,953.5,664.0,2,21214,2
361,1074415,960.0,641.0,1,21214,3
361,1074416,896.5,697.0,1,21214,4
361,1074417,1175.6875,666.3333129882812,7,21215,0
361,1074418,1449.5,941.3333129882812,2,21215,1
361,1074419,1178.3333740234375,664.0833129882812,2,21215,2
361,1074420,1153.6666259765625,660.6666870117188,4,21215,3
361,1074421,1067.2083740234375,648.875,6,21216,0
361,1074422,1126.75,666.5,2,21216,1
361,1074423,970.75,657.6666870117188,3,21216,2
361,1074424,1007.5555419921875,645.5833129882812,10,21217,0
361,1074425,1197.5,648.5,1,21217,1
361,1074426,970.75,657.6666870117188,4,21217,2
361,1074427,1168.7713623046875,667.528564453125,6,21218,0
361,1074428,1200.3333740234375,685.6666870117188,6,21218,1
361,1074429,1011.9204711914062,645.977294921875,9,21219,0
361,1074430,1197.5,648.5,1,21219,1
361,1074431,970.75,657.6666870117188,4,21219,2
361,1074432,997.5,644.8055419921875,10,21220,0
361,1074433,970.25,657.25,3,21220,1
361,1074434,876.75,747.75,2,21221,0
361,1074435,737.0,792.25,3,21222,0
361,1074436,896.5142822265625,674.4285888671875,5,21222,1
361,1074437,1131.0,648.5,1,21223,0
361,1074438,1154.75390625,666.8175048828125,8,21223,1
361,1074439,1149.5,662.5,2,21223,2
361,1074440,997.5,644.8055419921875,10,21224,0
361,1074441,1197.5,648.5,1,21224,1
361,1074442,970.25,657.25,3,21224,2
361,1074443,737.0,792.25,3,21225,0
361,1074444,901.875,670.75,4,21225,1
361,1074445,1455.3499755859375,947.875,4,21226,0
361,1074446,1149.5,662.5,2,21226,1
361,1074447,1437.5833740234375,939.0416870117188,3,21227,0
361,1074448,1174.0416259765625,651.3333129882812,3,21227,1
361,1074449,1202.75,685.0,3,21227,2
361,1074450,1437.5833740234375,939.0416870117188,3,21228,0
361,1074451,1157.0,650.0,1,21228,1
361,1074452,1455.3499755859375,947.875,4,21229,0
361,1074453,1174.0416259765625,651.3333129882812,3,21229,1
361,1074454,1220.333251953125,695.1666870117188,4,21229,2
361,1074455,1476.3333740234375,956.75,2,21230,0
361,1074456,1232.25,657.0,2,21230,1
361,1074457,1218.6666259765625,695.4166870117188,3,21230,2
371,1074342,971.1348876953125,647.1824951171875,7,21188,0
371,1074343,970.25,657.25,3,21188,1
371,1074344,737.0,792.25,2,21188,2
371,1074345,970.25,657.25,5,21189,0
371,1074346,996.3831176757812,647.8538818359375,11,21189,1
371,1074347,1197.5,648.5,1,21189,2
371,1074348,874.75,685.0833129882812,2,21190,0
371,1074349,875.25,716.5,2,21190,1
371,1074350,754.0,785.0,1,21190,2
371,1074351,997.5,644.8055419921875,10,21191,0
371,1074352,970.25,657.25,4,21191,1
371,1074353,1112.8863525390625,660.9646606445312,20,21192,0
371,1074354,1183.952392578125,663.9047241210938,7,21193,0
371,1074355,1202.0833740234375,679.4166870117188,6,21193,1
371,1074356,1183.0858154296875,663.8713989257812,5,21194,0
371,1074357,1481.5,929.0,2,21194,1
371,1074358,1178.3333740234375,664.0833129882812,3,21194,2
371,1074359,1153.6666259765625,660.6666870117188,3,21194,3
371,1074360,978.9943237304688,646.4943237304688,9,21195,0
371,1074361,970.25,657.25,3,21195,1
371,1074362,737.0,792.25,2,21195,2
371,1074363,1215.2333984375,685.9166870117188,6,21196,0
371,1074364,1183.952392578125,663.9047241210938,6,21196,1
371,1074365,1007.5555419921875,645.5833129882812,10,21197,0
371,1074366,1197.5,648.5,1,21197,1
371,1074367,970.75,657.6666870117188,4,21197,2
371,1074368,1153.6666259765625,660.6666870117188,4,21198,0
371,1074369,1178.3333740234375,664.0833129882812,2,21198,1
371,1074370,1175.6875,666.3333129882812,7,21198,2
371,1074371,1472.6666259765625,944.6666870117188,3,21198,3
371,1074372,997.5,644.8055419921875,10,21199,0
371,1074373,970.25,657.25,4,21199,1
371,1074374,737.0,792.25,2,21199,2
371,1074375,997.5,644.8055419921875,10,21200,0
371,1074376,970.25,657.25,4,21200,1
371,1074377,850.25,691.75,2,21201,0
371,1074378,875.25,716.5,2,21201,1
371,1074379,737.0,792.25,2,21201,2
371,1074380,1235.3333740234375,706.1666870117188,4,21202,0
371,1074381,1215.0,676.75,4,21202,1
371,1074382,1496.5,949.0,2,21202,2
371,1074383,863.75,721.3333129882812,3,21203,0
371,1074384,1235.3333740234375,706.1666870117188,2,21204,0
371,1074385,1216.1666259765625,700.25,3,21204,1
371,1074386,1515.5,969.0,2,21204,2
371,1074387,1002.5807495117188,646.1846313476562,10,21205,0
371,1074388,1197.5,648.5,1,21205,1
371,1074389,970.75,657.6666870117188,5,21205,2
371,1074390,1202.5,672.0,2,21206,0
371,1074391,1183.7916259765625,656.4583129882812,4,21206,1
371,1074392,1153.6666259765625,660.6666870117188,3,21206,2
371,1074393,747.0,728.0,1,21207,0
371,1074394,737.0,792.25,2,21207,1
371,1074395,1185.0166015625,656.38330078125,5,21208,0
371,1074396,1496.5,949.0,2,21208,1
371,1074397,1205.550048828125,678.6749877929688,6,21208,2
371,1074398,1122.5,684.5,1,21209,0
371,1074399,1141.5833740234375,663.375,6,21209,1
371,1074400,1131.0,648.5,1,21209,2
371,1074401,1149.5,662.5,1,21209,3
371,1074402,1161.7125244140625,665.75,9,21210,0
371,1074403,1481.5,929.0,2,21210,1
371,1074404,1178.3333740234375,664.0833129882812,2,21210,2
371,1074405,1149.5,662.5,2,21210,3
371,1074406,1038.9117431640625,650.6449584960938,15,21211,0
371,1074407,896.5,697.0,1,21212,0
371,1074408,874.75,685.0833129882812,2,21212,1
371,1074409,970.75,657.6666870117188,5,21213,0
371,1074410,1002.5807495117188,646.1846313476562,10,21213,1
371,1074411,1197.5,648.5,1,21213,2
371,1074412,911.3333129882812,674.5833129882812,2,21214,0
371,1074413,737.0,792.25,2,21214,1
371,1074414,953.5,664.0,2,21214,2
371,1074415,960.0,641.0,1,21214,3
371,1074416,896.5,697.0,1,21214,4
371,1074417,1175.6875,666.3333129882812,7,21215,0
371,1074418,1449.5,941.3333129882812,2,21215,1
371,1074419,1178.3333740234375,664.0833129882812,2,21215,2
371,1074420,1153.6666259765625,660.6666870117188,4,21215,3
371,1074421,1067.2083740234375,648.875,6,21216,0
371,1074422,1126.75,666.5,2,21216,1
371,1074423,970.75,657.6666870117188,3,21216,2
371,1074424,1007.5555419921875,645.5833129882812,10,21217,0
371,1074425,1197.5,648.5,1,21217,1
371,1074426,970.75,657.6666870117188,4,21217,2
371,1074427,1168.7713623046875,667.528564453125,6,21218,0
371,1074428,1200.3333740234375,685.6666870117188,6,21218,1
371,1074429,1011.9204711914062,645.977294921875,9,21219,0
371,1074430,1197.5,648.5,1,21219,1
371,1074431,970.75,657.6666870117188,4,21219,2
371,1074432,997.5,644.8055419921875,10,21220,0
371,1074433,970.25,657.25,4,21220,1
371,1074434,876.75,747.75,2,21221,0
371,1074435,737.0,792.25,3,21222,0
371,1074436,896.5142822265625,674.4285888671875,5,21222,1
371,1074437,1131.0,648.5,1,21223,0
371,1074438,1154.75390625,666.8175048828125,8,21223,1
371,1074439,1149.5,662.5,2,21223,2
371,1074440,997.5,644.8055419921875,10,21224,0
371,1074441,1197.5,648.5,1,21224,1
371,1074442,970.25,657.25,4,21224,2
371,1074443,737.0,792.25,3,21225,0
371,1074444,901.875,670.75,4,21225,1
371,1074445,1455.3499755859375,947.875,4,21226,0
371,1074446,1149.5,662.5,2,21226,1
371,1074447,1437.5833740234375,939.0416870117188,3,21227,0
371,1074448,1174.0416259765625,651.3333129882812,3,21227,1
371,1074449,1202.75,685.0,3,21227,2
371,1074450,1437.5833740234375,939.0416870117188,3,21228,0
371,1074451,1157.0,650.0,2,21228,1
371,1074452,1455.3499755859375,947.875,4,21229,0
371,1074453,1174.0416259765625,651.3333129882812,3,21229,1
371,1074454,1220.333251953125,695.1666870117188,4,21229,2
371,1074455,1476.3333740234375,956.75,2,21230,0
371,1074456,1232.25,657.0,2,21230,1
371,1074457,1218.6666259765625,695.4166870117188,3,21230,2
381,1074342,971.1348876953125,647.1824951171875,7,21188,0
381,1074343,970.25,657.25,3,21188,1
381,1074344,737.0,792.25,2,21188,2
381,1074345,970.25,657.25,5,21189,0
381,1074346,996.3831176757812,647.8538818359375,11,21189,1
381,1074347,1197.5,648.5,1,21189,2
381,1074348,874.75,685.0833129882812,2,21190,0
381,1074349,875.25,716.5,2,21190,1
381,1074350,754.0,785.0,1,21190,2
381,1074351,997.5,644.8055419921875,10,21191,0
381,1074352,970.25,657.25,4,21191,1
381,1074353,1112.8863525390625,660.9646606445312,20,21192,0
381,1074354,1183.952392578125,663.9047241210938,7,21193,0
381,1074355,1202.0833740234375,679.4166870117188,6,21193,1
381,1074356,1183.0858154296875,663.8713989257812,5,21194,0
381,1074357,1481.5,929.0,2,21194,1
381,1074358,1178.3333740234375,664.0833129882812,3,21194,2
381,1074359,1153.6666259765625,660.6666870117188,3,21194,3
381,1074360,978.9943237304688,646.4943237304688,9,21195,0
381,1074361,970.25,657.25,3,21195,1
381,1074362,737.0,792.25,2,21195,2
381,1074363,1215.2333984375,685.9166870117188,6,21196,0
381,1074364,1183.952392578125,663.9047241210938,6,21196,1
381,1074365,1007.5555419921875,645.5833129882812,10,21197,0
381,1074366,1197.5,648.5,1,21197,1
381,1074367,970.75,657.6666870117188,4,21197,2
381,1074368,1153.6666259765625,660.6666870117188,4,21198,0
381,1074369,1178.3333740234375,664.0833129882812,2,21198,1
381,1074370,1175.6875,666.3333129882812,7,21198,2
381,1074371,1472.6666259765625,944.6666870117188,3,21198,3
381,1074372,997.5,644.8055419921875,10,21199,0
381,1074373,970.25,657.25,4,21199,1
381,1074374,737.0,792.25,2,21199,2
381,1074375,997.5,644.8055419921875,10,21200,0
381,1074376,970.25,657.25,4,21200,1
381,1074377,850.25,691.75,2,21201,0
381,1074378,875.25,716.5,2,21201,1
381,1074379,737.0,792.25,2,21201,2
381,1074380,1235.3333740234375,706.1666870117188,4,21202,0
381,1074381,1215.0,676.75,4,21202,1
381,1074382,1496.5,949.0,2,21202,2
381,1074383,863.75,721.3333129882812,3,21203,0
381,1074384,1235.3333740234375,706.1666870117188,2,21204,0
381,1074385,1216.1666259765625,700.25,3,21204,1
381,1074386,1515.5,969.0,2,21204,2
381,1074387,1002.5807495117188,646.1846313476562,10,21205,0
381,1074388,1197.5,648.5,1,21205,1
381,1074389,970.75,657.6666870117188,5,21205,2
381,1074390,1202.5,672.0,2,21206,0
381,1074391,1183.7916259765625,656.4583129882812,4,21206,1
381,1074392,1153.6666259765625,660.6666870117188,3,21206,2
381,1074393,747.0,728.0,1,21207,0
381,1074394,737.0,792.25,2,21207,1
381,1074395,1185.0166015625,656.38330078125,5,21208,0
381,1074396,1496.5,949.0,2,21208,1
381,1074397,1205.550048828125,678.6749877929688,6,21208,2
381,1074398,1122.5,684.5,1,21209,0
381,1074399,1141.5833740234375,663.375,6,21209,1
381,1074400,1131.0,648.5,1,21209,2
381,1074401,1149.5,662.5,1,21209,3
381,1074402,1161.7125244140625,665.75,9,21210,0
381,1074403,1481.5,929.0,2,21210,1
381,1074404,1178.3333740234375,664.0833129882812,2,21210,2
381,1074405,1149.5,662.5,2,21210,3
381,1074406,1038.9117431640625,650.6449584960938,15,21211,0
381,1074407,896.5,697.0,1,21212,0
381,1074408,874.75,685.0833129882812,2,21212,1
381,1074409,970.75,657.6666870117188,5,21213,0
381,1074410,1002.5807495117188,646.1846313476562,10,21213,1
381,1074411,1197.5,648.5,1,21213,2
381,1074412,911.3333129882812,674.5833129882812,2,21214,0
381,1074413,737.0,792.25,2,21214,1
381,1074414,953.5,664.0,2,21214,2
381,1074415,960.0,641.0,1,21214,3
381,1074416,896.5,697.0,1,21214,4
381,1074417,1175.6875,666.3333129882812,7,21215,0
381,1074418,1449.5,941.3333129882812,2,21215,1
381,1074419,1178.3333740234375,664.0833129882812,2,21215,2
381,1074420,1153.6666259765625,660.6666870117188,4,21215,3
381,1074421,1067.2083740234375,648.875,6,21216,0
381,1074422,1126.75,666.5,2,21216,1
381,1074423,970.75,657.6666870117188,3,21216,2
381,1074424,1007.5555419921875,645.5833129882812,10,21217,0
381,1074425,1197.5,648.5,1,21217,1
381,1074426,970.75,657.6666870117188,4,21217,2
381,1074427,1168.7713623046875,667.528564453125,6,21218,0
381,1074428,1200.3333740234375,685.6666870117188,6,21218,1
381,1074429,1011.9204711914062,645.977294921875,9,21219,0
381,1074430,1197.5,648.5,1,21219,1
381,1074431,970.75,657.6666870117188,4,21219,2
381,1074432,997.5,644.8055419921875,10,21220,0
381,1074433,970.25,657.25,4,21220,1
381,1074434,876.75,747.75,2,21221,0
381,1074435,737.0,792.25,3,21222,0
381,1074436,896.5142822265625,674.4285888671875,5,21222,1
381,1074437,1131.0,648.5,1,21223,0
381,1074438,1154.75390625,666.8175048828125,8,21223,1
381,1074439,1149.5,662.5,2,21223,2
381,1074440,997.5,644.8055419921875,10,21224,0
381,1074441,1197.5,648.5,1,21224,1
381,1074442,970.25,657.25,4,21224,2
381,1074443,737.0,792.25,3,21225,0
381,1074444,901.875,670.75,4,21225,1
381,1074445,1455.3499755859375,947.875,4,21226,0
381,1074446,1149.5,662.5,2,21226,1
381,1074447,1437.5833740234375,939.0416870117188,3,21227,0
381,1074448,1174.0416259765625,651.3333129882812,3,21227,1
381,1074449,1202.75,685.0,3,21227,2
381,1074450,1437.5833740234375,939.0416870117188,3,21228,0
381,1074451,1157.0,650.0,2,21228,1
381,1074452,1455.3499755859375,947.875,4,21229,0
381,1074453,1174.0416259765625,651.3333129882812,3,21229,1
381,1074454,1220.333251953125,695.1666870117188,4,21229,2
381,1074455,1476.3333740234375,956.75,2,21230,0
381,1074456,1232.25,657.0,2,21230,1
381,1074457,1218.6666259765625,695.4166870117188,3,21230,2
391,1074342,971.1348876953125,647.1824951171875,7,21188,0
391,1074343,970.25,657.25,3,21188,1
391,1074344,737.0,792.25,2,21188,2
391,1074345,970.25,657.25,5,21189,0
391,1074346,996.3831176757812,647.8538818359375,11,21189,1
391,1074347,1197.5,648.5,1,21189,2
391,1074348,874.75,685.0833129882812,2,21190,0
391,1074349,875.25,716.5,2,21190,1
391,1074350,754.0,785.0,1,21190,2
391,1074351,997.5,644.8055419921875,10,21191,0
391,1074352,970.25,657.25,4,21191,1
391,1074353,1112.8863525390625,660.9646606445312,20,21192,0
391,1074354,1183.952392578125,663.9047241210938,7,21193,0
391,1074355,1202.0833740234375,679.4166870117188,6,21193,1
391,1074356,1183.0858154296875,663.8713989257812,5,21194,0
391,1074357,1481.5,929.0,2,21194,1
391,1074358,1178.3333740234375,664.0833129882812,3,21194,2
391,1074359,1153.6666259765625,660.6666870117188,3,21194,3
391,1074360,978.9943237304688,646.4943237304688,9,21195,0
391,1074361,970.25,657.25,3,21195,1
391,1074362,737.0,792.25,2,21195,2
391,1074363,1215.2333984375,685.9166870117188,6,21196,0
391,1074364,1183.952392578125,663.9047241210938,6,21196,1
391,1074365,1007.5555419921875,645.5833129882812,10,21197,0
391,1074366,1197.5,648.5,1,21197,1
391,1074367,970.75,657.6666870117188,4,21197,2
391,1074368,1153.6666259765625,660.6666870117188,4,21198,0
391,1074369,1178.3333740234375,664.0833129882812,2,21198,1
391,1074370,1175.6875,666.3333129882812,7,21198,2
391,1074371,1472.6666259765625,944.6666870117188,3,21198,3
391,1074372,997.5,644.8055419921875,10,21199,0
391,1074373,970.25,657.25,4,21199,1
391,1074374,737.0,792.25,2,21199,2
391,1074375,997.5,644.8055419921875,10,21200,0
391,1074376,970.25,657.25,4,21200,1
391,1074377,850.25,691.75,2,21201,0
391,1074378,875.25,716.5,2,21201,1
391,1074379,737.0,792.25,2,21201,2
391,1074380,1235.3333740234375,706.1666870117188,4,21202,0
391,1074381,1215.0,676.75,4,21202,1
391,1074382,1496.5,949.0,2,21202,2
391,1074383,863.75,721.3333129882812,3,21203,0
391,1074384,1235.3333740234375,706.1666870117188,2,21204,0
391,1074385,1216.1666259765625,700.25,3,21204,1
391,1074386,1515.5,969.0,2,21204,2
391,1074387,1002.5807495117188,646.1846313476562,10,21205,0
391,1074388,1197.5,648.5,1,21205,1
391,1074389,970.75,657.6666870117188,5,21205,2
391,1074390,1202.5,672.0,2,21206,0
391,1074391,1183.7916259765625,656.4583129882812,4,21206,1
391,1074392,1153.6666259765625,660.6666870117188,3,21206,2
391,1074393,747.0,728.0,1,21207,0
391,1074394,737.0,792.25,2,21207,1
391,1074395,1185.0166015625,656.38330078125,5,21208,0
391,1074396,1496.5,949.0,2,21208,1
391,1074397,1205.550048828125,678.6749877929688,6,21208,2
391,1074398,1122.5,684.5,1,21209,0
391,1074399,1141.5833740234375,663.375,6,21209,1
391,1074400,1131.0,648.5,1,21209,2
391,1074401,1149.5,662.5,1,21209,3
391,1074402,1161.7125244140625,665.75,9,21210,0
391,1074403,1481.5,929.0,2,21210,1
391,1074404,1178.3333740234375,664.0833129882812,2,21210,2
391,1074405,1149.5,662.5,2,21210,3
391,1074406,1038.9117431640625,650.6449584960938,15,21211,0
391,1074407,896.5,697.0,1,21212,0
391,1074408,874.75,685.0833129882812,2,21212,1
391,1074409,970.75,657.6666870117188,5,21213,0
391,1074410,1002.5807495117188,646.1846313476562,10,21213,1
391,1074411,1197.5,648.5,1,21213,2
391,1074412,911.3333129882812,674.5833129882812,2,21214,0
391,1074413,737.0,792.25,2,21214,1
391,1074414,953.5,664.0,2,21214,2
391,1074415,960.0,641.0,1,21214,3
391,1074416,896.5,697.0,1,21214,4
391,1074417,1175.6875,666.3333129882812,7,21215,0
391,1074418,1449.5,941.3333129882812,2,21215,1
391,1074419,1178.3333740234375,664.0833129882812,2,21215,2
391,1074420,1153.6666259765625,660.6666870117188,4,21215,3
391,1074421,1067.2083740234375,648.875,6,21216,0
391,1074422,1126.75,666.5,2,21216,1
391,1074423,970.75,657.6666870117188,3,21216,2
391,1074424,1007.5555419921875,645.5833129882812,10,21217,0
391,1074425,1197.5,648.5,1,21217,1
391,1074426,970.75,657.6666870117188,4,21217,2
391,1074427,1168.7713623046875,667.528564453125,6,21218,0
391,1074428,1200.3333740234375,685.6666870117188,6,21218,1
391,1074429,1011.9204711914062,645.977294921875,9,21219,0
391,1074430,1197.5,648.5,1,21219,1
391,1074431,970.75,657.6666870117188,4,21219,2
391,1074432,997.5,644.8055419921875,10,21220,0
391,1074433,970.25,657.25,4,21220,1
391,1074434,876.75,747.75,2,21221,0
391,1074435,737.0,792.25,3,21222,0
391,1074436,896.5142822265625,674.4285888671875,5,21222,1
391,1074437,1131.0,648.5,1,21223,0
391,1074438,1154.75390625,666.8175048828125,8,21223,1
391,1074439,1149.5,662.5,2,21223,2
391,1074440,997.5,644.8055419921875,10,21224,0
391,1074441,1197.5,648.5,1,21224,1
391,1074442,970.25,657.25,4,21224,2
391,1074443,737.0,792.25,3,21225,0
391,1074444,901.875,670.75,4,21225,1
391,1074445,1455.3499755859375,947.875,4,21226,0
391,1074446,1149.5,662.5,2,21226,1
391,1074447,1437.5833740234375,939.0416870117188,3,21227,0
391,1074448,1174.0416259765625,651.3333129882812,3,21227,1
391,1074449,1202.75,685.0,3,21227,2
391,1074450,1437.5833740234375,939.0416870117188,3,21228,0
391,1074451,1157.0,650.0,2,21228,1
391,1074452,1455.3499755859375,947.875,4,21229,0
391,1074453,1174.0416259765625,651.3333129882812,3,21229,1
391,1074454,1220.333251953125,695.1666870117188,4,21229,2
391,1074455,1476.3333740234375,956.75,2,21230,0
391,1074456,1232.25,657.0,2,21230,1
391,1074457,1218.6666259765625,695.4166870117188,3,21230,2
401,1074342,971.1348876953125,647.1824951171875,7,21188,0
401,1074343,970.25,657.25,3,21188,1
401,1074344,737.0,792.25,2,21188,2
401,1074345,970.25,657.25,5,21189,0
401,1074346,996.3831176757812,647.8538818359375,11,21189,1
401,1074347,1197.5,648.5,1,21189,2
401,1074348,874.75,685.0833129882812,2,21190,0
401,1074349,875.25,716.5,2,21190,1
401,1074350,754.0,785.0,1,21190,2
401,1074351,997.5,644.8055419921875,10,21191,0
401,1074352,970.25,657.25,4,21191,1
401,1074353,1112.8863525390625,660.9646606445312,20,21192,0
401,1074354,1183.952392578125,663.9047241210938,7,21193,0
401,1074355,1202.0833740234375,679.4166870117188,6,21193,1
401,1074356,1183.0858154296875,663.8713989257812,5,21194,0
401,1074357,1481.5,929.0,2,21194,1
401,1074358,1178.3333740234375,664.0833129882812,3,21194,2
401,1074359,1153.6666259765625,660.6666870117188,3,21194,3
401,1074360,978.9943237304688,646.4943237304688,9,21195,0
401,1074361,970.25,657.25,3,21195,1
401,1074362,737.0,792.25,2,21195,2
401,1074363,1215.2333984375,685.9166870117188,6,21196,0
401,1074364,1183.952392578125,663.9047241210938,6,21196,1
401,1074365,1007.5555419921875,645.5833129882812,10,21197,0
401,1074366,1197.5,648.5,1,21197,1
401,1074367,970.75,657.6666870117188,4,21197,2
401,1074368,1153.6666259765625,660.6666870117188,4,21198,0
401,1074369,1178.3333740234375,664.0833129882812,2,21198,1
401,1074370,1175.6875,666.3333129882812,7,21198,2
401,1074371,1472.6666259765625,944.6666870117188,3,21198,3
401,1074372,997.5,644.8055419921875,10,21199,0
401,1074373,970.25,657.25,4,21199,1
401,1074374,737.0,792.25,2,21199,2
401,1074375,997.5,644.8055419921875,10,21200,0
401,1074376,970.25,657.25,4,21200,1
401,1074377,850.25,691.75,2,21201,0
401,1074378,875.25,716.5,2,21201,1
401,1074379,737.0,792.25,2,21201,2
401,1074380,1235.3333740234375,706.1666870117188,4,21202,0
401,1074381,1215.0,676.75,4,21202,1
401,1074382,1496.5,949.0,2,21202,2
401,1074383,863.75,721.3333129882812,3,21203,0
401,1074384,1235.3333740234375,706.1666870117188,2,21204,0
401,1074385,1216.1666259765625,700.25,3,21204,1
401,1074386,1515.5,969.0,2,21204,2
401,1074387,1002.5807495117188,646.1846313476562,10,21205,0
401,1074388,1197.5,648.5,1,21205,1
401,1074389,970.75,657.6666870117188,5,21205,2
401,1074390,1202.5,672.0,2,21206,0
401,1074391,1183.7916259765625,656.4583129882812,4,21206,1
401,1074392,1153.6666259765625,660.6666870117188,3,21206,2
401,1074393,747.0,728.0,1,21207,0
401,1074394,737.0,792.25,2,21207,1
401,1074395,1185.0166015625,656.38330078125,5,21208,0
401,1074396,1496.5,949.0,2,21208,1
401,1074397,1205.550048828125,678.6749877929688,6,21208,2
401,1074398,1122.5,684.5,1,21209,0
401,1074399,1141.5833740234375,663.375,6,21209,1
401,1074400,1131.0,648.5,1,21209,2
401,1074401,1149.5,662.5,1,21209,3
401,1074402,1161.7125244140625,665.75,9,21210,0
401,1074403,1481.5,929.0,2,21210,1
401,1074404,1178.3333740234375,664.0833129882812,2,21210,2
401,1074405,1149.5,662.5,2,21210,3
401,1074406,1038.9117431640625,650.6449584960938,15,21211,0
401,1074407,896.5,697.0,1,21212,0
401,1074408,874.75,685.0833129882812,2,21212,1
401,1074409,970.75,657.6666870117188,5,21213,0
401,1074410,1002.5807495117188,646.1846313476562,10,21213,1
401,1074411,1197.5,648.5,1,21213,2
401,1074412,911.3333129882812,674.5833129882812,2,21214,0
401,1074413,737.0,792.25,2,21214,1
401,1074414,953.5,664.0,2,21214,2
401,1074415,960.0,641.0,1,21214,3
401,1074416,896.5,697.0,1,21214,4
401,1074417,1175.6875,666.3333129882812,7,21215,0
401,1074418,1449.5,941.3333129882812,2,21215,1
401,1074419,1178.3333740234375,664.0833129882812,2,21215,2
401,1074420,1153.6666259765625,660.6666870117188,4,21215,3
401,1074421,1067.2083740234375,648.875,6,21216,0
401,1074422,1126.75,666.5,2,21216,1
401,1074423,970.75,657.6666870117188,3,21216,2
401,1074424,1007.5555419921875,645.5833129882812,10,21217,0
401,1074425,1197.5,648.5,1,21217,1
401,1074426,970.75,657.6666870117188,4,21217,2
401,1074427,1168.7713623046875,667.528564453125,6,21218,0
401,1074428,1200.3333740234375,685.6666870117188,6,21218,1
401,1074429,1011.9204711914062,645.977294921875,9,21219,0
401,1074430,1197.5,648.5,1,21219,1
401,1074431,970.75,657.6666870117188,4,21219,2
401,1074432,997.5,644.8055419921875,10,21220,0
401,1074433,970.25,657.25,4,21220,1
401,1074434,876.75,747.75,2,21221,0
401,1074435,737.0,792.25,3,21222,0
401,1074436,896.5142822265625,674.4285888671875,5,21222,1
401,1074437,1131.0,648.5,1,21223,0
401,1074438,1154.75390625,666.8175048828125,8,21223,1
401,1074439,1149.5,662.5,2,21223,2
401,1074440,997.5,644.8055419921875,10,21224,0
401,1074441,1197.5,648.5,1,21224,1
401,1074442,970.25,657.25,4,21224,2
401,1074443,737.0,792.25,3,21225,0
401,1074444,901.875,670.75,4,21225,1
401,1074445,1455.3499755859375,947.875,4,21226,0
401,1074446,1149.5,662.5,2,21226,1
401,1074447,1437.5833740234375,939.0416870117188,3,21227,0
401,1074448,1174.0416259765625,651.3333129882812,3,21227,1
401,1074449,1202.75,685.0,3,21227,2
401,1074450,1437.5833740234375,939.0416870117188,3,21228,0
401,1074451,1157.0,650.0,2,21228,1
401,1074452,1455.3499755859375,947.875,4,21229,0
401,1074453,1174.0416259765625,651.3333129882812,3,21229,1
401,1074454,1220.333251953125,695.1666870117188,4,21229,2
401,1074455,1476.3333740234375,956.75,2,21230,0
401,1074456,1232.25,657.0,2,21230,1
401,1074457,1218.6666259765625,695.4166870117188,3,21230,2
411,1074342,967.9348754882812,650.08251953125,5,21188,0
411,1074343,959.5,658.75,2,21188,1
411,1074344,746.0,789.25,2,21188,2
411,1074345,965.0,658.875,4,21189,0
411,1074346,991.0081176757812,649.9163818359375,8,21189,1
411,1074347,1191.5,648.0,1,21189,2
411,1074348,861.5,692.8333129882812,2,21190,0
411,1074349,887.25,732.0,2,21190,1
411,1074350,763.5,781.5,1,21190,2
411,1074351,992.6875,647.1805419921875,8,21191,0
411,1074352,963.75,658.5833129882812,3,21191,1
411,1074353,1109.0040283203125,661.4058227539062,17,21192,0
411,1074354,1186.8809814453125,666.4047241210938,7,21193,0
411,1074355,1210.666748046875,685.3333740234375,6,21193,1
411,1074356,1183.2857666015625,664.7714233398438,5,21194,0
411,1074357,1475.25,923.25,2,21194,1
411,1074358,1178.0833740234375,664.0833129882812,2,21194,2
411,1074359,1157.1666259765625,664.6666870117188,3,21194,3
411,1074360,975.0657348632812,648.9229125976562,7,21195,0
411,1074361,964.25,659.0,2,21195,1
411,1074362,746.0,789.25,2,21195,2
411,1074363,1225.9000244140625,692.75,6,21196,0
411,1074364,1185.2857666015625,665.9047241210938,6,21196,1
411,1074365,1003.3680419921875,647.9583129882812,8,21197,0
411,1074366,1191.5,648.0,1,21197,1
411,1074367,966.0,658.6666870117188,4,21197,2
411,1074368,1153.2666015625,660.7666625976562,5,21198,0
411,1074369,1178.0,663.25,3,21198,1
411,1074370,1175.4375,667.0,6,21198,2
411,1074371,1469.1666259765625,940.1666870117188,2,21198,3
411,1074372,992.6875,647.1805419921875,8,21199,0
411,1074373,963.75,658.5833129882812,3,21199,1
411,1074374,746.0,789.25,2,21199,2
411,1074375,992.6875,647.1805419921875,8,21200,0
411,1074376,963.75,658.5833129882812,3,21200,1
411,1074377,838.5,701.25,2,21201,0
411,1074378,887.25,732.0,2,21201,1
411,1074379,746.0,789.25,2,21201,2
411,1074380,1234.9583740234375,708.5416870117188,4,21202,0
411,1074381,1224.5,681.25,4,21202,1
411,1074382,1496.0,943.5,2,21202,2
411,1074383,854.25,731.5833129882812,2,21203,0
411,1074384,1238.0,711.6666870117188,3,21204,0
411,1074385,1235.6666259765625,708.25,2,21204,1
411,1074386,1511.75,962.25,2,21204,2
411,1074387,998.3932495117188,648.5596313476562,8,21205,0
411,1074388,1191.5,648.0,1,21205,1
411,1074389,964.9500122070312,658.86669921875,5,21205,2
411,1074390,1203.3333740234375,671.8333129882812,3,21206,0
411,1074391,1184.625,658.2916259765625,3,21206,1
411,1074392,1157.1666259765625,664.6666870117188,3,21206,2
411,1074393,685.5,742.5,1,21207,0
411,1074394,746.0,789.25,2,21207,1
411,1074395,1187.9166259765625,658.5833129882812,5,21208,0
411,1074396,1496.0,943.5,2,21208,1
411,1074397,1211.25,680.7749633789062,5,21208,2
411,1074398,1123.0,685.25,2,21209,0
411,1074399,1135.5833740234375,665.375,4,21209,1
411,1074400,1131.0,648.5,1,21209,2
411,1074401,1153.25,663.75,2,21209,3
411,1074402,1159.9267578125,667.3928833007812,7,21210,0
411,1074403,1475.25,923.25,2,21210,1
411,1074404,1177.8333740234375,662.8333129882812,2,21210,2
411,1074405,1149.75,663.5,4,21210,3
411,1074406,1033.873291015625,652.1449584960938,13,21211,0
411,1074407,897.0,713.0,1,21212,0
411,1074408,861.5,692.8333129882812,2,21212,1
411,1074409,964.9500122070312,658.86669921875,5,21213,0
411,1074410,998.3932495117188,648.5596313476562,8,21213,1
411,1074411,1191.5,648.0,1,21213,2
411,1074412,908.3333129882812,679.0833129882812,2,21214,0
411,1074413,746.0,789.25,2,21214,1
411,1074414,947.5,665.75,2,21214,2
411,1074415,952.5,644.0,1,21214,3
411,1074416,897.0,713.0,1,21214,4
411,1074417,1175.4375,667.0,6,21215,0
411,1074418,1443.25,935.5833129882812,2,21215,1
411,1074419,1178.0,663.25,3,21215,2
411,1074420,1155.0416259765625,662.2916870117188,4,21215,3
411,1074421,1061.4583740234375,651.5,4,21216,0
411,1074422,1125.5,666.25,2,21216,1
411,1074423,968.0833129882812,658.3333740234375,3,21216,2
411,1074424,1003.3680419921875,647.9583129882812,8,21217,0
411,1074425,1191.5,648.0,1,21217,1
411,1074426,966.0,658.6666870117188,4,21217,2
411,1074427,1171.354736328125,670.028564453125,6,21218,0
411,1074428,1210.7333984375,692.7666625976562,5,21218,1
411,1074429,1005.9918823242188,648.1915893554688,7,21219,0
411,1074430,1191.5,648.0,1,21219,1
411,1074431,965.5833129882812,657.8333740234375,3,21219,2
411,1074432,992.6875,647.1805419921875,8,21220,0
411,1074433,963.75,658.5833129882812,3,21220,1
411,1074434,892.75,759.5,2,21221,0
411,1074435,728.0,796.5,2,21222,0
411,1074436,885.2142944335938,679.528564453125,5,21222,1
411,1074437,1131.0,648.5,1,21223,0
411,1074438,1150.50390625,668.2341918945312,6,21223,1
411,1074439,1149.8333740234375,663.8333129882812,3,21223,2
411,1074440,992.6875,647.1805419921875,8,21224,0
411,1074441,1191.5,648.0,1,21224,1
411,1074442,963.75,658.5833129882812,3,21224,2
411,1074443,728.0,796.5,2,21225,0
411,1074444,886.75,675.375,4,21225,1
411,1074445,1449.8499755859375,942.5416870117188,3,21226,0
411,1074446,1151.0,661.0,3,21226,1
411,1074447,1431.5833740234375,935.5416870117188,2,21227,0
411,1074448,1179.2916259765625,656.0833129882812,2,21227,1
411,1074449,1212.5833740234375,687.1666870117188,3,21227,2
411,1074450,1431.5833740234375,935.5416870117188,2,21228,0
411,1074451,1153.3333740234375,646.5,3,21228,1
411,1074452,1449.8499755859375,942.5416870117188,3,21229,0
411,1074453,1179.2916259765625,656.0833129882812,2,21229,1
411,1074454,1233.708251953125,702.4166870117188,4,21229,2
411,1074455,1467.0833740234375,952.0,2,21230,0
411,1074456,1256.75,667.75,2,21230,1
411,1074457,1228.4166259765625,702.1666870117188,2,21230,2
431,1074458,857.1666870117188,692.1666870117188,3,21231,0
431,1074459,888.0,701.25,2,21231,1
431,1074460,386.5,977.5,1,21231,2
431,1074461,934.8181762695312,653.4545288085938,11,21232,0
431,1074462,930.375,670.875,4,21232,1
431,1074463,925.227294921875,657.5908813476562,11,21233,0
431,1074464,888.0,701.25,2,21233,1
431,1074465,930.375,670.875,4,21234,0
431,1074466,945.5,650.25,8,21234,1
431,1074467,1109.25,667.625,4,21235,0
431,1074468,1156.25,649.5,2,21235,1
431,1074469,899.0,698.0,1,21235,2
431,1074470,1231.75,710.25,4,21236,0
431,1074471,1232.0,714.75,2,21236,1
431,1074472,1389.25,817.5,2,21236,2
431,1074473,857.1666870117188,692.1666870117188,3,21237,0
431,1074474,888.0,701.25,2,21237,1
431,1074475,1172.0,648.5,3,21238,0
431,1074476,1195.0,699.5,1,21238,1
431,1074477,1288.0,713.5,1,21238,2
431,1074478,1389.25,817.5,2,21238,3
431,1074479,1129.5,655.5,1,21238,4
431,1074480,938.3499755859375,652.6500244140625,10,21239,0
431,1074481,930.375,670.875,4,21239,1
431,1074482,887.5,673.5,7,21240,0
431,1074483,888.0,701.25,2,21240,1
431,1074484,922.5,658.4500122070312,10,21241,0
431,1074485,888.0,701.25,2,21241,1
431,1074486,930.5,656.125,12,21242,0
431,1074487,930.375,670.875,4,21242,1
431,1074488,1192.5,648.25,2,21243,0
431,1074489,1195.0,699.5,1,21243,1
431,1074490,1288.0,713.5,1,21243,2
431,1074491,1389.25,817.5,2,21243,3
431,1074492,1244.0,713.8333129882812,3,21244,0
431,1074493,1288.0,713.5,1,21244,1
431,1074494,1389.25,817.5,2,21244,2
431,1074495,1095.6666259765625,655.5,3,21245,0
431,1074496,888.0,701.25,2,21245,1
431,1074497,1231.75,710.25,4,21246,0
431,1074498,1288.0,713.5,1,21246,1
431,1074499,1389.25,817.5,2,21246,2
431,1074500,934.8181762695312,653.4545288085938,11,21247,0
431,1074501,930.375,670.875,4,21247,1
431,1074502,934.8181762695312,653.4545288085938,11,21248,0
431,1074503,930.375,670.875,4,21248,1
431,1074504,898.0,749.0,1,21249,0
431,1074505,888.0,701.25,2,21249,1
431,1074506,1210.300048828125,682.9000244140625,5,21250,0
431,1074507,1197.5,718.625,4,21250,1
431,1074508,1389.25,817.5,2,21250,2
431,1074509,930.375,670.875,4,21251,0
431,1074510,945.5,650.25,8,21251,1
431,1074511,934.8181762695312,653.4545288085938,11,21252,0
431,1074512,930.375,670.875,4,21252,1
431,1074513,1109.25,667.625,4,21253,0
431,1074514,888.0,701.25,2,21253,1
431,1074515,1131.0,649.0,1,21253,2
431,1074516,942.2222290039062,652.0555419921875,9,21254,0
431,1074517,930.375,670.875,4,21254,1
431,1074518,930.5,656.125,12,21255,0
431,1074519,888.0,701.25,2,21255,1
431,1074520,930.375,670.875,4,21256,0
431,1074521,946.638916015625,665.5555419921875,18,21256,1
431,1074522,1156.25,649.5,2,21257,0
431,1074523,1166.0,700.8571166992188,7,21257,1
431,1074524,934.8181762695312,653.4545288085938,11,21258,0
431,1074525,930.375,670.875,4,21258,1
431,1074526,930.375,670.875,4,21259,0
431,1074527,935.88232421875,666.1470336914062,17,21259,1
431,1074528,1162.75,720.125,4,21260,0
431,1074529,1195.0,699.5,1,21260,1
431,1074530,1131.0,649.0,1,21260,2
431,1074531,1187.800048828125,718.7999877929688,5,21261,0
431,1074532,1209.75,699.5,2,21261,1
431,1074533,1131.0,649.0,1,21261,2
431,1074534,1162.75,720.125,4,21262,0
431,1074535,1131.0,649.0,1,21262,1
431,1074536,1145.6666259765625,698.75,6,21263,0
431,1074537,1195.0,699.5,1,21263,1
431,1074538,1131.0,649.0,1,21263,2
431,1074539,1232.0,714.75,2,21264,0
431,1074540,1206.142822265625,683.7857055664062,7,21264,1
431,1074541,1389.25,817.5,2,21265,0
431,1074542,1218.6666259765625,689.5833129882812,6,21265,1
431,1074543,1389.25,817.5,2,21266,0
431,1074544,1218.6666259765625,689.5833129882812,6,21266,1
431,1074545,386.5,977.5,1,21267,0
431,1074546,841.5,705.0,1,21267,1
441,1074458,857.1666870117188,692.1666870117188,3,21231,0
441,1074459,888.0,701.25,2,21231,1
441,1074460,386.5,977.5,1,21231,2
441,1074461,934.8181762695312,653.4545288085938,11,21232,0
441,1074462,930.375,670.875,4,21232,1
441,1074463,925.227294921875,657.5908813476562,11,21233,0
441,1074464,888.0,701.25,2,21233,1
441,1074465,930.375,670.875,4,21234,0
441,1074466,945.5,650.25,8,21234,1
441,1074467,1109.25,667.625,4,21235,0
441,1074468,1156.25,649.5,2,21235,1
441,1074469,899.0,698.0,1,21235,2
441,1074470,1231.75,710.25,4,21236,0
441,1074471,1232.0,714.75,2,21236,1
441,1074472,1389.25,817.5,2,21236,2
441,1074473,857.1666870117188,692.1666870117188,3,21237,0
441,1074474,888.0,701.25,2,21237,1
441,1074475,1172.0,648.5,3,21238,0
441,1074476,1195.0,699.5,1,21238,1
441,1074477,1288.0,713.5,1,21238,2
441,1074478,1389.25,817.5,2,21238,3
441,1074479,1129.5,655.5,1,21238,4
441,1074480,938.3499755859375,652.6500244140625,10,21239,0
441,1074481,930.375,670.875,4,21239,1
441,1074482,887.5,673.5,7,21240,0
441,1074483,888.0,701.25,2,21240,1
441,1074484,922.5,658.4500122070312,10,21241,0
441,1074485,888.0,701.25,2,21241,1
441,1074486,930.5,656.125,12,21242,0
441,1074487,930.375,670.875,4,21242,1
441,1074488,1192.5,648.25,2,21243,0
441,1074489,1195.0,699.5,1,21243,1
441,1074490,1288.0,713.5,1,21243,2
441,1074491,1389.25,817.5,2,21243,3
441,1074492,1244.0,713.8333129882812,3,21244,0
441,1074493,1288.0,713.5,1,21244,1
441,1074494,1389.25,817.5,2,21244,2
441,1074495,1095.6666259765625,655.5,3,21245,0
441,1074496,888.0,701.25,2,21245,1
441,1074497,1231.75,710.25,4,21246,0
441,1074498,1288.0,713.5,1,21246,1
441,1074499,1389.25,817.5,2,21246,2
441,1074500,934.8181762695312,653.4545288085938,11,21247,0
441,1074501,930.375,670.875,4,21247,1
441,1074502,934.8181762695312,653.4545288085938,11,21248,0
441,1074503,930.375,670.875,4,21248,1
441,1074504,898.0,749.0,1,21249,0
441,1074505,888.0,701.25,2,21249,1
441,1074506,1210.300048828125,682.9000244140625,5,21250,0
441,1074507,1197.5,718.625,4,21250,1
441,1074508,1389.25,817.5,2,21250,2
441,1074509,930.375,670.875,4,21251,0
441,1074510,945.5,650.25,8,21251,1
441,1074511,934.8181762695312,653.4545288085938,11,21252,0
441,1074512,930.375,670.875,4,21252,1
441,1074513,1109.25,667.625,4,21253,0
441,1074514,888.0,701.25,2,21253,1
441,1074515,1131.0,649.0,1,21253,2
441,1074516,942.2222290039062,652.0555419921875,9,21254,0
441,1074517,930.375,670.875,4,21254,1
441,1074518,930.5,656.125,12,21255,0
441,1074519,888.0,701.25,2,21255,1
441,1074520,930.375,670.875,4,21256,0
441,1074521,946.638916015625,665.5555419921875,18,21256,1
441,1074522,1156.25,649.5,2,21257,0
441,1074523,1166.0,700.8571166992188,7,21257,1
441,1074524,934.8181762695312,653.4545288085938,11,21258,0
441,1074525,930.375,670.875,4,21258,1
441,1074526,930.375,670.875,4,21259,0
441,1074527,935.88232421875,666.1470336914062,17,21259,1
441,1074528,1162.75,720.125,4,21260,0
441,1074529,1195.0,699.5,1,21260,1
441,1074530,1131.0,649.0,1,21260,2
441,1074531,1187.800048828125,718.7999877929688,5,21261,0
441,1074532,1209.75,699.5,2,21261,1
441,1074533,1131.0,649.0,1,21261,2
441,1074534,1162.75,720.125,4,21262,0
441,1074535,1131.0,649.0,1,21262,1
441,1074536,1145.6666259765625,698.75,6,21263,0
441,1074537,1195.0,699.5,1,21263,1
441,1074538,1131.0,649.0,1,21263,2
441,1074539,1232.0,714.75,2,21264,0
441,1074540,1206.142822265625,683.7857055664062,7,21264,1
441,1074541,1389.25,817.5,2,21265,0
441,1074542,1218.6666259765625,689.5833129882812,6,21265,1
441,1074543,1389.25,817.5,2,21266,0
441,1074544,1218.6666259765625,689.5833129882812,6,21266,1
441,1074545,386.5,977.5,1,21267,0
441,1074546,841.5,705.0,1,21267,1
451,1074458,857.1666870117188,692.1666870117188,3,21231,0
451,1074459,888.0,701.25,2,21231,1
451,1074460,386.5,977.5,1,21231,2
451,1074461,934.8181762695312,653.4545288085938,11,21232,0
451,1074462,930.375,670.875,4,21232,1
451,1074463,925.227294921875,657.5908813476562,11,21233,0
451,1074464,888.0,701.25,2,21233,1
451,1074465,930.375,670.875,4,21234,0
451,1074466,945.5,650.25,8,21234,1
451,1074467,1109.25,667.625,4,21235,0
451,1074468,1156.25,649.5,2,21235,1
451,1074469,899.0,698.0,1,21235,2
451,1074470,1231.75,710.25,4,21236,0
451,1074471,1232.0,714.75,2,21236,1
451,1074472,1389.25,817.5,2,21236,2
451,1074473,857.1666870117188,692.1666870117188,3,21237,0
451,1074474,888.0,701.25,2,21237,1
451,1074475,1172.0,648.5,3,21238,0
451,1074476,1195.0,699.5,1,21238,1
451,1074477,1288.0,713.5,1,21238,2
451,1074478,1389.25,817.5,2,21238,3
451,1074479,1129.5,655.5,1,21238,4
451,1074480,938.3499755859375,652.6500244140625,10,21239,0
451,1074481,930.375,670.875,4,21239,1
451,1074482,887.5,673.5,7,21240,0
451,1074483,888.0,701.25,2,21240,1
451,1074484,922.5,658.4500122070312,10,21241,0
451,1074485,888.0,701.25,2,21241,1
451,1074486,930.5,656.125,12,21242,0
451,1074487,930.375,670.875,4,21242,1
451,1074488,1192.5,648.25,2,21243,0
451,1074489,1195.0,699.5,1,21243,1
451,1074490,1288.0,713.5,1,21243,2
451,1074491,1389.25,817.5,2,21243,3
451,1074492,1244.0,713.8333129882812,3,21244,0
451,1074493,1288.0,713.5,1,21244,1
451,1074494,1389.25,817.5,2,21244,2
451,1074495,1095.6666259765625,655.5,3,21245,0
451,1074496,888.0,701.25,2,21245,1
451,1074497,1231.75,710.25,4,21246,0
451,1074498,1288.0,713.5,1,21246,1
451,1074499,1389.25,817.5,2,21246,2
451,1074500,934.8181762695312,653.4545288085938,11,21247,0
451,1074501,930.375,670.875,4,21247,1
451,1074502,934.8181762695312,653.4545288085938,11,21248,0
451,1074503,930.375,670.875,4,21248,1
451,1074504,898.0,749.0,1,21249,0
451,1074505,888.0,701.25,2,21249,1
451,1074506,1210.300048828125,682.9000244140625,5,21250,0
451,1074507,1197.5,718.625,4,21250,1
451,1074508,1389.25,817.5,2,21250,2
451,1074509,930.375,670.875,4,21251,0
451,1074510,945.5,650.25,8,21251,1
451,1074511,934.8181762695312,653.4545288085938,11,21252,0
451,1074512,930.375,670.875,4,21252,1
451,1074513,1109.25,667.625,4,21253,0
451,1074514,888.0,701.25,2,21253,1
451,1074515,1131.0,649.0,1,21253,2
451,1074516,942.2222290039062,652.0555419921875,9,21254,0
451,1074517,930.375,670.875,4,21254,1
451,1074518,930.5,656.125,12,21255,0
451,1074519,888.0,701.25,2,21255,1
451,1074520,930.375,670.875,4,21256,0
451,1074521,946.638916015625,665.5555419921875,18,21256,1
451,1074522,1156.25,649.5,2,21257,0
451,1074523,1166.0,700.8571166992188,7,21257,1
451,1074524,934.8181762695312,653.4545288085938,11,21258,0
451,1074525,930.375,670.875,4,21258,1
451,1074526,930.375,670.875,4,21259,0
451,1074527,935.88232421875,666.1470336914062,17,21259,1
451,1074528,1162.75,720.125,4,21260,0
451,1074529,1195.0,699.5,1,21260,1
451,1074530,1131.0,649.0,1,21260,2
451,1074531,1187.800048828125,718.7999877929688,5,21261,0
451,1074532,1209.75,699.5,2,21261,1
451,1074533,1131.0,649.0,1,21261,2
451,1074534,1162.75,720.125,4,21262,0
451,1074535,1131.0,649.0,1,21262,1
451,1074536,1145.6666259765625,698.75,6,21263,0
451,1074537,1195.0,699.5,1,21263,1
451,1074538,1131.0,649.0,1,21263,2
451,1074539,1232.0,714.75,2,21264,0
451,1074540,1206.142822265625,683.7857055664062,7,21264,1
451,1074541,1389.25,817.5,2,21265,0
451,1074542,1218.6666259765625,689.5833129882812,6,21265,1
451,1074543,1389.25,817.5,2,21266,0
451,1074544,1218.6666259765625,689.5833129882812,6,21266,1
451,1074545,386.5,977.5,1,21267,0
451,1074546,841.5,705.0,1,21267,1
461,1074458,857.1666870117188,692.1666870117188,3,21231,0
461,1074459,888.0,701.25,2,21231,1
461,1074460,386.5,977.5,1,21231,2
461,1074461,934.8181762695312,653.4545288085938,11,21232,0
461,1074462,930.375,670.875,4,21232,1
461,1074463,925.227294921875,657.5908813476562,11,21233,0
461,1074464,888.0,701.25,2,21233,1
461,1074465,930.375,670.875,4,21234,0
461,1074466,945.5,650.25,8,21234,1
461,1074467,1109.25,667.625,4,21235,0
461,1074468,1156.25,649.5,2,21235,1
461,1074469,899.0,698.0,1,21235,2
461,1074470,1231.75,710.25,4,21236,0
461,1074471,1232.0,714.75,2,21236,1
461,1074472,1389.25,817.5,2,21236,2
461,1074473,857.1666870117188,692.1666870117188,3,21237,0
461,1074474,888.0,701.25,2,21237,1
461,1074475,1172.0,648.5,3,21238,0
461,1074476,1195.0,699.5,1,21238,1
461,1074477,1288.0,713.5,1,21238,2
461,1074478,1389.25,817.5,2,21238,3
461,1074479,1129.5,655.5,1,21238,4
461,1074480,938.3499755859375,652.6500244140625,10,21239,0
461,1074481,930.375,670.875,4,21239,1
461,1074482,887.5,673.5,7,21240,0
461,1074483,888.0,701.25,2,21240,1
461,1074484,922.5,658.4500122070312,10,21241,0
461,1074485,888.0,701.25,2,21241,1
461,1074486,930.5,656.125,12,21242,0
461,1074487,930.375,670.875,4,21242,1
461,1074488,1192.5,648.25,2,21243,0
461,1074489,1195.0,699.5,1,21243,1
461,1074490,1288.0,713.5,1,21243,2
461,1074491,1389.25,817.5,2,21243,3
461,1074492,1244.0,713.8333129882812,3,21244,0
461,1074493,1288.0,713.5,1,21244,1
461,1074494,1389.25,817.5,2,21244,2
461,1074495,1095.6666259765625,655.5,3,21245,0
461,1074496,888.0,701.25,2,21245,1
461,1074497,1231.75,710.25,4,21246,0
461,1074498,1288.0,713.5,1,21246,1
461,1074499,1389.25,817.5,2,21246,2
461,1074500,934.8181762695312,653.4545288085938,11,21247,0
461,1074501,930.375,670.875,4,21247,1
461,1074502,934.8181762695312,653.4545288085938,11,21248,0
461,1074503,930.375,670.875,4,21248,1
461,1074504,898.0,749.0,1,21249,0
461,1074505,888.0,701.25,2,21249,1
461,1074506,1210.300048828125,682.9000244140625,5,21250,0
461,1074507,1197.5,718.625,4,21250,1
461,1074508,1389.25,817.5,2,21250,2
461,1074509,930.375,670.875,4,21251,0
461,1074510,945.5,650.25,8,21251,1
461,1074511,934.8181762695312,653.4545288085938,11,21252,0
461,1074512,930.375,670.875,4,21252,1
461,1074513,1109.25,667.625,4,21253,0
461,1074514,888.0,701.25,2,21253,1
461,1074515,1131.0,649.0,1,21253,2
461,1074516,942.2222290039062,652.0555419921875,9,21254,0
461,1074517,930.375,670.875,4,21254,1
461,1074518,930.5,656.125,12,21255,0
461,1074519,888.0,701.25,2,21255,1
461,1074520,930.375,670.875,4,21256,0
461,1074521,946.638916015625,665.5555419921875,18,21256,1
461,1074522,1156.25,649.5,2,21257,0
461,1074523,1166.0,700.8571166992188,7,21257,1
461,1074524,934.8181762695312,653.4545288085938,11,21258,0
461,1074525,930.375,670.875,4,21258,1
461,1074526,930.375,670.875,4,21259,0
461,1074527,935.88232421875,666.1470336914062,17,21259,1
461,1074528,1162.75,720.125,4,21260,0
461,1074529,1195.0,699.5,1,21260,1
461,1074530,1131.0,649.0,1,21260,2
461,1074531,1187.800048828125,718.7999877929688,5,21261,0
461,1074532,1209.75,699.5,2,21261,1
461,1074533,1131.0,649.0,1,21261,2
461,1074534,1162.75,720.125,4,21262,0
461,1074535,1131.0,649.0,1,21262,1
461,1074536,1145.6666259765625,698.75,6,21263,0
461,1074537,1195.0,699.5,1,21263,1
461,1074538,1131.0,649.0,1,21263,2
461,1074539,1232.0,714.75,2,21264,0
461,1074540,1206.142822265625,683.7857055664062,7,21264,1
461,1074541,1389.25,817.5,2,21265,0
461,1074542,1218.6666259765625,689.5833129882812,6,21265,1
461,1074543,1389.25,817.5,2,21266,0
461,1074544,1218.6666259765625,689.5833129882812,6,21266,1
461,1074545,386.5,977.5,1,21267,0
461,1074546,841.5,705.0,1,21267,1
471,1074458,857.1666870117188,692.1666870117188,3,21231,0
471,1074459,888.0,701.25,2,21231,1
471,1074460,386.5,977.5,1,21231,2
471,1074461,934.8181762695312,653.4545288085938,11,21232,0
471,1074462,930.375,670.875,4,21232,1
471,1074463,925.227294921875,657.5908813476562,11,21233,0
471,1074464,888.0,701.25,2,21233,1
471,1074465,930.375,670.875,4,21234,0
471,1074466,945.5,650.25,8,21234,1
471,1074467,1109.25,667.625,4,21235,0
471,1074468,1156.25,649.5,2,21235,1
471,1074469,899.0,698.0,1,21235,2
471,1074470,1231.75,710.25,4,21236,0
471,1074471,1232.0,714.75,2,21236,1
471,1074472,1389.25,817.5,2,21236,2
471,1074473,857.1666870117188,692.1666870117188,3,21237,0
471,1074474,888.0,701.25,2,21237,1
471,1074475,1172.0,648.5,3,21238,0
471,1074476,1195.0,699.5,1,21238,1
471,1074477,1288.0,713.5,1,21238,2
471,1074478,1389.25,817.5,2,21238,3
471,1074479,1129.5,655.5,1,21238,4
471,1074480,938.3499755859375,652.6500244140625,10,21239,0
471,1074481,930.375,670.875,4,21239,1
471,1074482,887.5,673.5,7,21240,0
471,1074483,888.0,701.25,2,21240,1
471,1074484,922.5,658.4500122070312,10,21241,0
471,1074485,888.0,701.25,2,21241,1
471,1074486,930.5,656.125,12,21242,0
471,1074487,930.375,670.875,4,21242,1
471,1074488,1192.5,648.25,2,21243,0
471,1074489,1195.0,699.5,1,21243,1
471,1074490,1288.0,713.5,1,21243,2
471,1074491,1389.25,817.5,2,21243,3
471,1074492,1244.0,713.8333129882812,3,21244,0
471,1074493,1288.0,713.5,1,21244,1
471,1074494,1389.25,817.5,2,21244,2
471,1074495,1095.6666259765625,655.5,3,21245,0
471,1074496,888.0,701.25,2,21245,1
471,1074497,1231.75,710.25,4,21246,0
471,1074498,1288.0,713.5,1,21246,1
471,1074499,1389.25,817.5,2,21246,2
471,1074500,934.8181762695312,653.4545288085938,11,21247,0
471,1074501,930.375,670.875,4,21247,1
471,1074502,934.8181762695312,653.4545288085938,11,21248,0
471,1074503,930.375,670.875,4,21248,1
471,1074504,898.0,749.0,1,21249,0
471,1074505,888.0,701.25,2,21249,1
471,1074506,1210.300048828125,682.9000244140625,5,21250,0
471,1074507,1197.5,718.625,4,21250,1
471,1074508,1389.25,817.5,2,21250,2
471,1074509,930.375,670.875,4,21251,0
471,1074510,945.5,650.25,8,21251,1
471,1074511,934.8181762695312,653.4545288085938,11,21252,0
471,1074512,930.375,670.875,4,21252,1
471,1074513,1109.25,667.625,4,21253,0
471,1074514,888.0,701.25,2,21253,1
471,1074515,1131.0,649.0,1,21253,2
471,1074516,942.2222290039062,652.0555419921875,9,21254,0
471,1074517,930.375,670.875,4,21254,1
471,1074518,930.5,656.125,12,21255,0
471,1074519,888.0,701.25,2,21255,1
471,1074520,930.375,670.875,4,21256,0
471,1074521,946.638916015625,665.5555419921875,18,21256,1
471,1074522,1156.25,649.5,2,21257,0
471,1074523,1166.0,700.8571166992188,7,21257,1
471,1074524,934.8181762695312,653.4545288085938,11,21258,0
471,1074525,930.375,670.875,4,21258,1
471,1074526,930.375,670.875,4,21259,0
471,1074527,935.88232421875,666.1470336914062,17,21259,1
471,1074528,1162.75,720.125,4,21260,0
471,1074529,1195.0,699.5,1,21260,1
471,1074530,1131.0,649.0,1,21260,2
471,1074531,1187.800048828125,718.7999877929688,5,21261,0
471,1074532,1209.75,699.5,2,21261,1
471,1074533,1131.0,649.0,1,21261,2
471,1074534,1162.75,720.125,4,21262,0
471,1074535,1131.0,649.0,1,21262,1
471,1074536,1145.6666259765625,698.75,6,21263,0
471,1074537,1195.0,699.5,1,21263,1
471,1074538,1131.0,649.0,1,21263,2
471,1074539,1232.0,714.75,2,21264,0
471,1074540,1206.142822265625,683.7857055664062,7,21264,1
471,1074541,1389.25,817.5,2,21265,0
471,1074542,1218.6666259765625,689.5833129882812,6,21265,1
471,1074543,1389.25,817.5,2,21266,0
471,1074544,1218.6666259765625,689.5833129882812,6,21266,1
471,1074545,386.5,977.5,1,21267,0
471,1074546,841.5,705.0,1,21267,1
481,1074458,857.1666870117188,692.1666870117188,3,21231,0
481,1074459,888.0,701.25,2,21231,1
481,1074460,386.5,977.5,1,21231,2
481,1074461,934.8181762695312,653.4545288085938,11,21232,0
481,1074462,930.375,670.875,4,21232,1
481,1074463,925.227294921875,657.5908813476562,11,21233,0
481,1074464,888.0,701.25,2,21233,1
481,1074465,930.375,670.875,4,21234,0
481,1074466,945.5,650.25,8,21234,1
481,1074467,1109.25,667.625,4,21235,0
481,1074468,1156.25,649.5,2,21235,1
481,1074469,899.0,698.0,1,21235,2
481,1074470,1231.75,710.25,4,21236,0
481,1074471,1232.0,714.75,2,21236,1
481,1074472,1389.25,817.5,2,21236,2
481,1074473,857.1666870117188,692.1666870117188,3,21237,0
481,1074474,888.0,701.25,2,21237,1
481,1074475,1172.0,648.5,3,21238,0
481,1074476,1195.0,699.5,1,21238,1
481,1074477,1288.0,713.5,1,21238,2
481,1074478,1389.25,817.5,2,21238,3
481,1074479,1129.5,655.5,1,21238,4
481,1074480,938.3499755859375,652.6500244140625,10,21239,0
481,1074481,930.375,670.875,4,21239,1
481,1074482,887.5,673.5,7,21240,0
481,1074483,888.0,701.25,2,21240,1
481,1074484,922.5,658.4500122070312,10,21241,0
481,1074485,888.0,701.25,2,21241,1
481,1074486,930.5,656.125,12,21242,0
481,1074487,930.375,670.875,4,21242,1
481,1074488,1192.5,648.25,2,21243,0
481,1074489,1195.0,699.5,1,21243,1
481,1074490,1288.0,713.5,1,21243,2
481,1074491,1389.25,817.5,2,21243,3
481,1074492,1244.0,713.8333129882812,3,21244,0
481,1074493,1288.0,713.5,1,21244,1
481,1074494,1389.25,817.5,2,21244,2
481,1074495,1095.6666259765625,655.5,3,21245,0
481,1074496,888.0,701.25,2,21245,1
481,1074497,1231.75,710.25,4,21246,0
481,1074498,1288.0,713.5,1,21246,1
481,1074499,1389.25,817.5,2,21246,2
481,1074500,934.8181762695312,653.4545288085938,11,21247,0
481,1074501,930.375,670.875,4,21247,1
481,1074502,934.8181762695312,653.4545288085938,11,21248,0
481,1074503,930.375,670.875,4,21248,1
481,1074504,898.0,749.0,1,21249,0
481,1074505,888.0,701.25,2,21249,1
481,1074506,1210.300048828125,682.9000244140625,5,21250,0
481,1074507,1197.5,718.625,4,21250,1
481,1074508,1389.25,817.5,2,21250,2
481,1074509,930.375,670.875,4,21251,0
481,1074510,945.5,650.25,8,21251,1
481,1074511,934.8181762695312,653.4545288085938,11,21252,0
481,1074512,930.375,670.875,4,21252,1
481,1074513,1109.25,667.625,4,21253,0
481,1074514,888.0,701.25,2,21253,1
481,1074515,1131.0,649.0,1,21253,2
481,1074516,942.2222290039062,652.0555419921875,9,21254,0
481,1074517,930.375,670.875,4,21254,1
481,1074518,930.5,656.125,12,21255,0
481,1074519,888.0,701.25,2,21255,1
481,1074520,930.375,670.875,4,21256,0
481,1074521,946.638916015625,665.5555419921875,18,21256,1
481,1074522,1156.25,649.5,2,21257,0
481,1074523,1166.0,700.8571166992188,7,21257,1
481,1074524,934.8181762695312,653.4545288085938,11,21258,0
481,1074525,930.375,670.875,4,21258,1
481,1074526,930.375,670.875,4,21259,0
481,1074527,935.88232421875,666.1470336914062,17,21259,1
481,1074528,1162.75,720.125,4,21260,0
481,1074529,1195.0,699.5,1,21260,1
481,1074530,1131.0,649.0,1,21260,2
481,1074531,1187.800048828125,718.7999877929688,5,21261,0
481,1074532,1209.75,699.5,2,21261,1
481,1074533,1131.0,649.0,1,21261,2
481,1074534,1162.75,720.125,4,21262,0
481,1074535,1131.0,649.0,1,21262,1
481,1074536,1145.6666259765625,698.75,6,21263,0
481,1074537,1195.0,699.5,1,21263,1
481,1074538,1131.0,649.0,1,21263,2
481,1074539,1232.0,714.75,2,21264,0
481,1074540,1206.142822265625,683.7857055664062,7,21264,1
481,1074541,1389.25,817.5,2,21265,0
481,1074542,1218.6666259765625,689.5833129882812,6,21265,1
481,1074543,1389.25,817.5,2,21266,0
481,1074544,1218.6666259765625,689.5833129882812,6,21266,1
481,1074545,386.5,977.5,1,21267,0
481,1074546,841.5,705.0,1,21267,1
491,1074458,857.1666870117188,692.1666870117188,3,21231,0
491,1074459,888.0,701.25,2,21231,1
491,1074460,386.5,977.5,1,21231,2
491,1074461,934.8181762695312,653.4545288085938,11,21232,0
491,1074462,930.375,670.875,4,21232,1
491,1074463,925.227294921875,657.5908813476562,11,21233,0
491,1074464,888.0,701.25,2,21233,1
491,1074465,930.375,670.875,4,21234,0
491,1074466,945.5,650.25,8,21234,1
491,1074467,1109.25,667.625,4,21235,0
491,1074468,1156.25,649.5,2,21235,1
491,1074469,899.0,698.0,1,21235,2
491,1074470,1231.75,710.25,4,21236,0
491,1074471,1232.0,714.75,2,21236,1
491,1074472,1389.25,817.5,2,21236,2
491,1074473,857.1666870117188,692.1666870117188,3,21237,0
491,1074474,888.0,701.25,2,21237,1
491,1074475,1172.0,648.5,3,21238,0
491,1074476,1195.0,699.5,1,21238,1
491,1074477,1288.0,713.5,1,21238,2
491,1074478,1389.25,817.5,2,21238,3
491,1074479,1129.5,655.5,1,21238,4
491,1074480,938.3499755859375,652.6500244140625,10,21239,0
491,1074481,930.375,670.875,4,21239,1
491,1074482,887.5,673.5,7,21240,0
491,1074483,888.0,701.25,2,21240,1
491,1074484,922.5,658.4500122070312,10,21241,0
491,1074485,888.0,701.25,2,21241,1
491,1074486,930.5,656.125,12,21242,0
491,1074487,930.375,670.875,4,21242,1
491,1074488,1192.5,648.25,2,21243,0
491,1074489,1195.0,699.5,1,21243,1
491,1074490,1288.0,713.5,1,21243,2
491,1074491,1389.25,817.5,2,21243,3
491,1074492,1244.0,713.8333129882812,3,21244,0
491,1074493,1288.0,713.5,1,21244,1
491,1074494,1389.25,817.5,2,21244,2
491,1074495,1095.6666259765625,655.5,3,21245,0
491,1074496,888.0,701.25,2,21245,1
491,1074497,1231.75,710.25,4,21246,0
491,1074498,1288.0,713.5,1,21246,1
491,1074499,1389.25,817.5,2,21246,2
491,1074500,934.8181762695312,653.4545288085938,11,21247,0
491,1074501,930.375,670.875,4,21247,1
491,1074502,934.8181762695312,653.4545288085938,11,21248,0
491,1074503,930.375,670.875,4,21248,1
491,1074504,898.0,749.0,1,21249,0
491,1074505,888.0,701.25,2,21249,1
491,1074506,1210.300048828125,682.9000244140625,5,21250,0
491,1074507,1197.5,718.625,4,21250,1
491,1074508,1389.25,817.5,2,21250,2
491,1074509,930.375,670.875,4,21251,0
491,1074510,945.5,650.25,8,21251,1
491,1074511,934.8181762695312,653.4545288085938,11,21252,0
491,1074512,930.375,670.875,4,21252,1
491,1074513,1109.25,667.625,4,21253,0
491,1074514,888.0,701.25,2,21253,1
491,1074515,1131.0,649.0,1,21253,2
491,1074516,942.2222290039062,652.0555419921875,9,21254,0
491,1074517,930.375,670.875,4,21254,1
491,1074518,930.5,656.125,12,21255,0
491,1074519,888.0,701.25,2,21255,1
491,1074520,930.375,670.875,4,21256,0
491,1074521,946.638916015625,665.5555419921875,18,21256,1
491,1074522,1156.25,649.5,2,21257,0
491,1074523,1166.0,700.8571166992188,7,21257,1
491,1074524,934.8181762695312,653.4545288085938,11,21258,0
491,1074525,930.375,670.875,4,21258,1
491,1074526,930.375,670.875,4,21259,0
491,1074527,935.88232421875,666.1470336914062,17,21259,1
491,1074528,1162.75,720.125,4,21260,0
491,1074529,1195.0,699.5,1,21260,1
491,1074530,1131.0,649.0,1,21260,2
491,1074531,1187.800048828125,718.7999877929688,5,21261,0
491,1074532,1209.75,699.5,2,21261,1
491,1074533,1131.0,649.0,1,21261,2
491,1074534,1162.75,720.125,4,21262,0
491,1074535,1131.0,649.0,1,21262,1
491,1074536,1145.6666259765625,698.75,6,21263,0
491,1074537,1195.0,699.5,1,21263,1
491,1074538,1131.0,649.0,1,21263,2
491,1074539,1232.0,714.75,2,21264,0
491,1074540,1206.142822265625,683.7857055664062,7,21264,1
491,1074541,1389.25,817.5,2,21265,0
491,1074542,1218.6666259765625,689.5833129882812,6,21265,1
491,1074543,1389.25,817.5,2,21266,0
491,1074544,1218.6666259765625,689.5833129882812,6,21266,1
491,1074545,386.5,977.5,1,21267,0
491,1074546,841.5,705.0,1,21267,1
501,1074458,857.1666870117188,692.1666870117188,3,21231,0
501,1074459,888.0,701.25,2,21231,1
501,1074460,386.5,977.5,1,21231,2
501,1074461,934.8181762695312,653.4545288085938,11,21232,0
501,1074462,930.375,670.875,4,21232,1
501,1074463,925.227294921875,657.5908813476562,11,21233,0
501,1074464,888.0,701.25,2,21233,1
501,1074465,930.375,670.875,4,21234,0
501,1074466,945.5,650.25,8,21234,1
501,1074467,1109.25,667.625,4,21235,0
501,1074468,1156.25,649.5,2,21235,1
501,1074469,899.0,698.0,1,21235,2
501,1074470,1231.75,710.25,4,21236,0
501,1074471,1232.0,714.75,2,21236,1
501,1074472,1389.25,817.5,2,21236,2
501,1074473,857.1666870117188,692.1666870117188,3,21237,0
501,1074474,888.0,701.25,2,21237,1
501,1074475,1172.0,648.5,3,21238,0
501,1074476,1195.0,699.5,1,21238,1
501,1074477,1288.0,713.5,1,21238,2
501,1074478,1389.25,817.5,2,21238,3
501,1074479,1129.5,655.5,1,21238,4
501,1074480,938.3499755859375,652.6500244140625,10,21239,0
501,1074481,930.375,670.875,4,21239,1
501,1074482,887.5,673.5,7,21240,0
501,1074483,888.0,701.25,2,21240,1
501,1074484,922.5,658.4500122070312,10,21241,0
501,1074485,888.0,701.25,2,21241,1
501,1074486,930.5,656.125,12,21242,0
501,1074487,930.375,670.875,4,21242,1
501,1074488,1192.5,648.25,2,21243,0
501,1074489,1195.0,699.5,1,21243,1
501,1074490,1288.0,713.5,1,21243,2
501,1074491,1389.25,817.5,2,21243,3
501,1074492,1244.0,713.8333129882812,3,21244,0
501,1074493,1288.0,713.5,1,21244,1
501,1074494,1389.25,817.5,2,21244,2
501,1074495,1095.6666259765625,655.5,3,21245,0
501,1074496,888.0,701.25,2,21245,1
501,1074497,1231.75,710.25,4,21246,0
501,1074498,1288.0,713.5,1,21246,1
501,1074499,1389.25,817.5,2,21246,2
501,1074500,934.8181762695312,653.4545288085938,11,21247,0
501,1074501,930.375,670.875,4,21247,1
501,1074502,934.8181762695312,653.4545288085938,11,21248,0
501,1074503,930.375,670.875,4,21248,1
501,1074504,898.0,749.0,1,21249,0
501,1074505,888.0,701.25,2,21249,1
501,1074506,1210.300048828125,682.9000244140625,5,21250,0
501,1074507,1197.5,718.625,4,21250,1
501,1074508,1389.25,817.5,2,21250,2
501,1074509,930.375,670.875,4,21251,0
501,1074510,945.5,650.25,8,21251,1
501,1074511,934.8181762695312,653.4545288085938,11,21252,0
501,1074512,930.375,670.875,4,21252,1
501,1074513,1109.25,667.625,4,21253,0
501,1074514,888.0,701.25,2,21253,1
501,1074515,1131.0,649.0,1,21253,2
501,1074516,942.2222290039062,652.0555419921875,9,21254,0
501,1074517,930.375,670.875,4,21254,1
501,1074518,930.5,656.125,12,21255,0
501,1074519,888.0,701.25,2,21255,1
501,1074520,930.375,670.875,4,21256,0
501,1074521,946.638916015625,665.5555419921875,18,21256,1
501,1074522,1156.25,649.5,2,21257,0
501,1074523,1166.0,700.8571166992188,7,21257,1
501,1074524,934.8181762695312,653.4545288085938,11,21258,0
501,1074525,930.375,670.875,4,21258,1
501,1074526,930.375,670.875,4,21259,0
501,1074527,935.88232421875,666.1470336914062,17,21259,1
501,1074528,1162.75,720.125,4,21260,0
501,1074529,1195.0,699.5,1,21260,1
501,1074530,1131.0,649.0,1,21260,2
501,1074531,1187.800048828125,718.7999877929688,5,21261,0
501,1074532,1209.75,699.5,2,21261,1
501,1074533,1131.0,649.0,1,21261,2
501,1074534,1162.75,720.125,4,21262,0
501,1074535,1131.0,649.0,1,21262,1
501,1074536,1145.6666259765625,698.75,6,21263,0
501,1074537,1195.0,699.5,1,21263,1
501,1074538,1131.0,649.0,1,21263,2
501,1074539,1232.0,714.75,2,21264,0
501,1074540,1206.142822265625,683.7857055664062,7,21264,1
501,1074541,1389.25,817.5,2,21265,0
501,1074542,1218.6666259765625,689.5833129882812,6,21265,1
501,1074543,1389.25,817.5,2,21266,0
501,1074544,1218.6666259765625,689.5833129882812,6,21266,1
501,1074545,386.5,977.5,1,21267,0
501,1074546,841.5,705.0,1,21267,1
511,1074458,857.1666870117188,692.1666870117188,3,21231,0
511,1074459,888.0,701.25,2,21231,1
511,1074460,386.5,977.5,1,21231,2
511,1074461,934.8181762695312,653.4545288085938,11,21232,0
511,1074462,930.375,670.875,4,21232,1
511,1074463,925.227294921875,657.5908813476562,11,21233,0
511,1074464,888.0,701.25,2,21233,1
511,1074465,930.375,670.875,4,21234,0
511,1074466,945.5,650.25,8,21234,1
511,1074467,1109.25,667.625,4,21235,0
511,1074468,1156.25,649.5,2,21235,1
511,1074469,899.0,698.0,1,21235,2
511,1074470,1231.75,710.25,4,21236,0
511,1074471,1232.0,714.75,2,21236,1
511,1074472,1389.25,817.5,2,21236,2
511,1074473,857.1666870117188,692.1666870117188,3,21237,0
511,1074474,888.0,701.25,2,21237,1
511,1074475,1172.0,648.5,3,21238,0
511,1074476,1195.0,699.5,1,21238,1
511,1074477,1288.0,713.5,1,21238,2
511,1074478,1389.25,817.5,2,21238,3
511,1074479,1129.5,655.5,1,21238,4
511,1074480,938.3499755859375,652.6500244140625,10,21239,0
511,1074481,930.375,670.875,4,21239,1
511,1074482,887.5,673.5,7,21240,0
511,1074483,888.0,701.25,2,21240,1
511,1074484,922.5,658.4500122070312,10,21241,0
511,1074485,888.0,701.25,2,21241,1
511,1074486,930.5,656.125,12,21242,0
511,1074487,930.375,670.875,4,21242,1
511,1074488,1192.5,648.25,2,21243,0
511,1074489,1195.0,699.5,1,21243,1
511,1074490,1288.0,713.5,1,21243,2
511,1074491,1389.25,817.5,2,21243,3
511,1074492,1244.0,713.8333129882812,3,21244,0
511,1074493,1288.0,713.5,1,21244,1
511,1074494,1389.25,817.5,2,21244,2
511,1074495,1095.6666259765625,655.5,3,21245,0
511,1074496,888.0,701.25,2,21245,1
511,1074497,1231.75,710.25,4,21246,0
511,1074498,1288.0,713.5,1,21246,1
511,1074499,1389.25,817.5,2,21246,2
511,1074500,934.8181762695312,653.4545288085938,11,21247,0
511,1074501,930.375,670.875,4,21247,1
511,1074502,934.8181762695312,653.4545288085938,11,21248,0
511,1074503,930.375,670.875,4,21248,1
511,1074504,898.0,749.0,1,21249,0
511,1074505,888.0,701.25,2,21249,1
511,1074506,1210.300048828125,682.9000244140625,5,21250,0
511,1074507,1197.5,718.625,4,21250,1
511,1074508,1389.25,817.5,2,21250,2
511,1074509,930.375,670.875,4,21251,0
511,1074510,945.5,650.25,8,21251,1
511,1074511,934.8181762695312,653.4545288085938,11,21252,0
511,1074512,930.375,670.875,4,21252,1
511,1074513,1109.25,667.625,4,21253,0
511,1074514,888.0,701.25,2,21253,1
511,1074515,1131.0,649.0,1,21253,2
511,1074516,942.2222290039062,652.0555419921875,9,21254,0
511,1074517,930.375,670.875,4,21254,1
511,1074518,930.5,656.125,12,21255,0
511,1074519,888.0,701.25,2,21255,1
511,1074520,930.375,670.875,4,21256,0
511,1074521,946.638916015625,665.5555419921875,18,21256,1
511,1074522,1156.25,649.5,2,21257,0
511,1074523,1166.0,700.8571166992188,7,21257,1
511,1074524,934.8181762695312,653.4545288085938,11,21258,0
511,1074525,930.375,670.875,4,21258,1
511,1074526,930.375,670.875,4,21259,0
511,1074527,935.88232421875,666.1470336914062,17,21259,1
511,1074528,1162.75,720.125,4,21260,0
511,1074529,1195.0,699.5,1,21260,1
511,1074530,1131.0,649.0,1,21260,2
511,1074531,1187.800048828125,718.7999877929688,5,21261,0
511,1074532,1209.75,699.5,2,21261,1
511,1074533,1131.0,649.0,1,21261,2
511,1074534,1162.75,720.125,4,21262,0
511,1074535,1131.0,649.0,1,21262,1
511,1074536,1145.6666259765625,698.75,6,21263,0
511,1074537,1195.0,699.5,1,21263,1
511,1074538,1131.0,649.0,1,21263,2
511,1074539,1232.0,714.75,2,21264,0
511,1074540,1206.142822265625,683.7857055664062,7,21264,1
511,1074541,1389.25,817.5,2,21265,0
511,1074542,1218.6666259765625,689.5833129882812,6,21265,1
511,1074543,1389.25,817.5,2,21266,0
511,1074544,1218.6666259765625,689.5833129882812,6,21266,1
511,1074545,386.5,977.5,1,21267,0
511,1074546,841.5,705.0,1,21267,1
521,1074458,853.1666870117188,699.6666870117188,2,21231,0
521,1074459,887.5,699.0,2,21231,1
521,1074460,405.5,968.5,1,21231,2
521,1074461,931.5681762695312,656.0170288085938,8,21232,0
521,1074462,927.5416870117188,671.2083129882812,3,21232,1
521,1074463,922.227294921875,660.0283813476562,8,21233,0
521,1074464,887.5,699.0,2,21233,1
521,1074465,927.5416870117188,671.2083129882812,3,21234,0
521,1074466,943.5833129882812,652.5,6,21234,1
521,1074467,1102.4166259765625,666.125,3,21235,0
521,1074468,1157.75,650.25,2,21235,1
521,1074469,900.0,695.0,1,21235,2
521,1074470,1238.4166259765625,717.4166870117188,3,21236,0
521,1074471,1232.3333740234375,714.5833129882812,3,21236,1
521,1074472,1375.5,810.25,2,21236,2
521,1074473,853.1666870117188,699.6666870117188,2,21237,0
521,1074474,887.5,699.0,2,21237,1
521,1074475,1173.5,649.25,2,21238,0
521,1074476,1199.25,703.5,2,21238,1
521,1074477,1281.0,709.5,1,21238,2
521,1074478,1375.5,810.25,2,21238,3
521,1074479,1122.5,654.5,1,21238,4
521,1074480,936.0999755859375,655.0250244140625,8,21239,0
521,1074481,927.5416870117188,671.2083129882812,3,21239,1
521,1074482,883.2999877929688,678.5,5,21240,0
521,1074483,887.5,699.0,2,21240,1
521,1074484,919.375,661.0125122070312,8,21241,0
521,1074485,887.5,699.0,2,21241,1
521,1074486,926.8333129882812,658.625,9,21242,0
521,1074487,927.5416870117188,671.2083129882812,3,21242,1
521,1074488,1194.0,649.25,2,21243,0
521,1074489,1203.5,707.5,1,21243,1
521,1074490,1281.0,709.5,1,21243,2
521,1074491,1375.5,810.25,2,21243,3
521,1074492,1249.0,720.8333129882812,2,21244,0
521,1074493,1281.0,709.5,1,21244,1
521,1074494,1383.9166259765625,815.0,3,21244,2
521,1074495,1087.4166259765625,654.0,2,21245,0
521,1074496,887.5,699.0,2,21245,1
521,1074497,1238.4166259765625,717.4166870117188,3,21246,0
521,1074498,1289.5,715.25,2,21246,1
521,1074499,1375.5,810.25,2,21246,2
521,1074500,931.5681762695312,656.0170288085938,8,21247,0
521,1074501,927.5416870117188,671.2083129882812,3,21247,1
521,1074502,931.5681762695312,656.0170288085938,8,21248,0
521,1074503,927.5416870117188,671.2083129882812,3,21248,1
521,1074504,902.0,760.0,1,21249,0
521,1074505,887.5,699.0,2,21249,1
521,1074506,1213.550048828125,686.9000244140625,4,21250,0
521,1074507,1196.25,718.0,4,21250,1
521,1074508,1375.5,810.25,2,21250,2
521,1074509,927.5416870117188,671.2083129882812,3,21251,0
521,1074510,943.5833129882812,652.5,6,21251,1
521,1074511,931.5681762695312,656.0170288085938,8,21252,0
521,1074512,927.5416870117188,671.2083129882812,3,21252,1
521,1074513,1102.4166259765625,666.125,3,21253,0
521,1074514,887.5,699.0,2,21253,1
521,1074515,1131.0,648.5,1,21253,2
521,1074516,940.4365234375,654.6984252929688,7,21254,0
521,1074517,927.5416870117188,671.2083129882812,3,21254,1
521,1074518,926.8333129882812,658.625,9,21255,0
521,1074519,887.5,699.0,2,21255,1
521,1074520,927.5416870117188,671.2083129882812,3,21256,0
521,1074521,942.2817993164062,668.3055419921875,14,21256,1
521,1074522,1157.75,650.25,2,21257,0
521,1074523,1159.800048828125,697.7571411132812,5,21257,1
521,1074524,931.5681762695312,656.0170288085938,8,21258,0
521,1074525,927.5416870117188,671.2083129882812,3,21258,1
521,1074526,927.5416870117188,671.2083129882812,3,21259,0
521,1074527,932.3438720703125,669.8009033203125,13,21259,1
521,1074528,1158.25,716.625,3,21260,0
521,1074529,1203.5,707.5,1,21260,1
521,1074530,1131.0,648.5,1,21260,2
521,1074531,1182.675048828125,715.1749877929688,4,21261,0
521,1074532,1219.0,707.25,2,21261,1
521,1074533,1131.0,648.5,1,21261,2
521,1074534,1158.25,716.625,3,21262,0
521,1074535,1131.0,648.5,1,21262,1
521,1074536,1139.6666259765625,695.875,4,21263,0
521,1074537,1203.5,707.5,1,21263,1
521,1074538,1131.0,648.5,1,21263,2
521,1074539,1232.625,715.25,4,21264,0
521,1074540,1210.44287109375,687.8856811523438,5,21264,1
521,1074541,1375.5,810.25,2,21265,0
521,1074542,1224.1666259765625,694.75,6,21265,1
521,1074543,1375.5,810.25,2,21266,0
521,1074544,1224.1666259765625,694.75,6,21266,1
521,1074545,405.5,968.5,1,21267,0
521,1074546,835.5,710.5,1,21267,1
531,1074458,853.1666870117188,699.6666870117188,2,21231,0
531,1074459,887.5,699.0,2,21231,1
531,1074460,405.5,968.5,1,21231,2
531,1074461,931.5681762695312,656.0170288085938,8,21232,0
531,1074462,927.5416870117188,671.2083129882812,3,21232,1
531,1074463,922.227294921875,660.0283813476562,8,21233,0
531,1074464,887.5,699.0,3,21233,1
531,1074465,927.5416870117188,671.2083129882812,3,21234,0
531,1074466,943.5833129882812,652.5,6,21234,1
531,1074467,1102.4166259765625,666.125,3,21235,0
531,1074468,1157.75,650.25,2,21235,1
531,1074469,900.0,695.0,1,21235,2
531,1074470,1238.4166259765625,717.4166870117188,3,21236,0
531,1074471,1232.3333740234375,714.5833129882812,3,21236,1
531,1074472,1375.5,810.25,2,21236,2
531,1074473,853.1666870117188,699.6666870117188,2,21237,0
531,1074474,887.5,699.0,2,21237,1
531,1074475,1173.5,649.25,2,21238,0
531,1074476,1199.25,703.5,2,21238,1
531,1074477,1281.0,709.5,1,21238,2
531,1074478,1375.5,810.25,2,21238,3
531,1074479,1122.5,654.5,1,21238,4
531,1074480,936.0999755859375,655.0250244140625,8,21239,0
531,1074481,927.5416870117188,671.2083129882812,3,21239,1
531,1074482,883.2999877929688,678.5,5,21240,0
531,1074483,887.5,699.0,2,21240,1
531,1074484,919.375,661.0125122070312,8,21241,0
531,1074485,887.5,699.0,3,21241,1
531,1074486,926.8333129882812,658.625,9,21242,0
531,1074487,927.5416870117188,671.2083129882812,4,21242,1
531,1074488,1194.0,649.25,2,21243,0
531,1074489,1203.5,707.5,1,21243,1
531,1074490,1281.0,709.5,1,21243,2
531,1074491,1375.5,810.25,2,21243,3
531,1074492,1249.0,720.8333129882812,2,21244,0
531,1074493,1281.0,709.5,1,21244,1
531,1074494,1383.9166259765625,815.0,3,21244,2
531,1074495,1087.4166259765625,654.0,2,21245,0
531,1074496,887.5,699.0,2,21245,1
531,1074497,1238.4166259765625,717.4166870117188,3,21246,0
531,1074498,1289.5,715.25,2,21246,1
531,1074499,1375.5,810.25,2,21246,2
531,1074500,931.5681762695312,656.0170288085938,8,21247,0
531,1074501,927.5416870117188,671.2083129882812,3,21247,1
531,1074502,931.5681762695312,656.0170288085938,8,21248,0
531,1074503,927.5416870117188,671.2083129882812,3,21248,1
531,1074504,902.0,760.0,1,21249,0
531,1074505,887.5,699.0,2,21249,1
531,1074506,1213.550048828125,686.9000244140625,5,21250,0
531,1074507,1196.25,718.0,4,21250,1
531,1074508,1375.5,810.25,2,21250,2
531,1074509,927.5416870117188,671.2083129882812,3,21251,0
531,1074510,943.5833129882812,652.5,6,21251,1
531,1074511,931.5681762695312,656.0170288085938,8,21252,0
531,1074512,927.5416870117188,671.2083129882812,3,21252,1
531,1074513,1102.4166259765625,666.125,3,21253,0
531,1074514,887.5,699.0,2,21253,1
531,1074515,1131.0,648.5,1,21253,2
531,1074516,940.4365234375,654.6984252929688,7,21254,0
531,1074517,927.5416870117188,671.2083129882812,3,21254,1
531,1074518,926.8333129882812,658.625,9,21255,0
531,1074519,887.5,699.0,4,21255,1
531,1074520,927.5416870117188,671.2083129882812,3,21256,0
531,1074521,942.2817993164062,668.3055419921875,14,21256,1
531,1074522,1157.75,650.25,4,21257,0
531,1074523,1159.800048828125,697.7571411132812,5,21257,1
531,1074524,931.5681762695312,656.0170288085938,8,21258,0
531,1074525,927.5416870117188,671.2083129882812,3,21258,1
531,1074526,927.5416870117188,671.2083129882812,3,21259,0
531,1074527,932.3438720703125,669.8009033203125,13,21259,1
531,1074528,1158.25,716.625,3,21260,0
531,1074529,1203.5,707.5,2,21260,1
531,1074530,1131.0,648.5,1,21260,2
531,1074531,1182.675048828125,715.1749877929688,4,21261,0
531,1074532,1219.0,707.25,3,21261,1
531,1074533,1131.0,648.5,1,21261,2
531,1074534,1158.25,716.625,3,21262,0
531,1074535,1131.0,648.5,1,21262,1
531,1074536,1139.6666259765625,695.875,4,21263,0
531,1074537,1203.5,707.5,3,21263,1
531,1074538,1131.0,648.5,1,21263,2
531,1074539,1232.625,715.25,4,21264,0
531,1074540,1210.44287109375,687.8856811523438,5,21264,1
531,1074541,1375.5,810.25,2,21265,0
531,1074542,1224.1666259765625,694.75,6,21265,1
531,1074543,1375.5,810.25,2,21266,0
531,1074544,1224.1666259765625,694.75,6,21266,1
531,1074545,405.5,968.5,1,21267,0
531,1074546,835.5,710.5,1,21267,1
541,1074458,853.1666870117188,699.6666870117188,2,21231,0
541,1074459,887.5,699.0,2,21231,1
541,1074460,405.5,968.5,1,21231,2
541,1074461,931.5681762695312,656.0170288085938,8,21232,0
541,1074462,927.5416870117188,671.2083129882812,3,21232,1
541,1074463,922.227294921875,660.0283813476562,8,21233,0
541,1074464,887.5,699.0,3,21233,1
541,1074465,927.5416870117188,671.2083129882812,3,21234,0
541,1074466,943.5833129882812,652.5,7,21234,1
541,1074467,1102.4166259765625,666.125,3,21235,0
541,1074468,1157.75,650.25,2,21235,1
541,1074469,900.0,695.0,1,21235,2
541,1074470,1238.4166259765625,717.4166870117188,3,21236,0
541,1074471,1232.3333740234375,714.5833129882812,3,21236,1
541,1074472,1375.5,810.25,2,21236,2
541,1074473,853.1666870117188,699.6666870117188,2,21237,0
541,1074474,887.5,699.0,2,21237,1
541,1074475,1173.5,649.25,2,21238,0
541,1074476,1199.25,703.5,2,21238,1
541,1074477,1281.0,709.5,1,21238,2
541,1074478,1375.5,810.25,2,21238,3
541,1074479,1122.5,654.5,1,21238,4
541,1074480,936.0999755859375,655.0250244140625,9,21239,0
541,1074481,927.5416870117188,671.2083129882812,3,21239,1
541,1074482,883.2999877929688,678.5,5,21240,0
541,1074483,887.5,699.0,2,21240,1
541,1074484,919.375,661.0125122070312,8,21241,0
541,1074485,887.5,699.0,3,21241,1
541,1074486,926.8333129882812,658.625,9,21242,0
541,1074487,927.5416870117188,671.2083129882812,4,21242,1
541,1074488,1194.0,649.25,2,21243,0
541,1074489,1203.5,707.5,1,21243,1
541,1074490,1281.0,709.5,1,21243,2
541,1074491,1375.5,810.25,2,21243,3
541,1074492,1249.0,720.8333129882812,2,21244,0
541,1074493,1281.0,709.5,1,21244,1
541,1074494,1383.9166259765625,815.0,3,21244,2
541,1074495,1087.4166259765625,654.0,2,21245,0
541,1074496,887.5,699.0,2,21245,1
541,1074497,1238.4166259765625,717.4166870117188,3,21246,0
541,1074498,1289.5,715.25,2,21246,1
541,1074499,1375.5,810.25,2,21246,2
541,1074500,931.5681762695312,656.0170288085938,8,21247,0
541,1074501,927.5416870117188,671.2083129882812,3,21247,1
541,1074502,931.5681762695312,656.0170288085938,8,21248,0
541,1074503,927.5416870117188,671.2083129882812,3,21248,1
541,1074504,902.0,760.0,1,21249,0
541,1074505,887.5,699.0,2,21249,1
541,1074506,1213.550048828125,686.9000244140625,5,21250,0
541,1074507,1196.25,718.0,4,21250,1
541,1074508,1375.5,810.25,2,21250,2
541,1074509,927.5416870117188,671.2083129882812,3,21251,0
541,1074510,943.5833129882812,652.5,7,21251,1
541,1074511,931.5681762695312,656.0170288085938,8,21252,0
541,1074512,927.5416870117188,671.2083129882812,3,21252,1
541,1074513,1102.4166259765625,666.125,3,21253,0
541,1074514,887.5,699.0,2,21253,1
541,1074515,1131.0,648.5,1,21253,2
541,1074516,940.4365234375,654.6984252929688,8,21254,0
541,1074517,927.5416870117188,671.2083129882812,3,21254,1
541,1074518,926.8333129882812,658.625,9,21255,0
541,1074519,887.5,699.0,4,21255,1
541,1074520,927.5416870117188,671.2083129882812,3,21256,0
541,1074521,942.2817993164062,668.3055419921875,14,21256,1
541,1074522,1157.75,650.25,4,21257,0
541,1074523,1159.800048828125,697.7571411132812,5,21257,1
541,1074524,931.5681762695312,656.0170288085938,8,21258,0
541,1074525,927.5416870117188,671.2083129882812,3,21258,1
541,1074526,927.5416870117188,671.2083129882812,3,21259,0
541,1074527,932.3438720703125,669.8009033203125,14,21259,1
541,1074528,1158.25,716.625,3,21260,0
541,1074529,1203.5,707.5,2,21260,1
541,1074530,1131.0,648.5,1,21260,2
541,1074531,1182.675048828125,715.1749877929688,4,21261,0
541,1074532,1219.0,707.25,3,21261,1
541,1074533,1131.0,648.5,1,21261,2
541,1074534,1158.25,716.625,3,21262,0
541,1074535,1131.0,648.5,1,21262,1
541,1074536,1139.6666259765625,695.875,4,21263,0
541,1074537,1203.5,707.5,3,21263,1
541,1074538,1131.0,648.5,1,21263,2
541,1074539,1232.625,715.25,4,21264,0
541,1074540,1210.44287109375,687.8856811523438,5,21264,1
541,1074541,1375.5,810.25,2,21265,0
541,1074542,1224.1666259765625,694.75,6,21265,1
541,1074543,1375.5,810.25,2,21266,0
541,1074544,1224.1666259765625,694.75,6,21266,1
541,1074545,405.5,968.5,1,21267,0
541,1074546,835.5,710.5,1,21267,1
551,1074458,853.1666870117188,699.6666870117188,2,21231,0
551,1074459,887.5,699.0,2,21231,1
551,1074460,405.5,968.5,1,21231,2
551,1074461,931.5681762695312,656.0170288085938,8,21232,0
551,1074462,927.5416870117188,671.2083129882812,3,21232,1
551,1074463,922.227294921875,660.0283813476562,8,21233,0
551,1074464,887.5,699.0,4,21233,1
551,1074465,927.5416870117188,671.2083129882812,3,21234,0
551,1074466,943.5833129882812,652.5,7,21234,1
551,1074467,1102.4166259765625,666.125,3,21235,0
551,1074468,1157.75,650.25,2,21235,1
551,1074469,900.0,695.0,1,21235,2
551,1074470,1238.4166259765625,717.4166870117188,3,21236,0
551,1074471,1232.3333740234375,714.5833129882812,3,21236,1
551,1074472,1375.5,810.25,2,21236,2
551,1074473,853.1666870117188,699.6666870117188,2,21237,0
551,1074474,887.5,699.0,2,21237,1
551,1074475,1173.5,649.25,2,21238,0
551,1074476,1199.25,703.5,2,21238,1
551,1074477,1281.0,709.5,1,21238,2
551,1074478,1375.5,810.25,2,21238,3
551,1074479,1122.5,654.5,1,21238,4
551,1074480,936.0999755859375,655.0250244140625,9,21239,0
551,1074481,927.5416870117188,671.2083129882812,3,21239,1
551,1074482,883.2999877929688,678.5,5,21240,0
551,1074483,887.5,699.0,3,21240,1
551,1074484,919.375,661.0125122070312,8,21241,0
551,1074485,887.5,699.0,4,21241,1
551,1074486,926.8333129882812,658.625,9,21242,0
551,1074487,927.5416870117188,671.2083129882812,4,21242,1
551,1074488,1194.0,649.25,2,21243,0
551,1074489,1203.5,707.5,1,21243,1
551,1074490,1281.0,709.5,1,21243,2
551,1074491,1375.5,810.25,2,21243,3
551,1074492,1249.0,720.8333129882812,2,21244,0
551,1074493,1281.0,709.5,1,21244,1
551,1074494,1383.9166259765625,815.0,3,21244,2
551,1074495,1087.4166259765625,654.0,2,21245,0
551,1074496,887.5,699.0,2,21245,1
551,1074497,1238.4166259765625,717.4166870117188,3,21246,0
551,1074498,1289.5,715.25,2,21246,1
551,1074499,1375.5,810.25,2,21246,2
551,1074500,931.5681762695312,656.0170288085938,8,21247,0
551,1074501,927.5416870117188,671.2083129882812,3,21247,1
551,1074502,931.5681762695312,656.0170288085938,8,21248,0
551,1074503,927.5416870117188,671.2083129882812,3,21248,1
551,1074504,902.0,760.0,1,21249,0
551,1074505,887.5,699.0,2,21249,1
551,1074506,1213.550048828125,686.9000244140625,5,21250,0
551,1074507,1196.25,718.0,4,21250,1
551,1074508,1375.5,810.25,2,21250,2
551,1074509,927.5416870117188,671.2083129882812,3,21251,0
551,1074510,943.5833129882812,652.5,7,21251,1
551,1074511,931.5681762695312,656.0170288085938,8,21252,0
551,1074512,927.5416870117188,671.2083129882812,3,21252,1
551,1074513,1102.4166259765625,666.125,3,21253,0
551,1074514,887.5,699.0,2,21253,1
551,1074515,1131.0,648.5,1,21253,2
551,1074516,940.4365234375,654.6984252929688,8,21254,0
551,1074517,927.5416870117188,671.2083129882812,3,21254,1
551,1074518,926.8333129882812,658.625,9,21255,0
551,1074519,887.5,699.0,4,21255,1
551,1074520,927.5416870117188,671.2083129882812,3,21256,0
551,1074521,942.2817993164062,668.3055419921875,14,21256,1
551,1074522,1157.75,650.25,4,21257,0
551,1074523,1159.800048828125,697.7571411132812,5,21257,1
551,1074524,931.5681762695312,656.0170288085938,8,21258,0
551,1074525,927.5416870117188,671.2083129882812,3,21258,1
551,1074526,927.5416870117188,671.2083129882812,3,21259,0
551,1074527,932.3438720703125,669.8009033203125,14,21259,1
551,1074528,1158.25,716.625,3,21260,0
551,1074529,1203.5,707.5,2,21260,1
551,1074530,1131.0,648.5,1,21260,2
551,1074531,1182.675048828125,715.1749877929688,4,21261,0
551,1074532,1219.0,707.25,3,21261,1
551,1074533,1131.0,648.5,1,21261,2
551,1074534,1158.25,716.625,3,21262,0
551,1074535,1131.0,648.5,1,21262,1
551,1074536,1139.6666259765625,695.875,4,21263,0
551,1074537,1203.5,707.5,3,21263,1
551,1074538,1131.0,648.5,1,21263,2
551,1074539,1232.625,715.25,4,21264,0
551,1074540,1210.44287109375,687.8856811523438,5,21264,1
551,1074541,1375.5,810.25,2,21265,0
551,1074542,1224.1666259765625,694.75,6,21265,1
551,1074543,1375.5,810.25,2,21266,0
551,1074544,1224.1666259765625,694.75,6,21266,1
551,1074545,405.5,968.5,1,21267,0
551,1074546,835.5,710.5,1,21267,1
561,1074458,853.1666870117188,699.6666870117188,2,21231,0
561,1074459,887.5,699.0,2,21231,1
561,1074460,405.5,968.5,1,21231,2
561,1074461,931.5681762695312,656.0170288085938,9,21232,0
561,1074462,927.5416870117188,671.2083129882812,3,21232,1
561,1074463,922.227294921875,660.0283813476562,8,21233,0
561,1074464,887.5,699.0,4,21233,1
561,1074465,927.5416870117188,671.2083129882812,3,21234,0
561,1074466,943.5833129882812,652.5,7,21234,1
561,1074467,1102.4166259765625,666.125,3,21235,0
561,1074468,1157.75,650.25,2,21235,1
561,1074469,900.0,695.0,1,21235,2
561,1074470,1238.4166259765625,717.4166870117188,3,21236,0
561,1074471,1232.3333740234375,714.5833129882812,3,21236,1
561,1074472,1375.5,810.25,2,21236,2
561,1074473,853.1666870117188,699.6666870117188,2,21237,0
561,1074474,887.5,699.0,2,21237,1
561,1074475,1173.5,649.25,2,21238,0
561,1074476,1199.25,703.5,2,21238,1
561,1074477,1281.0,709.5,1,21238,2
561,1074478,1375.5,810.25,2,21238,3
561,1074479,1122.5,654.5,1,21238,4
561,1074480,936.0999755859375,655.0250244140625,9,21239,0
561,1074481,927.5416870117188,671.2083129882812,3,21239,1
561,1074482,883.2999877929688,678.5,5,21240,0
561,1074483,887.5,699.0,3,21240,1
561,1074484,919.375,661.0125122070312,8,21241,0
561,1074485,887.5,699.0,4,21241,1
561,1074486,926.8333129882812,658.625,10,21242,0
561,1074487,927.5416870117188,671.2083129882812,4,21242,1
561,1074488,1194.0,649.25,2,21243,0
561,1074489,1203.5,707.5,1,21243,1
561,1074490,1281.0,709.5,1,21243,2
561,1074491,1375.5,810.25,2,21243,3
561,1074492,1249.0,720.8333129882812,2,21244,0
561,1074493,1281.0,709.5,1,21244,1
561,1074494,1383.9166259765625,815.0,3,21244,2
561,1074495,1087.4166259765625,654.0,2,21245,0
561,1074496,887.5,699.0,2,21245,1
561,1074497,1238.4166259765625,717.4166870117188,3,21246,0
561,1074498,1289.5,715.25,2,21246,1
561,1074499,1375.5,810.25,2,21246,2
561,1074500,931.5681762695312,656.0170288085938,9,21247,0
561,1074501,927.5416870117188,671.2083129882812,3,21247,1
561,1074502,931.5681762695312,656.0170288085938,9,21248,0
561,1074503,927.5416870117188,671.2083129882812,3,21248,1
561,1074504,902.0,760.0,1,21249,0
561,1074505,887.5,699.0,2,21249,1
561,1074506,1213.550048828125,686.9000244140625,5,21250,0
561,1074507,1196.25,718.0,4,21250,1
561,1074508,1375.5,810.25,2,21250,2
561,1074509,927.5416870117188,671.2083129882812,3,21251,0
561,1074510,943.5833129882812,652.5,7,21251,1
561,1074511,931.5681762695312,656.0170288085938,9,21252,0
561,1074512,927.5416870117188,671.2083129882812,3,21252,1
561,1074513,1102.4166259765625,666.125,3,21253,0
561,1074514,887.5,699.0,2,21253,1
561,1074515,1131.0,648.5,1,21253,2
561,1074516,940.4365234375,654.6984252929688,8,21254,0
561,1074517,927.5416870117188,671.2083129882812,3,21254,1
561,1074518,926.8333129882812,658.625,9,21255,0
561,1074519,887.5,699.0,4,21255,1
561,1074520,927.5416870117188,671.2083129882812,3,21256,0
561,1074521,942.2817993164062,668.3055419921875,15,21256,1
561,1074522,1157.75,650.25,4,21257,0
561,1074523,1159.800048828125,697.7571411132812,5,21257,1
561,1074524,931.5681762695312,656.0170288085938,9,21258,0
561,1074525,927.5416870117188,671.2083129882812,3,21258,1
561,1074526,927.5416870117188,671.2083129882812,3,21259,0
561,1074527,932.3438720703125,669.8009033203125,14,21259,1
561,1074528,1158.25,716.625,3,21260,0
561,1074529,1203.5,707.5,2,21260,1
561,1074530,1131.0,648.5,1,21260,2
561,1074531,1182.675048828125,715.1749877929688,4,21261,0
561,1074532,1219.0,707.25,3,21261,1
561,1074533,1131.0,648.5,1,21261,2
561,1074534,1158.25,716.625,3,21262,0
561,1074535,1131.0,648.5,1,21262,1
561,1074536,1139.6666259765625,695.875,4,21263,0
561,1074537,1203.5,707.5,3,21263,1
561,1074538,1131.0,648.5,1,21263,2
561,1074539,1232.625,715.25,4,21264,0
561,1074540,1210.44287109375,687.8856811523438,5,21264,1
561,1074541,1375.5,810.25,2,21265,0
561,1074542,1224.1666259765625,694.75,6,21265,1
561,1074543,1375.5,810.25,2,21266,0
561,1074544,1224.1666259765625,694.75,6,21266,1
561,1074545,405.5,968.5,1,21267,0
561,1074546,835.5,710.5,1,21267,1
571,1074458,853.1666870117188,699.6666870117188,2,21231,0
571,1074459,887.5,699.0,2,21231,1
571,1074460,405.5,968.5,1,21231,2
571,1074461,931.5681762695312,656.0170288085938,9,21232,0
571,1074462,927.5416870117188,671.2083129882812,3,21232,1
571,1074463,922.227294921875,660.0283813476562,8,21233,0
571,1074464,887.5,699.0,5,21233,1
571,1074465,927.5416870117188,671.2083129882812,3,21234,0
571,1074466,943.5833129882812,652.5,7,21234,1
571,1074467,1102.4166259765625,666.125,3,21235,0
571,1074468,1157.75,650.25,2,21235,1
571,1074469,900.0,695.0,1,21235,2
571,1074470,1238.4166259765625,717.4166870117188,3,21236,0
571,1074471,1232.3333740234375,714.5833129882812,3,21236,1
571,1074472,1375.5,810.25,2,21236,2
571,1074473,853.1666870117188,699.6666870117188,2,21237,0
571,1074474,887.5,699.0,2,21237,1
571,1074475,1173.5,649.25,2,21238,0
571,1074476,1199.25,703.5,2,21238,1
571,1074477,1281.0,709.5,1,21238,2
571,1074478,1375.5,810.25,2,21238,3
571,1074479,1122.5,654.5,1,21238,4
571,1074480,936.0999755859375,655.0250244140625,9,21239,0
571,1074481,927.5416870117188,671.2083129882812,3,21239,1
571,1074482,883.2999877929688,678.5,5,21240,0
571,1074483,887.5,699.0,3,21240,1
571,1074484,919.375,661.0125122070312,8,21241,0
571,1074485,887.5,699.0,4,21241,1
571,1074486,926.8333129882812,658.625,10,21242,0
571,1074487,927.5416870117188,671.2083129882812,4,21242,1
571,1074488,1194.0,649.25,2,21243,0
571,1074489,1203.5,707.5,1,21243,1
571,1074490,1281.0,709.5,1,21243,2
571,1074491,1375.5,810.25,2,21243,3
571,1074492,1249.0,720.8333129882812,2,21244,0
571,1074493,1281.0,709.5,1,21244,1
571,1074494,1383.9166259765625,815.0,3,21244,2
571,1074495,1087.4166259765625,654.0,2,21245,0
571,1074496,887.5,699.0,2,21245,1
571,1074497,1238.4166259765625,717.4166870117188,3,21246,0
571,1074498,1289.5,715.25,2,21246,1
571,1074499,1375.5,810.25,2,21246,2
571,1074500,931.5681762695312,656.0170288085938,9,21247,0
571,1074501,927.5416870117188,671.2083129882812,3,21247,1
571,1074502,931.5681762695312,656.0170288085938,9,21248,0
571,1074503,927.5416870117188,671.2083129882812,3,21248,1
571,1074504,902.0,760.0,1,21249,0
571,1074505,887.5,699.0,2,21249,1
571,1074506,1213.550048828125,686.9000244140625,5,21250,0
571,1074507,1196.25,718.0,4,21250,1
571,1074508,1375.5,810.25,2,21250,2
571,1074509,927.5416870117188,671.2083129882812,3,21251,0
571,1074510,943.5833129882812,652.5,7,21251,1
571,1074511,931.5681762695312,656.0170288085938,9,21252,0
571,1074512,927.5416870117188,671.2083129882812,3,21252,1
571,1074513,1102.4166259765625,666.125,3,21253,0
571,1074514,887.5,699.0,2,21253,1
571,1074515,1131.0,648.5,1,21253,2
571,1074516,940.4365234375,654.6984252929688,8,21254,0
571,1074517,927.5416870117188,671.2083129882812,3,21254,1
571,1074518,926.8333129882812,658.625,9,21255,0
571,1074519,887.5,699.0,5,21255,1
571,1074520,927.5416870117188,671.2083129882812,3,21256,0
571,1074521,942.2817993164062,668.3055419921875,15,21256,1
571,1074522,1157.75,650.25,4,21257,0
571,1074523,1159.800048828125,697.7571411132812,5,21257,1
571,1074524,931.5681762695312,656.0170288085938,9,21258,0
571,1074525,927.5416870117188,671.2083129882812,3,21258,1
571,1074526,927.5416870117188,671.2083129882812,3,21259,0
571,1074527,932.3438720703125,669.8009033203125,14,21259,1
571,1074528,1158.25,716.625,3,21260,0
571,1074529,1203.5,707.5,2,21260,1
571,1074530,1131.0,648.5,1,21260,2
571,1074531,1182.675048828125,715.1749877929688,4,21261,0
571,1074532,1219.0,707.25,3,21261,1
571,1074533,1131.0,648.5,1,21261,2
571,1074534,1158.25,716.625,3,21262,0
571,1074535,1131.0,648.5,1,21262,1
571,1074536,1139.6666259765625,695.875,4,21263,0
571,1074537,1203.5,707.5,3,21263,1
571,1074538,1131.0,648.5,1,21263,2
571,1074539,1232.625,715.25,4,21264,0
571,1074540,1210.44287109375,687.8856811523438,5,21264,1
571,1074541,1375.5,810.25,2,21265,0
571,1074542,1224.1666259765625,694.75,6,21265,1
571,1074543,1375.5,810.25,2,21266,0
571,1074544,1224.1666259765625,694.75,6,21266,1
571,1074545,405.5,968.5,1,21267,0
571,1074546,835.5,710.5,1,21267,1
581,1074458,853.1666870117188,699.6666870117188,2,21231,0
581,1074459,887.5,699.0,2,21231,1
581,1074460,405.5,968.5,1,21231,2
581,1074461,931.5681762695312,656.0170288085938,9,21232,0
581,1074462,927.5416870117188,671.2083129882812,3,21232,1
581,1074463,922.227294921875,660.0283813476562,8,21233,0
581,1074464,887.5,699.0,5,21233,1
581,1074465,927.5416870117188,671.2083129882812,3,21234,0
581,1074466,943.5833129882812,652.5,7,21234,1
581,1074467,1102.4166259765625,666.125,3,21235,0
581,1074468,1157.75,650.25,2,21235,1
581,1074469,900.0,695.0,1,21235,2
581,1074470,1238.4166259765625,717.4166870117188,3,21236,0
581,1074471,1232.3333740234375,714.5833129882812,3,21236,1
581,1074472,1375.5,810.25,2,21236,2
581,1074473,853.1666870117188,699.6666870117188,2,21237,0
581,1074474,887.5,699.0,2,21237,1
581,1074475,1173.5,649.25,2,21238,0
581,1074476,1199.25,703.5,2,21238,1
581,1074477,1281.0,709.5,1,21238,2
581,1074478,1375.5,810.25,2,21238,3
581,1074479,1122.5,654.5,1,21238,4
581,1074480,936.0999755859375,655.0250244140625,9,21239,0
581,1074481,927.5416870117188,671.2083129882812,3,21239,1
581,1074482,883.2999877929688,678.5,5,21240,0
581,1074483,887.5,699.0,3,21240,1
581,1074484,919.375,661.0125122070312,8,21241,0
581,1074485,887.5,699.0,4,21241,1
581,1074486,926.8333129882812,658.625,10,21242,0
581,1074487,927.5416870117188,671.2083129882812,4,21242,1
581,1074488,1194.0,649.25,2,21243,0
581,1074489,1203.5,707.5,1,21243,1
581,1074490,1281.0,709.5,1,21243,2
581,1074491,1375.5,810.25,2,21243,3
581,1074492,1249.0,720.8333129882812,2,21244,0
581,1074493,1281.0,709.5,1,21244,1
581,1074494,1383.9166259765625,815.0,3,21244,2
581,1074495,1087.4166259765625,654.0,2,21245,0
581,1074496,887.5,699.0,2,21245,1
581,1074497,1238.4166259765625,717.4166870117188,3,21246,0
581,1074498,1289.5,715.25,2,21246,1
581,1074499,1375.5,810.25,2,21246,2
581,1074500,931.5681762695312,656.0170288085938,9,21247,0
581,1074501,927.5416870117188,671.2083129882812,3,21247,1
581,1074502,931.5681762695312,656.0170288085938,9,21248,0
581,1074503,927.5416870117188,671.2083129882812,3,21248,1
581,1074504,902.0,760.0,1,21249,0
581,1074505,887.5,699.0,2,21249,1
581,1074506,1213.550048828125,686.9000244140625,5,21250,0
581,1074507,1196.25,718.0,4,21250,1
581,1074508,1375.5,810.25,2,21250,2
581,1074509,927.5416870117188,671.2083129882812,3,21251,0
581,1074510,943.5833129882812,652.5,7,21251,1
581,1074511,931.5681762695312,656.0170288085938,9,21252,0
581,1074512,927.5416870117188,671.2083129882812,3,21252,1
581,1074513,1102.4166259765625,666.125,3,21253,0
581,1074514,887.5,699.0,2,21253,1
581,1074515,1131.0,648.5,1,21253,2
581,1074516,940.4365234375,654.6984252929688,8,21254,0
581,1074517,927.5416870117188,671.2083129882812,3,21254,1
581,1074518,926.8333129882812,658.625,9,21255,0
581,1074519,887.5,699.0,5,21255,1
581,1074520,927.5416870117188,671.2083129882812,3,21256,0
581,1074521,942.2817993164062,668.3055419921875,15,21256,1
581,1074522,1157.75,650.25,4,21257,0
581,1074523,1159.800048828125,697.7571411132812,5,21257,1
581,1074524,931.5681762695312,656.0170288085938,9,21258,0
581,1074525,927.5416870117188,671.2083129882812,3,21258,1
581,1074526,927.5416870117188,671.2083129882812,3,21259,0
581,1074527,932.3438720703125,669.8009033203125,14,21259,1
581,1074528,1158.25,716.625,3,21260,0
581,1074529,1203.5,707.5,2,21260,1
581,1074530,1131.0,648.5,1,21260,2
581,1074531,1182.675048828125,715.1749877929688,4,21261,0
581,1074532,1219.0,707.25,3,21261,1
581,1074533,1131.0,648.5,1,21261,2
581,1074534,1158.25,716.625,3,21262,0
581,1074535,1131.0,648.5,1,21262,1
581,1074536,1139.6666259765625,695.875,4,21263,0
581,1074537,1203.5,707.5,3,21263,1
581,1074538,1131.0,648.5,1,21263,2
581,1074539,1232.625,715.25,4,21264,0
581,1074540,1210.44287109375,687.8856811523438,5,21264,1
581,1074541,1375.5,810.25,2,21265,0
581,1074542,1224.1666259765625,694.75,6,21265,1
581,1074543,1375.5,810.25,2,21266,0
581,1074544,1224.1666259765625,694.75,6,21266,1
581,1074545,405.5,968.5,1,21267,0
581,1074546,835.5,710.5,1,21267,1
591,1074458,853.1666870117188,699.6666870117188,2,21231,0
591,1074459,887.5,699.0,2,21231,1
591,1074460,405.5,968.5,1,21231,2
591,1074461,931.5681762695312,656.0170288085938,9,21232,0
591,1074462,927.5416870117188,671.2083129882812,3,21232,1
591,1074463,922.227294921875,660.0283813476562,8,21233,0
591,1074464,887.5,699.0,5,21233,1
591,1074465,927.5416870117188,671.2083129882812,3,21234,0
591,1074466,943.5833129882812,652.5,7,21234,1
591,1074467,1102.4166259765625,666.125,3,21235,0
591,1074468,1157.75,650.25,2,21235,1
591,1074469,900.0,695.0,1,21235,2
591,1074470,1238.4166259765625,717.4166870117188,3,21236,0
591,1074471,1232.3333740234375,714.5833129882812,3,21236,1
591,1074472,1375.5,810.25,2,21236,2
591,1074473,853.1666870117188,699.6666870117188,2,21237,0
591,1074474,887.5,699.0,2,21237,1
591,1074475,1173.5,649.25,2,21238,0
591,1074476,1199.25,703.5,2,21238,1
591,1074477,1281.0,709.5,1,21238,2
591,1074478,1375.5,810.25,2,21238,3
591,1074479,1122.5,654.5,1,21238,4
591,1074480,936.0999755859375,655.0250244140625,9,21239,0
591,1074481,927.5416870117188,671.2083129882812,3,21239,1
591,1074482,883.2999877929688,678.5,5,21240,0
591,1074483,887.5,699.0,3,21240,1
591,1074484,919.375,661.0125122070312,8,21241,0
591,1074485,887.5,699.0,4,21241,1
591,1074486,926.8333129882812,658.625,10,21242,0
591,1074487,927.5416870117188,671.2083129882812,4,21242,1
591,1074488,1194.0,649.25,2,21243,0
591,1074489,1203.5,707.5,1,21243,1
591,1074490,1281.0,709.5,1,21243,2
591,1074491,1375.5,810.25,2,21243,3
591,1074492,1249.0,720.8333129882812,2,21244,0
591,1074493,1281.0,709.5,1,21244,1
591,1074494,1383.9166259765625,815.0,3,21244,2
591,1074495,1087.4166259765625,654.0,2,21245,0
591,1074496,887.5,699.0,2,21245,1
591,1074497,1238.4166259765625,717.4166870117188,3,21246,0
591,1074498,1289.5,715.25,2,21246,1
591,1074499,1375.5,810.25,2,21246,2
591,1074500,931.5681762695312,656.0170288085938,9,21247,0
591,1074501,927.5416870117188,671.2083129882812,3,21247,1
591,1074502,931.5681762695312,656.0170288085938,9,21248,0
591,1074503,927.5416870117188,671.2083129882812,3,21248,1
591,1074504,902.0,760.0,1,21249,0
591,1074505,887.5,699.0,2,21249,1
591,1074506,1213.550048828125,686.9000244140625,5,21250,0
591,1074507,1196.25,718.0,4,21250,1
591,1074508,1375.5,810.25,2,21250,2
591,1074509,927.5416870117188,671.2083129882812,3,21251,0
591,1074510,943.5833129882812,652.5,7,21251,1
591,1074511,931.5681762695312,656.0170288085938,9,21252,0
591,1074512,927.5416870117188,671.2083129882812,3,21252,1
591,1074513,1102.4166259765625,666.125,3,21253,0
591,1074514,887.5,699.0,2,21253,1
591,1074515,1131.0,648.5,1,21253,2
591,1074516,940.4365234375,654.6984252929688,8,21254,0
591,1074517,927.5416870117188,671.2083129882812,3,21254,1
591,1074518,926.8333129882812,658.625,9,21255,0
591,1074519,887.5,699.0,5,21255,1
591,1074520,927.5416870117188,671.2083129882812,3,21256,0
591,1074521,942.2817993164062,668.3055419921875,15,21256,1
591,1074522,1157.75,650.25,4,21257,0
591,1074523,1159.800048828125,697.7571411132812,5,21257,1
591,1074524,931.5681762695312,656.0170288085938,9,21258,0
591,1074525,927.5416870117188,671.2083129882812,3,21258,1
591,1074526,927.5416870117188,671.2083129882812,3,21259,0
591,1074527,932.3438720703125,669.8009033203125,15,21259,1
591,1074528,1158.25,716.625,3,21260,0
591,1074529,1203.5,707.5,2,21260,1
591,1074530,1131.0,648.5,1,21260,2
591,1074531,1182.675048828125,715.1749877929688,4,21261,0
591,1074532,1219.0,707.25,3,21261,1
591,1074533,1131.0,648.5,1,21261,2
591,1074534,1158.25,716.625,3,21262,0
591,1074535,1131.0,648.5,1,21262,1
591,1074536,1139.6666259765625,695.875,4,21263,0
591,1074537,1203.5,707.5,3,21263,1
591,1074538,1131.0,648.5,1,21263,2
591,1074539,1232.625,715.25,4,21264,0
591,1074540,1210.44287109375,687.8856811523438,5,21264,1
591,1074541,1375.5,810.25,2,21265,0
591,1074542,1224.1666259765625,694.75,6,21265,1
591,1074543,1375.5,810.25,2,21266,0
591,1074544,1224.1666259765625,694.75,6,21266,1
591,1074545,405.5,968.5,1,21267,0
591,1074546,835.5,710.5,1,21267,1
601,1074458,853.1666870117188,699.6666870117188,2,21231,0
601,1074459,887.5,699.0,2,21231,1
601,1074460,405.5,968.5,1,21231,2
601,1074461,931.5681762695312,656.0170288085938,9,21232,0
601,1074462,927.5416870117188,671.2083129882812,3,21232,1
601,1074463,922.227294921875,660.0283813476562,8,21233,0
601,1074464,887.5,699.0,5,21233,1
601,1074465,927.5416870117188,671.2083129882812,3,21234,0
601,1074466,943.5833129882812,652.5,7,21234,1
601,1074467,1102.4166259765625,666.125,3,21235,0
601,1074468,1157.75,650.25,2,21235,1
601,1074469,900.0,695.0,2,21235,2
601,1074470,1238.4166259765625,717.4166870117188,3,21236,0
601,1074471,1232.3333740234375,714.5833129882812,3,21236,1
601,1074472,1375.5,810.25,2,21236,2
601,1074473,853.1666870117188,699.6666870117188,2,21237,0
601,1074474,887.5,699.0,2,21237,1
601,1074475,1173.5,649.25,2,21238,0
601,1074476,1199.25,703.5,2,21238,1
601,1074477,1281.0,709.5,1,21238,2
601,1074478,1375.5,810.25,2,21238,3
601,1074479,1122.5,654.5,1,21238,4
601,1074480,936.0999755859375,655.0250244140625,9,21239,0
601,1074481,927.5416870117188,671.2083129882812,4,21239,1
601,1074482,883.2999877929688,678.5,5,21240,0
601,1074483,887.5,699.0,3,21240,1
601,1074484,919.375,661.0125122070312,8,21241,0
601,1074485,887.5,699.0,4,21241,1
601,1074486,926.8333129882812,658.625,10,21242,0
601,1074487,927.5416870117188,671.2083129882812,5,21242,1
601,1074488,1194.0,649.25,2,21243,0
601,1074489,1203.5,707.5,1,21243,1
601,1074490,1281.0,709.5,1,21243,2
601,1074491,1375.5,810.25,2,21243,3
601,1074492,1249.0,720.8333129882812,2,21244,0
601,1074493,1281.0,709.5,1,21244,1
601,1074494,1383.9166259765625,815.0,3,21244,2
601,1074495,1087.4166259765625,654.0,2,21245,0
601,1074496,887.5,699.0,2,21245,1
601,1074497,1238.4166259765625,717.4166870117188,3,21246,0
601,1074498,1289.5,715.25,2,21246,1
601,1074499,1375.5,810.25,2,21246,2
601,1074500,931.5681762695312,656.0170288085938,9,21247,0
601,1074501,927.5416870117188,671.2083129882812,3,21247,1
601,1074502,931.5681762695312,656.0170288085938,9,21248,0
601,1074503,927.5416870117188,671.2083129882812,3,21248,1
601,1074504,902.0,760.0,1,21249,0
601,1074505,887.5,699.0,2,21249,1
601,1074506,1213.550048828125,686.9000244140625,5,21250,0
601,1074507,1196.25,718.0,4,21250,1
601,1074508,1375.5,810.25,2,21250,2
601,1074509,927.5416870117188,671.2083129882812,3,21251,0
601,1074510,943.5833129882812,652.5,7,21251,1
601,1074511,931.5681762695312,656.0170288085938,9,21252,0
601,1074512,927.5416870117188,671.2083129882812,3,21252,1
601,1074513,1102.4166259765625,666.125,3,21253,0
601,1074514,887.5,699.0,2,21253,1
601,1074515,1131.0,648.5,1,21253,2
601,1074516,940.4365234375,654.6984252929688,8,21254,0
601,1074517,927.5416870117188,671.2083129882812,4,21254,1
601,1074518,926.8333129882812,658.625,9,21255,0
601,1074519,887.5,699.0,5,21255,1
601,1074520,927.5416870117188,671.2083129882812,4,21256,0
601,1074521,942.2817993164062,668.3055419921875,15,21256,1
601,1074522,1157.75,650.25,4,21257,0
601,1074523,1159.800048828125,697.7571411132812,5,21257,1
601,1074524,931.5681762695312,656.0170288085938,9,21258,0
601,1074525,927.5416870117188,671.2083129882812,3,21258,1
601,1074526,927.5416870117188,671.2083129882812,4,21259,0
601,1074527,932.3438720703125,669.8009033203125,15,21259,1
601,1074528,1158.25,716.625,3,21260,0
601,1074529,1203.5,707.5,2,21260,1
601,1074530,1131.0,648.5,1,21260,2
601,1074531,1182.675048828125,715.1749877929688,4,21261,0
601,1074532,1219.0,707.25,3,21261,1
601,1074533,1131.0,648.5,1,21261,2
601,1074534,1158.25,716.625,3,21262,0
601,1074535,1131.0,648.5,1,21262,1
601,1074536,1139.6666259765625,695.875,4,21263,0
601,1074537,1203.5,707.5,3,21263,1
601,1074538,1131.0,648.5,1,21263,2
601,1074539,1232.625,715.25,4,21264,0
601,1074540,1210.44287109375,687.8856811523438,5,21264,1
601,1074541,1375.5,810.25,2,21265,0
601,1074542,1224.1666259765625,694.75,6,21265,1
601,1074543,1375.5,810.25,2,21266,0
601,1074544,1224.1666259765625,694.75,6,21266,1
601,1074545,405.5,968.5,1,21267,0
601,1074546,835.5,710.5,1,21267,1
611,1074458,853.1666870117188,699.6666870117188,2,21231,0
611,1074459,887.5,699.0,2,21231,1
611,1074460,405.5,968.5,1,21231,2
611,1074461,931.5681762695312,656.0170288085938,9,21232,0
611,1074462,927.5416870117188,671.2083129882812,3,21232,1
611,1074463,922.227294921875,660.0283813476562,8,21233,0
611,1074464,887.5,699.0,5,21233,1
611,1074465,927.5416870117188,671.2083129882812,3,21234,0
611,1074466,943.5833129882812,652.5,7,21234,1
611,1074467,1102.4166259765625,666.125,3,21235,0
611,1074468,1157.75,650.25,2,21235,1
611,1074469,900.0,695.0,2,21235,2
611,1074470,1238.4166259765625,717.4166870117188,3,21236,0
611,1074471,1232.3333740234375,714.5833129882812,3,21236,1
611,1074472,1375.5,810.25,2,21236,2
611,1074473,853.1666870117188,699.6666870117188,2,21237,0
611,1074474,887.5,699.0,2,21237,1
611,1074475,1173.5,649.25,2,21238,0
611,1074476,1199.25,703.5,2,21238,1
611,1074477,1281.0,709.5,1,21238,2
611,1074478,1375.5,810.25,2,21238,3
611,1074479,1122.5,654.5,1,21238,4
611,1074480,936.0999755859375,655.0250244140625,9,21239,0
611,1074481,927.5416870117188,671.2083129882812,4,21239,1
611,1074482,883.2999877929688,678.5,5,21240,0
611,1074483,887.5,699.0,3,21240,1
611,1074484,919.375,661.0125122070312,8,21241,0
611,1074485,887.5,699.0,4,21241,1
611,1074486,926.8333129882812,658.625,10,21242,0
611,1074487,927.5416870117188,671.2083129882812,5,21242,1
611,1074488,1194.0,649.25,2,21243,0
611,1074489,1203.5,707.5,1,21243,1
611,1074490,1281.0,709.5,1,21243,2
611,1074491,1375.5,810.25,2,21243,3
611,1074492,1249.0,720.8333129882812,2,21244,0
611,1074493,1281.0,709.5,1,21244,1
611,1074494,1383.9166259765625,815.0,3,21244,2
611,1074495,1087.4166259765625,654.0,2,21245,0
611,1074496,887.5,699.0,2,21245,1
611,1074497,1238.4166259765625,717.4166870117188,3,21246,0
611,1074498,1289.5,715.25,2,21246,1
611,1074499,1375.5,810.25,2,21246,2
611,1074500,931.5681762695312,656.0170288085938,9,21247,0
611,1074501,927.5416870117188,671.2083129882812,3,21247,1
611,1074502,931.5681762695312,656.0170288085938,9,21248,0
611,1074503,927.5416870117188,671.2083129882812,3,21248,1
611,1074504,902.0,760.0,1,21249,0
611,1074505,887.5,699.0,2,21249,1
611,1074506,1213.550048828125,686.9000244140625,5,21250,0
611,1074507,1196.25,718.0,4,21250,1
611,1074508,1375.5,810.25,2,21250,2
611,1074509,927.5416870117188,671.2083129882812,3,21251,0
611,1074510,943.5833129882812,652.5,7,21251,1
611,1074511,931.5681762695312,656.0170288085938,9,21252,0
611,1074512,927.5416870117188,671.2083129882812,3,21252,1
611,1074513,1102.4166259765625,666.125,3,21253,0
611,1074514,887.5,699.0,2,21253,1
611,1074515,1131.0,648.5,1,21253,2
611,1074516,940.4365234375,654.6984252929688,8,21254,0
611,1074517,927.5416870117188,671.2083129882812,4,21254,1
611,1074518,926.8333129882812,658.625,9,21255,0
611,1074519,887.5,699.0,5,21255,1
611,1074520,927.5416870117188,671.2083129882812,4,21256,0
611,1074521,942.2817993164062,668.3055419921875,15,21256,1
611,1074522,1157.75,650.25,4,21257,0
611,1074523,1159.800048828125,697.7571411132812,5,21257,1
611,1074524,931.5681762695312,656.0170288085938,9,21258,0
611,1074525,927.5416870117188,671.2083129882812,3,21258,1
611,1074526,927.5416870117188,671.2083129882812,4,21259,0
611,1074527,932.3438720703125,669.8009033203125,15,21259,1
611,1074528,1158.25,716.625,3,21260,0
611,1074529,1203.5,707.5,2,21260,1
611,1074530,1131.0,648.5,1,21260,2
611,1074531,1182.675048828125,715.1749877929688,4,21261,0
611,1074532,1219.0,707.25,3,21261,1
611,1074533,1131.0,648.5,1,21261,2
611,1074534,1158.25,716.625,3,21262,0
611,1074535,1131.0,648.5,1,21262,1
611,1074536,1139.6666259765625,695.875,4,21263,0
611,1074537,1203.5,707.5,3,21263,1
611,1074538,1131.0,648.5,1,21263,2
611,1074539,1232.625,715.25,4,21264,0
611,1074540,1210.44287109375,687.8856811523438,5,21264,1
611,1074541,1375.5,810.25,2,21265,0
611,1074542,1224.1666259765625,694.75,6,21265,1
611,1074543,1375.5,810.25,2,21266,0
611,1074544,1224.1666259765625,694.75,6,21266,1
611,1074545,405.5,968.5,1,21267,0
611,1074546,835.5,710.5,1,21267,1
621,1074458,836.6666870117188,713.6666870117188,2,21231,0
621,1074459,890.0,697.5,2,21231,1
621,1074460,408.5,961.5,1,21231,2
621,1074461,929.282470703125,660.159912109375,7,21232,0
621,1074462,926.0416870117188,671.9583129882812,2,21232,1
621,1074463,917.1439819335938,664.695068359375,6,21233,0
621,1074464,888.25,703.5833129882812,6,21233,1
621,1074465,926.0416870117188,671.9583129882812,2,21234,0
621,1074466,940.5833129882812,655.4166870117188,6,21234,1
621,1074467,1097.1666259765625,666.125,2,21235,0
621,1074468,1157.0,651.25,2,21235,1
621,1074469,899.0,695.25,2,21235,2
621,1074470,1254.75,726.4166870117188,3,21236,0
621,1074471,1245.5833740234375,710.3333129882812,2,21236,1
621,1074472,1379.5,812.25,3,21236,2
621,1074473,836.6666870117188,713.6666870117188,2,21237,0
621,1074474,890.0,697.5,2,21237,1
621,1074475,1172.75,650.25,2,21238,0
621,1074476,1208.0,707.75,2,21238,1
621,1074477,1277.0,708.0,1,21238,2
621,1074478,1366.25,806.0,2,21238,3
621,1074479,1121.0,655.0,1,21238,4
621,1074480,932.4570922851562,659.096435546875,7,21239,0
621,1074481,926.5416870117188,672.0416259765625,3,21239,1
621,1074482,874.7999877929688,685.7999877929688,5,21240,0
621,1074483,889.75,702.0,2,21240,1
621,1074484,915.2321166992188,664.7982177734375,7,21241,0
621,1074485,888.0999755859375,704.7999877929688,5,21241,1
621,1074486,921.3333129882812,663.25,8,21242,0
621,1074487,928.1416625976562,672.8082885742188,5,21242,1
621,1074488,1193.0,650.25,2,21243,0
621,1074489,1221.5,716.0,1,21243,1
621,1074490,1277.0,708.0,1,21243,2
621,1074491,1366.25,806.0,2,21243,3
621,1074492,1265.0,722.1666259765625,3,21244,0
621,1074493,1277.0,708.0,1,21244,1
621,1074494,1397.6666259765625,822.5,2,21244,2
621,1074495,1083.9166259765625,655.25,2,21245,0
621,1074496,888.5,699.0,2,21245,1
621,1074497,1264.9166259765625,731.6666870117188,2,21246,0
621,1074498,1301.75,711.0,2,21246,1
621,1074499,1379.5,812.25,3,21246,2
621,1074500,929.282470703125,660.159912109375,7,21247,0
621,1074501,926.0416870117188,671.9583129882812,2,21247,1
621,1074502,929.282470703125,660.159912109375,7,21248,0
621,1074503,926.0416870117188,671.9583129882812,2,21248,1
621,1074504,909.5,767.0,1,21249,0
621,1074505,890.0,697.5,2,21249,1
621,1074506,1223.35009765625,687.800048828125,5,21250,0
621,1074507,1197.9166259765625,719.8333129882812,3,21250,1
621,1074508,1366.25,806.0,2,21250,2
621,1074509,926.0416870117188,671.9583129882812,2,21251,0
621,1074510,940.5833129882812,655.4166870117188,6,21251,1
621,1074511,929.282470703125,660.159912109375,7,21252,0
621,1074512,926.0416870117188,671.9583129882812,2,21252,1
621,1074513,1097.1666259765625,666.125,2,21253,0
621,1074514,890.0,697.5,2,21253,1
621,1074515,1131.0,648.5,1,21253,2
621,1074516,939.1865234375,658.78173828125,6,21254,0
621,1074517,926.5416870117188,672.0416259765625,3,21254,1
621,1074518,920.4047241210938,662.8392944335938,7,21255,0
621,1074519,888.7857055664062,703.9285888671875,7,21255,1
621,1074520,927.1666870117188,671.4583129882812,4,21256,0
621,1074521,938.7401123046875,674.0972290039062,12,21256,1
621,1074522,1152.75,649.375,4,21257,0
621,1074523,1157.10009765625,697.2571411132812,5,21257,1
621,1074524,929.282470703125,660.159912109375,7,21258,0
621,1074525,926.0416870117188,671.9583129882812,2,21258,1
621,1074526,927.1666870117188,671.4583129882812,4,21259,0
621,1074527,927.9688720703125,676.0092163085938,12,21259,1
621,1074528,1150.5,714.125,2,21260,0
621,1074529,1207.6666259765625,709.0,3,21260,1
621,1074530,1131.0,648.5,1,21260,2
621,1074531,1176.8416748046875,713.00830078125,3,21261,0
621,1074532,1222.5,708.75,3,21261,1
621,1074533,1131.0,648.5,1,21261,2
621,1074534,1150.5,714.125,2,21262,0
621,1074535,1131.0,648.5,1,21262,1
621,1074536,1135.833251953125,695.5416870117188,3,21263,0
621,1074537,1207.6666259765625,709.0,3,21263,1
621,1074538,1131.0,648.5,1,21263,2
621,1074539,1236.625,717.0833129882812,3,21264,0
621,1074540,1226.69287109375,696.5106811523438,4,21264,1
621,1074541,1383.0,813.875,4,21265,0
621,1074542,1239.5416259765625,698.5,4,21265,1
621,1074543,1383.0,813.875,4,21266,0
621,1074544,1239.5416259765625,698.5,4,21266,1
621,1074545,408.5,961.5,1,21267,0
621,1074546,817.5,722.0,1,21267,1
641,1074547,848.8333129882812,689.6666870117188,3,21268,0
641,1074548,753.5,771.5,1,21268,1
641,1074549,871.0833129882812,689.6666870117188,6,21269,0
641,1074550,753.5,771.5,1,21269,1
641,1074551,1052.75,651.3333129882812,6,21270,0
641,1074552,957.0,652.1666870117188,3,21270,1
641,1074553,1195.75,664.5,2,21271,0
641,1074554,1202.699951171875,697.5,5,21271,1
641,1074555,1555.3333740234375,841.0,3,21271,2
641,1074556,1530.5,1028.0,1,21271,3
641,1074557,873.5714111328125,695.5,7,21272,0
641,1074558,753.5,771.5,1,21272,1
641,1074559,771.5,715.75,2,21273,0
641,1074560,753.5,771.5,1,21273,1
641,1074561,1195.75,664.5,2,21274,0
641,1074562,1202.375,685.0,4,21274,1
641,1074563,957.0,652.1666870117188,3,21275,0
641,1074564,1025.300048828125,647.5,5,21275,1
641,1074565,771.5,715.75,2,21276,0
641,1074566,753.5,771.5,1,21276,1
641,1074567,880.5833129882812,696.25,6,21277,0
641,1074568,879.0,689.4000244140625,5,21278,0
641,1074569,947.0,661.5,1,21278,1
641,1074570,753.5,771.5,1,21278,2
641,1074571,882.875,706.625,4,21279,0
641,1074572,1005.75,645.0,4,21280,0
641,1074573,957.0,652.1666870117188,3,21280,1
641,1074574,753.5,771.5,1,21280,2
641,1074575,880.5833129882812,696.25,6,21281,0
641,1074576,753.5,771.5,1,21281,1
641,1074577,957.0,652.1666870117188,3,21282,0
641,1074578,1052.75,651.3333129882812,6,21282,1
641,1074579,1130.5,650.0,1,21283,0
641,1074580,1182.0625,701.625,8,21283,1
641,1074581,957.0,652.1666870117188,3,21284,0
641,1074582,1037.5625,656.875,8,21284,1
641,1074583,1111.875,665.125,4,21285,0
641,1074584,1130.5,650.0,1,21285,1
641,1074585,947.0,661.5,1,21285,2
641,1074586,1098.6666259765625,657.9166870117188,6,21286,0
641,1074587,957.0,652.1666870117188,3,21286,1
641,1074588,1130.5,650.0,1,21286,2
641,1074589,1058.357177734375,655.0714111328125,7,21287,0
641,1074590,957.0,652.1666870117188,3,21287,1
641,1074591,1005.75,645.0,4,21288,0
641,1074592,753.5,771.5,1,21288,1
641,1074593,957.0,652.1666870117188,3,21288,2
641,1074594,1194.9285888671875,705.0714111328125,7,21289,0
641,1074595,1523.0,837.5,1,21289,1
641,1074596,1195.75,664.5,2,21289,2
641,1074597,1130.5,650.0,1,21289,3
641,1074598,1114.857177734375,661.2857055664062,7,21290,0
641,1074599,1195.75,664.5,2,21290,1
641,1074600,953.5,659.75,2,21290,2
641,1074601,1130.5,650.0,1,21290,3
641,1074602,1202.375,685.0,4,21291,0
641,1074603,1195.75,664.5,2,21291,1
641,1074604,1130.5,650.0,1,21291,2
641,1074605,753.5,771.5,1,21292,0
641,1074606,870.7222290039062,682.8333129882812,9,21292,1
641,1074607,1214.199951171875,721.5,5,21293,0
641,1074608,1195.75,664.5,2,21293,1
641,1074609,1130.5,650.0,1,21293,2
641,1074610,1214.75,731.5,4,21294,0
641,1074611,1188.5,682.5,1,21294,1
641,1074612,1130.5,650.0,1,21294,2
641,1074613,1214.75,731.5,4,21295,0
641,1074614,1130.5,650.0,1,21295,1
641,1074615,1549.25,826.75,2,21296,0
641,1074616,1188.5,682.5,1,21296,1
641,1074617,1545.25,853.5,2,21297,0
641,1074618,1188.5,682.5,1,21297,1
641,1074619,1555.3333740234375,841.0,3,21298,0
641,1074620,1154.0,649.5,1,21298,1
641,1074621,1188.5,682.5,1,21298,2
641,1074622,1539.75,1016.25,2,21299,0
641,1074623,1539.75,1016.25,2,21300,0
641,1074624,1188.5,682.5,1,21300,1
651,1074547,848.8333129882812,689.6666870117188,3,21268,0
651,1074548,753.5,771.5,1,21268,1
651,1074549,871.0833129882812,689.6666870117188,6,21269,0
651,1074550,753.5,771.5,1,21269,1
651,1074551,1052.75,651.3333129882812,6,21270,0
651,1074552,957.0,652.1666870117188,3,21270,1
651,1074553,1195.75,664.5,2,21271,0
651,1074554,1202.699951171875,697.5,5,21271,1
651,1074555,1555.3333740234375,841.0,3,21271,2
651,1074556,1530.5,1028.0,1,21271,3
651,1074557,873.5714111328125,695.5,7,21272,0
651,1074558,753.5,771.5,1,21272,1
651,1074559,771.5,715.75,2,21273,0
651,1074560,753.5,771.5,1,21273,1
651,1074561,1195.75,664.5,2,21274,0
651,1074562,1202.375,685.0,4,21274,1
651,1074563,957.0,652.1666870117188,3,21275,0
651,1074564,1025.300048828125,647.5,5,21275,1
651,1074565,771.5,715.75,2,21276,0
651,1074566,753.5,771.5,1,21276,1
651,1074567,880.5833129882812,696.25,6,21277,0
651,1074568,879.0,689.4000244140625,5,21278,0
651,1074569,947.0,661.5,1,21278,1
651,1074570,753.5,771.5,1,21278,2
651,1074571,882.875,706.625,4,21279,0
651,1074572,1005.75,645.0,4,21280,0
651,1074573,957.0,652.1666870117188,3,21280,1
651,1074574,753.5,771.5,1,21280,2
651,1074575,880.5833129882812,696.25,6,21281,0
651,1074576,753.5,771.5,1,21281,1
651,1074577,957.0,652.1666870117188,3,21282,0
651,1074578,1052.75,651.3333129882812,6,21282,1
651,1074579,1130.5,650.0,1,21283,0
651,1074580,1182.0625,701.625,8,21283,1
651,1074581,957.0,652.1666870117188,3,21284,0
651,1074582,1037.5625,656.875,8,21284,1
651,1074583,1111.875,665.125,4,21285,0
651,1074584,1130.5,650.0,1,21285,1
651,1074585,947.0,661.5,1,21285,2
651,1074586,1098.6666259765625,657.9166870117188,6,21286,0
651,1074587,957.0,652.1666870117188,3,21286,1
651,1074588,1130.5,650.0,1,21286,2
651,1074589,1058.357177734375,655.0714111328125,7,21287,0
651,1074590,957.0,652.1666870117188,3,21287,1
651,1074591,1005.75,645.0,4,21288,0
651,1074592,753.5,771.5,1,21288,1
651,1074593,957.0,652.1666870117188,3,21288,2
651,1074594,1194.9285888671875,705.0714111328125,7,21289,0
651,1074595,1523.0,837.5,1,21289,1
651,1074596,1195.75,664.5,2,21289,2
651,1074597,1130.5,650.0,1,21289,3
651,1074598,1114.857177734375,661.2857055664062,7,21290,0
651,1074599,1195.75,664.5,2,21290,1
651,1074600,953.5,659.75,2,21290,2
651,1074601,1130.5,650.0,1,21290,3
651,1074602,1202.375,685.0,4,21291,0
651,1074603,1195.75,664.5,2,21291,1
651,1074604,1130.5,650.0,1,21291,2
651,1074605,753.5,771.5,1,21292,0
651,1074606,870.7222290039062,682.8333129882812,9,21292,1
651,1074607,1214.199951171875,721.5,5,21293,0
651,1074608,1195.75,664.5,2,21293,1
651,1074609,1130.5,650.0,1,21293,2
651,1074610,1214.75,731.5,4,21294,0
651,1074611,1188.5,682.5,1,21294,1
651,1074612,1130.5,650.0,1,21294,2
651,1074613,1214.75,731.5,4,21295,0
651,1074614,1130.5,650.0,1,21295,1
651,1074615,1549.25,826.75,2,21296,0
651,1074616,1188.5,682.5,1,21296,1
651,1074617,1545.25,853.5,2,21297,0
651,1074618,1188.5,682.5,1,21297,1
651,1074619,1555.3333740234375,841.0,3,21298,0
651,1074620,1154.0,649.5,1,21298,1
651,1074621,1188.5,682.5,1,21298,2
651,1074622,1539.75,1016.25,2,21299,0
651,1074623,1539.75,1016.25,2,21300,0
651,1074624,1188.5,682.5,1,21300,1
661,1074547,848.8333129882812,689.6666870117188,3,21268,0
661,1074548,753.5,771.5,1,21268,1
661,1074549,871.0833129882812,689.6666870117188,6,21269,0
661,1074550,753.5,771.5,1,21269,1
661,1074551,1052.75,651.3333129882812,6,21270,0
661,1074552,957.0,652.1666870117188,3,21270,1
661,1074553,1195.75,664.5,2,21271,0
661,1074554,1202.699951171875,697.5,5,21271,1
661,1074555,1555.3333740234375,841.0,3,21271,2
661,1074556,1530.5,1028.0,1,21271,3
661,1074557,873.5714111328125,695.5,7,21272,0
661,1074558,753.5,771.5,1,21272,1
661,1074559,771.5,715.75,2,21273,0
661,1074560,753.5,771.5,1,21273,1
661,1074561,1195.75,664.5,2,21274,0
661,1074562,1202.375,685.0,4,21274,1
661,1074563,957.0,652.1666870117188,3,21275,0
661,1074564,1025.300048828125,647.5,5,21275,1
661,1074565,771.5,715.75,2,21276,0
661,1074566,753.5,771.5,1,21276,1
661,1074567,880.5833129882812,696.25,6,21277,0
661,1074568,879.0,689.4000244140625,5,21278,0
661,1074569,947.0,661.5,1,21278,1
661,1074570,753.5,771.5,1,21278,2
661,1074571,882.875,706.625,4,21279,0
661,1074572,1005.75,645.0,4,21280,0
661,1074573,957.0,652.1666870117188,3,21280,1
661,1074574,753.5,771.5,1,21280,2
661,1074575,880.5833129882812,696.25,6,21281,0
661,1074576,753.5,771.5,1,21281,1
661,1074577,957.0,652.1666870117188,3,21282,0
661,1074578,1052.75,651.3333129882812,6,21282,1
661,1074579,1130.5,650.0,1,21283,0
661,1074580,1182.0625,701.625,8,21283,1
661,1074581,957.0,652.1666870117188,3,21284,0
661,1074582,1037.5625,656.875,8,21284,1
661,1074583,1111.875,665.125,4,21285,0
661,1074584,1130.5,650.0,1,21285,1
661,1074585,947.0,661.5,1,21285,2
661,1074586,1098.6666259765625,657.9166870117188,6,21286,0
661,1074587,957.0,652.1666870117188,3,21286,1
661,1074588,1130.5,650.0,1,21286,2
661,1074589,1058.357177734375,655.0714111328125,7,21287,0
661,1074590,957.0,652.1666870117188,3,21287,1
661,1074591,1005.75,645.0,4,21288,0
661,1074592,753.5,771.5,1,21288,1
661,1074593,957.0,652.1666870117188,3,21288,2
661,1074594,1194.9285888671875,705.0714111328125,7,21289,0
661,1074595,1523.0,837.5,1,21289,1
661,1074596,1195.75,664.5,2,21289,2
661,1074597,1130.5,650.0,1,21289,3
661,1074598,1114.857177734375,661.2857055664062,7,21290,0
661,1074599,1195.75,664.5,2,21290,1
661,1074600,953.5,659.75,2,21290,2
661,1074601,1130.5,650.0,1,21290,3
661,1074602,1202.375,685.0,4,21291,0
661,1074603,1195.75,664.5,2,21291,1
661,1074604,1130.5,650.0,1,21291,2
661,1074605,753.5,771.5,1,21292,0
661,1074606,870.7222290039062,682.8333129882812,9,21292,1
661,1074607,1214.199951171875,721.5,5,21293,0
661,1074608,1195.75,664.5,2,21293,1
661,1074609,1130.5,650.0,1,21293,2
661,1074610,1214.75,731.5,4,21294,0
661,1074611,1188.5,682.5,1,21294,1
661,1074612,1130.5,650.0,1,21294,2
661,1074613,1214.75,731.5,4,21295,0
661,1074614,1130.5,650.0,1,21295,1
661,1074615,1549.25,826.75,2,21296,0
661,1074616,1188.5,682.5,1,21296,1
661,1074617,1545.25,853.5,2,21297,0
661,1074618,1188.5,682.5,1,21297,1
661,1074619,1555.3333740234375,841.0,3,21298,0
661,1074620,1154.0,649.5,1,21298,1
661,1074621,1188.5,682.5,1,21298,2
661,1074622,1539.75,1016.25,2,21299,0
661,1074623,1539.75,1016.25,2,21300,0
661,1074624,1188.5,682.5,1,21300,1
671,1074547,848.8333129882812,689.6666870117188,3,21268,0
671,1074548,753.5,771.5,1,21268,1
671,1074549,871.0833129882812,689.6666870117188,6,21269,0
671,1074550,753.5,771.5,1,21269,1
671,1074551,1052.75,651.3333129882812,6,21270,0
671,1074552,957.0,652.1666870117188,3,21270,1
671,1074553,1195.75,664.5,2,21271,0
671,1074554,1202.699951171875,697.5,5,21271,1
671,1074555,1555.3333740234375,841.0,3,21271,2
671,1074556,1530.5,1028.0,1,21271,3
671,1074557,873.5714111328125,695.5,7,21272,0
671,1074558,753.5,771.5,1,21272,1
671,1074559,771.5,715.75,2,21273,0
671,1074560,753.5,771.5,1,21273,1
671,1074561,1195.75,664.5,2,21274,0
671,1074562,1202.375,685.0,4,21274,1
671,1074563,957.0,652.1666870117188,3,21275,0
671,1074564,1025.300048828125,647.5,5,21275,1
671,1074565,771.5,715.75,2,21276,0
671,1074566,753.5,771.5,1,21276,1
671,1074567,880.5833129882812,696.25,6,21277,0
671,1074568,879.0,689.4000244140625,5,21278,0
671,1074569,947.0,661.5,1,21278,1
671,1074570,753.5,771.5,1,21278,2
671,1074571,882.875,706.625,4,21279,0
671,1074572,1005.75,645.0,4,21280,0
671,1074573,957.0,652.1666870117188,3,21280,1
671,1074574,753.5,771.5,1,21280,2
671,1074575,880.5833129882812,696.25,6,21281,0
671,1074576,753.5,771.5,1,21281,1
671,1074577,957.0,652.1666870117188,3,21282,0
671,1074578,1052.75,651.3333129882812,6,21282,1
671,1074579,1130.5,650.0,1,21283,0
671,1074580,1182.0625,701.625,8,21283,1
671,1074581,957.0,652.1666870117188,3,21284,0
671,1074582,1037.5625,656.875,8,21284,1
671,1074583,1111.875,665.125,4,21285,0
671,1074584,1130.5,650.0,1,21285,1
671,1074585,947.0,661.5,1,21285,2
671,1074586,1098.6666259765625,657.9166870117188,6,21286,0
671,1074587,957.0,652.1666870117188,3,21286,1
671,1074588,1130.5,650.0,1,21286,2
671,1074589,1058.357177734375,655.0714111328125,7,21287,0
671,1074590,957.0,652.1666870117188,3,21287,1
671,1074591,1005.75,645.0,4,21288,0
671,1074592,753.5,771.5,1,21288,1
671,1074593,957.0,652.1666870117188,3,21288,2
671,1074594,1194.9285888671875,705.0714111328125,7,21289,0
671,1074595,1523.0,837.5,1,21289,1
671,1074596,1195.75,664.5,2,21289,2
671,1074597,1130.5,650.0,1,21289,3
671,1074598,1114.857177734375,661.2857055664062,7,21290,0
671,1074599,1195.75,664.5,2,21290,1
671,1074600,953.5,659.75,2,21290,2
671,1074601,1130.5,650.0,1,21290,3
671,1074602,1202.375,685.0,4,21291,0
671,1074603,1195.75,664.5,2,21291,1
671,1074604,1130.5,650.0,1,21291,2
671,1074605,753.5,771.5,1,21292,0
671,1074606,870.7222290039062,682.8333129882812,9,21292,1
671,1074607,1214.199951171875,721.5,5,21293,0
671,1074608,1195.75,664.5,2,21293,1
671,1074609,1130.5,650.0,1,21293,2
671,1074610,1214.75,731.5,4,21294,0
671,1074611,1188.5,682.5,1,21294,1
671,1074612,1130.5,650.0,1,21294,2
671,1074613,1214.75,731.5,4,21295,0
671,1074614,1130.5,650.0,1,21295,1
671,1074615,1549.25,826.75,2,21296,0
671,1074616,1188.5,682.5,1,21296,1
671,1074617,1545.25,853.5,2,21297,0
671,1074618,1188.5,682.5,1,21297,1
671,1074619,1555.3333740234375,841.0,3,21298,0
671,1074620,1154.0,649.5,1,21298,1
671,1074621,1188.5,682.5,1,21298,2
671,1074622,1539.75,1016.25,2,21299,0
671,1074623,1539.75,1016.25,2,21300,0
671,1074624,1188.5,682.5,1,21300,1
681,1074547,848.8333129882812,689.6666870117188,3,21268,0
681,1074548,753.5,771.5,1,21268,1
681,1074549,871.0833129882812,689.6666870117188,6,21269,0
681,1074550,753.5,771.5,1,21269,1
681,1074551,1052.75,651.3333129882812,6,21270,0
681,1074552,957.0,652.1666870117188,3,21270,1
681,1074553,1195.75,664.5,2,21271,0
681,1074554,1202.699951171875,697.5,5,21271,1
681,1074555,1555.3333740234375,841.0,3,21271,2
681,1074556,1530.5,1028.0,1,21271,3
681,1074557,873.5714111328125,695.5,7,21272,0
681,1074558,753.5,771.5,1,21272,1
681,1074559,771.5,715.75,2,21273,0
681,1074560,753.5,771.5,1,21273,1
681,1074561,1195.75,664.5,2,21274,0
681,1074562,1202.375,685.0,4,21274,1
681,1074563,957.0,652.1666870117188,3,21275,0
681,1074564,1025.300048828125,647.5,5,21275,1
681,1074565,771.5,715.75,2,21276,0
681,1074566,753.5,771.5,1,21276,1
681,1074567,880.5833129882812,696.25,6,21277,0
681,1074568,879.0,689.4000244140625,5,21278,0
681,1074569,947.0,661.5,1,21278,1
681,1074570,753.5,771.5,1,21278,2
681,1074571,882.875,706.625,4,21279,0
681,1074572,1005.75,645.0,4,21280,0
681,1074573,957.0,652.1666870117188,3,21280,1
681,1074574,753.5,771.5,1,21280,2
681,1074575,880.5833129882812,696.25,6,21281,0
681,1074576,753.5,771.5,1,21281,1
681,1074577,957.0,652.1666870117188,3,21282,0
681,1074578,1052.75,651.3333129882812,6,21282,1
681,1074579,1130.5,650.0,1,21283,0
681,1074580,1182.0625,701.625,8,21283,1
681,1074581,957.0,652.1666870117188,3,21284,0
681,1074582,1037.5625,656.875,8,21284,1
681,1074583,1111.875,665.125,4,21285,0
681,1074584,1130.5,650.0,1,21285,1
681,1074585,947.0,661.5,1,21285,2
681,1074586,1098.6666259765625,657.9166870117188,6,21286,0
681,1074587,957.0,652.1666870117188,3,21286,1
681,1074588,1130.5,650.0,1,21286,2
681,1074589,1058.357177734375,655.0714111328125,7,21287,0
681,1074590,957.0,652.1666870117188,3,21287,1
681,1074591,1005.75,645.0,4,21288,0
681,1074592,753.5,771.5,1,21288,1
681,1074593,957.0,652.1666870117188,3,21288,2
681,1074594,1194.9285888671875,705.0714111328125,7,21289,0
681,1074595,1523.0,837.5,1,21289,1
681,1074596,1195.75,664.5,2,21289,2
681,1074597,1130.5,650.0,1,21289,3
681,1074598,1114.857177734375,661.2857055664062,7,21290,0
681,1074599,1195.75,664.5,2,21290,1
681,1074600,953.5,659.75,2,21290,2
681,1074601,1130.5,650.0,1,21290,3
681,1074602,1202.375,685.0,4,21291,0
681,1074603,1195.75,664.5,2,21291,1
681,1074604,1130.5,650.0,1,21291,2
681,1074605,753.5,771.5,1,21292,0
681,1074606,870.7222290039062,682.8333129882812,9,21292,1
681,1074607,1214.199951171875,721.5,5,21293,0
681,1074608,1195.75,664.5,2,21293,1
681,1074609,1130.5,650.0,1,21293,2
681,1074610,1214.75,731.5,4,21294,0
681,1074611,1188.5,682.5,1,21294,1
681,1074612,1130.5,650.0,1,21294,2
681,1074613,1214.75,731.5,4,21295,0
681,1074614,1130.5,650.0,1,21295,1
681,1074615,1549.25,826.75,2,21296,0
681,1074616,1188.5,682.5,1,21296,1
681,1074617,1545.25,853.5,2,21297,0
681,1074618,1188.5,682.5,1,21297,1
681,1074619,1555.3333740234375,841.0,3,21298,0
681,1074620,1154.0,649.5,1,21298,1
681,1074621,1188.5,682.5,1,21298,2
681,1074622,1539.75,1016.25,2,21299,0
681,1074623,1539.75,1016.25,2,21300,0
681,1074624,1188.5,682.5,1,21300,1
691,1074547,848.8333129882812,689.6666870117188,3,21268,0
691,1074548,753.5,771.5,1,21268,1
691,1074549,871.0833129882812,689.6666870117188,6,21269,0
691,1074550,753.5,771.5,1,21269,1
691,1074551,1052.75,651.3333129882812,6,21270,0
691,1074552,957.0,652.1666870117188,3,21270,1
691,1074553,1195.75,664.5,2,21271,0
691,1074554,1202.699951171875,697.5,5,21271,1
691,1074555,1555.3333740234375,841.0,3,21271,2
691,1074556,1530.5,1028.0,1,21271,3
691,1074557,873.5714111328125,695.5,7,21272,0
691,1074558,753.5,771.5,1,21272,1
691,1074559,771.5,715.75,2,21273,0
691,1074560,753.5,771.5,1,21273,1
691,1074561,1195.75,664.5,2,21274,0
691,1074562,1202.375,685.0,4,21274,1
691,1074563,957.0,652.1666870117188,3,21275,0
691,1074564,1025.300048828125,647.5,5,21275,1
691,1074565,771.5,715.75,2,21276,0
691,1074566,753.5,771.5,1,21276,1
691,1074567,880.5833129882812,696.25,6,21277,0
691,1074568,879.0,689.4000244140625,5,21278,0
691,1074569,947.0,661.5,1,21278,1
691,1074570,753.5,771.5,1,21278,2
691,1074571,882.875,706.625,4,21279,0
691,1074572,1005.75,645.0,4,21280,0
691,1074573,957.0,652.1666870117188,3,21280,1
691,1074574,753.5,771.5,1,21280,2
691,1074575,880.5833129882812,696.25,6,21281,0
691,1074576,753.5,771.5,1,21281,1
691,1074577,957.0,652.1666870117188,3,21282,0
691,1074578,1052.75,651.3333129882812,6,21282,1
691,1074579,1130.5,650.0,1,21283,0
691,1074580,1182.0625,701.625,8,21283,1
691,1074581,957.0,652.1666870117188,3,21284,0
691,1074582,1037.5625,656.875,8,21284,1
691,1074583,1111.875,665.125,4,21285,0
691,1074584,1130.5,650.0,1,21285,1
691,1074585,947.0,661.5,1,21285,2
691,1074586,1098.6666259765625,657.9166870117188,6,21286,0
691,1074587,957.0,652.1666870117188,3,21286,1
691,1074588,1130.5,650.0,1,21286,2
691,1074589,1058.357177734375,655.0714111328125,7,21287,0
691,1074590,957.0,652.1666870117188,3,21287,1
691,1074591,1005.75,645.0,4,21288,0
691,1074592,753.5,771.5,1,21288,1
691,1074593,957.0,652.1666870117188,3,21288,2
691,1074594,1194.9285888671875,705.0714111328125,7,21289,0
691,1074595,1523.0,837.5,1,21289,1
691,1074596,1195.75,664.5,2,21289,2
691,1074597,1130.5,650.0,1,21289,3
691,1074598,1114.857177734375,661.2857055664062,7,21290,0
691,1074599,1195.75,664.5,2,21290,1
691,1074600,953.5,659.75,2,21290,2
691,1074601,1130.5,650.0,1,21290,3
691,1074602,1202.375,685.0,4,21291,0
691,1074603,1195.75,664.5,2,21291,1
691,1074604,1130.5,650.0,1,21291,2
691,1074605,753.5,771.5,1,21292,0
691,1074606,870.7222290039062,682.8333129882812,9,21292,1
691,1074607,1214.199951171875,721.5,5,21293,0
691,1074608,1195.75,664.5,2,21293,1
691,1074609,1130.5,650.0,1,21293,2
691,1074610,1214.75,731.5,4,21294,0
691,1074611,1188.5,682.5,1,21294,1
691,1074612,1130.5,650.0,1,21294,2
691,1074613,1214.75,731.5,4,21295,0
691,1074614,1130.5,650.0,1,21295,1
691,1074615,1549.25,826.75,2,21296,0
691,1074616,1188.5,682.5,1,21296,1
691,1074617,1545.25,853.5,2,21297,0
691,1074618,1188.5,682.5,1,21297,1
691,1074619,1555.3333740234375,841.0,3,21298,0
691,1074620,1154.0,649.5,1,21298,1
691,1074621,1188.5,682.5,1,21298,2
691,1074622,1539.75,1016.25,2,21299,0
691,1074623,1539.75,1016.25,2,21300,0
691,1074624,1188.5,682.5,1,21300,1
701,1074547,848.8333129882812,689.6666870117188,3,21268,0
701,1074548,753.5,771.5,1,21268,1
701,1074549,871.0833129882812,689.6666870117188,6,21269,0
701,1074550,753.5,771.5,1,21269,1
701,1074551,1052.75,651.3333129882812,6,21270,0
701,1074552,957.0,652.1666870117188,3,21270,1
701,1074553,1195.75,664.5,2,21271,0
701,1074554,1202.699951171875,697.5,5,21271,1
701,1074555,1555.3333740234375,841.0,3,21271,2
701,1074556,1530.5,1028.0,1,21271,3
701,1074557,873.5714111328125,695.5,7,21272,0
701,1074558,753.5,771.5,1,21272,1
701,1074559,771.5,715.75,2,21273,0
701,1074560,753.5,771.5,1,21273,1
701,1074561,1195.75,664.5,2,21274,0
701,1074562,1202.375,685.0,4,21274,1
701,1074563,957.0,652.1666870117188,3,21275,0
701,1074564,1025.300048828125,647.5,5,21275,1
701,1074565,771.5,715.75,2,21276,0
701,1074566,753.5,771.5,1,21276,1
701,1074567,880.5833129882812,696.25,6,21277,0
701,1074568,879.0,689.4000244140625,5,21278,0
701,1074569,947.0,661.5,1,21278,1
701,1074570,753.5,771.5,1,21278,2
701,1074571,882.875,706.625,4,21279,0
701,1074572,1005.75,645.0,4,21280,0
701,1074573,957.0,652.1666870117188,3,21280,1
701,1074574,753.5,771.5,1,21280,2
701,1074575,880.5833129882812,696.25,6,21281,0
701,1074576,753.5,771.5,1,21281,1
701,1074577,957.0,652.1666870117188,3,21282,0
701,1074578,1052.75,651.3333129882812,6,21282,1
701,1074579,1130.5,650.0,1,21283,0
701,1074580,1182.0625,701.625,8,21283,1
701,1074581,957.0,652.1666870117188,3,21284,0
701,1074582,1037.5625,656.875,8,21284,1
701,1074583,1111.875,665.125,4,21285,0
701,1074584,1130.5,650.0,1,21285,1
701,1074585,947.0,661.5,1,21285,2
701,1074586,1098.6666259765625,657.9166870117188,6,21286,0
701,1074587,957.0,652.1666870117188,3,21286,1
701,1074588,1130.5,650.0,1,21286,2
701,1074589,1058.357177734375,655.0714111328125,7,21287,0
701,1074590,957.0,652.1666870117188,3,21287,1
701,1074591,1005.75,645.0,4,21288,0
701,1074592,753.5,771.5,1,21288,1
701,1074593,957.0,652.1666870117188,3,21288,2
701,1074594,1194.9285888671875,705.0714111328125,7,21289,0
701,1074595,1523.0,837.5,1,21289,1
701,1074596,1195.75,664.5,2,21289,2
701,1074597,1130.5,650.0,1,21289,3
701,1074598,1114.857177734375,661.2857055664062,7,21290,0
701,1074599,1195.75,664.5,2,21290,1
701,1074600,953.5,659.75,2,21290,2
701,1074601,1130.5,650.0,1,21290,3
701,1074602,1202.375,685.0,4,21291,0
701,1074603,1195.75,664.5,2,21291,1
701,1074604,1130.5,650.0,1,21291,2
701,1074605,753.5,771.5,1,21292,0
701,1074606,870.7222290039062,682.8333129882812,9,21292,1
701,1074607,1214.199951171875,721.5,5,21293,0
701,1074608,1195.75,664.5,2,21293,1
701,1074609,1130.5,650.0,1,21293,2
701,1074610,1214.75,731.5,4,21294,0
701,1074611,1188.5,682.5,1,21294,1
701,1074612,1130.5,650.0,1,21294,2
701,1074613,1214.75,731.5,4,21295,0
701,1074614,1130.5,650.0,1,21295,1
701,1074615,1549.25,826.75,2,21296,0
701,1074616,1188.5,682.5,1,21296,1
701,1074617,1545.25,853.5,2,21297,0
701,1074618,1188.5,682.5,1,21297,1
701,1074619,1555.3333740234375,841.0,3,21298,0
701,1074620,1154.0,649.5,1,21298,1
701,1074621,1188.5,682.5,1,21298,2
701,1074622,1539.75,1016.25,2,21299,0
701,1074623,1539.75,1016.25,2,21300,0
701,1074624,1188.5,682.5,1,21300,1
711,1074547,848.8333129882812,689.6666870117188,3,21268,0
711,1074548,753.5,771.5,1,21268,1
711,1074549,871.0833129882812,689.6666870117188,6,21269,0
711,1074550,753.5,771.5,1,21269,1
711,1074551,1052.75,651.3333129882812,6,21270,0
711,1074552,957.0,652.1666870117188,3,21270,1
711,1074553,1195.75,664.5,2,21271,0
711,1074554,1202.699951171875,697.5,5,21271,1
711,1074555,1555.3333740234375,841.0,3,21271,2
711,1074556,1530.5,1028.0,1,21271,3
711,1074557,873.5714111328125,695.5,7,21272,0
711,1074558,753.5,771.5,1,21272,1
711,1074559,771.5,715.75,2,21273,0
711,1074560,753.5,771.5,1,21273,1
711,1074561,1195.75,664.5,2,21274,0
711,1074562,1202.375,685.0,4,21274,1
711,1074563,957.0,652.1666870117188,3,21275,0
711,1074564,1025.300048828125,647.5,5,21275,1
711,1074565,771.5,715.75,2,21276,0
711,1074566,753.5,771.5,1,21276,1
711,1074567,880.5833129882812,696.25,6,21277,0
711,1074568,879.0,689.4000244140625,5,21278,0
711,1074569,947.0,661.5,1,21278,1
711,1074570,753.5,771.5,1,21278,2
711,1074571,882.875,706.625,4,21279,0
711,1074572,1005.75,645.0,4,21280,0
711,1074573,957.0,652.1666870117188,3,21280,1
711,1074574,753.5,771.5,1,21280,2
711,1074575,880.5833129882812,696.25,6,21281,0
711,1074576,753.5,771.5,1,21281,1
711,1074577,957.0,652.1666870117188,3,21282,0
711,1074578,1052.75,651.3333129882812,6,21282,1
711,1074579,1130.5,650.0,1,21283,0
711,1074580,1182.0625,701.625,8,21283,1
711,1074581,957.0,652.1666870117188,3,21284,0
711,1074582,1037.5625,656.875,8,21284,1
711,1074583,1111.875,665.125,4,21285,0
711,1074584,1130.5,650.0,1,21285,1
711,1074585,947.0,661.5,1,21285,2
711,1074586,1098.6666259765625,657.9166870117188,6,21286,0
711,1074587,957.0,652.1666870117188,3,21286,1
711,1074588,1130.5,650.0,1,21286,2
711,1074589,1058.357177734375,655.0714111328125,7,21287,0
711,1074590,957.0,652.1666870117188,3,21287,1
711,1074591,1005.75,645.0,4,21288,0
711,1074592,753.5,771.5,1,21288,1
711,1074593,957.0,652.1666870117188,3,21288,2
711,1074594,1194.9285888671875,705.0714111328125,7,21289,0
711,1074595,1523.0,837.5,1,21289,1
711,1074596,1195.75,664.5,2,21289,2
711,1074597,1130.5,650.0,1,21289,3
711,1074598,1114.857177734375,661.2857055664062,7,21290,0
711,1074599,1195.75,664.5,2,21290,1
711,1074600,953.5,659.75,2,21290,2
711,1074601,1130.5,650.0,1,21290,3
711,1074602,1202.375,685.0,4,21291,0
711,1074603,1195.75,664.5,2,21291,1
711,1074604,1130.5,650.0,1,21291,2
711,1074605,753.5,771.5,1,21292,0
711,1074606,870.7222290039062,682.8333129882812,9,21292,1
711,1074607,1214.199951171875,721.5,5,21293,0
711,1074608,1195.75,664.5,2,21293,1
711,1074609,1130.5,650.0,1,21293,2
711,1074610,1214.75,731.5,4,21294,0
711,1074611,1188.5,682.5,1,21294,1
711,1074612,1130.5,650.0,1,21294,2
711,1074613,1214.75,731.5,4,21295,0
711,1074614,1130.5,650.0,1,21295,1
711,1074615,1549.25,826.75,2,21296,0
711,1074616,1188.5,682.5,1,21296,1
711,1074617,1545.25,853.5,2,21297,0
711,1074618,1188.5,682.5,1,21297,1
711,1074619,1555.3333740234375,841.0,3,21298,0
711,1074620,1154.0,649.5,1,21298,1
711,1074621,1188.5,682.5,1,21298,2
711,1074622,1539.75,1016.25,2,21299,0
711,1074623,1539.75,1016.25,2,21300,0
711,1074624,1188.5,682.5,1,21300,1
721,1074547,848.8333129882812,689.6666870117188,3,21268,0
721,1074548,753.5,771.5,1,21268,1
721,1074549,871.0833129882812,689.6666870117188,6,21269,0
721,1074550,753.5,771.5,1,21269,1
721,1074551,1052.75,651.3333129882812,6,21270,0
721,1074552,957.0,652.1666870117188,3,21270,1
721,1074553,1195.75,664.5,2,21271,0
721,1074554,1202.699951171875,697.5,5,21271,1
721,1074555,1555.3333740234375,841.0,3,21271,2
721,1074556,1530.5,1028.0,1,21271,3
721,1074557,873.5714111328125,695.5,7,21272,0
721,1074558,753.5,771.5,1,21272,1
721,1074559,771.5,715.75,2,21273,0
721,1074560,753.5,771.5,1,21273,1
721,1074561,1195.75,664.5,2,21274,0
721,1074562,1202.375,685.0,4,21274,1
721,1074563,957.0,652.1666870117188,3,21275,0
721,1074564,1025.300048828125,647.5,5,21275,1
721,1074565,771.5,715.75,2,21276,0
721,1074566,753.5,771.5,1,21276,1
721,1074567,880.5833129882812,696.25,6,21277,0
721,1074568,879.0,689.4000244140625,5,21278,0
721,1074569,947.0,661.5,1,21278,1
721,1074570,753.5,771.5,1,21278,2
721,1074571,882.875,706.625,4,21279,0
721,1074572,1005.75,645.0,4,21280,0
721,1074573,957.0,652.1666870117188,3,21280,1
721,1074574,753.5,771.5,1,21280,2
721,1074575,880.5833129882812,696.25,6,21281,0
721,1074576,753.5,771.5,1,21281,1
721,1074577,957.0,652.1666870117188,3,21282,0
721,1074578,1052.75,651.3333129882812,6,21282,1
721,1074579,1130.5,650.0,1,21283,0
721,1074580,1182.0625,701.625,8,21283,1
721,1074581,957.0,652.1666870117188,3,21284,0
721,1074582,1037.5625,656.875,8,21284,1
721,1074583,1111.875,665.125,4,21285,0
721,1074584,1130.5,650.0,1,21285,1
721,1074585,947.0,661.5,1,21285,2
721,1074586,1098.6666259765625,657.9166870117188,6,21286,0
721,1074587,957.0,652.1666870117188,3,21286,1
721,1074588,1130.5,650.0,1,21286,2
721,1074589,1058.357177734375,655.0714111328125,7,21287,0
721,1074590,957.0,652.1666870117188,3,21287,1
721,1074591,1005.75,645.0,4,21288,0
721,1074592,753.5,771.5,1,21288,1
721,1074593,957.0,652.1666870117188,3,21288,2
721,1074594,1194.9285888671875,705.0714111328125,7,21289,0
721,1074595,1523.0,837.5,1,21289,1
721,1074596,1195.75,664.5,2,21289,2
721,1074597,1130.5,650.0,1,21289,3
721,1074598,1114.857177734375,661.2857055664062,7,21290,0
721,1074599,1195.75,664.5,2,21290,1
721,1074600,953.5,659.75,2,21290,2
721,1074601,1130.5,650.0,1,21290,3
721,1074602,1202.375,685.0,4,21291,0
721,1074603,1195.75,664.5,2,21291,1
721,1074604,1130.5,650.0,1,21291,2
721,1074605,753.5,771.5,1,21292,0
721,1074606,870.7222290039062,682.8333129882812,9,21292,1
721,1074607,1214.199951171875,721.5,5,21293,0
721,1074608,1195.75,664.5,2,21293,1
721,1074609,1130.5,650.0,1,21293,2
721,1074610,1214.75,731.5,4,21294,0
721,1074611,1188.5,682.5,1,21294,1
721,1074612,1130.5,650.0,1,21294,2
721,1074613,1214.75,731.5,4,21295,0
721,1074614,1130.5,650.0,1,21295,1
721,1074615,1549.25,826.75,2,21296,0
721,1074616,1188.5,682.5,1,21296,1
721,1074617,1545.25,853.5,2,21297,0
721,1074618,1188.5,682.5,1,21297,1
721,1074619,1555.3333740234375,841.0,3,21298,0
721,1074620,1154.0,649.5,1,21298,1
721,1074621,1188.5,682.5,1,21298,2
721,1074622,1539.75,1016.25,2,21299,0
721,1074623,1539.75,1016.25,2,21300,0
721,1074624,1188.5,682.5,1,21300,1
731,1074547,836.5833129882812,694.1666870117188,2,21268,0
731,1074548,775.5,770.5,1,21268,1
731,1074549,861.8333129882812,696.0416870117188,4,21269,0
731,1074550,775.5,770.5,1,21269,1
731,1074551,1049.1500244140625,650.63330078125,5,21270,0
731,1074552,957.75,652.4166870117188,2,21270,1
731,1074553,1199.0,667.25,2,21271,0
731,1074554,1200.449951171875,696.75,4,21271,1
731,1074555,1544.3333740234375,831.75,2,21271,2
731,1074556,1520.0,1019.0,1,21271,3
731,1074557,866.971435546875,701.7999877929688,5,21272,0
731,1074558,775.5,770.5,1,21272,1
731,1074559,746.0,725.5,2,21273,0
731,1074560,775.5,770.5,1,21273,1
731,1074561,1199.0,667.25,2,21274,0
731,1074562,1199.0416259765625,682.6666870117188,3,21274,1
731,1074563,957.75,652.4166870117188,2,21275,0
731,1074564,1021.9000244140625,646.9000244140625,5,21275,1
731,1074565,746.0,725.5,2,21276,0
731,1074566,775.5,770.5,1,21276,1
731,1074567,876.2083129882812,702.75,4,21277,0
731,1074568,870.75,695.4000244140625,4,21278,0
731,1074569,949.0,660.5,1,21278,1
731,1074570,775.5,770.5,1,21278,2
731,1074571,880.7083129882812,713.9583129882812,3,21279,0
731,1074572,1003.375,644.625,4,21280,0
731,1074573,957.75,652.4166870117188,2,21280,1
731,1074574,775.5,770.5,1,21280,2
731,1074575,876.2083129882812,702.75,4,21281,0
731,1074576,775.5,770.5,1,21281,1
731,1074577,957.75,652.4166870117188,2,21282,0
731,1074578,1049.1500244140625,650.63330078125,5,21282,1
731,1074579,1131.0,650.0,1,21283,0
731,1074580,1178.3125,699.7916870117188,6,21283,1
731,1074581,957.75,652.4166870117188,2,21284,0
731,1074582,1031.5625,656.8035888671875,7,21284,1
731,1074583,1105.7083740234375,663.625,3,21285,0
731,1074584,1131.0,650.0,1,21285,1
731,1074585,949.0,660.5,1,21285,2
731,1074586,1094.4166259765625,658.4166870117188,4,21286,0
731,1074587,958.3333129882812,651.6666870117188,3,21286,1
731,1074588,1131.0,650.0,1,21286,2
731,1074589,1052.5238037109375,654.5714111328125,6,21287,0
731,1074590,957.75,652.4166870117188,2,21287,1
731,1074591,1003.375,644.625,4,21288,0
731,1074592,775.5,770.5,1,21288,1
731,1074593,957.75,652.4166870117188,2,21288,2
731,1074594,1192.6285400390625,703.17138671875,5,21289,0
731,1074595,1509.5,829.5,1,21289,1
731,1074596,1199.0,667.25,2,21289,2
731,1074597,1131.0,650.0,1,21289,3
731,1074598,1111.857177734375,661.2857055664062,5,21290,0
731,1074599,1199.0,667.25,2,21290,1
731,1074600,955.75,658.25,2,21290,2
731,1074601,1131.0,650.0,1,21290,3
731,1074602,1199.0416259765625,682.6666870117188,3,21291,0
731,1074603,1199.0,667.25,2,21291,1
731,1074604,1131.0,650.0,1,21291,2
731,1074605,775.5,770.5,1,21292,0
731,1074606,856.5079345703125,687.8333129882812,7,21292,1
731,1074607,1213.199951171875,719.5,4,21293,0
731,1074608,1199.0,667.25,2,21293,1
731,1074609,1131.0,650.0,1,21293,2
731,1074610,1212.75,729.5,3,21294,0
731,1074611,1195.0,688.0,1,21294,1
731,1074612,1131.0,650.0,1,21294,2
731,1074613,1212.75,729.5,3,21295,0
731,1074614,1131.0,650.0,1,21295,1
731,1074615,1535.25,819.0,2,21296,0
731,1074616,1195.0,688.0,1,21296,1
731,1074617,1534.75,844.0,2,21297,0
731,1074618,1195.0,688.0,1,21297,1
731,1074619,1544.3333740234375,831.75,2,21298,0
731,1074620,1155.0,653.5,1,21298,1
731,1074621,1195.0,688.0,1,21298,2
731,1074622,1525.75,1007.0,2,21299,0
731,1074623,1525.75,1007.0,2,21300,0
731,1074624,1195.0,688.0,1,21300,1
741,1074547,836.5833129882812,694.1666870117188,2,21268,0
741,1074548,775.5,770.5,2,21268,1
741,1074549,861.8333129882812,696.0416870117188,4,21269,0
741,1074550,775.5,770.5,2,21269,1
741,1074551,1049.1500244140625,650.63330078125,5,21270,0
741,1074552,957.75,652.4166870117188,4,21270,1
741,1074553,1199.0,667.25,3,21271,0
741,1074554,1200.449951171875,696.75,4,21271,1
741,1074555,1544.3333740234375,831.75,2,21271,2
741,1074556,1520.0,1019.0,1,21271,3
741,1074557,866.971435546875,701.7999877929688,5,21272,0
741,1074558,775.5,770.5,2,21272,1
741,1074559,746.0,725.5,2,21273,0
741,1074560,775.5,770.5,1,21273,1
741,1074561,1199.0,667.25,2,21274,0
741,1074562,1199.0416259765625,682.6666870117188,4,21274,1
741,1074563,957.75,652.4166870117188,3,21275,0
741,1074564,1021.9000244140625,646.9000244140625,5,21275,1
741,1074565,746.0,725.5,2,21276,0
741,1074566,775.5,770.5,1,21276,1
741,1074567,876.2083129882812,702.75,4,21277,0
741,1074568,870.75,695.4000244140625,4,21278,0
741,1074569,949.0,660.5,1,21278,1
741,1074570,775.5,770.5,1,21278,2
741,1074571,880.7083129882812,713.9583129882812,3,21279,0
741,1074572,1003.375,644.625,4,21280,0
741,1074573,957.75,652.4166870117188,3,21280,1
741,1074574,775.5,770.5,1,21280,2
741,1074575,876.2083129882812,702.75,4,21281,0
741,1074576,775.5,770.5,2,21281,1
741,1074577,957.75,652.4166870117188,4,21282,0
741,1074578,1049.1500244140625,650.63330078125,5,21282,1
741,1074579,1131.0,650.0,2,21283,0
741,1074580,1178.3125,699.7916870117188,6,21283,1
741,1074581,957.75,652.4166870117188,4,21284,0
741,1074582,1031.5625,656.8035888671875,7,21284,1
741,1074583,1105.7083740234375,663.625,3,21285,0
741,1074584,1131.0,650.0,1,21285,1
741,1074585,949.0,660.5,2,21285,2
741,1074586,1094.4166259765625,658.4166870117188,4,21286,0
741,1074587,958.3333129882812,651.6666870117188,4,21286,1
741,1074588,1131.0,650.0,2,21286,2
741,1074589,1052.5238037109375,654.5714111328125,6,21287,0
741,1074590,957.75,652.4166870117188,4,21287,1
741,1074591,1003.375,644.625,4,21288,0
741,1074592,775.5,770.5,1,21288,1
741,1074593,957.75,652.4166870117188,3,21288,2
741,1074594,1192.6285400390625,703.17138671875,5,21289,0
741,1074595,1509.5,829.5,1,21289,1
741,1074596,1199.0,667.25,3,21289,2
741,1074597,1131.0,650.0,2,21289,3
741,1074598,1111.857177734375,661.2857055664062,5,21290,0
741,1074599,1199.0,667.25,2,21290,1
741,1074600,955.75,658.25,3,21290,2
741,1074601,1131.0,650.0,2,21290,3
741,1074602,1199.0416259765625,682.6666870117188,4,21291,0
741,1074603,1199.0,667.25,2,21291,1
741,1074604,1131.0,650.0,1,21291,2
741,1074605,775.5,770.5,3,21292,0
741,1074606,856.5079345703125,687.8333129882812,7,21292,1
741,1074607,1213.199951171875,719.5,4,21293,0
741,1074608,1199.0,667.25,3,21293,1
741,1074609,1131.0,650.0,1,21293,2
741,1074610,1212.75,729.5,3,21294,0
741,1074611,1195.0,688.0,2,21294,1
741,1074612,1131.0,650.0,1,21294,2
741,1074613,1212.75,729.5,3,21295,0
741,1074614,1131.0,650.0,1,21295,1
741,1074615,1535.25,819.0,2,21296,0
741,1074616,1195.0,688.0,1,21296,1
741,1074617,1534.75,844.0,2,21297,0
741,1074618,1195.0,688.0,1,21297,1
741,1074619,1544.3333740234375,831.75,2,21298,0
741,1074620,1155.0,653.5,1,21298,1
741,1074621,1195.0,688.0,1,21298,2
741,1074622,1525.75,1007.0,2,21299,0
741,1074623,1525.75,1007.0,2,21300,0
741,1074624,1195.0,688.0,1,21300,1
751,1074547,836.5833129882812,694.1666870117188,2,21268,0
751,1074548,775.5,770.5,2,21268,1
751,1074549,861.8333129882812,696.0416870117188,4,21269,0
751,1074550,775.5,770.5,2,21269,1
751,1074551,1049.1500244140625,650.63330078125,5,21270,0
751,1074552,957.75,652.4166870117188,4,21270,1
751,1074553,1199.0,667.25,3,21271,0
751,1074554,1200.449951171875,696.75,4,21271,1
751,1074555,1544.3333740234375,831.75,2,21271,2
751,1074556,1520.0,1019.0,1,21271,3
751,1074557,866.971435546875,701.7999877929688,5,21272,0
751,1074558,775.5,770.5,2,21272,1
751,1074559,746.0,725.5,2,21273,0
751,1074560,775.5,770.5,1,21273,1
751,1074561,1199.0,667.25,2,21274,0
751,1074562,1199.0416259765625,682.6666870117188,4,21274,1
751,1074563,957.75,652.4166870117188,3,21275,0
751,1074564,1021.9000244140625,646.9000244140625,5,21275,1
751,1074565,746.0,725.5,2,21276,0
751,1074566,775.5,770.5,1,21276,1
751,1074567,876.2083129882812,702.75,4,21277,0
751,1074568,870.75,695.4000244140625,4,21278,0
751,1074569,949.0,660.5,1,21278,1
751,1074570,775.5,770.5,1,21278,2
751,1074571,880.7083129882812,713.9583129882812,3,21279,0
751,1074572,1003.375,644.625,4,21280,0
751,1074573,957.75,652.4166870117188,3,21280,1
751,1074574,775.5,770.5,1,21280,2
751,1074575,876.2083129882812,702.75,4,21281,0
751,1074576,775.5,770.5,2,21281,1
751,1074577,957.75,652.4166870117188,4,21282,0
751,1074578,1049.1500244140625,650.63330078125,5,21282,1
751,1074579,1131.0,650.0,3,21283,0
751,1074580,1178.3125,699.7916870117188,6,21283,1
751,1074581,957.75,652.4166870117188,4,21284,0
751,1074582,1031.5625,656.8035888671875,7,21284,1
751,1074583,1105.7083740234375,663.625,3,21285,0
751,1074584,1131.0,650.0,1,21285,1
751,1074585,949.0,660.5,2,21285,2
751,1074586,1094.4166259765625,658.4166870117188,4,21286,0
751,1074587,958.3333129882812,651.6666870117188,4,21286,1
751,1074588,1131.0,650.0,2,21286,2
751,1074589,1052.5238037109375,654.5714111328125,6,21287,0
751,1074590,957.75,652.4166870117188,4,21287,1
751,1074591,1003.375,644.625,4,21288,0
751,1074592,775.5,770.5,1,21288,1
751,1074593,957.75,652.4166870117188,3,21288,2
751,1074594,1192.6285400390625,703.17138671875,5,21289,0
751,1074595,1509.5,829.5,1,21289,1
751,1074596,1199.0,667.25,3,21289,2
751,1074597,1131.0,650.0,2,21289,3
751,1074598,1111.857177734375,661.2857055664062,5,21290,0
751,1074599,1199.0,667.25,2,21290,1
751,1074600,955.75,658.25,3,21290,2
751,1074601,1131.0,650.0,2,21290,3
751,1074602,1199.0416259765625,682.6666870117188,4,21291,0
751,1074603,1199.0,667.25,2,21291,1
751,1074604,1131.0,650.0,1,21291,2
751,1074605,775.5,770.5,3,21292,0
751,1074606,856.5079345703125,687.8333129882812,7,21292,1
751,1074607,1213.199951171875,719.5,4,21293,0
751,1074608,1199.0,667.25,3,21293,1
751,1074609,1131.0,650.0,1,21293,2
751,1074610,1212.75,729.5,3,21294,0
751,1074611,1195.0,688.0,2,21294,1
751,1074612,1131.0,650.0,1,21294,2
751,1074613,1212.75,729.5,3,21295,0
751,1074614,1131.0,650.0,2,21295,1
751,1074615,1535.25,819.0,2,21296,0
751,1074616,1195.0,688.0,1,21296,1
751,1074617,1534.75,844.0,2,21297,0
751,1074618,1195.0,688.0,1,21297,1
751,1074619,1544.3333740234375,831.75,2,21298,0
751,1074620,1155.0,653.5,1,21298,1
751,1074621,1195.0,688.0,1,21298,2
751,1074622,1525.75,1007.0,2,21299,0
751,1074623,1525.75,1007.0,2,21300,0
751,1074624,1195.0,688.0,1,21300,1
761,1074547,836.5833129882812,694.1666870117188,2,21268,0
761,1074548,775.5,770.5,2,21268,1
761,1074549,861.8333129882812,696.0416870117188,4,21269,0
761,1074550,775.5,770.5,2,21269,1
761,1074551,1049.1500244140625,650.63330078125,5,21270,0
761,1074552,957.75,652.4166870117188,4,21270,1
761,1074553,1199.0,667.25,3,21271,0
761,1074554,1200.449951171875,696.75,4,21271,1
761,1074555,1544.3333740234375,831.75,2,21271,2
761,1074556,1520.0,1019.0,1,21271,3
761,1074557,866.971435546875,701.7999877929688,5,21272,0
761,1074558,775.5,770.5,2,21272,1
761,1074559,746.0,725.5,2,21273,0
761,1074560,775.5,770.5,1,21273,1
761,1074561,1199.0,667.25,2,21274,0
761,1074562,1199.0416259765625,682.6666870117188,4,21274,1
761,1074563,957.75,652.4166870117188,3,21275,0
761,1074564,1021.9000244140625,646.9000244140625,5,21275,1
761,1074565,746.0,725.5,2,21276,0
761,1074566,775.5,770.5,1,21276,1
761,1074567,876.2083129882812,702.75,4,21277,0
761,1074568,870.75,695.4000244140625,4,21278,0
761,1074569,949.0,660.5,1,21278,1
761,1074570,775.5,770.5,1,21278,2
761,1074571,880.7083129882812,713.9583129882812,3,21279,0
761,1074572,1003.375,644.625,4,21280,0
761,1074573,957.75,652.4166870117188,3,21280,1
761,1074574,775.5,770.5,1,21280,2
761,1074575,876.2083129882812,702.75,4,21281,0
761,1074576,775.5,770.5,2,21281,1
761,1074577,957.75,652.4166870117188,4,21282,0
761,1074578,1049.1500244140625,650.63330078125,5,21282,1
761,1074579,1131.0,650.0,3,21283,0
761,1074580,1178.3125,699.7916870117188,6,21283,1
761,1074581,957.75,652.4166870117188,4,21284,0
761,1074582,1031.5625,656.8035888671875,7,21284,1
761,1074583,1105.7083740234375,663.625,3,21285,0
761,1074584,1131.0,650.0,1,21285,1
761,1074585,949.0,660.5,2,21285,2
761,1074586,1094.4166259765625,658.4166870117188,4,21286,0
761,1074587,958.3333129882812,651.6666870117188,4,21286,1
761,1074588,1131.0,650.0,2,21286,2
761,1074589,1052.5238037109375,654.5714111328125,6,21287,0
761,1074590,957.75,652.4166870117188,4,21287,1
761,1074591,1003.375,644.625,4,21288,0
761,1074592,775.5,770.5,1,21288,1
761,1074593,957.75,652.4166870117188,3,21288,2
761,1074594,1192.6285400390625,703.17138671875,5,21289,0
761,1074595,1509.5,829.5,1,21289,1
761,1074596,1199.0,667.25,3,21289,2
761,1074597,1131.0,650.0,2,21289,3
761,1074598,1111.857177734375,661.2857055664062,5,21290,0
761,1074599,1199.0,667.25,2,21290,1
761,1074600,955.75,658.25,3,21290,2
761,1074601,1131.0,650.0,2,21290,3
761,1074602,1199.0416259765625,682.6666870117188,4,21291,0
761,1074603,1199.0,667.25,2,21291,1
761,1074604,1131.0,650.0,1,21291,2
761,1074605,775.5,770.5,3,21292,0
761,1074606,856.5079345703125,687.8333129882812,7,21292,1
761,1074607,1213.199951171875,719.5,4,21293,0
761,1074608,1199.0,667.25,3,21293,1
761,1074609,1131.0,650.0,1,21293,2
761,1074610,1212.75,729.5,3,21294,0
761,1074611,1195.0,688.0,2,21294,1
761,1074612,1131.0,650.0,1,21294,2
761,1074613,1212.75,729.5,3,21295,0
761,1074614,1131.0,650.0,2,21295,1
761,1074615,1535.25,819.0,2,21296,0
761,1074616,1195.0,688.0,1,21296,1
761,1074617,1534.75,844.0,2,21297,0
761,1074618,1195.0,688.0,1,21297,1
761,1074619,1544.3333740234375,831.75,2,21298,0
761,1074620,1155.0,653.5,1,21298,1
761,1074621,1195.0,688.0,1,21298,2
761,1074622,1525.75,1007.0,2,21299,0
761,1074623,1525.75,1007.0,2,21300,0
761,1074624,1195.0,688.0,1,21300,1
771,1074547,836.5833129882812,694.1666870117188,2,21268,0
771,1074548,775.5,770.5,2,21268,1
771,1074549,861.8333129882812,696.0416870117188,4,21269,0
771,1074550,775.5,770.5,2,21269,1
771,1074551,1049.1500244140625,650.63330078125,5,21270,0
771,1074552,957.75,652.4166870117188,4,21270,1
771,1074553,1199.0,667.25,4,21271,0
771,1074554,1200.449951171875,696.75,4,21271,1
771,1074555,1544.3333740234375,831.75,2,21271,2
771,1074556,1520.0,1019.0,1,21271,3
771,1074557,866.971435546875,701.7999877929688,5,21272,0
771,1074558,775.5,770.5,2,21272,1
771,1074559,746.0,725.5,2,21273,0
771,1074560,775.5,770.5,1,21273,1
771,1074561,1199.0,667.25,2,21274,0
771,1074562,1199.0416259765625,682.6666870117188,4,21274,1
771,1074563,957.75,652.4166870117188,3,21275,0
771,1074564,1021.9000244140625,646.9000244140625,5,21275,1
771,1074565,746.0,725.5,2,21276,0
771,1074566,775.5,770.5,1,21276,1
771,1074567,876.2083129882812,702.75,4,21277,0
771,1074568,870.75,695.4000244140625,4,21278,0
771,1074569,949.0,660.5,1,21278,1
771,1074570,775.5,770.5,1,21278,2
771,1074571,880.7083129882812,713.9583129882812,3,21279,0
771,1074572,1003.375,644.625,4,21280,0
771,1074573,957.75,652.4166870117188,3,21280,1
771,1074574,775.5,770.5,1,21280,2
771,1074575,876.2083129882812,702.75,4,21281,0
771,1074576,775.5,770.5,2,21281,1
771,1074577,957.75,652.4166870117188,4,21282,0
771,1074578,1049.1500244140625,650.63330078125,5,21282,1
771,1074579,1131.0,650.0,3,21283,0
771,1074580,1178.3125,699.7916870117188,6,21283,1
771,1074581,957.75,652.4166870117188,4,21284,0
771,1074582,1031.5625,656.8035888671875,7,21284,1
771,1074583,1105.7083740234375,663.625,3,21285,0
771,1074584,1131.0,650.0,1,21285,1
771,1074585,949.0,660.5,2,21285,2
771,1074586,1094.4166259765625,658.4166870117188,4,21286,0
771,1074587,958.3333129882812,651.6666870117188,4,21286,1
771,1074588,1131.0,650.0,2,21286,2
771,1074589,1052.5238037109375,654.5714111328125,6,21287,0
771,1074590,957.75,652.4166870117188,4,21287,1
771,1074591,1003.375,644.625,4,21288,0
771,1074592,775.5,770.5,1,21288,1
771,1074593,957.75,652.4166870117188,3,21288,2
771,1074594,1192.6285400390625,703.17138671875,5,21289,0
771,1074595,1509.5,829.5,1,21289,1
771,1074596,1199.0,667.25,3,21289,2
771,1074597,1131.0,650.0,2,21289,3
771,1074598,1111.857177734375,661.2857055664062,5,21290,0
771,1074599,1199.0,667.25,2,21290,1
771,1074600,955.75,658.25,3,21290,2
771,1074601,1131.0,650.0,2,21290,3
771,1074602,1199.0416259765625,682.6666870117188,4,21291,0
771,1074603,1199.0,667.25,2,21291,1
771,1074604,1131.0,650.0,1,21291,2
771,1074605,775.5,770.5,3,21292,0
771,1074606,856.5079345703125,687.8333129882812,7,21292,1
771,1074607,1213.199951171875,719.5,4,21293,0
771,1074608,1199.0,667.25,3,21293,1
771,1074609,1131.0,650.0,1,21293,2
771,1074610,1212.75,729.5,3,21294,0
771,1074611,1195.0,688.0,2,21294,1
771,1074612,1131.0,650.0,1,21294,2
771,1074613,1212.75,729.5,3,21295,0
771,1074614,1131.0,650.0,2,21295,1
771,1074615,1535.25,819.0,2,21296,0
771,1074616,1195.0,688.0,1,21296,1
771,1074617,1534.75,844.0,2,21297,0
771,1074618,1195.0,688.0,1,21297,1
771,1074619,1544.3333740234375,831.75,2,21298,0
771,1074620,1155.0,653.5,1,21298,1
771,1074621,1195.0,688.0,2,21298,2
771,1074622,1525.75,1007.0,2,21299,0
771,1074623,1525.75,1007.0,2,21300,0
771,1074624,1195.0,688.0,1,21300,1
781,1074547,836.5833129882812,694.1666870117188,2,21268,0
781,1074548,775.5,770.5,2,21268,1
781,1074549,861.8333129882812,696.0416870117188,4,21269,0
781,1074550,775.5,770.5,2,21269,1
781,1074551,1049.1500244140625,650.63330078125,5,21270,0
781,1074552,957.75,652.4166870117188,4,21270,1
781,1074553,1199.0,667.25,4,21271,0
781,1074554,1200.449951171875,696.75,4,21271,1
781,1074555,1544.3333740234375,831.75,2,21271,2
781,1074556,1520.0,1019.0,1,21271,3
781,1074557,866.971435546875,701.7999877929688,5,21272,0
781,1074558,775.5,770.5,2,21272,1
781,1074559,746.0,725.5,2,21273,0
781,1074560,775.5,770.5,1,21273,1
781,1074561,1199.0,667.25,2,21274,0
781,1074562,1199.0416259765625,682.6666870117188,4,21274,1
781,1074563,957.75,652.4166870117188,3,21275,0
781,1074564,1021.9000244140625,646.9000244140625,5,21275,1
781,1074565,746.0,725.5,2,21276,0
781,1074566,775.5,770.5,1,21276,1
781,1074567,876.2083129882812,702.75,4,21277,0
781,1074568,870.75,695.4000244140625,4,21278,0
781,1074569,949.0,660.5,1,21278,1
781,1074570,775.5,770.5,1,21278,2
781,1074571,880.7083129882812,713.9583129882812,3,21279,0
781,1074572,1003.375,644.625,4,21280,0
781,1074573,957.75,652.4166870117188,3,21280,1
781,1074574,775.5,770.5,1,21280,2
781,1074575,876.2083129882812,702.75,4,21281,0
781,1074576,775.5,770.5,2,21281,1
781,1074577,957.75,652.4166870117188,4,21282,0
781,1074578,1049.1500244140625,650.63330078125,5,21282,1
781,1074579,1131.0,650.0,3,21283,0
781,1074580,1178.3125,699.7916870117188,6,21283,1
781,1074581,957.75,652.4166870117188,4,21284,0
781,1074582,1031.5625,656.8035888671875,7,21284,1
781,1074583,1105.7083740234375,663.625,3,21285,0
781,1074584,1131.0,650.0,1,21285,1
781,1074585,949.0,660.5,2,21285,2
781,1074586,1094.4166259765625,658.4166870117188,4,21286,0
781,1074587,958.3333129882812,651.6666870117188,4,21286,1
781,1074588,1131.0,650.0,2,21286,2
781,1074589,1052.5238037109375,654.5714111328125,6,21287,0
781,1074590,957.75,652.4166870117188,4,21287,1
781,1074591,1003.375,644.625,4,21288,0
781,1074592,775.5,770.5,1,21288,1
781,1074593,957.75,652.4166870117188,3,21288,2
781,1074594,1192.6285400390625,703.17138671875,5,21289,0
781,1074595,1509.5,829.5,1,21289,1
781,1074596,1199.0,667.25,3,21289,2
781,1074597,1131.0,650.0,2,21289,3
781,1074598,1111.857177734375,661.2857055664062,5,21290,0
781,1074599,1199.0,667.25,2,21290,1
781,1074600,955.75,658.25,3,21290,2
781,1074601,1131.0,650.0,2,21290,3
781,1074602,1199.0416259765625,682.6666870117188,4,21291,0
781,1074603,1199.0,667.25,2,21291,1
781,1074604,1131.0,650.0,1,21291,2
781,1074605,775.5,770.5,3,21292,0
781,1074606,856.5079345703125,687.8333129882812,7,21292,1
781,1074607,1213.199951171875,719.5,4,21293,0
781,1074608,1199.0,667.25,3,21293,1
781,1074609,1131.0,650.0,1,21293,2
781,1074610,1212.75,729.5,3,21294,0
781,1074611,1195.0,688.0,2,21294,1
781,1074612,1131.0,650.0,1,21294,2
781,1074613,1212.75,729.5,3,21295,0
781,1074614,1131.0,650.0,2,21295,1
781,1074615,1535.25,819.0,2,21296,0
781,1074616,1195.0,688.0,1,21296,1
781,1074617,1534.75,844.0,2,21297,0
781,1074618,1195.0,688.0,1,21297,1
781,1074619,1544.3333740234375,831.75,2,21298,0
781,1074620,1155.0,653.5,1,21298,1
781,1074621,1195.0,688.0,2,21298,2
781,1074622,1525.75,1007.0,2,21299,0
781,1074623,1525.75,1007.0,2,21300,0
781,1074624,1195.0,688.0,1,21300,1
791,1074547,836.5833129882812,694.1666870117188,2,21268,0
791,1074548,775.5,770.5,2,21268,1
791,1074549,861.8333129882812,696.0416870117188,4,21269,0
791,1074550,775.5,770.5,2,21269,1
791,1074551,1049.1500244140625,650.63330078125,5,21270,0
791,1074552,957.75,652.4166870117188,4,21270,1
791,1074553,1199.0,667.25,4,21271,0
791,1074554,1200.449951171875,696.75,4,21271,1
791,1074555,1544.3333740234375,831.75,2,21271,2
791,1074556,1520.0,1019.0,1,21271,3
791,1074557,866.971435546875,701.7999877929688,5,21272,0
791,1074558,775.5,770.5,2,21272,1
791,1074559,746.0,725.5,2,21273,0
791,1074560,775.5,770.5,1,21273,1
791,1074561,1199.0,667.25,2,21274,0
791,1074562,1199.0416259765625,682.6666870117188,4,21274,1
791,1074563,957.75,652.4166870117188,3,21275,0
791,1074564,1021.9000244140625,646.9000244140625,5,21275,1
791,1074565,746.0,725.5,2,21276,0
791,1074566,775.5,770.5,1,21276,1
791,1074567,876.2083129882812,702.75,4,21277,0
791,1074568,870.75,695.4000244140625,4,21278,0
791,1074569,949.0,660.5,1,21278,1
791,1074570,775.5,770.5,1,21278,2
791,1074571,880.7083129882812,713.9583129882812,3,21279,0
791,1074572,1003.375,644.625,4,21280,0
791,1074573,957.75,652.4166870117188,3,21280,1
791,1074574,775.5,770.5,1,21280,2
791,1074575,876.2083129882812,702.75,4,21281,0
791,1074576,775.5,770.5,2,21281,1
791,1074577,957.75,652.4166870117188,4,21282,0
791,1074578,1049.1500244140625,650.63330078125,5,21282,1
791,1074579,1131.0,650.0,3,21283,0
791,1074580,1178.3125,699.7916870117188,6,21283,1
791,1074581,957.75,652.4166870117188,4,21284,0
791,1074582,1031.5625,656.8035888671875,7,21284,1
791,1074583,1105.7083740234375,663.625,3,21285,0
791,1074584,1131.0,650.0,1,21285,1
791,1074585,949.0,660.5,2,21285,2
791,1074586,1094.4166259765625,658.4166870117188,4,21286,0
791,1074587,958.3333129882812,651.6666870117188,4,21286,1
791,1074588,1131.0,650.0,2,21286,2
791,1074589,1052.5238037109375,654.5714111328125,6,21287,0
791,1074590,957.75,652.4166870117188,4,21287,1
791,1074591,1003.375,644.625,4,21288,0
791,1074592,775.5,770.5,1,21288,1
791,1074593,957.75,652.4166870117188,3,21288,2
791,1074594,1192.6285400390625,703.17138671875,5,21289,0
791,1074595,1509.5,829.5,1,21289,1
791,1074596,1199.0,667.25,3,21289,2
791,1074597,1131.0,650.0,2,21289,3
791,1074598,1111.857177734375,661.2857055664062,5,21290,0
791,1074599,1199.0,667.25,2,21290,1
791,1074600,955.75,658.25,3,21290,2
791,1074601,1131.0,650.0,2,21290,3
791,1074602,1199.0416259765625,682.6666870117188,4,21291,0
791,1074603,1199.0,667.25,2,21291,1
791,1074604,1131.0,650.0,1,21291,2
791,1074605,775.5,770.5,3,21292,0
791,1074606,856.5079345703125,687.8333129882812,7,21292,1
791,1074607,1213.199951171875,719.5,4,21293,0
791,1074608,1199.0,667.25,3,21293,1
791,1074609,1131.0,650.0,1,21293,2
791,1074610,1212.75,729.5,3,21294,0
791,1074611,1195.0,688.0,2,21294,1
791,1074612,1131.0,650.0,1,21294,2
791,1074613,1212.75,729.5,3,21295,0
791,1074614,1131.0,650.0,2,21295,1
791,1074615,1535.25,819.0,2,21296,0
791,1074616,1195.0,688.0,1,21296,1
791,1074617,1534.75,844.0,2,21297,0
791,1074618,1195.0,688.0,1,21297,1
791,1074619,1544.3333740234375,831.75,2,21298,0
791,1074620,1155.0,653.5,1,21298,1
791,1074621,1195.0,688.0,2,21298,2
791,1074622,1525.75,1007.0,2,21299,0
791,1074623,1525.75,1007.0,2,21300,0
791,1074624,1195.0,688.0,1,21300,1
801,1074547,836.5833129882812,694.1666870117188,2,21268,0
801,1074548,775.5,770.5,2,21268,1
801,1074549,861.8333129882812,696.0416870117188,4,21269,0
801,1074550,775.5,770.5,2,21269,1
801,1074551,1049.1500244140625,650.63330078125,5,21270,0
801,1074552,957.75,652.4166870117188,4,21270,1
801,1074553,1199.0,667.25,4,21271,0
801,1074554,1200.449951171875,696.75,4,21271,1
801,1074555,1544.3333740234375,831.75,2,21271,2
801,1074556,1520.0,1019.0,1,21271,3
801,1074557,866.971435546875,701.7999877929688,5,21272,0
801,1074558,775.5,770.5,2,21272,1
801,1074559,746.0,725.5,2,21273,0
801,1074560,775.5,770.5,1,21273,1
801,1074561,1199.0,667.25,2,21274,0
801,1074562,1199.0416259765625,682.6666870117188,4,21274,1
801,1074563,957.75,652.4166870117188,3,21275,0
801,1074564,1021.9000244140625,646.9000244140625,5,21275,1
801,1074565,746.0,725.5,2,21276,0
801,1074566,775.5,770.5,1,21276,1
801,1074567,876.2083129882812,702.75,4,21277,0
801,1074568,870.75,695.4000244140625,4,21278,0
801,1074569,949.0,660.5,1,21278,1
801,1074570,775.5,770.5,1,21278,2
801,1074571,880.7083129882812,713.9583129882812,3,21279,0
801,1074572,1003.375,644.625,4,21280,0
801,1074573,957.75,652.4166870117188,3,21280,1
801,1074574,775.5,770.5,1,21280,2
801,1074575,876.2083129882812,702.75,4,21281,0
801,1074576,775.5,770.5,2,21281,1
801,1074577,957.75,652.4166870117188,4,21282,0
801,1074578,1049.1500244140625,650.63330078125,5,21282,1
801,1074579,1131.0,650.0,3,21283,0
801,1074580,1178.3125,699.7916870117188,6,21283,1
801,1074581,957.75,652.4166870117188,4,21284,0
801,1074582,1031.5625,656.8035888671875,7,21284,1
801,1074583,1105.7083740234375,663.625,3,21285,0
801,1074584,1131.0,650.0,1,21285,1
801,1074585,949.0,660.5,2,21285,2
801,1074586,1094.4166259765625,658.4166870117188,4,21286,0
801,1074587,958.3333129882812,651.6666870117188,4,21286,1
801,1074588,1131.0,650.0,2,21286,2
801,1074589,1052.5238037109375,654.5714111328125,6,21287,0
801,1074590,957.75,652.4166870117188,4,21287,1
801,1074591,1003.375,644.625,4,21288,0
801,1074592,775.5,770.5,1,21288,1
801,1074593,957.75,652.4166870117188,3,21288,2
801,1074594,1192.6285400390625,703.17138671875,5,21289,0
801,1074595,1509.5,829.5,1,21289,1
801,1074596,1199.0,667.25,3,21289,2
801,1074597,1131.0,650.0,2,21289,3
801,1074598,1111.857177734375,661.2857055664062,5,21290,0
801,1074599,1199.0,667.25,2,21290,1
801,1074600,955.75,658.25,3,21290,2
801,1074601,1131.0,650.0,2,21290,3
801,1074602,1199.0416259765625,682.6666870117188,4,21291,0
801,1074603,1199.0,667.25,2,21291,1
801,1074604,1131.0,650.0,1,21291,2
801,1074605,775.5,770.5,3,21292,0
801,1074606,856.5079345703125,687.8333129882812,7,21292,1
801,1074607,1213.199951171875,719.5,4,21293,0
801,1074608,1199.0,667.25,3,21293,1
801,1074609,1131.0,650.0,1,21293,2
801,1074610,1212.75,729.5,3,21294,0
801,1074611,1195.0,688.0,2,21294,1
801,1074612,1131.0,650.0,1,21294,2
801,1074613,1212.75,729.5,3,21295,0
801,1074614,1131.0,650.0,2,21295,1
801,1074615,1535.25,819.0,2,21296,0
801,1074616,1195.0,688.0,1,21296,1
801,1074617,1534.75,844.0,2,21297,0
801,1074618,1195.0,688.0,1,21297,1
801,1074619,1544.3333740234375,831.75,2,21298,0
801,1074620,1155.0,653.5,1,21298,1
801,1074621,1195.0,688.0,2,21298,2
801,1074622,1525.75,1007.0,2,21299,0
801,1074623,1525.75,1007.0,2,21300,0
801,1074624,1195.0,688.0,1,21300,1
811,1074547,836.5833129882812,694.1666870117188,2,21268,0
811,1074548,775.5,770.5,2,21268,1
811,1074549,861.8333129882812,696.0416870117188,4,21269,0
811,1074550,775.5,770.5,2,21269,1
811,1074551,1049.1500244140625,650.63330078125,5,21270,0
811,1074552,957.75,652.4166870117188,4,21270,1
811,1074553,1199.0,667.25,4,21271,0
811,1074554,1200.449951171875,696.75,4,21271,1
811,1074555,1544.3333740234375,831.75,2,21271,2
811,1074556,1520.0,1019.0,1,21271,3
811,1074557,866.971435546875,701.7999877929688,5,21272,0
811,1074558,775.5,770.5,2,21272,1
811,1074559,746.0,725.5,2,21273,0
811,1074560,775.5,770.5,1,21273,1
811,1074561,1199.0,667.25,2,21274,0
811,1074562,1199.0416259765625,682.6666870117188,4,21274,1
811,1074563,957.75,652.4166870117188,3,21275,0
811,1074564,1021.9000244140625,646.9000244140625,5,21275,1
811,1074565,746.0,725.5,2,21276,0
811,1074566,775.5,770.5,1,21276,1
811,1074567,876.2083129882812,702.75,4,21277,0
811,1074568,870.75,695.4000244140625,4,21278,0
811,1074569,949.0,660.5,1,21278,1
811,1074570,775.5,770.5,1,21278,2
811,1074571,880.7083129882812,713.9583129882812,3,21279,0
811,1074572,1003.375,644.625,4,21280,0
811,1074573,957.75,652.4166870117188,3,21280,1
811,1074574,775.5,770.5,1,21280,2
811,1074575,876.2083129882812,702.75,4,21281,0
811,1074576,775.5,770.5,2,21281,1
811,1074577,957.75,652.4166870117188,4,21282,0
811,1074578,1049.1500244140625,650.63330078125,5,21282,1
811,1074579,1131.0,650.0,3,21283,0
811,1074580,1178.3125,699.7916870117188,6,21283,1
811,1074581,957.75,652.4166870117188,4,21284,0
811,1074582,1031.5625,656.8035888671875,7,21284,1
811,1074583,1105.7083740234375,663.625,3,21285,0
811,1074584,1131.0,650.0,1,21285,1
811,1074585,949.0,660.5,2,21285,2
811,1074586,1094.4166259765625,658.4166870117188,4,21286,0
811,1074587,958.3333129882812,651.6666870117188,4,21286,1
811,1074588,1131.0,650.0,2,21286,2
811,1074589,1052.5238037109375,654.5714111328125,6,21287,0
811,1074590,957.75,652.4166870117188,4,21287,1
811,1074591,1003.375,644.625,4,21288,0
811,1074592,775.5,770.5,1,21288,1
811,1074593,957.75,652.4166870117188,3,21288,2
811,1074594,1192.6285400390625,703.17138671875,5,21289,0
811,1074595,1509.5,829.5,1,21289,1
811,1074596,1199.0,667.25,3,21289,2
811,1074597,1131.0,650.0,2,21289,3
811,1074598,1111.857177734375,661.2857055664062,5,21290,0
811,1074599,1199.0,667.25,2,21290,1
811,1074600,955.75,658.25,3,21290,2
811,1074601,1131.0,650.0,2,21290,3
811,1074602,1199.0416259765625,682.6666870117188,4,21291,0
811,1074603,1199.0,667.25,2,21291,1
811,1074604,1131.0,650.0,1,21291,2
811,1074605,775.5,770.5,3,21292,0
811,1074606,856.5079345703125,687.8333129882812,7,21292,1
811,1074607,1213.199951171875,719.5,4,21293,0
811,1074608,1199.0,667.25,3,21293,1
811,1074609,1131.0,650.0,1,21293,2
811,1074610,1212.75,729.5,3,21294,0
811,1074611,1195.0,688.0,2,21294,1
811,1074612,1131.0,650.0,1,21294,2
811,1074613,1212.75,729.5,3,21295,0
811,1074614,1131.0,650.0,2,21295,1
811,1074615,1535.25,819.0,2,21296,0
811,1074616,1195.0,688.0,1,21296,1
811,1074617,1534.75,844.0,2,21297,0
811,1074618,1195.0,688.0,1,21297,1
811,1074619,1544.3333740234375,831.75,2,21298,0
811,1074620,1155.0,653.5,1,21298,1
811,1074621,1195.0,688.0,2,21298,2
811,1074622,1525.75,1007.0,2,21299,0
811,1074623,1525.75,1007.0,2,21300,0
811,1074624,1195.0,688.0,1,21300,1
821,1074547,836.5833129882812,694.1666870117188,2,21268,0
821,1074548,775.5,770.5,2,21268,1
821,1074549,861.8333129882812,696.0416870117188,4,21269,0
821,1074550,775.5,770.5,2,21269,1
821,1074551,1049.1500244140625,650.63330078125,5,21270,0
821,1074552,957.75,652.4166870117188,4,21270,1
821,1074553,1199.0,667.25,4,21271,0
821,1074554,1200.449951171875,696.75,4,21271,1
821,1074555,1544.3333740234375,831.75,2,21271,2
821,1074556,1520.0,1019.0,1,21271,3
821,1074557,866.971435546875,701.7999877929688,5,21272,0
821,1074558,775.5,770.5,2,21272,1
821,1074559,746.0,725.5,2,21273,0
821,1074560,775.5,770.5,1,21273,1
821,1074561,1199.0,667.25,2,21274,0
821,1074562,1199.0416259765625,682.6666870117188,4,21274,1
821,1074563,957.75,652.4166870117188,3,21275,0
821,1074564,1021.9000244140625,646.9000244140625,5,21275,1
821,1074565,746.0,725.5,2,21276,0
821,1074566,775.5,770.5,1,21276,1
821,1074567,876.2083129882812,702.75,4,21277,0
821,1074568,870.75,695.4000244140625,4,21278,0
821,1074569,949.0,660.5,1,21278,1
821,1074570,775.5,770.5,1,21278,2
821,1074571,880.7083129882812,713.9583129882812,3,21279,0
821,1074572,1003.375,644.625,4,21280,0
821,1074573,957.75,652.4166870117188,3,21280,1
821,1074574,775.5,770.5,1,21280,2
821,1074575,876.2083129882812,702.75,4,21281,0
821,1074576,775.5,770.5,2,21281,1
821,1074577,957.75,652.4166870117188,4,21282,0
821,1074578,1049.1500244140625,650.63330078125,5,21282,1
821,1074579,1131.0,650.0,3,21283,0
821,1074580,1178.3125,699.7916870117188,6,21283,1
821,1074581,957.75,652.4166870117188,4,21284,0
821,1074582,1031.5625,656.8035888671875,7,21284,1
821,1074583,1105.7083740234375,663.625,3,21285,0
821,1074584,1131.0,650.0,1,21285,1
821,1074585,949.0,660.5,2,21285,2
821,1074586,1094.4166259765625,658.4166870117188,4,21286,0
821,1074587,958.3333129882812,651.6666870117188,4,21286,1
821,1074588,1131.0,650.0,2,21286,2
821,1074589,1052.5238037109375,654.5714111328125,6,21287,0
821,1074590,957.75,652.4166870117188,4,21287,1
821,1074591,1003.375,644.625,4,21288,0
821,1074592,775.5,770.5,1,21288,1
821,1074593,957.75,652.4166870117188,3,21288,2
821,1074594,1192.6285400390625,703.17138671875,5,21289,0
821,1074595,1509.5,829.5,1,21289,1
821,1074596,1199.0,667.25,3,21289,2
821,1074597,1131.0,650.0,2,21289,3
821,1074598,1111.857177734375,661.2857055664062,5,21290,0
821,1074599,1199.0,667.25,2,21290,1
821,1074600,955.75,658.25,3,21290,2
821,1074601,1131.0,650.0,2,21290,3
821,1074602,1199.0416259765625,682.6666870117188,4,21291,0
821,1074603,1199.0,667.25,2,21291,1
821,1074604,1131.0,650.0,1,21291,2
821,1074605,775.5,770.5,3,21292,0
821,1074606,856.5079345703125,687.8333129882812,7,21292,1
821,1074607,1213.199951171875,719.5,4,21293,0
821,1074608,1199.0,667.25,3,21293,1
821,1074609,1131.0,650.0,1,21293,2
821,1074610,1212.75,729.5,3,21294,0
821,1074611,1195.0,688.0,2,21294,1
821,1074612,1131.0,650.0,1,21294,2
821,1074613,1212.75,729.5,3,21295,0
821,1074614,1131.0,650.0,2,21295,1
821,1074615,1535.25,819.0,2,21296,0
821,1074616,1195.0,688.0,1,21296,1
821,1074617,1534.75,844.0,2,21297,0
821,1074618,1195.0,688.0,1,21297,1
821,1074619,1544.3333740234375,831.75,2,21298,0
821,1074620,1155.0,653.5,1,21298,1
821,1074621,1195.0,688.0,2,21298,2
821,1074622,1525.75,1007.0,2,21299,0
821,1074623,1525.75,1007.0,2,21300,0
821,1074624,1195.0,688.0,1,21300,1
831,1074547,817.5833129882812,702.1666870117188,2,21268,0
831,1074548,765.25,775.5,2,21268,1
831,1074549,846.8333129882812,708.5416870117188,3,21269,0
831,1074550,766.25,772.75,2,21269,1
831,1074551,1047.1500244140625,651.50830078125,4,21270,0
831,1074552,954.25,653.0166625976562,5,21270,1
831,1074553,1202.1666259765625,668.25,3,21271,0
831,1074554,1199.074951171875,697.875,4,21271,1
831,1074555,1537.8333740234375,827.5,2,21271,2
831,1074556,1517.5,1009.0,1,21271,3
831,1074557,853.721435546875,714.4249877929688,4,21272,0
831,1074558,766.25,772.75,2,21272,1
831,1074559,685.5,753.0,2,21273,0
831,1074560,775.0,767.5,1,21273,1
831,1074561,1209.0,671.5,2,21274,0
831,1074562,1197.208251953125,684.1666870117188,3,21274,1
831,1074563,954.0,652.9166870117188,4,21275,0
831,1074564,1021.4000244140625,647.5250244140625,4,21275,1
831,1074565,685.5,753.0,2,21276,0
831,1074566,775.0,767.5,1,21276,1
831,1074567,865.2083129882812,715.25,3,21277,0
831,1074568,855.75,707.9000244140625,3,21278,0
831,1074569,947.0,658.0,1,21278,1
831,1074570,775.0,767.5,1,21278,2
831,1074571,873.4583129882812,728.7083129882812,2,21279,0
831,1074572,1003.0416870117188,645.125,3,21280,0
831,1074573,953.9166870117188,652.9166870117188,3,21280,1
831,1074574,775.0,767.5,1,21280,2
831,1074575,865.2083129882812,715.25,3,21281,0
831,1074576,766.25,772.75,2,21281,1
831,1074577,954.25,653.0166625976562,5,21282,0
831,1074578,1047.1500244140625,651.50830078125,4,21282,1
831,1074579,1127.8333740234375,648.5,3,21283,0
831,1074580,1176.0625,701.0416870117188,4,21283,1
831,1074581,952.5833129882812,653.75,6,21284,0
831,1074582,1028.362548828125,657.5036010742188,5,21284,1
831,1074583,1101.9583740234375,663.125,2,21285,0
831,1074584,1131.0,650.0,1,21285,1
831,1074585,944.3333129882812,660.5,3,21285,2
831,1074586,1094.75,660.5833740234375,3,21286,0
831,1074587,957.2333374023438,651.4666748046875,5,21286,1
831,1074588,1128.5,649.0,2,21286,2
831,1074589,1050.2738037109375,654.8214111328125,4,21287,0
831,1074590,953.6500244140625,652.9166870117188,5,21287,1
831,1074591,1003.0416870117188,645.125,3,21288,0
831,1074592,775.0,767.5,1,21288,1
831,1074593,953.9166870117188,652.9166870117188,3,21288,2
831,1074594,1192.228515625,703.17138671875,5,21289,0
831,1074595,1503.5,826.5,1,21289,1
831,1074596,1206.75,670.25,2,21289,2
831,1074597,1126.75,651.0,2,21289,3
831,1074598,1111.857177734375,663.1607055664062,4,21290,0
831,1074599,1209.0,671.5,2,21290,1
831,1074600,950.5,658.0,2,21290,2
831,1074601,1128.5,649.0,2,21290,3
831,1074602,1197.208251953125,684.1666870117188,3,21291,0
831,1074603,1209.0,671.5,2,21291,1
831,1074604,1131.0,650.0,1,21291,2
831,1074605,763.8333129882812,774.3333129882812,3,21292,0
831,1074606,829.5079345703125,703.63330078125,5,21292,1
831,1074607,1213.449951171875,720.0,4,21293,0
831,1074608,1206.75,670.25,2,21293,1
831,1074609,1131.0,650.0,1,21293,2
831,1074610,1215.5,730.5,2,21294,0
831,1074611,1198.8333740234375,689.1666870117188,3,21294,1
831,1074612,1131.0,650.0,1,21294,2
831,1074613,1215.5,730.5,2,21295,0
831,1074614,1128.1666259765625,648.3333129882812,3,21295,1
831,1074615,1529.25,815.5,2,21296,0
831,1074616,1215.0,696.5,1,21296,1
831,1074617,1528.25,840.25,2,21297,0
831,1074618,1215.0,696.5,1,21297,1
831,1074619,1537.8333740234375,827.5,2,21298,0
831,1074620,1162.0,658.5,1,21298,1
831,1074621,1202.0,690.75,2,21298,2
831,1074622,1523.75,999.75,2,21299,0
831,1074623,1523.75,999.75,2,21300,0
831,1074624,1215.0,696.5,1,21300,1
851,1074625,970.3125,650.375,8,21301,0
851,1074626,997.0,639.0,1,21301,1
851,1074627,883.0,699.0,1,21301,2
851,1074628,1203.5,646.0,1,21302,0
851,1074629,1200.0,668.5,1,21302,1
851,1074630,1280.625,722.625,8,21302,2
851,1074631,915.9285888671875,658.5,7,21303,0
851,1074632,883.0,699.0,1,21303,1
851,1074633,893.125,665.25,4,21304,0
851,1074634,883.0,699.0,1,21304,1
851,1074635,1012.0,652.2142944335938,7,21305,0
851,1074636,997.0,639.0,1,21305,1
851,1074637,883.0,699.0,1,21305,2
851,1074638,1131.0,649.0,1,21306,0
851,1074639,1188.375,702.5625,8,21306,1
851,1074640,997.0,639.0,1,21307,0
851,1074641,883.0,699.0,1,21307,1
851,1074642,1037.8125,655.6875,8,21307,2
851,1074643,1092.699951171875,659.4000244140625,5,21308,0
851,1074644,883.0,699.0,1,21308,1
851,1074645,997.0,639.0,1,21308,2
851,1074646,944.0,652.5,1,21308,3
851,1074647,939.25,650.25,6,21309,0
851,1074648,883.0,699.0,1,21309,1
851,1074649,997.0,639.0,1,21309,2
851,1074650,915.9285888671875,658.5,7,21310,0
851,1074651,883.0,699.0,1,21310,1
851,1074652,904.7000122070312,662.2000122070312,5,21311,0
851,1074653,883.0,699.0,1,21311,1
851,1074654,1218.5,722.5,1,21312,0
851,1074655,1262.625,762.1875,8,21312,1
851,1074656,931.0,652.6428833007812,7,21313,0
851,1074657,883.0,699.0,1,21313,1
851,1074658,997.0,639.0,1,21313,2
851,1074659,1200.0,668.5,1,21314,0
851,1074660,1256.04541015625,745.227294921875,11,21314,1
851,1074661,1149.5,1013.5,1,21314,2
851,1074662,1203.5,646.0,1,21314,3
851,1074663,883.0,699.0,1,21315,0
851,1074664,997.0,639.0,1,21315,1
851,1074665,989.5833129882812,658.875,12,21315,2
851,1074666,1229.800048828125,725.1500244140625,10,21316,0
851,1074667,1167.25,647.5,2,21316,1
851,1074668,1200.0,668.5,1,21316,2
851,1074669,1061.25,654.25,4,21317,0
851,1074670,944.0,652.5,1,21317,1
851,1074671,1131.0,649.0,1,21317,2
851,1074672,997.0,639.0,1,21317,3
851,1074673,883.0,699.0,1,21317,4
851,1074674,1134.3125,669.9375,8,21318,0
851,1074675,1131.0,649.0,1,21318,1
851,1074676,997.0,639.0,1,21318,2
851,1074677,883.0,699.0,1,21318,3
851,1074678,1191.0,692.5,6,21319,0
851,1074679,1167.25,647.5,2,21319,1
851,1074680,1200.0,668.5,1,21319,2
851,1074681,1336.1875,771.25,8,21320,0
851,1074682,1203.5,646.0,1,21320,1
851,1074683,1167.142822265625,685.7142944335938,7,21321,0
851,1074684,1167.25,647.5,2,21321,1
851,1074685,997.0,639.0,1,21321,2
851,1074686,883.0,699.0,1,21321,3
851,1074687,1209.25,695.5,2,21321,4
851,1074688,1327.5,775.4444580078125,9,21322,0
851,1074689,1209.25,695.5,2,21322,1
851,1074690,1307.5,765.7142944335938,7,21323,0
851,1074691,1168.5,658.5,1,21323,1
851,1074692,1203.5,646.0,1,21323,2
851,1074693,1209.25,695.5,2,21323,3
851,1074694,1200.5714111328125,709.1428833007812,7,21324,0
851,1074695,1131.0,649.0,1,21324,1
851,1074696,1209.25,695.5,2,21324,2
851,1074697,1212.1666259765625,714.9166870117188,6,21325,0
851,1074698,1131.0,649.0,1,21325,1
851,1074699,1209.25,695.5,2,21325,2
851,1074700,1336.1875,771.25,8,21326,0
851,1074701,1203.5,646.0,1,21326,1
851,1074702,1321.142822265625,769.2142944335938,7,21327,0
851,1074703,1168.5,658.5,1,21327,1
851,1074704,1203.5,646.0,1,21327,2
851,1074705,1200.0,668.5,1,21327,3
851,1074706,1321.142822265625,769.2142944335938,7,21328,0
851,1074707,1168.5,658.5,1,21328,1
851,1074708,1203.5,646.0,1,21328,2
851,1074709,1209.25,695.5,2,21328,3
851,1074710,1345.9285888671875,775.4285888671875,7,21329,0
851,1074711,1209.25,695.5,2,21329,1
851,1074712,1359.0999755859375,776.5,5,21330,0
851,1074713,1226.5,743.3333129882812,6,21331,0
851,1074714,1131.0,649.0,1,21331,1
851,1074715,1209.25,695.5,2,21331,2
851,1074716,1702.0,960.5,1,21332,0
851,1074717,1149.5,1013.5,1,21333,0
851,1074718,1200.0,668.5,1,21333,1
861,1074625,970.3125,650.375,8,21301,0
861,1074626,997.0,639.0,1,21301,1
861,1074627,883.0,699.0,1,21301,2
861,1074628,1203.5,646.0,1,21302,0
861,1074629,1200.0,668.5,1,21302,1
861,1074630,1280.625,722.625,8,21302,2
861,1074631,915.9285888671875,658.5,7,21303,0
861,1074632,883.0,699.0,1,21303,1
861,1074633,893.125,665.25,4,21304,0
861,1074634,883.0,699.0,1,21304,1
861,1074635,1012.0,652.2142944335938,7,21305,0
861,1074636,997.0,639.0,1,21305,1
861,1074637,883.0,699.0,1,21305,2
861,1074638,1131.0,649.0,1,21306,0
861,1074639,1188.375,702.5625,8,21306,1
861,1074640,997.0,639.0,1,21307,0
861,1074641,883.0,699.0,1,21307,1
861,1074642,1037.8125,655.6875,8,21307,2
861,1074643,1092.699951171875,659.4000244140625,5,21308,0
861,1074644,883.0,699.0,1,21308,1
861,1074645,997.0,639.0,1,21308,2
861,1074646,944.0,652.5,1,21308,3
861,1074647,939.25,650.25,6,21309,0
861,1074648,883.0,699.0,1,21309,1
861,1074649,997.0,639.0,1,21309,2
861,1074650,915.9285888671875,658.5,7,21310,0
861,1074651,883.0,699.0,1,21310,1
861,1074652,904.7000122070312,662.2000122070312,5,21311,0
861,1074653,883.0,699.0,1,21311,1
861,1074654,1218.5,722.5,1,21312,0
861,1074655,1262.625,762.1875,8,21312,1
861,1074656,931.0,652.6428833007812,7,21313,0
861,1074657,883.0,699.0,1,21313,1
861,1074658,997.0,639.0,1,21313,2
861,1074659,1200.0,668.5,1,21314,0
861,1074660,1256.04541015625,745.227294921875,11,21314,1
861,1074661,1149.5,1013.5,1,21314,2
861,1074662,1203.5,646.0,1,21314,3
861,1074663,883.0,699.0,1,21315,0
861,1074664,997.0,639.0,1,21315,1
861,1074665,989.5833129882812,658.875,12,21315,2
861,1074666,1229.800048828125,725.1500244140625,10,21316,0
861,1074667,1167.25,647.5,2,21316,1
861,1074668,1200.0,668.5,1,21316,2
861,1074669,1061.25,654.25,4,21317,0
861,1074670,944.0,652.5,1,21317,1
861,1074671,1131.0,649.0,1,21317,2
861,1074672,997.0,639.0,1,21317,3
861,1074673,883.0,699.0,1,21317,4
861,1074674,1134.3125,669.9375,8,21318,0
861,1074675,1131.0,649.0,1,21318,1
861,1074676,997.0,639.0,1,21318,2
861,1074677,883.0,699.0,1,21318,3
861,1074678,1191.0,692.5,6,21319,0
861,1074679,1167.25,647.5,2,21319,1
861,1074680,1200.0,668.5,1,21319,2
861,1074681,1336.1875,771.25,8,21320,0
861,1074682,1203.5,646.0,1,21320,1
861,1074683,1167.142822265625,685.7142944335938,7,21321,0
861,1074684,1167.25,647.5,2,21321,1
861,1074685,997.0,639.0,1,21321,2
861,1074686,883.0,699.0,1,21321,3
861,1074687,1209.25,695.5,2,21321,4
861,1074688,1327.5,775.4444580078125,9,21322,0
861,1074689,1209.25,695.5,2,21322,1
861,1074690,1307.5,765.7142944335938,7,21323,0
861,1074691,1168.5,658.5,1,21323,1
861,1074692,1203.5,646.0,1,21323,2
861,1074693,1209.25,695.5,2,21323,3
861,1074694,1200.5714111328125,709.1428833007812,7,21324,0
861,1074695,1131.0,649.0,1,21324,1
861,1074696,1209.25,695.5,2,21324,2
861,1074697,1212.1666259765625,714.9166870117188,6,21325,0
861,1074698,1131.0,649.0,1,21325,1
861,1074699,1209.25,695.5,2,21325,2
861,1074700,1336.1875,771.25,8,21326,0
861,1074701,1203.5,646.0,1,21326,1
861,1074702,1321.142822265625,769.2142944335938,7,21327,0
861,1074703,1168.5,658.5,1,21327,1
861,1074704,1203.5,646.0,1,21327,2
861,1074705,1200.0,668.5,1,21327,3
861,1074706,1321.142822265625,769.2142944335938,7,21328,0
861,1074707,1168.5,658.5,1,21328,1
861,1074708,1203.5,646.0,1,21328,2
861,1074709,1209.25,695.5,2,21328,3
861,1074710,1345.9285888671875,775.4285888671875,7,21329,0
861,1074711,1209.25,695.5,2,21329,1
861,1074712,1359.0999755859375,776.5,5,21330,0
861,1074713,1226.5,743.3333129882812,6,21331,0
861,1074714,1131.0,649.0,1,21331,1
861,1074715,1209.25,695.5,2,21331,2
861,1074716,1702.0,960.5,1,21332,0
861,1074717,1149.5,1013.5,1,21333,0
861,1074718,1200.0,668.5,1,21333,1
871,1074625,970.3125,650.375,8,21301,0
871,1074626,997.0,639.0,1,21301,1
871,1074627,883.0,699.0,1,21301,2
871,1074628,1203.5,646.0,1,21302,0
871,1074629,1200.0,668.5,1,21302,1
871,1074630,1280.625,722.625,8,21302,2
871,1074631,915.9285888671875,658.5,7,21303,0
871,1074632,883.0,699.0,1,21303,1
871,1074633,893.125,665.25,4,21304,0
871,1074634,883.0,699.0,1,21304,1
871,1074635,1012.0,652.2142944335938,7,21305,0
871,1074636,997.0,639.0,1,21305,1
871,1074637,883.0,699.0,1,21305,2
871,1074638,1131.0,649.0,1,21306,0
871,1074639,1188.375,702.5625,8,21306,1
871,1074640,997.0,639.0,1,21307,0
871,1074641,883.0,699.0,1,21307,1
871,1074642,1037.8125,655.6875,8,21307,2
871,1074643,1092.699951171875,659.4000244140625,5,21308,0
871,1074644,883.0,699.0,1,21308,1
871,1074645,997.0,639.0,1,21308,2
871,1074646,944.0,652.5,1,21308,3
871,1074647,939.25,650.25,6,21309,0
871,1074648,883.0,699.0,1,21309,1
871,1074649,997.0,639.0,1,21309,2
871,1074650,915.9285888671875,658.5,7,21310,0
871,1074651,883.0,699.0,1,21310,1
871,1074652,904.7000122070312,662.2000122070312,5,21311,0
871,1074653,883.0,699.0,1,21311,1
871,1074654,1218.5,722.5,1,21312,0
871,1074655,1262.625,762.1875,8,21312,1
871,1074656,931.0,652.6428833007812,7,21313,0
871,1074657,883.0,699.0,1,21313,1
871,1074658,997.0,639.0,1,21313,2
871,1074659,1200.0,668.5,1,21314,0
871,1074660,1256.04541015625,745.227294921875,11,21314,1
871,1074661,1149.5,1013.5,1,21314,2
871,1074662,1203.5,646.0,1,21314,3
871,1074663,883.0,699.0,1,21315,0
871,1074664,997.0,639.0,1,21315,1
871,1074665,989.5833129882812,658.875,12,21315,2
871,1074666,1229.800048828125,725.1500244140625,10,21316,0
871,1074667,1167.25,647.5,2,21316,1
871,1074668,1200.0,668.5,1,21316,2
871,1074669,1061.25,654.25,4,21317,0
871,1074670,944.0,652.5,1,21317,1
871,1074671,1131.0,649.0,1,21317,2
871,1074672,997.0,639.0,1,21317,3
871,1074673,883.0,699.0,1,21317,4
871,1074674,1134.3125,669.9375,8,21318,0
871,1074675,1131.0,649.0,1,21318,1
871,1074676,997.0,639.0,1,21318,2
871,1074677,883.0,699.0,1,21318,3
871,1074678,1191.0,692.5,6,21319,0
871,1074679,1167.25,647.5,2,21319,1
871,1074680,1200.0,668.5,1,21319,2
871,1074681,1336.1875,771.25,8,21320,0
871,1074682,1203.5,646.0,1,21320,1
871,1074683,1167.142822265625,685.7142944335938,7,21321,0
871,1074684,1167.25,647.5,2,21321,1
871,1074685,997.0,639.0,1,21321,2
871,1074686,883.0,699.0,1,21321,3
871,1074687,1209.25,695.5,2,21321,4
871,1074688,1327.5,775.4444580078125,9,21322,0
871,1074689,1209.25,695.5,2,21322,1
871,1074690,1307.5,765.7142944335938,7,21323,0
871,1074691,1168.5,658.5,1,21323,1
871,1074692,1203.5,646.0,1,21323,2
871,1074693,1209.25,695.5,2,21323,3
871,1074694,1200.5714111328125,709.1428833007812,7,21324,0
871,1074695,1131.0,649.0,1,21324,1
871,1074696,1209.25,695.5,2,21324,2
871,1074697,1212.1666259765625,714.9166870117188,6,21325,0
871,1074698,1131.0,649.0,1,21325,1
871,1074699,1209.25,695.5,2,21325,2
871,1074700,1336.1875,771.25,8,21326,0
871,1074701,1203.5,646.0,1,21326,1
871,1074702,1321.142822265625,769.2142944335938,7,21327,0
871,1074703,1168.5,658.5,1,21327,1
871,1074704,1203.5,646.0,1,21327,2
871,1074705,1200.0,668.5,1,21327,3
871,1074706,1321.142822265625,769.2142944335938,7,21328,0
871,1074707,1168.5,658.5,1,21328,1
871,1074708,1203.5,646.0,1,21328,2
871,1074709,1209.25,695.5,2,21328,3
871,1074710,1345.9285888671875,775.4285888671875,7,21329,0
871,1074711,1209.25,695.5,2,21329,1
871,1074712,1359.0999755859375,776.5,5,21330,0
871,1074713,1226.5,743.3333129882812,6,21331,0
871,1074714,1131.0,649.0,1,21331,1
871,1074715,1209.25,695.5,2,21331,2
871,1074716,1702.0,960.5,1,21332,0
871,1074717,1149.5,1013.5,1,21333,0
871,1074718,1200.0,668.5,1,21333,1
881,1074625,970.3125,650.375,8,21301,0
881,1074626,997.0,639.0,1,21301,1
881,1074627,883.0,699.0,1,21301,2
881,1074628,1203.5,646.0,1,21302,0
881,1074629,1200.0,668.5,1,21302,1
881,1074630,1280.625,722.625,8,21302,2
881,1074631,915.9285888671875,658.5,7,21303,0
881,1074632,883.0,699.0,1,21303,1
881,1074633,893.125,665.25,4,21304,0
881,1074634,883.0,699.0,1,21304,1
881,1074635,1012.0,652.2142944335938,7,21305,0
881,1074636,997.0,639.0,1,21305,1
881,1074637,883.0,699.0,1,21305,2
881,1074638,1131.0,649.0,1,21306,0
881,1074639,1188.375,702.5625,8,21306,1
881,1074640,997.0,639.0,1,21307,0
881,1074641,883.0,699.0,1,21307,1
881,1074642,1037.8125,655.6875,8,21307,2
881,1074643,1092.699951171875,659.4000244140625,5,21308,0
881,1074644,883.0,699.0,1,21308,1
881,1074645,997.0,639.0,1,21308,2
881,1074646,944.0,652.5,1,21308,3
881,1074647,939.25,650.25,6,21309,0
881,1074648,883.0,699.0,1,21309,1
881,1074649,997.0,639.0,1,21309,2
881,1074650,915.9285888671875,658.5,7,21310,0
881,1074651,883.0,699.0,1,21310,1
881,1074652,904.7000122070312,662.2000122070312,5,21311,0
881,1074653,883.0,699.0,1,21311,1
881,1074654,1218.5,722.5,1,21312,0
881,1074655,1262.625,762.1875,8,21312,1
881,1074656,931.0,652.6428833007812,7,21313,0
881,1074657,883.0,699.0,1,21313,1
881,1074658,997.0,639.0,1,21313,2
881,1074659,1200.0,668.5,1,21314,0
881,1074660,1256.04541015625,745.227294921875,11,21314,1
881,1074661,1149.5,1013.5,1,21314,2
881,1074662,1203.5,646.0,1,21314,3
881,1074663,883.0,699.0,1,21315,0
881,1074664,997.0,639.0,1,21315,1
881,1074665,989.5833129882812,658.875,12,21315,2
881,1074666,1229.800048828125,725.1500244140625,10,21316,0
881,1074667,1167.25,647.5,2,21316,1
881,1074668,1200.0,668.5,1,21316,2
881,1074669,1061.25,654.25,4,21317,0
881,1074670,944.0,652.5,1,21317,1
881,1074671,1131.0,649.0,1,21317,2
881,1074672,997.0,639.0,1,21317,3
881,1074673,883.0,699.0,1,21317,4
881,1074674,1134.3125,669.9375,8,21318,0
881,1074675,1131.0,649.0,1,21318,1
881,1074676,997.0,639.0,1,21318,2
881,1074677,883.0,699.0,1,21318,3
881,1074678,1191.0,692.5,6,21319,0
881,1074679,1167.25,647.5,2,21319,1
881,1074680,1200.0,668.5,1,21319,2
881,1074681,1336.1875,771.25,8,21320,0
881,1074682,1203.5,646.0,1,21320,1
881,1074683,1167.142822265625,685.7142944335938,7,21321,0
881,1074684,1167.25,647.5,2,21321,1
881,1074685,997.0,639.0,1,21321,2
881,1074686,883.0,699.0,1,21321,3
881,1074687,1209.25,695.5,2,21321,4
881,1074688,1327.5,775.4444580078125,9,21322,0
881,1074689,1209.25,695.5,2,21322,1
881,1074690,1307.5,765.7142944335938,7,21323,0
881,1074691,1168.5,658.5,1,21323,1
881,1074692,1203.5,646.0,1,21323,2
881,1074693,1209.25,695.5,2,21323,3
881,1074694,1200.5714111328125,709.1428833007812,7,21324,0
881,1074695,1131.0,649.0,1,21324,1
881,1074696,1209.25,695.5,2,21324,2
881,1074697,1212.1666259765625,714.9166870117188,6,21325,0
881,1074698,1131.0,649.0,1,21325,1
881,1074699,1209.25,695.5,2,21325,2
881,1074700,1336.1875,771.25,8,21326,0
881,1074701,1203.5,646.0,1,21326,1
881,1074702,1321.142822265625,769.2142944335938,7,21327,0
881,1074703,1168.5,658.5,1,21327,1
881,1074704,1203.5,646.0,1,21327,2
881,1074705,1200.0,668.5,1,21327,3
881,1074706,1321.142822265625,769.2142944335938,7,21328,0
881,1074707,1168.5,658.5,1,21328,1
881,1074708,1203.5,646.0,1,21328,2
881,1074709,1209.25,695.5,2,21328,3
881,1074710,1345.9285888671875,775.4285888671875,7,21329,0
881,1074711,1209.25,695.5,2,21329,1
881,1074712,1359.0999755859375,776.5,5,21330,0
881,1074713,1226.5,743.3333129882812,6,21331,0
881,1074714,1131.0,649.0,1,21331,1
881,1074715,1209.25,695.5,2,21331,2
881,1074716,1702.0,960.5,1,21332,0
881,1074717,1149.5,1013.5,1,21333,0
881,1074718,1200.0,668.5,1,21333,1
891,1074625,970.3125,650.375,8,21301,0
891,1074626,997.0,639.0,1,21301,1
891,1074627,883.0,699.0,1,21301,2
891,1074628,1203.5,646.0,1,21302,0
891,1074629,1200.0,668.5,1,21302,1
891,1074630,1280.625,722.625,8,21302,2
891,1074631,915.9285888671875,658.5,7,21303,0
891,1074632,883.0,699.0,1,21303,1
891,1074633,893.125,665.25,4,21304,0
891,1074634,883.0,699.0,1,21304,1
891,1074635,1012.0,652.2142944335938,7,21305,0
891,1074636,997.0,639.0,1,21305,1
891,1074637,883.0,699.0,1,21305,2
891,1074638,1131.0,649.0,1,21306,0
891,1074639,1188.375,702.5625,8,21306,1
891,1074640,997.0,639.0,1,21307,0
891,1074641,883.0,699.0,1,21307,1
891,1074642,1037.8125,655.6875,8,21307,2
891,1074643,1092.699951171875,659.4000244140625,5,21308,0
891,1074644,883.0,699.0,1,21308,1
891,1074645,997.0,639.0,1,21308,2
891,1074646,944.0,652.5,1,21308,3
891,1074647,939.25,650.25,6,21309,0
891,1074648,883.0,699.0,1,21309,1
891,1074649,997.0,639.0,1,21309,2
891,1074650,915.9285888671875,658.5,7,21310,0
891,1074651,883.0,699.0,1,21310,1
891,1074652,904.7000122070312,662.2000122070312,5,21311,0
891,1074653,883.0,699.0,1,21311,1
891,1074654,1218.5,722.5,1,21312,0
891,1074655,1262.625,762.1875,8,21312,1
891,1074656,931.0,652.6428833007812,7,21313,0
891,1074657,883.0,699.0,1,21313,1
891,1074658,997.0,639.0,1,21313,2
891,1074659,1200.0,668.5,1,21314,0
891,1074660,1256.04541015625,745.227294921875,11,21314,1
891,1074661,1149.5,1013.5,1,21314,2
891,1074662,1203.5,646.0,1,21314,3
891,1074663,883.0,699.0,1,21315,0
891,1074664,997.0,639.0,1,21315,1
891,1074665,989.5833129882812,658.875,12,21315,2
891,1074666,1229.800048828125,725.1500244140625,10,21316,0
891,1074667,1167.25,647.5,2,21316,1
891,1074668,1200.0,668.5,1,21316,2
891,1074669,1061.25,654.25,4,21317,0
891,1074670,944.0,652.5,1,21317,1
891,1074671,1131.0,649.0,1,21317,2
891,1074672,997.0,639.0,1,21317,3
891,1074673,883.0,699.0,1,21317,4
891,1074674,1134.3125,669.9375,8,21318,0
891,1074675,1131.0,649.0,1,21318,1
891,1074676,997.0,639.0,1,21318,2
891,1074677,883.0,699.0,1,21318,3
891,1074678,1191.0,692.5,6,21319,0
891,1074679,1167.25,647.5,2,21319,1
891,1074680,1200.0,668.5,1,21319,2
891,1074681,1336.1875,771.25,8,21320,0
891,1074682,1203.5,646.0,1,21320,1
891,1074683,1167.142822265625,685.7142944335938,7,21321,0
891,1074684,1167.25,647.5,2,21321,1
891,1074685,997.0,639.0,1,21321,2
891,1074686,883.0,699.0,1,21321,3
891,1074687,1209.25,695.5,2,21321,4
891,1074688,1327.5,775.4444580078125,9,21322,0
891,1074689,1209.25,695.5,2,21322,1
891,1074690,1307.5,765.7142944335938,7,21323,0
891,1074691,1168.5,658.5,1,21323,1
891,1074692,1203.5,646.0,1,21323,2
891,1074693,1209.25,695.5,2,21323,3
891,1074694,1200.5714111328125,709.1428833007812,7,21324,0
891,1074695,1131.0,649.0,1,21324,1
891,1074696,1209.25,695.5,2,21324,2
891,1074697,1212.1666259765625,714.9166870117188,6,21325,0
891,1074698,1131.0,649.0,1,21325,1
891,1074699,1209.25,695.5,2,21325,2
891,1074700,1336.1875,771.25,8,21326,0
891,1074701,1203.5,646.0,1,21326,1
891,1074702,1321.142822265625,769.2142944335938,7,21327,0
891,1074703,1168.5,658.5,1,21327,1
891,1074704,1203.5,646.0,1,21327,2
891,1074705,1200.0,668.5,1,21327,3
891,1074706,1321.142822265625,769.2142944335938,7,21328,0
891,1074707,1168.5,658.5,1,21328,1
891,1074708,1203.5,646.0,1,21328,2
891,1074709,1209.25,695.5,2,21328,3
891,1074710,1345.9285888671875,775.4285888671875,7,21329,0
891,1074711,1209.25,695.5,2,21329,1
891,1074712,1359.0999755859375,776.5,5,21330,0
891,1074713,1226.5,743.3333129882812,6,21331,0
891,1074714,1131.0,649.0,1,21331,1
891,1074715,1209.25,695.5,2,21331,2
891,1074716,1702.0,960.5,1,21332,0
891,1074717,1149.5,1013.5,1,21333,0
891,1074718,1200.0,668.5,1,21333,1
901,1074625,970.3125,650.375,8,21301,0
901,1074626,997.0,639.0,1,21301,1
901,1074627,883.0,699.0,1,21301,2
901,1074628,1203.5,646.0,1,21302,0
901,1074629,1200.0,668.5,1,21302,1
901,1074630,1280.625,722.625,8,21302,2
901,1074631,915.9285888671875,658.5,7,21303,0
901,1074632,883.0,699.0,1,21303,1
901,1074633,893.125,665.25,4,21304,0
901,1074634,883.0,699.0,1,21304,1
901,1074635,1012.0,652.2142944335938,7,21305,0
901,1074636,997.0,639.0,1,21305,1
901,1074637,883.0,699.0,1,21305,2
901,1074638,1131.0,649.0,1,21306,0
901,1074639,1188.375,702.5625,8,21306,1
901,1074640,997.0,639.0,1,21307,0
901,1074641,883.0,699.0,1,21307,1
901,1074642,1037.8125,655.6875,8,21307,2
901,1074643,1092.699951171875,659.4000244140625,5,21308,0
901,1074644,883.0,699.0,1,21308,1
901,1074645,997.0,639.0,1,21308,2
901,1074646,944.0,652.5,1,21308,3
901,1074647,939.25,650.25,6,21309,0
901,1074648,883.0,699.0,1,21309,1
901,1074649,997.0,639.0,1,21309,2
901,1074650,915.9285888671875,658.5,7,21310,0
901,1074651,883.0,699.0,1,21310,1
901,1074652,904.7000122070312,662.2000122070312,5,21311,0
901,1074653,883.0,699.0,1,21311,1
901,1074654,1218.5,722.5,1,21312,0
901,1074655,1262.625,762.1875,8,21312,1
901,1074656,931.0,652.6428833007812,7,21313,0
901,1074657,883.0,699.0,1,21313,1
901,1074658,997.0,639.0,1,21313,2
901,1074659,1200.0,668.5,1,21314,0
901,1074660,1256.04541015625,745.227294921875,11,21314,1
901,1074661,1149.5,1013.5,1,21314,2
901,1074662,1203.5,646.0,1,21314,3
901,1074663,883.0,699.0,1,21315,0
901,1074664,997.0,639.0,1,21315,1
901,1074665,989.5833129882812,658.875,12,21315,2
901,1074666,1229.800048828125,725.1500244140625,10,21316,0
901,1074667,1167.25,647.5,2,21316,1
901,1074668,1200.0,668.5,1,21316,2
901,1074669,1061.25,654.25,4,21317,0
901,1074670,944.0,652.5,1,21317,1
901,1074671,1131.0,649.0,1,21317,2
901,1074672,997.0,639.0,1,21317,3
901,1074673,883.0,699.0,1,21317,4
901,1074674,1134.3125,669.9375,8,21318,0
901,1074675,1131.0,649.0,1,21318,1
901,1074676,997.0,639.0,1,21318,2
901,1074677,883.0,699.0,1,21318,3
901,1074678,1191.0,692.5,6,21319,0
901,1074679,1167.25,647.5,2,21319,1
901,1074680,1200.0,668.5,1,21319,2
901,1074681,1336.1875,771.25,8,21320,0
901,1074682,1203.5,646.0,1,21320,1
901,1074683,1167.142822265625,685.7142944335938,7,21321,0
901,1074684,1167.25,647.5,2,21321,1
901,1074685,997.0,639.0,1,21321,2
901,1074686,883.0,699.0,1,21321,3
901,1074687,1209.25,695.5,2,21321,4
901,1074688,1327.5,775.4444580078125,9,21322,0
901,1074689,1209.25,695.5,2,21322,1
901,1074690,1307.5,765.7142944335938,7,21323,0
901,1074691,1168.5,658.5,1,21323,1
901,1074692,1203.5,646.0,1,21323,2
901,1074693,1209.25,695.5,2,21323,3
901,1074694,1200.5714111328125,709.1428833007812,7,21324,0
901,1074695,1131.0,649.0,1,21324,1
901,1074696,1209.25,695.5,2,21324,2
901,1074697,1212.1666259765625,714.9166870117188,6,21325,0
901,1074698,1131.0,649.0,1,21325,1
901,1074699,1209.25,695.5,2,21325,2
901,1074700,1336.1875,771.25,8,21326,0
901,1074701,1203.5,646.0,1,21326,1
901,1074702,1321.142822265625,769.2142944335938,7,21327,0
901,1074703,1168.5,658.5,1,21327,1
901,1074704,1203.5,646.0,1,21327,2
901,1074705,1200.0,668.5,1,21327,3
901,1074706,1321.142822265625,769.2142944335938,7,21328,0
901,1074707,1168.5,658.5,1,21328,1
901,1074708,1203.5,646.0,1,21328,2
901,1074709,1209.25,695.5,2,21328,3
901,1074710,1345.9285888671875,775.4285888671875,7,21329,0
901,1074711,1209.25,695.5,2,21329,1
901,1074712,1359.0999755859375,776.5,5,21330,0
901,1074713,1226.5,743.3333129882812,6,21331,0
901,1074714,1131.0,649.0,1,21331,1
901,1074715,1209.25,695.5,2,21331,2
901,1074716,1702.0,960.5,1,21332,0
901,1074717,1149.5,1013.5,1,21333,0
901,1074718,1200.0,668.5,1,21333,1
911,1074625,970.3125,650.375,8,21301,0
911,1074626,997.0,639.0,1,21301,1
911,1074627,883.0,699.0,1,21301,2
911,1074628,1203.5,646.0,1,21302,0
911,1074629,1200.0,668.5,1,21302,1
911,1074630,1280.625,722.625,8,21302,2
911,1074631,915.9285888671875,658.5,7,21303,0
911,1074632,883.0,699.0,1,21303,1
911,1074633,893.125,665.25,4,21304,0
911,1074634,883.0,699.0,1,21304,1
911,1074635,1012.0,652.2142944335938,7,21305,0
911,1074636,997.0,639.0,1,21305,1
911,1074637,883.0,699.0,1,21305,2
911,1074638,1131.0,649.0,1,21306,0
911,1074639,1188.375,702.5625,8,21306,1
911,1074640,997.0,639.0,1,21307,0
911,1074641,883.0,699.0,1,21307,1
911,1074642,1037.8125,655.6875,8,21307,2
911,1074643,1092.699951171875,659.4000244140625,5,21308,0
911,1074644,883.0,699.0,1,21308,1
911,1074645,997.0,639.0,1,21308,2
911,1074646,944.0,652.5,1,21308,3
911,1074647,939.25,650.25,6,21309,0
911,1074648,883.0,699.0,1,21309,1
911,1074649,997.0,639.0,1,21309,2
911,1074650,915.9285888671875,658.5,7,21310,0
911,1074651,883.0,699.0,1,21310,1
911,1074652,904.7000122070312,662.2000122070312,5,21311,0
911,1074653,883.0,699.0,1,21311,1
911,1074654,1218.5,722.5,1,21312,0
911,1074655,1262.625,762.1875,8,21312,1
911,1074656,931.0,652.6428833007812,7,21313,0
911,1074657,883.0,699.0,1,21313,1
911,1074658,997.0,639.0,1,21313,2
911,1074659,1200.0,668.5,1,21314,0
911,1074660,1256.04541015625,745.227294921875,11,21314,1
911,1074661,1149.5,1013.5,1,21314,2
911,1074662,1203.5,646.0,1,21314,3
911,1074663,883.0,699.0,1,21315,0
911,1074664,997.0,639.0,1,21315,1
911,1074665,989.5833129882812,658.875,12,21315,2
911,1074666,1229.800048828125,725.1500244140625,10,21316,0
911,1074667,1167.25,647.5,2,21316,1
911,1074668,1200.0,668.5,1,21316,2
911,1074669,1061.25,654.25,4,21317,0
911,1074670,944.0,652.5,1,21317,1
911,1074671,1131.0,649.0,1,21317,2
911,1074672,997.0,639.0,1,21317,3
911,1074673,883.0,699.0,1,21317,4
911,1074674,1134.3125,669.9375,8,21318,0
911,1074675,1131.0,649.0,1,21318,1
911,1074676,997.0,639.0,1,21318,2
911,1074677,883.0,699.0,1,21318,3
911,1074678,1191.0,692.5,6,21319,0
911,1074679,1167.25,647.5,2,21319,1
911,1074680,1200.0,668.5,1,21319,2
911,1074681,1336.1875,771.25,8,21320,0
911,1074682,1203.5,646.0,1,21320,1
911,1074683,1167.142822265625,685.7142944335938,7,21321,0
911,1074684,1167.25,647.5,2,21321,1
911,1074685,997.0,639.0,1,21321,2
911,1074686,883.0,699.0,1,21321,3
911,1074687,1209.25,695.5,2,21321,4
911,1074688,1327.5,775.4444580078125,9,21322,0
911,1074689,1209.25,695.5,2,21322,1
911,1074690,1307.5,765.7142944335938,7,21323,0
911,1074691,1168.5,658.5,1,21323,1
911,1074692,1203.5,646.0,1,21323,2
911,1074693,1209.25,695.5,2,21323,3
911,1074694,1200.5714111328125,709.1428833007812,7,21324,0
911,1074695,1131.0,649.0,1,21324,1
911,1074696,1209.25,695.5,2,21324,2
911,1074697,1212.1666259765625,714.9166870117188,6,21325,0
911,1074698,1131.0,649.0,1,21325,1
911,1074699,1209.25,695.5,2,21325,2
911,1074700,1336.1875,771.25,8,21326,0
911,1074701,1203.5,646.0,1,21326,1
911,1074702,1321.142822265625,769.2142944335938,7,21327,0
911,1074703,1168.5,658.5,1,21327,1
911,1074704,1203.5,646.0,1,21327,2
911,1074705,1200.0,668.5,1,21327,3
911,1074706,1321.142822265625,769.2142944335938,7,21328,0
911,1074707,1168.5,658.5,1,21328,1
911,1074708,1203.5,646.0,1,21328,2
911,1074709,1209.25,695.5,2,21328,3
911,1074710,1345.9285888671875,775.4285888671875,7,21329,0
911,1074711,1209.25,695.5,2,21329,1
911,1074712,1359.0999755859375,776.5,5,21330,0
911,1074713,1226.5,743.3333129882812,6,21331,0
911,1074714,1131.0,649.0,1,21331,1
911,1074715,1209.25,695.5,2,21331,2
911,1074716,1702.0,960.5,1,21332,0
911,1074717,1149.5,1013.5,1,21333,0
911,1074718,1200.0,668.5,1,21333,1
921,1074625,970.3125,650.375,8,21301,0
921,1074626,997.0,639.0,1,21301,1
921,1074627,883.0,699.0,1,21301,2
921,1074628,1203.5,646.0,1,21302,0
921,1074629,1200.0,668.5,1,21302,1
921,1074630,1280.625,722.625,8,21302,2
921,1074631,915.9285888671875,658.5,7,21303,0
921,1074632,883.0,699.0,1,21303,1
921,1074633,893.125,665.25,4,21304,0
921,1074634,883.0,699.0,1,21304,1
921,1074635,1012.0,652.2142944335938,7,21305,0
921,1074636,997.0,639.0,1,21305,1
921,1074637,883.0,699.0,1,21305,2
921,1074638,1131.0,649.0,1,21306,0
921,1074639,1188.375,702.5625,8,21306,1
921,1074640,997.0,639.0,1,21307,0
921,1074641,883.0,699.0,1,21307,1
921,1074642,1037.8125,655.6875,8,21307,2
921,1074643,1092.699951171875,659.4000244140625,5,21308,0
921,1074644,883.0,699.0,1,21308,1
921,1074645,997.0,639.0,1,21308,2
921,1074646,944.0,652.5,1,21308,3
921,1074647,939.25,650.25,6,21309,0
921,1074648,883.0,699.0,1,21309,1
921,1074649,997.0,639.0,1,21309,2
921,1074650,915.9285888671875,658.5,7,21310,0
921,1074651,883.0,699.0,1,21310,1
921,1074652,904.7000122070312,662.2000122070312,5,21311,0
921,1074653,883.0,699.0,1,21311,1
921,1074654,1218.5,722.5,1,21312,0
921,1074655,1262.625,762.1875,8,21312,1
921,1074656,931.0,652.6428833007812,7,21313,0
921,1074657,883.0,699.0,1,21313,1
921,1074658,997.0,639.0,1,21313,2
921,1074659,1200.0,668.5,1,21314,0
921,1074660,1256.04541015625,745.227294921875,11,21314,1
921,1074661,1149.5,1013.5,1,21314,2
921,1074662,1203.5,646.0,1,21314,3
921,1074663,883.0,699.0,1,21315,0
921,1074664,997.0,639.0,1,21315,1
921,1074665,989.5833129882812,658.875,12,21315,2
921,1074666,1229.800048828125,725.1500244140625,10,21316,0
921,1074667,1167.25,647.5,2,21316,1
921,1074668,1200.0,668.5,1,21316,2
921,1074669,1061.25,654.25,4,21317,0
921,1074670,944.0,652.5,1,21317,1
921,1074671,1131.0,649.0,1,21317,2
921,1074672,997.0,639.0,1,21317,3
921,1074673,883.0,699.0,1,21317,4
921,1074674,1134.3125,669.9375,8,21318,0
921,1074675,1131.0,649.0,1,21318,1
921,1074676,997.0,639.0,1,21318,2
921,1074677,883.0,699.0,1,21318,3
921,1074678,1191.0,692.5,6,21319,0
921,1074679,1167.25,647.5,2,21319,1
921,1074680,1200.0,668.5,1,21319,2
921,1074681,1336.1875,771.25,8,21320,0
921,1074682,1203.5,646.0,1,21320,1
921,1074683,1167.142822265625,685.7142944335938,7,21321,0
921,1074684,1167.25,647.5,2,21321,1
921,1074685,997.0,639.0,1,21321,2
921,1074686,883.0,699.0,1,21321,3
921,1074687,1209.25,695.5,2,21321,4
921,1074688,1327.5,775.4444580078125,9,21322,0
921,1074689,1209.25,695.5,2,21322,1
921,1074690,1307.5,765.7142944335938,7,21323,0
921,1074691,1168.5,658.5,1,21323,1
921,1074692,1203.5,646.0,1,21323,2
921,1074693,1209.25,695.5,2,21323,3
921,1074694,1200.5714111328125,709.1428833007812,7,21324,0
921,1074695,1131.0,649.0,1,21324,1
921,1074696,1209.25,695.5,2,21324,2
921,1074697,1212.1666259765625,714.9166870117188,6,21325,0
921,1074698,1131.0,649.0,1,21325,1
921,1074699,1209.25,695.5,2,21325,2
921,1074700,1336.1875,771.25,8,21326,0
921,1074701,1203.5,646.0,1,21326,1
921,1074702,1321.142822265625,769.2142944335938,7,21327,0
921,1074703,1168.5,658.5,1,21327,1
921,1074704,1203.5,646.0,1,21327,2
921,1074705,1200.0,668.5,1,21327,3
921,1074706,1321.142822265625,769.2142944335938,7,21328,0
921,1074707,1168.5,658.5,1,21328,1
921,1074708,1203.5,646.0,1,21328,2
921,1074709,1209.25,695.5,2,21328,3
921,1074710,1345.9285888671875,775.4285888671875,7,21329,0
921,1074711,1209.25,695.5,2,21329,1
921,1074712,1359.0999755859375,776.5,5,21330,0
921,1074713,1226.5,743.3333129882812,6,21331,0
921,1074714,1131.0,649.0,1,21331,1
921,1074715,1209.25,695.5,2,21331,2
921,1074716,1702.0,960.5,1,21332,0
921,1074717,1149.5,1013.5,1,21333,0
921,1074718,1200.0,668.5,1,21333,1
931,1074625,970.3125,650.375,8,21301,0
931,1074626,997.0,639.0,1,21301,1
931,1074627,883.0,699.0,1,21301,2
931,1074628,1203.5,646.0,1,21302,0
931,1074629,1200.0,668.5,1,21302,1
931,1074630,1280.625,722.625,8,21302,2
931,1074631,915.9285888671875,658.5,7,21303,0
931,1074632,883.0,699.0,1,21303,1
931,1074633,893.125,665.25,4,21304,0
931,1074634,883.0,699.0,1,21304,1
931,1074635,1012.0,652.2142944335938,7,21305,0
931,1074636,997.0,639.0,1,21305,1
931,1074637,883.0,699.0,1,21305,2
931,1074638,1131.0,649.0,1,21306,0
931,1074639,1188.375,702.5625,8,21306,1
931,1074640,997.0,639.0,1,21307,0
931,1074641,883.0,699.0,1,21307,1
931,1074642,1037.8125,655.6875,8,21307,2
931,1074643,1092.699951171875,659.4000244140625,5,21308,0
931,1074644,883.0,699.0,1,21308,1
931,1074645,997.0,639.0,1,21308,2
931,1074646,944.0,652.5,1,21308,3
931,1074647,939.25,650.25,6,21309,0
931,1074648,883.0,699.0,1,21309,1
931,1074649,997.0,639.0,1,21309,2
931,1074650,915.9285888671875,658.5,7,21310,0
931,1074651,883.0,699.0,1,21310,1
931,1074652,904.7000122070312,662.2000122070312,5,21311,0
931,1074653,883.0,699.0,1,21311,1
931,1074654,1218.5,722.5,1,21312,0
931,1074655,1262.625,762.1875,8,21312,1
931,1074656,931.0,652.6428833007812,7,21313,0
931,1074657,883.0,699.0,1,21313,1
931,1074658,997.0,639.0,1,21313,2
931,1074659,1200.0,668.5,1,21314,0
931,1074660,1256.04541015625,745.227294921875,11,21314,1
931,1074661,1149.5,1013.5,1,21314,2
931,1074662,1203.5,646.0,1,21314,3
931,1074663,883.0,699.0,1,21315,0
931,1074664,997.0,639.0,1,21315,1
931,1074665,989.5833129882812,658.875,12,21315,2
931,1074666,1229.800048828125,725.1500244140625,10,21316,0
931,1074667,1167.25,647.5,2,21316,1
931,1074668,1200.0,668.5,1,21316,2
931,1074669,1061.25,654.25,4,21317,0
931,1074670,944.0,652.5,1,21317,1
931,1074671,1131.0,649.0,1,21317,2
931,1074672,997.0,639.0,1,21317,3
931,1074673,883.0,699.0,1,21317,4
931,1074674,1134.3125,669.9375,8,21318,0
931,1074675,1131.0,649.0,1,21318,1
931,1074676,997.0,639.0,1,21318,2
931,1074677,883.0,699.0,1,21318,3
931,1074678,1191.0,692.5,6,21319,0
931,1074679,1167.25,647.5,2,21319,1
931,1074680,1200.0,668.5,1,21319,2
931,1074681,1336.1875,771.25,8,21320,0
931,1074682,1203.5,646.0,1,21320,1
931,1074683,1167.142822265625,685.7142944335938,7,21321,0
931,1074684,1167.25,647.5,2,21321,1
931,1074685,997.0,639.0,1,21321,2
931,1074686,883.0,699.0,1,21321,3
931,1074687,1209.25,695.5,2,21321,4
931,1074688,1327.5,775.4444580078125,9,21322,0
931,1074689,1209.25,695.5,2,21322,1
931,1074690,1307.5,765.7142944335938,7,21323,0
931,1074691,1168.5,658.5,1,21323,1
931,1074692,1203.5,646.0,1,21323,2
931,1074693,1209.25,695.5,2,21323,3
931,1074694,1200.5714111328125,709.1428833007812,7,21324,0
931,1074695,1131.0,649.0,1,21324,1
931,1074696,1209.25,695.5,2,21324,2
931,1074697,1212.1666259765625,714.9166870117188,6,21325,0
931,1074698,1131.0,649.0,1,21325,1
931,1074699,1209.25,695.5,2,21325,2
931,1074700,1336.1875,771.25,8,21326,0
931,1074701,1203.5,646.0,1,21326,1
931,1074702,1321.142822265625,769.2142944335938,7,21327,0
931,1074703,1168.5,658.5,1,21327,1
931,1074704,1203.5,646.0,1,21327,2
931,1074705,1200.0,668.5,1,21327,3
931,1074706,1321.142822265625,769.2142944335938,7,21328,0
931,1074707,1168.5,658.5,1,21328,1
931,1074708,1203.5,646.0,1,21328,2
931,1074709,1209.25,695.5,2,21328,3
931,1074710,1345.9285888671875,775.4285888671875,7,21329,0
931,1074711,1209.25,695.5,2,21329,1
931,1074712,1359.0999755859375,776.5,5,21330,0
931,1074713,1226.5,743.3333129882812,6,21331,0
931,1074714,1131.0,649.0,1,21331,1
931,1074715,1209.25,695.5,2,21331,2
931,1074716,1702.0,960.5,1,21332,0
931,1074717,1149.5,1013.5,1,21333,0
931,1074718,1200.0,668.5,1,21333,1
941,1074625,964.7291870117188,651.5416870117188,6,21301,0
941,1074626,985.5,639.0,1,21301,1
941,1074627,886.5,696.5,1,21301,2
941,1074628,1203.5,646.0,1,21302,0
941,1074629,1181.0,669.5,1,21302,1
941,1074630,1271.9583740234375,719.875,6,21302,2
941,1074631,912.028564453125,661.0999755859375,5,21303,0
941,1074632,886.5,696.5,1,21303,1
941,1074633,889.9583129882812,669.0833129882812,3,21304,0
941,1074634,886.5,696.5,1,21304,1
941,1074635,1004.2999877929688,652.6143188476562,5,21305,0
941,1074636,985.5,639.0,1,21305,1
941,1074637,886.5,696.5,1,21305,2
941,1074638,1130.5,649.0,1,21306,0
941,1074639,1179.7916259765625,699.8125,6,21306,1
941,1074640,985.5,639.0,1,21307,0
941,1074641,886.5,696.5,1,21307,1
941,1074642,1029.3958740234375,655.8541870117188,6,21307,2
941,1074643,1082.324951171875,658.6500244140625,4,21308,0
941,1074644,886.5,696.5,1,21308,1
941,1074645,985.5,639.0,1,21308,2
941,1074646,940.0,653.0,1,21308,3
941,1074647,935.125,652.0,4,21309,0
941,1074648,886.5,696.5,1,21309,1
941,1074649,985.5,639.0,1,21309,2
941,1074650,912.028564453125,661.0999755859375,5,21310,0
941,1074651,886.5,696.5,1,21310,1
941,1074652,900.9500122070312,665.9500122070312,4,21311,0
941,1074653,886.5,696.5,1,21311,1
941,1074654,1256.0,732.5,1,21312,0
941,1074655,1256.9583740234375,757.9375,6,21312,1
941,1074656,928.2999877929688,654.3428955078125,5,21313,0
941,1074657,886.5,696.5,1,21313,1
941,1074658,985.5,639.0,1,21313,2
941,1074659,1181.0,669.5,1,21314,0
941,1074660,1248.48291015625,741.977294921875,8,21314,1
941,1074661,1155.5,995.5,1,21314,2
941,1074662,1203.5,646.0,1,21314,3
941,1074663,887.5,700.25,2,21315,0
941,1074664,985.5,639.0,1,21315,1
941,1074665,982.0833129882812,659.875,9,21315,2
941,1074666,1220.175048828125,722.3375244140625,8,21316,0
941,1074667,1167.0,647.5,2,21316,1
941,1074668,1181.0,669.5,1,21316,2
941,1074669,1051.4166259765625,653.5833129882812,3,21317,0
941,1074670,940.0,653.0,1,21317,1
941,1074671,1130.5,649.0,1,21317,2
941,1074672,985.5,639.0,1,21317,3
941,1074673,886.5,696.5,1,21317,4
941,1074674,1126.6458740234375,669.3541870117188,6,21318,0
941,1074675,1130.5,649.0,1,21318,1
941,1074676,985.5,639.0,1,21318,2
941,1074677,886.5,696.5,1,21318,3
941,1074678,1183.375,690.25,4,21319,0
941,1074679,1167.0,647.5,2,21319,1
941,1074680,1181.0,669.5,1,21319,2
941,1074681,1330.0208740234375,765.8333129882812,6,21320,0
941,1074682,1203.5,646.0,1,21320,1
941,1074683,1160.2427978515625,684.2142944335938,5,21321,0
941,1074684,1167.0,647.5,2,21321,1
941,1074685,985.5,639.0,1,21321,2
941,1074686,886.5,696.5,1,21321,3
941,1074687,1218.5,701.0,2,21321,4
941,1074688,1321.0,769.8015747070312,7,21322,0
941,1074689,1218.5,701.0,2,21322,1
941,1074690,1301.5999755859375,761.1143188476562,5,21323,0
941,1074691,1159.5,660.5,1,21323,1
941,1074692,1203.5,646.0,1,21323,2
941,1074693,1218.5,701.0,2,21323,3
941,1074694,1191.2713623046875,706.5429077148438,5,21324,0
941,1074695,1130.5,649.0,1,21324,1
941,1074696,1218.5,701.0,2,21324,2
941,1074697,1203.6666259765625,712.1666870117188,4,21325,0
941,1074698,1130.5,649.0,1,21325,1
941,1074699,1218.5,701.0,2,21325,2
941,1074700,1330.0208740234375,765.8333129882812,6,21326,0
941,1074701,1203.5,646.0,1,21326,1
941,1074702,1316.3427734375,764.3142700195312,5,21327,0
941,1074703,1159.5,660.5,1,21327,1
941,1074704,1203.5,646.0,1,21327,2
941,1074705,1181.0,669.5,1,21327,3
941,1074706,1316.3427734375,764.3142700195312,5,21328,0
941,1074707,1159.5,660.5,1,21328,1
941,1074708,1203.5,646.0,1,21328,2
941,1074709,1218.5,701.0,2,21328,3
941,1074710,1340.2286376953125,770.2285766601562,5,21329,0
941,1074711,1218.5,701.0,2,21329,1
941,1074712,1353.2249755859375,771.25,4,21330,0
941,1074713,1221.75,740.4583129882812,4,21331,0
941,1074714,1130.5,649.0,1,21331,1
941,1074715,1218.5,701.0,2,21331,2
941,1074716,1682.0,950.5,1,21332,0
941,1074717,1155.5,995.5,1,21333,0
941,1074718,1181.0,669.5,1,21333,1
951,1074625,964.7291870117188,651.5416870117188,6,21301,0
951,1074626,985.5,639.0,1,21301,1
951,1074627,886.5,696.5,3,21301,2
951,1074628,1203.5,646.0,1,21302,0
951,1074629,1181.0,669.5,1,21302,1
951,1074630,1271.9583740234375,719.875,6,21302,2
951,1074631,912.028564453125,661.0999755859375,5,21303,0
951,1074632,886.5,696.5,3,21303,1
951,1074633,889.9583129882812,669.0833129882812,3,21304,0
951,1074634,886.5,696.5,2,21304,1
951,1074635,1004.2999877929688,652.6143188476562,5,21305,0
951,1074636,985.5,639.0,1,21305,1
951,1074637,886.5,696.5,3,21305,2
951,1074638,1130.5,649.0,1,21306,0
951,1074639,1179.7916259765625,699.8125,6,21306,1
951,1074640,985.5,639.0,1,21307,0
951,1074641,886.5,696.5,3,21307,1
951,1074642,1029.3958740234375,655.8541870117188,6,21307,2
951,1074643,1082.324951171875,658.6500244140625,4,21308,0
951,1074644,886.5,696.5,2,21308,1
951,1074645,985.5,639.0,1,21308,2
951,1074646,940.0,653.0,1,21308,3
951,1074647,935.125,652.0,4,21309,0
951,1074648,886.5,696.5,3,21309,1
951,1074649,985.5,639.0,1,21309,2
951,1074650,912.028564453125,661.0999755859375,5,21310,0
951,1074651,886.5,696.5,3,21310,1
951,1074652,900.9500122070312,665.9500122070312,4,21311,0
951,1074653,886.5,696.5,2,21311,1
951,1074654,1256.0,732.5,2,21312,0
951,1074655,1256.9583740234375,757.9375,6,21312,1
951,1074656,928.2999877929688,654.3428955078125,5,21313,0
951,1074657,886.5,696.5,3,21313,1
951,1074658,985.5,639.0,1,21313,2
951,1074659,1181.0,669.5,1,21314,0
951,1074660,1248.48291015625,741.977294921875,8,21314,1
951,1074661,1155.5,995.5,1,21314,2
951,1074662,1203.5,646.0,1,21314,3
951,1074663,887.5,700.25,3,21315,0
951,1074664,985.5,639.0,1,21315,1
951,1074665,982.0833129882812,659.875,9,21315,2
951,1074666,1220.175048828125,722.3375244140625,8,21316,0
951,1074667,1167.0,647.5,2,21316,1
951,1074668,1181.0,669.5,1,21316,2
951,1074669,1051.4166259765625,653.5833129882812,3,21317,0
951,1074670,940.0,653.0,1,21317,1
951,1074671,1130.5,649.0,1,21317,2
951,1074672,985.5,639.0,1,21317,3
951,1074673,886.5,696.5,2,21317,4
951,1074674,1126.6458740234375,669.3541870117188,6,21318,0
951,1074675,1130.5,649.0,1,21318,1
951,1074676,985.5,639.0,1,21318,2
951,1074677,886.5,696.5,1,21318,3
951,1074678,1183.375,690.25,4,21319,0
951,1074679,1167.0,647.5,2,21319,1
951,1074680,1181.0,669.5,1,21319,2
951,1074681,1330.0208740234375,765.8333129882812,6,21320,0
951,1074682,1203.5,646.0,1,21320,1
951,1074683,1160.2427978515625,684.2142944335938,5,21321,0
951,1074684,1167.0,647.5,2,21321,1
951,1074685,985.5,639.0,1,21321,2
951,1074686,886.5,696.5,1,21321,3
951,1074687,1218.5,701.0,3,21321,4
951,1074688,1321.0,769.8015747070312,7,21322,0
951,1074689,1218.5,701.0,4,21322,1
951,1074690,1301.5999755859375,761.1143188476562,5,21323,0
951,1074691,1159.5,660.5,1,21323,1
951,1074692,1203.5,646.0,1,21323,2
951,1074693,1218.5,701.0,4,21323,3
951,1074694,1191.2713623046875,706.5429077148438,5,21324,0
951,1074695,1130.5,649.0,1,21324,1
951,1074696,1218.5,701.0,4,21324,2
951,1074697,1203.6666259765625,712.1666870117188,4,21325,0
951,1074698,1130.5,649.0,1,21325,1
951,1074699,1218.5,701.0,4,21325,2
951,1074700,1330.0208740234375,765.8333129882812,6,21326,0
951,1074701,1203.5,646.0,1,21326,1
951,1074702,1316.3427734375,764.3142700195312,5,21327,0
951,1074703,1159.5,660.5,1,21327,1
951,1074704,1203.5,646.0,1,21327,2
951,1074705,1181.0,669.5,1,21327,3
951,1074706,1316.3427734375,764.3142700195312,5,21328,0
951,1074707,1159.5,660.5,1,21328,1
951,1074708,1203.5,646.0,1,21328,2
951,1074709,1218.5,701.0,4,21328,3
951,1074710,1340.2286376953125,770.2285766601562,5,21329,0
951,1074711,1218.5,701.0,4,21329,1
951,1074712,1353.2249755859375,771.25,4,21330,0
951,1074713,1221.75,740.4583129882812,4,21331,0
951,1074714,1130.5,649.0,1,21331,1
951,1074715,1218.5,701.0,4,21331,2
951,1074716,1682.0,950.5,1,21332,0
951,1074717,1155.5,995.5,1,21333,0
951,1074718,1181.0,669.5,1,21333,1
961,1074625,964.7291870117188,651.5416870117188,6,21301,0
961,1074626,985.5,639.0,1,21301,1
961,1074627,886.5,696.5,3,21301,2
961,1074628,1203.5,646.0,1,21302,0
961,1074629,1181.0,669.5,1,21302,1
961,1074630,1271.9583740234375,719.875,6,21302,2
961,1074631,912.028564453125,661.0999755859375,5,21303,0
961,1074632,886.5,696.5,3,21303,1
961,1074633,889.9583129882812,669.0833129882812,3,21304,0
961,1074634,886.5,696.5,2,21304,1
961,1074635,1004.2999877929688,652.6143188476562,5,21305,0
961,1074636,985.5,639.0,1,21305,1
961,1074637,886.5,696.5,3,21305,2
961,1074638,1130.5,649.0,1,21306,0
961,1074639,1179.7916259765625,699.8125,6,21306,1
961,1074640,985.5,639.0,1,21307,0
961,1074641,886.5,696.5,3,21307,1
961,1074642,1029.3958740234375,655.8541870117188,6,21307,2
961,1074643,1082.324951171875,658.6500244140625,4,21308,0
961,1074644,886.5,696.5,2,21308,1
961,1074645,985.5,639.0,1,21308,2
961,1074646,940.0,653.0,1,21308,3
961,1074647,935.125,652.0,4,21309,0
961,1074648,886.5,696.5,3,21309,1
961,1074649,985.5,639.0,1,21309,2
961,1074650,912.028564453125,661.0999755859375,5,21310,0
961,1074651,886.5,696.5,3,21310,1
961,1074652,900.9500122070312,665.9500122070312,4,21311,0
961,1074653,886.5,696.5,2,21311,1
961,1074654,1256.0,732.5,2,21312,0
961,1074655,1256.9583740234375,757.9375,6,21312,1
961,1074656,928.2999877929688,654.3428955078125,5,21313,0
961,1074657,886.5,696.5,3,21313,1
961,1074658,985.5,639.0,1,21313,2
961,1074659,1181.0,669.5,1,21314,0
961,1074660,1248.48291015625,741.977294921875,8,21314,1
961,1074661,1155.5,995.5,1,21314,2
961,1074662,1203.5,646.0,1,21314,3
961,1074663,887.5,700.25,4,21315,0
961,1074664,985.5,639.0,1,21315,1
961,1074665,982.0833129882812,659.875,9,21315,2
961,1074666,1220.175048828125,722.3375244140625,8,21316,0
961,1074667,1167.0,647.5,2,21316,1
961,1074668,1181.0,669.5,1,21316,2
961,1074669,1051.4166259765625,653.5833129882812,3,21317,0
961,1074670,940.0,653.0,1,21317,1
961,1074671,1130.5,649.0,1,21317,2
961,1074672,985.5,639.0,1,21317,3
961,1074673,886.5,696.5,2,21317,4
961,1074674,1126.6458740234375,669.3541870117188,6,21318,0
961,1074675,1130.5,649.0,1,21318,1
961,1074676,985.5,639.0,1,21318,2
961,1074677,886.5,696.5,1,21318,3
961,1074678,1183.375,690.25,4,21319,0
961,1074679,1167.0,647.5,2,21319,1
961,1074680,1181.0,669.5,1,21319,2
961,1074681,1330.0208740234375,765.8333129882812,6,21320,0
961,1074682,1203.5,646.0,1,21320,1
961,1074683,1160.2427978515625,684.2142944335938,5,21321,0
961,1074684,1167.0,647.5,2,21321,1
961,1074685,985.5,639.0,1,21321,2
961,1074686,886.5,696.5,1,21321,3
961,1074687,1218.5,701.0,3,21321,4
961,1074688,1321.0,769.8015747070312,7,21322,0
961,1074689,1218.5,701.0,4,21322,1
961,1074690,1301.5999755859375,761.1143188476562,5,21323,0
961,1074691,1159.5,660.5,1,21323,1
961,1074692,1203.5,646.0,1,21323,2
961,1074693,1218.5,701.0,4,21323,3
961,1074694,1191.2713623046875,706.5429077148438,5,21324,0
961,1074695,1130.5,649.0,1,21324,1
961,1074696,1218.5,701.0,4,21324,2
961,1074697,1203.6666259765625,712.1666870117188,4,21325,0
961,1074698,1130.5,649.0,1,21325,1
961,1074699,1218.5,701.0,4,21325,2
961,1074700,1330.0208740234375,765.8333129882812,6,21326,0
961,1074701,1203.5,646.0,1,21326,1
961,1074702,1316.3427734375,764.3142700195312,5,21327,0
961,1074703,1159.5,660.5,1,21327,1
961,1074704,1203.5,646.0,1,21327,2
961,1074705,1181.0,669.5,1,21327,3
961,1074706,1316.3427734375,764.3142700195312,5,21328,0
961,1074707,1159.5,660.5,1,21328,1
961,1074708,1203.5,646.0,1,21328,2
961,1074709,1218.5,701.0,4,21328,3
961,1074710,1340.2286376953125,770.2285766601562,5,21329,0
961,1074711,1218.5,701.0,4,21329,1
961,1074712,1353.2249755859375,771.25,4,21330,0
961,1074713,1221.75,740.4583129882812,4,21331,0
961,1074714,1130.5,649.0,1,21331,1
961,1074715,1218.5,701.0,4,21331,2
961,1074716,1682.0,950.5,1,21332,0
961,1074717,1155.5,995.5,1,21333,0
961,1074718,1181.0,669.5,1,21333,1
971,1074625,964.7291870117188,651.5416870117188,6,21301,0
971,1074626,985.5,639.0,1,21301,1
971,1074627,886.5,696.5,3,21301,2
971,1074628,1203.5,646.0,1,21302,0
971,1074629,1181.0,669.5,1,21302,1
971,1074630,1271.9583740234375,719.875,6,21302,2
971,1074631,912.028564453125,661.0999755859375,5,21303,0
971,1074632,886.5,696.5,3,21303,1
971,1074633,889.9583129882812,669.0833129882812,3,21304,0
971,1074634,886.5,696.5,2,21304,1
971,1074635,1004.2999877929688,652.6143188476562,5,21305,0
971,1074636,985.5,639.0,1,21305,1
971,1074637,886.5,696.5,3,21305,2
971,1074638,1130.5,649.0,1,21306,0
971,1074639,1179.7916259765625,699.8125,6,21306,1
971,1074640,985.5,639.0,1,21307,0
971,1074641,886.5,696.5,3,21307,1
971,1074642,1029.3958740234375,655.8541870117188,6,21307,2
971,1074643,1082.324951171875,658.6500244140625,4,21308,0
971,1074644,886.5,696.5,2,21308,1
971,1074645,985.5,639.0,1,21308,2
971,1074646,940.0,653.0,1,21308,3
971,1074647,935.125,652.0,4,21309,0
971,1074648,886.5,696.5,3,21309,1
971,1074649,985.5,639.0,1,21309,2
971,1074650,912.028564453125,661.0999755859375,5,21310,0
971,1074651,886.5,696.5,3,21310,1
971,1074652,900.9500122070312,665.9500122070312,4,21311,0
971,1074653,886.5,696.5,2,21311,1
971,1074654,1256.0,732.5,2,21312,0
971,1074655,1256.9583740234375,757.9375,6,21312,1
971,1074656,928.2999877929688,654.3428955078125,5,21313,0
971,1074657,886.5,696.5,3,21313,1
971,1074658,985.5,639.0,1,21313,2
971,1074659,1181.0,669.5,1,21314,0
971,1074660,1248.48291015625,741.977294921875,8,21314,1
971,1074661,1155.5,995.5,1,21314,2
971,1074662,1203.5,646.0,1,21314,3
971,1074663,887.5,700.25,4,21315,0
971,1074664,985.5,639.0,1,21315,1
971,1074665,982.0833129882812,659.875,9,21315,2
971,1074666,1220.175048828125,722.3375244140625,8,21316,0
971,1074667,1167.0,647.5,2,21316,1
971,1074668,1181.0,669.5,1,21316,2
971,1074669,1051.4166259765625,653.5833129882812,3,21317,0
971,1074670,940.0,653.0,1,21317,1
971,1074671,1130.5,649.0,1,21317,2
971,1074672,985.5,639.0,1,21317,3
971,1074673,886.5,696.5,2,21317,4
971,1074674,1126.6458740234375,669.3541870117188,6,21318,0
971,1074675,1130.5,649.0,1,21318,1
971,1074676,985.5,639.0,1,21318,2
971,1074677,886.5,696.5,1,21318,3
971,1074678,1183.375,690.25,4,21319,0
971,1074679,1167.0,647.5,2,21319,1
971,1074680,1181.0,669.5,1,21319,2
971,1074681,1330.0208740234375,765.8333129882812,6,21320,0
971,1074682,1203.5,646.0,1,21320,1
971,1074683,1160.2427978515625,684.2142944335938,5,21321,0
971,1074684,1167.0,647.5,2,21321,1
971,1074685,985.5,639.0,1,21321,2
971,1074686,886.5,696.5,1,21321,3
971,1074687,1218.5,701.0,3,21321,4
971,1074688,1321.0,769.8015747070312,7,21322,0
971,1074689,1218.5,701.0,4,21322,1
971,1074690,1301.5999755859375,761.1143188476562,5,21323,0
971,1074691,1159.5,660.5,1,21323,1
971,1074692,1203.5,646.0,1,21323,2
971,1074693,1218.5,701.0,4,21323,3
971,1074694,1191.2713623046875,706.5429077148438,5,21324,0
971,1074695,1130.5,649.0,1,21324,1
971,1074696,1218.5,701.0,4,21324,2
971,1074697,1203.6666259765625,712.1666870117188,4,21325,0
971,1074698,1130.5,649.0,1,21325,1
971,1074699,1218.5,701.0,4,21325,2
971,1074700,1330.0208740234375,765.8333129882812,6,21326,0
971,1074701,1203.5,646.0,1,21326,1
971,1074702,1316.3427734375,764.3142700195312,5,21327,0
971,1074703,1159.5,660.5,1,21327,1
971,1074704,1203.5,646.0,1,21327,2
971,1074705,1181.0,669.5,1,21327,3
971,1074706,1316.3427734375,764.3142700195312,5,21328,0
971,1074707,1159.5,660.5,1,21328,1
971,1074708,1203.5,646.0,1,21328,2
971,1074709,1218.5,701.0,4,21328,3
971,1074710,1340.2286376953125,770.2285766601562,5,21329,0
971,1074711,1218.5,701.0,4,21329,1
971,1074712,1353.2249755859375,771.25,4,21330,0
971,1074713,1221.75,740.4583129882812,4,21331,0
971,1074714,1130.5,649.0,1,21331,1
971,1074715,1218.5,701.0,4,21331,2
971,1074716,1682.0,950.5,1,21332,0
971,1074717,1155.5,995.5,1,21333,0
971,1074718,1181.0,669.5,1,21333,1
981,1074625,964.7291870117188,651.5416870117188,6,21301,0
981,1074626,985.5,639.0,1,21301,1
981,1074627,886.5,696.5,3,21301,2
981,1074628,1203.5,646.0,1,21302,0
981,1074629,1181.0,669.5,2,21302,1
981,1074630,1271.9583740234375,719.875,6,21302,2
981,1074631,912.028564453125,661.0999755859375,5,21303,0
981,1074632,886.5,696.5,3,21303,1
981,1074633,889.9583129882812,669.0833129882812,3,21304,0
981,1074634,886.5,696.5,2,21304,1
981,1074635,1004.2999877929688,652.6143188476562,5,21305,0
981,1074636,985.5,639.0,1,21305,1
981,1074637,886.5,696.5,3,21305,2
981,1074638,1130.5,649.0,1,21306,0
981,1074639,1179.7916259765625,699.8125,6,21306,1
981,1074640,985.5,639.0,1,21307,0
981,1074641,886.5,696.5,3,21307,1
981,1074642,1029.3958740234375,655.8541870117188,6,21307,2
981,1074643,1082.324951171875,658.6500244140625,4,21308,0
981,1074644,886.5,696.5,2,21308,1
981,1074645,985.5,639.0,1,21308,2
981,1074646,940.0,653.0,1,21308,3
981,1074647,935.125,652.0,4,21309,0
981,1074648,886.5,696.5,3,21309,1
981,1074649,985.5,639.0,1,21309,2
981,1074650,912.028564453125,661.0999755859375,5,21310,0
981,1074651,886.5,696.5,3,21310,1
981,1074652,900.9500122070312,665.9500122070312,4,21311,0
981,1074653,886.5,696.5,2,21311,1
981,1074654,1256.0,732.5,2,21312,0
981,1074655,1256.9583740234375,757.9375,6,21312,1
981,1074656,928.2999877929688,654.3428955078125,5,21313,0
981,1074657,886.5,696.5,3,21313,1
981,1074658,985.5,639.0,1,21313,2
981,1074659,1181.0,669.5,1,21314,0
981,1074660,1248.48291015625,741.977294921875,8,21314,1
981,1074661,1155.5,995.5,1,21314,2
981,1074662,1203.5,646.0,1,21314,3
981,1074663,887.5,700.25,4,21315,0
981,1074664,985.5,639.0,1,21315,1
981,1074665,982.0833129882812,659.875,9,21315,2
981,1074666,1220.175048828125,722.3375244140625,8,21316,0
981,1074667,1167.0,647.5,2,21316,1
981,1074668,1181.0,669.5,1,21316,2
981,1074669,1051.4166259765625,653.5833129882812,3,21317,0
981,1074670,940.0,653.0,1,21317,1
981,1074671,1130.5,649.0,1,21317,2
981,1074672,985.5,639.0,1,21317,3
981,1074673,886.5,696.5,2,21317,4
981,1074674,1126.6458740234375,669.3541870117188,6,21318,0
981,1074675,1130.5,649.0,1,21318,1
981,1074676,985.5,639.0,1,21318,2
981,1074677,886.5,696.5,1,21318,3
981,1074678,1183.375,690.25,4,21319,0
981,1074679,1167.0,647.5,2,21319,1
981,1074680,1181.0,669.5,1,21319,2
981,1074681,1330.0208740234375,765.8333129882812,6,21320,0
981,1074682,1203.5,646.0,1,21320,1
981,1074683,1160.2427978515625,684.2142944335938,5,21321,0
981,1074684,1167.0,647.5,2,21321,1
981,1074685,985.5,639.0,1,21321,2
981,1074686,886.5,696.5,1,21321,3
981,1074687,1218.5,701.0,3,21321,4
981,1074688,1321.0,769.8015747070312,7,21322,0
981,1074689,1218.5,701.0,4,21322,1
981,1074690,1301.5999755859375,761.1143188476562,5,21323,0
981,1074691,1159.5,660.5,1,21323,1
981,1074692,1203.5,646.0,1,21323,2
981,1074693,1218.5,701.0,4,21323,3
981,1074694,1191.2713623046875,706.5429077148438,5,21324,0
981,1074695,1130.5,649.0,1,21324,1
981,1074696,1218.5,701.0,4,21324,2
981,1074697,1203.6666259765625,712.1666870117188,4,21325,0
981,1074698,1130.5,649.0,1,21325,1
981,1074699,1218.5,701.0,4,21325,2
981,1074700,1330.0208740234375,765.8333129882812,6,21326,0
981,1074701,1203.5,646.0,1,21326,1
981,1074702,1316.3427734375,764.3142700195312,5,21327,0
981,1074703,1159.5,660.5,1,21327,1
981,1074704,1203.5,646.0,1,21327,2
981,1074705,1181.0,669.5,1,21327,3
981,1074706,1316.3427734375,764.3142700195312,5,21328,0
981,1074707,1159.5,660.5,1,21328,1
981,1074708,1203.5,646.0,1,21328,2
981,1074709,1218.5,701.0,4,21328,3
981,1074710,1340.2286376953125,770.2285766601562,5,21329,0
981,1074711,1218.5,701.0,4,21329,1
981,1074712,1353.2249755859375,771.25,4,21330,0
981,1074713,1221.75,740.4583129882812,4,21331,0
981,1074714,1130.5,649.0,1,21331,1
981,1074715,1218.5,701.0,4,21331,2
981,1074716,1682.0,950.5,1,21332,0
981,1074717,1155.5,995.5,1,21333,0
981,1074718,1181.0,669.5,1,21333,1
991,1074625,964.7291870117188,651.5416870117188,6,21301,0
991,1074626,985.5,639.0,1,21301,1
991,1074627,886.5,696.5,3,21301,2
991,1074628,1203.5,646.0,1,21302,0
991,1074629,1181.0,669.5,2,21302,1
991,1074630,1271.9583740234375,719.875,6,21302,2
991,1074631,912.028564453125,661.0999755859375,5,21303,0
991,1074632,886.5,696.5,3,21303,1
991,1074633,889.9583129882812,669.0833129882812,3,21304,0
991,1074634,886.5,696.5,2,21304,1
991,1074635,1004.2999877929688,652.6143188476562,5,21305,0
991,1074636,985.5,639.0,1,21305,1
991,1074637,886.5,696.5,3,21305,2
991,1074638,1130.5,649.0,1,21306,0
991,1074639,1179.7916259765625,699.8125,6,21306,1
991,1074640,985.5,639.0,1,21307,0
991,1074641,886.5,696.5,3,21307,1
991,1074642,1029.3958740234375,655.8541870117188,6,21307,2
991,1074643,1082.324951171875,658.6500244140625,4,21308,0
991,1074644,886.5,696.5,2,21308,1
991,1074645,985.5,639.0,1,21308,2
991,1074646,940.0,653.0,1,21308,3
991,1074647,935.125,652.0,4,21309,0
991,1074648,886.5,696.5,3,21309,1
991,1074649,985.5,639.0,1,21309,2
991,1074650,912.028564453125,661.0999755859375,5,21310,0
991,1074651,886.5,696.5,3,21310,1
991,1074652,900.9500122070312,665.9500122070312,4,21311,0
991,1074653,886.5,696.5,2,21311,1
991,1074654,1256.0,732.5,2,21312,0
991,1074655,1256.9583740234375,757.9375,6,21312,1
991,1074656,928.2999877929688,654.3428955078125,5,21313,0
991,1074657,886.5,696.5,3,21313,1
991,1074658,985.5,639.0,1,21313,2
991,1074659,1181.0,669.5,1,21314,0
991,1074660,1248.48291015625,741.977294921875,8,21314,1
991,1074661,1155.5,995.5,1,21314,2
991,1074662,1203.5,646.0,1,21314,3
991,1074663,887.5,700.25,4,21315,0
991,1074664,985.5,639.0,1,21315,1
991,1074665,982.0833129882812,659.875,9,21315,2
991,1074666,1220.175048828125,722.3375244140625,8,21316,0
991,1074667,1167.0,647.5,2,21316,1
991,1074668,1181.0,669.5,1,21316,2
991,1074669,1051.4166259765625,653.5833129882812,3,21317,0
991,1074670,940.0,653.0,1,21317,1
991,1074671,1130.5,649.0,1,21317,2
991,1074672,985.5,639.0,1,21317,3
991,1074673,886.5,696.5,2,21317,4
991,1074674,1126.6458740234375,669.3541870117188,6,21318,0
991,1074675,1130.5,649.0,1,21318,1
991,1074676,985.5,639.0,1,21318,2
991,1074677,886.5,696.5,1,21318,3
991,1074678,1183.375,690.25,4,21319,0
991,1074679,1167.0,647.5,2,21319,1
991,1074680,1181.0,669.5,1,21319,2
991,1074681,1330.0208740234375,765.8333129882812,6,21320,0
991,1074682,1203.5,646.0,1,21320,1
991,1074683,1160.2427978515625,684.2142944335938,5,21321,0
991,1074684,1167.0,647.5,2,21321,1
991,1074685,985.5,639.0,1,21321,2
991,1074686,886.5,696.5,1,21321,3
991,1074687,1218.5,701.0,3,21321,4
991,1074688,1321.0,769.8015747070312,7,21322,0
991,1074689,1218.5,701.0,4,21322,1
991,1074690,1301.5999755859375,761.1143188476562,5,21323,0
991,1074691,1159.5,660.5,1,21323,1
991,1074692,1203.5,646.0,1,21323,2
991,1074693,1218.5,701.0,4,21323,3
991,1074694,1191.2713623046875,706.5429077148438,5,21324,0
991,1074695,1130.5,649.0,1,21324,1
991,1074696,1218.5,701.0,4,21324,2
991,1074697,1203.6666259765625,712.1666870117188,4,21325,0
991,1074698,1130.5,649.0,1,21325,1
991,1074699,1218.5,701.0,4,21325,2
991,1074700,1330.0208740234375,765.8333129882812,6,21326,0
991,1074701,1203.5,646.0,1,21326,1
991,1074702,1316.3427734375,764.3142700195312,5,21327,0
991,1074703,1159.5,660.5,1,21327,1
991,1074704,1203.5,646.0,1,21327,2
991,1074705,1181.0,669.5,1,21327,3
991,1074706,1316.3427734375,764.3142700195312,5,21328,0
991,1074707,1159.5,660.5,1,21328,1
991,1074708,1203.5,646.0,1,21328,2
991,1074709,1218.5,701.0,4,21328,3
991,1074710,1340.2286376953125,770.2285766601562,5,21329,0
991,1074711,1218.5,701.0,4,21329,1
991,1074712,1353.2249755859375,771.25,4,21330,0
991,1074713,1221.75,740.4583129882812,4,21331,0
991,1074714,1130.5,649.0,1,21331,1
991,1074715,1218.5,701.0,4,21331,2
991,1074716,1682.0,950.5,1,21332,0
991,1074717,1155.5,995.5,1,21333,0
991,1074718,1181.0,669.5,1,21333,1
1001,1074625,964.7291870117188,651.5416870117188,6,21301,0
1001,1074626,985.5,639.0,1,21301,1
1001,1074627,886.5,696.5,3,21301,2
1001,1074628,1203.5,646.0,1,21302,0
1001,1074629,1181.0,669.5,2,21302,1
1001,1074630,1271.9583740234375,719.875,6,21302,2
1001,1074631,912.028564453125,661.0999755859375,5,21303,0
1001,1074632,886.5,696.5,3,21303,1
1001,1074633,889.9583129882812,669.0833129882812,3,21304,0
1001,1074634,886.5,696.5,2,21304,1
1001,1074635,1004.2999877929688,652.6143188476562,5,21305,0
1001,1074636,985.5,639.0,1,21305,1
1001,1074637,886.5,696.5,3,21305,2
1001,1074638,1130.5,649.0,1,21306,0
1001,1074639,1179.7916259765625,699.8125,6,21306,1
1001,1074640,985.5,639.0,1,21307,0
1001,1074641,886.5,696.5,3,21307,1
1001,1074642,1029.3958740234375,655.8541870117188,6,21307,2
1001,1074643,1082.324951171875,658.6500244140625,4,21308,0
1001,1074644,886.5,696.5,2,21308,1
1001,1074645,985.5,639.0,1,21308,2
1001,1074646,940.0,653.0,1,21308,3
1001,1074647,935.125,652.0,4,21309,0
1001,1074648,886.5,696.5,3,21309,1
1001,1074649,985.5,639.0,1,21309,2
1001,1074650,912.028564453125,661.0999755859375,5,21310,0
1001,1074651,886.5,696.5,3,21310,1
1001,1074652,900.9500122070312,665.9500122070312,4,21311,0
1001,1074653,886.5,696.5,2,21311,1
1001,1074654,1256.0,732.5,2,21312,0
1001,1074655,1256.9583740234375,757.9375,6,21312,1
1001,1074656,928.2999877929688,654.3428955078125,5,21313,0
1001,1074657,886.5,696.5,3,21313,1
1001,1074658,985.5,639.0,1,21313,2
1001,1074659,1181.0,669.5,1,21314,0
1001,1074660,1248.48291015625,741.977294921875,8,21314,1
1001,1074661,1155.5,995.5,1,21314,2
1001,1074662,1203.5,646.0,1,21314,3
1001,1074663,887.5,700.25,4,21315,0
1001,1074664,985.5,639.0,1,21315,1
1001,1074665,982.0833129882812,659.875,9,21315,2
1001,1074666,1220.175048828125,722.3375244140625,8,21316,0
1001,1074667,1167.0,647.5,2,21316,1
1001,1074668,1181.0,669.5,1,21316,2
1001,1074669,1051.4166259765625,653.5833129882812,3,21317,0
1001,1074670,940.0,653.0,1,21317,1
1001,1074671,1130.5,649.0,1,21317,2
1001,1074672,985.5,639.0,1,21317,3
1001,1074673,886.5,696.5,2,21317,4
1001,1074674,1126.6458740234375,669.3541870117188,6,21318,0
1001,1074675,1130.5,649.0,1,21318,1
1001,1074676,985.5,639.0,1,21318,2
1001,1074677,886.5,696.5,1,21318,3
1001,1074678,1183.375,690.25,4,21319,0
1001,1074679,1167.0,647.5,2,21319,1
1001,1074680,1181.0,669.5,1,21319,2
1001,1074681,1330.0208740234375,765.8333129882812,6,21320,0
1001,1074682,1203.5,646.0,1,21320,1
1001,1074683,1160.2427978515625,684.2142944335938,5,21321,0
1001,1074684,1167.0,647.5,2,21321,1
1001,1074685,985.5,639.0,1,21321,2
1001,1074686,886.5,696.5,1,21321,3
1001,1074687,1218.5,701.0,3,21321,4
1001,1074688,1321.0,769.8015747070312,7,21322,0
1001,1074689,1218.5,701.0,4,21322,1
1001,1074690,1301.5999755859375,761.1143188476562,5,21323,0
1001,1074691,1159.5,660.5,1,21323,1
1001,1074692,1203.5,646.0,1,21323,2
1001,1074693,1218.5,701.0,4,21323,3
1001,1074694,1191.2713623046875,706.5429077148438,5,21324,0
1001,1074695,1130.5,649.0,1,21324,1
1001,1074696,1218.5,701.0,4,21324,2
1001,1074697,1203.6666259765625,712.1666870117188,4,21325,0
1001,1074698,1130.5,649.0,1,21325,1
1001,1074699,1218.5,701.0,4,21325,2
1001,1074700,1330.0208740234375,765.8333129882812,6,21326,0
1001,1074701,1203.5,646.0,1,21326,1
1001,1074702,1316.3427734375,764.3142700195312,5,21327,0
1001,1074703,1159.5,660.5,1,21327,1
1001,1074704,1203.5,646.0,1,21327,2
1001,1074705,1181.0,669.5,1,21327,3
1001,1074706,1316.3427734375,764.3142700195312,5,21328,0
1001,1074707,1159.5,660.5,1,21328,1
1001,1074708,1203.5,646.0,1,21328,2
1001,1074709,1218.5,701.0,4,21328,3
1001,1074710,1340.2286376953125,770.2285766601562,5,21329,0
1001,1074711,1218.5,701.0,4,21329,1
1001,1074712,1353.2249755859375,771.25,4,21330,0
1001,1074713,1221.75,740.4583129882812,4,21331,0
1001,1074714,1130.5,649.0,1,21331,1
1001,1074715,1218.5,701.0,4,21331,2
1001,1074716,1682.0,950.5,1,21332,0
1001,1074717,1155.5,995.5,1,21333,0
1001,1074718,1181.0,669.5,1,21333,1
1011,1074625,964.7291870117188,651.5416870117188,6,21301,0
1011,1074626,985.5,639.0,1,21301,1
1011,1074627,886.5,696.5,3,21301,2
1011,1074628,1203.5,646.0,1,21302,0
1011,1074629,1181.0,669.5,2,21302,1
1011,1074630,1271.9583740234375,719.875,6,21302,2
1011,1074631,912.028564453125,661.0999755859375,5,21303,0
1011,1074632,886.5,696.5,3,21303,1
1011,1074633,889.9583129882812,669.0833129882812,3,21304,0
1011,1074634,886.5,696.5,2,21304,1
1011,1074635,1004.2999877929688,652.6143188476562,5,21305,0
1011,1074636,985.5,639.0,1,21305,1
1011,1074637,886.5,696.5,3,21305,2
1011,1074638,1130.5,649.0,1,21306,0
1011,1074639,1179.7916259765625,699.8125,6,21306,1
1011,1074640,985.5,639.0,1,21307,0
1011,1074641,886.5,696.5,3,21307,1
1011,1074642,1029.3958740234375,655.8541870117188,6,21307,2
1011,1074643,1082.324951171875,658.6500244140625,4,21308,0
1011,1074644,886.5,696.5,2,21308,1
1011,1074645,985.5,639.0,1,21308,2
1011,1074646,940.0,653.0,1,21308,3
1011,1074647,935.125,652.0,4,21309,0
1011,1074648,886.5,696.5,3,21309,1
1011,1074649,985.5,639.0,1,21309,2
1011,1074650,912.028564453125,661.0999755859375,5,21310,0
1011,1074651,886.5,696.5,3,21310,1
1011,1074652,900.9500122070312,665.9500122070312,4,21311,0
1011,1074653,886.5,696.5,2,21311,1
1011,1074654,1256.0,732.5,2,21312,0
1011,1074655,1256.9583740234375,757.9375,6,21312,1
1011,1074656,928.2999877929688,654.3428955078125,5,21313,0
1011,1074657,886.5,696.5,3,21313,1
1011,1074658,985.5,639.0,1,21313,2
1011,1074659,1181.0,669.5,1,21314,0
1011,1074660,1248.48291015625,741.977294921875,8,21314,1
1011,1074661,1155.5,995.5,1,21314,2
1011,1074662,1203.5,646.0,1,21314,3
1011,1074663,887.5,700.25,4,21315,0
1011,1074664,985.5,639.0,1,21315,1
1011,1074665,982.0833129882812,659.875,9,21315,2
1011,1074666,1220.175048828125,722.3375244140625,8,21316,0
1011,1074667,1167.0,647.5,2,21316,1
1011,1074668,1181.0,669.5,1,21316,2
1011,1074669,1051.4166259765625,653.5833129882812,3,21317,0
1011,1074670,940.0,653.0,1,21317,1
1011,1074671,1130.5,649.0,1,21317,2
1011,1074672,985.5,639.0,1,21317,3
1011,1074673,886.5,696.5,2,21317,4
1011,1074674,1126.6458740234375,669.3541870117188,6,21318,0
1011,1074675,1130.5,649.0,1,21318,1
1011,1074676,985.5,639.0,1,21318,2
1011,1074677,886.5,696.5,1,21318,3
1011,1074678,1183.375,690.25,4,21319,0
1011,1074679,1167.0,647.5,2,21319,1
1011,1074680,1181.0,669.5,1,21319,2
1011,1074681,1330.0208740234375,765.8333129882812,6,21320,0
1011,1074682,1203.5,646.0,1,21320,1
1011,1074683,1160.2427978515625,684.2142944335938,5,21321,0
1011,1074684,1167.0,647.5,2,21321,1
1011,1074685,985.5,639.0,1,21321,2
1011,1074686,886.5,696.5,1,21321,3
1011,1074687,1218.5,701.0,3,21321,4
1011,1074688,1321.0,769.8015747070312,7,21322,0
1011,1074689,1218.5,701.0,4,21322,1
1011,1074690,1301.5999755859375,761.1143188476562,5,21323,0
1011,1074691,1159.5,660.5,1,21323,1
1011,1074692,1203.5,646.0,1,21323,2
1011,1074693,1218.5,701.0,4,21323,3
1011,1074694,1191.2713623046875,706.5429077148438,5,21324,0
1011,1074695,1130.5,649.0,1,21324,1
1011,1074696,1218.5,701.0,4,21324,2
1011,1074697,1203.6666259765625,712.1666870117188,4,21325,0
1011,1074698,1130.5,649.0,1,21325,1
1011,1074699,1218.5,701.0,4,21325,2
1011,1074700,1330.0208740234375,765.8333129882812,6,21326,0
1011,1074701,1203.5,646.0,1,21326,1
1011,1074702,1316.3427734375,764.3142700195312,5,21327,0
1011,1074703,1159.5,660.5,1,21327,1
1011,1074704,1203.5,646.0,1,21327,2
1011,1074705,1181.0,669.5,1,21327,3
1011,1074706,1316.3427734375,764.3142700195312,5,21328,0
1011,1074707,1159.5,660.5,1,21328,1
1011,1074708,1203.5,646.0,1,21328,2
1011,1074709,1218.5,701.0,4,21328,3
1011,1074710,1340.2286376953125,770.2285766601562,5,21329,0
1011,1074711,1218.5,701.0,4,21329,1
1011,1074712,1353.2249755859375,771.25,4,21330,0
1011,1074713,1221.75,740.4583129882812,4,21331,0
1011,1074714,1130.5,649.0,1,21331,1
1011,1074715,1218.5,701.0,4,21331,2
1011,1074716,1682.0,950.5,1,21332,0
1011,1074717,1155.5,995.5,1,21333,0
1011,1074718,1181.0,669.5,1,21333,1
1021,1074625,964.7291870117188,651.5416870117188,6,21301,0
1021,1074626,985.5,639.0,1,21301,1
1021,1074627,886.5,696.5,3,21301,2
1021,1074628,1203.5,646.0,1,21302,0
1021,1074629,1181.0,669.5,2,21302,1
1021,1074630,1271.9583740234375,719.875,6,21302,2
1021,1074631,912.028564453125,661.0999755859375,5,21303,0
1021,1074632,886.5,696.5,3,21303,1
1021,1074633,889.9583129882812,669.0833129882812,3,21304,0
1021,1074634,886.5,696.5,2,21304,1
1021,1074635,1004.2999877929688,652.6143188476562,5,21305,0
1021,1074636,985.5,639.0,1,21305,1
1021,1074637,886.5,696.5,3,21305,2
1021,1074638,1130.5,649.0,1,21306,0
1021,1074639,1179.7916259765625,699.8125,6,21306,1
1021,1074640,985.5,639.0,1,21307,0
1021,1074641,886.5,696.5,3,21307,1
1021,1074642,1029.3958740234375,655.8541870117188,6,21307,2
1021,1074643,1082.324951171875,658.6500244140625,4,21308,0
1021,1074644,886.5,696.5,2,21308,1
1021,1074645,985.5,639.0,1,21308,2
1021,1074646,940.0,653.0,1,21308,3
1021,1074647,935.125,652.0,4,21309,0
1021,1074648,886.5,696.5,3,21309,1
1021,1074649,985.5,639.0,1,21309,2
1021,1074650,912.028564453125,661.0999755859375,5,21310,0
1021,1074651,886.5,696.5,3,21310,1
1021,1074652,900.9500122070312,665.9500122070312,4,21311,0
1021,1074653,886.5,696.5,2,21311,1
1021,1074654,1256.0,732.5,2,21312,0
1021,1074655,1256.9583740234375,757.9375,6,21312,1
1021,1074656,928.2999877929688,654.3428955078125,5,21313,0
1021,1074657,886.5,696.5,3,21313,1
1021,1074658,985.5,639.0,1,21313,2
1021,1074659,1181.0,669.5,1,21314,0
1021,1074660,1248.48291015625,741.977294921875,8,21314,1
1021,1074661,1155.5,995.5,1,21314,2
1021,1074662,1203.5,646.0,1,21314,3
1021,1074663,887.5,700.25,4,21315,0
1021,1074664,985.5,639.0,1,21315,1
1021,1074665,982.0833129882812,659.875,9,21315,2
1021,1074666,1220.175048828125,722.3375244140625,8,21316,0
1021,1074667,1167.0,647.5,2,21316,1
1021,1074668,1181.0,669.5,1,21316,2
1021,1074669,1051.4166259765625,653.5833129882812,3,21317,0
1021,1074670,940.0,653.0,1,21317,1
1021,1074671,1130.5,649.0,1,21317,2
1021,1074672,985.5,639.0,1,21317,3
1021,1074673,886.5,696.5,2,21317,4
1021,1074674,1126.6458740234375,669.3541870117188,6,21318,0
1021,1074675,1130.5,649.0,1,21318,1
1021,1074676,985.5,639.0,1,21318,2
1021,1074677,886.5,696.5,2,21318,3
1021,1074678,1183.375,690.25,4,21319,0
1021,1074679,1167.0,647.5,2,21319,1
1021,1074680,1181.0,669.5,1,21319,2
1021,1074681,1330.0208740234375,765.8333129882812,6,21320,0
1021,1074682,1203.5,646.0,1,21320,1
1021,1074683,1160.2427978515625,684.2142944335938,5,21321,0
1021,1074684,1167.0,647.5,2,21321,1
1021,1074685,985.5,639.0,1,21321,2
1021,1074686,886.5,696.5,2,21321,3
1021,1074687,1218.5,701.0,3,21321,4
1021,1074688,1321.0,769.8015747070312,7,21322,0
1021,1074689,1218.5,701.0,4,21322,1
1021,1074690,1301.5999755859375,761.1143188476562,5,21323,0
1021,1074691,1159.5,660.5,1,21323,1
1021,1074692,1203.5,646.0,1,21323,2
1021,1074693,1218.5,701.0,4,21323,3
1021,1074694,1191.2713623046875,706.5429077148438,5,21324,0
1021,1074695,1130.5,649.0,1,21324,1
1021,1074696,1218.5,701.0,4,21324,2
1021,1074697,1203.6666259765625,712.1666870117188,4,21325,0
1021,1074698,1130.5,649.0,1,21325,1
1021,1074699,1218.5,701.0,4,21325,2
1021,1074700,1330.0208740234375,765.8333129882812,6,21326,0
1021,1074701,1203.5,646.0,1,21326,1
1021,1074702,1316.3427734375,764.3142700195312,5,21327,0
1021,1074703,1159.5,660.5,1,21327,1
1021,1074704,1203.5,646.0,1,21327,2
1021,1074705,1181.0,669.5,1,21327,3
1021,1074706,1316.3427734375,764.3142700195312,5,21328,0
1021,1074707,1159.5,660.5,1,21328,1
1021,1074708,1203.5,646.0,1,21328,2
1021,1074709,1218.5,701.0,4,21328,3
1021,1074710,1340.2286376953125,770.2285766601562,5,21329,0
1021,1074711,1218.5,701.0,4,21329,1
1021,1074712,1353.2249755859375,771.25,4,21330,0
1021,1074713,1221.75,740.4583129882812,4,21331,0
1021,1074714,1130.5,649.0,1,21331,1
1021,1074715,1218.5,701.0,4,21331,2
1021,1074716,1682.0,950.5,1,21332,0
1021,1074717,1155.5,995.5,1,21333,0
1021,1074718,1181.0,669.5,1,21333,1
1031,1074625,964.7291870117188,651.5416870117188,6,21301,0
1031,1074626,985.5,639.0,1,21301,1
1031,1074627,886.5,696.5,3,21301,2
1031,1074628,1203.5,646.0,1,21302,0
1031,1074629,1181.0,669.5,2,21302,1
1031,1074630,1271.9583740234375,719.875,6,21302,2
1031,1074631,912.028564453125,661.0999755859375,5,21303,0
1031,1074632,886.5,696.5,3,21303,1
1031,1074633,889.9583129882812,669.0833129882812,3,21304,0
1031,1074634,886.5,696.5,2,21304,1
1031,1074635,1004.2999877929688,652.6143188476562,5,21305,0
1031,1074636,985.5,639.0,1,21305,1
1031,1074637,886.5,696.5,3,21305,2
1031,1074638,1130.5,649.0,1,21306,0
1031,1074639,1179.7916259765625,699.8125,6,21306,1
1031,1074640,985.5,639.0,1,21307,0
1031,1074641,886.5,696.5,3,21307,1
1031,1074642,1029.3958740234375,655.8541870117188,6,21307,2
1031,1074643,1082.324951171875,658.6500244140625,4,21308,0
1031,1074644,886.5,696.5,2,21308,1
1031,1074645,985.5,639.0,1,21308,2
1031,1074646,940.0,653.0,1,21308,3
1031,1074647,935.125,652.0,4,21309,0
1031,1074648,886.5,696.5,3,21309,1
1031,1074649,985.5,639.0,1,21309,2
1031,1074650,912.028564453125,661.0999755859375,5,21310,0
1031,1074651,886.5,696.5,3,21310,1
1031,1074652,900.9500122070312,665.9500122070312,4,21311,0
1031,1074653,886.5,696.5,2,21311,1
1031,1074654,1256.0,732.5,2,21312,0
1031,1074655,1256.9583740234375,757.9375,6,21312,1
1031,1074656,928.2999877929688,654.3428955078125,5,21313,0
1031,1074657,886.5,696.5,3,21313,1
1031,1074658,985.5,639.0,1,21313,2
1031,1074659,1181.0,669.5,1,21314,0
1031,1074660,1248.48291015625,741.977294921875,8,21314,1
1031,1074661,1155.5,995.5,1,21314,2
1031,1074662,1203.5,646.0,1,21314,3
1031,1074663,887.5,700.25,4,21315,0
1031,1074664,985.5,639.0,1,21315,1
1031,1074665,982.0833129882812,659.875,9,21315,2
1031,1074666,1220.175048828125,722.3375244140625,8,21316,0
1031,1074667,1167.0,647.5,2,21316,1
1031,1074668,1181.0,669.5,1,21316,2
1031,1074669,1051.4166259765625,653.5833129882812,3,21317,0
1031,1074670,940.0,653.0,1,21317,1
1031,1074671,1130.5,649.0,1,21317,2
1031,1074672,985.5,639.0,1,21317,3
1031,1074673,886.5,696.5,2,21317,4
1031,1074674,1126.6458740234375,669.3541870117188,6,21318,0
1031,1074675,1130.5,649.0,1,21318,1
1031,1074676,985.5,639.0,1,21318,2
1031,1074677,886.5,696.5,2,21318,3
1031,1074678,1183.375,690.25,4,21319,0
1031,1074679,1167.0,647.5,2,21319,1
1031,1074680,1181.0,669.5,1,21319,2
1031,1074681,1330.0208740234375,765.8333129882812,6,21320,0
1031,1074682,1203.5,646.0,1,21320,1
1031,1074683,1160.2427978515625,684.2142944335938,5,21321,0
1031,1074684,1167.0,647.5,2,21321,1
1031,1074685,985.5,639.0,1,21321,2
1031,1074686,886.5,696.5,2,21321,3
1031,1074687,1218.5,701.0,3,21321,4
1031,1074688,1321.0,769.8015747070312,7,21322,0
1031,1074689,1218.5,701.0,4,21322,1
1031,1074690,1301.5999755859375,761.1143188476562,5,21323,0
1031,1074691,1159.5,660.5,1,21323,1
1031,1074692,1203.5,646.0,1,21323,2
1031,1074693,1218.5,701.0,4,21323,3
1031,1074694,1191.2713623046875,706.5429077148438,5,21324,0
1031,1074695,1130.5,649.0,1,21324,1
1031,1074696,1218.5,701.0,4,21324,2
1031,1074697,1203.6666259765625,712.1666870117188,4,21325,0
1031,1074698,1130.5,649.0,1,21325,1
1031,1074699,1218.5,701.0,4,21325,2
1031,1074700,1330.0208740234375,765.8333129882812,6,21326,0
1031,1074701,1203.5,646.0,1,21326,1
1031,1074702,1316.3427734375,764.3142700195312,5,21327,0
1031,1074703,1159.5,660.5,1,21327,1
1031,1074704,1203.5,646.0,1,21327,2
1031,1074705,1181.0,669.5,1,21327,3
1031,1074706,1316.3427734375,764.3142700195312,5,21328,0
1031,1074707,1159.5,660.5,1,21328,1
1031,1074708,1203.5,646.0,1,21328,2
1031,1074709,1218.5,701.0,4,21328,3
1031,1074710,1340.2286376953125,770.2285766601562,5,21329,0
1031,1074711,1218.5,701.0,4,21329,1
1031,1074712,1353.2249755859375,771.25,4,21330,0
1031,1074713,1221.75,740.4583129882812,4,21331,0
1031,1074714,1130.5,649.0,1,21331,1
1031,1074715,1218.5,701.0,4,21331,2
1031,1074716,1682.0,950.5,1,21332,0
1031,1074717,1155.5,995.5,1,21333,0
1031,1074718,1181.0,669.5,1,21333,1
1041,1074625,961.7291870117188,653.9166870117188,4,21301,0
1041,1074626,985.0,640.0,1,21301,1
1041,1074627,884.0999755859375,698.2000122070312,5,21301,2
1041,1074628,1203.5,646.0,1,21302,0
1041,1074629,1192.0,671.0,2,21302,1
1041,1074630,1266.5833740234375,719.0,4,21302,2
1041,1074631,908.778564453125,665.7249755859375,4,21303,0
1041,1074632,884.375,698.75,4,21303,1
1041,1074633,888.4583129882812,676.3333129882812,2,21304,0
1041,1074634,885.0,698.5,3,21304,1
1041,1074635,998.9249877929688,653.8643188476562,4,21305,0
1041,1074636,985.0,640.0,1,21305,1
1041,1074637,884.625,697.75,4,21305,2
1041,1074638,1130.5,649.0,1,21306,0
1041,1074639,1175.2916259765625,700.1875,4,21306,1
1041,1074640,985.0,640.0,1,21307,0
1041,1074641,884.2999877929688,697.7000122070312,5,21307,1
1041,1074642,1022.0208740234375,656.4791870117188,4,21307,2
1041,1074643,1073.824951171875,658.1500244140625,3,21308,0
1041,1074644,886.1666870117188,697.5,3,21308,1
1041,1074645,985.0,640.0,1,21308,2
1041,1074646,939.0,654.5,1,21308,3
1041,1074647,931.2916870117188,655.3333129882812,3,21309,0
1041,1074648,884.5,697.875,4,21309,1
1041,1074649,985.0,640.0,1,21309,2
1041,1074650,908.778564453125,665.7249755859375,4,21310,0
1041,1074651,884.375,698.75,4,21310,1
1041,1074652,899.4500122070312,671.4500122070312,3,21311,0
1041,1074653,884.1666870117188,698.8333129882812,3,21311,1
1041,1074654,1266.3333740234375,740.0,3,21312,0
1041,1074655,1252.4583740234375,754.8125,4,21312,1
1041,1074656,927.0499877929688,657.9678955078125,4,21313,0
1041,1074657,884.375,698.75,4,21313,1
1041,1074658,985.0,640.0,1,21313,2
1041,1074659,1203.0,677.5,1,21314,0
1041,1074660,1242.98291015625,740.6439819335938,6,21314,1
1041,1074661,1159.0,988.0,1,21314,2
1041,1074662,1203.5,646.0,1,21314,3
1041,1074663,887.25,703.25,4,21315,0
1041,1074664,985.0,640.0,1,21315,1
1041,1074665,975.5833129882812,661.7321166992188,7,21315,2
1041,1074666,1213.675048828125,720.9208374023438,6,21316,0
1041,1074667,1167.0,647.5,2,21316,1
1041,1074668,1203.0,677.5,1,21316,2
1041,1074669,1044.4166259765625,653.5833129882812,2,21317,0
1041,1074670,939.0,654.5,1,21317,1
1041,1074671,1130.5,649.0,1,21317,2
1041,1074672,985.0,640.0,1,21317,3
1041,1074673,886.1666870117188,697.5,3,21317,4
1041,1074674,1123.0208740234375,670.2291870117188,4,21318,0
1041,1074675,1130.5,649.0,1,21318,1
1041,1074676,985.0,640.0,1,21318,2
1041,1074677,883.0,696.6666870117188,3,21318,3
1041,1074678,1177.375,689.75,3,21319,0
1041,1074679,1167.0,647.5,2,21319,1
1041,1074680,1203.0,677.5,1,21319,2
1041,1074681,1325.8958740234375,762.9583129882812,4,21320,0
1041,1074682,1203.5,646.0,1,21320,1
1041,1074683,1161.3427734375,685.7142944335938,5,21321,0
1041,1074684,1167.0,647.5,2,21321,1
1041,1074685,985.0,640.0,1,21321,2
1041,1074686,881.75,695.5,2,21321,3
1041,1074687,1235.0,714.5,2,21321,4
1041,1074688,1321.4166259765625,768.8015747070312,6,21322,0
1041,1074689,1223.5999755859375,704.0999755859375,5,21322,1
1041,1074690,1302.699951171875,760.6143188476562,5,21323,0
1041,1074691,1161.0,663.0,1,21323,1
1041,1074692,1203.5,646.0,1,21323,2
1041,1074693,1226.375,705.875,4,21323,3
1041,1074694,1189.7713623046875,707.5429077148438,5,21324,0
1041,1074695,1130.5,649.0,1,21324,1
1041,1074696,1224.625,706.875,4,21324,2
1041,1074697,1205.0416259765625,713.7916870117188,4,21325,0
1041,1074698,1130.5,649.0,1,21325,1
1041,1074699,1224.625,706.875,4,21325,2
1041,1074700,1325.8958740234375,762.9583129882812,4,21326,0
1041,1074701,1203.5,646.0,1,21326,1
1041,1074702,1312.0927734375,760.9392700195312,4,21327,0
1041,1074703,1161.0,663.0,1,21327,1
1041,1074704,1203.5,646.0,1,21327,2
1041,1074705,1203.0,677.5,1,21327,3
1041,1074706,1317.3427734375,763.2142944335938,5,21328,0
1041,1074707,1161.0,663.0,1,21328,1
1041,1074708,1203.5,646.0,1,21328,2
1041,1074709,1226.375,705.875,4,21328,3
1041,1074710,1341.32861328125,769.9285888671875,5,21329,0
1041,1074711,1225.5,705.25,4,21329,1
1041,1074712,1348.8916015625,768.75,3,21330,0
1041,1074713,1225.75,741.9583129882812,4,21331,0
1041,1074714,1130.5,649.0,1,21331,1
1041,1074715,1230.8333740234375,708.1666870117188,3,21331,2
1041,1074716,1672.5,944.0,1,21332,0
1041,1074717,1159.0,988.0,1,21333,0
1041,1074718,1203.0,677.5,1,21333,1
1061,1074719,915.8333129882812,665.1666870117188,3,21334,0
1061,1074720,868.5,718.5,1,21334,1
1061,1074721,1214.550048828125,674.7999877929688,10,21335,0
1061,1074722,1367.5,848.5,1,21335,1
1061,1074723,1165.5,676.0,1,21335,2
1061,1074724,825.25,690.0,2,21336,0
1061,1074725,868.5,718.5,1,21336,1
1061,1074726,714.5,777.0,1,21337,0
1061,1074727,1334.0,857.6666870117188,3,21338,0
1061,1074728,1211.0,674.5,2,21338,1
1061,1074729,1165.5,676.0,1,21338,2
1061,1074730,927.9000244140625,658.5,5,21339,0
1061,1074731,963.25,649.0,2,21339,1
1061,1074732,988.5,637.0,1,21339,2
1061,1074733,1147.75,663.0,2,21340,0
1061,1074734,1199.75,685.25,10,21340,1
1061,1074735,993.8125,653.4375,8,21341,0
1061,1074736,963.25,649.0,2,21341,1
1061,1074737,988.5,637.0,1,21341,2
1061,1074738,978.9285888671875,650.7857055664062,7,21342,0
1061,1074739,963.25,649.0,2,21342,1
1061,1074740,988.5,637.0,1,21342,2
1061,1074741,825.25,690.0,2,21343,0
1061,1074742,868.5,718.5,1,21343,1
1061,1074743,769.5,718.5,1,21344,0
1061,1074744,868.5,718.5,1,21345,0
1061,1074745,848.0,687.6666870117188,3,21345,1
1061,1074746,963.25,649.0,2,21346,0
1061,1074747,993.8125,653.4375,8,21346,1
1061,1074748,1241.5,666.0,1,21346,2
1061,1074749,988.5,637.0,1,21346,3
1061,1074750,1147.75,663.0,2,21347,0
1061,1074751,1212.2083740234375,685.4583129882812,12,21347,1
1061,1074752,1812.5,1007.5,1,21347,2
1061,1074753,1367.5,848.5,1,21347,3
1061,1074754,927.9000244140625,658.5,5,21348,0
1061,1074755,963.25,649.0,2,21348,1
1061,1074756,988.5,637.0,1,21348,2
1061,1074757,963.25,649.0,2,21349,0
1061,1074758,978.9285888671875,650.7857055664062,7,21349,1
1061,1074759,988.5,637.0,1,21349,2
1061,1074760,1051.125,654.5,4,21350,0
1061,1074761,988.5,637.0,1,21350,1
1061,1074762,946.0,648.5,2,21350,2
1061,1074763,963.25,649.0,2,21350,3
1061,1074764,1208.4285888671875,667.8571166992188,7,21351,0
1061,1074765,1193.5,702.6666870117188,3,21351,1
1061,1074766,1147.75,663.0,2,21351,2
1061,1074767,988.5,637.0,1,21352,0
1061,1074768,993.8125,653.4375,8,21352,1
1061,1074769,963.25,649.0,2,21352,2
1061,1074770,1228.607177734375,707.2142944335938,14,21353,0
1061,1074771,1165.5,676.0,1,21353,1
1061,1074772,1227.2142333984375,710.7142944335938,14,21354,0
1061,1074773,1147.75,663.0,2,21354,1
1061,1074774,1051.125,654.5,4,21355,0
1061,1074775,946.0,648.5,2,21355,1
1061,1074776,963.25,649.0,2,21355,2
1061,1074777,988.5,637.0,1,21355,3
1061,1074778,1051.125,654.5,4,21356,0
1061,1074779,946.0,648.5,2,21356,1
1061,1074780,963.25,649.0,2,21356,2
1061,1074781,988.5,637.0,1,21356,3
1061,1074782,1205.54541015625,683.8636474609375,11,21357,0
1061,1074783,1147.75,663.0,2,21357,1
1061,1074784,1230.8846435546875,708.6153564453125,13,21358,0
1061,1074785,1147.75,663.0,2,21358,1
1061,1074786,1205.54541015625,683.8636474609375,11,21359,0
1061,1074787,1348.0,897.5,1,21359,1
1061,1074788,1147.75,663.0,2,21359,2
1061,1074789,1215.1817626953125,680.6818237304688,11,21360,0
1061,1074790,1165.5,676.0,1,21360,1
1061,1074791,1194.625,668.375,8,21361,0
1061,1074792,1175.199951171875,686.7999877929688,5,21361,1
1061,1074793,961.5,661.0,1,21361,2
1061,1074794,1051.125,654.5,4,21362,0
1061,1074795,1241.5,666.0,1,21362,1
1061,1074796,1130.0,650.0,1,21362,2
1061,1074797,961.5,661.0,1,21362,3
1061,1074798,950.5,652.0,1,21362,4
1061,1074799,988.5,637.0,1,21362,5
1061,1074800,1227.125,705.75,8,21363,0
1061,1074801,1147.75,663.0,2,21363,1
1061,1074802,1200.5,711.875,4,21364,0
1061,1074803,1147.75,663.0,2,21364,1
1061,1074804,1209.125,667.125,4,21364,2
1061,1074805,1210.5555419921875,693.611083984375,9,21365,0
1061,1074806,1348.0,897.5,1,21365,1
1061,1074807,1147.75,663.0,2,21365,2
1061,1074808,1334.0,857.6666870117188,3,21366,0
1061,1074809,1220.375,684.375,4,21366,1
1061,1074810,1253.357177734375,758.9285888671875,7,21367,0
1061,1074811,1812.5,1007.5,1,21368,0
1061,1074812,1165.5,676.0,1,21368,1
1071,1074719,915.8333129882812,665.1666870117188,3,21334,0
1071,1074720,868.5,718.5,1,21334,1
1071,1074721,1214.550048828125,674.7999877929688,10,21335,0
1071,1074722,1367.5,848.5,1,21335,1
1071,1074723,1165.5,676.0,1,21335,2
1071,1074724,825.25,690.0,2,21336,0
1071,1074725,868.5,718.5,1,21336,1
1071,1074726,714.5,777.0,1,21337,0
1071,1074727,1334.0,857.6666870117188,3,21338,0
1071,1074728,1211.0,674.5,2,21338,1
1071,1074729,1165.5,676.0,1,21338,2
1071,1074730,927.9000244140625,658.5,5,21339,0
1071,1074731,963.25,649.0,2,21339,1
1071,1074732,988.5,637.0,1,21339,2
1071,1074733,1147.75,663.0,2,21340,0
1071,1074734,1199.75,685.25,10,21340,1
1071,1074735,993.8125,653.4375,8,21341,0
1071,1074736,963.25,649.0,2,21341,1
1071,1074737,988.5,637.0,1,21341,2
1071,1074738,978.9285888671875,650.7857055664062,7,21342,0
1071,1074739,963.25,649.0,2,21342,1
1071,1074740,988.5,637.0,1,21342,2
1071,1074741,825.25,690.0,2,21343,0
1071,1074742,868.5,718.5,1,21343,1
1071,1074743,769.5,718.5,1,21344,0
1071,1074744,868.5,718.5,1,21345,0
1071,1074745,848.0,687.6666870117188,3,21345,1
1071,1074746,963.25,649.0,2,21346,0
1071,1074747,993.8125,653.4375,8,21346,1
1071,1074748,1241.5,666.0,1,21346,2
1071,1074749,988.5,637.0,1,21346,3
1071,1074750,1147.75,663.0,2,21347,0
1071,1074751,1212.2083740234375,685.4583129882812,12,21347,1
1071,1074752,1812.5,1007.5,1,21347,2
1071,1074753,1367.5,848.5,1,21347,3
1071,1074754,927.9000244140625,658.5,5,21348,0
1071,1074755,963.25,649.0,2,21348,1
1071,1074756,988.5,637.0,1,21348,2
1071,1074757,963.25,649.0,2,21349,0
1071,1074758,978.9285888671875,650.7857055664062,7,21349,1
1071,1074759,988.5,637.0,1,21349,2
1071,1074760,1051.125,654.5,4,21350,0
1071,1074761,988.5,637.0,1,21350,1
1071,1074762,946.0,648.5,2,21350,2
1071,1074763,963.25,649.0,2,21350,3
1071,1074764,1208.4285888671875,667.8571166992188,7,21351,0
1071,1074765,1193.5,702.6666870117188,3,21351,1
1071,1074766,1147.75,663.0,2,21351,2
1071,1074767,988.5,637.0,1,21352,0
1071,1074768,993.8125,653.4375,8,21352,1
1071,1074769,963.25,649.0,2,21352,2
1071,1074770,1228.607177734375,707.2142944335938,14,21353,0
1071,1074771,1165.5,676.0,1,21353,1
1071,1074772,1227.2142333984375,710.7142944335938,14,21354,0
1071,1074773,1147.75,663.0,2,21354,1
1071,1074774,1051.125,654.5,4,21355,0
1071,1074775,946.0,648.5,2,21355,1
1071,1074776,963.25,649.0,2,21355,2
1071,1074777,988.5,637.0,1,21355,3
1071,1074778,1051.125,654.5,4,21356,0
1071,1074779,946.0,648.5,2,21356,1
1071,1074780,963.25,649.0,2,21356,2
1071,1074781,988.5,637.0,1,21356,3
1071,1074782,1205.54541015625,683.8636474609375,11,21357,0
1071,1074783,1147.75,663.0,2,21357,1
1071,1074784,1230.8846435546875,708.6153564453125,13,21358,0
1071,1074785,1147.75,663.0,2,21358,1
1071,1074786,1205.54541015625,683.8636474609375,11,21359,0
1071,1074787,1348.0,897.5,1,21359,1
1071,1074788,1147.75,663.0,2,21359,2
1071,1074789,1215.1817626953125,680.6818237304688,11,21360,0
1071,1074790,1165.5,676.0,1,21360,1
1071,1074791,1194.625,668.375,8,21361,0
1071,1074792,1175.199951171875,686.7999877929688,5,21361,1
1071,1074793,961.5,661.0,1,21361,2
1071,1074794,1051.125,654.5,4,21362,0
1071,1074795,1241.5,666.0,1,21362,1
1071,1074796,1130.0,650.0,1,21362,2
1071,1074797,961.5,661.0,1,21362,3
1071,1074798,950.5,652.0,1,21362,4
1071,1074799,988.5,637.0,1,21362,5
1071,1074800,1227.125,705.75,8,21363,0
1071,1074801,1147.75,663.0,2,21363,1
1071,1074802,1200.5,711.875,4,21364,0
1071,1074803,1147.75,663.0,2,21364,1
1071,1074804,1209.125,667.125,4,21364,2
1071,1074805,1210.5555419921875,693.611083984375,9,21365,0
1071,1074806,1348.0,897.5,1,21365,1
1071,1074807,1147.75,663.0,2,21365,2
1071,1074808,1334.0,857.6666870117188,3,21366,0
1071,1074809,1220.375,684.375,4,21366,1
1071,1074810,1253.357177734375,758.9285888671875,7,21367,0
1071,1074811,1812.5,1007.5,1,21368,0
1071,1074812,1165.5,676.0,1,21368,1
1081,1074719,915.8333129882812,665.1666870117188,3,21334,0
1081,1074720,868.5,718.5,1,21334,1
1081,1074721,1214.550048828125,674.7999877929688,10,21335,0
1081,1074722,1367.5,848.5,1,21335,1
1081,1074723,1165.5,676.0,1,21335,2
1081,1074724,825.25,690.0,2,21336,0
1081,1074725,868.5,718.5,1,21336,1
1081,1074726,714.5,777.0,1,21337,0
1081,1074727,1334.0,857.6666870117188,3,21338,0
1081,1074728,1211.0,674.5,2,21338,1
1081,1074729,1165.5,676.0,1,21338,2
1081,1074730,927.9000244140625,658.5,5,21339,0
1081,1074731,963.25,649.0,2,21339,1
1081,1074732,988.5,637.0,1,21339,2
1081,1074733,1147.75,663.0,2,21340,0
1081,1074734,1199.75,685.25,10,21340,1
1081,1074735,993.8125,653.4375,8,21341,0
1081,1074736,963.25,649.0,2,21341,1
1081,1074737,988.5,637.0,1,21341,2
1081,1074738,978.9285888671875,650.7857055664062,7,21342,0
1081,1074739,963.25,649.0,2,21342,1
1081,1074740,988.5,637.0,1,21342,2
1081,1074741,825.25,690.0,2,21343,0
1081,1074742,868.5,718.5,1,21343,1
1081,1074743,769.5,718.5,1,21344,0
1081,1074744,868.5,718.5,1,21345,0
1081,1074745,848.0,687.6666870117188,3,21345,1
1081,1074746,963.25,649.0,2,21346,0
1081,1074747,993.8125,653.4375,8,21346,1
1081,1074748,1241.5,666.0,1,21346,2
1081,1074749,988.5,637.0,1,21346,3
1081,1074750,1147.75,663.0,2,21347,0
1081,1074751,1212.2083740234375,685.4583129882812,12,21347,1
1081,1074752,1812.5,1007.5,1,21347,2
1081,1074753,1367.5,848.5,1,21347,3
1081,1074754,927.9000244140625,658.5,5,21348,0
1081,1074755,963.25,649.0,2,21348,1
1081,1074756,988.5,637.0,1,21348,2
1081,1074757,963.25,649.0,2,21349,0
1081,1074758,978.9285888671875,650.7857055664062,7,21349,1
1081,1074759,988.5,637.0,1,21349,2
1081,1074760,1051.125,654.5,4,21350,0
1081,1074761,988.5,637.0,1,21350,1
1081,1074762,946.0,648.5,2,21350,2
1081,1074763,963.25,649.0,2,21350,3
1081,1074764,1208.4285888671875,667.8571166992188,7,21351,0
1081,1074765,1193.5,702.6666870117188,3,21351,1
1081,1074766,1147.75,663.0,2,21351,2
1081,1074767,988.5,637.0,1,21352,0
1081,1074768,993.8125,653.4375,8,21352,1
1081,1074769,963.25,649.0,2,21352,2
1081,1074770,1228.607177734375,707.2142944335938,14,21353,0
1081,1074771,1165.5,676.0,1,21353,1
1081,1074772,1227.2142333984375,710.7142944335938,14,21354,0
1081,1074773,1147.75,663.0,2,21354,1
1081,1074774,1051.125,654.5,4,21355,0
1081,1074775,946.0,648.5,2,21355,1
1081,1074776,963.25,649.0,2,21355,2
1081,1074777,988.5,637.0,1,21355,3
1081,1074778,1051.125,654.5,4,21356,0
1081,1074779,946.0,648.5,2,21356,1
1081,1074780,963.25,649.0,2,21356,2
1081,1074781,988.5,637.0,1,21356,3
1081,1074782,1205.54541015625,683.8636474609375,11,21357,0
1081,1074783,1147.75,663.0,2,21357,1
1081,1074784,1230.8846435546875,708.6153564453125,13,21358,0
1081,1074785,1147.75,663.0,2,21358,1
1081,1074786,1205.54541015625,683.8636474609375,11,21359,0
1081,1074787,1348.0,897.5,1,21359,1
1081,1074788,1147.75,663.0,2,21359,2
1081,1074789,1215.1817626953125,680.6818237304688,11,21360,0
1081,1074790,1165.5,676.0,1,21360,1
1081,1074791,1194.625,668.375,8,21361,0
1081,1074792,1175.199951171875,686.7999877929688,5,21361,1
1081,1074793,961.5,661.0,1,21361,2
1081,1074794,1051.125,654.5,4,21362,0
1081,1074795,1241.5,666.0,1,21362,1
1081,1074796,1130.0,650.0,1,21362,2
1081,1074797,961.5,661.0,1,21362,3
1081,1074798,950.5,652.0,1,21362,4
1081,1074799,988.5,637.0,1,21362,5
1081,1074800,1227.125,705.75,8,21363,0
1081,1074801,1147.75,663.0,2,21363,1
1081,1074802,1200.5,711.875,4,21364,0
1081,1074803,1147.75,663.0,2,21364,1
1081,1074804,1209.125,667.125,4,21364,2
1081,1074805,1210.5555419921875,693.611083984375,9,21365,0
1081,1074806,1348.0,897.5,1,21365,1
1081,1074807,1147.75,663.0,2,21365,2
1081,1074808,1334.0,857.6666870117188,3,21366,0
1081,1074809,1220.375,684.375,4,21366,1
1081,1074810,1253.357177734375,758.9285888671875,7,21367,0
1081,1074811,1812.5,1007.5,1,21368,0
1081,1074812,1165.5,676.0,1,21368,1
1091,1074719,915.8333129882812,665.1666870117188,3,21334,0
1091,1074720,868.5,718.5,1,21334,1
1091,1074721,1214.550048828125,674.7999877929688,10,21335,0
1091,1074722,1367.5,848.5,1,21335,1
1091,1074723,1165.5,676.0,1,21335,2
1091,1074724,825.25,690.0,2,21336,0
1091,1074725,868.5,718.5,1,21336,1
1091,1074726,714.5,777.0,1,21337,0
1091,1074727,1334.0,857.6666870117188,3,21338,0
1091,1074728,1211.0,674.5,2,21338,1
1091,1074729,1165.5,676.0,1,21338,2
1091,1074730,927.9000244140625,658.5,5,21339,0
1091,1074731,963.25,649.0,2,21339,1
1091,1074732,988.5,637.0,1,21339,2
1091,1074733,1147.75,663.0,2,21340,0
1091,1074734,1199.75,685.25,10,21340,1
1091,1074735,993.8125,653.4375,8,21341,0
1091,1074736,963.25,649.0,2,21341,1
1091,1074737,988.5,637.0,1,21341,2
1091,1074738,978.9285888671875,650.7857055664062,7,21342,0
1091,1074739,963.25,649.0,2,21342,1
1091,1074740,988.5,637.0,1,21342,2
1091,1074741,825.25,690.0,2,21343,0
1091,1074742,868.5,718.5,1,21343,1
1091,1074743,769.5,718.5,1,21344,0
1091,1074744,868.5,718.5,1,21345,0
1091,1074745,848.0,687.6666870117188,3,21345,1
1091,1074746,963.25,649.0,2,21346,0
1091,1074747,993.8125,653.4375,8,21346,1
1091,1074748,1241.5,666.0,1,21346,2
1091,1074749,988.5,637.0,1,21346,3
1091,1074750,1147.75,663.0,2,21347,0
1091,1074751,1212.2083740234375,685.4583129882812,12,21347,1
1091,1074752,1812.5,1007.5,1,21347,2
1091,1074753,1367.5,848.5,1,21347,3
1091,1074754,927.9000244140625,658.5,5,21348,0
1091,1074755,963.25,649.0,2,21348,1
1091,1074756,988.5,637.0,1,21348,2
1091,1074757,963.25,649.0,2,21349,0
1091,1074758,978.9285888671875,650.7857055664062,7,21349,1
1091,1074759,988.5,637.0,1,21349,2
1091,1074760,1051.125,654.5,4,21350,0
1091,1074761,988.5,637.0,1,21350,1
1091,1074762,946.0,648.5,2,21350,2
1091,1074763,963.25,649.0,2,21350,3
1091,1074764,1208.4285888671875,667.8571166992188,7,21351,0
1091,1074765,1193.5,702.6666870117188,3,21351,1
1091,1074766,1147.75,663.0,2,21351,2
1091,1074767,988.5,637.0,1,21352,0
1091,1074768,993.8125,653.4375,8,21352,1
1091,1074769,963.25,649.0,2,21352,2
1091,1074770,1228.607177734375,707.2142944335938,14,21353,0
1091,1074771,1165.5,676.0,1,21353,1
1091,1074772,1227.2142333984375,710.7142944335938,14,21354,0
1091,1074773,1147.75,663.0,2,21354,1
1091,1074774,1051.125,654.5,4,21355,0
1091,1074775,946.0,648.5,2,21355,1
1091,1074776,963.25,649.0,2,21355,2
1091,1074777,988.5,637.0,1,21355,3
1091,1074778,1051.125,654.5,4,21356,0
1091,1074779,946.0,648.5,2,21356,1
1091,1074780,963.25,649.0,2,21356,2
1091,1074781,988.5,637.0,1,21356,3
1091,1074782,1205.54541015625,683.8636474609375,11,21357,0
1091,1074783,1147.75,663.0,2,21357,1
1091,1074784,1230.8846435546875,708.6153564453125,13,21358,0
1091,1074785,1147.75,663.0,2,21358,1
1091,1074786,1205.54541015625,683.8636474609375,11,21359,0
1091,1074787,1348.0,897.5,1,21359,1
1091,1074788,1147.75,663.0,2,21359,2
1091,1074789,1215.1817626953125,680.6818237304688,11,21360,0
1091,1074790,1165.5,676.0,1,21360,1
1091,1074791,1194.625,668.375,8,21361,0
1091,1074792,1175.199951171875,686.7999877929688,5,21361,1
1091,1074793,961.5,661.0,1,21361,2
1091,1074794,1051.125,654.5,4,21362,0
1091,1074795,1241.5,666.0,1,21362,1
1091,1074796,1130.0,650.0,1,21362,2
1091,1074797,961.5,661.0,1,21362,3
1091,1074798,950.5,652.0,1,21362,4
1091,1074799,988.5,637.0,1,21362,5
1091,1074800,1227.125,705.75,8,21363,0
1091,1074801,1147.75,663.0,2,21363,1
1091,1074802,1200.5,711.875,4,21364,0
1091,1074803,1147.75,663.0,2,21364,1
1091,1074804,1209.125,667.125,4,21364,2
1091,1074805,1210.5555419921875,693.611083984375,9,21365,0
1091,1074806,1348.0,897.5,1,21365,1
1091,1074807,1147.75,663.0,2,21365,2
1091,1074808,1334.0,857.6666870117188,3,21366,0
1091,1074809,1220.375,684.375,4,21366,1
1091,1074810,1253.357177734375,758.9285888671875,7,21367,0
1091,1074811,1812.5,1007.5,1,21368,0
1091,1074812,1165.5,676.0,1,21368,1
1101,1074719,915.8333129882812,665.1666870117188,3,21334,0
1101,1074720,868.5,718.5,1,21334,1
1101,1074721,1214.550048828125,674.7999877929688,10,21335,0
1101,1074722,1367.5,848.5,1,21335,1
1101,1074723,1165.5,676.0,1,21335,2
1101,1074724,825.25,690.0,2,21336,0
1101,1074725,868.5,718.5,1,21336,1
1101,1074726,714.5,777.0,1,21337,0
1101,1074727,1334.0,857.6666870117188,3,21338,0
1101,1074728,1211.0,674.5,2,21338,1
1101,1074729,1165.5,676.0,1,21338,2
1101,1074730,927.9000244140625,658.5,5,21339,0
1101,1074731,963.25,649.0,2,21339,1
1101,1074732,988.5,637.0,1,21339,2
1101,1074733,1147.75,663.0,2,21340,0
1101,1074734,1199.75,685.25,10,21340,1
1101,1074735,993.8125,653.4375,8,21341,0
1101,1074736,963.25,649.0,2,21341,1
1101,1074737,988.5,637.0,1,21341,2
1101,1074738,978.9285888671875,650.7857055664062,7,21342,0
1101,1074739,963.25,649.0,2,21342,1
1101,1074740,988.5,637.0,1,21342,2
1101,1074741,825.25,690.0,2,21343,0
1101,1074742,868.5,718.5,1,21343,1
1101,1074743,769.5,718.5,1,21344,0
1101,1074744,868.5,718.5,1,21345,0
1101,1074745,848.0,687.6666870117188,3,21345,1
1101,1074746,963.25,649.0,2,21346,0
1101,1074747,993.8125,653.4375,8,21346,1
1101,1074748,1241.5,666.0,1,21346,2
1101,1074749,988.5,637.0,1,21346,3
1101,1074750,1147.75,663.0,2,21347,0
1101,1074751,1212.2083740234375,685.4583129882812,12,21347,1
1101,1074752,1812.5,1007.5,1,21347,2
1101,1074753,1367.5,848.5,1,21347,3
1101,1074754,927.9000244140625,658.5,5,21348,0
1101,1074755,963.25,649.0,2,21348,1
1101,1074756,988.5,637.0,1,21348,2
1101,1074757,963.25,649.0,2,21349,0
1101,1074758,978.9285888671875,650.7857055664062,7,21349,1
1101,1074759,988.5,637.0,1,21349,2
1101,1074760,1051.125,654.5,4,21350,0
1101,1074761,988.5,637.0,1,21350,1
1101,1074762,946.0,648.5,2,21350,2
1101,1074763,963.25,649.0,2,21350,3
1101,1074764,1208.4285888671875,667.8571166992188,7,21351,0
1101,1074765,1193.5,702.6666870117188,3,21351,1
1101,1074766,1147.75,663.0,2,21351,2
1101,1074767,988.5,637.0,1,21352,0
1101,1074768,993.8125,653.4375,8,21352,1
1101,1074769,963.25,649.0,2,21352,2
1101,1074770,1228.607177734375,707.2142944335938,14,21353,0
1101,1074771,1165.5,676.0,1,21353,1
1101,1074772,1227.2142333984375,710.7142944335938,14,21354,0
1101,1074773,1147.75,663.0,2,21354,1
1101,1074774,1051.125,654.5,4,21355,0
1101,1074775,946.0,648.5,2,21355,1
1101,1074776,963.25,649.0,2,21355,2
1101,1074777,988.5,637.0,1,21355,3
1101,1074778,1051.125,654.5,4,21356,0
1101,1074779,946.0,648.5,2,21356,1
1101,1074780,963.25,649.0,2,21356,2
1101,1074781,988.5,637.0,1,21356,3
1101,1074782,1205.54541015625,683.8636474609375,11,21357,0
1101,1074783,1147.75,663.0,2,21357,1
1101,1074784,1230.8846435546875,708.6153564453125,13,21358,0
1101,1074785,1147.75,663.0,2,21358,1
1101,1074786,1205.54541015625,683.8636474609375,11,21359,0
1101,1074787,1348.0,897.5,1,21359,1
1101,1074788,1147.75,663.0,2,21359,2
1101,1074789,1215.1817626953125,680.6818237304688,11,21360,0
1101,1074790,1165.5,676.0,1,21360,1
1101,1074791,1194.625,668.375,8,21361,0
1101,1074792,1175.199951171875,686.7999877929688,5,21361,1
1101,1074793,961.5,661.0,1,21361,2
1101,1074794,1051.125,654.5,4,21362,0
1101,1074795,1241.5,666.0,1,21362,1
1101,1074796,1130.0,650.0,1,21362,2
1101,1074797,961.5,661.0,1,21362,3
1101,1074798,950.5,652.0,1,21362,4
1101,1074799,988.5,637.0,1,21362,5
1101,1074800,1227.125,705.75,8,21363,0
1101,1074801,1147.75,663.0,2,21363,1
1101,1074802,1200.5,711.875,4,21364,0
1101,1074803,1147.75,663.0,2,21364,1
1101,1074804,1209.125,667.125,4,21364,2
1101,1074805,1210.5555419921875,693.611083984375,9,21365,0
1101,1074806,1348.0,897.5,1,21365,1
1101,1074807,1147.75,663.0,2,21365,2
1101,1074808,1334.0,857.6666870117188,3,21366,0
1101,1074809,1220.375,684.375,4,21366,1
1101,1074810,1253.357177734375,758.9285888671875,7,21367,0
1101,1074811,1812.5,1007.5,1,21368,0
1101,1074812,1165.5,676.0,1,21368,1
1111,1074719,915.8333129882812,665.1666870117188,3,21334,0
1111,1074720,868.5,718.5,1,21334,1
1111,1074721,1214.550048828125,674.7999877929688,10,21335,0
1111,1074722,1367.5,848.5,1,21335,1
1111,1074723,1165.5,676.0,1,21335,2
1111,1074724,825.25,690.0,2,21336,0
1111,1074725,868.5,718.5,1,21336,1
1111,1074726,714.5,777.0,1,21337,0
1111,1074727,1334.0,857.6666870117188,3,21338,0
1111,1074728,1211.0,674.5,2,21338,1
1111,1074729,1165.5,676.0,1,21338,2
1111,1074730,927.9000244140625,658.5,5,21339,0
1111,1074731,963.25,649.0,2,21339,1
1111,1074732,988.5,637.0,1,21339,2
1111,1074733,1147.75,663.0,2,21340,0
1111,1074734,1199.75,685.25,10,21340,1
1111,1074735,993.8125,653.4375,8,21341,0
1111,1074736,963.25,649.0,2,21341,1
1111,1074737,988.5,637.0,1,21341,2
1111,1074738,978.9285888671875,650.7857055664062,7,21342,0
1111,1074739,963.25,649.0,2,21342,1
1111,1074740,988.5,637.0,1,21342,2
1111,1074741,825.25,690.0,2,21343,0
1111,1074742,868.5,718.5,1,21343,1
1111,1074743,769.5,718.5,1,21344,0
1111,1074744,868.5,718.5,1,21345,0
1111,1074745,848.0,687.6666870117188,3,21345,1
1111,1074746,963.25,649.0,2,21346,0
1111,1074747,993.8125,653.4375,8,21346,1
1111,1074748,1241.5,666.0,1,21346,2
1111,1074749,988.5,637.0,1,21346,3
1111,1074750,1147.75,663.0,2,21347,0
1111,1074751,1212.2083740234375,685.4583129882812,12,21347,1
1111,1074752,1812.5,1007.5,1,21347,2
1111,1074753,1367.5,848.5,1,21347,3
1111,1074754,927.9000244140625,658.5,5,21348,0
1111,1074755,963.25,649.0,2,21348,1
1111,1074756,988.5,637.0,1,21348,2
1111,1074757,963.25,649.0,2,21349,0
1111,1074758,978.9285888671875,650.7857055664062,7,21349,1
1111,1074759,988.5,637.0,1,21349,2
1111,1074760,1051.125,654.5,4,21350,0
1111,1074761,988.5,637.0,1,21350,1
1111,1074762,946.0,648.5,2,21350,2
1111,1074763,963.25,649.0,2,21350,3
1111,1074764,1208.4285888671875,667.8571166992188,7,21351,0
1111,1074765,1193.5,702.6666870117188,3,21351,1
1111,1074766,1147.75,663.0,2,21351,2
1111,1074767,988.5,637.0,1,21352,0
1111,1074768,993.8125,653.4375,8,21352,1
1111,1074769,963.25,649.0,2,21352,2
1111,1074770,1228.607177734375,707.2142944335938,14,21353,0
1111,1074771,1165.5,676.0,1,21353,1
1111,1074772,1227.2142333984375,710.7142944335938,14,21354,0
1111,1074773,1147.75,663.0,2,21354,1
1111,1074774,1051.125,654.5,4,21355,0
1111,1074775,946.0,648.5,2,21355,1
1111,1074776,963.25,649.0,2,21355,2
1111,1074777,988.5,637.0,1,21355,3
1111,1074778,1051.125,654.5,4,21356,0
1111,1074779,946.0,648.5,2,21356,1
1111,1074780,963.25,649.0,2,21356,2
1111,1074781,988.5,637.0,1,21356,3
1111,1074782,1205.54541015625,683.8636474609375,11,21357,0
1111,1074783,1147.75,663.0,2,21357,1
1111,1074784,1230.8846435546875,708.6153564453125,13,21358,0
1111,1074785,1147.75,663.0,2,21358,1
1111,1074786,1205.54541015625,683.8636474609375,11,21359,0
1111,1074787,1348.0,897.5,1,21359,1
1111,1074788,1147.75,663.0,2,21359,2
1111,1074789,1215.1817626953125,680.6818237304688,11,21360,0
1111,1074790,1165.5,676.0,1,21360,1
1111,1074791,1194.625,668.375,8,21361,0
1111,1074792,1175.199951171875,686.7999877929688,5,21361,1
1111,1074793,961.5,661.0,1,21361,2
1111,1074794,1051.125,654.5,4,21362,0
1111,1074795,1241.5,666.0,1,21362,1
1111,1074796,1130.0,650.0,1,21362,2
1111,1074797,961.5,661.0,1,21362,3
1111,1074798,950.5,652.0,1,21362,4
1111,1074799,988.5,637.0,1,21362,5
1111,1074800,1227.125,705.75,8,21363,0
1111,1074801,1147.75,663.0,2,21363,1
1111,1074802,1200.5,711.875,4,21364,0
1111,1074803,1147.75,663.0,2,21364,1
1111,1074804,1209.125,667.125,4,21364,2
1111,1074805,1210.5555419921875,693.611083984375,9,21365,0
1111,1074806,1348.0,897.5,1,21365,1
1111,1074807,1147.75,663.0,2,21365,2
1111,1074808,1334.0,857.6666870117188,3,21366,0
1111,1074809,1220.375,684.375,4,21366,1
1111,1074810,1253.357177734375,758.9285888671875,7,21367,0
1111,1074811,1812.5,1007.5,1,21368,0
1111,1074812,1165.5,676.0,1,21368,1
1121,1074719,915.8333129882812,665.1666870117188,3,21334,0
1121,1074720,868.5,718.5,1,21334,1
1121,1074721,1214.550048828125,674.7999877929688,10,21335,0
1121,1074722,1367.5,848.5,1,21335,1
1121,1074723,1165.5,676.0,1,21335,2
1121,1074724,825.25,690.0,2,21336,0
1121,1074725,868.5,718.5,1,21336,1
1121,1074726,714.5,777.0,1,21337,0
1121,1074727,1334.0,857.6666870117188,3,21338,0
1121,1074728,1211.0,674.5,2,21338,1
1121,1074729,1165.5,676.0,1,21338,2
1121,1074730,927.9000244140625,658.5,5,21339,0
1121,1074731,963.25,649.0,2,21339,1
1121,1074732,988.5,637.0,1,21339,2
1121,1074733,1147.75,663.0,2,21340,0
1121,1074734,1199.75,685.25,10,21340,1
1121,1074735,993.8125,653.4375,8,21341,0
1121,1074736,963.25,649.0,2,21341,1
1121,1074737,988.5,637.0,1,21341,2
1121,1074738,978.9285888671875,650.7857055664062,7,21342,0
1121,1074739,963.25,649.0,2,21342,1
1121,1074740,988.5,637.0,1,21342,2
1121,1074741,825.25,690.0,2,21343,0
1121,1074742,868.5,718.5,1,21343,1
1121,1074743,769.5,718.5,1,21344,0
1121,1074744,868.5,718.5,1,21345,0
1121,1074745,848.0,687.6666870117188,3,21345,1
1121,1074746,963.25,649.0,2,21346,0
1121,1074747,993.8125,653.4375,8,21346,1
1121,1074748,1241.5,666.0,1,21346,2
1121,1074749,988.5,637.0,1,21346,3
1121,1074750,1147.75,663.0,2,21347,0
1121,1074751,1212.2083740234375,685.4583129882812,12,21347,1
1121,1074752,1812.5,1007.5,1,21347,2
1121,1074753,1367.5,848.5,1,21347,3
1121,1074754,927.9000244140625,658.5,5,21348,0
1121,1074755,963.25,649.0,2,21348,1
1121,1074756,988.5,637.0,1,21348,2
1121,1074757,963.25,649.0,2,21349,0
1121,1074758,978.9285888671875,650.7857055664062,7,21349,1
1121,1074759,988.5,637.0,1,21349,2
1121,1074760,1051.125,654.5,4,21350,0
1121,1074761,988.5,637.0,1,21350,1
1121,1074762,946.0,648.5,2,21350,2
1121,1074763,963.25,649.0,2,21350,3
1121,1074764,1208.4285888671875,667.8571166992188,7,21351,0
1121,1074765,1193.5,702.6666870117188,3,21351,1
1121,1074766,1147.75,663.0,2,21351,2
1121,1074767,988.5,637.0,1,21352,0
1121,1074768,993.8125,653.4375,8,21352,1
1121,1074769,963.25,649.0,2,21352,2
1121,1074770,1228.607177734375,707.2142944335938,14,21353,0
1121,1074771,1165.5,676.0,1,21353,1
1121,1074772,1227.2142333984375,710.7142944335938,14,21354,0
1121,1074773,1147.75,663.0,2,21354,1
1121,1074774,1051.125,654.5,4,21355,0
1121,1074775,946.0,648.5,2,21355,1
1121,1074776,963.25,649.0,2,21355,2
1121,1074777,988.5,637.0,1,21355,3
1121,1074778,1051.125,654.5,4,21356,0
1121,1074779,946.0,648.5,2,21356,1
1121,1074780,963.25,649.0,2,21356,2
1121,1074781,988.5,637.0,1,21356,3
1121,1074782,1205.54541015625,683.8636474609375,11,21357,0
1121,1074783,1147.75,663.0,2,21357,1
1121,1074784,1230.8846435546875,708.6153564453125,13,21358,0
1121,1074785,1147.75,663.0,2,21358,1
1121,1074786,1205.54541015625,683.8636474609375,11,21359,0
1121,1074787,1348.0,897.5,1,21359,1
1121,1074788,1147.75,663.0,2,21359,2
1121,1074789,1215.1817626953125,680.6818237304688,11,21360,0
1121,1074790,1165.5,676.0,1,21360,1
1121,1074791,1194.625,668.375,8,21361,0
1121,1074792,1175.199951171875,686.7999877929688,5,21361,1
1121,1074793,961.5,661.0,1,21361,2
1121,1074794,1051.125,654.5,4,21362,0
1121,1074795,1241.5,666.0,1,21362,1
1121,1074796,1130.0,650.0,1,21362,2
1121,1074797,961.5,661.0,1,21362,3
1121,1074798,950.5,652.0,1,21362,4
1121,1074799,988.5,637.0,1,21362,5
1121,1074800,1227.125,705.75,8,21363,0
1121,1074801,1147.75,663.0,2,21363,1
1121,1074802,1200.5,711.875,4,21364,0
1121,1074803,1147.75,663.0,2,21364,1
1121,1074804,1209.125,667.125,4,21364,2
1121,1074805,1210.5555419921875,693.611083984375,9,21365,0
1121,1074806,1348.0,897.5,1,21365,1
1121,1074807,1147.75,663.0,2,21365,2
1121,1074808,1334.0,857.6666870117188,3,21366,0
1121,1074809,1220.375,684.375,4,21366,1
1121,1074810,1253.357177734375,758.9285888671875,7,21367,0
1121,1074811,1812.5,1007.5,1,21368,0
1121,1074812,1165.5,676.0,1,21368,1
1131,1074719,915.8333129882812,665.1666870117188,3,21334,0
1131,1074720,868.5,718.5,1,21334,1
1131,1074721,1214.550048828125,674.7999877929688,10,21335,0
1131,1074722,1367.5,848.5,1,21335,1
1131,1074723,1165.5,676.0,1,21335,2
1131,1074724,825.25,690.0,2,21336,0
1131,1074725,868.5,718.5,1,21336,1
1131,1074726,714.5,777.0,1,21337,0
1131,1074727,1334.0,857.6666870117188,3,21338,0
1131,1074728,1211.0,674.5,2,21338,1
1131,1074729,1165.5,676.0,1,21338,2
1131,1074730,927.9000244140625,658.5,5,21339,0
1131,1074731,963.25,649.0,2,21339,1
1131,1074732,988.5,637.0,1,21339,2
1131,1074733,1147.75,663.0,2,21340,0
1131,1074734,1199.75,685.25,10,21340,1
1131,1074735,993.8125,653.4375,8,21341,0
1131,1074736,963.25,649.0,2,21341,1
1131,1074737,988.5,637.0,1,21341,2
1131,1074738,978.9285888671875,650.7857055664062,7,21342,0
1131,1074739,963.25,649.0,2,21342,1
1131,1074740,988.5,637.0,1,21342,2
1131,1074741,825.25,690.0,2,21343,0
1131,1074742,868.5,718.5,1,21343,1
1131,1074743,769.5,718.5,1,21344,0
1131,1074744,868.5,718.5,1,21345,0
1131,1074745,848.0,687.6666870117188,3,21345,1
1131,1074746,963.25,649.0,2,21346,0
1131,1074747,993.8125,653.4375,8,21346,1
1131,1074748,1241.5,666.0,1,21346,2
1131,1074749,988.5,637.0,1,21346,3
1131,1074750,1147.75,663.0,2,21347,0
1131,1074751,1212.2083740234375,685.4583129882812,12,21347,1
1131,1074752,1812.5,1007.5,1,21347,2
1131,1074753,1367.5,848.5,1,21347,3
1131,1074754,927.9000244140625,658.5,5,21348,0
1131,1074755,963.25,649.0,2,21348,1
1131,1074756,988.5,637.0,1,21348,2
1131,1074757,963.25,649.0,2,21349,0
1131,1074758,978.9285888671875,650.7857055664062,7,21349,1
1131,1074759,988.5,637.0,1,21349,2
1131,1074760,1051.125,654.5,4,21350,0
1131,1074761,988.5,637.0,1,21350,1
1131,1074762,946.0,648.5,2,21350,2
1131,1074763,963.25,649.0,2,21350,3
1131,1074764,1208.4285888671875,667.8571166992188,7,21351,0
1131,1074765,1193.5,702.6666870117188,3,21351,1
1131,1074766,1147.75,663.0,2,21351,2
1131,1074767,988.5,637.0,1,21352,0
1131,1074768,993.8125,653.4375,8,21352,1
1131,1074769,963.25,649.0,2,21352,2
1131,1074770,1228.607177734375,707.2142944335938,14,21353,0
1131,1074771,1165.5,676.0,1,21353,1
1131,1074772,1227.2142333984375,710.7142944335938,14,21354,0
1131,1074773,1147.75,663.0,2,21354,1
1131,1074774,1051.125,654.5,4,21355,0
1131,1074775,946.0,648.5,2,21355,1
1131,1074776,963.25,649.0,2,21355,2
1131,1074777,988.5,637.0,1,21355,3
1131,1074778,1051.125,654.5,4,21356,0
1131,1074779,946.0,648.5,2,21356,1
1131,1074780,963.25,649.0,2,21356,2
1131,1074781,988.5,637.0,1,21356,3
1131,1074782,1205.54541015625,683.8636474609375,11,21357,0
1131,1074783,1147.75,663.0,2,21357,1
1131,1074784,1230.8846435546875,708.6153564453125,13,21358,0
1131,1074785,1147.75,663.0,2,21358,1
1131,1074786,1205.54541015625,683.8636474609375,11,21359,0
1131,1074787,1348.0,897.5,1,21359,1
1131,1074788,1147.75,663.0,2,21359,2
1131,1074789,1215.1817626953125,680.6818237304688,11,21360,0
1131,1074790,1165.5,676.0,1,21360,1
1131,1074791,1194.625,668.375,8,21361,0
1131,1074792,1175.199951171875,686.7999877929688,5,21361,1
1131,1074793,961.5,661.0,1,21361,2
1131,1074794,1051.125,654.5,4,21362,0
1131,1074795,1241.5,666.0,1,21362,1
1131,1074796,1130.0,650.0,1,21362,2
1131,1074797,961.5,661.0,1,21362,3
1131,1074798,950.5,652.0,1,21362,4
1131,1074799,988.5,637.0,1,21362,5
1131,1074800,1227.125,705.75,8,21363,0
1131,1074801,1147.75,663.0,2,21363,1
1131,1074802,1200.5,711.875,4,21364,0
1131,1074803,1147.75,663.0,2,21364,1
1131,1074804,1209.125,667.125,4,21364,2
1131,1074805,1210.5555419921875,693.611083984375,9,21365,0
1131,1074806,1348.0,897.5,1,21365,1
1131,1074807,1147.75,663.0,2,21365,2
1131,1074808,1334.0,857.6666870117188,3,21366,0
1131,1074809,1220.375,684.375,4,21366,1
1131,1074810,1253.357177734375,758.9285888671875,7,21367,0
1131,1074811,1812.5,1007.5,1,21368,0
1131,1074812,1165.5,676.0,1,21368,1
1141,1074719,915.8333129882812,665.1666870117188,3,21334,0
1141,1074720,868.5,718.5,1,21334,1
1141,1074721,1214.550048828125,674.7999877929688,10,21335,0
1141,1074722,1367.5,848.5,1,21335,1
1141,1074723,1165.5,676.0,1,21335,2
1141,1074724,825.25,690.0,2,21336,0
1141,1074725,868.5,718.5,1,21336,1
1141,1074726,714.5,777.0,1,21337,0
1141,1074727,1334.0,857.6666870117188,3,21338,0
1141,1074728,1211.0,674.5,2,21338,1
1141,1074729,1165.5,676.0,1,21338,2
1141,1074730,927.9000244140625,658.5,5,21339,0
1141,1074731,963.25,649.0,2,21339,1
1141,1074732,988.5,637.0,1,21339,2
1141,1074733,1147.75,663.0,2,21340,0
1141,1074734,1199.75,685.25,10,21340,1
1141,1074735,993.8125,653.4375,8,21341,0
1141,1074736,963.25,649.0,2,21341,1
1141,1074737,988.5,637.0,1,21341,2
1141,1074738,978.9285888671875,650.7857055664062,7,21342,0
1141,1074739,963.25,649.0,2,21342,1
1141,1074740,988.5,637.0,1,21342,2
1141,1074741,825.25,690.0,2,21343,0
1141,1074742,868.5,718.5,1,21343,1
1141,1074743,769.5,718.5,1,21344,0
1141,1074744,868.5,718.5,1,21345,0
1141,1074745,848.0,687.6666870117188,3,21345,1
1141,1074746,963.25,649.0,2,21346,0
1141,1074747,993.8125,653.4375,8,21346,1
1141,1074748,1241.5,666.0,1,21346,2
1141,1074749,988.5,637.0,1,21346,3
1141,1074750,1147.75,663.0,2,21347,0
1141,1074751,1212.2083740234375,685.4583129882812,12,21347,1
1141,1074752,1812.5,1007.5,1,21347,2
1141,1074753,1367.5,848.5,1,21347,3
1141,1074754,927.9000244140625,658.5,5,21348,0
1141,1074755,963.25,649.0,2,21348,1
1141,1074756,988.5,637.0,1,21348,2
1141,1074757,963.25,649.0,2,21349,0
1141,1074758,978.9285888671875,650.7857055664062,7,21349,1
1141,1074759,988.5,637.0,1,21349,2
1141,1074760,1051.125,654.5,4,21350,0
1141,1074761,988.5,637.0,1,21350,1
1141,1074762,946.0,648.5,2,21350,2
1141,1074763,963.25,649.0,2,21350,3
1141,1074764,1208.4285888671875,667.8571166992188,7,21351,0
1141,1074765,1193.5,702.6666870117188,3,21351,1
1141,1074766,1147.75,663.0,2,21351,2
1141,1074767,988.5,637.0,1,21352,0
1141,1074768,993.8125,653.4375,8,21352,1
1141,1074769,963.25,649.0,2,21352,2
1141,1074770,1228.607177734375,707.2142944335938,14,21353,0
1141,1074771,1165.5,676.0,1,21353,1
1141,1074772,1227.2142333984375,710.7142944335938,14,21354,0
1141,1074773,1147.75,663.0,2,21354,1
1141,1074774,1051.125,654.5,4,21355,0
1141,1074775,946.0,648.5,2,21355,1
1141,1074776,963.25,649.0,2,21355,2
1141,1074777,988.5,637.0,1,21355,3
1141,1074778,1051.125,654.5,4,21356,0
1141,1074779,946.0,648.5,2,21356,1
1141,1074780,963.25,649.0,2,21356,2
1141,1074781,988.5,637.0,1,21356,3
1141,1074782,1205.54541015625,683.8636474609375,11,21357,0
1141,1074783,1147.75,663.0,2,21357,1
1141,1074784,1230.8846435546875,708.6153564453125,13,21358,0
1141,1074785,1147.75,663.0,2,21358,1
1141,1074786,1205.54541015625,683.8636474609375,11,21359,0
1141,1074787,1348.0,897.5,1,21359,1
1141,1074788,1147.75,663.0,2,21359,2
1141,1074789,1215.1817626953125,680.6818237304688,11,21360,0
1141,1074790,1165.5,676.0,1,21360,1
1141,1074791,1194.625,668.375,8,21361,0
1141,1074792,1175.199951171875,686.7999877929688,5,21361,1
1141,1074793,961.5,661.0,1,21361,2
1141,1074794,1051.125,654.5,4,21362,0
1141,1074795,1241.5,666.0,1,21362,1
1141,1074796,1130.0,650.0,1,21362,2
1141,1074797,961.5,661.0,1,21362,3
1141,1074798,950.5,652.0,1,21362,4
1141,1074799,988.5,637.0,1,21362,5
1141,1074800,1227.125,705.75,8,21363,0
1141,1074801,1147.75,663.0,2,21363,1
1141,1074802,1200.5,711.875,4,21364,0
1141,1074803,1147.75,663.0,2,21364,1
1141,1074804,1209.125,667.125,4,21364,2
1141,1074805,1210.5555419921875,693.611083984375,9,21365,0
1141,1074806,1348.0,897.5,1,21365,1
1141,1074807,1147.75,663.0,2,21365,2
1141,1074808,1334.0,857.6666870117188,3,21366,0
1141,1074809,1220.375,684.375,4,21366,1
1141,1074810,1253.357177734375,758.9285888671875,7,21367,0
1141,1074811,1812.5,1007.5,1,21368,0
1141,1074812,1165.5,676.0,1,21368,1
1151,1074719,910.3333129882812,667.4166870117188,2,21334,0
1151,1074720,886.5,730.0,1,21334,1
1151,1074721,1208.737548828125,673.7999877929688,8,21335,0
1151,1074722,1358.5,840.0,1,21335,1
1151,1074723,1177.0,679.0,1,21335,2
1151,1074724,818.0,694.0,2,21336,0
1151,1074725,886.5,730.0,1,21336,1
1151,1074726,689.0,789.0,1,21337,0
1151,1074727,1325.75,851.1666870117188,2,21338,0
1151,1074728,1209.25,673.25,2,21338,1
1151,1074729,1177.0,679.0,1,21338,2
1151,1074730,923.7750244140625,660.875,4,21339,0
1151,1074731,957.5,650.25,2,21339,1
1151,1074732,983.5,639.5,1,21339,2
1151,1074733,1151.5833740234375,664.1666870117188,3,21340,0
1151,1074734,1189.625,682.875,8,21340,1
1151,1074735,987.3958129882812,654.2708129882812,6,21341,0
1151,1074736,957.5,650.25,2,21341,1
1151,1074737,983.5,639.5,1,21341,2
1151,1074738,973.82861328125,651.9857177734375,5,21342,0
1151,1074739,957.5,650.25,2,21342,1
1151,1074740,983.5,639.5,1,21342,2
1151,1074741,818.0,694.0,2,21343,0
1151,1074742,886.5,730.0,1,21343,1
1151,1074743,752.0,726.5,1,21344,0
1151,1074744,886.5,730.0,1,21345,0
1151,1074745,841.25,691.4166870117188,2,21345,1
1151,1074746,957.5,650.25,2,21346,0
1151,1074747,987.3958129882812,654.2708129882812,6,21346,1
1151,1074748,1218.5,665.5,1,21346,2
1151,1074749,983.5,639.5,1,21346,3
1151,1074750,1151.5833740234375,664.1666870117188,3,21347,0
1151,1074751,1204.7083740234375,683.4583129882812,9,21347,1
1151,1074752,1790.0,991.5,1,21347,2
1151,1074753,1358.5,840.0,1,21347,3
1151,1074754,923.7750244140625,660.875,4,21348,0
1151,1074755,957.5,650.25,2,21348,1
1151,1074756,983.5,639.5,1,21348,2
1151,1074757,957.5,650.25,2,21349,0
1151,1074758,973.82861328125,651.9857177734375,5,21349,1
1151,1074759,983.5,639.5,1,21349,2
1151,1074760,1043.4583740234375,654.6666870117188,3,21350,0
1151,1074761,983.5,639.5,1,21350,1
1151,1074762,943.0,650.5,2,21350,2
1151,1074763,957.5,650.25,2,21350,3
1151,1074764,1201.32861328125,667.1571044921875,5,21351,0
1151,1074765,1188.3333740234375,700.3333740234375,3,21351,1
1151,1074766,1152.25,664.0,2,21351,2
1151,1074767,983.5,639.5,1,21352,0
1151,1074768,987.3958129882812,654.2708129882812,6,21352,1
1151,1074769,957.5,650.25,2,21352,2
1151,1074770,1221.561767578125,704.80517578125,11,21353,0
1151,1074771,1171.1666259765625,676.5,3,21353,1
1151,1074772,1219.2596435546875,707.6688232421875,11,21354,0
1151,1074773,1151.375,663.125,4,21354,1
1151,1074774,1043.4583740234375,654.6666870117188,3,21355,0
1151,1074775,943.0,650.5,2,21355,1
1151,1074776,957.5,650.25,2,21355,2
1151,1074777,983.5,639.5,1,21355,3
1151,1074778,1043.4583740234375,654.6666870117188,3,21356,0
1151,1074779,943.0,650.5,2,21356,1
1151,1074780,957.5,650.25,2,21356,2
1151,1074781,983.5,639.5,1,21356,3
1151,1074782,1199.17041015625,681.6761474609375,8,21357,0
1151,1074783,1151.375,663.125,4,21357,1
1151,1074784,1223.3345947265625,705.6653442382812,10,21358,0
1151,1074785,1151.375,663.125,4,21358,1
1151,1074786,1199.17041015625,681.6761474609375,8,21359,0
1151,1074787,1334.5,888.0,1,21359,1
1151,1074788,1151.375,663.125,4,21359,2
1151,1074789,1208.2442626953125,678.9318237304688,8,21360,0
1151,1074790,1172.5,678.25,2,21360,1
1151,1074791,1186.4583740234375,667.5416870117188,6,21361,0
1151,1074792,1173.89990234375,685.7999877929688,5,21361,1
1151,1074793,960.0,660.5,1,21361,2
1151,1074794,1043.4583740234375,654.6666870117188,3,21362,0
1151,1074795,1218.5,665.5,1,21362,1
1151,1074796,1127.5,649.0,1,21362,2
1151,1074797,960.0,660.5,1,21362,3
1151,1074798,946.5,654.0,1,21362,4
1151,1074799,983.5,639.5,1,21362,5
1151,1074800,1225.2916259765625,703.3333129882812,6,21363,0
1151,1074801,1151.75,662.6666870117188,3,21363,1
1151,1074802,1194.1666259765625,708.7083129882812,3,21364,0
1151,1074803,1152.25,664.0,2,21364,1
1151,1074804,1197.2916259765625,666.125,3,21364,2
1151,1074805,1205.126953125,691.3253784179688,7,21365,0
1151,1074806,1334.5,888.0,1,21365,1
1151,1074807,1151.75,662.6666870117188,3,21365,2
1151,1074808,1325.75,851.1666870117188,2,21366,0
1151,1074809,1219.875,682.375,3,21366,1
1151,1074810,1247.7572021484375,754.82861328125,5,21367,0
1151,1074811,1790.0,991.5,1,21368,0
1151,1074812,1177.0,679.0,1,21368,1
1161,1074719,910.3333129882812,667.4166870117188,2,21334,0
1161,1074720,886.5,730.0,1,21334,1
1161,1074721,1208.737548828125,673.7999877929688,8,21335,0
1161,1074722,1358.5,840.0,1,21335,1
1161,1074723,1177.0,679.0,2,21335,2
1161,1074724,818.0,694.0,2,21336,0
1161,1074725,886.5,730.0,1,21336,1
1161,1074726,689.0,789.0,1,21337,0
1161,1074727,1325.75,851.1666870117188,2,21338,0
1161,1074728,1209.25,673.25,2,21338,1
1161,1074729,1177.0,679.0,2,21338,2
1161,1074730,923.7750244140625,660.875,4,21339,0
1161,1074731,957.5,650.25,2,21339,1
1161,1074732,983.5,639.5,1,21339,2
1161,1074733,1151.5833740234375,664.1666870117188,4,21340,0
1161,1074734,1189.625,682.875,8,21340,1
1161,1074735,987.3958129882812,654.2708129882812,6,21341,0
1161,1074736,957.5,650.25,2,21341,1
1161,1074737,983.5,639.5,1,21341,2
1161,1074738,973.82861328125,651.9857177734375,5,21342,0
1161,1074739,957.5,650.25,2,21342,1
1161,1074740,983.5,639.5,1,21342,2
1161,1074741,818.0,694.0,2,21343,0
1161,1074742,886.5,730.0,1,21343,1
1161,1074743,752.0,726.5,1,21344,0
1161,1074744,886.5,730.0,1,21345,0
1161,1074745,841.25,691.4166870117188,2,21345,1
1161,1074746,957.5,650.25,2,21346,0
1161,1074747,987.3958129882812,654.2708129882812,6,21346,1
1161,1074748,1218.5,665.5,1,21346,2
1161,1074749,983.5,639.5,1,21346,3
1161,1074750,1151.5833740234375,664.1666870117188,4,21347,0
1161,1074751,1204.7083740234375,683.4583129882812,9,21347,1
1161,1074752,1790.0,991.5,1,21347,2
1161,1074753,1358.5,840.0,1,21347,3
1161,1074754,923.7750244140625,660.875,4,21348,0
1161,1074755,957.5,650.25,2,21348,1
1161,1074756,983.5,639.5,1,21348,2
1161,1074757,957.5,650.25,2,21349,0
1161,1074758,973.82861328125,651.9857177734375,5,21349,1
1161,1074759,983.5,639.5,1,21349,2
1161,1074760,1043.4583740234375,654.6666870117188,3,21350,0
1161,1074761,983.5,639.5,1,21350,1
1161,1074762,943.0,650.5,2,21350,2
1161,1074763,957.5,650.25,2,21350,3
1161,1074764,1201.32861328125,667.1571044921875,5,21351,0
1161,1074765,1188.3333740234375,700.3333740234375,3,21351,1
1161,1074766,1152.25,664.0,4,21351,2
1161,1074767,983.5,639.5,1,21352,0
1161,1074768,987.3958129882812,654.2708129882812,6,21352,1
1161,1074769,957.5,650.25,2,21352,2
1161,1074770,1221.561767578125,704.80517578125,11,21353,0
1161,1074771,1171.1666259765625,676.5,4,21353,1
1161,1074772,1219.2596435546875,707.6688232421875,11,21354,0
1161,1074773,1151.375,663.125,5,21354,1
1161,1074774,1043.4583740234375,654.6666870117188,3,21355,0
1161,1074775,943.0,650.5,2,21355,1
1161,1074776,957.5,650.25,2,21355,2
1161,1074777,983.5,639.5,1,21355,3
1161,1074778,1043.4583740234375,654.6666870117188,3,21356,0
1161,1074779,943.0,650.5,2,21356,1
1161,1074780,957.5,650.25,2,21356,2
1161,1074781,983.5,639.5,1,21356,3
1161,1074782,1199.17041015625,681.6761474609375,8,21357,0
1161,1074783,1151.375,663.125,5,21357,1
1161,1074784,1223.3345947265625,705.6653442382812,10,21358,0
1161,1074785,1151.375,663.125,5,21358,1
1161,1074786,1199.17041015625,681.6761474609375,8,21359,0
1161,1074787,1334.5,888.0,1,21359,1
1161,1074788,1151.375,663.125,5,21359,2
1161,1074789,1208.2442626953125,678.9318237304688,8,21360,0
1161,1074790,1172.5,678.25,3,21360,1
1161,1074791,1186.4583740234375,667.5416870117188,6,21361,0
1161,1074792,1173.89990234375,685.7999877929688,5,21361,1
1161,1074793,960.0,660.5,1,21361,2
1161,1074794,1043.4583740234375,654.6666870117188,3,21362,0
1161,1074795,1218.5,665.5,1,21362,1
1161,1074796,1127.5,649.0,1,21362,2
1161,1074797,960.0,660.5,1,21362,3
1161,1074798,946.5,654.0,1,21362,4
1161,1074799,983.5,639.5,1,21362,5
1161,1074800,1225.2916259765625,703.3333129882812,6,21363,0
1161,1074801,1151.75,662.6666870117188,4,21363,1
1161,1074802,1194.1666259765625,708.7083129882812,3,21364,0
1161,1074803,1152.25,664.0,4,21364,1
1161,1074804,1197.2916259765625,666.125,3,21364,2
1161,1074805,1205.126953125,691.3253784179688,7,21365,0
1161,1074806,1334.5,888.0,1,21365,1
1161,1074807,1151.75,662.6666870117188,4,21365,2
1161,1074808,1325.75,851.1666870117188,2,21366,0
1161,1074809,1219.875,682.375,3,21366,1
1161,1074810,1247.7572021484375,754.82861328125,5,21367,0
1161,1074811,1790.0,991.5,1,21368,0
1161,1074812,1177.0,679.0,1,21368,1
1171,1074719,910.3333129882812,667.4166870117188,2,21334,0
1171,1074720,886.5,730.0,1,21334,1
1171,1074721,1208.737548828125,673.7999877929688,9,21335,0
1171,1074722,1358.5,840.0,1,21335,1
1171,1074723,1177.0,679.0,2,21335,2
1171,1074724,818.0,694.0,2,21336,0
1171,1074725,886.5,730.0,1,21336,1
1171,1074726,689.0,789.0,1,21337,0
1171,1074727,1325.75,851.1666870117188,2,21338,0
1171,1074728,1209.25,673.25,2,21338,1
1171,1074729,1177.0,679.0,2,21338,2
1171,1074730,923.7750244140625,660.875,4,21339,0
1171,1074731,957.5,650.25,2,21339,1
1171,1074732,983.5,639.5,1,21339,2
1171,1074733,1151.5833740234375,664.1666870117188,4,21340,0
1171,1074734,1189.625,682.875,8,21340,1
1171,1074735,987.3958129882812,654.2708129882812,6,21341,0
1171,1074736,957.5,650.25,2,21341,1
1171,1074737,983.5,639.5,1,21341,2
1171,1074738,973.82861328125,651.9857177734375,5,21342,0
1171,1074739,957.5,650.25,2,21342,1
1171,1074740,983.5,639.5,1,21342,2
1171,1074741,818.0,694.0,2,21343,0
1171,1074742,886.5,730.0,1,21343,1
1171,1074743,752.0,726.5,1,21344,0
1171,1074744,886.5,730.0,1,21345,0
1171,1074745,841.25,691.4166870117188,2,21345,1
1171,1074746,957.5,650.25,2,21346,0
1171,1074747,987.3958129882812,654.2708129882812,6,21346,1
1171,1074748,1218.5,665.5,1,21346,2
1171,1074749,983.5,639.5,1,21346,3
1171,1074750,1151.5833740234375,664.1666870117188,4,21347,0
1171,1074751,1204.7083740234375,683.4583129882812,10,21347,1
1171,1074752,1790.0,991.5,1,21347,2
1171,1074753,1358.5,840.0,1,21347,3
1171,1074754,923.7750244140625,660.875,4,21348,0
1171,1074755,957.5,650.25,2,21348,1
1171,1074756,983.5,639.5,1,21348,2
1171,1074757,957.5,650.25,2,21349,0
1171,1074758,973.82861328125,651.9857177734375,5,21349,1
1171,1074759,983.5,639.5,1,21349,2
1171,1074760,1043.4583740234375,654.6666870117188,3,21350,0
1171,1074761,983.5,639.5,1,21350,1
1171,1074762,943.0,650.5,2,21350,2
1171,1074763,957.5,650.25,2,21350,3
1171,1074764,1201.32861328125,667.1571044921875,5,21351,0
1171,1074765,1188.3333740234375,700.3333740234375,3,21351,1
1171,1074766,1152.25,664.0,4,21351,2
1171,1074767,983.5,639.5,1,21352,0
1171,1074768,987.3958129882812,654.2708129882812,6,21352,1
1171,1074769,957.5,650.25,2,21352,2
1171,1074770,1221.561767578125,704.80517578125,11,21353,0
1171,1074771,1171.1666259765625,676.5,4,21353,1
1171,1074772,1219.2596435546875,707.6688232421875,11,21354,0
1171,1074773,1151.375,663.125,5,21354,1
1171,1074774,1043.4583740234375,654.6666870117188,3,21355,0
1171,1074775,943.0,650.5,2,21355,1
1171,1074776,957.5,650.25,2,21355,2
1171,1074777,983.5,639.5,1,21355,3
1171,1074778,1043.4583740234375,654.6666870117188,3,21356,0
1171,1074779,943.0,650.5,2,21356,1
1171,1074780,957.5,650.25,2,21356,2
1171,1074781,983.5,639.5,1,21356,3
1171,1074782,1199.17041015625,681.6761474609375,8,21357,0
1171,1074783,1151.375,663.125,5,21357,1
1171,1074784,1223.3345947265625,705.6653442382812,10,21358,0
1171,1074785,1151.375,663.125,5,21358,1
1171,1074786,1199.17041015625,681.6761474609375,8,21359,0
1171,1074787,1334.5,888.0,1,21359,1
1171,1074788,1151.375,663.125,5,21359,2
1171,1074789,1208.2442626953125,678.9318237304688,9,21360,0
1171,1074790,1172.5,678.25,3,21360,1
1171,1074791,1186.4583740234375,667.5416870117188,6,21361,0
1171,1074792,1173.89990234375,685.7999877929688,5,21361,1
1171,1074793,960.0,660.5,1,21361,2
1171,1074794,1043.4583740234375,654.6666870117188,3,21362,0
1171,1074795,1218.5,665.5,1,21362,1
1171,1074796,1127.5,649.0,1,21362,2
1171,1074797,960.0,660.5,1,21362,3
1171,1074798,946.5,654.0,1,21362,4
1171,1074799,983.5,639.5,1,21362,5
1171,1074800,1225.2916259765625,703.3333129882812,6,21363,0
1171,1074801,1151.75,662.6666870117188,4,21363,1
1171,1074802,1194.1666259765625,708.7083129882812,3,21364,0
1171,1074803,1152.25,664.0,4,21364,1
1171,1074804,1197.2916259765625,666.125,3,21364,2
1171,1074805,1205.126953125,691.3253784179688,7,21365,0
1171,1074806,1334.5,888.0,1,21365,1
1171,1074807,1151.75,662.6666870117188,4,21365,2
1171,1074808,1325.75,851.1666870117188,2,21366,0
1171,1074809,1219.875,682.375,3,21366,1
1171,1074810,1247.7572021484375,754.82861328125,5,21367,0
1171,1074811,1790.0,991.5,1,21368,0
1171,1074812,1177.0,679.0,1,21368,1
1181,1074719,910.3333129882812,667.4166870117188,2,21334,0
1181,1074720,886.5,730.0,2,21334,1
1181,1074721,1208.737548828125,673.7999877929688,9,21335,0
1181,1074722,1358.5,840.0,1,21335,1
1181,1074723,1177.0,679.0,2,21335,2
1181,1074724,818.0,694.0,2,21336,0
1181,1074725,886.5,730.0,1,21336,1
1181,1074726,689.0,789.0,1,21337,0
1181,1074727,1325.75,851.1666870117188,2,21338,0
1181,1074728,1209.25,673.25,2,21338,1
1181,1074729,1177.0,679.0,2,21338,2
1181,1074730,923.7750244140625,660.875,4,21339,0
1181,1074731,957.5,650.25,2,21339,1
1181,1074732,983.5,639.5,1,21339,2
1181,1074733,1151.5833740234375,664.1666870117188,4,21340,0
1181,1074734,1189.625,682.875,8,21340,1
1181,1074735,987.3958129882812,654.2708129882812,6,21341,0
1181,1074736,957.5,650.25,2,21341,1
1181,1074737,983.5,639.5,1,21341,2
1181,1074738,973.82861328125,651.9857177734375,5,21342,0
1181,1074739,957.5,650.25,2,21342,1
1181,1074740,983.5,639.5,1,21342,2
1181,1074741,818.0,694.0,2,21343,0
1181,1074742,886.5,730.0,1,21343,1
1181,1074743,752.0,726.5,1,21344,0
1181,1074744,886.5,730.0,1,21345,0
1181,1074745,841.25,691.4166870117188,2,21345,1
1181,1074746,957.5,650.25,2,21346,0
1181,1074747,987.3958129882812,654.2708129882812,6,21346,1
1181,1074748,1218.5,665.5,1,21346,2
1181,1074749,983.5,639.5,1,21346,3
1181,1074750,1151.5833740234375,664.1666870117188,4,21347,0
1181,1074751,1204.7083740234375,683.4583129882812,10,21347,1
1181,1074752,1790.0,991.5,1,21347,2
1181,1074753,1358.5,840.0,1,21347,3
1181,1074754,923.7750244140625,660.875,4,21348,0
1181,1074755,957.5,650.25,2,21348,1
1181,1074756,983.5,639.5,1,21348,2
1181,1074757,957.5,650.25,2,21349,0
1181,1074758,973.82861328125,651.9857177734375,5,21349,1
1181,1074759,983.5,639.5,1,21349,2
1181,1074760,1043.4583740234375,654.6666870117188,3,21350,0
1181,1074761,983.5,639.5,1,21350,1
1181,1074762,943.0,650.5,2,21350,2
1181,1074763,957.5,650.25,3,21350,3
1181,1074764,1201.32861328125,667.1571044921875,5,21351,0
1181,1074765,1188.3333740234375,700.3333740234375,3,21351,1
1181,1074766,1152.25,664.0,4,21351,2
1181,1074767,983.5,639.5,1,21352,0
1181,1074768,987.3958129882812,654.2708129882812,6,21352,1
1181,1074769,957.5,650.25,2,21352,2
1181,1074770,1221.561767578125,704.80517578125,11,21353,0
1181,1074771,1171.1666259765625,676.5,4,21353,1
1181,1074772,1219.2596435546875,707.6688232421875,11,21354,0
1181,1074773,1151.375,663.125,5,21354,1
1181,1074774,1043.4583740234375,654.6666870117188,3,21355,0
1181,1074775,943.0,650.5,2,21355,1
1181,1074776,957.5,650.25,3,21355,2
1181,1074777,983.5,639.5,1,21355,3
1181,1074778,1043.4583740234375,654.6666870117188,3,21356,0
1181,1074779,943.0,650.5,2,21356,1
1181,1074780,957.5,650.25,3,21356,2
1181,1074781,983.5,639.5,1,21356,3
1181,1074782,1199.17041015625,681.6761474609375,8,21357,0
1181,1074783,1151.375,663.125,5,21357,1
1181,1074784,1223.3345947265625,705.6653442382812,10,21358,0
1181,1074785,1151.375,663.125,5,21358,1
1181,1074786,1199.17041015625,681.6761474609375,8,21359,0
1181,1074787,1334.5,888.0,1,21359,1
1181,1074788,1151.375,663.125,5,21359,2
1181,1074789,1208.2442626953125,678.9318237304688,9,21360,0
1181,1074790,1172.5,678.25,3,21360,1
1181,1074791,1186.4583740234375,667.5416870117188,6,21361,0
1181,1074792,1173.89990234375,685.7999877929688,5,21361,1
1181,1074793,960.0,660.5,1,21361,2
1181,1074794,1043.4583740234375,654.6666870117188,3,21362,0
1181,1074795,1218.5,665.5,1,21362,1
1181,1074796,1127.5,649.0,1,21362,2
1181,1074797,960.0,660.5,2,21362,3
1181,1074798,946.5,654.0,1,21362,4
1181,1074799,983.5,639.5,1,21362,5
1181,1074800,1225.2916259765625,703.3333129882812,6,21363,0
1181,1074801,1151.75,662.6666870117188,4,21363,1
1181,1074802,1194.1666259765625,708.7083129882812,3,21364,0
1181,1074803,1152.25,664.0,4,21364,1
1181,1074804,1197.2916259765625,666.125,3,21364,2
1181,1074805,1205.126953125,691.3253784179688,7,21365,0
1181,1074806,1334.5,888.0,1,21365,1
1181,1074807,1151.75,662.6666870117188,4,21365,2
1181,1074808,1325.75,851.1666870117188,2,21366,0
1181,1074809,1219.875,682.375,3,21366,1
1181,1074810,1247.7572021484375,754.82861328125,5,21367,0
1181,1074811,1790.0,991.5,1,21368,0
1181,1074812,1177.0,679.0,1,21368,1
1191,1074719,910.3333129882812,667.4166870117188,2,21334,0
1191,1074720,886.5,730.0,2,21334,1
1191,1074721,1208.737548828125,673.7999877929688,9,21335,0
1191,1074722,1358.5,840.0,1,21335,1
1191,1074723,1177.0,679.0,2,21335,2
1191,1074724,818.0,694.0,2,21336,0
1191,1074725,886.5,730.0,1,21336,1
1191,1074726,689.0,789.0,1,21337,0
1191,1074727,1325.75,851.1666870117188,2,21338,0
1191,1074728,1209.25,673.25,2,21338,1
1191,1074729,1177.0,679.0,2,21338,2
1191,1074730,923.7750244140625,660.875,4,21339,0
1191,1074731,957.5,650.25,2,21339,1
1191,1074732,983.5,639.5,1,21339,2
1191,1074733,1151.5833740234375,664.1666870117188,4,21340,0
1191,1074734,1189.625,682.875,8,21340,1
1191,1074735,987.3958129882812,654.2708129882812,6,21341,0
1191,1074736,957.5,650.25,2,21341,1
1191,1074737,983.5,639.5,1,21341,2
1191,1074738,973.82861328125,651.9857177734375,5,21342,0
1191,1074739,957.5,650.25,2,21342,1
1191,1074740,983.5,639.5,1,21342,2
1191,1074741,818.0,694.0,2,21343,0
1191,1074742,886.5,730.0,1,21343,1
1191,1074743,752.0,726.5,1,21344,0
1191,1074744,886.5,730.0,1,21345,0
1191,1074745,841.25,691.4166870117188,2,21345,1
1191,1074746,957.5,650.25,2,21346,0
1191,1074747,987.3958129882812,654.2708129882812,6,21346,1
1191,1074748,1218.5,665.5,1,21346,2
1191,1074749,983.5,639.5,1,21346,3
1191,1074750,1151.5833740234375,664.1666870117188,4,21347,0
1191,1074751,1204.7083740234375,683.4583129882812,10,21347,1
1191,1074752,1790.0,991.5,1,21347,2
1191,1074753,1358.5,840.0,1,21347,3
1191,1074754,923.7750244140625,660.875,4,21348,0
1191,1074755,957.5,650.25,2,21348,1
1191,1074756,983.5,639.5,1,21348,2
1191,1074757,957.5,650.25,2,21349,0
1191,1074758,973.82861328125,651.9857177734375,5,21349,1
1191,1074759,983.5,639.5,1,21349,2
1191,1074760,1043.4583740234375,654.6666870117188,3,21350,0
1191,1074761,983.5,639.5,1,21350,1
1191,1074762,943.0,650.5,2,21350,2
1191,1074763,957.5,650.25,3,21350,3
1191,1074764,1201.32861328125,667.1571044921875,5,21351,0
1191,1074765,1188.3333740234375,700.3333740234375,3,21351,1
1191,1074766,1152.25,664.0,4,21351,2
1191,1074767,983.5,639.5,1,21352,0
1191,1074768,987.3958129882812,654.2708129882812,6,21352,1
1191,1074769,957.5,650.25,2,21352,2
1191,1074770,1221.561767578125,704.80517578125,11,21353,0
1191,1074771,1171.1666259765625,676.5,4,21353,1
1191,1074772,1219.2596435546875,707.6688232421875,11,21354,0
1191,1074773,1151.375,663.125,5,21354,1
1191,1074774,1043.4583740234375,654.6666870117188,3,21355,0
1191,1074775,943.0,650.5,2,21355,1
1191,1074776,957.5,650.25,3,21355,2
1191,1074777,983.5,639.5,1,21355,3
1191,1074778,1043.4583740234375,654.6666870117188,3,21356,0
1191,1074779,943.0,650.5,2,21356,1
1191,1074780,957.5,650.25,3,21356,2
1191,1074781,983.5,639.5,1,21356,3
1191,1074782,1199.17041015625,681.6761474609375,8,21357,0
1191,1074783,1151.375,663.125,5,21357,1
1191,1074784,1223.3345947265625,705.6653442382812,10,21358,0
1191,1074785,1151.375,663.125,5,21358,1
1191,1074786,1199.17041015625,681.6761474609375,8,21359,0
1191,1074787,1334.5,888.0,1,21359,1
1191,1074788,1151.375,663.125,5,21359,2
1191,1074789,1208.2442626953125,678.9318237304688,9,21360,0
1191,1074790,1172.5,678.25,3,21360,1
1191,1074791,1186.4583740234375,667.5416870117188,6,21361,0
1191,1074792,1173.89990234375,685.7999877929688,5,21361,1
1191,1074793,960.0,660.5,1,21361,2
1191,1074794,1043.4583740234375,654.6666870117188,3,21362,0
1191,1074795,1218.5,665.5,1,21362,1
1191,1074796,1127.5,649.0,1,21362,2
1191,1074797,960.0,660.5,2,21362,3
1191,1074798,946.5,654.0,1,21362,4
1191,1074799,983.5,639.5,1,21362,5
1191,1074800,1225.2916259765625,703.3333129882812,6,21363,0
1191,1074801,1151.75,662.6666870117188,4,21363,1
1191,1074802,1194.1666259765625,708.7083129882812,3,21364,0
1191,1074803,1152.25,664.0,4,21364,1
1191,1074804,1197.2916259765625,666.125,3,21364,2
1191,1074805,1205.126953125,691.3253784179688,7,21365,0
1191,1074806,1334.5,888.0,1,21365,1
1191,1074807,1151.75,662.6666870117188,4,21365,2
1191,1074808,1325.75,851.1666870117188,2,21366,0
1191,1074809,1219.875,682.375,3,21366,1
1191,1074810,1247.7572021484375,754.82861328125,5,21367,0
1191,1074811,1790.0,991.5,1,21368,0
1191,1074812,1177.0,679.0,1,21368,1
1201,1074719,910.3333129882812,667.4166870117188,2,21334,0
1201,1074720,886.5,730.0,2,21334,1
1201,1074721,1208.737548828125,673.7999877929688,9,21335,0
1201,1074722,1358.5,840.0,1,21335,1
1201,1074723,1177.0,679.0,2,21335,2
1201,1074724,818.0,694.0,2,21336,0
1201,1074725,886.5,730.0,1,21336,1
1201,1074726,689.0,789.0,1,21337,0
1201,1074727,1325.75,851.1666870117188,2,21338,0
1201,1074728,1209.25,673.25,2,21338,1
1201,1074729,1177.0,679.0,2,21338,2
1201,1074730,923.7750244140625,660.875,4,21339,0
1201,1074731,957.5,650.25,2,21339,1
1201,1074732,983.5,639.5,1,21339,2
1201,1074733,1151.5833740234375,664.1666870117188,4,21340,0
1201,1074734,1189.625,682.875,8,21340,1
1201,1074735,987.3958129882812,654.2708129882812,6,21341,0
1201,1074736,957.5,650.25,2,21341,1
1201,1074737,983.5,639.5,1,21341,2
1201,1074738,973.82861328125,651.9857177734375,5,21342,0
1201,1074739,957.5,650.25,2,21342,1
1201,1074740,983.5,639.5,1,21342,2
1201,1074741,818.0,694.0,2,21343,0
1201,1074742,886.5,730.0,1,21343,1
1201,1074743,752.0,726.5,1,21344,0
1201,1074744,886.5,730.0,1,21345,0
1201,1074745,841.25,691.4166870117188,2,21345,1
1201,1074746,957.5,650.25,2,21346,0
1201,1074747,987.3958129882812,654.2708129882812,6,21346,1
1201,1074748,1218.5,665.5,1,21346,2
1201,1074749,983.5,639.5,1,21346,3
1201,1074750,1151.5833740234375,664.1666870117188,4,21347,0
1201,1074751,1204.7083740234375,683.4583129882812,10,21347,1
1201,1074752,1790.0,991.5,1,21347,2
1201,1074753,1358.5,840.0,1,21347,3
1201,1074754,923.7750244140625,660.875,4,21348,0
1201,1074755,957.5,650.25,2,21348,1
1201,1074756,983.5,639.5,1,21348,2
1201,1074757,957.5,650.25,2,21349,0
1201,1074758,973.82861328125,651.9857177734375,5,21349,1
1201,1074759,983.5,639.5,1,21349,2
1201,1074760,1043.4583740234375,654.6666870117188,3,21350,0
1201,1074761,983.5,639.5,1,21350,1
1201,1074762,943.0,650.5,2,21350,2
1201,1074763,957.5,650.25,3,21350,3
1201,1074764,1201.32861328125,667.1571044921875,5,21351,0
1201,1074765,1188.3333740234375,700.3333740234375,3,21351,1
1201,1074766,1152.25,664.0,4,21351,2
1201,1074767,983.5,639.5,1,21352,0
1201,1074768,987.3958129882812,654.2708129882812,6,21352,1
1201,1074769,957.5,650.25,2,21352,2
1201,1074770,1221.561767578125,704.80517578125,11,21353,0
1201,1074771,1171.1666259765625,676.5,4,21353,1
1201,1074772,1219.2596435546875,707.6688232421875,11,21354,0
1201,1074773,1151.375,663.125,5,21354,1
1201,1074774,1043.4583740234375,654.6666870117188,3,21355,0
1201,1074775,943.0,650.5,2,21355,1
1201,1074776,957.5,650.25,3,21355,2
1201,1074777,983.5,639.5,1,21355,3
1201,1074778,1043.4583740234375,654.6666870117188,3,21356,0
1201,1074779,943.0,650.5,2,21356,1
1201,1074780,957.5,650.25,3,21356,2
1201,1074781,983.5,639.5,1,21356,3
1201,1074782,1199.17041015625,681.6761474609375,8,21357,0
1201,1074783,1151.375,663.125,5,21357,1
1201,1074784,1223.3345947265625,705.6653442382812,10,21358,0
1201,1074785,1151.375,663.125,5,21358,1
1201,1074786,1199.17041015625,681.6761474609375,8,21359,0
1201,1074787,1334.5,888.0,1,21359,1
1201,1074788,1151.375,663.125,5,21359,2
1201,1074789,1208.2442626953125,678.9318237304688,9,21360,0
1201,1074790,1172.5,678.25,3,21360,1
1201,1074791,1186.4583740234375,667.5416870117188,6,21361,0
1201,1074792,1173.89990234375,685.7999877929688,5,21361,1
1201,1074793,960.0,660.5,1,21361,2
1201,1074794,1043.4583740234375,654.6666870117188,3,21362,0
1201,1074795,1218.5,665.5,1,21362,1
1201,1074796,1127.5,649.0,1,21362,2
1201,1074797,960.0,660.5,2,21362,3
1201,1074798,946.5,654.0,1,21362,4
1201,1074799,983.5,639.5,1,21362,5
1201,1074800,1225.2916259765625,703.3333129882812,6,21363,0
1201,1074801,1151.75,662.6666870117188,4,21363,1
1201,1074802,1194.1666259765625,708.7083129882812,3,21364,0
1201,1074803,1152.25,664.0,4,21364,1
1201,1074804,1197.2916259765625,666.125,3,21364,2
1201,1074805,1205.126953125,691.3253784179688,7,21365,0
1201,1074806,1334.5,888.0,1,21365,1
1201,1074807,1151.75,662.6666870117188,4,21365,2
1201,1074808,1325.75,851.1666870117188,2,21366,0
1201,1074809,1219.875,682.375,3,21366,1
1201,1074810,1247.7572021484375,754.82861328125,5,21367,0
1201,1074811,1790.0,991.5,1,21368,0
1201,1074812,1177.0,679.0,1,21368,1
1211,1074719,910.3333129882812,667.4166870117188,2,21334,0
1211,1074720,886.5,730.0,2,21334,1
1211,1074721,1208.737548828125,673.7999877929688,9,21335,0
1211,1074722,1358.5,840.0,1,21335,1
1211,1074723,1177.0,679.0,2,21335,2
1211,1074724,818.0,694.0,2,21336,0
1211,1074725,886.5,730.0,1,21336,1
1211,1074726,689.0,789.0,1,21337,0
1211,1074727,1325.75,851.1666870117188,2,21338,0
1211,1074728,1209.25,673.25,2,21338,1
1211,1074729,1177.0,679.0,2,21338,2
1211,1074730,923.7750244140625,660.875,4,21339,0
1211,1074731,957.5,650.25,2,21339,1
1211,1074732,983.5,639.5,1,21339,2
1211,1074733,1151.5833740234375,664.1666870117188,4,21340,0
1211,1074734,1189.625,682.875,8,21340,1
1211,1074735,987.3958129882812,654.2708129882812,6,21341,0
1211,1074736,957.5,650.25,2,21341,1
1211,1074737,983.5,639.5,1,21341,2
1211,1074738,973.82861328125,651.9857177734375,5,21342,0
1211,1074739,957.5,650.25,2,21342,1
1211,1074740,983.5,639.5,1,21342,2
1211,1074741,818.0,694.0,2,21343,0
1211,1074742,886.5,730.0,1,21343,1
1211,1074743,752.0,726.5,1,21344,0
1211,1074744,886.5,730.0,1,21345,0
1211,1074745,841.25,691.4166870117188,2,21345,1
1211,1074746,957.5,650.25,2,21346,0
1211,1074747,987.3958129882812,654.2708129882812,6,21346,1
1211,1074748,1218.5,665.5,1,21346,2
1211,1074749,983.5,639.5,1,21346,3
1211,1074750,1151.5833740234375,664.1666870117188,4,21347,0
1211,1074751,1204.7083740234375,683.4583129882812,10,21347,1
1211,1074752,1790.0,991.5,1,21347,2
1211,1074753,1358.5,840.0,1,21347,3
1211,1074754,923.7750244140625,660.875,4,21348,0
1211,1074755,957.5,650.25,2,21348,1
1211,1074756,983.5,639.5,1,21348,2
1211,1074757,957.5,650.25,2,21349,0
1211,1074758,973.82861328125,651.9857177734375,5,21349,1
1211,1074759,983.5,639.5,1,21349,2
1211,1074760,1043.4583740234375,654.6666870117188,3,21350,0
1211,1074761,983.5,639.5,1,21350,1
1211,1074762,943.0,650.5,2,21350,2
1211,1074763,957.5,650.25,3,21350,3
1211,1074764,1201.32861328125,667.1571044921875,5,21351,0
1211,1074765,1188.3333740234375,700.3333740234375,3,21351,1
1211,1074766,1152.25,664.0,4,21351,2
1211,1074767,983.5,639.5,1,21352,0
1211,1074768,987.3958129882812,654.2708129882812,6,21352,1
1211,1074769,957.5,650.25,2,21352,2
1211,1074770,1221.561767578125,704.80517578125,11,21353,0
1211,1074771,1171.1666259765625,676.5,4,21353,1
1211,1074772,1219.2596435546875,707.6688232421875,11,21354,0
1211,1074773,1151.375,663.125,5,21354,1
1211,1074774,1043.4583740234375,654.6666870117188,3,21355,0
1211,1074775,943.0,650.5,2,21355,1
1211,1074776,957.5,650.25,3,21355,2
1211,1074777,983.5,639.5,1,21355,3
1211,1074778,1043.4583740234375,654.6666870117188,3,21356,0
1211,1074779,943.0,650.5,2,21356,1
1211,1074780,957.5,650.25,3,21356,2
1211,1074781,983.5,639.5,1,21356,3
1211,1074782,1199.17041015625,681.6761474609375,8,21357,0
1211,1074783,1151.375,663.125,5,21357,1
1211,1074784,1223.3345947265625,705.6653442382812,10,21358,0
1211,1074785,1151.375,663.125,5,21358,1
1211,1074786,1199.17041015625,681.6761474609375,8,21359,0
1211,1074787,1334.5,888.0,1,21359,1
1211,1074788,1151.375,663.125,5,21359,2
1211,1074789,1208.2442626953125,678.9318237304688,9,21360,0
1211,1074790,1172.5,678.25,3,21360,1
1211,1074791,1186.4583740234375,667.5416870117188,6,21361,0
1211,1074792,1173.89990234375,685.7999877929688,5,21361,1
1211,1074793,960.0,660.5,1,21361,2
1211,1074794,1043.4583740234375,654.6666870117188,3,21362,0
1211,1074795,1218.5,665.5,1,21362,1
1211,1074796,1127.5,649.0,1,21362,2
1211,1074797,960.0,660.5,2,21362,3
1211,1074798,946.5,654.0,1,21362,4
1211,1074799,983.5,639.5,1,21362,5
1211,1074800,1225.2916259765625,703.3333129882812,6,21363,0
1211,1074801,1151.75,662.6666870117188,4,21363,1
1211,1074802,1194.1666259765625,708.7083129882812,3,21364,0
1211,1074803,1152.25,664.0,4,21364,1
1211,1074804,1197.2916259765625,666.125,3,21364,2
1211,1074805,1205.126953125,691.3253784179688,7,21365,0
1211,1074806,1334.5,888.0,1,21365,1
1211,1074807,1151.75,662.6666870117188,4,21365,2
1211,1074808,1325.75,851.1666870117188,2,21366,0
1211,1074809,1219.875,682.375,4,21366,1
1211,1074810,1247.7572021484375,754.82861328125,5,21367,0
1211,1074811,1790.0,991.5,1,21368,0
1211,1074812,1177.0,679.0,1,21368,1
1221,1074719,910.3333129882812,667.4166870117188,2,21334,0
1221,1074720,886.5,730.0,2,21334,1
1221,1074721,1208.737548828125,673.7999877929688,9,21335,0
1221,1074722,1358.5,840.0,1,21335,1
1221,1074723,1177.0,679.0,2,21335,2
1221,1074724,818.0,694.0,2,21336,0
1221,1074725,886.5,730.0,1,21336,1
1221,1074726,689.0,789.0,1,21337,0
1221,1074727,1325.75,851.1666870117188,2,21338,0
1221,1074728,1209.25,673.25,2,21338,1
1221,1074729,1177.0,679.0,2,21338,2
1221,1074730,923.7750244140625,660.875,4,21339,0
1221,1074731,957.5,650.25,2,21339,1
1221,1074732,983.5,639.5,1,21339,2
1221,1074733,1151.5833740234375,664.1666870117188,4,21340,0
1221,1074734,1189.625,682.875,8,21340,1
1221,1074735,987.3958129882812,654.2708129882812,6,21341,0
1221,1074736,957.5,650.25,2,21341,1
1221,1074737,983.5,639.5,1,21341,2
1221,1074738,973.82861328125,651.9857177734375,5,21342,0
1221,1074739,957.5,650.25,2,21342,1
1221,1074740,983.5,639.5,1,21342,2
1221,1074741,818.0,694.0,2,21343,0
1221,1074742,886.5,730.0,1,21343,1
1221,1074743,752.0,726.5,1,21344,0
1221,1074744,886.5,730.0,1,21345,0
1221,1074745,841.25,691.4166870117188,2,21345,1
1221,1074746,957.5,650.25,2,21346,0
1221,1074747,987.3958129882812,654.2708129882812,6,21346,1
1221,1074748,1218.5,665.5,1,21346,2
1221,1074749,983.5,639.5,1,21346,3
1221,1074750,1151.5833740234375,664.1666870117188,4,21347,0
1221,1074751,1204.7083740234375,683.4583129882812,10,21347,1
1221,1074752,1790.0,991.5,1,21347,2
1221,1074753,1358.5,840.0,1,21347,3
1221,1074754,923.7750244140625,660.875,4,21348,0
1221,1074755,957.5,650.25,2,21348,1
1221,1074756,983.5,639.5,1,21348,2
1221,1074757,957.5,650.25,2,21349,0
1221,1074758,973.82861328125,651.9857177734375,5,21349,1
1221,1074759,983.5,639.5,1,21349,2
1221,1074760,1043.4583740234375,654.6666870117188,3,21350,0
1221,1074761,983.5,639.5,1,21350,1
1221,1074762,943.0,650.5,2,21350,2
1221,1074763,957.5,650.25,3,21350,3
1221,1074764,1201.32861328125,667.1571044921875,5,21351,0
1221,1074765,1188.3333740234375,700.3333740234375,3,21351,1
1221,1074766,1152.25,664.0,4,21351,2
1221,1074767,983.5,639.5,1,21352,0
1221,1074768,987.3958129882812,654.2708129882812,6,21352,1
1221,1074769,957.5,650.25,2,21352,2
1221,1074770,1221.561767578125,704.80517578125,11,21353,0
1221,1074771,1171.1666259765625,676.5,4,21353,1
1221,1074772,1219.2596435546875,707.6688232421875,11,21354,0
1221,1074773,1151.375,663.125,5,21354,1
1221,1074774,1043.4583740234375,654.6666870117188,3,21355,0
1221,1074775,943.0,650.5,2,21355,1
1221,1074776,957.5,650.25,3,21355,2
1221,1074777,983.5,639.5,1,21355,3
1221,1074778,1043.4583740234375,654.6666870117188,3,21356,0
1221,1074779,943.0,650.5,2,21356,1
1221,1074780,957.5,650.25,3,21356,2
1221,1074781,983.5,639.5,1,21356,3
1221,1074782,1199.17041015625,681.6761474609375,8,21357,0
1221,1074783,1151.375,663.125,5,21357,1
1221,1074784,1223.3345947265625,705.6653442382812,10,21358,0
1221,1074785,1151.375,663.125,5,21358,1
1221,1074786,1199.17041015625,681.6761474609375,8,21359,0
1221,1074787,1334.5,888.0,1,21359,1
1221,1074788,1151.375,663.125,5,21359,2
1221,1074789,1208.2442626953125,678.9318237304688,9,21360,0
1221,1074790,1172.5,678.25,3,21360,1
1221,1074791,1186.4583740234375,667.5416870117188,6,21361,0
1221,1074792,1173.89990234375,685.7999877929688,5,21361,1
1221,1074793,960.0,660.5,1,21361,2
1221,1074794,1043.4583740234375,654.6666870117188,3,21362,0
1221,1074795,1218.5,665.5,1,21362,1
1221,1074796,1127.5,649.0,1,21362,2
1221,1074797,960.0,660.5,2,21362,3
1221,1074798,946.5,654.0,1,21362,4
1221,1074799,983.5,639.5,1,21362,5
1221,1074800,1225.2916259765625,703.3333129882812,6,21363,0
1221,1074801,1151.75,662.6666870117188,4,21363,1
1221,1074802,1194.1666259765625,708.7083129882812,3,21364,0
1221,1074803,1152.25,664.0,4,21364,1
1221,1074804,1197.2916259765625,666.125,3,21364,2
1221,1074805,1205.126953125,691.3253784179688,7,21365,0
1221,1074806,1334.5,888.0,1,21365,1
1221,1074807,1151.75,662.6666870117188,4,21365,2
1221,1074808,1325.75,851.1666870117188,2,21366,0
1221,1074809,1219.875,682.375,4,21366,1
1221,1074810,1247.7572021484375,754.82861328125,5,21367,0
1221,1074811,1790.0,991.5,1,21368,0
1221,1074812,1177.0,679.0,1,21368,1
1231,1074719,910.3333129882812,667.4166870117188,2,21334,0
1231,1074720,886.5,730.0,2,21334,1
1231,1074721,1208.737548828125,673.7999877929688,9,21335,0
1231,1074722,1358.5,840.0,1,21335,1
1231,1074723,1177.0,679.0,2,21335,2
1231,1074724,818.0,694.0,2,21336,0
1231,1074725,886.5,730.0,1,21336,1
1231,1074726,689.0,789.0,1,21337,0
1231,1074727,1325.75,851.1666870117188,2,21338,0
1231,1074728,1209.25,673.25,2,21338,1
1231,1074729,1177.0,679.0,2,21338,2
1231,1074730,923.7750244140625,660.875,4,21339,0
1231,1074731,957.5,650.25,2,21339,1
1231,1074732,983.5,639.5,1,21339,2
1231,1074733,1151.5833740234375,664.1666870117188,4,21340,0
1231,1074734,1189.625,682.875,8,21340,1
1231,1074735,987.3958129882812,654.2708129882812,6,21341,0
1231,1074736,957.5,650.25,2,21341,1
1231,1074737,983.5,639.5,1,21341,2
1231,1074738,973.82861328125,651.9857177734375,5,21342,0
1231,1074739,957.5,650.25,2,21342,1
1231,1074740,983.5,639.5,1,21342,2
1231,1074741,818.0,694.0,2,21343,0
1231,1074742,886.5,730.0,1,21343,1
1231,1074743,752.0,726.5,1,21344,0
1231,1074744,886.5,730.0,1,21345,0
1231,1074745,841.25,691.4166870117188,2,21345,1
1231,1074746,957.5,650.25,2,21346,0
1231,1074747,987.3958129882812,654.2708129882812,6,21346,1
1231,1074748,1218.5,665.5,1,21346,2
1231,1074749,983.5,639.5,1,21346,3
1231,1074750,1151.5833740234375,664.1666870117188,4,21347,0
1231,1074751,1204.7083740234375,683.4583129882812,10,21347,1
1231,1074752,1790.0,991.5,1,21347,2
1231,1074753,1358.5,840.0,1,21347,3
1231,1074754,923.7750244140625,660.875,4,21348,0
1231,1074755,957.5,650.25,2,21348,1
1231,1074756,983.5,639.5,1,21348,2
1231,1074757,957.5,650.25,2,21349,0
1231,1074758,973.82861328125,651.9857177734375,5,21349,1
1231,1074759,983.5,639.5,1,21349,2
1231,1074760,1043.4583740234375,654.6666870117188,3,21350,0
1231,1074761,983.5,639.5,1,21350,1
1231,1074762,943.0,650.5,2,21350,2
1231,1074763,957.5,650.25,3,21350,3
1231,1074764,1201.32861328125,667.1571044921875,5,21351,0
1231,1074765,1188.3333740234375,700.3333740234375,3,21351,1
1231,1074766,1152.25,664.0,4,21351,2
1231,1074767,983.5,639.5,1,21352,0
1231,1074768,987.3958129882812,654.2708129882812,6,21352,1
1231,1074769,957.5,650.25,2,21352,2
1231,1074770,1221.561767578125,704.80517578125,11,21353,0
1231,1074771,1171.1666259765625,676.5,4,21353,1
1231,1074772,1219.2596435546875,707.6688232421875,11,21354,0
1231,1074773,1151.375,663.125,5,21354,1
1231,1074774,1043.4583740234375,654.6666870117188,3,21355,0
1231,1074775,943.0,650.5,2,21355,1
1231,1074776,957.5,650.25,3,21355,2
1231,1074777,983.5,639.5,1,21355,3
1231,1074778,1043.4583740234375,654.6666870117188,3,21356,0
1231,1074779,943.0,650.5,2,21356,1
1231,1074780,957.5,650.25,3,21356,2
1231,1074781,983.5,639.5,1,21356,3
1231,1074782,1199.17041015625,681.6761474609375,8,21357,0
1231,1074783,1151.375,663.125,5,21357,1
1231,1074784,1223.3345947265625,705.6653442382812,10,21358,0
1231,1074785,1151.375,663.125,5,21358,1
1231,1074786,1199.17041015625,681.6761474609375,8,21359,0
1231,1074787,1334.5,888.0,1,21359,1
1231,1074788,1151.375,663.125,5,21359,2
1231,1074789,1208.2442626953125,678.9318237304688,9,21360,0
1231,1074790,1172.5,678.25,3,21360,1
1231,1074791,1186.4583740234375,667.5416870117188,6,21361,0
1231,1074792,1173.89990234375,685.7999877929688,5,21361,1
1231,1074793,960.0,660.5,1,21361,2
1231,1074794,1043.4583740234375,654.6666870117188,3,21362,0
1231,1074795,1218.5,665.5,1,21362,1
1231,1074796,1127.5,649.0,1,21362,2
1231,1074797,960.0,660.5,2,21362,3
1231,1074798,946.5,654.0,1,21362,4
1231,1074799,983.5,639.5,1,21362,5
1231,1074800,1225.2916259765625,703.3333129882812,6,21363,0
1231,1074801,1151.75,662.6666870117188,4,21363,1
1231,1074802,1194.1666259765625,708.7083129882812,3,21364,0
1231,1074803,1152.25,664.0,4,21364,1
1231,1074804,1197.2916259765625,666.125,3,21364,2
1231,1074805,1205.126953125,691.3253784179688,7,21365,0
1231,1074806,1334.5,888.0,1,21365,1
1231,1074807,1151.75,662.6666870117188,4,21365,2
1231,1074808,1325.75,851.1666870117188,2,21366,0
1231,1074809,1219.875,682.375,4,21366,1
1231,1074810,1247.7572021484375,754.82861328125,5,21367,0
1231,1074811,1790.0,991.5,1,21368,0
1231,1074812,1177.0,679.0,1,21368,1
1241,1074719,910.3333129882812,667.4166870117188,2,21334,0
1241,1074720,886.5,730.0,2,21334,1
1241,1074721,1208.737548828125,673.7999877929688,9,21335,0
1241,1074722,1358.5,840.0,1,21335,1
1241,1074723,1177.0,679.0,2,21335,2
1241,1074724,818.0,694.0,2,21336,0
1241,1074725,886.5,730.0,1,21336,1
1241,1074726,689.0,789.0,1,21337,0
1241,1074727,1325.75,851.1666870117188,2,21338,0
1241,1074728,1209.25,673.25,2,21338,1
1241,1074729,1177.0,679.0,2,21338,2
1241,1074730,923.7750244140625,660.875,4,21339,0
1241,1074731,957.5,650.25,2,21339,1
1241,1074732,983.5,639.5,1,21339,2
1241,1074733,1151.5833740234375,664.1666870117188,4,21340,0
1241,1074734,1189.625,682.875,8,21340,1
1241,1074735,987.3958129882812,654.2708129882812,6,21341,0
1241,1074736,957.5,650.25,3,21341,1
1241,1074737,983.5,639.5,1,21341,2
1241,1074738,973.82861328125,651.9857177734375,5,21342,0
1241,1074739,957.5,650.25,3,21342,1
1241,1074740,983.5,639.5,1,21342,2
1241,1074741,818.0,694.0,2,21343,0
1241,1074742,886.5,730.0,1,21343,1
1241,1074743,752.0,726.5,1,21344,0
1241,1074744,886.5,730.0,1,21345,0
1241,1074745,841.25,691.4166870117188,2,21345,1
1241,1074746,957.5,650.25,3,21346,0
1241,1074747,987.3958129882812,654.2708129882812,6,21346,1
1241,1074748,1218.5,665.5,1,21346,2
1241,1074749,983.5,639.5,1,21346,3
1241,1074750,1151.5833740234375,664.1666870117188,4,21347,0
1241,1074751,1204.7083740234375,683.4583129882812,10,21347,1
1241,1074752,1790.0,991.5,1,21347,2
1241,1074753,1358.5,840.0,1,21347,3
1241,1074754,923.7750244140625,660.875,4,21348,0
1241,1074755,957.5,650.25,2,21348,1
1241,1074756,983.5,639.5,1,21348,2
1241,1074757,957.5,650.25,3,21349,0
1241,1074758,973.82861328125,651.9857177734375,5,21349,1
1241,1074759,983.5,639.5,1,21349,2
1241,1074760,1043.4583740234375,654.6666870117188,3,21350,0
1241,1074761,983.5,639.5,1,21350,1
1241,1074762,943.0,650.5,2,21350,2
1241,1074763,957.5,650.25,3,21350,3
1241,1074764,1201.32861328125,667.1571044921875,5,21351,0
1241,1074765,1188.3333740234375,700.3333740234375,3,21351,1
1241,1074766,1152.25,664.0,4,21351,2
1241,1074767,983.5,639.5,1,21352,0
1241,1074768,987.3958129882812,654.2708129882812,6,21352,1
1241,1074769,957.5,650.25,3,21352,2
1241,1074770,1221.561767578125,704.80517578125,11,21353,0
1241,1074771,1171.1666259765625,676.5,4,21353,1
1241,1074772,1219.2596435546875,707.6688232421875,11,21354,0
1241,1074773,1151.375,663.125,5,21354,1
1241,1074774,1043.4583740234375,654.6666870117188,3,21355,0
1241,1074775,943.0,650.5,2,21355,1
1241,1074776,957.5,650.25,3,21355,2
1241,1074777,983.5,639.5,1,21355,3
1241,1074778,1043.4583740234375,654.6666870117188,3,21356,0
1241,1074779,943.0,650.5,2,21356,1
1241,1074780,957.5,650.25,3,21356,2
1241,1074781,983.5,639.5,1,21356,3
1241,1074782,1199.17041015625,681.6761474609375,8,21357,0
1241,1074783,1151.375,663.125,5,21357,1
1241,1074784,1223.3345947265625,705.6653442382812,10,21358,0
1241,1074785,1151.375,663.125,5,21358,1
1241,1074786,1199.17041015625,681.6761474609375,8,21359,0
1241,1074787,1334.5,888.0,1,21359,1
1241,1074788,1151.375,663.125,5,21359,2
1241,1074789,1208.2442626953125,678.9318237304688,9,21360,0
1241,1074790,1172.5,678.25,3,21360,1
1241,1074791,1186.4583740234375,667.5416870117188,6,21361,0
1241,1074792,1173.89990234375,685.7999877929688,5,21361,1
1241,1074793,960.0,660.5,1,21361,2
1241,1074794,1043.4583740234375,654.6666870117188,3,21362,0
1241,1074795,1218.5,665.5,1,21362,1
1241,1074796,1127.5,649.0,1,21362,2
1241,1074797,960.0,660.5,2,21362,3
1241,1074798,946.5,654.0,1,21362,4
1241,1074799,983.5,639.5,1,21362,5
1241,1074800,1225.2916259765625,703.3333129882812,6,21363,0
1241,1074801,1151.75,662.6666870117188,4,21363,1
1241,1074802,1194.1666259765625,708.7083129882812,3,21364,0
1241,1074803,1152.25,664.0,4,21364,1
1241,1074804,1197.2916259765625,666.125,3,21364,2
1241,1074805,1205.126953125,691.3253784179688,7,21365,0
1241,1074806,1334.5,888.0,1,21365,1
1241,1074807,1151.75,662.6666870117188,4,21365,2
1241,1074808,1325.75,851.1666870117188,2,21366,0
1241,1074809,1219.875,682.375,4,21366,1
1241,1074810,1247.7572021484375,754.82861328125,5,21367,0
1241,1074811,1790.0,991.5,1,21368,0
1241,1074812,1177.0,679.0,1,21368,1
1251,1074719,911.3333129882812,671.4166870117188,2,21334,0
1251,1074720,914.25,745.5,2,21334,1
1251,1074721,1205.3089599609375,674.2999877929688,7,21335,0
1251,1074722,1350.0,836.5,1,21335,1
1251,1074723,1174.625,682.75,4,21335,2
1251,1074724,803.0,697.75,2,21336,0
1251,1074725,939.5,757.0,1,21336,1
1251,1074726,611.5,809.5,1,21337,0
1251,1074727,1323.25,847.1666870117188,2,21338,0
1251,1074728,1209.25,672.5,2,21338,1
1251,1074729,1178.75,683.75,2,21338,2
1251,1074730,923.7750244140625,664.2083129882812,3,21339,0
1251,1074731,953.75,651.0,2,21339,1
1251,1074732,978.5,642.5,1,21339,2
1251,1074733,1151.683349609375,666.86669921875,5,21340,0
1251,1074734,1182.5535888671875,683.2321166992188,7,21340,1
1251,1074735,985.0208129882812,657.0208129882812,4,21341,0
1251,1074736,953.75,651.0,2,21341,1
1251,1074737,978.5,642.5,1,21341,2
1251,1074738,972.95361328125,655.2357177734375,4,21342,0
1251,1074739,953.75,651.0,2,21342,1
1251,1074740,978.5,642.5,1,21342,2
1251,1074741,803.0,697.75,2,21343,0
1251,1074742,939.5,757.0,1,21343,1
1251,1074743,717.5,748.5,1,21344,0
1251,1074744,939.5,757.0,1,21345,0
1251,1074745,832.25,695.9166870117188,2,21345,1
1251,1074746,953.75,651.0,2,21346,0
1251,1074747,985.0208129882812,657.0208129882812,4,21346,1
1251,1074748,1218.5,665.5,1,21346,2
1251,1074749,978.5,642.5,1,21346,3
1251,1074750,1159.0833740234375,669.1666870117188,3,21347,0
1251,1074751,1197.2083740234375,683.4027709960938,9,21347,1
1251,1074752,1777.5,984.5,1,21347,2
1251,1074753,1350.0,836.5,1,21347,3
1251,1074754,923.7750244140625,664.2083129882812,3,21348,0
1251,1074755,953.75,651.0,2,21348,1
1251,1074756,978.5,642.5,1,21348,2
1251,1074757,953.75,651.0,2,21349,0
1251,1074758,972.95361328125,655.2357177734375,4,21349,1
1251,1074759,978.5,642.5,1,21349,2
1251,1074760,1039.2083740234375,657.9166870117188,2,21350,0
1251,1074761,978.5,642.5,1,21350,1
1251,1074762,940.5,652.5,2,21350,2
1251,1074763,953.75,651.0,2,21350,3
1251,1074764,1200.82861328125,667.3571166992188,5,21351,0
1251,1074765,1183.5833740234375,699.8333740234375,2,21351,1
1251,1074766,1150.25,667.0999755859375,5,21351,2
1251,1074767,978.5,642.5,1,21352,0
1251,1074768,985.0208129882812,657.0208129882812,4,21352,1
1251,1074769,953.75,651.0,2,21352,2
1251,1074770,1215.339599609375,705.194091796875,9,21353,0
1251,1074771,1175.833251953125,680.3333129882812,3,21353,1
1251,1074772,1212.42626953125,707.3355102539062,9,21354,0
1251,1074773,1153.7750244140625,665.2249755859375,5,21354,1
1251,1074774,1039.2083740234375,657.9166870117188,2,21355,0
1251,1074775,940.5,652.5,2,21355,1
1251,1074776,953.75,651.0,2,21355,2
1251,1074777,978.5,642.5,1,21355,3
1251,1074778,1039.2083740234375,657.9166870117188,2,21356,0
1251,1074779,940.5,652.5,2,21356,1
1251,1074780,953.75,651.0,2,21356,2
1251,1074781,978.5,642.5,1,21356,3
1251,1074782,1194.813232421875,681.1761474609375,7,21357,0
1251,1074783,1153.074951171875,666.9249877929688,5,21357,1
1251,1074784,1216.501220703125,705.33203125,9,21358,0
1251,1074785,1157.125,666.5,4,21358,1
1251,1074786,1194.813232421875,681.1761474609375,7,21359,0
1251,1074787,1330.5,883.0,1,21359,1
1251,1074788,1153.074951171875,666.9249877929688,5,21359,2
1251,1074789,1203.57763671875,678.5985107421875,9,21360,0
1251,1074790,1175.3333740234375,684.5833129882812,3,21360,1
1251,1074791,1185.558349609375,668.5416870117188,5,21361,0
1251,1074792,1174.02490234375,688.2999877929688,4,21361,1
1251,1074793,959.75,660.25,2,21361,2
1251,1074794,1039.2083740234375,657.9166870117188,2,21362,0
1251,1074795,1218.5,665.5,1,21362,1
1251,1074796,1127.5,649.0,1,21362,2
1251,1074797,957.75,661.5,2,21362,3
1251,1074798,944.5,656.0,1,21362,4
1251,1074799,978.5,642.5,1,21362,5
1251,1074800,1227.208251953125,703.1666259765625,6,21363,0
1251,1074801,1149.25,665.5416870117188,4,21363,1
1251,1074802,1189.4166259765625,708.2083129882812,2,21364,0
1251,1074803,1149.75,666.25,4,21364,1
1251,1074804,1192.625,667.4583129882812,3,21364,2
1251,1074805,1202.9603271484375,690.3253784179688,6,21365,0
1251,1074806,1330.5,883.0,1,21365,1
1251,1074807,1147.1500244140625,666.4666748046875,5,21365,2
1251,1074808,1323.25,847.1666870117188,2,21366,0
1251,1074809,1224.0416259765625,683.2083129882812,3,21366,1
1251,1074810,1244.357177734375,753.7286376953125,5,21367,0
1251,1074811,1777.5,984.5,1,21368,0
1251,1074812,1189.0,692.0,1,21368,1
1271,1074813,839.0,727.5,2,21369,0
1271,1074814,883.25,701.5,2,21369,1
1271,1074815,1357.3333740234375,801.5,3,21370,0
1271,1074816,1221.0,784.5,2,21370,1
1271,1074817,1156.25,665.25,4,21370,2
1271,1074818,1165.699951171875,661.5,5,21371,0
1271,1074819,1192.25,673.0,2,21371,1
1271,1074820,1361.1666259765625,768.5,3,21371,2
1271,1074821,687.5,756.5,1,21372,0
1271,1074822,1261.6875,729.5,8,21373,0
1271,1074823,1159.8333740234375,659.1666870117188,6,21373,1
1271,1074824,878.5,687.0,5,21374,0
1271,1074825,866.8333129882812,714.6666870117188,3,21374,1
1271,1074826,1128.1666259765625,658.5,3,21375,0
1271,1074827,1187.0416259765625,720.375,12,21375,1
1271,1074828,922.5,689.0,1,21376,0
1271,1074829,899.4285888671875,673.5,7,21376,1
1271,1074830,902.0,670.888916015625,9,21377,0
1271,1074831,922.5,689.0,1,21377,1
1271,1074832,994.875,648.375,8,21378,0
1271,1074833,839.0,727.5,2,21379,0
1271,1074834,871.1666870117188,694.5,3,21379,1
1271,1074835,887.5,678.1428833007812,7,21380,0
1271,1074836,836.0,714.5,1,21380,1
1271,1074837,892.875,674.375,8,21381,0
1271,1074838,922.5,689.0,1,21381,1
1271,1074839,1032.142822265625,648.4285888671875,7,21382,0
1271,1074840,1128.5,690.5,1,21382,1
1271,1074841,887.5,678.1428833007812,7,21383,0
1271,1074842,866.8333129882812,714.6666870117188,3,21383,1
1271,1074843,1230.95458984375,736.3636474609375,11,21384,0
1271,1074844,1159.8333740234375,659.1666870117188,6,21384,1
1271,1074845,1159.8333740234375,659.1666870117188,6,21385,0
1271,1074846,1230.9375,738.0625,16,21385,1
1271,1074847,894.3571166992188,668.0,7,21386,0
1271,1074848,922.5,689.0,1,21386,1
1271,1074849,902.5625,664.75,8,21387,0
1271,1074850,922.5,689.0,1,21387,1
1271,1074851,1032.142822265625,648.4285888671875,7,21388,0
1271,1074852,1165.699951171875,661.5,5,21389,0
1271,1074853,1256.392822265625,750.5,14,21389,1
1271,1074854,1511.5,1000.5,1,21389,2
1271,1074855,1159.8333740234375,659.1666870117188,6,21390,0
1271,1074856,1227.7142333984375,727.6428833007812,14,21390,1
1271,1074857,1165.699951171875,661.5,5,21391,0
1271,1074858,1261.0,733.9444580078125,9,21391,1
1271,1074859,971.7857055664062,650.2142944335938,7,21392,0
1271,1074860,923.5,656.6428833007812,7,21393,0
1271,1074861,922.5,689.0,1,21393,1
1271,1074862,1060.5714111328125,651.4285888671875,7,21394,0
1271,1074863,1128.5,690.5,1,21394,1
1271,1074864,1151.0999755859375,661.7000122070312,5,21394,2
1271,1074865,1032.142822265625,648.4285888671875,7,21395,0
1271,1074866,1128.5,690.5,1,21395,1
1271,1074867,1058.0,650.7999877929688,5,21396,0
1271,1074868,1128.5,690.5,1,21396,1
1271,1074869,1128.1666259765625,658.5,3,21396,2
1271,1074870,1172.6666259765625,718.888916015625,9,21397,0
1271,1074871,1151.0999755859375,661.7000122070312,5,21397,1
1271,1074872,1097.125,686.9375,8,21398,0
1271,1074873,1142.875,664.625,4,21398,1
1271,1074874,1362.625,791.125,4,21399,0
1271,1074875,1192.25,673.0,2,21399,1
1271,1074876,1165.699951171875,661.5,5,21399,2
1271,1074877,1241.1500244140625,762.9000244140625,10,21400,0
1271,1074878,1142.875,664.625,4,21400,1
1271,1074879,1186.27783203125,749.5555419921875,9,21401,0
1271,1074880,1128.1666259765625,658.5,3,21401,1
1271,1074881,1209.77783203125,738.2222290039062,9,21402,0
1271,1074882,1044.5,757.5,1,21402,1
1271,1074883,1151.0999755859375,661.7000122070312,5,21402,2
1271,1074884,1209.77783203125,738.2222290039062,9,21403,0
1271,1074885,1044.5,757.5,1,21403,1
1271,1074886,1142.875,664.625,4,21403,2
1271,1074887,1361.1666259765625,768.5,3,21404,0
1271,1074888,1210.5,682.0,1,21404,1
1271,1074889,1165.699951171875,661.5,5,21404,2
1271,1074890,1161.4166259765625,728.9166870117188,6,21405,0
1271,1074891,1236.25,759.6875,8,21406,0
1271,1074892,1157.3333740234375,665.1666870117188,3,21406,1
1271,1074893,1250.77783203125,770.7222290039062,9,21407,0
1271,1074894,1142.5,656.25,2,21407,1
1271,1074895,1282.5555419921875,764.7777709960938,9,21408,0
1271,1074896,1165.699951171875,661.5,5,21408,1
1271,1074897,1416.0,916.0,1,21409,0
1271,1074898,1511.5,1000.5,1,21409,1
1271,1074899,1187.0,683.0,1,21409,2
1271,1074900,1511.5,1000.5,1,21410,0
1271,1074901,1416.0,916.0,1,21410,1
1271,1074902,1187.0,683.0,1,21410,2
1281,1074813,839.0,727.5,2,21369,0
1281,1074814,883.25,701.5,2,21369,1
1281,1074815,1357.3333740234375,801.5,3,21370,0
1281,1074816,1221.0,784.5,2,21370,1
1281,1074817,1156.25,665.25,4,21370,2
1281,1074818,1165.699951171875,661.5,5,21371,0
1281,1074819,1192.25,673.0,2,21371,1
1281,1074820,1361.1666259765625,768.5,3,21371,2
1281,1074821,687.5,756.5,1,21372,0
1281,1074822,1261.6875,729.5,8,21373,0
1281,1074823,1159.8333740234375,659.1666870117188,6,21373,1
1281,1074824,878.5,687.0,5,21374,0
1281,1074825,866.8333129882812,714.6666870117188,3,21374,1
1281,1074826,1128.1666259765625,658.5,3,21375,0
1281,1074827,1187.0416259765625,720.375,12,21375,1
1281,1074828,922.5,689.0,1,21376,0
1281,1074829,899.4285888671875,673.5,7,21376,1
1281,1074830,902.0,670.888916015625,9,21377,0
1281,1074831,922.5,689.0,1,21377,1
1281,1074832,994.875,648.375,8,21378,0
1281,1074833,839.0,727.5,2,21379,0
1281,1074834,871.1666870117188,694.5,3,21379,1
1281,1074835,887.5,678.1428833007812,7,21380,0
1281,1074836,836.0,714.5,1,21380,1
1281,1074837,892.875,674.375,8,21381,0
1281,1074838,922.5,689.0,1,21381,1
1281,1074839,1032.142822265625,648.4285888671875,7,21382,0
1281,1074840,1128.5,690.5,1,21382,1
1281,1074841,887.5,678.1428833007812,7,21383,0
1281,1074842,866.8333129882812,714.6666870117188,3,21383,1
1281,1074843,1230.95458984375,736.3636474609375,11,21384,0
1281,1074844,1159.8333740234375,659.1666870117188,6,21384,1
1281,1074845,1159.8333740234375,659.1666870117188,6,21385,0
1281,1074846,1230.9375,738.0625,16,21385,1
1281,1074847,894.3571166992188,668.0,7,21386,0
1281,1074848,922.5,689.0,1,21386,1
1281,1074849,902.5625,664.75,8,21387,0
1281,1074850,922.5,689.0,1,21387,1
1281,1074851,1032.142822265625,648.4285888671875,7,21388,0
1281,1074852,1165.699951171875,661.5,5,21389,0
1281,1074853,1256.392822265625,750.5,14,21389,1
1281,1074854,1511.5,1000.5,1,21389,2
1281,1074855,1159.8333740234375,659.1666870117188,6,21390,0
1281,1074856,1227.7142333984375,727.6428833007812,14,21390,1
1281,1074857,1165.699951171875,661.5,5,21391,0
1281,1074858,1261.0,733.9444580078125,9,21391,1
1281,1074859,971.7857055664062,650.2142944335938,7,21392,0
1281,1074860,923.5,656.6428833007812,7,21393,0
1281,1074861,922.5,689.0,1,21393,1
1281,1074862,1060.5714111328125,651.4285888671875,7,21394,0
1281,1074863,1128.5,690.5,1,21394,1
1281,1074864,1151.0999755859375,661.7000122070312,5,21394,2
1281,1074865,1032.142822265625,648.4285888671875,7,21395,0
1281,1074866,1128.5,690.5,1,21395,1
1281,1074867,1058.0,650.7999877929688,5,21396,0
1281,1074868,1128.5,690.5,1,21396,1
1281,1074869,1128.1666259765625,658.5,3,21396,2
1281,1074870,1172.6666259765625,718.888916015625,9,21397,0
1281,1074871,1151.0999755859375,661.7000122070312,5,21397,1
1281,1074872,1097.125,686.9375,8,21398,0
1281,1074873,1142.875,664.625,4,21398,1
1281,1074874,1362.625,791.125,4,21399,0
1281,1074875,1192.25,673.0,2,21399,1
1281,1074876,1165.699951171875,661.5,5,21399,2
1281,1074877,1241.1500244140625,762.9000244140625,10,21400,0
1281,1074878,1142.875,664.625,4,21400,1
1281,1074879,1186.27783203125,749.5555419921875,9,21401,0
1281,1074880,1128.1666259765625,658.5,3,21401,1
1281,1074881,1209.77783203125,738.2222290039062,9,21402,0
1281,1074882,1044.5,757.5,1,21402,1
1281,1074883,1151.0999755859375,661.7000122070312,5,21402,2
1281,1074884,1209.77783203125,738.2222290039062,9,21403,0
1281,1074885,1044.5,757.5,1,21403,1
1281,1074886,1142.875,664.625,4,21403,2
1281,1074887,1361.1666259765625,768.5,3,21404,0
1281,1074888,1210.5,682.0,1,21404,1
1281,1074889,1165.699951171875,661.5,5,21404,2
1281,1074890,1161.4166259765625,728.9166870117188,6,21405,0
1281,1074891,1236.25,759.6875,8,21406,0
1281,1074892,1157.3333740234375,665.1666870117188,3,21406,1
1281,1074893,1250.77783203125,770.7222290039062,9,21407,0
1281,1074894,1142.5,656.25,2,21407,1
1281,1074895,1282.5555419921875,764.7777709960938,9,21408,0
1281,1074896,1165.699951171875,661.5,5,21408,1
1281,1074897,1416.0,916.0,1,21409,0
1281,1074898,1511.5,1000.5,1,21409,1
1281,1074899,1187.0,683.0,1,21409,2
1281,1074900,1511.5,1000.5,1,21410,0
1281,1074901,1416.0,916.0,1,21410,1
1281,1074902,1187.0,683.0,1,21410,2
1291,1074813,839.0,727.5,2,21369,0
1291,1074814,883.25,701.5,2,21369,1
1291,1074815,1357.3333740234375,801.5,3,21370,0
1291,1074816,1221.0,784.5,2,21370,1
1291,1074817,1156.25,665.25,4,21370,2
1291,1074818,1165.699951171875,661.5,5,21371,0
1291,1074819,1192.25,673.0,2,21371,1
1291,1074820,1361.1666259765625,768.5,3,21371,2
1291,1074821,687.5,756.5,1,21372,0
1291,1074822,1261.6875,729.5,8,21373,0
1291,1074823,1159.8333740234375,659.1666870117188,6,21373,1
1291,1074824,878.5,687.0,5,21374,0
1291,1074825,866.8333129882812,714.6666870117188,3,21374,1
1291,1074826,1128.1666259765625,658.5,3,21375,0
1291,1074827,1187.0416259765625,720.375,12,21375,1
1291,1074828,922.5,689.0,1,21376,0
1291,1074829,899.4285888671875,673.5,7,21376,1
1291,1074830,902.0,670.888916015625,9,21377,0
1291,1074831,922.5,689.0,1,21377,1
1291,1074832,994.875,648.375,8,21378,0
1291,1074833,839.0,727.5,2,21379,0
1291,1074834,871.1666870117188,694.5,3,21379,1
1291,1074835,887.5,678.1428833007812,7,21380,0
1291,1074836,836.0,714.5,1,21380,1
1291,1074837,892.875,674.375,8,21381,0
1291,1074838,922.5,689.0,1,21381,1
1291,1074839,1032.142822265625,648.4285888671875,7,21382,0
1291,1074840,1128.5,690.5,1,21382,1
1291,1074841,887.5,678.1428833007812,7,21383,0
1291,1074842,866.8333129882812,714.6666870117188,3,21383,1
1291,1074843,1230.95458984375,736.3636474609375,11,21384,0
1291,1074844,1159.8333740234375,659.1666870117188,6,21384,1
1291,1074845,1159.8333740234375,659.1666870117188,6,21385,0
1291,1074846,1230.9375,738.0625,16,21385,1
1291,1074847,894.3571166992188,668.0,7,21386,0
1291,1074848,922.5,689.0,1,21386,1
1291,1074849,902.5625,664.75,8,21387,0
1291,1074850,922.5,689.0,1,21387,1
1291,1074851,1032.142822265625,648.4285888671875,7,21388,0
1291,1074852,1165.699951171875,661.5,5,21389,0
1291,1074853,1256.392822265625,750.5,14,21389,1
1291,1074854,1511.5,1000.5,1,21389,2
1291,1074855,1159.8333740234375,659.1666870117188,6,21390,0
1291,1074856,1227.7142333984375,727.6428833007812,14,21390,1
1291,1074857,1165.699951171875,661.5,5,21391,0
1291,1074858,1261.0,733.9444580078125,9,21391,1
1291,1074859,971.7857055664062,650.2142944335938,7,21392,0
1291,1074860,923.5,656.6428833007812,7,21393,0
1291,1074861,922.5,689.0,1,21393,1
1291,1074862,1060.5714111328125,651.4285888671875,7,21394,0
1291,1074863,1128.5,690.5,1,21394,1
1291,1074864,1151.0999755859375,661.7000122070312,5,21394,2
1291,1074865,1032.142822265625,648.4285888671875,7,21395,0
1291,1074866,1128.5,690.5,1,21395,1
1291,1074867,1058.0,650.7999877929688,5,21396,0
1291,1074868,1128.5,690.5,1,21396,1
1291,1074869,1128.1666259765625,658.5,3,21396,2
1291,1074870,1172.6666259765625,718.888916015625,9,21397,0
1291,1074871,1151.0999755859375,661.7000122070312,5,21397,1
1291,1074872,1097.125,686.9375,8,21398,0
1291,1074873,1142.875,664.625,4,21398,1
1291,1074874,1362.625,791.125,4,21399,0
1291,1074875,1192.25,673.0,2,21399,1
1291,1074876,1165.699951171875,661.5,5,21399,2
1291,1074877,1241.1500244140625,762.9000244140625,10,21400,0
1291,1074878,1142.875,664.625,4,21400,1
1291,1074879,1186.27783203125,749.5555419921875,9,21401,0
1291,1074880,1128.1666259765625,658.5,3,21401,1
1291,1074881,1209.77783203125,738.2222290039062,9,21402,0
1291,1074882,1044.5,757.5,1,21402,1
1291,1074883,1151.0999755859375,661.7000122070312,5,21402,2
1291,1074884,1209.77783203125,738.2222290039062,9,21403,0
1291,1074885,1044.5,757.5,1,21403,1
1291,1074886,1142.875,664.625,4,21403,2
1291,1074887,1361.1666259765625,768.5,3,21404,0
1291,1074888,1210.5,682.0,1,21404,1
1291,1074889,1165.699951171875,661.5,5,21404,2
1291,1074890,1161.4166259765625,728.9166870117188,6,21405,0
1291,1074891,1236.25,759.6875,8,21406,0
1291,1074892,1157.3333740234375,665.1666870117188,3,21406,1
1291,1074893,1250.77783203125,770.7222290039062,9,21407,0
1291,1074894,1142.5,656.25,2,21407,1
1291,1074895,1282.5555419921875,764.7777709960938,9,21408,0
1291,1074896,1165.699951171875,661.5,5,21408,1
1291,1074897,1416.0,916.0,1,21409,0
1291,1074898,1511.5,1000.5,1,21409,1
1291,1074899,1187.0,683.0,1,21409,2
1291,1074900,1511.5,1000.5,1,21410,0
1291,1074901,1416.0,916.0,1,21410,1
1291,1074902,1187.0,683.0,1,21410,2
1301,1074813,839.0,727.5,2,21369,0
1301,1074814,883.25,701.5,2,21369,1
1301,1074815,1357.3333740234375,801.5,3,21370,0
1301,1074816,1221.0,784.5,2,21370,1
1301,1074817,1156.25,665.25,4,21370,2
1301,1074818,1165.699951171875,661.5,5,21371,0
1301,1074819,1192.25,673.0,2,21371,1
1301,1074820,1361.1666259765625,768.5,3,21371,2
1301,1074821,687.5,756.5,1,21372,0
1301,1074822,1261.6875,729.5,8,21373,0
1301,1074823,1159.8333740234375,659.1666870117188,6,21373,1
1301,1074824,878.5,687.0,5,21374,0
1301,1074825,866.8333129882812,714.6666870117188,3,21374,1
1301,1074826,1128.1666259765625,658.5,3,21375,0
1301,1074827,1187.0416259765625,720.375,12,21375,1
1301,1074828,922.5,689.0,1,21376,0
1301,1074829,899.4285888671875,673.5,7,21376,1
1301,1074830,902.0,670.888916015625,9,21377,0
1301,1074831,922.5,689.0,1,21377,1
1301,1074832,994.875,648.375,8,21378,0
1301,1074833,839.0,727.5,2,21379,0
1301,1074834,871.1666870117188,694.5,3,21379,1
1301,1074835,887.5,678.1428833007812,7,21380,0
1301,1074836,836.0,714.5,1,21380,1
1301,1074837,892.875,674.375,8,21381,0
1301,1074838,922.5,689.0,1,21381,1
1301,1074839,1032.142822265625,648.4285888671875,7,21382,0
1301,1074840,1128.5,690.5,1,21382,1
1301,1074841,887.5,678.1428833007812,7,21383,0
1301,1074842,866.8333129882812,714.6666870117188,3,21383,1
1301,1074843,1230.95458984375,736.3636474609375,11,21384,0
1301,1074844,1159.8333740234375,659.1666870117188,6,21384,1
1301,1074845,1159.8333740234375,659.1666870117188,6,21385,0
1301,1074846,1230.9375,738.0625,16,21385,1
1301,1074847,894.3571166992188,668.0,7,21386,0
1301,1074848,922.5,689.0,1,21386,1
1301,1074849,902.5625,664.75,8,21387,0
1301,1074850,922.5,689.0,1,21387,1
1301,1074851,1032.142822265625,648.4285888671875,7,21388,0
1301,1074852,1165.699951171875,661.5,5,21389,0
1301,1074853,1256.392822265625,750.5,14,21389,1
1301,1074854,1511.5,1000.5,1,21389,2
1301,1074855,1159.8333740234375,659.1666870117188,6,21390,0
1301,1074856,1227.7142333984375,727.6428833007812,14,21390,1
1301,1074857,1165.699951171875,661.5,5,21391,0
1301,1074858,1261.0,733.9444580078125,9,21391,1
1301,1074859,971.7857055664062,650.2142944335938,7,21392,0
1301,1074860,923.5,656.6428833007812,7,21393,0
1301,1074861,922.5,689.0,1,21393,1
1301,1074862,1060.5714111328125,651.4285888671875,7,21394,0
1301,1074863,1128.5,690.5,1,21394,1
1301,1074864,1151.0999755859375,661.7000122070312,5,21394,2
1301,1074865,1032.142822265625,648.4285888671875,7,21395,0
1301,1074866,1128.5,690.5,1,21395,1
1301,1074867,1058.0,650.7999877929688,5,21396,0
1301,1074868,1128.5,690.5,1,21396,1
1301,1074869,1128.1666259765625,658.5,3,21396,2
1301,1074870,1172.6666259765625,718.888916015625,9,21397,0
1301,1074871,1151.0999755859375,661.7000122070312,5,21397,1
1301,1074872,1097.125,686.9375,8,21398,0
1301,1074873,1142.875,664.625,4,21398,1
1301,1074874,1362.625,791.125,4,21399,0
1301,1074875,1192.25,673.0,2,21399,1
1301,1074876,1165.699951171875,661.5,5,21399,2
1301,1074877,1241.1500244140625,762.9000244140625,10,21400,0
1301,1074878,1142.875,664.625,4,21400,1
1301,1074879,1186.27783203125,749.5555419921875,9,21401,0
1301,1074880,1128.1666259765625,658.5,3,21401,1
1301,1074881,1209.77783203125,738.2222290039062,9,21402,0
1301,1074882,1044.5,757.5,1,21402,1
1301,1074883,1151.0999755859375,661.7000122070312,5,21402,2
1301,1074884,1209.77783203125,738.2222290039062,9,21403,0
1301,1074885,1044.5,757.5,1,21403,1
1301,1074886,1142.875,664.625,4,21403,2
1301,1074887,1361.1666259765625,768.5,3,21404,0
1301,1074888,1210.5,682.0,1,21404,1
1301,1074889,1165.699951171875,661.5,5,21404,2
1301,1074890,1161.4166259765625,728.9166870117188,6,21405,0
1301,1074891,1236.25,759.6875,8,21406,0
1301,1074892,1157.3333740234375,665.1666870117188,3,21406,1
1301,1074893,1250.77783203125,770.7222290039062,9,21407,0
1301,1074894,1142.5,656.25,2,21407,1
1301,1074895,1282.5555419921875,764.7777709960938,9,21408,0
1301,1074896,1165.699951171875,661.5,5,21408,1
1301,1074897,1416.0,916.0,1,21409,0
1301,1074898,1511.5,1000.5,1,21409,1
1301,1074899,1187.0,683.0,1,21409,2
1301,1074900,1511.5,1000.5,1,21410,0
1301,1074901,1416.0,916.0,1,21410,1
1301,1074902,1187.0,683.0,1,21410,2
1311,1074813,839.0,727.5,2,21369,0
1311,1074814,883.25,701.5,2,21369,1
1311,1074815,1357.3333740234375,801.5,3,21370,0
1311,1074816,1221.0,784.5,2,21370,1
1311,1074817,1156.25,665.25,4,21370,2
1311,1074818,1165.699951171875,661.5,5,21371,0
1311,1074819,1192.25,673.0,2,21371,1
1311,1074820,1361.1666259765625,768.5,3,21371,2
1311,1074821,687.5,756.5,1,21372,0
1311,1074822,1261.6875,729.5,8,21373,0
1311,1074823,1159.8333740234375,659.1666870117188,6,21373,1
1311,1074824,878.5,687.0,5,21374,0
1311,1074825,866.8333129882812,714.6666870117188,3,21374,1
1311,1074826,1128.1666259765625,658.5,3,21375,0
1311,1074827,1187.0416259765625,720.375,12,21375,1
1311,1074828,922.5,689.0,1,21376,0
1311,1074829,899.4285888671875,673.5,7,21376,1
1311,1074830,902.0,670.888916015625,9,21377,0
1311,1074831,922.5,689.0,1,21377,1
1311,1074832,994.875,648.375,8,21378,0
1311,1074833,839.0,727.5,2,21379,0
1311,1074834,871.1666870117188,694.5,3,21379,1
1311,1074835,887.5,678.1428833007812,7,21380,0
1311,1074836,836.0,714.5,1,21380,1
1311,1074837,892.875,674.375,8,21381,0
1311,1074838,922.5,689.0,1,21381,1
1311,1074839,1032.142822265625,648.4285888671875,7,21382,0
1311,1074840,1128.5,690.5,1,21382,1
1311,1074841,887.5,678.1428833007812,7,21383,0
1311,1074842,866.8333129882812,714.6666870117188,3,21383,1
1311,1074843,1230.95458984375,736.3636474609375,11,21384,0
1311,1074844,1159.8333740234375,659.1666870117188,6,21384,1
1311,1074845,1159.8333740234375,659.1666870117188,6,21385,0
1311,1074846,1230.9375,738.0625,16,21385,1
1311,1074847,894.3571166992188,668.0,7,21386,0
1311,1074848,922.5,689.0,1,21386,1
1311,1074849,902.5625,664.75,8,21387,0
1311,1074850,922.5,689.0,1,21387,1
1311,1074851,1032.142822265625,648.4285888671875,7,21388,0
1311,1074852,1165.699951171875,661.5,5,21389,0
1311,1074853,1256.392822265625,750.5,14,21389,1
1311,1074854,1511.5,1000.5,1,21389,2
1311,1074855,1159.8333740234375,659.1666870117188,6,21390,0
1311,1074856,1227.7142333984375,727.6428833007812,14,21390,1
1311,1074857,1165.699951171875,661.5,5,21391,0
1311,1074858,1261.0,733.9444580078125,9,21391,1
1311,1074859,971.7857055664062,650.2142944335938,7,21392,0
1311,1074860,923.5,656.6428833007812,7,21393,0
1311,1074861,922.5,689.0,1,21393,1
1311,1074862,1060.5714111328125,651.4285888671875,7,21394,0
1311,1074863,1128.5,690.5,1,21394,1
1311,1074864,1151.0999755859375,661.7000122070312,5,21394,2
1311,1074865,1032.142822265625,648.4285888671875,7,21395,0
1311,1074866,1128.5,690.5,1,21395,1
1311,1074867,1058.0,650.7999877929688,5,21396,0
1311,1074868,1128.5,690.5,1,21396,1
1311,1074869,1128.1666259765625,658.5,3,21396,2
1311,1074870,1172.6666259765625,718.888916015625,9,21397,0
1311,1074871,1151.0999755859375,661.7000122070312,5,21397,1
1311,1074872,1097.125,686.9375,8,21398,0
1311,1074873,1142.875,664.625,4,21398,1
1311,1074874,1362.625,791.125,4,21399,0
1311,1074875,1192.25,673.0,2,21399,1
1311,1074876,1165.699951171875,661.5,5,21399,2
1311,1074877,1241.1500244140625,762.9000244140625,10,21400,0
1311,1074878,1142.875,664.625,4,21400,1
1311,1074879,1186.27783203125,749.5555419921875,9,21401,0
1311,1074880,1128.1666259765625,658.5,3,21401,1
1311,1074881,1209.77783203125,738.2222290039062,9,21402,0
1311,1074882,1044.5,757.5,1,21402,1
1311,1074883,1151.0999755859375,661.7000122070312,5,21402,2
1311,1074884,1209.77783203125,738.2222290039062,9,21403,0
1311,1074885,1044.5,757.5,1,21403,1
1311,1074886,1142.875,664.625,4,21403,2
1311,1074887,1361.1666259765625,768.5,3,21404,0
1311,1074888,1210.5,682.0,1,21404,1
1311,1074889,1165.699951171875,661.5,5,21404,2
1311,1074890,1161.4166259765625,728.9166870117188,6,21405,0
1311,1074891,1236.25,759.6875,8,21406,0
1311,1074892,1157.3333740234375,665.1666870117188,3,21406,1
1311,1074893,1250.77783203125,770.7222290039062,9,21407,0
1311,1074894,1142.5,656.25,2,21407,1
1311,1074895,1282.5555419921875,764.7777709960938,9,21408,0
1311,1074896,1165.699951171875,661.5,5,21408,1
1311,1074897,1416.0,916.0,1,21409,0
1311,1074898,1511.5,1000.5,1,21409,1
1311,1074899,1187.0,683.0,1,21409,2
1311,1074900,1511.5,1000.5,1,21410,0
1311,1074901,1416.0,916.0,1,21410,1
1311,1074902,1187.0,683.0,1,21410,2
1321,1074813,839.0,727.5,2,21369,0
1321,1074814,883.25,701.5,2,21369,1
1321,1074815,1357.3333740234375,801.5,3,21370,0
1321,1074816,1221.0,784.5,2,21370,1
1321,1074817,1156.25,665.25,4,21370,2
1321,1074818,1165.699951171875,661.5,5,21371,0
1321,1074819,1192.25,673.0,2,21371,1
1321,1074820,1361.1666259765625,768.5,3,21371,2
1321,1074821,687.5,756.5,1,21372,0
1321,1074822,1261.6875,729.5,8,21373,0
1321,1074823,1159.8333740234375,659.1666870117188,6,21373,1
1321,1074824,878.5,687.0,5,21374,0
1321,1074825,866.8333129882812,714.6666870117188,3,21374,1
1321,1074826,1128.1666259765625,658.5,3,21375,0
1321,1074827,1187.0416259765625,720.375,12,21375,1
1321,1074828,922.5,689.0,1,21376,0
1321,1074829,899.4285888671875,673.5,7,21376,1
1321,1074830,902.0,670.888916015625,9,21377,0
1321,1074831,922.5,689.0,1,21377,1
1321,1074832,994.875,648.375,8,21378,0
1321,1074833,839.0,727.5,2,21379,0
1321,1074834,871.1666870117188,694.5,3,21379,1
1321,1074835,887.5,678.1428833007812,7,21380,0
1321,1074836,836.0,714.5,1,21380,1
1321,1074837,892.875,674.375,8,21381,0
1321,1074838,922.5,689.0,1,21381,1
1321,1074839,1032.142822265625,648.4285888671875,7,21382,0
1321,1074840,1128.5,690.5,1,21382,1
1321,1074841,887.5,678.1428833007812,7,21383,0
1321,1074842,866.8333129882812,714.6666870117188,3,21383,1
1321,1074843,1230.95458984375,736.3636474609375,11,21384,0
1321,1074844,1159.8333740234375,659.1666870117188,6,21384,1
1321,1074845,1159.8333740234375,659.1666870117188,6,21385,0
1321,1074846,1230.9375,738.0625,16,21385,1
1321,1074847,894.3571166992188,668.0,7,21386,0
1321,1074848,922.5,689.0,1,21386,1
1321,1074849,902.5625,664.75,8,21387,0
1321,1074850,922.5,689.0,1,21387,1
1321,1074851,1032.142822265625,648.4285888671875,7,21388,0
1321,1074852,1165.699951171875,661.5,5,21389,0
1321,1074853,1256.392822265625,750.5,14,21389,1
1321,1074854,1511.5,1000.5,1,21389,2
1321,1074855,1159.8333740234375,659.1666870117188,6,21390,0
1321,1074856,1227.7142333984375,727.6428833007812,14,21390,1
1321,1074857,1165.699951171875,661.5,5,21391,0
1321,1074858,1261.0,733.9444580078125,9,21391,1
1321,1074859,971.7857055664062,650.2142944335938,7,21392,0
1321,1074860,923.5,656.6428833007812,7,21393,0
1321,1074861,922.5,689.0,1,21393,1
1321,1074862,1060.5714111328125,651.4285888671875,7,21394,0
1321,1074863,1128.5,690.5,1,21394,1
1321,1074864,1151.0999755859375,661.7000122070312,5,21394,2
1321,1074865,1032.142822265625,648.4285888671875,7,21395,0
1321,1074866,1128.5,690.5,1,21395,1
1321,1074867,1058.0,650.7999877929688,5,21396,0
1321,1074868,1128.5,690.5,1,21396,1
1321,1074869,1128.1666259765625,658.5,3,21396,2
1321,1074870,1172.6666259765625,718.888916015625,9,21397,0
1321,1074871,1151.0999755859375,661.7000122070312,5,21397,1
1321,1074872,1097.125,686.9375,8,21398,0
1321,1074873,1142.875,664.625,4,21398,1
1321,1074874,1362.625,791.125,4,21399,0
1321,1074875,1192.25,673.0,2,21399,1
1321,1074876,1165.699951171875,661.5,5,21399,2
1321,1074877,1241.1500244140625,762.9000244140625,10,21400,0
1321,1074878,1142.875,664.625,4,21400,1
1321,1074879,1186.27783203125,749.5555419921875,9,21401,0
1321,1074880,1128.1666259765625,658.5,3,21401,1
1321,1074881,1209.77783203125,738.2222290039062,9,21402,0
1321,1074882,1044.5,757.5,1,21402,1
1321,1074883,1151.0999755859375,661.7000122070312,5,21402,2
1321,1074884,1209.77783203125,738.2222290039062,9,21403,0
1321,1074885,1044.5,757.5,1,21403,1
1321,1074886,1142.875,664.625,4,21403,2
1321,1074887,1361.1666259765625,768.5,3,21404,0
1321,1074888,1210.5,682.0,1,21404,1
1321,1074889,1165.699951171875,661.5,5,21404,2
1321,1074890,1161.4166259765625,728.9166870117188,6,21405,0
1321,1074891,1236.25,759.6875,8,21406,0
1321,1074892,1157.3333740234375,665.1666870117188,3,21406,1
1321,1074893,1250.77783203125,770.7222290039062,9,21407,0
1321,1074894,1142.5,656.25,2,21407,1
1321,1074895,1282.5555419921875,764.7777709960938,9,21408,0
1321,1074896,1165.699951171875,661.5,5,21408,1
1321,1074897,1416.0,916.0,1,21409,0
1321,1074898,1511.5,1000.5,1,21409,1
1321,1074899,1187.0,683.0,1,21409,2
1321,1074900,1511.5,1000.5,1,21410,0
1321,1074901,1416.0,916.0,1,21410,1
1321,1074902,1187.0,683.0,1,21410,2
1331,1074813,839.0,727.5,2,21369,0
1331,1074814,883.25,701.5,2,21369,1
1331,1074815,1357.3333740234375,801.5,3,21370,0
1331,1074816,1221.0,784.5,2,21370,1
1331,1074817,1156.25,665.25,4,21370,2
1331,1074818,1165.699951171875,661.5,5,21371,0
1331,1074819,1192.25,673.0,2,21371,1
1331,1074820,1361.1666259765625,768.5,3,21371,2
1331,1074821,687.5,756.5,1,21372,0
1331,1074822,1261.6875,729.5,8,21373,0
1331,1074823,1159.8333740234375,659.1666870117188,6,21373,1
1331,1074824,878.5,687.0,5,21374,0
1331,1074825,866.8333129882812,714.6666870117188,3,21374,1
1331,1074826,1128.1666259765625,658.5,3,21375,0
1331,1074827,1187.0416259765625,720.375,12,21375,1
1331,1074828,922.5,689.0,1,21376,0
1331,1074829,899.4285888671875,673.5,7,21376,1
1331,1074830,902.0,670.888916015625,9,21377,0
1331,1074831,922.5,689.0,1,21377,1
1331,1074832,994.875,648.375,8,21378,0
1331,1074833,839.0,727.5,2,21379,0
1331,1074834,871.1666870117188,694.5,3,21379,1
1331,1074835,887.5,678.1428833007812,7,21380,0
1331,1074836,836.0,714.5,1,21380,1
1331,1074837,892.875,674.375,8,21381,0
1331,1074838,922.5,689.0,1,21381,1
1331,1074839,1032.142822265625,648.4285888671875,7,21382,0
1331,1074840,1128.5,690.5,1,21382,1
1331,1074841,887.5,678.1428833007812,7,21383,0
1331,1074842,866.8333129882812,714.6666870117188,3,21383,1
1331,1074843,1230.95458984375,736.3636474609375,11,21384,0
1331,1074844,1159.8333740234375,659.1666870117188,6,21384,1
1331,1074845,1159.8333740234375,659.1666870117188,6,21385,0
1331,1074846,1230.9375,738.0625,16,21385,1
1331,1074847,894.3571166992188,668.0,7,21386,0
1331,1074848,922.5,689.0,1,21386,1
1331,1074849,902.5625,664.75,8,21387,0
1331,1074850,922.5,689.0,1,21387,1
1331,1074851,1032.142822265625,648.4285888671875,7,21388,0
1331,1074852,1165.699951171875,661.5,5,21389,0
1331,1074853,1256.392822265625,750.5,14,21389,1
1331,1074854,1511.5,1000.5,1,21389,2
1331,1074855,1159.8333740234375,659.1666870117188,6,21390,0
1331,1074856,1227.7142333984375,727.6428833007812,14,21390,1
1331,1074857,1165.699951171875,661.5,5,21391,0
1331,1074858,1261.0,733.9444580078125,9,21391,1
1331,1074859,971.7857055664062,650.2142944335938,7,21392,0
1331,1074860,923.5,656.6428833007812,7,21393,0
1331,1074861,922.5,689.0,1,21393,1
1331,1074862,1060.5714111328125,651.4285888671875,7,21394,0
1331,1074863,1128.5,690.5,1,21394,1
1331,1074864,1151.0999755859375,661.7000122070312,5,21394,2
1331,1074865,1032.142822265625,648.4285888671875,7,21395,0
1331,1074866,1128.5,690.5,1,21395,1
1331,1074867,1058.0,650.7999877929688,5,21396,0
1331,1074868,1128.5,690.5,1,21396,1
1331,1074869,1128.1666259765625,658.5,3,21396,2
1331,1074870,1172.6666259765625,718.888916015625,9,21397,0
1331,1074871,1151.0999755859375,661.7000122070312,5,21397,1
1331,1074872,1097.125,686.9375,8,21398,0
1331,1074873,1142.875,664.625,4,21398,1
1331,1074874,1362.625,791.125,4,21399,0
1331,1074875,1192.25,673.0,2,21399,1
1331,1074876,1165.699951171875,661.5,5,21399,2
1331,1074877,1241.1500244140625,762.9000244140625,10,21400,0
1331,1074878,1142.875,664.625,4,21400,1
1331,1074879,1186.27783203125,749.5555419921875,9,21401,0
1331,1074880,1128.1666259765625,658.5,3,21401,1
1331,1074881,1209.77783203125,738.2222290039062,9,21402,0
1331,1074882,1044.5,757.5,1,21402,1
1331,1074883,1151.0999755859375,661.7000122070312,5,21402,2
1331,1074884,1209.77783203125,738.2222290039062,9,21403,0
1331,1074885,1044.5,757.5,1,21403,1
1331,1074886,1142.875,664.625,4,21403,2
1331,1074887,1361.1666259765625,768.5,3,21404,0
1331,1074888,1210.5,682.0,1,21404,1
1331,1074889,1165.699951171875,661.5,5,21404,2
1331,1074890,1161.4166259765625,728.9166870117188,6,21405,0
1331,1074891,1236.25,759.6875,8,21406,0
1331,1074892,1157.3333740234375,665.1666870117188,3,21406,1
1331,1074893,1250.77783203125,770.7222290039062,9,21407,0
1331,1074894,1142.5,656.25,2,21407,1
1331,1074895,1282.5555419921875,764.7777709960938,9,21408,0
1331,1074896,1165.699951171875,661.5,5,21408,1
1331,1074897,1416.0,916.0,1,21409,0
1331,1074898,1511.5,1000.5,1,21409,1
1331,1074899,1187.0,683.0,1,21409,2
1331,1074900,1511.5,1000.5,1,21410,0
1331,1074901,1416.0,916.0,1,21410,1
1331,1074902,1187.0,683.0,1,21410,2
1341,1074813,839.0,727.5,2,21369,0
1341,1074814,883.25,701.5,2,21369,1
1341,1074815,1357.3333740234375,801.5,3,21370,0
1341,1074816,1221.0,784.5,2,21370,1
1341,1074817,1156.25,665.25,4,21370,2
1341,1074818,1165.699951171875,661.5,5,21371,0
1341,1074819,1192.25,673.0,2,21371,1
1341,1074820,1361.1666259765625,768.5,3,21371,2
1341,1074821,687.5,756.5,1,21372,0
1341,1074822,1261.6875,729.5,8,21373,0
1341,1074823,1159.8333740234375,659.1666870117188,6,21373,1
1341,1074824,878.5,687.0,5,21374,0
1341,1074825,866.8333129882812,714.6666870117188,3,21374,1
1341,1074826,1128.1666259765625,658.5,3,21375,0
1341,1074827,1187.0416259765625,720.375,12,21375,1
1341,1074828,922.5,689.0,1,21376,0
1341,1074829,899.4285888671875,673.5,7,21376,1
1341,1074830,902.0,670.888916015625,9,21377,0
1341,1074831,922.5,689.0,1,21377,1
1341,1074832,994.875,648.375,8,21378,0
1341,1074833,839.0,727.5,2,21379,0
1341,1074834,871.1666870117188,694.5,3,21379,1
1341,1074835,887.5,678.1428833007812,7,21380,0
1341,1074836,836.0,714.5,1,21380,1
1341,1074837,892.875,674.375,8,21381,0
1341,1074838,922.5,689.0,1,21381,1
1341,1074839,1032.142822265625,648.4285888671875,7,21382,0
1341,1074840,1128.5,690.5,1,21382,1
1341,1074841,887.5,678.1428833007812,7,21383,0
1341,1074842,866.8333129882812,714.6666870117188,3,21383,1
1341,1074843,1230.95458984375,736.3636474609375,11,21384,0
1341,1074844,1159.8333740234375,659.1666870117188,6,21384,1
1341,1074845,1159.8333740234375,659.1666870117188,6,21385,0
1341,1074846,1230.9375,738.0625,16,21385,1
1341,1074847,894.3571166992188,668.0,7,21386,0
1341,1074848,922.5,689.0,1,21386,1
1341,1074849,902.5625,664.75,8,21387,0
1341,1074850,922.5,689.0,1,21387,1
1341,1074851,1032.142822265625,648.4285888671875,7,21388,0
1341,1074852,1165.699951171875,661.5,5,21389,0
1341,1074853,1256.392822265625,750.5,14,21389,1
1341,1074854,1511.5,1000.5,1,21389,2
1341,1074855,1159.8333740234375,659.1666870117188,6,21390,0
1341,1074856,1227.7142333984375,727.6428833007812,14,21390,1
1341,1074857,1165.699951171875,661.5,5,21391,0
1341,1074858,1261.0,733.9444580078125,9,21391,1
1341,1074859,971.7857055664062,650.2142944335938,7,21392,0
1341,1074860,923.5,656.6428833007812,7,21393,0
1341,1074861,922.5,689.0,1,21393,1
1341,1074862,1060.5714111328125,651.4285888671875,7,21394,0
1341,1074863,1128.5,690.5,1,21394,1
1341,1074864,1151.0999755859375,661.7000122070312,5,21394,2
1341,1074865,1032.142822265625,648.4285888671875,7,21395,0
1341,1074866,1128.5,690.5,1,21395,1
1341,1074867,1058.0,650.7999877929688,5,21396,0
1341,1074868,1128.5,690.5,1,21396,1
1341,1074869,1128.1666259765625,658.5,3,21396,2
1341,1074870,1172.6666259765625,718.888916015625,9,21397,0
1341,1074871,1151.0999755859375,661.7000122070312,5,21397,1
1341,1074872,1097.125,686.9375,8,21398,0
1341,1074873,1142.875,664.625,4,21398,1
1341,1074874,1362.625,791.125,4,21399,0
1341,1074875,1192.25,673.0,2,21399,1
1341,1074876,1165.699951171875,661.5,5,21399,2
1341,1074877,1241.1500244140625,762.9000244140625,10,21400,0
1341,1074878,1142.875,664.625,4,21400,1
1341,1074879,1186.27783203125,749.5555419921875,9,21401,0
1341,1074880,1128.1666259765625,658.5,3,21401,1
1341,1074881,1209.77783203125,738.2222290039062,9,21402,0
1341,1074882,1044.5,757.5,1,21402,1
1341,1074883,1151.0999755859375,661.7000122070312,5,21402,2
1341,1074884,1209.77783203125,738.2222290039062,9,21403,0
1341,1074885,1044.5,757.5,1,21403,1
1341,1074886,1142.875,664.625,4,21403,2
1341,1074887,1361.1666259765625,768.5,3,21404,0
1341,1074888,1210.5,682.0,1,21404,1
1341,1074889,1165.699951171875,661.5,5,21404,2
1341,1074890,1161.4166259765625,728.9166870117188,6,21405,0
1341,1074891,1236.25,759.6875,8,21406,0
1341,1074892,1157.3333740234375,665.1666870117188,3,21406,1
1341,1074893,1250.77783203125,770.7222290039062,9,21407,0
1341,1074894,1142.5,656.25,2,21407,1
1341,1074895,1282.5555419921875,764.7777709960938,9,21408,0
1341,1074896,1165.699951171875,661.5,5,21408,1
1341,1074897,1416.0,916.0,1,21409,0
1341,1074898,1511.5,1000.5,1,21409,1
1341,1074899,1187.0,683.0,1,21409,2
1341,1074900,1511.5,1000.5,1,21410,0
1341,1074901,1416.0,916.0,1,21410,1
1341,1074902,1187.0,683.0,1,21410,2
1351,1074813,839.0,727.5,2,21369,0
1351,1074814,883.25,701.5,2,21369,1
1351,1074815,1357.3333740234375,801.5,3,21370,0
1351,1074816,1221.0,784.5,2,21370,1
1351,1074817,1156.25,665.25,4,21370,2
1351,1074818,1165.699951171875,661.5,5,21371,0
1351,1074819,1192.25,673.0,2,21371,1
1351,1074820,1361.1666259765625,768.5,3,21371,2
1351,1074821,687.5,756.5,1,21372,0
1351,1074822,1261.6875,729.5,8,21373,0
1351,1074823,1159.8333740234375,659.1666870117188,6,21373,1
1351,1074824,878.5,687.0,5,21374,0
1351,1074825,866.8333129882812,714.6666870117188,3,21374,1
1351,1074826,1128.1666259765625,658.5,3,21375,0
1351,1074827,1187.0416259765625,720.375,12,21375,1
1351,1074828,922.5,689.0,1,21376,0
1351,1074829,899.4285888671875,673.5,7,21376,1
1351,1074830,902.0,670.888916015625,9,21377,0
1351,1074831,922.5,689.0,1,21377,1
1351,1074832,994.875,648.375,8,21378,0
1351,1074833,839.0,727.5,2,21379,0
1351,1074834,871.1666870117188,694.5,3,21379,1
1351,1074835,887.5,678.1428833007812,7,21380,0
1351,1074836,836.0,714.5,1,21380,1
1351,1074837,892.875,674.375,8,21381,0
1351,1074838,922.5,689.0,1,21381,1
1351,1074839,1032.142822265625,648.4285888671875,7,21382,0
1351,1074840,1128.5,690.5,1,21382,1
1351,1074841,887.5,678.1428833007812,7,21383,0
1351,1074842,866.8333129882812,714.6666870117188,3,21383,1
1351,1074843,1230.95458984375,736.3636474609375,11,21384,0
1351,1074844,1159.8333740234375,659.1666870117188,6,21384,1
1351,1074845,1159.8333740234375,659.1666870117188,6,21385,0
1351,1074846,1230.9375,738.0625,16,21385,1
1351,1074847,894.3571166992188,668.0,7,21386,0
1351,1074848,922.5,689.0,1,21386,1
1351,1074849,902.5625,664.75,8,21387,0
1351,1074850,922.5,689.0,1,21387,1
1351,1074851,1032.142822265625,648.4285888671875,7,21388,0
1351,1074852,1165.699951171875,661.5,5,21389,0
1351,1074853,1256.392822265625,750.5,14,21389,1
1351,1074854,1511.5,1000.5,1,21389,2
1351,1074855,1159.8333740234375,659.1666870117188,6,21390,0
1351,1074856,1227.7142333984375,727.6428833007812,14,21390,1
1351,1074857,1165.699951171875,661.5,5,21391,0
1351,1074858,1261.0,733.9444580078125,9,21391,1
1351,1074859,971.7857055664062,650.2142944335938,7,21392,0
1351,1074860,923.5,656.6428833007812,7,21393,0
1351,1074861,922.5,689.0,1,21393,1
1351,1074862,1060.5714111328125,651.4285888671875,7,21394,0
1351,1074863,1128.5,690.5,1,21394,1
1351,1074864,1151.0999755859375,661.7000122070312,5,21394,2
1351,1074865,1032.142822265625,648.4285888671875,7,21395,0
1351,1074866,1128.5,690.5,1,21395,1
1351,1074867,1058.0,650.7999877929688,5,21396,0
1351,1074868,1128.5,690.5,1,21396,1
1351,1074869,1128.1666259765625,658.5,3,21396,2
1351,1074870,1172.6666259765625,718.888916015625,9,21397,0
1351,1074871,1151.0999755859375,661.7000122070312,5,21397,1
1351,1074872,1097.125,686.9375,8,21398,0
1351,1074873,1142.875,664.625,4,21398,1
1351,1074874,1362.625,791.125,4,21399,0
1351,1074875,1192.25,673.0,2,21399,1
1351,1074876,1165.699951171875,661.5,5,21399,2
1351,1074877,1241.1500244140625,762.9000244140625,10,21400,0
1351,1074878,1142.875,664.625,4,21400,1
1351,1074879,1186.27783203125,749.5555419921875,9,21401,0
1351,1074880,1128.1666259765625,658.5,3,21401,1
1351,1074881,1209.77783203125,738.2222290039062,9,21402,0
1351,1074882,1044.5,757.5,1,21402,1
1351,1074883,1151.0999755859375,661.7000122070312,5,21402,2
1351,1074884,1209.77783203125,738.2222290039062,9,21403,0
1351,1074885,1044.5,757.5,1,21403,1
1351,1074886,1142.875,664.625,4,21403,2
1351,1074887,1361.1666259765625,768.5,3,21404,0
1351,1074888,1210.5,682.0,1,21404,1
1351,1074889,1165.699951171875,661.5,5,21404,2
1351,1074890,1161.4166259765625,728.9166870117188,6,21405,0
1351,1074891,1236.25,759.6875,8,21406,0
1351,1074892,1157.3333740234375,665.1666870117188,3,21406,1
1351,1074893,1250.77783203125,770.7222290039062,9,21407,0
1351,1074894,1142.5,656.25,2,21407,1
1351,1074895,1282.5555419921875,764.7777709960938,9,21408,0
1351,1074896,1165.699951171875,661.5,5,21408,1
1351,1074897,1416.0,916.0,1,21409,0
1351,1074898,1511.5,1000.5,1,21409,1
1351,1074899,1187.0,683.0,1,21409,2
1351,1074900,1511.5,1000.5,1,21410,0
1351,1074901,1416.0,916.0,1,21410,1
1351,1074902,1187.0,683.0,1,21410,2
1361,1074813,836.75,736.25,2,21369,0
1361,1074814,886.5,707.25,2,21369,1
1361,1074815,1349.0833740234375,797.0,2,21370,0
1361,1074816,1219.6666259765625,782.3333129882812,3,21370,1
1361,1074817,1159.5833740234375,668.4166870117188,3,21370,2
1361,1074818,1168.324951171875,663.875,4,21371,0
1361,1074819,1194.25,672.8333129882812,3,21371,1
1361,1074820,1352.9166259765625,764.0,2,21371,2
1361,1074821,671.5,762.0,1,21372,0
1361,1074822,1256.4732666015625,726.8571166992188,7,21373,0
1361,1074823,1161.8333740234375,660.5416870117188,4,21373,1
1361,1074824,877.25,692.25,4,21374,0
1361,1074825,866.0833129882812,721.9166870117188,2,21374,1
1361,1074826,1130.0,659.0,3,21375,0
1361,1074827,1181.3916015625,717.5750122070312,10,21375,1
1361,1074828,926.0,693.0,1,21376,0
1361,1074829,892.9285888671875,677.5999755859375,5,21376,1
1361,1074830,898.2142944335938,674.888916015625,7,21377,0
1361,1074831,926.0,693.0,1,21377,1
1361,1074832,987.7916870117188,649.125,6,21378,0
1361,1074833,836.75,736.25,2,21379,0
1361,1074834,873.4166870117188,700.0,2,21379,1
1361,1074835,883.0,683.0429077148438,5,21380,0
1361,1074836,831.0,725.0,1,21380,1
1361,1074837,887.7083129882812,678.875,6,21381,0
1361,1074838,926.0,693.0,1,21381,1
1361,1074839,1025.8427734375,648.028564453125,5,21382,0
1361,1074840,1120.0,687.5,1,21382,1
1361,1074841,883.0,683.0429077148438,5,21383,0
1361,1074842,866.0833129882812,721.9166870117188,2,21383,1
1361,1074843,1226.0101318359375,732.8636474609375,9,21384,0
1361,1074844,1162.0333251953125,659.7666625976562,5,21384,1
1361,1074845,1162.0333251953125,659.7666625976562,5,21385,0
1361,1074846,1225.0528564453125,734.4471435546875,13,21385,1
1361,1074847,889.1571044921875,672.2999877929688,5,21386,0
1361,1074848,926.0,693.0,1,21386,1
1361,1074849,897.6458129882812,669.0833129882812,6,21387,0
1361,1074850,926.0,693.0,1,21387,1
1361,1074851,1025.8427734375,648.028564453125,5,21388,0
1361,1074852,1168.39990234375,662.9000244140625,5,21389,0
1361,1074853,1250.142822265625,746.9166870117188,12,21389,1
1361,1074854,1506.0,984.5,1,21389,2
1361,1074855,1162.0333251953125,659.7666625976562,5,21390,0
1361,1074856,1221.505859375,724.7261962890625,12,21390,1
1361,1074857,1168.324951171875,663.875,4,21391,0
1361,1074858,1255.6875,731.0694580078125,8,21391,1
1361,1074859,967.2857055664062,651.0142822265625,5,21392,0
1361,1074860,918.2000122070312,658.94287109375,5,21393,0
1361,1074861,926.0,693.0,1,21393,1
1361,1074862,1055.8714599609375,651.7285766601562,5,21394,0
1361,1074863,1126.0,690.5,2,21394,1
1361,1074864,1153.5999755859375,664.0750122070312,4,21394,2
1361,1074865,1025.8427734375,648.028564453125,5,21395,0
1361,1074866,1120.0,687.5,1,21395,1
1361,1074867,1050.0,650.6749877929688,4,21396,0
1361,1074868,1126.0,690.5,2,21396,1
1361,1074869,1129.4166259765625,660.5,2,21396,2
1361,1074870,1169.4166259765625,716.638916015625,8,21397,0
1361,1074871,1153.5999755859375,664.0750122070312,4,21397,1
1361,1074872,1089.7916259765625,684.9375,6,21398,0
1361,1074873,1146.375,667.375,4,21398,1
1361,1074874,1353.2916259765625,786.4583129882812,3,21399,0
1361,1074875,1194.25,672.8333129882812,3,21399,1
1361,1074876,1168.324951171875,663.875,4,21399,2
1361,1074877,1236.1500244140625,759.7333374023438,9,21400,0
1361,1074878,1146.375,667.2916870117188,3,21400,1
1361,1074879,1181.15283203125,746.2430419921875,8,21401,0
1361,1074880,1129.4166259765625,660.5,2,21401,1
1361,1074881,1206.21533203125,735.4097290039062,8,21402,0
1361,1074882,1043.0,753.0,1,21402,1
1361,1074883,1153.5999755859375,664.0750122070312,4,21402,2
1361,1074884,1206.21533203125,735.4097290039062,8,21403,0
1361,1074885,1043.0,753.0,1,21403,1
1361,1074886,1146.375,667.2916870117188,3,21403,2
1361,1074887,1352.9166259765625,764.0,2,21404,0
1361,1074888,1213.75,682.25,2,21404,1
1361,1074889,1168.324951171875,663.875,4,21404,2
1361,1074890,1154.2916259765625,725.4166870117188,4,21405,0
1361,1074891,1232.392822265625,756.9017944335938,7,21406,0
1361,1074892,1158.5833740234375,667.1666870117188,2,21406,1
1361,1074893,1244.420654296875,766.579345703125,7,21407,0
1361,1074894,1143.75,658.25,2,21407,1
1361,1074895,1277.7430419921875,761.2777709960938,8,21408,0
1361,1074896,1168.324951171875,663.875,4,21408,1
1361,1074897,1408.0,910.0,1,21409,0
1361,1074898,1506.0,984.5,1,21409,1
1361,1074899,1195.0,687.0,1,21409,2
1361,1074900,1506.0,984.5,1,21410,0
1361,1074901,1408.0,910.0,1,21410,1
1361,1074902,1195.0,687.0,1,21410,2
1371,1074813,836.75,736.25,2,21369,0
1371,1074814,886.5,707.25,2,21369,1
1371,1074815,1349.0833740234375,797.0,2,21370,0
1371,1074816,1219.6666259765625,782.3333129882812,3,21370,1
1371,1074817,1159.5833740234375,668.4166870117188,4,21370,2
1371,1074818,1168.324951171875,663.875,4,21371,0
1371,1074819,1194.25,672.8333129882812,4,21371,1
1371,1074820,1352.9166259765625,764.0,2,21371,2
1371,1074821,671.5,762.0,1,21372,0
1371,1074822,1256.4732666015625,726.8571166992188,8,21373,0
1371,1074823,1161.8333740234375,660.5416870117188,6,21373,1
1371,1074824,877.25,692.25,4,21374,0
1371,1074825,866.0833129882812,721.9166870117188,2,21374,1
1371,1074826,1130.0,659.0,5,21375,0
1371,1074827,1181.3916015625,717.5750122070312,10,21375,1
1371,1074828,926.0,693.0,1,21376,0
1371,1074829,892.9285888671875,677.5999755859375,5,21376,1
1371,1074830,898.2142944335938,674.888916015625,7,21377,0
1371,1074831,926.0,693.0,1,21377,1
1371,1074832,987.7916870117188,649.125,6,21378,0
1371,1074833,836.75,736.25,2,21379,0
1371,1074834,873.4166870117188,700.0,2,21379,1
1371,1074835,883.0,683.0429077148438,5,21380,0
1371,1074836,831.0,725.0,1,21380,1
1371,1074837,887.7083129882812,678.875,6,21381,0
1371,1074838,926.0,693.0,1,21381,1
1371,1074839,1025.8427734375,648.028564453125,5,21382,0
1371,1074840,1120.0,687.5,1,21382,1
1371,1074841,883.0,683.0429077148438,5,21383,0
1371,1074842,866.0833129882812,721.9166870117188,2,21383,1
1371,1074843,1226.0101318359375,732.8636474609375,10,21384,0
1371,1074844,1162.0333251953125,659.7666625976562,6,21384,1
1371,1074845,1162.0333251953125,659.7666625976562,7,21385,0
1371,1074846,1225.0528564453125,734.4471435546875,14,21385,1
1371,1074847,889.1571044921875,672.2999877929688,5,21386,0
1371,1074848,926.0,693.0,1,21386,1
1371,1074849,897.6458129882812,669.0833129882812,6,21387,0
1371,1074850,926.0,693.0,1,21387,1
1371,1074851,1025.8427734375,648.028564453125,5,21388,0
1371,1074852,1168.39990234375,662.9000244140625,7,21389,0
1371,1074853,1250.142822265625,746.9166870117188,12,21389,1
1371,1074854,1506.0,984.5,1,21389,2
1371,1074855,1162.0333251953125,659.7666625976562,7,21390,0
1371,1074856,1221.505859375,724.7261962890625,13,21390,1
1371,1074857,1168.324951171875,663.875,6,21391,0
1371,1074858,1255.6875,731.0694580078125,8,21391,1
1371,1074859,967.2857055664062,651.0142822265625,5,21392,0
1371,1074860,918.2000122070312,658.94287109375,5,21393,0
1371,1074861,926.0,693.0,1,21393,1
1371,1074862,1055.8714599609375,651.7285766601562,5,21394,0
1371,1074863,1126.0,690.5,2,21394,1
1371,1074864,1153.5999755859375,664.0750122070312,4,21394,2
1371,1074865,1025.8427734375,648.028564453125,5,21395,0
1371,1074866,1120.0,687.5,1,21395,1
1371,1074867,1050.0,650.6749877929688,4,21396,0
1371,1074868,1126.0,690.5,2,21396,1
1371,1074869,1129.4166259765625,660.5,2,21396,2
1371,1074870,1169.4166259765625,716.638916015625,8,21397,0
1371,1074871,1153.5999755859375,664.0750122070312,6,21397,1
1371,1074872,1089.7916259765625,684.9375,6,21398,0
1371,1074873,1146.375,667.375,6,21398,1
1371,1074874,1353.2916259765625,786.4583129882812,3,21399,0
1371,1074875,1194.25,672.8333129882812,4,21399,1
1371,1074876,1168.324951171875,663.875,4,21399,2
1371,1074877,1236.1500244140625,759.7333374023438,9,21400,0
1371,1074878,1146.375,667.2916870117188,5,21400,1
1371,1074879,1181.15283203125,746.2430419921875,8,21401,0
1371,1074880,1129.4166259765625,660.5,4,21401,1
1371,1074881,1206.21533203125,735.4097290039062,8,21402,0
1371,1074882,1043.0,753.0,1,21402,1
1371,1074883,1153.5999755859375,664.0750122070312,6,21402,2
1371,1074884,1206.21533203125,735.4097290039062,8,21403,0
1371,1074885,1043.0,753.0,1,21403,1
1371,1074886,1146.375,667.2916870117188,5,21403,2
1371,1074887,1352.9166259765625,764.0,2,21404,0
1371,1074888,1213.75,682.25,3,21404,1
1371,1074889,1168.324951171875,663.875,4,21404,2
1371,1074890,1154.2916259765625,725.4166870117188,4,21405,0
1371,1074891,1232.392822265625,756.9017944335938,7,21406,0
1371,1074892,1158.5833740234375,667.1666870117188,4,21406,1
1371,1074893,1244.420654296875,766.579345703125,7,21407,0
1371,1074894,1143.75,658.25,4,21407,1
1371,1074895,1277.7430419921875,761.2777709960938,8,21408,0
1371,1074896,1168.324951171875,663.875,6,21408,1
1371,1074897,1408.0,910.0,1,21409,0
1371,1074898,1506.0,984.5,1,21409,1
1371,1074899,1195.0,687.0,1,21409,2
1371,1074900,1506.0,984.5,1,21410,0
1371,1074901,1408.0,910.0,1,21410,1
1371,1074902,1195.0,687.0,1,21410,2
1381,1074813,836.75,736.25,2,21369,0
1381,1074814,886.5,707.25,2,21369,1
1381,1074815,1349.0833740234375,797.0,2,21370,0
1381,1074816,1219.6666259765625,782.3333129882812,3,21370,1
1381,1074817,1159.5833740234375,668.4166870117188,4,21370,2
1381,1074818,1168.324951171875,663.875,4,21371,0
1381,1074819,1194.25,672.8333129882812,4,21371,1
1381,1074820,1352.9166259765625,764.0,2,21371,2
1381,1074821,671.5,762.0,1,21372,0
1381,1074822,1256.4732666015625,726.8571166992188,8,21373,0
1381,1074823,1161.8333740234375,660.5416870117188,6,21373,1
1381,1074824,877.25,692.25,4,21374,0
1381,1074825,866.0833129882812,721.9166870117188,2,21374,1
1381,1074826,1130.0,659.0,5,21375,0
1381,1074827,1181.3916015625,717.5750122070312,10,21375,1
1381,1074828,926.0,693.0,1,21376,0
1381,1074829,892.9285888671875,677.5999755859375,5,21376,1
1381,1074830,898.2142944335938,674.888916015625,7,21377,0
1381,1074831,926.0,693.0,1,21377,1
1381,1074832,987.7916870117188,649.125,6,21378,0
1381,1074833,836.75,736.25,2,21379,0
1381,1074834,873.4166870117188,700.0,2,21379,1
1381,1074835,883.0,683.0429077148438,5,21380,0
1381,1074836,831.0,725.0,1,21380,1
1381,1074837,887.7083129882812,678.875,6,21381,0
1381,1074838,926.0,693.0,1,21381,1
1381,1074839,1025.8427734375,648.028564453125,5,21382,0
1381,1074840,1120.0,687.5,1,21382,1
1381,1074841,883.0,683.0429077148438,5,21383,0
1381,1074842,866.0833129882812,721.9166870117188,2,21383,1
1381,1074843,1226.0101318359375,732.8636474609375,10,21384,0
1381,1074844,1162.0333251953125,659.7666625976562,6,21384,1
1381,1074845,1162.0333251953125,659.7666625976562,7,21385,0
1381,1074846,1225.0528564453125,734.4471435546875,14,21385,1
1381,1074847,889.1571044921875,672.2999877929688,5,21386,0
1381,1074848,926.0,693.0,1,21386,1
1381,1074849,897.6458129882812,669.0833129882812,6,21387,0
1381,1074850,926.0,693.0,1,21387,1
1381,1074851,1025.8427734375,648.028564453125,5,21388,0
1381,1074852,1168.39990234375,662.9000244140625,7,21389,0
1381,1074853,1250.142822265625,746.9166870117188,12,21389,1
1381,1074854,1506.0,984.5,1,21389,2
1381,1074855,1162.0333251953125,659.7666625976562,7,21390,0
1381,1074856,1221.505859375,724.7261962890625,13,21390,1
1381,1074857,1168.324951171875,663.875,6,21391,0
1381,1074858,1255.6875,731.0694580078125,8,21391,1
1381,1074859,967.2857055664062,651.0142822265625,5,21392,0
1381,1074860,918.2000122070312,658.94287109375,5,21393,0
1381,1074861,926.0,693.0,1,21393,1
1381,1074862,1055.8714599609375,651.7285766601562,5,21394,0
1381,1074863,1126.0,690.5,2,21394,1
1381,1074864,1153.5999755859375,664.0750122070312,4,21394,2
1381,1074865,1025.8427734375,648.028564453125,5,21395,0
1381,1074866,1120.0,687.5,1,21395,1
1381,1074867,1050.0,650.6749877929688,4,21396,0
1381,1074868,1126.0,690.5,2,21396,1
1381,1074869,1129.4166259765625,660.5,2,21396,2
1381,1074870,1169.4166259765625,716.638916015625,8,21397,0
1381,1074871,1153.5999755859375,664.0750122070312,6,21397,1
1381,1074872,1089.7916259765625,684.9375,6,21398,0
1381,1074873,1146.375,667.375,6,21398,1
1381,1074874,1353.2916259765625,786.4583129882812,3,21399,0
1381,1074875,1194.25,672.8333129882812,4,21399,1
1381,1074876,1168.324951171875,663.875,4,21399,2
1381,1074877,1236.1500244140625,759.7333374023438,9,21400,0
1381,1074878,1146.375,667.2916870117188,5,21400,1
1381,1074879,1181.15283203125,746.2430419921875,8,21401,0
1381,1074880,1129.4166259765625,660.5,4,21401,1
1381,1074881,1206.21533203125,735.4097290039062,8,21402,0
1381,1074882,1043.0,753.0,1,21402,1
1381,1074883,1153.5999755859375,664.0750122070312,6,21402,2
1381,1074884,1206.21533203125,735.4097290039062,8,21403,0
1381,1074885,1043.0,753.0,1,21403,1
1381,1074886,1146.375,667.2916870117188,5,21403,2
1381,1074887,1352.9166259765625,764.0,2,21404,0
1381,1074888,1213.75,682.25,3,21404,1
1381,1074889,1168.324951171875,663.875,4,21404,2
1381,1074890,1154.2916259765625,725.4166870117188,4,21405,0
1381,1074891,1232.392822265625,756.9017944335938,7,21406,0
1381,1074892,1158.5833740234375,667.1666870117188,4,21406,1
1381,1074893,1244.420654296875,766.579345703125,7,21407,0
1381,1074894,1143.75,658.25,4,21407,1
1381,1074895,1277.7430419921875,761.2777709960938,8,21408,0
1381,1074896,1168.324951171875,663.875,6,21408,1
1381,1074897,1408.0,910.0,1,21409,0
1381,1074898,1506.0,984.5,1,21409,1
1381,1074899,1195.0,687.0,1,21409,2
1381,1074900,1506.0,984.5,1,21410,0
1381,1074901,1408.0,910.0,1,21410,1
1381,1074902,1195.0,687.0,1,21410,2
1391,1074813,836.75,736.25,2,21369,0
1391,1074814,886.5,707.25,2,21369,1
1391,1074815,1349.0833740234375,797.0,2,21370,0
1391,1074816,1219.6666259765625,782.3333129882812,3,21370,1
1391,1074817,1159.5833740234375,668.4166870117188,4,21370,2
1391,1074818,1168.324951171875,663.875,4,21371,0
1391,1074819,1194.25,672.8333129882812,4,21371,1
1391,1074820,1352.9166259765625,764.0,2,21371,2
1391,1074821,671.5,762.0,1,21372,0
1391,1074822,1256.4732666015625,726.8571166992188,8,21373,0
1391,1074823,1161.8333740234375,660.5416870117188,6,21373,1
1391,1074824,877.25,692.25,4,21374,0
1391,1074825,866.0833129882812,721.9166870117188,2,21374,1
1391,1074826,1130.0,659.0,5,21375,0
1391,1074827,1181.3916015625,717.5750122070312,10,21375,1
1391,1074828,926.0,693.0,1,21376,0
1391,1074829,892.9285888671875,677.5999755859375,5,21376,1
1391,1074830,898.2142944335938,674.888916015625,7,21377,0
1391,1074831,926.0,693.0,1,21377,1
1391,1074832,987.7916870117188,649.125,6,21378,0
1391,1074833,836.75,736.25,2,21379,0
1391,1074834,873.4166870117188,700.0,2,21379,1
1391,1074835,883.0,683.0429077148438,5,21380,0
1391,1074836,831.0,725.0,1,21380,1
1391,1074837,887.7083129882812,678.875,6,21381,0
1391,1074838,926.0,693.0,1,21381,1
1391,1074839,1025.8427734375,648.028564453125,5,21382,0
1391,1074840,1120.0,687.5,1,21382,1
1391,1074841,883.0,683.0429077148438,5,21383,0
1391,1074842,866.0833129882812,721.9166870117188,2,21383,1
1391,1074843,1226.0101318359375,732.8636474609375,10,21384,0
1391,1074844,1162.0333251953125,659.7666625976562,6,21384,1
1391,1074845,1162.0333251953125,659.7666625976562,7,21385,0
1391,1074846,1225.0528564453125,734.4471435546875,14,21385,1
1391,1074847,889.1571044921875,672.2999877929688,5,21386,0
1391,1074848,926.0,693.0,1,21386,1
1391,1074849,897.6458129882812,669.0833129882812,6,21387,0
1391,1074850,926.0,693.0,1,21387,1
1391,1074851,1025.8427734375,648.028564453125,5,21388,0
1391,1074852,1168.39990234375,662.9000244140625,7,21389,0
1391,1074853,1250.142822265625,746.9166870117188,12,21389,1
1391,1074854,1506.0,984.5,1,21389,2
1391,1074855,1162.0333251953125,659.7666625976562,7,21390,0
1391,1074856,1221.505859375,724.7261962890625,13,21390,1
1391,1074857,1168.324951171875,663.875,6,21391,0
1391,1074858,1255.6875,731.0694580078125,8,21391,1
1391,1074859,967.2857055664062,651.0142822265625,5,21392,0
1391,1074860,918.2000122070312,658.94287109375,5,21393,0
1391,1074861,926.0,693.0,1,21393,1
1391,1074862,1055.8714599609375,651.7285766601562,5,21394,0
1391,1074863,1126.0,690.5,2,21394,1
1391,1074864,1153.5999755859375,664.0750122070312,4,21394,2
1391,1074865,1025.8427734375,648.028564453125,5,21395,0
1391,1074866,1120.0,687.5,1,21395,1
1391,1074867,1050.0,650.6749877929688,4,21396,0
1391,1074868,1126.0,690.5,2,21396,1
1391,1074869,1129.4166259765625,660.5,2,21396,2
1391,1074870,1169.4166259765625,716.638916015625,8,21397,0
1391,1074871,1153.5999755859375,664.0750122070312,6,21397,1
1391,1074872,1089.7916259765625,684.9375,6,21398,0
1391,1074873,1146.375,667.375,6,21398,1
1391,1074874,1353.2916259765625,786.4583129882812,3,21399,0
1391,1074875,1194.25,672.8333129882812,4,21399,1
1391,1074876,1168.324951171875,663.875,4,21399,2
1391,1074877,1236.1500244140625,759.7333374023438,9,21400,0
1391,1074878,1146.375,667.2916870117188,5,21400,1
1391,1074879,1181.15283203125,746.2430419921875,8,21401,0
1391,1074880,1129.4166259765625,660.5,4,21401,1
1391,1074881,1206.21533203125,735.4097290039062,8,21402,0
1391,1074882,1043.0,753.0,1,21402,1
1391,1074883,1153.5999755859375,664.0750122070312,6,21402,2
1391,1074884,1206.21533203125,735.4097290039062,8,21403,0
1391,1074885,1043.0,753.0,1,21403,1
1391,1074886,1146.375,667.2916870117188,5,21403,2
1391,1074887,1352.9166259765625,764.0,2,21404,0
1391,1074888,1213.75,682.25,3,21404,1
1391,1074889,1168.324951171875,663.875,4,21404,2
1391,1074890,1154.2916259765625,725.4166870117188,4,21405,0
1391,1074891,1232.392822265625,756.9017944335938,7,21406,0
1391,1074892,1158.5833740234375,667.1666870117188,4,21406,1
1391,1074893,1244.420654296875,766.579345703125,7,21407,0
1391,1074894,1143.75,658.25,4,21407,1
1391,1074895,1277.7430419921875,761.2777709960938,8,21408,0
1391,1074896,1168.324951171875,663.875,6,21408,1
1391,1074897,1408.0,910.0,1,21409,0
1391,1074898,1506.0,984.5,1,21409,1
1391,1074899,1195.0,687.0,1,21409,2
1391,1074900,1506.0,984.5,1,21410,0
1391,1074901,1408.0,910.0,1,21410,1
1391,1074902,1195.0,687.0,1,21410,2
1401,1074813,836.75,736.25,2,21369,0
1401,1074814,886.5,707.25,2,21369,1
1401,1074815,1349.0833740234375,797.0,2,21370,0
1401,1074816,1219.6666259765625,782.3333129882812,3,21370,1
1401,1074817,1159.5833740234375,668.4166870117188,4,21370,2
1401,1074818,1168.324951171875,663.875,4,21371,0
1401,1074819,1194.25,672.8333129882812,4,21371,1
1401,1074820,1352.9166259765625,764.0,2,21371,2
1401,1074821,671.5,762.0,1,21372,0
1401,1074822,1256.4732666015625,726.8571166992188,8,21373,0
1401,1074823,1161.8333740234375,660.5416870117188,6,21373,1
1401,1074824,877.25,692.25,4,21374,0
1401,1074825,866.0833129882812,721.9166870117188,2,21374,1
1401,1074826,1130.0,659.0,5,21375,0
1401,1074827,1181.3916015625,717.5750122070312,10,21375,1
1401,1074828,926.0,693.0,1,21376,0
1401,1074829,892.9285888671875,677.5999755859375,5,21376,1
1401,1074830,898.2142944335938,674.888916015625,7,21377,0
1401,1074831,926.0,693.0,1,21377,1
1401,1074832,987.7916870117188,649.125,6,21378,0
1401,1074833,836.75,736.25,2,21379,0
1401,1074834,873.4166870117188,700.0,2,21379,1
1401,1074835,883.0,683.0429077148438,5,21380,0
1401,1074836,831.0,725.0,1,21380,1
1401,1074837,887.7083129882812,678.875,6,21381,0
1401,1074838,926.0,693.0,1,21381,1
1401,1074839,1025.8427734375,648.028564453125,5,21382,0
1401,1074840,1120.0,687.5,1,21382,1
1401,1074841,883.0,683.0429077148438,5,21383,0
1401,1074842,866.0833129882812,721.9166870117188,2,21383,1
1401,1074843,1226.0101318359375,732.8636474609375,10,21384,0
1401,1074844,1162.0333251953125,659.7666625976562,6,21384,1
1401,1074845,1162.0333251953125,659.7666625976562,7,21385,0
1401,1074846,1225.0528564453125,734.4471435546875,14,21385,1
1401,1074847,889.1571044921875,672.2999877929688,5,21386,0
1401,1074848,926.0,693.0,1,21386,1
1401,1074849,897.6458129882812,669.0833129882812,6,21387,0
1401,1074850,926.0,693.0,1,21387,1
1401,1074851,1025.8427734375,648.028564453125,5,21388,0
1401,1074852,1168.39990234375,662.9000244140625,7,21389,0
1401,1074853,1250.142822265625,746.9166870117188,12,21389,1
1401,1074854,1506.0,984.5,1,21389,2
1401,1074855,1162.0333251953125,659.7666625976562,7,21390,0
1401,1074856,1221.505859375,724.7261962890625,13,21390,1
1401,1074857,1168.324951171875,663.875,6,21391,0
1401,1074858,1255.6875,731.0694580078125,8,21391,1
1401,1074859,967.2857055664062,651.0142822265625,5,21392,0
1401,1074860,918.2000122070312,658.94287109375,5,21393,0
1401,1074861,926.0,693.0,1,21393,1
1401,1074862,1055.8714599609375,651.7285766601562,6,21394,0
1401,1074863,1126.0,690.5,2,21394,1
1401,1074864,1153.5999755859375,664.0750122070312,4,21394,2
1401,1074865,1025.8427734375,648.028564453125,5,21395,0
1401,1074866,1120.0,687.5,1,21395,1
1401,1074867,1050.0,650.6749877929688,5,21396,0
1401,1074868,1126.0,690.5,2,21396,1
1401,1074869,1129.4166259765625,660.5,2,21396,2
1401,1074870,1169.4166259765625,716.638916015625,8,21397,0
1401,1074871,1153.5999755859375,664.0750122070312,6,21397,1
1401,1074872,1089.7916259765625,684.9375,6,21398,0
1401,1074873,1146.375,667.375,6,21398,1
1401,1074874,1353.2916259765625,786.4583129882812,3,21399,0
1401,1074875,1194.25,672.8333129882812,4,21399,1
1401,1074876,1168.324951171875,663.875,4,21399,2
1401,1074877,1236.1500244140625,759.7333374023438,9,21400,0
1401,1074878,1146.375,667.2916870117188,5,21400,1
1401,1074879,1181.15283203125,746.2430419921875,8,21401,0
1401,1074880,1129.4166259765625,660.5,4,21401,1
1401,1074881,1206.21533203125,735.4097290039062,8,21402,0
1401,1074882,1043.0,753.0,1,21402,1
1401,1074883,1153.5999755859375,664.0750122070312,6,21402,2
1401,1074884,1206.21533203125,735.4097290039062,8,21403,0
1401,1074885,1043.0,753.0,1,21403,1
1401,1074886,1146.375,667.2916870117188,5,21403,2
1401,1074887,1352.9166259765625,764.0,2,21404,0
1401,1074888,1213.75,682.25,3,21404,1
1401,1074889,1168.324951171875,663.875,4,21404,2
1401,1074890,1154.2916259765625,725.4166870117188,4,21405,0
1401,1074891,1232.392822265625,756.9017944335938,7,21406,0
1401,1074892,1158.5833740234375,667.1666870117188,4,21406,1
1401,1074893,1244.420654296875,766.579345703125,7,21407,0
1401,1074894,1143.75,658.25,4,21407,1
1401,1074895,1277.7430419921875,761.2777709960938,8,21408,0
1401,1074896,1168.324951171875,663.875,6,21408,1
1401,1074897,1408.0,910.0,1,21409,0
1401,1074898,1506.0,984.5,1,21409,1
1401,1074899,1195.0,687.0,1,21409,2
1401,1074900,1506.0,984.5,1,21410,0
1401,1074901,1408.0,910.0,1,21410,1
1401,1074902,1195.0,687.0,1,21410,2
1411,1074813,836.75,736.25,2,21369,0
1411,1074814,886.5,707.25,2,21369,1
1411,1074815,1349.0833740234375,797.0,2,21370,0
1411,1074816,1219.6666259765625,782.3333129882812,3,21370,1
1411,1074817,1159.5833740234375,668.4166870117188,4,21370,2
1411,1074818,1168.324951171875,663.875,4,21371,0
1411,1074819,1194.25,672.8333129882812,4,21371,1
1411,1074820,1352.9166259765625,764.0,2,21371,2
1411,1074821,671.5,762.0,1,21372,0
1411,1074822,1256.4732666015625,726.8571166992188,8,21373,0
1411,1074823,1161.8333740234375,660.5416870117188,6,21373,1
1411,1074824,877.25,692.25,4,21374,0
1411,1074825,866.0833129882812,721.9166870117188,2,21374,1
1411,1074826,1130.0,659.0,5,21375,0
1411,1074827,1181.3916015625,717.5750122070312,10,21375,1
1411,1074828,926.0,693.0,1,21376,0
1411,1074829,892.9285888671875,677.5999755859375,5,21376,1
1411,1074830,898.2142944335938,674.888916015625,7,21377,0
1411,1074831,926.0,693.0,1,21377,1
1411,1074832,987.7916870117188,649.125,6,21378,0
1411,1074833,836.75,736.25,2,21379,0
1411,1074834,873.4166870117188,700.0,2,21379,1
1411,1074835,883.0,683.0429077148438,5,21380,0
1411,1074836,831.0,725.0,1,21380,1
1411,1074837,887.7083129882812,678.875,6,21381,0
1411,1074838,926.0,693.0,1,21381,1
1411,1074839,1025.8427734375,648.028564453125,5,21382,0
1411,1074840,1120.0,687.5,1,21382,1
1411,1074841,883.0,683.0429077148438,5,21383,0
1411,1074842,866.0833129882812,721.9166870117188,2,21383,1
1411,1074843,1226.0101318359375,732.8636474609375,10,21384,0
1411,1074844,1162.0333251953125,659.7666625976562,6,21384,1
1411,1074845,1162.0333251953125,659.7666625976562,7,21385,0
1411,1074846,1225.0528564453125,734.4471435546875,14,21385,1
1411,1074847,889.1571044921875,672.2999877929688,5,21386,0
1411,1074848,926.0,693.0,1,21386,1
1411,1074849,897.6458129882812,669.0833129882812,6,21387,0
1411,1074850,926.0,693.0,1,21387,1
1411,1074851,1025.8427734375,648.028564453125,5,21388,0
1411,1074852,1168.39990234375,662.9000244140625,7,21389,0
1411,1074853,1250.142822265625,746.9166870117188,12,21389,1
1411,1074854,1506.0,984.5,1,21389,2
1411,1074855,1162.0333251953125,659.7666625976562,7,21390,0
1411,1074856,1221.505859375,724.7261962890625,13,21390,1
1411,1074857,1168.324951171875,663.875,6,21391,0
1411,1074858,1255.6875,731.0694580078125,8,21391,1
1411,1074859,967.2857055664062,651.0142822265625,5,21392,0
1411,1074860,918.2000122070312,658.94287109375,5,21393,0
1411,1074861,926.0,693.0,1,21393,1
1411,1074862,1055.8714599609375,651.7285766601562,6,21394,0
1411,1074863,1126.0,690.5,2,21394,1
1411,1074864,1153.5999755859375,664.0750122070312,4,21394,2
1411,1074865,1025.8427734375,648.028564453125,5,21395,0
1411,1074866,1120.0,687.5,1,21395,1
1411,1074867,1050.0,650.6749877929688,5,21396,0
1411,1074868,1126.0,690.5,2,21396,1
1411,1074869,1129.4166259765625,660.5,2,21396,2
1411,1074870,1169.4166259765625,716.638916015625,8,21397,0
1411,1074871,1153.5999755859375,664.0750122070312,6,21397,1
1411,1074872,1089.7916259765625,684.9375,6,21398,0
1411,1074873,1146.375,667.375,6,21398,1
1411,1074874,1353.2916259765625,786.4583129882812,3,21399,0
1411,1074875,1194.25,672.8333129882812,4,21399,1
1411,1074876,1168.324951171875,663.875,4,21399,2
1411,1074877,1236.1500244140625,759.7333374023438,9,21400,0
1411,1074878,1146.375,667.2916870117188,5,21400,1
1411,1074879,1181.15283203125,746.2430419921875,8,21401,0
1411,1074880,1129.4166259765625,660.5,4,21401,1
1411,1074881,1206.21533203125,735.4097290039062,8,21402,0
1411,1074882,1043.0,753.0,1,21402,1
1411,1074883,1153.5999755859375,664.0750122070312,6,21402,2
1411,1074884,1206.21533203125,735.4097290039062,8,21403,0
1411,1074885,1043.0,753.0,1,21403,1
1411,1074886,1146.375,667.2916870117188,5,21403,2
1411,1074887,1352.9166259765625,764.0,2,21404,0
1411,1074888,1213.75,682.25,3,21404,1
1411,1074889,1168.324951171875,663.875,4,21404,2
1411,1074890,1154.2916259765625,725.4166870117188,4,21405,0
1411,1074891,1232.392822265625,756.9017944335938,7,21406,0
1411,1074892,1158.5833740234375,667.1666870117188,4,21406,1
1411,1074893,1244.420654296875,766.579345703125,7,21407,0
1411,1074894,1143.75,658.25,4,21407,1
1411,1074895,1277.7430419921875,761.2777709960938,8,21408,0
1411,1074896,1168.324951171875,663.875,6,21408,1
1411,1074897,1408.0,910.0,1,21409,0
1411,1074898,1506.0,984.5,1,21409,1
1411,1074899,1195.0,687.0,1,21409,2
1411,1074900,1506.0,984.5,1,21410,0
1411,1074901,1408.0,910.0,1,21410,1
1411,1074902,1195.0,687.0,1,21410,2
1421,1074813,836.75,736.25,2,21369,0
1421,1074814,886.5,707.25,2,21369,1
1421,1074815,1349.0833740234375,797.0,2,21370,0
1421,1074816,1219.6666259765625,782.3333129882812,3,21370,1
1421,1074817,1159.5833740234375,668.4166870117188,4,21370,2
1421,1074818,1168.324951171875,663.875,4,21371,0
1421,1074819,1194.25,672.8333129882812,4,21371,1
1421,1074820,1352.9166259765625,764.0,2,21371,2
1421,1074821,671.5,762.0,1,21372,0
1421,1074822,1256.4732666015625,726.8571166992188,8,21373,0
1421,1074823,1161.8333740234375,660.5416870117188,6,21373,1
1421,1074824,877.25,692.25,4,21374,0
1421,1074825,866.0833129882812,721.9166870117188,2,21374,1
1421,1074826,1130.0,659.0,5,21375,0
1421,1074827,1181.3916015625,717.5750122070312,10,21375,1
1421,1074828,926.0,693.0,1,21376,0
1421,1074829,892.9285888671875,677.5999755859375,5,21376,1
1421,1074830,898.2142944335938,674.888916015625,7,21377,0
1421,1074831,926.0,693.0,1,21377,1
1421,1074832,987.7916870117188,649.125,6,21378,0
1421,1074833,836.75,736.25,2,21379,0
1421,1074834,873.4166870117188,700.0,2,21379,1
1421,1074835,883.0,683.0429077148438,5,21380,0
1421,1074836,831.0,725.0,1,21380,1
1421,1074837,887.7083129882812,678.875,6,21381,0
1421,1074838,926.0,693.0,1,21381,1
1421,1074839,1025.8427734375,648.028564453125,5,21382,0
1421,1074840,1120.0,687.5,1,21382,1
1421,1074841,883.0,683.0429077148438,5,21383,0
1421,1074842,866.0833129882812,721.9166870117188,2,21383,1
1421,1074843,1226.0101318359375,732.8636474609375,10,21384,0
1421,1074844,1162.0333251953125,659.7666625976562,6,21384,1
1421,1074845,1162.0333251953125,659.7666625976562,7,21385,0
1421,1074846,1225.0528564453125,734.4471435546875,14,21385,1
1421,1074847,889.1571044921875,672.2999877929688,5,21386,0
1421,1074848,926.0,693.0,1,21386,1
1421,1074849,897.6458129882812,669.0833129882812,6,21387,0
1421,1074850,926.0,693.0,1,21387,1
1421,1074851,1025.8427734375,648.028564453125,5,21388,0
1421,1074852,1168.39990234375,662.9000244140625,7,21389,0
1421,1074853,1250.142822265625,746.9166870117188,12,21389,1
1421,1074854,1506.0,984.5,1,21389,2
1421,1074855,1162.0333251953125,659.7666625976562,7,21390,0
1421,1074856,1221.505859375,724.7261962890625,13,21390,1
1421,1074857,1168.324951171875,663.875,6,21391,0
1421,1074858,1255.6875,731.0694580078125,8,21391,1
1421,1074859,967.2857055664062,651.0142822265625,5,21392,0
1421,1074860,918.2000122070312,658.94287109375,5,21393,0
1421,1074861,926.0,693.0,1,21393,1
1421,1074862,1055.8714599609375,651.7285766601562,7,21394,0
1421,1074863,1126.0,690.5,2,21394,1
1421,1074864,1153.5999755859375,664.0750122070312,4,21394,2
1421,1074865,1025.8427734375,648.028564453125,5,21395,0
1421,1074866,1120.0,687.5,1,21395,1
1421,1074867,1050.0,650.6749877929688,5,21396,0
1421,1074868,1126.0,690.5,2,21396,1
1421,1074869,1129.4166259765625,660.5,2,21396,2
1421,1074870,1169.4166259765625,716.638916015625,8,21397,0
1421,1074871,1153.5999755859375,664.0750122070312,6,21397,1
1421,1074872,1089.7916259765625,684.9375,6,21398,0
1421,1074873,1146.375,667.375,6,21398,1
1421,1074874,1353.2916259765625,786.4583129882812,3,21399,0
1421,1074875,1194.25,672.8333129882812,4,21399,1
1421,1074876,1168.324951171875,663.875,4,21399,2
1421,1074877,1236.1500244140625,759.7333374023438,9,21400,0
1421,1074878,1146.375,667.2916870117188,5,21400,1
1421,1074879,1181.15283203125,746.2430419921875,8,21401,0
1421,1074880,1129.4166259765625,660.5,4,21401,1
1421,1074881,1206.21533203125,735.4097290039062,8,21402,0
1421,1074882,1043.0,753.0,1,21402,1
1421,1074883,1153.5999755859375,664.0750122070312,6,21402,2
1421,1074884,1206.21533203125,735.4097290039062,8,21403,0
1421,1074885,1043.0,753.0,1,21403,1
1421,1074886,1146.375,667.2916870117188,5,21403,2
1421,1074887,1352.9166259765625,764.0,2,21404,0
1421,1074888,1213.75,682.25,3,21404,1
1421,1074889,1168.324951171875,663.875,4,21404,2
1421,1074890,1154.2916259765625,725.4166870117188,4,21405,0
1421,1074891,1232.392822265625,756.9017944335938,7,21406,0
1421,1074892,1158.5833740234375,667.1666870117188,4,21406,1
1421,1074893,1244.420654296875,766.579345703125,7,21407,0
1421,1074894,1143.75,658.25,4,21407,1
1421,1074895,1277.7430419921875,761.2777709960938,8,21408,0
1421,1074896,1168.324951171875,663.875,6,21408,1
1421,1074897,1408.0,910.0,1,21409,0
1421,1074898,1506.0,984.5,1,21409,1
1421,1074899,1195.0,687.0,1,21409,2
1421,1074900,1506.0,984.5,1,21410,0
1421,1074901,1408.0,910.0,1,21410,1
1421,1074902,1195.0,687.0,1,21410,2
1431,1074813,836.75,736.25,2,21369,0
1431,1074814,886.5,707.25,2,21369,1
1431,1074815,1349.0833740234375,797.0,2,21370,0
1431,1074816,1219.6666259765625,782.3333129882812,3,21370,1
1431,1074817,1159.5833740234375,668.4166870117188,4,21370,2
1431,1074818,1168.324951171875,663.875,4,21371,0
1431,1074819,1194.25,672.8333129882812,4,21371,1
1431,1074820,1352.9166259765625,764.0,2,21371,2
1431,1074821,671.5,762.0,1,21372,0
1431,1074822,1256.4732666015625,726.8571166992188,8,21373,0
1431,1074823,1161.8333740234375,660.5416870117188,6,21373,1
1431,1074824,877.25,692.25,4,21374,0
1431,1074825,866.0833129882812,721.9166870117188,2,21374,1
1431,1074826,1130.0,659.0,5,21375,0
1431,1074827,1181.3916015625,717.5750122070312,10,21375,1
1431,1074828,926.0,693.0,1,21376,0
1431,1074829,892.9285888671875,677.5999755859375,5,21376,1
1431,1074830,898.2142944335938,674.888916015625,7,21377,0
1431,1074831,926.0,693.0,1,21377,1
1431,1074832,987.7916870117188,649.125,6,21378,0
1431,1074833,836.75,736.25,2,21379,0
1431,1074834,873.4166870117188,700.0,2,21379,1
1431,1074835,883.0,683.0429077148438,5,21380,0
1431,1074836,831.0,725.0,1,21380,1
1431,1074837,887.7083129882812,678.875,6,21381,0
1431,1074838,926.0,693.0,1,21381,1
1431,1074839,1025.8427734375,648.028564453125,5,21382,0
1431,1074840,1120.0,687.5,1,21382,1
1431,1074841,883.0,683.0429077148438,5,21383,0
1431,1074842,866.0833129882812,721.9166870117188,2,21383,1
1431,1074843,1226.0101318359375,732.8636474609375,10,21384,0
1431,1074844,1162.0333251953125,659.7666625976562,6,21384,1
1431,1074845,1162.0333251953125,659.7666625976562,7,21385,0
1431,1074846,1225.0528564453125,734.4471435546875,14,21385,1
1431,1074847,889.1571044921875,672.2999877929688,5,21386,0
1431,1074848,926.0,693.0,1,21386,1
1431,1074849,897.6458129882812,669.0833129882812,6,21387,0
1431,1074850,926.0,693.0,1,21387,1
1431,1074851,1025.8427734375,648.028564453125,5,21388,0
1431,1074852,1168.39990234375,662.9000244140625,7,21389,0
1431,1074853,1250.142822265625,746.9166870117188,12,21389,1
1431,1074854,1506.0,984.5,1,21389,2
1431,1074855,1162.0333251953125,659.7666625976562,7,21390,0
1431,1074856,1221.505859375,724.7261962890625,13,21390,1
1431,1074857,1168.324951171875,663.875,6,21391,0
1431,1074858,1255.6875,731.0694580078125,8,21391,1
1431,1074859,967.2857055664062,651.0142822265625,5,21392,0
1431,1074860,918.2000122070312,658.94287109375,5,21393,0
1431,1074861,926.0,693.0,1,21393,1
1431,1074862,1055.8714599609375,651.7285766601562,7,21394,0
1431,1074863,1126.0,690.5,2,21394,1
1431,1074864,1153.5999755859375,664.0750122070312,4,21394,2
1431,1074865,1025.8427734375,648.028564453125,5,21395,0
1431,1074866,1120.0,687.5,1,21395,1
1431,1074867,1050.0,650.6749877929688,5,21396,0
1431,1074868,1126.0,690.5,2,21396,1
1431,1074869,1129.4166259765625,660.5,2,21396,2
1431,1074870,1169.4166259765625,716.638916015625,8,21397,0
1431,1074871,1153.5999755859375,664.0750122070312,6,21397,1
1431,1074872,1089.7916259765625,684.9375,6,21398,0
1431,1074873,1146.375,667.375,6,21398,1
1431,1074874,1353.2916259765625,786.4583129882812,3,21399,0
1431,1074875,1194.25,672.8333129882812,4,21399,1
1431,1074876,1168.324951171875,663.875,4,21399,2
1431,1074877,1236.1500244140625,759.7333374023438,9,21400,0
1431,1074878,1146.375,667.2916870117188,5,21400,1
1431,1074879,1181.15283203125,746.2430419921875,8,21401,0
1431,1074880,1129.4166259765625,660.5,4,21401,1
1431,1074881,1206.21533203125,735.4097290039062,8,21402,0
1431,1074882,1043.0,753.0,1,21402,1
1431,1074883,1153.5999755859375,664.0750122070312,6,21402,2
1431,1074884,1206.21533203125,735.4097290039062,8,21403,0
1431,1074885,1043.0,753.0,1,21403,1
1431,1074886,1146.375,667.2916870117188,5,21403,2
1431,1074887,1352.9166259765625,764.0,2,21404,0
1431,1074888,1213.75,682.25,3,21404,1
1431,1074889,1168.324951171875,663.875,4,21404,2
1431,1074890,1154.2916259765625,725.4166870117188,4,21405,0
1431,1074891,1232.392822265625,756.9017944335938,7,21406,0
1431,1074892,1158.5833740234375,667.1666870117188,4,21406,1
1431,1074893,1244.420654296875,766.579345703125,7,21407,0
1431,1074894,1143.75,658.25,4,21407,1
1431,1074895,1277.7430419921875,761.2777709960938,8,21408,0
1431,1074896,1168.324951171875,663.875,6,21408,1
1431,1074897,1408.0,910.0,1,21409,0
1431,1074898,1506.0,984.5,1,21409,1
1431,1074899,1195.0,687.0,1,21409,2
1431,1074900,1506.0,984.5,1,21410,0
1431,1074901,1408.0,910.0,1,21410,1
1431,1074902,1195.0,687.0,1,21410,2
1441,1074813,836.75,736.25,2,21369,0
1441,1074814,886.5,707.25,2,21369,1
1441,1074815,1349.0833740234375,797.0,2,21370,0
1441,1074816,1219.6666259765625,782.3333129882812,3,21370,1
1441,1074817,1159.5833740234375,668.4166870117188,4,21370,2
1441,1074818,1168.324951171875,663.875,4,21371,0
1441,1074819,1194.25,672.8333129882812,4,21371,1
1441,1074820,1352.9166259765625,764.0,2,21371,2
1441,1074821,671.5,762.0,1,21372,0
1441,1074822,1256.4732666015625,726.8571166992188,8,21373,0
1441,1074823,1161.8333740234375,660.5416870117188,6,21373,1
1441,1074824,877.25,692.25,4,21374,0
1441,1074825,866.0833129882812,721.9166870117188,2,21374,1
1441,1074826,1130.0,659.0,5,21375,0
1441,1074827,1181.3916015625,717.5750122070312,10,21375,1
1441,1074828,926.0,693.0,1,21376,0
1441,1074829,892.9285888671875,677.5999755859375,5,21376,1
1441,1074830,898.2142944335938,674.888916015625,7,21377,0
1441,1074831,926.0,693.0,1,21377,1
1441,1074832,987.7916870117188,649.125,6,21378,0
1441,1074833,836.75,736.25,2,21379,0
1441,1074834,873.4166870117188,700.0,2,21379,1
1441,1074835,883.0,683.0429077148438,5,21380,0
1441,1074836,831.0,725.0,1,21380,1
1441,1074837,887.7083129882812,678.875,6,21381,0
1441,1074838,926.0,693.0,1,21381,1
1441,1074839,1025.8427734375,648.028564453125,5,21382,0
1441,1074840,1120.0,687.5,1,21382,1
1441,1074841,883.0,683.0429077148438,5,21383,0
1441,1074842,866.0833129882812,721.9166870117188,2,21383,1
1441,1074843,1226.0101318359375,732.8636474609375,10,21384,0
1441,1074844,1162.0333251953125,659.7666625976562,6,21384,1
1441,1074845,1162.0333251953125,659.7666625976562,7,21385,0
1441,1074846,1225.0528564453125,734.4471435546875,14,21385,1
1441,1074847,889.1571044921875,672.2999877929688,5,21386,0
1441,1074848,926.0,693.0,1,21386,1
1441,1074849,897.6458129882812,669.0833129882812,6,21387,0
1441,1074850,926.0,693.0,1,21387,1
1441,1074851,1025.8427734375,648.028564453125,5,21388,0
1441,1074852,1168.39990234375,662.9000244140625,7,21389,0
1441,1074853,1250.142822265625,746.9166870117188,12,21389,1
1441,1074854,1506.0,984.5,1,21389,2
1441,1074855,1162.0333251953125,659.7666625976562,7,21390,0
1441,1074856,1221.505859375,724.7261962890625,13,21390,1
1441,1074857,1168.324951171875,663.875,6,21391,0
1441,1074858,1255.6875,731.0694580078125,8,21391,1
1441,1074859,967.2857055664062,651.0142822265625,5,21392,0
1441,1074860,918.2000122070312,658.94287109375,5,21393,0
1441,1074861,926.0,693.0,1,21393,1
1441,1074862,1055.8714599609375,651.7285766601562,7,21394,0
1441,1074863,1126.0,690.5,2,21394,1
1441,1074864,1153.5999755859375,664.0750122070312,4,21394,2
1441,1074865,1025.8427734375,648.028564453125,5,21395,0
1441,1074866,1120.0,687.5,1,21395,1
1441,1074867,1050.0,650.6749877929688,5,21396,0
1441,1074868,1126.0,690.5,2,21396,1
1441,1074869,1129.4166259765625,660.5,2,21396,2
1441,1074870,1169.4166259765625,716.638916015625,8,21397,0
1441,1074871,1153.5999755859375,664.0750122070312,6,21397,1
1441,1074872,1089.7916259765625,684.9375,6,21398,0
1441,1074873,1146.375,667.375,6,21398,1
1441,1074874,1353.2916259765625,786.4583129882812,3,21399,0
1441,1074875,1194.25,672.8333129882812,4,21399,1
1441,1074876,1168.324951171875,663.875,4,21399,2
1441,1074877,1236.1500244140625,759.7333374023438,9,21400,0
1441,1074878,1146.375,667.2916870117188,5,21400,1
1441,1074879,1181.15283203125,746.2430419921875,8,21401,0
1441,1074880,1129.4166259765625,660.5,4,21401,1
1441,1074881,1206.21533203125,735.4097290039062,8,21402,0
1441,1074882,1043.0,753.0,1,21402,1
1441,1074883,1153.5999755859375,664.0750122070312,6,21402,2
1441,1074884,1206.21533203125,735.4097290039062,8,21403,0
1441,1074885,1043.0,753.0,1,21403,1
1441,1074886,1146.375,667.2916870117188,5,21403,2
1441,1074887,1352.9166259765625,764.0,2,21404,0
1441,1074888,1213.75,682.25,3,21404,1
1441,1074889,1168.324951171875,663.875,4,21404,2
1441,1074890,1154.2916259765625,725.4166870117188,4,21405,0
1441,1074891,1232.392822265625,756.9017944335938,7,21406,0
1441,1074892,1158.5833740234375,667.1666870117188,4,21406,1
1441,1074893,1244.420654296875,766.579345703125,7,21407,0
1441,1074894,1143.75,658.25,4,21407,1
1441,1074895,1277.7430419921875,761.2777709960938,8,21408,0
1441,1074896,1168.324951171875,663.875,6,21408,1
1441,1074897,1408.0,910.0,1,21409,0
1441,1074898,1506.0,984.5,1,21409,1
1441,1074899,1195.0,687.0,1,21409,2
1441,1074900,1506.0,984.5,1,21410,0
1441,1074901,1408.0,910.0,1,21410,1
1441,1074902,1195.0,687.0,1,21410,2
1451,1074813,836.75,736.25,2,21369,0
1451,1074814,886.5,707.25,2,21369,1
1451,1074815,1349.0833740234375,797.0,2,21370,0
1451,1074816,1219.6666259765625,782.3333129882812,3,21370,1
1451,1074817,1159.5833740234375,668.4166870117188,4,21370,2
1451,1074818,1168.324951171875,663.875,4,21371,0
1451,1074819,1194.25,672.8333129882812,4,21371,1
1451,1074820,1352.9166259765625,764.0,2,21371,2
1451,1074821,671.5,762.0,1,21372,0
1451,1074822,1256.4732666015625,726.8571166992188,8,21373,0
1451,1074823,1161.8333740234375,660.5416870117188,6,21373,1
1451,1074824,877.25,692.25,4,21374,0
1451,1074825,866.0833129882812,721.9166870117188,2,21374,1
1451,1074826,1130.0,659.0,5,21375,0
1451,1074827,1181.3916015625,717.5750122070312,10,21375,1
1451,1074828,926.0,693.0,1,21376,0
1451,1074829,892.9285888671875,677.5999755859375,5,21376,1
1451,1074830,898.2142944335938,674.888916015625,7,21377,0
1451,1074831,926.0,693.0,1,21377,1
1451,1074832,987.7916870117188,649.125,6,21378,0
1451,1074833,836.75,736.25,2,21379,0
1451,1074834,873.4166870117188,700.0,2,21379,1
1451,1074835,883.0,683.0429077148438,5,21380,0
1451,1074836,831.0,725.0,1,21380,1
1451,1074837,887.7083129882812,678.875,6,21381,0
1451,1074838,926.0,693.0,1,21381,1
1451,1074839,1025.8427734375,648.028564453125,5,21382,0
1451,1074840,1120.0,687.5,1,21382,1
1451,1074841,883.0,683.0429077148438,5,21383,0
1451,1074842,866.0833129882812,721.9166870117188,2,21383,1
1451,1074843,1226.0101318359375,732.8636474609375,10,21384,0
1451,1074844,1162.0333251953125,659.7666625976562,6,21384,1
1451,1074845,1162.0333251953125,659.7666625976562,7,21385,0
1451,1074846,1225.0528564453125,734.4471435546875,14,21385,1
1451,1074847,889.1571044921875,672.2999877929688,5,21386,0
1451,1074848,926.0,693.0,1,21386,1
1451,1074849,897.6458129882812,669.0833129882812,6,21387,0
1451,1074850,926.0,693.0,1,21387,1
1451,1074851,1025.8427734375,648.028564453125,5,21388,0
1451,1074852,1168.39990234375,662.9000244140625,7,21389,0
1451,1074853,1250.142822265625,746.9166870117188,12,21389,1
1451,1074854,1506.0,984.5,1,21389,2
1451,1074855,1162.0333251953125,659.7666625976562,7,21390,0
1451,1074856,1221.505859375,724.7261962890625,13,21390,1
1451,1074857,1168.324951171875,663.875,6,21391,0
1451,1074858,1255.6875,731.0694580078125,8,21391,1
1451,1074859,967.2857055664062,651.0142822265625,5,21392,0
1451,1074860,918.2000122070312,658.94287109375,5,21393,0
1451,1074861,926.0,693.0,1,21393,1
1451,1074862,1055.8714599609375,651.7285766601562,7,21394,0
1451,1074863,1126.0,690.5,2,21394,1
1451,1074864,1153.5999755859375,664.0750122070312,4,21394,2
1451,1074865,1025.8427734375,648.028564453125,5,21395,0
1451,1074866,1120.0,687.5,1,21395,1
1451,1074867,1050.0,650.6749877929688,5,21396,0
1451,1074868,1126.0,690.5,2,21396,1
1451,1074869,1129.4166259765625,660.5,2,21396,2
1451,1074870,1169.4166259765625,716.638916015625,8,21397,0
1451,1074871,1153.5999755859375,664.0750122070312,6,21397,1
1451,1074872,1089.7916259765625,684.9375,6,21398,0
1451,1074873,1146.375,667.375,6,21398,1
1451,1074874,1353.2916259765625,786.4583129882812,3,21399,0
1451,1074875,1194.25,672.8333129882812,4,21399,1
1451,1074876,1168.324951171875,663.875,4,21399,2
1451,1074877,1236.1500244140625,759.7333374023438,9,21400,0
1451,1074878,1146.375,667.2916870117188,5,21400,1
1451,1074879,1181.15283203125,746.2430419921875,8,21401,0
1451,1074880,1129.4166259765625,660.5,4,21401,1
1451,1074881,1206.21533203125,735.4097290039062,8,21402,0
1451,1074882,1043.0,753.0,1,21402,1
1451,1074883,1153.5999755859375,664.0750122070312,6,21402,2
1451,1074884,1206.21533203125,735.4097290039062,8,21403,0
1451,1074885,1043.0,753.0,1,21403,1
1451,1074886,1146.375,667.2916870117188,5,21403,2
1451,1074887,1352.9166259765625,764.0,2,21404,0
1451,1074888,1213.75,682.25,3,21404,1
1451,1074889,1168.324951171875,663.875,4,21404,2
1451,1074890,1154.2916259765625,725.4166870117188,4,21405,0
1451,1074891,1232.392822265625,756.9017944335938,7,21406,0
1451,1074892,1158.5833740234375,667.1666870117188,4,21406,1
1451,1074893,1244.420654296875,766.579345703125,7,21407,0
1451,1074894,1143.75,658.25,4,21407,1
1451,1074895,1277.7430419921875,761.2777709960938,8,21408,0
1451,1074896,1168.324951171875,663.875,6,21408,1
1451,1074897,1408.0,910.0,1,21409,0
1451,1074898,1506.0,984.5,1,21409,1
1451,1074899,1195.0,687.0,1,21409,2
1451,1074900,1506.0,984.5,1,21410,0
1451,1074901,1408.0,910.0,1,21410,1
1451,1074902,1195.0,687.0,1,21410,2
1461,1074813,848.5,754.5,2,21369,0
1461,1074814,886.5,720.0,2,21369,1
1461,1074815,1335.0833740234375,796.5,2,21370,0
1461,1074816,1227.833251953125,785.0,3,21370,1
1461,1074817,1160.8333740234375,673.6666870117188,4,21370,2
1461,1074818,1169.9915771484375,673.0416870117188,3,21371,0
1461,1074819,1197.5833740234375,674.3333129882812,3,21371,1
1461,1074820,1338.9166259765625,763.5,2,21371,2
1461,1074821,649.5,773.0,1,21372,0
1461,1074822,1257.8304443359375,728.8571166992188,7,21373,0
1461,1074823,1156.75,663.5416870117188,6,21373,1
1461,1074824,874.5833129882812,701.0833129882812,3,21374,0
1461,1074825,875.8333129882812,738.4166870117188,2,21374,1
1461,1074826,1124.9000244140625,659.5,5,21375,0
1461,1074827,1179.8916015625,717.375,10,21375,1
1461,1074828,930.5,697.0,1,21376,0
1461,1074829,883.9285888671875,685.7249755859375,4,21376,1
1461,1074830,893.6143188476562,682.888916015625,5,21377,0
1461,1074831,930.5,697.0,1,21377,1
1461,1074832,983.6917114257812,652.4249877929688,5,21378,0
1461,1074833,848.5,754.5,2,21379,0
1461,1074834,873.9166870117188,710.0,2,21379,1
1461,1074835,876.5,692.0429077148438,4,21380,0
1461,1074836,846.0,754.0,1,21380,1
1461,1074837,881.2083129882812,687.875,4,21381,0
1461,1074838,930.5,697.0,1,21381,1
1461,1074839,1021.3427734375,650.528564453125,4,21382,0
1461,1074840,1108.5,686.5,1,21382,1
1461,1074841,876.5,692.0429077148438,4,21383,0
1461,1074842,875.8333129882812,738.4166870117188,2,21383,1
1461,1074843,1225.646484375,733.227294921875,11,21384,0
1461,1074844,1158.7332763671875,663.8666381835938,5,21384,1
1461,1074845,1159.0333251953125,661.9095458984375,7,21385,0
1461,1074846,1222.9456787109375,734.5542602539062,14,21385,1
1461,1074847,884.7821044921875,679.9249877929688,4,21386,0
1461,1074848,930.5,697.0,1,21386,1
1461,1074849,893.2708129882812,676.7083129882812,4,21387,0
1461,1074850,930.5,697.0,1,21387,1
1461,1074851,1021.3427734375,650.528564453125,4,21388,0
1461,1074852,1168.39990234375,664.6143188476562,7,21389,0
1461,1074853,1246.688232421875,747.007568359375,11,21389,1
1461,1074854,1510.5,981.0,1,21389,2
1461,1074855,1158.819091796875,661.623779296875,7,21390,0
1461,1074856,1219.428955078125,725.7646484375,13,21390,1
1461,1074857,1163.574951171875,666.7916870117188,6,21391,0
1461,1074858,1258.1160888671875,732.5694580078125,7,21391,1
1461,1074859,966.4107055664062,653.8892822265625,4,21392,0
1461,1074860,914.7000122070312,662.31787109375,4,21393,0
1461,1074861,930.5,697.0,1,21393,1
1461,1074862,1053.6715087890625,653.028564453125,5,21394,0
1461,1074863,1131.0,693.8333129882812,3,21394,1
1461,1074864,1155.433349609375,673.24169921875,3,21394,2
1461,1074865,1021.3427734375,650.528564453125,4,21395,0
1461,1074866,1108.5,686.5,1,21395,1
1461,1074867,1045.5,652.7999877929688,4,21396,0
1461,1074868,1131.0,693.5,2,21396,1
1461,1074869,1124.9166259765625,663.5,2,21396,2
1461,1074870,1171.1041259765625,717.076416015625,8,21397,0
1461,1074871,1152.7999267578125,667.2750244140625,5,21397,1
1461,1074872,1085.6666259765625,685.6875,4,21398,0
1461,1074873,1146.125,671.875,4,21398,1
1461,1074874,1338.5416259765625,784.9583129882812,2,21399,0
1461,1074875,1197.75,673.7083129882812,4,21399,1
1461,1074876,1169.9915771484375,673.0416870117188,3,21399,2
1461,1074877,1235.435791015625,759.1619262695312,7,21400,0
1461,1074878,1143.875,670.0916748046875,5,21400,1
1461,1074879,1179.7362060546875,745.7430419921875,6,21401,0
1461,1074880,1125.4166259765625,659.5,6,21401,1
1461,1074881,1207.27783203125,735.8472290039062,8,21402,0
1461,1074882,1043.0,750.0,1,21402,1
1461,1074883,1154.5,666.6749877929688,5,21402,2
1461,1074884,1206.71533203125,735.3383178710938,7,21403,0
1461,1074885,1043.0,750.0,1,21403,1
1461,1074886,1147.2750244140625,669.8916625976562,5,21403,2
1461,1074887,1338.9166259765625,763.5,2,21404,0
1461,1074888,1219.25,684.5,2,21404,1
1461,1074889,1169.9915771484375,673.0416870117188,3,21404,2
1461,1074890,1149.458251953125,723.25,3,21405,0
1461,1074891,1232.892822265625,758.8018188476562,5,21406,0
1461,1074892,1153.8333740234375,667.2916870117188,4,21406,1
1461,1074893,1242.3206787109375,764.4793701171875,5,21407,0
1461,1074894,1139.949951171875,657.4500122070312,5,21407,1
1461,1074895,1279.1002197265625,762.2063598632812,7,21408,0
1461,1074896,1165.9249267578125,666.7750244140625,5,21408,1
1461,1074897,1405.0,904.5,1,21409,0
1461,1074898,1510.5,981.0,1,21409,1
1461,1074899,1209.5,708.5,1,21409,2
1461,1074900,1510.5,981.0,1,21410,0
1461,1074901,1405.0,904.5,1,21410,1
1461,1074902,1209.5,708.5,1,21410,2
1481,1074903,1277.1817626953125,752.6818237304688,11,21411,0
1481,1074904,1151.5,651.0,1,21411,1
1481,1074905,1167.0833740234375,666.1666870117188,6,21412,0
1481,1074906,1311.25,795.875,4,21412,1
1481,1074907,1189.5,672.8333129882812,3,21412,2
1481,1074908,1440.5,954.0,1,21413,0
1481,1074909,1323.5,776.625,4,21413,1
1481,1074910,1189.5,672.8333129882812,3,21413,2
1481,1074911,1219.5,745.0,1,21413,3
1481,1074912,1262.25,726.0,8,21414,0
1481,1074913,1177.25,657.0,2,21414,1
1481,1074914,1177.5,696.0,1,21414,2
1481,1074915,1256.727294921875,757.6363525390625,11,21415,0
1481,1074916,1189.5,672.8333129882812,3,21415,1
1481,1074917,1277.1817626953125,752.6818237304688,11,21416,0
1481,1074918,1177.25,657.0,2,21416,1
1481,1074919,1336.0,779.2000122070312,5,21417,0
1481,1074920,1440.5,954.0,1,21417,1
1481,1074921,1177.25,657.0,2,21417,2
1481,1074922,1189.5,672.8333129882812,3,21418,0
1481,1074923,1253.0833740234375,745.6666870117188,12,21418,1
1481,1074924,1440.5,954.0,1,21418,2
1481,1074925,1177.5,696.0,1,21418,3
1481,1074926,1181.066650390625,707.9000244140625,15,21419,0
1481,1074927,1151.5,651.0,1,21419,1
1481,1074928,1309.5625,766.8125,8,21420,0
1481,1074929,1440.5,954.0,1,21420,1
1481,1074930,1177.25,657.0,2,21420,2
1481,1074931,885.5,732.6666870117188,3,21421,0
1481,1074932,881.5,732.5,1,21422,0
1481,1074933,863.0,716.0,2,21422,1
1481,1074934,930.6428833007812,655.5,7,21423,0
1481,1074935,881.0,705.5,1,21423,1
1481,1074936,941.9375,654.375,8,21424,0
1481,1074937,1177.25,657.0,2,21425,0
1481,1074938,1224.1944580078125,724.5833129882812,18,21425,1
1481,1074939,1440.5,954.0,1,21425,2
1481,1074940,1243.625,790.0,4,21426,0
1481,1074941,1440.5,954.0,1,21426,1
1481,1074942,1214.0,704.5,1,21426,2
1481,1074943,924.8333129882812,658.0,6,21427,0
1481,1074944,881.0,705.5,1,21427,1
1481,1074945,1208.5,683.75,2,21428,0
1481,1074946,1236.1875,748.9375,8,21428,1
1481,1074947,1440.5,954.0,1,21428,2
1481,1074948,1177.5,696.0,1,21428,3
1481,1074949,885.5,732.6666870117188,3,21429,0
1481,1074950,881.5,732.5,1,21429,1
1481,1074951,902.5,669.25,2,21429,2
1481,1074952,885.5,732.6666870117188,3,21430,0
1481,1074953,881.5,732.5,1,21430,1
1481,1074954,930.6428833007812,655.5,7,21431,0
1481,1074955,930.6428833007812,655.5,7,21432,0
1481,1074956,941.9375,654.375,8,21433,0
1481,1074957,1039.3499755859375,656.25,10,21434,0
1481,1074958,962.3125,652.8125,8,21435,0
1481,1074959,1125.9444580078125,664.8333129882812,9,21436,0
1481,1074960,1153.75,671.75,2,21436,1
1481,1074961,1189.5,672.8333129882812,3,21436,2
1481,1074962,1110.3499755859375,664.9500122070312,10,21437,0
1481,1074963,1130.0,647.5,1,21437,1
1481,1074964,1151.5,651.0,1,21437,2
1481,1074965,1102.227294921875,663.272705078125,11,21438,0
1481,1074966,1073.6500244140625,660.5,10,21439,0
1481,1074967,1130.0,647.5,1,21439,1
1481,1074968,1095.0999755859375,663.25,10,21440,0
1481,1074969,1130.0,647.5,1,21440,1
1481,1074970,1151.5,651.0,1,21440,2
1481,1074971,1122.75,663.6500244140625,10,21441,0
1481,1074972,1153.75,671.75,2,21441,1
1481,1074973,1189.5,672.8333129882812,3,21441,2
1481,1074974,1102.227294921875,663.272705078125,11,21442,0
1481,1074975,1102.227294921875,663.272705078125,11,21443,0
1481,1074976,1130.0,647.5,1,21443,1
1481,1074977,1110.3499755859375,664.9500122070312,10,21444,0
1481,1074978,1130.0,647.5,1,21444,1
1481,1074979,1151.5,651.0,1,21444,2
1481,1074980,1102.227294921875,663.272705078125,11,21445,0
1481,1074981,1153.75,671.75,2,21445,1
1481,1074982,1177.25,657.0,2,21445,2
1481,1074983,1290.75,766.9375,8,21446,0
1481,1074984,1440.5,954.0,1,21446,1
1481,1074985,1189.5,672.8333129882812,3,21446,2
1481,1074986,1304.611083984375,770.6666870117188,9,21447,0
1481,1074987,1440.5,954.0,1,21447,1
1481,1074988,1189.5,672.8333129882812,3,21447,2
1481,1074989,1220.9000244140625,761.5,5,21448,0
1481,1074990,1189.5,672.8333129882812,3,21448,1
1481,1074991,1250.699951171875,752.7999877929688,10,21449,0
1481,1074992,1189.5,672.8333129882812,3,21449,1
1481,1074993,1597.0,906.5,1,21450,0
1481,1074994,1117.0,982.0,1,21451,0
1491,1074903,1277.1817626953125,752.6818237304688,11,21411,0
1491,1074904,1151.5,651.0,1,21411,1
1491,1074905,1167.0833740234375,666.1666870117188,6,21412,0
1491,1074906,1311.25,795.875,4,21412,1
1491,1074907,1189.5,672.8333129882812,3,21412,2
1491,1074908,1440.5,954.0,1,21413,0
1491,1074909,1323.5,776.625,4,21413,1
1491,1074910,1189.5,672.8333129882812,3,21413,2
1491,1074911,1219.5,745.0,1,21413,3
1491,1074912,1262.25,726.0,8,21414,0
1491,1074913,1177.25,657.0,2,21414,1
1491,1074914,1177.5,696.0,1,21414,2
1491,1074915,1256.727294921875,757.6363525390625,11,21415,0
1491,1074916,1189.5,672.8333129882812,3,21415,1
1491,1074917,1277.1817626953125,752.6818237304688,11,21416,0
1491,1074918,1177.25,657.0,2,21416,1
1491,1074919,1336.0,779.2000122070312,5,21417,0
1491,1074920,1440.5,954.0,1,21417,1
1491,1074921,1177.25,657.0,2,21417,2
1491,1074922,1189.5,672.8333129882812,3,21418,0
1491,1074923,1253.0833740234375,745.6666870117188,12,21418,1
1491,1074924,1440.5,954.0,1,21418,2
1491,1074925,1177.5,696.0,1,21418,3
1491,1074926,1181.066650390625,707.9000244140625,15,21419,0
1491,1074927,1151.5,651.0,1,21419,1
1491,1074928,1309.5625,766.8125,8,21420,0
1491,1074929,1440.5,954.0,1,21420,1
1491,1074930,1177.25,657.0,2,21420,2
1491,1074931,885.5,732.6666870117188,3,21421,0
1491,1074932,881.5,732.5,1,21422,0
1491,1074933,863.0,716.0,2,21422,1
1491,1074934,930.6428833007812,655.5,7,21423,0
1491,1074935,881.0,705.5,1,21423,1
1491,1074936,941.9375,654.375,8,21424,0
1491,1074937,1177.25,657.0,2,21425,0
1491,1074938,1224.1944580078125,724.5833129882812,18,21425,1
1491,1074939,1440.5,954.0,1,21425,2
1491,1074940,1243.625,790.0,4,21426,0
1491,1074941,1440.5,954.0,1,21426,1
1491,1074942,1214.0,704.5,1,21426,2
1491,1074943,924.8333129882812,658.0,6,21427,0
1491,1074944,881.0,705.5,1,21427,1
1491,1074945,1208.5,683.75,2,21428,0
1491,1074946,1236.1875,748.9375,8,21428,1
1491,1074947,1440.5,954.0,1,21428,2
1491,1074948,1177.5,696.0,1,21428,3
1491,1074949,885.5,732.6666870117188,3,21429,0
1491,1074950,881.5,732.5,1,21429,1
1491,1074951,902.5,669.25,2,21429,2
1491,1074952,885.5,732.6666870117188,3,21430,0
1491,1074953,881.5,732.5,1,21430,1
1491,1074954,930.6428833007812,655.5,7,21431,0
1491,1074955,930.6428833007812,655.5,7,21432,0
1491,1074956,941.9375,654.375,8,21433,0
1491,1074957,1039.3499755859375,656.25,10,21434,0
1491,1074958,962.3125,652.8125,8,21435,0
1491,1074959,1125.9444580078125,664.8333129882812,9,21436,0
1491,1074960,1153.75,671.75,2,21436,1
1491,1074961,1189.5,672.8333129882812,3,21436,2
1491,1074962,1110.3499755859375,664.9500122070312,10,21437,0
1491,1074963,1130.0,647.5,1,21437,1
1491,1074964,1151.5,651.0,1,21437,2
1491,1074965,1102.227294921875,663.272705078125,11,21438,0
1491,1074966,1073.6500244140625,660.5,10,21439,0
1491,1074967,1130.0,647.5,1,21439,1
1491,1074968,1095.0999755859375,663.25,10,21440,0
1491,1074969,1130.0,647.5,1,21440,1
1491,1074970,1151.5,651.0,1,21440,2
1491,1074971,1122.75,663.6500244140625,10,21441,0
1491,1074972,1153.75,671.75,2,21441,1
1491,1074973,1189.5,672.8333129882812,3,21441,2
1491,1074974,1102.227294921875,663.272705078125,11,21442,0
1491,1074975,1102.227294921875,663.272705078125,11,21443,0
1491,1074976,1130.0,647.5,1,21443,1
1491,1074977,1110.3499755859375,664.9500122070312,10,21444,0
1491,1074978,1130.0,647.5,1,21444,1
1491,1074979,1151.5,651.0,1,21444,2
1491,1074980,1102.227294921875,663.272705078125,11,21445,0
1491,1074981,1153.75,671.75,2,21445,1
1491,1074982,1177.25,657.0,2,21445,2
1491,1074983,1290.75,766.9375,8,21446,0
1491,1074984,1440.5,954.0,1,21446,1
1491,1074985,1189.5,672.8333129882812,3,21446,2
1491,1074986,1304.611083984375,770.6666870117188,9,21447,0
1491,1074987,1440.5,954.0,1,21447,1
1491,1074988,1189.5,672.8333129882812,3,21447,2
1491,1074989,1220.9000244140625,761.5,5,21448,0
1491,1074990,1189.5,672.8333129882812,3,21448,1
1491,1074991,1250.699951171875,752.7999877929688,10,21449,0
1491,1074992,1189.5,672.8333129882812,3,21449,1
1491,1074993,1597.0,906.5,1,21450,0
1491,1074994,1117.0,982.0,1,21451,0
1501,1074903,1277.1817626953125,752.6818237304688,11,21411,0
1501,1074904,1151.5,651.0,1,21411,1
1501,1074905,1167.0833740234375,666.1666870117188,6,21412,0
1501,1074906,1311.25,795.875,4,21412,1
1501,1074907,1189.5,672.8333129882812,3,21412,2
1501,1074908,1440.5,954.0,1,21413,0
1501,1074909,1323.5,776.625,4,21413,1
1501,1074910,1189.5,672.8333129882812,3,21413,2
1501,1074911,1219.5,745.0,1,21413,3
1501,1074912,1262.25,726.0,8,21414,0
1501,1074913,1177.25,657.0,2,21414,1
1501,1074914,1177.5,696.0,1,21414,2
1501,1074915,1256.727294921875,757.6363525390625,11,21415,0
1501,1074916,1189.5,672.8333129882812,3,21415,1
1501,1074917,1277.1817626953125,752.6818237304688,11,21416,0
1501,1074918,1177.25,657.0,2,21416,1
1501,1074919,1336.0,779.2000122070312,5,21417,0
1501,1074920,1440.5,954.0,1,21417,1
1501,1074921,1177.25,657.0,2,21417,2
1501,1074922,1189.5,672.8333129882812,3,21418,0
1501,1074923,1253.0833740234375,745.6666870117188,12,21418,1
1501,1074924,1440.5,954.0,1,21418,2
1501,1074925,1177.5,696.0,1,21418,3
1501,1074926,1181.066650390625,707.9000244140625,15,21419,0
1501,1074927,1151.5,651.0,1,21419,1
1501,1074928,1309.5625,766.8125,8,21420,0
1501,1074929,1440.5,954.0,1,21420,1
1501,1074930,1177.25,657.0,2,21420,2
1501,1074931,885.5,732.6666870117188,3,21421,0
1501,1074932,881.5,732.5,1,21422,0
1501,1074933,863.0,716.0,2,21422,1
1501,1074934,930.6428833007812,655.5,7,21423,0
1501,1074935,881.0,705.5,1,21423,1
1501,1074936,941.9375,654.375,8,21424,0
1501,1074937,1177.25,657.0,2,21425,0
1501,1074938,1224.1944580078125,724.5833129882812,18,21425,1
1501,1074939,1440.5,954.0,1,21425,2
1501,1074940,1243.625,790.0,4,21426,0
1501,1074941,1440.5,954.0,1,21426,1
1501,1074942,1214.0,704.5,1,21426,2
1501,1074943,924.8333129882812,658.0,6,21427,0
1501,1074944,881.0,705.5,1,21427,1
1501,1074945,1208.5,683.75,2,21428,0
1501,1074946,1236.1875,748.9375,8,21428,1
1501,1074947,1440.5,954.0,1,21428,2
1501,1074948,1177.5,696.0,1,21428,3
1501,1074949,885.5,732.6666870117188,3,21429,0
1501,1074950,881.5,732.5,1,21429,1
1501,1074951,902.5,669.25,2,21429,2
1501,1074952,885.5,732.6666870117188,3,21430,0
1501,1074953,881.5,732.5,1,21430,1
1501,1074954,930.6428833007812,655.5,7,21431,0
1501,1074955,930.6428833007812,655.5,7,21432,0
1501,1074956,941.9375,654.375,8,21433,0
1501,1074957,1039.3499755859375,656.25,10,21434,0
1501,1074958,962.3125,652.8125,8,21435,0
1501,1074959,1125.9444580078125,664.8333129882812,9,21436,0
1501,1074960,1153.75,671.75,2,21436,1
1501,1074961,1189.5,672.8333129882812,3,21436,2
1501,1074962,1110.3499755859375,664.9500122070312,10,21437,0
1501,1074963,1130.0,647.5,1,21437,1
1501,1074964,1151.5,651.0,1,21437,2
1501,1074965,1102.227294921875,663.272705078125,11,21438,0
1501,1074966,1073.6500244140625,660.5,10,21439,0
1501,1074967,1130.0,647.5,1,21439,1
1501,1074968,1095.0999755859375,663.25,10,21440,0
1501,1074969,1130.0,647.5,1,21440,1
1501,1074970,1151.5,651.0,1,21440,2
1501,1074971,1122.75,663.6500244140625,10,21441,0
1501,1074972,1153.75,671.75,2,21441,1
1501,1074973,1189.5,672.8333129882812,3,21441,2
1501,1074974,1102.227294921875,663.272705078125,11,21442,0
1501,1074975,1102.227294921875,663.272705078125,11,21443,0
1501,1074976,1130.0,647.5,1,21443,1
1501,1074977,1110.3499755859375,664.9500122070312,10,21444,0
1501,1074978,1130.0,647.5,1,21444,1
1501,1074979,1151.5,651.0,1,21444,2
1501,1074980,1102.227294921875,663.272705078125,11,21445,0
1501,1074981,1153.75,671.75,2,21445,1
1501,1074982,1177.25,657.0,2,21445,2
1501,1074983,1290.75,766.9375,8,21446,0
1501,1074984,1440.5,954.0,1,21446,1
1501,1074985,1189.5,672.8333129882812,3,21446,2
1501,1074986,1304.611083984375,770.6666870117188,9,21447,0
1501,1074987,1440.5,954.0,1,21447,1
1501,1074988,1189.5,672.8333129882812,3,21447,2
1501,1074989,1220.9000244140625,761.5,5,21448,0
1501,1074990,1189.5,672.8333129882812,3,21448,1
1501,1074991,1250.699951171875,752.7999877929688,10,21449,0
1501,1074992,1189.5,672.8333129882812,3,21449,1
1501,1074993,1597.0,906.5,1,21450,0
1501,1074994,1117.0,982.0,1,21451,0
1511,1074903,1277.1817626953125,752.6818237304688,11,21411,0
1511,1074904,1151.5,651.0,1,21411,1
1511,1074905,1167.0833740234375,666.1666870117188,6,21412,0
1511,1074906,1311.25,795.875,4,21412,1
1511,1074907,1189.5,672.8333129882812,3,21412,2
1511,1074908,1440.5,954.0,1,21413,0
1511,1074909,1323.5,776.625,4,21413,1
1511,1074910,1189.5,672.8333129882812,3,21413,2
1511,1074911,1219.5,745.0,1,21413,3
1511,1074912,1262.25,726.0,8,21414,0
1511,1074913,1177.25,657.0,2,21414,1
1511,1074914,1177.5,696.0,1,21414,2
1511,1074915,1256.727294921875,757.6363525390625,11,21415,0
1511,1074916,1189.5,672.8333129882812,3,21415,1
1511,1074917,1277.1817626953125,752.6818237304688,11,21416,0
1511,1074918,1177.25,657.0,2,21416,1
1511,1074919,1336.0,779.2000122070312,5,21417,0
1511,1074920,1440.5,954.0,1,21417,1
1511,1074921,1177.25,657.0,2,21417,2
1511,1074922,1189.5,672.8333129882812,3,21418,0
1511,1074923,1253.0833740234375,745.6666870117188,12,21418,1
1511,1074924,1440.5,954.0,1,21418,2
1511,1074925,1177.5,696.0,1,21418,3
1511,1074926,1181.066650390625,707.9000244140625,15,21419,0
1511,1074927,1151.5,651.0,1,21419,1
1511,1074928,1309.5625,766.8125,8,21420,0
1511,1074929,1440.5,954.0,1,21420,1
1511,1074930,1177.25,657.0,2,21420,2
1511,1074931,885.5,732.6666870117188,3,21421,0
1511,1074932,881.5,732.5,1,21422,0
1511,1074933,863.0,716.0,2,21422,1
1511,1074934,930.6428833007812,655.5,7,21423,0
1511,1074935,881.0,705.5,1,21423,1
1511,1074936,941.9375,654.375,8,21424,0
1511,1074937,1177.25,657.0,2,21425,0
1511,1074938,1224.1944580078125,724.5833129882812,18,21425,1
1511,1074939,1440.5,954.0,1,21425,2
1511,1074940,1243.625,790.0,4,21426,0
1511,1074941,1440.5,954.0,1,21426,1
1511,1074942,1214.0,704.5,1,21426,2
1511,1074943,924.8333129882812,658.0,6,21427,0
1511,1074944,881.0,705.5,1,21427,1
1511,1074945,1208.5,683.75,2,21428,0
1511,1074946,1236.1875,748.9375,8,21428,1
1511,1074947,1440.5,954.0,1,21428,2
1511,1074948,1177.5,696.0,1,21428,3
1511,1074949,885.5,732.6666870117188,3,21429,0
1511,1074950,881.5,732.5,1,21429,1
1511,1074951,902.5,669.25,2,21429,2
1511,1074952,885.5,732.6666870117188,3,21430,0
1511,1074953,881.5,732.5,1,21430,1
1511,1074954,930.6428833007812,655.5,7,21431,0
1511,1074955,930.6428833007812,655.5,7,21432,0
1511,1074956,941.9375,654.375,8,21433,0
1511,1074957,1039.3499755859375,656.25,10,21434,0
1511,1074958,962.3125,652.8125,8,21435,0
1511,1074959,1125.9444580078125,664.8333129882812,9,21436,0
1511,1074960,1153.75,671.75,2,21436,1
1511,1074961,1189.5,672.8333129882812,3,21436,2
1511,1074962,1110.3499755859375,664.9500122070312,10,21437,0
1511,1074963,1130.0,647.5,1,21437,1
1511,1074964,1151.5,651.0,1,21437,2
1511,1074965,1102.227294921875,663.272705078125,11,21438,0
1511,1074966,1073.6500244140625,660.5,10,21439,0
1511,1074967,1130.0,647.5,1,21439,1
1511,1074968,1095.0999755859375,663.25,10,21440,0
1511,1074969,1130.0,647.5,1,21440,1
1511,1074970,1151.5,651.0,1,21440,2
1511,1074971,1122.75,663.6500244140625,10,21441,0
1511,1074972,1153.75,671.75,2,21441,1
1511,1074973,1189.5,672.8333129882812,3,21441,2
1511,1074974,1102.227294921875,663.272705078125,11,21442,0
1511,1074975,1102.227294921875,663.272705078125,11,21443,0
1511,1074976,1130.0,647.5,1,21443,1
1511,1074977,1110.3499755859375,664.9500122070312,10,21444,0
1511,1074978,1130.0,647.5,1,21444,1
1511,1074979,1151.5,651.0,1,21444,2
1511,1074980,1102.227294921875,663.272705078125,11,21445,0
1511,1074981,1153.75,671.75,2,21445,1
1511,1074982,1177.25,657.0,2,21445,2
1511,1074983,1290.75,766.9375,8,21446,0
1511,1074984,1440.5,954.0,1,21446,1
1511,1074985,1189.5,672.8333129882812,3,21446,2
1511,1074986,1304.611083984375,770.6666870117188,9,21447,0
1511,1074987,1440.5,954.0,1,21447,1
1511,1074988,1189.5,672.8333129882812,3,21447,2
1511,1074989,1220.9000244140625,761.5,5,21448,0
1511,1074990,1189.5,672.8333129882812,3,21448,1
1511,1074991,1250.699951171875,752.7999877929688,10,21449,0
1511,1074992,1189.5,672.8333129882812,3,21449,1
1511,1074993,1597.0,906.5,1,21450,0
1511,1074994,1117.0,982.0,1,21451,0
1521,1074903,1277.1817626953125,752.6818237304688,11,21411,0
1521,1074904,1151.5,651.0,1,21411,1
1521,1074905,1167.0833740234375,666.1666870117188,6,21412,0
1521,1074906,1311.25,795.875,4,21412,1
1521,1074907,1189.5,672.8333129882812,3,21412,2
1521,1074908,1440.5,954.0,1,21413,0
1521,1074909,1323.5,776.625,4,21413,1
1521,1074910,1189.5,672.8333129882812,3,21413,2
1521,1074911,1219.5,745.0,1,21413,3
1521,1074912,1262.25,726.0,8,21414,0
1521,1074913,1177.25,657.0,2,21414,1
1521,1074914,1177.5,696.0,1,21414,2
1521,1074915,1256.727294921875,757.6363525390625,11,21415,0
1521,1074916,1189.5,672.8333129882812,3,21415,1
1521,1074917,1277.1817626953125,752.6818237304688,11,21416,0
1521,1074918,1177.25,657.0,2,21416,1
1521,1074919,1336.0,779.2000122070312,5,21417,0
1521,1074920,1440.5,954.0,1,21417,1
1521,1074921,1177.25,657.0,2,21417,2
1521,1074922,1189.5,672.8333129882812,3,21418,0
1521,1074923,1253.0833740234375,745.6666870117188,12,21418,1
1521,1074924,1440.5,954.0,1,21418,2
1521,1074925,1177.5,696.0,1,21418,3
1521,1074926,1181.066650390625,707.9000244140625,15,21419,0
1521,1074927,1151.5,651.0,1,21419,1
1521,1074928,1309.5625,766.8125,8,21420,0
1521,1074929,1440.5,954.0,1,21420,1
1521,1074930,1177.25,657.0,2,21420,2
1521,1074931,885.5,732.6666870117188,3,21421,0
1521,1074932,881.5,732.5,1,21422,0
1521,1074933,863.0,716.0,2,21422,1
1521,1074934,930.6428833007812,655.5,7,21423,0
1521,1074935,881.0,705.5,1,21423,1
1521,1074936,941.9375,654.375,8,21424,0
1521,1074937,1177.25,657.0,2,21425,0
1521,1074938,1224.1944580078125,724.5833129882812,18,21425,1
1521,1074939,1440.5,954.0,1,21425,2
1521,1074940,1243.625,790.0,4,21426,0
1521,1074941,1440.5,954.0,1,21426,1
1521,1074942,1214.0,704.5,1,21426,2
1521,1074943,924.8333129882812,658.0,6,21427,0
1521,1074944,881.0,705.5,1,21427,1
1521,1074945,1208.5,683.75,2,21428,0
1521,1074946,1236.1875,748.9375,8,21428,1
1521,1074947,1440.5,954.0,1,21428,2
1521,1074948,1177.5,696.0,1,21428,3
1521,1074949,885.5,732.6666870117188,3,21429,0
1521,1074950,881.5,732.5,1,21429,1
1521,1074951,902.5,669.25,2,21429,2
1521,1074952,885.5,732.6666870117188,3,21430,0
1521,1074953,881.5,732.5,1,21430,1
1521,1074954,930.6428833007812,655.5,7,21431,0
1521,1074955,930.6428833007812,655.5,7,21432,0
1521,1074956,941.9375,654.375,8,21433,0
1521,1074957,1039.3499755859375,656.25,10,21434,0
1521,1074958,962.3125,652.8125,8,21435,0
1521,1074959,1125.9444580078125,664.8333129882812,9,21436,0
1521,1074960,1153.75,671.75,2,21436,1
1521,1074961,1189.5,672.8333129882812,3,21436,2
1521,1074962,1110.3499755859375,664.9500122070312,10,21437,0
1521,1074963,1130.0,647.5,1,21437,1
1521,1074964,1151.5,651.0,1,21437,2
1521,1074965,1102.227294921875,663.272705078125,11,21438,0
1521,1074966,1073.6500244140625,660.5,10,21439,0
1521,1074967,1130.0,647.5,1,21439,1
1521,1074968,1095.0999755859375,663.25,10,21440,0
1521,1074969,1130.0,647.5,1,21440,1
1521,1074970,1151.5,651.0,1,21440,2
1521,1074971,1122.75,663.6500244140625,10,21441,0
1521,1074972,1153.75,671.75,2,21441,1
1521,1074973,1189.5,672.8333129882812,3,21441,2
1521,1074974,1102.227294921875,663.272705078125,11,21442,0
1521,1074975,1102.227294921875,663.272705078125,11,21443,0
1521,1074976,1130.0,647.5,1,21443,1
1521,1074977,1110.3499755859375,664.9500122070312,10,21444,0
1521,1074978,1130.0,647.5,1,21444,1
1521,1074979,1151.5,651.0,1,21444,2
1521,1074980,1102.227294921875,663.272705078125,11,21445,0
1521,1074981,1153.75,671.75,2,21445,1
1521,1074982,1177.25,657.0,2,21445,2
1521,1074983,1290.75,766.9375,8,21446,0
1521,1074984,1440.5,954.0,1,21446,1
1521,1074985,1189.5,672.8333129882812,3,21446,2
1521,1074986,1304.611083984375,770.6666870117188,9,21447,0
1521,1074987,1440.5,954.0,1,21447,1
1521,1074988,1189.5,672.8333129882812,3,21447,2
1521,1074989,1220.9000244140625,761.5,5,21448,0
1521,1074990,1189.5,672.8333129882812,3,21448,1
1521,1074991,1250.699951171875,752.7999877929688,10,21449,0
1521,1074992,1189.5,672.8333129882812,3,21449,1
1521,1074993,1597.0,906.5,1,21450,0
1521,1074994,1117.0,982.0,1,21451,0
1531,1074903,1277.1817626953125,752.6818237304688,11,21411,0
1531,1074904,1151.5,651.0,1,21411,1
1531,1074905,1167.0833740234375,666.1666870117188,6,21412,0
1531,1074906,1311.25,795.875,4,21412,1
1531,1074907,1189.5,672.8333129882812,3,21412,2
1531,1074908,1440.5,954.0,1,21413,0
1531,1074909,1323.5,776.625,4,21413,1
1531,1074910,1189.5,672.8333129882812,3,21413,2
1531,1074911,1219.5,745.0,1,21413,3
1531,1074912,1262.25,726.0,8,21414,0
1531,1074913,1177.25,657.0,2,21414,1
1531,1074914,1177.5,696.0,1,21414,2
1531,1074915,1256.727294921875,757.6363525390625,11,21415,0
1531,1074916,1189.5,672.8333129882812,3,21415,1
1531,1074917,1277.1817626953125,752.6818237304688,11,21416,0
1531,1074918,1177.25,657.0,2,21416,1
1531,1074919,1336.0,779.2000122070312,5,21417,0
1531,1074920,1440.5,954.0,1,21417,1
1531,1074921,1177.25,657.0,2,21417,2
1531,1074922,1189.5,672.8333129882812,3,21418,0
1531,1074923,1253.0833740234375,745.6666870117188,12,21418,1
1531,1074924,1440.5,954.0,1,21418,2
1531,1074925,1177.5,696.0,1,21418,3
1531,1074926,1181.066650390625,707.9000244140625,15,21419,0
1531,1074927,1151.5,651.0,1,21419,1
1531,1074928,1309.5625,766.8125,8,21420,0
1531,1074929,1440.5,954.0,1,21420,1
1531,1074930,1177.25,657.0,2,21420,2
1531,1074931,885.5,732.6666870117188,3,21421,0
1531,1074932,881.5,732.5,1,21422,0
1531,1074933,863.0,716.0,2,21422,1
1531,1074934,930.6428833007812,655.5,7,21423,0
1531,1074935,881.0,705.5,1,21423,1
1531,1074936,941.9375,654.375,8,21424,0
1531,1074937,1177.25,657.0,2,21425,0
1531,1074938,1224.1944580078125,724.5833129882812,18,21425,1
1531,1074939,1440.5,954.0,1,21425,2
1531,1074940,1243.625,790.0,4,21426,0
1531,1074941,1440.5,954.0,1,21426,1
1531,1074942,1214.0,704.5,1,21426,2
1531,1074943,924.8333129882812,658.0,6,21427,0
1531,1074944,881.0,705.5,1,21427,1
1531,1074945,1208.5,683.75,2,21428,0
1531,1074946,1236.1875,748.9375,8,21428,1
1531,1074947,1440.5,954.0,1,21428,2
1531,1074948,1177.5,696.0,1,21428,3
1531,1074949,885.5,732.6666870117188,3,21429,0
1531,1074950,881.5,732.5,1,21429,1
1531,1074951,902.5,669.25,2,21429,2
1531,1074952,885.5,732.6666870117188,3,21430,0
1531,1074953,881.5,732.5,1,21430,1
1531,1074954,930.6428833007812,655.5,7,21431,0
1531,1074955,930.6428833007812,655.5,7,21432,0
1531,1074956,941.9375,654.375,8,21433,0
1531,1074957,1039.3499755859375,656.25,10,21434,0
1531,1074958,962.3125,652.8125,8,21435,0
1531,1074959,1125.9444580078125,664.8333129882812,9,21436,0
1531,1074960,1153.75,671.75,2,21436,1
1531,1074961,1189.5,672.8333129882812,3,21436,2
1531,1074962,1110.3499755859375,664.9500122070312,10,21437,0
1531,1074963,1130.0,647.5,1,21437,1
1531,1074964,1151.5,651.0,1,21437,2
1531,1074965,1102.227294921875,663.272705078125,11,21438,0
1531,1074966,1073.6500244140625,660.5,10,21439,0
1531,1074967,1130.0,647.5,1,21439,1
1531,1074968,1095.0999755859375,663.25,10,21440,0
1531,1074969,1130.0,647.5,1,21440,1
1531,1074970,1151.5,651.0,1,21440,2
1531,1074971,1122.75,663.6500244140625,10,21441,0
1531,1074972,1153.75,671.75,2,21441,1
1531,1074973,1189.5,672.8333129882812,3,21441,2
1531,1074974,1102.227294921875,663.272705078125,11,21442,0
1531,1074975,1102.227294921875,663.272705078125,11,21443,0
1531,1074976,1130.0,647.5,1,21443,1
1531,1074977,1110.3499755859375,664.9500122070312,10,21444,0
1531,1074978,1130.0,647.5,1,21444,1
1531,1074979,1151.5,651.0,1,21444,2
1531,1074980,1102.227294921875,663.272705078125,11,21445,0
1531,1074981,1153.75,671.75,2,21445,1
1531,1074982,1177.25,657.0,2,21445,2
1531,1074983,1290.75,766.9375,8,21446,0
1531,1074984,1440.5,954.0,1,21446,1
1531,1074985,1189.5,672.8333129882812,3,21446,2
1531,1074986,1304.611083984375,770.6666870117188,9,21447,0
1531,1074987,1440.5,954.0,1,21447,1
1531,1074988,1189.5,672.8333129882812,3,21447,2
1531,1074989,1220.9000244140625,761.5,5,21448,0
1531,1074990,1189.5,672.8333129882812,3,21448,1
1531,1074991,1250.699951171875,752.7999877929688,10,21449,0
1531,1074992,1189.5,672.8333129882812,3,21449,1
1531,1074993,1597.0,906.5,1,21450,0
1531,1074994,1117.0,982.0,1,21451,0
1541,1074903,1277.1817626953125,752.6818237304688,11,21411,0
1541,1074904,1151.5,651.0,1,21411,1
1541,1074905,1167.0833740234375,666.1666870117188,6,21412,0
1541,1074906,1311.25,795.875,4,21412,1
1541,1074907,1189.5,672.8333129882812,3,21412,2
1541,1074908,1440.5,954.0,1,21413,0
1541,1074909,1323.5,776.625,4,21413,1
1541,1074910,1189.5,672.8333129882812,3,21413,2
1541,1074911,1219.5,745.0,1,21413,3
1541,1074912,1262.25,726.0,8,21414,0
1541,1074913,1177.25,657.0,2,21414,1
1541,1074914,1177.5,696.0,1,21414,2
1541,1074915,1256.727294921875,757.6363525390625,11,21415,0
1541,1074916,1189.5,672.8333129882812,3,21415,1
1541,1074917,1277.1817626953125,752.6818237304688,11,21416,0
1541,1074918,1177.25,657.0,2,21416,1
1541,1074919,1336.0,779.2000122070312,5,21417,0
1541,1074920,1440.5,954.0,1,21417,1
1541,1074921,1177.25,657.0,2,21417,2
1541,1074922,1189.5,672.8333129882812,3,21418,0
1541,1074923,1253.0833740234375,745.6666870117188,12,21418,1
1541,1074924,1440.5,954.0,1,21418,2
1541,1074925,1177.5,696.0,1,21418,3
1541,1074926,1181.066650390625,707.9000244140625,15,21419,0
1541,1074927,1151.5,651.0,1,21419,1
1541,1074928,1309.5625,766.8125,8,21420,0
1541,1074929,1440.5,954.0,1,21420,1
1541,1074930,1177.25,657.0,2,21420,2
1541,1074931,885.5,732.6666870117188,3,21421,0
1541,1074932,881.5,732.5,1,21422,0
1541,1074933,863.0,716.0,2,21422,1
1541,1074934,930.6428833007812,655.5,7,21423,0
1541,1074935,881.0,705.5,1,21423,1
1541,1074936,941.9375,654.375,8,21424,0
1541,1074937,1177.25,657.0,2,21425,0
1541,1074938,1224.1944580078125,724.5833129882812,18,21425,1
1541,1074939,1440.5,954.0,1,21425,2
1541,1074940,1243.625,790.0,4,21426,0
1541,1074941,1440.5,954.0,1,21426,1
1541,1074942,1214.0,704.5,1,21426,2
1541,1074943,924.8333129882812,658.0,6,21427,0
1541,1074944,881.0,705.5,1,21427,1
1541,1074945,1208.5,683.75,2,21428,0
1541,1074946,1236.1875,748.9375,8,21428,1
1541,1074947,1440.5,954.0,1,21428,2
1541,1074948,1177.5,696.0,1,21428,3
1541,1074949,885.5,732.6666870117188,3,21429,0
1541,1074950,881.5,732.5,1,21429,1
1541,1074951,902.5,669.25,2,21429,2
1541,1074952,885.5,732.6666870117188,3,21430,0
1541,1074953,881.5,732.5,1,21430,1
1541,1074954,930.6428833007812,655.5,7,21431,0
1541,1074955,930.6428833007812,655.5,7,21432,0
1541,1074956,941.9375,654.375,8,21433,0
1541,1074957,1039.3499755859375,656.25,10,21434,0
1541,1074958,962.3125,652.8125,8,21435,0
1541,1074959,1125.9444580078125,664.8333129882812,9,21436,0
1541,1074960,1153.75,671.75,2,21436,1
1541,1074961,1189.5,672.8333129882812,3,21436,2
1541,1074962,1110.3499755859375,664.9500122070312,10,21437,0
1541,1074963,1130.0,647.5,1,21437,1
1541,1074964,1151.5,651.0,1,21437,2
1541,1074965,1102.227294921875,663.272705078125,11,21438,0
1541,1074966,1073.6500244140625,660.5,10,21439,0
1541,1074967,1130.0,647.5,1,21439,1
1541,1074968,1095.0999755859375,663.25,10,21440,0
1541,1074969,1130.0,647.5,1,21440,1
1541,1074970,1151.5,651.0,1,21440,2
1541,1074971,1122.75,663.6500244140625,10,21441,0
1541,1074972,1153.75,671.75,2,21441,1
1541,1074973,1189.5,672.8333129882812,3,21441,2
1541,1074974,1102.227294921875,663.272705078125,11,21442,0
1541,1074975,1102.227294921875,663.272705078125,11,21443,0
1541,1074976,1130.0,647.5,1,21443,1
1541,1074977,1110.3499755859375,664.9500122070312,10,21444,0
1541,1074978,1130.0,647.5,1,21444,1
1541,1074979,1151.5,651.0,1,21444,2
1541,1074980,1102.227294921875,663.272705078125,11,21445,0
1541,1074981,1153.75,671.75,2,21445,1
1541,1074982,1177.25,657.0,2,21445,2
1541,1074983,1290.75,766.9375,8,21446,0
1541,1074984,1440.5,954.0,1,21446,1
1541,1074985,1189.5,672.8333129882812,3,21446,2
1541,1074986,1304.611083984375,770.6666870117188,9,21447,0
1541,1074987,1440.5,954.0,1,21447,1
1541,1074988,1189.5,672.8333129882812,3,21447,2
1541,1074989,1220.9000244140625,761.5,5,21448,0
1541,1074990,1189.5,672.8333129882812,3,21448,1
1541,1074991,1250.699951171875,752.7999877929688,10,21449,0
1541,1074992,1189.5,672.8333129882812,3,21449,1
1541,1074993,1597.0,906.5,1,21450,0
1541,1074994,1117.0,982.0,1,21451,0
1551,1074903,1277.1817626953125,752.6818237304688,11,21411,0
1551,1074904,1151.5,651.0,1,21411,1
1551,1074905,1167.0833740234375,666.1666870117188,6,21412,0
1551,1074906,1311.25,795.875,4,21412,1
1551,1074907,1189.5,672.8333129882812,3,21412,2
1551,1074908,1440.5,954.0,1,21413,0
1551,1074909,1323.5,776.625,4,21413,1
1551,1074910,1189.5,672.8333129882812,3,21413,2
1551,1074911,1219.5,745.0,1,21413,3
1551,1074912,1262.25,726.0,8,21414,0
1551,1074913,1177.25,657.0,2,21414,1
1551,1074914,1177.5,696.0,1,21414,2
1551,1074915,1256.727294921875,757.6363525390625,11,21415,0
1551,1074916,1189.5,672.8333129882812,3,21415,1
1551,1074917,1277.1817626953125,752.6818237304688,11,21416,0
1551,1074918,1177.25,657.0,2,21416,1
1551,1074919,1336.0,779.2000122070312,5,21417,0
1551,1074920,1440.5,954.0,1,21417,1
1551,1074921,1177.25,657.0,2,21417,2
1551,1074922,1189.5,672.8333129882812,3,21418,0
1551,1074923,1253.0833740234375,745.6666870117188,12,21418,1
1551,1074924,1440.5,954.0,1,21418,2
1551,1074925,1177.5,696.0,1,21418,3
1551,1074926,1181.066650390625,707.9000244140625,15,21419,0
1551,1074927,1151.5,651.0,1,21419,1
1551,1074928,1309.5625,766.8125,8,21420,0
1551,1074929,1440.5,954.0,1,21420,1
1551,1074930,1177.25,657.0,2,21420,2
1551,1074931,885.5,732.6666870117188,3,21421,0
1551,1074932,881.5,732.5,1,21422,0
1551,1074933,863.0,716.0,2,21422,1
1551,1074934,930.6428833007812,655.5,7,21423,0
1551,1074935,881.0,705.5,1,21423,1
1551,1074936,941.9375,654.375,8,21424,0
1551,1074937,1177.25,657.0,2,21425,0
1551,1074938,1224.1944580078125,724.5833129882812,18,21425,1
1551,1074939,1440.5,954.0,1,21425,2
1551,1074940,1243.625,790.0,4,21426,0
1551,1074941,1440.5,954.0,1,21426,1
1551,1074942,1214.0,704.5,1,21426,2
1551,1074943,924.8333129882812,658.0,6,21427,0
1551,1074944,881.0,705.5,1,21427,1
1551,1074945,1208.5,683.75,2,21428,0
1551,1074946,1236.1875,748.9375,8,21428,1
1551,1074947,1440.5,954.0,1,21428,2
1551,1074948,1177.5,696.0,1,21428,3
1551,1074949,885.5,732.6666870117188,3,21429,0
1551,1074950,881.5,732.5,1,21429,1
1551,1074951,902.5,669.25,2,21429,2
1551,1074952,885.5,732.6666870117188,3,21430,0
1551,1074953,881.5,732.5,1,21430,1
1551,1074954,930.6428833007812,655.5,7,21431,0
1551,1074955,930.6428833007812,655.5,7,21432,0
1551,1074956,941.9375,654.375,8,21433,0
1551,1074957,1039.3499755859375,656.25,10,21434,0
1551,1074958,962.3125,652.8125,8,21435,0
1551,1074959,1125.9444580078125,664.8333129882812,9,21436,0
1551,1074960,1153.75,671.75,2,21436,1
1551,1074961,1189.5,672.8333129882812,3,21436,2
1551,1074962,1110.3499755859375,664.9500122070312,10,21437,0
1551,1074963,1130.0,647.5,1,21437,1
1551,1074964,1151.5,651.0,1,21437,2
1551,1074965,1102.227294921875,663.272705078125,11,21438,0
1551,1074966,1073.6500244140625,660.5,10,21439,0
1551,1074967,1130.0,647.5,1,21439,1
1551,1074968,1095.0999755859375,663.25,10,21440,0
1551,1074969,1130.0,647.5,1,21440,1
1551,1074970,1151.5,651.0,1,21440,2
1551,1074971,1122.75,663.6500244140625,10,21441,0
1551,1074972,1153.75,671.75,2,21441,1
1551,1074973,1189.5,672.8333129882812,3,21441,2
1551,1074974,1102.227294921875,663.272705078125,11,21442,0
1551,1074975,1102.227294921875,663.272705078125,11,21443,0
1551,1074976,1130.0,647.5,1,21443,1
1551,1074977,1110.3499755859375,664.9500122070312,10,21444,0
1551,1074978,1130.0,647.5,1,21444,1
1551,1074979,1151.5,651.0,1,21444,2
1551,1074980,1102.227294921875,663.272705078125,11,21445,0
1551,1074981,1153.75,671.75,2,21445,1
1551,1074982,1177.25,657.0,2,21445,2
1551,1074983,1290.75,766.9375,8,21446,0
1551,1074984,1440.5,954.0,1,21446,1
1551,1074985,1189.5,672.8333129882812,3,21446,2
1551,1074986,1304.611083984375,770.6666870117188,9,21447,0
1551,1074987,1440.5,954.0,1,21447,1
1551,1074988,1189.5,672.8333129882812,3,21447,2
1551,1074989,1220.9000244140625,761.5,5,21448,0
1551,1074990,1189.5,672.8333129882812,3,21448,1
1551,1074991,1250.699951171875,752.7999877929688,10,21449,0
1551,1074992,1189.5,672.8333129882812,3,21449,1
1551,1074993,1597.0,906.5,1,21450,0
1551,1074994,1117.0,982.0,1,21451,0
1561,1074903,1277.1817626953125,752.6818237304688,11,21411,0
1561,1074904,1151.5,651.0,1,21411,1
1561,1074905,1167.0833740234375,666.1666870117188,6,21412,0
1561,1074906,1311.25,795.875,4,21412,1
1561,1074907,1189.5,672.8333129882812,3,21412,2
1561,1074908,1440.5,954.0,1,21413,0
1561,1074909,1323.5,776.625,4,21413,1
1561,1074910,1189.5,672.8333129882812,3,21413,2
1561,1074911,1219.5,745.0,1,21413,3
1561,1074912,1262.25,726.0,8,21414,0
1561,1074913,1177.25,657.0,2,21414,1
1561,1074914,1177.5,696.0,1,21414,2
1561,1074915,1256.727294921875,757.6363525390625,11,21415,0
1561,1074916,1189.5,672.8333129882812,3,21415,1
1561,1074917,1277.1817626953125,752.6818237304688,11,21416,0
1561,1074918,1177.25,657.0,2,21416,1
1561,1074919,1336.0,779.2000122070312,5,21417,0
1561,1074920,1440.5,954.0,1,21417,1
1561,1074921,1177.25,657.0,2,21417,2
1561,1074922,1189.5,672.8333129882812,3,21418,0
1561,1074923,1253.0833740234375,745.6666870117188,12,21418,1
1561,1074924,1440.5,954.0,1,21418,2
1561,1074925,1177.5,696.0,1,21418,3
1561,1074926,1181.066650390625,707.9000244140625,15,21419,0
1561,1074927,1151.5,651.0,1,21419,1
1561,1074928,1309.5625,766.8125,8,21420,0
1561,1074929,1440.5,954.0,1,21420,1
1561,1074930,1177.25,657.0,2,21420,2
1561,1074931,885.5,732.6666870117188,3,21421,0
1561,1074932,881.5,732.5,1,21422,0
1561,1074933,863.0,716.0,2,21422,1
1561,1074934,930.6428833007812,655.5,7,21423,0
1561,1074935,881.0,705.5,1,21423,1
1561,1074936,941.9375,654.375,8,21424,0
1561,1074937,1177.25,657.0,2,21425,0
1561,1074938,1224.1944580078125,724.5833129882812,18,21425,1
1561,1074939,1440.5,954.0,1,21425,2
1561,1074940,1243.625,790.0,4,21426,0
1561,1074941,1440.5,954.0,1,21426,1
1561,1074942,1214.0,704.5,1,21426,2
1561,1074943,924.8333129882812,658.0,6,21427,0
1561,1074944,881.0,705.5,1,21427,1
1561,1074945,1208.5,683.75,2,21428,0
1561,1074946,1236.1875,748.9375,8,21428,1
1561,1074947,1440.5,954.0,1,21428,2
1561,1074948,1177.5,696.0,1,21428,3
1561,1074949,885.5,732.6666870117188,3,21429,0
1561,1074950,881.5,732.5,1,21429,1
1561,1074951,902.5,669.25,2,21429,2
1561,1074952,885.5,732.6666870117188,3,21430,0
1561,1074953,881.5,732.5,1,21430,1
1561,1074954,930.6428833007812,655.5,7,21431,0
1561,1074955,930.6428833007812,655.5,7,21432,0
1561,1074956,941.9375,654.375,8,21433,0
1561,1074957,1039.3499755859375,656.25,10,21434,0
1561,1074958,962.3125,652.8125,8,21435,0
1561,1074959,1125.9444580078125,664.8333129882812,9,21436,0
1561,1074960,1153.75,671.75,2,21436,1
1561,1074961,1189.5,672.8333129882812,3,21436,2
1561,1074962,1110.3499755859375,664.9500122070312,10,21437,0
1561,1074963,1130.0,647.5,1,21437,1
1561,1074964,1151.5,651.0,1,21437,2
1561,1074965,1102.227294921875,663.272705078125,11,21438,0
1561,1074966,1073.6500244140625,660.5,10,21439,0
1561,1074967,1130.0,647.5,1,21439,1
1561,1074968,1095.0999755859375,663.25,10,21440,0
1561,1074969,1130.0,647.5,1,21440,1
1561,1074970,1151.5,651.0,1,21440,2
1561,1074971,1122.75,663.6500244140625,10,21441,0
1561,1074972,1153.75,671.75,2,21441,1
1561,1074973,1189.5,672.8333129882812,3,21441,2
1561,1074974,1102.227294921875,663.272705078125,11,21442,0
1561,1074975,1102.227294921875,663.272705078125,11,21443,0
1561,1074976,1130.0,647.5,1,21443,1
1561,1074977,1110.3499755859375,664.9500122070312,10,21444,0
1561,1074978,1130.0,647.5,1,21444,1
1561,1074979,1151.5,651.0,1,21444,2
1561,1074980,1102.227294921875,663.272705078125,11,21445,0
1561,1074981,1153.75,671.75,2,21445,1
1561,1074982,1177.25,657.0,2,21445,2
1561,1074983,1290.75,766.9375,8,21446,0
1561,1074984,1440.5,954.0,1,21446,1
1561,1074985,1189.5,672.8333129882812,3,21446,2
1561,1074986,1304.611083984375,770.6666870117188,9,21447,0
1561,1074987,1440.5,954.0,1,21447,1
1561,1074988,1189.5,672.8333129882812,3,21447,2
1561,1074989,1220.9000244140625,761.5,5,21448,0
1561,1074990,1189.5,672.8333129882812,3,21448,1
1561,1074991,1250.699951171875,752.7999877929688,10,21449,0
1561,1074992,1189.5,672.8333129882812,3,21449,1
1561,1074993,1597.0,906.5,1,21450,0
1561,1074994,1117.0,982.0,1,21451,0
1571,1074903,1271.4317626953125,748.4943237304688,8,21411,0
1571,1074904,1158.25,649.75,2,21411,1
1571,1074905,1163.7083740234375,665.2916870117188,4,21412,0
1571,1074906,1309.25,789.5416870117188,3,21412,1
1571,1074907,1185.75,676.8333129882812,2,21412,2
1571,1074908,1432.5,942.5,1,21413,0
1571,1074909,1317.1666259765625,772.625,3,21413,1
1571,1074910,1185.75,676.8333129882812,2,21413,2
1571,1074911,1251.0,749.5,1,21413,3
1571,1074912,1254.8333740234375,723.0833129882812,6,21414,0
1571,1074913,1175.75,660.25,2,21414,1
1571,1074914,1175.0,693.5,1,21414,2
1571,1074915,1254.949462890625,754.8585815429688,9,21415,0
1571,1074916,1190.8333740234375,673.5,3,21415,1
1571,1074917,1271.4317626953125,748.4943237304688,8,21416,0
1571,1074918,1180.0833740234375,657.1666870117188,3,21416,1
1571,1074919,1326.0,773.2000122070312,4,21417,0
1571,1074920,1432.5,942.5,1,21417,1
1571,1074921,1175.75,660.25,2,21417,2
1571,1074922,1187.0,675.5,3,21418,0
1571,1074923,1247.0833740234375,741.8333740234375,9,21418,1
1571,1074924,1432.5,942.5,1,21418,2
1571,1074925,1175.0,693.5,1,21418,3
1571,1074926,1172.4000244140625,705.6917114257812,12,21419,0
1571,1074927,1158.25,649.75,2,21419,1
1571,1074928,1303.1458740234375,761.9791870117188,6,21420,0
1571,1074929,1432.5,942.5,1,21420,1
1571,1074930,1175.75,660.25,2,21420,2
1571,1074931,886.75,739.6666870117188,2,21421,0
1571,1074932,882.0,737.5,1,21422,0
1571,1074933,865.25,726.25,2,21422,1
1571,1074934,928.1428833007812,658.4000244140625,5,21423,0
1571,1074935,885.5,712.5,1,21423,1
1571,1074936,938.8541870117188,656.5416870117188,6,21424,0
1571,1074937,1179.375,657.125,4,21425,0
1571,1074938,1216.65869140625,721.297607421875,14,21425,1
1571,1074939,1432.5,942.5,1,21425,2
1571,1074940,1249.625,787.5,3,21426,0
1571,1074941,1432.5,942.5,1,21426,1
1571,1074942,1215.0,703.75,2,21426,2
1571,1074943,922.7083129882812,660.875,4,21427,0
1571,1074944,885.5,712.5,1,21427,1
1571,1074945,1201.25,687.5,2,21428,0
1571,1074946,1235.1041259765625,746.3541870117188,6,21428,1
1571,1074947,1432.5,942.5,1,21428,2
1571,1074948,1182.0,691.75,2,21428,3
1571,1074949,886.75,739.6666870117188,2,21429,0
1571,1074950,882.0,737.5,1,21429,1
1571,1074951,900.5,671.75,2,21429,2
1571,1074952,886.75,739.6666870117188,2,21430,0
1571,1074953,882.0,737.5,1,21430,1
1571,1074954,928.1428833007812,658.4000244140625,5,21431,0
1571,1074955,928.1428833007812,658.4000244140625,5,21432,0
1571,1074956,938.8541870117188,656.5416870117188,6,21433,0
1571,1074957,1030.7249755859375,655.5625,8,21434,0
1571,1074958,959.5625,654.3125,6,21435,0
1571,1074959,1118.5872802734375,663.3333129882812,7,21436,0
1571,1074960,1152.25,670.5,2,21436,1
1571,1074961,1185.75,676.8333129882812,2,21436,2
1571,1074962,1100.5999755859375,663.3875122070312,8,21437,0
1571,1074963,1129.5,647.5,1,21437,1
1571,1074964,1153.5,654.5,1,21437,2
1571,1074965,1093.289794921875,661.772705078125,8,21438,0
1571,1074966,1065.5250244140625,659.3125,8,21439,0
1571,1074967,1129.5,647.5,1,21439,1
1571,1074968,1086.4124755859375,661.6875,8,21440,0
1571,1074969,1129.5,647.5,1,21440,1
1571,1074970,1153.5,654.5,1,21440,2
1571,1074971,1114.1875,662.1500244140625,8,21441,0
1571,1074972,1152.25,670.5,2,21441,1
1571,1074973,1187.0,675.5,3,21441,2
1571,1074974,1093.289794921875,661.772705078125,8,21442,0
1571,1074975,1093.289794921875,661.772705078125,8,21443,0
1571,1074976,1129.5,647.5,1,21443,1
1571,1074977,1100.5999755859375,663.3875122070312,8,21444,0
1571,1074978,1129.5,647.5,1,21444,1
1571,1074979,1153.5,654.5,1,21444,2
1571,1074980,1093.289794921875,661.772705078125,8,21445,0
1571,1074981,1152.25,670.5,2,21445,1
1571,1074982,1175.75,660.25,2,21445,2
1571,1074983,1288.25,762.3541870117188,6,21446,0
1571,1074984,1432.5,942.5,1,21446,1
1571,1074985,1185.75,676.8333129882812,2,21446,2
1571,1074986,1300.75390625,765.6666870117188,7,21447,0
1571,1074987,1432.5,942.5,1,21447,1
1571,1074988,1185.75,676.8333129882812,2,21447,2
1571,1074989,1225.2750244140625,759.625,4,21448,0
1571,1074990,1190.8333740234375,673.5,3,21448,1
1571,1074991,1250.81103515625,749.6889038085938,9,21449,0
1571,1074992,1185.75,676.8333129882812,2,21449,1
1571,1074993,1581.5,895.0,1,21450,0
1571,1074994,1114.0,968.0,1,21451,0
1581,1074903,1271.4317626953125,748.4943237304688,8,21411,0
1581,1074904,1158.25,649.75,3,21411,1
1581,1074905,1163.7083740234375,665.2916870117188,4,21412,0
1581,1074906,1309.25,789.5416870117188,3,21412,1
1581,1074907,1185.75,676.8333129882812,2,21412,2
1581,1074908,1432.5,942.5,1,21413,0
1581,1074909,1317.1666259765625,772.625,3,21413,1
1581,1074910,1185.75,676.8333129882812,3,21413,2
1581,1074911,1251.0,749.5,2,21413,3
1581,1074912,1254.8333740234375,723.0833129882812,6,21414,0
1581,1074913,1175.75,660.25,2,21414,1
1581,1074914,1175.0,693.5,1,21414,2
1581,1074915,1254.949462890625,754.8585815429688,9,21415,0
1581,1074916,1190.8333740234375,673.5,5,21415,1
1581,1074917,1271.4317626953125,748.4943237304688,8,21416,0
1581,1074918,1180.0833740234375,657.1666870117188,4,21416,1
1581,1074919,1326.0,773.2000122070312,4,21417,0
1581,1074920,1432.5,942.5,1,21417,1
1581,1074921,1175.75,660.25,3,21417,2
1581,1074922,1187.0,675.5,3,21418,0
1581,1074923,1247.0833740234375,741.8333740234375,9,21418,1
1581,1074924,1432.5,942.5,1,21418,2
1581,1074925,1175.0,693.5,1,21418,3
1581,1074926,1172.4000244140625,705.6917114257812,12,21419,0
1581,1074927,1158.25,649.75,3,21419,1
1581,1074928,1303.1458740234375,761.9791870117188,6,21420,0
1581,1074929,1432.5,942.5,1,21420,1
1581,1074930,1175.75,660.25,2,21420,2
1581,1074931,886.75,739.6666870117188,2,21421,0
1581,1074932,882.0,737.5,1,21422,0
1581,1074933,865.25,726.25,2,21422,1
1581,1074934,928.1428833007812,658.4000244140625,5,21423,0
1581,1074935,885.5,712.5,1,21423,1
1581,1074936,938.8541870117188,656.5416870117188,6,21424,0
1581,1074937,1179.375,657.125,5,21425,0
1581,1074938,1216.65869140625,721.297607421875,14,21425,1
1581,1074939,1432.5,942.5,1,21425,2
1581,1074940,1249.625,787.5,3,21426,0
1581,1074941,1432.5,942.5,1,21426,1
1581,1074942,1215.0,703.75,2,21426,2
1581,1074943,922.7083129882812,660.875,4,21427,0
1581,1074944,885.5,712.5,1,21427,1
1581,1074945,1201.25,687.5,2,21428,0
1581,1074946,1235.1041259765625,746.3541870117188,6,21428,1
1581,1074947,1432.5,942.5,1,21428,2
1581,1074948,1182.0,691.75,2,21428,3
1581,1074949,886.75,739.6666870117188,2,21429,0
1581,1074950,882.0,737.5,1,21429,1
1581,1074951,900.5,671.75,2,21429,2
1581,1074952,886.75,739.6666870117188,2,21430,0
1581,1074953,882.0,737.5,1,21430,1
1581,1074954,928.1428833007812,658.4000244140625,5,21431,0
1581,1074955,928.1428833007812,658.4000244140625,5,21432,0
1581,1074956,938.8541870117188,656.5416870117188,6,21433,0
1581,1074957,1030.7249755859375,655.5625,8,21434,0
1581,1074958,959.5625,654.3125,6,21435,0
1581,1074959,1118.5872802734375,663.3333129882812,7,21436,0
1581,1074960,1152.25,670.5,2,21436,1
1581,1074961,1185.75,676.8333129882812,2,21436,2
1581,1074962,1100.5999755859375,663.3875122070312,8,21437,0
1581,1074963,1129.5,647.5,1,21437,1
1581,1074964,1153.5,654.5,2,21437,2
1581,1074965,1093.289794921875,661.772705078125,8,21438,0
1581,1074966,1065.5250244140625,659.3125,8,21439,0
1581,1074967,1129.5,647.5,1,21439,1
1581,1074968,1086.4124755859375,661.6875,8,21440,0
1581,1074969,1129.5,647.5,1,21440,1
1581,1074970,1153.5,654.5,1,21440,2
1581,1074971,1114.1875,662.1500244140625,8,21441,0
1581,1074972,1152.25,670.5,2,21441,1
1581,1074973,1187.0,675.5,3,21441,2
1581,1074974,1093.289794921875,661.772705078125,8,21442,0
1581,1074975,1093.289794921875,661.772705078125,8,21443,0
1581,1074976,1129.5,647.5,1,21443,1
1581,1074977,1100.5999755859375,663.3875122070312,8,21444,0
1581,1074978,1129.5,647.5,1,21444,1
1581,1074979,1153.5,654.5,2,21444,2
1581,1074980,1093.289794921875,661.772705078125,8,21445,0
1581,1074981,1152.25,670.5,2,21445,1
1581,1074982,1175.75,660.25,2,21445,2
1581,1074983,1288.25,762.3541870117188,6,21446,0
1581,1074984,1432.5,942.5,1,21446,1
1581,1074985,1185.75,676.8333129882812,2,21446,2
1581,1074986,1300.75390625,765.6666870117188,7,21447,0
1581,1074987,1432.5,942.5,1,21447,1
1581,1074988,1185.75,676.8333129882812,2,21447,2
1581,1074989,1225.2750244140625,759.625,4,21448,0
1581,1074990,1190.8333740234375,673.5,4,21448,1
1581,1074991,1250.81103515625,749.6889038085938,9,21449,0
1581,1074992,1185.75,676.8333129882812,2,21449,1
1581,1074993,1581.5,895.0,1,21450,0
1581,1074994,1114.0,968.0,1,21451,0
1591,1074903,1271.4317626953125,748.4943237304688,8,21411,0
1591,1074904,1158.25,649.75,3,21411,1
1591,1074905,1163.7083740234375,665.2916870117188,4,21412,0
1591,1074906,1309.25,789.5416870117188,3,21412,1
1591,1074907,1185.75,676.8333129882812,2,21412,2
1591,1074908,1432.5,942.5,1,21413,0
1591,1074909,1317.1666259765625,772.625,3,21413,1
1591,1074910,1185.75,676.8333129882812,3,21413,2
1591,1074911,1251.0,749.5,2,21413,3
1591,1074912,1254.8333740234375,723.0833129882812,6,21414,0
1591,1074913,1175.75,660.25,2,21414,1
1591,1074914,1175.0,693.5,1,21414,2
1591,1074915,1254.949462890625,754.8585815429688,9,21415,0
1591,1074916,1190.8333740234375,673.5,5,21415,1
1591,1074917,1271.4317626953125,748.4943237304688,8,21416,0
1591,1074918,1180.0833740234375,657.1666870117188,5,21416,1
1591,1074919,1326.0,773.2000122070312,4,21417,0
1591,1074920,1432.5,942.5,1,21417,1
1591,1074921,1175.75,660.25,3,21417,2
1591,1074922,1187.0,675.5,3,21418,0
1591,1074923,1247.0833740234375,741.8333740234375,9,21418,1
1591,1074924,1432.5,942.5,1,21418,2
1591,1074925,1175.0,693.5,1,21418,3
1591,1074926,1172.4000244140625,705.6917114257812,12,21419,0
1591,1074927,1158.25,649.75,3,21419,1
1591,1074928,1303.1458740234375,761.9791870117188,6,21420,0
1591,1074929,1432.5,942.5,1,21420,1
1591,1074930,1175.75,660.25,2,21420,2
1591,1074931,886.75,739.6666870117188,2,21421,0
1591,1074932,882.0,737.5,1,21422,0
1591,1074933,865.25,726.25,2,21422,1
1591,1074934,928.1428833007812,658.4000244140625,5,21423,0
1591,1074935,885.5,712.5,1,21423,1
1591,1074936,938.8541870117188,656.5416870117188,6,21424,0
1591,1074937,1179.375,657.125,5,21425,0
1591,1074938,1216.65869140625,721.297607421875,14,21425,1
1591,1074939,1432.5,942.5,1,21425,2
1591,1074940,1249.625,787.5,3,21426,0
1591,1074941,1432.5,942.5,1,21426,1
1591,1074942,1215.0,703.75,2,21426,2
1591,1074943,922.7083129882812,660.875,4,21427,0
1591,1074944,885.5,712.5,1,21427,1
1591,1074945,1201.25,687.5,2,21428,0
1591,1074946,1235.1041259765625,746.3541870117188,6,21428,1
1591,1074947,1432.5,942.5,1,21428,2
1591,1074948,1182.0,691.75,2,21428,3
1591,1074949,886.75,739.6666870117188,2,21429,0
1591,1074950,882.0,737.5,1,21429,1
1591,1074951,900.5,671.75,2,21429,2
1591,1074952,886.75,739.6666870117188,2,21430,0
1591,1074953,882.0,737.5,1,21430,1
1591,1074954,928.1428833007812,658.4000244140625,5,21431,0
1591,1074955,928.1428833007812,658.4000244140625,5,21432,0
1591,1074956,938.8541870117188,656.5416870117188,6,21433,0
1591,1074957,1030.7249755859375,655.5625,8,21434,0
1591,1074958,959.5625,654.3125,6,21435,0
1591,1074959,1118.5872802734375,663.3333129882812,7,21436,0
1591,1074960,1152.25,670.5,2,21436,1
1591,1074961,1185.75,676.8333129882812,2,21436,2
1591,1074962,1100.5999755859375,663.3875122070312,8,21437,0
1591,1074963,1129.5,647.5,1,21437,1
1591,1074964,1153.5,654.5,2,21437,2
1591,1074965,1093.289794921875,661.772705078125,8,21438,0
1591,1074966,1065.5250244140625,659.3125,8,21439,0
1591,1074967,1129.5,647.5,1,21439,1
1591,1074968,1086.4124755859375,661.6875,8,21440,0
1591,1074969,1129.5,647.5,1,21440,1
1591,1074970,1153.5,654.5,1,21440,2
1591,1074971,1114.1875,662.1500244140625,8,21441,0
1591,1074972,1152.25,670.5,2,21441,1
1591,1074973,1187.0,675.5,3,21441,2
1591,1074974,1093.289794921875,661.772705078125,8,21442,0
1591,1074975,1093.289794921875,661.772705078125,8,21443,0
1591,1074976,1129.5,647.5,1,21443,1
1591,1074977,1100.5999755859375,663.3875122070312,8,21444,0
1591,1074978,1129.5,647.5,1,21444,1
1591,1074979,1153.5,654.5,2,21444,2
1591,1074980,1093.289794921875,661.772705078125,8,21445,0
1591,1074981,1152.25,670.5,2,21445,1
1591,1074982,1175.75,660.25,2,21445,2
1591,1074983,1288.25,762.3541870117188,6,21446,0
1591,1074984,1432.5,942.5,1,21446,1
1591,1074985,1185.75,676.8333129882812,2,21446,2
1591,1074986,1300.75390625,765.6666870117188,7,21447,0
1591,1074987,1432.5,942.5,1,21447,1
1591,1074988,1185.75,676.8333129882812,2,21447,2
1591,1074989,1225.2750244140625,759.625,4,21448,0
1591,1074990,1190.8333740234375,673.5,4,21448,1
1591,1074991,1250.81103515625,749.6889038085938,9,21449,0
1591,1074992,1185.75,676.8333129882812,2,21449,1
1591,1074993,1581.5,895.0,1,21450,0
1591,1074994,1114.0,968.0,1,21451,0
1601,1074903,1271.4317626953125,748.4943237304688,8,21411,0
1601,1074904,1158.25,649.75,4,21411,1
1601,1074905,1163.7083740234375,665.2916870117188,4,21412,0
1601,1074906,1309.25,789.5416870117188,3,21412,1
1601,1074907,1185.75,676.8333129882812,2,21412,2
1601,1074908,1432.5,942.5,1,21413,0
1601,1074909,1317.1666259765625,772.625,3,21413,1
1601,1074910,1185.75,676.8333129882812,3,21413,2
1601,1074911,1251.0,749.5,2,21413,3
1601,1074912,1254.8333740234375,723.0833129882812,6,21414,0
1601,1074913,1175.75,660.25,2,21414,1
1601,1074914,1175.0,693.5,1,21414,2
1601,1074915,1254.949462890625,754.8585815429688,9,21415,0
1601,1074916,1190.8333740234375,673.5,5,21415,1
1601,1074917,1271.4317626953125,748.4943237304688,8,21416,0
1601,1074918,1180.0833740234375,657.1666870117188,5,21416,1
1601,1074919,1326.0,773.2000122070312,4,21417,0
1601,1074920,1432.5,942.5,1,21417,1
1601,1074921,1175.75,660.25,3,21417,2
1601,1074922,1187.0,675.5,3,21418,0
1601,1074923,1247.0833740234375,741.8333740234375,9,21418,1
1601,1074924,1432.5,942.5,1,21418,2
1601,1074925,1175.0,693.5,1,21418,3
1601,1074926,1172.4000244140625,705.6917114257812,12,21419,0
1601,1074927,1158.25,649.75,4,21419,1
1601,1074928,1303.1458740234375,761.9791870117188,6,21420,0
1601,1074929,1432.5,942.5,1,21420,1
1601,1074930,1175.75,660.25,2,21420,2
1601,1074931,886.75,739.6666870117188,2,21421,0
1601,1074932,882.0,737.5,1,21422,0
1601,1074933,865.25,726.25,2,21422,1
1601,1074934,928.1428833007812,658.4000244140625,5,21423,0
1601,1074935,885.5,712.5,1,21423,1
1601,1074936,938.8541870117188,656.5416870117188,6,21424,0
1601,1074937,1179.375,657.125,5,21425,0
1601,1074938,1216.65869140625,721.297607421875,14,21425,1
1601,1074939,1432.5,942.5,1,21425,2
1601,1074940,1249.625,787.5,3,21426,0
1601,1074941,1432.5,942.5,1,21426,1
1601,1074942,1215.0,703.75,2,21426,2
1601,1074943,922.7083129882812,660.875,4,21427,0
1601,1074944,885.5,712.5,1,21427,1
1601,1074945,1201.25,687.5,2,21428,0
1601,1074946,1235.1041259765625,746.3541870117188,6,21428,1
1601,1074947,1432.5,942.5,1,21428,2
1601,1074948,1182.0,691.75,2,21428,3
1601,1074949,886.75,739.6666870117188,2,21429,0
1601,1074950,882.0,737.5,1,21429,1
1601,1074951,900.5,671.75,2,21429,2
1601,1074952,886.75,739.6666870117188,2,21430,0
1601,1074953,882.0,737.5,1,21430,1
1601,1074954,928.1428833007812,658.4000244140625,5,21431,0
1601,1074955,928.1428833007812,658.4000244140625,5,21432,0
1601,1074956,938.8541870117188,656.5416870117188,6,21433,0
1601,1074957,1030.7249755859375,655.5625,8,21434,0
1601,1074958,959.5625,654.3125,6,21435,0
1601,1074959,1118.5872802734375,663.3333129882812,7,21436,0
1601,1074960,1152.25,670.5,2,21436,1
1601,1074961,1185.75,676.8333129882812,2,21436,2
1601,1074962,1100.5999755859375,663.3875122070312,8,21437,0
1601,1074963,1129.5,647.5,1,21437,1
1601,1074964,1153.5,654.5,2,21437,2
1601,1074965,1093.289794921875,661.772705078125,8,21438,0
1601,1074966,1065.5250244140625,659.3125,8,21439,0
1601,1074967,1129.5,647.5,1,21439,1
1601,1074968,1086.4124755859375,661.6875,8,21440,0
1601,1074969,1129.5,647.5,1,21440,1
1601,1074970,1153.5,654.5,1,21440,2
1601,1074971,1114.1875,662.1500244140625,8,21441,0
1601,1074972,1152.25,670.5,2,21441,1
1601,1074973,1187.0,675.5,3,21441,2
1601,1074974,1093.289794921875,661.772705078125,8,21442,0
1601,1074975,1093.289794921875,661.772705078125,8,21443,0
1601,1074976,1129.5,647.5,1,21443,1
1601,1074977,1100.5999755859375,663.3875122070312,8,21444,0
1601,1074978,1129.5,647.5,1,21444,1
1601,1074979,1153.5,654.5,2,21444,2
1601,1074980,1093.289794921875,661.772705078125,8,21445,0
1601,1074981,1152.25,670.5,2,21445,1
1601,1074982,1175.75,660.25,2,21445,2
1601,1074983,1288.25,762.3541870117188,6,21446,0
1601,1074984,1432.5,942.5,1,21446,1
1601,1074985,1185.75,676.8333129882812,2,21446,2
1601,1074986,1300.75390625,765.6666870117188,7,21447,0
1601,1074987,1432.5,942.5,1,21447,1
1601,1074988,1185.75,676.8333129882812,2,21447,2
1601,1074989,1225.2750244140625,759.625,4,21448,0
1601,1074990,1190.8333740234375,673.5,4,21448,1
1601,1074991,1250.81103515625,749.6889038085938,9,21449,0
1601,1074992,1185.75,676.8333129882812,2,21449,1
1601,1074993,1581.5,895.0,1,21450,0
1601,1074994,1114.0,968.0,1,21451,0
1611,1074903,1271.4317626953125,748.4943237304688,8,21411,0
1611,1074904,1158.25,649.75,4,21411,1
1611,1074905,1163.7083740234375,665.2916870117188,4,21412,0
1611,1074906,1309.25,789.5416870117188,3,21412,1
1611,1074907,1185.75,676.8333129882812,2,21412,2
1611,1074908,1432.5,942.5,1,21413,0
1611,1074909,1317.1666259765625,772.625,3,21413,1
1611,1074910,1185.75,676.8333129882812,3,21413,2
1611,1074911,1251.0,749.5,2,21413,3
1611,1074912,1254.8333740234375,723.0833129882812,6,21414,0
1611,1074913,1175.75,660.25,3,21414,1
1611,1074914,1175.0,693.5,1,21414,2
1611,1074915,1254.949462890625,754.8585815429688,9,21415,0
1611,1074916,1190.8333740234375,673.5,5,21415,1
1611,1074917,1271.4317626953125,748.4943237304688,8,21416,0
1611,1074918,1180.0833740234375,657.1666870117188,5,21416,1
1611,1074919,1326.0,773.2000122070312,4,21417,0
1611,1074920,1432.5,942.5,1,21417,1
1611,1074921,1175.75,660.25,3,21417,2
1611,1074922,1187.0,675.5,3,21418,0
1611,1074923,1247.0833740234375,741.8333740234375,9,21418,1
1611,1074924,1432.5,942.5,1,21418,2
1611,1074925,1175.0,693.5,1,21418,3
1611,1074926,1172.4000244140625,705.6917114257812,12,21419,0
1611,1074927,1158.25,649.75,4,21419,1
1611,1074928,1303.1458740234375,761.9791870117188,6,21420,0
1611,1074929,1432.5,942.5,1,21420,1
1611,1074930,1175.75,660.25,3,21420,2
1611,1074931,886.75,739.6666870117188,2,21421,0
1611,1074932,882.0,737.5,1,21422,0
1611,1074933,865.25,726.25,2,21422,1
1611,1074934,928.1428833007812,658.4000244140625,5,21423,0
1611,1074935,885.5,712.5,1,21423,1
1611,1074936,938.8541870117188,656.5416870117188,6,21424,0
1611,1074937,1179.375,657.125,5,21425,0
1611,1074938,1216.65869140625,721.297607421875,14,21425,1
1611,1074939,1432.5,942.5,1,21425,2
1611,1074940,1249.625,787.5,3,21426,0
1611,1074941,1432.5,942.5,1,21426,1
1611,1074942,1215.0,703.75,2,21426,2
1611,1074943,922.7083129882812,660.875,4,21427,0
1611,1074944,885.5,712.5,1,21427,1
1611,1074945,1201.25,687.5,2,21428,0
1611,1074946,1235.1041259765625,746.3541870117188,6,21428,1
1611,1074947,1432.5,942.5,1,21428,2
1611,1074948,1182.0,691.75,2,21428,3
1611,1074949,886.75,739.6666870117188,2,21429,0
1611,1074950,882.0,737.5,1,21429,1
1611,1074951,900.5,671.75,2,21429,2
1611,1074952,886.75,739.6666870117188,2,21430,0
1611,1074953,882.0,737.5,1,21430,1
1611,1074954,928.1428833007812,658.4000244140625,5,21431,0
1611,1074955,928.1428833007812,658.4000244140625,5,21432,0
1611,1074956,938.8541870117188,656.5416870117188,6,21433,0
1611,1074957,1030.7249755859375,655.5625,8,21434,0
1611,1074958,959.5625,654.3125,6,21435,0
1611,1074959,1118.5872802734375,663.3333129882812,7,21436,0
1611,1074960,1152.25,670.5,2,21436,1
1611,1074961,1185.75,676.8333129882812,2,21436,2
1611,1074962,1100.5999755859375,663.3875122070312,8,21437,0
1611,1074963,1129.5,647.5,1,21437,1
1611,1074964,1153.5,654.5,2,21437,2
1611,1074965,1093.289794921875,661.772705078125,8,21438,0
1611,1074966,1065.5250244140625,659.3125,8,21439,0
1611,1074967,1129.5,647.5,1,21439,1
1611,1074968,1086.4124755859375,661.6875,8,21440,0
1611,1074969,1129.5,647.5,1,21440,1
1611,1074970,1153.5,654.5,1,21440,2
1611,1074971,1114.1875,662.1500244140625,8,21441,0
1611,1074972,1152.25,670.5,2,21441,1
1611,1074973,1187.0,675.5,3,21441,2
1611,1074974,1093.289794921875,661.772705078125,8,21442,0
1611,1074975,1093.289794921875,661.772705078125,8,21443,0
1611,1074976,1129.5,647.5,1,21443,1
1611,1074977,1100.5999755859375,663.3875122070312,8,21444,0
1611,1074978,1129.5,647.5,1,21444,1
1611,1074979,1153.5,654.5,2,21444,2
1611,1074980,1093.289794921875,661.772705078125,8,21445,0
1611,1074981,1152.25,670.5,2,21445,1
1611,1074982,1175.75,660.25,2,21445,2
1611,1074983,1288.25,762.3541870117188,6,21446,0
1611,1074984,1432.5,942.5,1,21446,1
1611,1074985,1185.75,676.8333129882812,2,21446,2
1611,1074986,1300.75390625,765.6666870117188,7,21447,0
1611,1074987,1432.5,942.5,1,21447,1
1611,1074988,1185.75,676.8333129882812,2,21447,2
1611,1074989,1225.2750244140625,759.625,4,21448,0
1611,1074990,1190.8333740234375,673.5,4,21448,1
1611,1074991,1250.81103515625,749.6889038085938,9,21449,0
1611,1074992,1185.75,676.8333129882812,2,21449,1
1611,1074993,1581.5,895.0,1,21450,0
1611,1074994,1114.0,968.0,1,21451,0
1621,1074903,1271.4317626953125,748.4943237304688,8,21411,0
1621,1074904,1158.25,649.75,4,21411,1
1621,1074905,1163.7083740234375,665.2916870117188,4,21412,0
1621,1074906,1309.25,789.5416870117188,3,21412,1
1621,1074907,1185.75,676.8333129882812,2,21412,2
1621,1074908,1432.5,942.5,1,21413,0
1621,1074909,1317.1666259765625,772.625,3,21413,1
1621,1074910,1185.75,676.8333129882812,3,21413,2
1621,1074911,1251.0,749.5,2,21413,3
1621,1074912,1254.8333740234375,723.0833129882812,6,21414,0
1621,1074913,1175.75,660.25,3,21414,1
1621,1074914,1175.0,693.5,1,21414,2
1621,1074915,1254.949462890625,754.8585815429688,9,21415,0
1621,1074916,1190.8333740234375,673.5,5,21415,1
1621,1074917,1271.4317626953125,748.4943237304688,8,21416,0
1621,1074918,1180.0833740234375,657.1666870117188,5,21416,1
1621,1074919,1326.0,773.2000122070312,4,21417,0
1621,1074920,1432.5,942.5,1,21417,1
1621,1074921,1175.75,660.25,3,21417,2
1621,1074922,1187.0,675.5,3,21418,0
1621,1074923,1247.0833740234375,741.8333740234375,9,21418,1
1621,1074924,1432.5,942.5,1,21418,2
1621,1074925,1175.0,693.5,1,21418,3
1621,1074926,1172.4000244140625,705.6917114257812,12,21419,0
1621,1074927,1158.25,649.75,4,21419,1
1621,1074928,1303.1458740234375,761.9791870117188,6,21420,0
1621,1074929,1432.5,942.5,1,21420,1
1621,1074930,1175.75,660.25,3,21420,2
1621,1074931,886.75,739.6666870117188,2,21421,0
1621,1074932,882.0,737.5,1,21422,0
1621,1074933,865.25,726.25,2,21422,1
1621,1074934,928.1428833007812,658.4000244140625,5,21423,0
1621,1074935,885.5,712.5,1,21423,1
1621,1074936,938.8541870117188,656.5416870117188,6,21424,0
1621,1074937,1179.375,657.125,5,21425,0
1621,1074938,1216.65869140625,721.297607421875,14,21425,1
1621,1074939,1432.5,942.5,1,21425,2
1621,1074940,1249.625,787.5,3,21426,0
1621,1074941,1432.5,942.5,1,21426,1
1621,1074942,1215.0,703.75,2,21426,2
1621,1074943,922.7083129882812,660.875,4,21427,0
1621,1074944,885.5,712.5,1,21427,1
1621,1074945,1201.25,687.5,2,21428,0
1621,1074946,1235.1041259765625,746.3541870117188,6,21428,1
1621,1074947,1432.5,942.5,1,21428,2
1621,1074948,1182.0,691.75,2,21428,3
1621,1074949,886.75,739.6666870117188,2,21429,0
1621,1074950,882.0,737.5,1,21429,1
1621,1074951,900.5,671.75,2,21429,2
1621,1074952,886.75,739.6666870117188,2,21430,0
1621,1074953,882.0,737.5,1,21430,1
1621,1074954,928.1428833007812,658.4000244140625,5,21431,0
1621,1074955,928.1428833007812,658.4000244140625,5,21432,0
1621,1074956,938.8541870117188,656.5416870117188,6,21433,0
1621,1074957,1030.7249755859375,655.5625,8,21434,0
1621,1074958,959.5625,654.3125,6,21435,0
1621,1074959,1118.5872802734375,663.3333129882812,7,21436,0
1621,1074960,1152.25,670.5,2,21436,1
1621,1074961,1185.75,676.8333129882812,2,21436,2
1621,1074962,1100.5999755859375,663.3875122070312,8,21437,0
1621,1074963,1129.5,647.5,1,21437,1
1621,1074964,1153.5,654.5,2,21437,2
1621,1074965,1093.289794921875,661.772705078125,8,21438,0
1621,1074966,1065.5250244140625,659.3125,8,21439,0
1621,1074967,1129.5,647.5,1,21439,1
1621,1074968,1086.4124755859375,661.6875,8,21440,0
1621,1074969,1129.5,647.5,1,21440,1
1621,1074970,1153.5,654.5,1,21440,2
1621,1074971,1114.1875,662.1500244140625,8,21441,0
1621,1074972,1152.25,670.5,2,21441,1
1621,1074973,1187.0,675.5,3,21441,2
1621,1074974,1093.289794921875,661.772705078125,8,21442,0
1621,1074975,1093.289794921875,661.772705078125,8,21443,0
1621,1074976,1129.5,647.5,1,21443,1
1621,1074977,1100.5999755859375,663.3875122070312,8,21444,0
1621,1074978,1129.5,647.5,1,21444,1
1621,1074979,1153.5,654.5,2,21444,2
1621,1074980,1093.289794921875,661.772705078125,8,21445,0
1621,1074981,1152.25,670.5,2,21445,1
1621,1074982,1175.75,660.25,2,21445,2
1621,1074983,1288.25,762.3541870117188,6,21446,0
1621,1074984,1432.5,942.5,1,21446,1
1621,1074985,1185.75,676.8333129882812,2,21446,2
1621,1074986,1300.75390625,765.6666870117188,7,21447,0
1621,1074987,1432.5,942.5,1,21447,1
1621,1074988,1185.75,676.8333129882812,2,21447,2
1621,1074989,1225.2750244140625,759.625,4,21448,0
1621,1074990,1190.8333740234375,673.5,4,21448,1
1621,1074991,1250.81103515625,749.6889038085938,9,21449,0
1621,1074992,1185.75,676.8333129882812,2,21449,1
1621,1074993,1581.5,895.0,1,21450,0
1621,1074994,1114.0,968.0,1,21451,0
1631,1074903,1271.4317626953125,748.4943237304688,8,21411,0
1631,1074904,1158.25,649.75,4,21411,1
1631,1074905,1163.7083740234375,665.2916870117188,5,21412,0
1631,1074906,1309.25,789.5416870117188,3,21412,1
1631,1074907,1185.75,676.8333129882812,2,21412,2
1631,1074908,1432.5,942.5,1,21413,0
1631,1074909,1317.1666259765625,772.625,3,21413,1
1631,1074910,1185.75,676.8333129882812,3,21413,2
1631,1074911,1251.0,749.5,2,21413,3
1631,1074912,1254.8333740234375,723.0833129882812,6,21414,0
1631,1074913,1175.75,660.25,3,21414,1
1631,1074914,1175.0,693.5,1,21414,2
1631,1074915,1254.949462890625,754.8585815429688,9,21415,0
1631,1074916,1190.8333740234375,673.5,5,21415,1
1631,1074917,1271.4317626953125,748.4943237304688,8,21416,0
1631,1074918,1180.0833740234375,657.1666870117188,5,21416,1
1631,1074919,1326.0,773.2000122070312,4,21417,0
1631,1074920,1432.5,942.5,1,21417,1
1631,1074921,1175.75,660.25,3,21417,2
1631,1074922,1187.0,675.5,3,21418,0
1631,1074923,1247.0833740234375,741.8333740234375,9,21418,1
1631,1074924,1432.5,942.5,1,21418,2
1631,1074925,1175.0,693.5,2,21418,3
1631,1074926,1172.4000244140625,705.6917114257812,12,21419,0
1631,1074927,1158.25,649.75,4,21419,1
1631,1074928,1303.1458740234375,761.9791870117188,6,21420,0
1631,1074929,1432.5,942.5,1,21420,1
1631,1074930,1175.75,660.25,3,21420,2
1631,1074931,886.75,739.6666870117188,2,21421,0
1631,1074932,882.0,737.5,1,21422,0
1631,1074933,865.25,726.25,2,21422,1
1631,1074934,928.1428833007812,658.4000244140625,5,21423,0
1631,1074935,885.5,712.5,1,21423,1
1631,1074936,938.8541870117188,656.5416870117188,6,21424,0
1631,1074937,1179.375,657.125,5,21425,0
1631,1074938,1216.65869140625,721.297607421875,14,21425,1
1631,1074939,1432.5,942.5,1,21425,2
1631,1074940,1249.625,787.5,3,21426,0
1631,1074941,1432.5,942.5,1,21426,1
1631,1074942,1215.0,703.75,2,21426,2
1631,1074943,922.7083129882812,660.875,4,21427,0
1631,1074944,885.5,712.5,1,21427,1
1631,1074945,1201.25,687.5,2,21428,0
1631,1074946,1235.1041259765625,746.3541870117188,6,21428,1
1631,1074947,1432.5,942.5,1,21428,2
1631,1074948,1182.0,691.75,2,21428,3
1631,1074949,886.75,739.6666870117188,2,21429,0
1631,1074950,882.0,737.5,1,21429,1
1631,1074951,900.5,671.75,2,21429,2
1631,1074952,886.75,739.6666870117188,2,21430,0
1631,1074953,882.0,737.5,1,21430,1
1631,1074954,928.1428833007812,658.4000244140625,5,21431,0
1631,1074955,928.1428833007812,658.4000244140625,5,21432,0
1631,1074956,938.8541870117188,656.5416870117188,6,21433,0
1631,1074957,1030.7249755859375,655.5625,8,21434,0
1631,1074958,959.5625,654.3125,6,21435,0
1631,1074959,1118.5872802734375,663.3333129882812,7,21436,0
1631,1074960,1152.25,670.5,3,21436,1
1631,1074961,1185.75,676.8333129882812,2,21436,2
1631,1074962,1100.5999755859375,663.3875122070312,8,21437,0
1631,1074963,1129.5,647.5,1,21437,1
1631,1074964,1153.5,654.5,2,21437,2
1631,1074965,1093.289794921875,661.772705078125,8,21438,0
1631,1074966,1065.5250244140625,659.3125,8,21439,0
1631,1074967,1129.5,647.5,1,21439,1
1631,1074968,1086.4124755859375,661.6875,8,21440,0
1631,1074969,1129.5,647.5,1,21440,1
1631,1074970,1153.5,654.5,1,21440,2
1631,1074971,1114.1875,662.1500244140625,8,21441,0
1631,1074972,1152.25,670.5,3,21441,1
1631,1074973,1187.0,675.5,3,21441,2
1631,1074974,1093.289794921875,661.772705078125,8,21442,0
1631,1074975,1093.289794921875,661.772705078125,8,21443,0
1631,1074976,1129.5,647.5,1,21443,1
1631,1074977,1100.5999755859375,663.3875122070312,8,21444,0
1631,1074978,1129.5,647.5,1,21444,1
1631,1074979,1153.5,654.5,2,21444,2
1631,1074980,1093.289794921875,661.772705078125,8,21445,0
1631,1074981,1152.25,670.5,2,21445,1
1631,1074982,1175.75,660.25,2,21445,2
1631,1074983,1288.25,762.3541870117188,6,21446,0
1631,1074984,1432.5,942.5,1,21446,1
1631,1074985,1185.75,676.8333129882812,2,21446,2
1631,1074986,1300.75390625,765.6666870117188,7,21447,0
1631,1074987,1432.5,942.5,1,21447,1
1631,1074988,1185.75,676.8333129882812,2,21447,2
1631,1074989,1225.2750244140625,759.625,4,21448,0
1631,1074990,1190.8333740234375,673.5,4,21448,1
1631,1074991,1250.81103515625,749.6889038085938,9,21449,0
1631,1074992,1185.75,676.8333129882812,2,21449,1
1631,1074993,1581.5,895.0,1,21450,0
1631,1074994,1114.0,968.0,1,21451,0
1641,1074903,1271.4317626953125,748.4943237304688,8,21411,0
1641,1074904,1158.25,649.75,4,21411,1
1641,1074905,1163.7083740234375,665.2916870117188,5,21412,0
1641,1074906,1309.25,789.5416870117188,3,21412,1
1641,1074907,1185.75,676.8333129882812,2,21412,2
1641,1074908,1432.5,942.5,1,21413,0
1641,1074909,1317.1666259765625,772.625,3,21413,1
1641,1074910,1185.75,676.8333129882812,3,21413,2
1641,1074911,1251.0,749.5,2,21413,3
1641,1074912,1254.8333740234375,723.0833129882812,6,21414,0
1641,1074913,1175.75,660.25,3,21414,1
1641,1074914,1175.0,693.5,1,21414,2
1641,1074915,1254.949462890625,754.8585815429688,9,21415,0
1641,1074916,1190.8333740234375,673.5,5,21415,1
1641,1074917,1271.4317626953125,748.4943237304688,8,21416,0
1641,1074918,1180.0833740234375,657.1666870117188,5,21416,1
1641,1074919,1326.0,773.2000122070312,4,21417,0
1641,1074920,1432.5,942.5,1,21417,1
1641,1074921,1175.75,660.25,3,21417,2
1641,1074922,1187.0,675.5,3,21418,0
1641,1074923,1247.0833740234375,741.8333740234375,9,21418,1
1641,1074924,1432.5,942.5,1,21418,2
1641,1074925,1175.0,693.5,2,21418,3
1641,1074926,1172.4000244140625,705.6917114257812,12,21419,0
1641,1074927,1158.25,649.75,4,21419,1
1641,1074928,1303.1458740234375,761.9791870117188,6,21420,0
1641,1074929,1432.5,942.5,1,21420,1
1641,1074930,1175.75,660.25,3,21420,2
1641,1074931,886.75,739.6666870117188,2,21421,0
1641,1074932,882.0,737.5,1,21422,0
1641,1074933,865.25,726.25,2,21422,1
1641,1074934,928.1428833007812,658.4000244140625,5,21423,0
1641,1074935,885.5,712.5,1,21423,1
1641,1074936,938.8541870117188,656.5416870117188,6,21424,0
1641,1074937,1179.375,657.125,5,21425,0
1641,1074938,1216.65869140625,721.297607421875,14,21425,1
1641,1074939,1432.5,942.5,1,21425,2
1641,1074940,1249.625,787.5,3,21426,0
1641,1074941,1432.5,942.5,1,21426,1
1641,1074942,1215.0,703.75,2,21426,2
1641,1074943,922.7083129882812,660.875,4,21427,0
1641,1074944,885.5,712.5,1,21427,1
1641,1074945,1201.25,687.5,2,21428,0
1641,1074946,1235.1041259765625,746.3541870117188,6,21428,1
1641,1074947,1432.5,942.5,1,21428,2
1641,1074948,1182.0,691.75,2,21428,3
1641,1074949,886.75,739.6666870117188,2,21429,0
1641,1074950,882.0,737.5,1,21429,1
1641,1074951,900.5,671.75,2,21429,2
1641,1074952,886.75,739.6666870117188,2,21430,0
1641,1074953,882.0,737.5,1,21430,1
1641,1074954,928.1428833007812,658.4000244140625,5,21431,0
1641,1074955,928.1428833007812,658.4000244140625,5,21432,0
1641,1074956,938.8541870117188,656.5416870117188,6,21433,0
1641,1074957,1030.7249755859375,655.5625,8,21434,0
1641,1074958,959.5625,654.3125,6,21435,0
1641,1074959,1118.5872802734375,663.3333129882812,7,21436,0
1641,1074960,1152.25,670.5,3,21436,1
1641,1074961,1185.75,676.8333129882812,2,21436,2
1641,1074962,1100.5999755859375,663.3875122070312,8,21437,0
1641,1074963,1129.5,647.5,1,21437,1
1641,1074964,1153.5,654.5,2,21437,2
1641,1074965,1093.289794921875,661.772705078125,8,21438,0
1641,1074966,1065.5250244140625,659.3125,8,21439,0
1641,1074967,1129.5,647.5,1,21439,1
1641,1074968,1086.4124755859375,661.6875,8,21440,0
1641,1074969,1129.5,647.5,1,21440,1
1641,1074970,1153.5,654.5,1,21440,2
1641,1074971,1114.1875,662.1500244140625,8,21441,0
1641,1074972,1152.25,670.5,3,21441,1
1641,1074973,1187.0,675.5,3,21441,2
1641,1074974,1093.289794921875,661.772705078125,8,21442,0
1641,1074975,1093.289794921875,661.772705078125,8,21443,0
1641,1074976,1129.5,647.5,1,21443,1
1641,1074977,1100.5999755859375,663.3875122070312,8,21444,0
1641,1074978,1129.5,647.5,1,21444,1
1641,1074979,1153.5,654.5,2,21444,2
1641,1074980,1093.289794921875,661.772705078125,8,21445,0
1641,1074981,1152.25,670.5,2,21445,1
1641,1074982,1175.75,660.25,2,21445,2
1641,1074983,1288.25,762.3541870117188,6,21446,0
1641,1074984,1432.5,942.5,1,21446,1
1641,1074985,1185.75,676.8333129882812,2,21446,2
1641,1074986,1300.75390625,765.6666870117188,7,21447,0
1641,1074987,1432.5,942.5,1,21447,1
1641,1074988,1185.75,676.8333129882812,2,21447,2
1641,1074989,1225.2750244140625,759.625,4,21448,0
1641,1074990,1190.8333740234375,673.5,4,21448,1
1641,1074991,1250.81103515625,749.6889038085938,9,21449,0
1641,1074992,1185.75,676.8333129882812,2,21449,1
1641,1074993,1581.5,895.0,1,21450,0
1641,1074994,1114.0,968.0,1,21451,0
1651,1074903,1271.4317626953125,748.4943237304688,8,21411,0
1651,1074904,1158.25,649.75,4,21411,1
1651,1074905,1163.7083740234375,665.2916870117188,5,21412,0
1651,1074906,1309.25,789.5416870117188,3,21412,1
1651,1074907,1185.75,676.8333129882812,3,21412,2
1651,1074908,1432.5,942.5,1,21413,0
1651,1074909,1317.1666259765625,772.625,3,21413,1
1651,1074910,1185.75,676.8333129882812,3,21413,2
1651,1074911,1251.0,749.5,2,21413,3
1651,1074912,1254.8333740234375,723.0833129882812,6,21414,0
1651,1074913,1175.75,660.25,3,21414,1
1651,1074914,1175.0,693.5,1,21414,2
1651,1074915,1254.949462890625,754.8585815429688,9,21415,0
1651,1074916,1190.8333740234375,673.5,5,21415,1
1651,1074917,1271.4317626953125,748.4943237304688,8,21416,0
1651,1074918,1180.0833740234375,657.1666870117188,5,21416,1
1651,1074919,1326.0,773.2000122070312,4,21417,0
1651,1074920,1432.5,942.5,1,21417,1
1651,1074921,1175.75,660.25,3,21417,2
1651,1074922,1187.0,675.5,4,21418,0
1651,1074923,1247.0833740234375,741.8333740234375,9,21418,1
1651,1074924,1432.5,942.5,1,21418,2
1651,1074925,1175.0,693.5,2,21418,3
1651,1074926,1172.4000244140625,705.6917114257812,12,21419,0
1651,1074927,1158.25,649.75,4,21419,1
1651,1074928,1303.1458740234375,761.9791870117188,6,21420,0
1651,1074929,1432.5,942.5,1,21420,1
1651,1074930,1175.75,660.25,4,21420,2
1651,1074931,886.75,739.6666870117188,2,21421,0
1651,1074932,882.0,737.5,1,21422,0
1651,1074933,865.25,726.25,2,21422,1
1651,1074934,928.1428833007812,658.4000244140625,5,21423,0
1651,1074935,885.5,712.5,1,21423,1
1651,1074936,938.8541870117188,656.5416870117188,6,21424,0
1651,1074937,1179.375,657.125,5,21425,0
1651,1074938,1216.65869140625,721.297607421875,14,21425,1
1651,1074939,1432.5,942.5,1,21425,2
1651,1074940,1249.625,787.5,3,21426,0
1651,1074941,1432.5,942.5,1,21426,1
1651,1074942,1215.0,703.75,2,21426,2
1651,1074943,922.7083129882812,660.875,4,21427,0
1651,1074944,885.5,712.5,1,21427,1
1651,1074945,1201.25,687.5,2,21428,0
1651,1074946,1235.1041259765625,746.3541870117188,6,21428,1
1651,1074947,1432.5,942.5,1,21428,2
1651,1074948,1182.0,691.75,2,21428,3
1651,1074949,886.75,739.6666870117188,2,21429,0
1651,1074950,882.0,737.5,1,21429,1
1651,1074951,900.5,671.75,2,21429,2
1651,1074952,886.75,739.6666870117188,2,21430,0
1651,1074953,882.0,737.5,1,21430,1
1651,1074954,928.1428833007812,658.4000244140625,5,21431,0
1651,1074955,928.1428833007812,658.4000244140625,5,21432,0
1651,1074956,938.8541870117188,656.5416870117188,6,21433,0
1651,1074957,1030.7249755859375,655.5625,8,21434,0
1651,1074958,959.5625,654.3125,6,21435,0
1651,1074959,1118.5872802734375,663.3333129882812,7,21436,0
1651,1074960,1152.25,670.5,3,21436,1
1651,1074961,1185.75,676.8333129882812,2,21436,2
1651,1074962,1100.5999755859375,663.3875122070312,8,21437,0
1651,1074963,1129.5,647.5,1,21437,1
1651,1074964,1153.5,654.5,2,21437,2
1651,1074965,1093.289794921875,661.772705078125,9,21438,0
1651,1074966,1065.5250244140625,659.3125,8,21439,0
1651,1074967,1129.5,647.5,1,21439,1
1651,1074968,1086.4124755859375,661.6875,8,21440,0
1651,1074969,1129.5,647.5,1,21440,1
1651,1074970,1153.5,654.5,1,21440,2
1651,1074971,1114.1875,662.1500244140625,8,21441,0
1651,1074972,1152.25,670.5,3,21441,1
1651,1074973,1187.0,675.5,3,21441,2
1651,1074974,1093.289794921875,661.772705078125,9,21442,0
1651,1074975,1093.289794921875,661.772705078125,9,21443,0
1651,1074976,1129.5,647.5,1,21443,1
1651,1074977,1100.5999755859375,663.3875122070312,8,21444,0
1651,1074978,1129.5,647.5,1,21444,1
1651,1074979,1153.5,654.5,2,21444,2
1651,1074980,1093.289794921875,661.772705078125,9,21445,0
1651,1074981,1152.25,670.5,2,21445,1
1651,1074982,1175.75,660.25,2,21445,2
1651,1074983,1288.25,762.3541870117188,6,21446,0
1651,1074984,1432.5,942.5,1,21446,1
1651,1074985,1185.75,676.8333129882812,3,21446,2
1651,1074986,1300.75390625,765.6666870117188,7,21447,0
1651,1074987,1432.5,942.5,1,21447,1
1651,1074988,1185.75,676.8333129882812,3,21447,2
1651,1074989,1225.2750244140625,759.625,4,21448,0
1651,1074990,1190.8333740234375,673.5,4,21448,1
1651,1074991,1250.81103515625,749.6889038085938,9,21449,0
1651,1074992,1185.75,676.8333129882812,2,21449,1
1651,1074993,1581.5,895.0,1,21450,0
1651,1074994,1114.0,968.0,1,21451,0
1661,1074903,1271.4317626953125,748.4943237304688,8,21411,0
1661,1074904,1158.25,649.75,4,21411,1
1661,1074905,1163.7083740234375,665.2916870117188,5,21412,0
1661,1074906,1309.25,789.5416870117188,3,21412,1
1661,1074907,1185.75,676.8333129882812,3,21412,2
1661,1074908,1432.5,942.5,1,21413,0
1661,1074909,1317.1666259765625,772.625,3,21413,1
1661,1074910,1185.75,676.8333129882812,3,21413,2
1661,1074911,1251.0,749.5,2,21413,3
1661,1074912,1254.8333740234375,723.0833129882812,6,21414,0
1661,1074913,1175.75,660.25,3,21414,1
1661,1074914,1175.0,693.5,1,21414,2
1661,1074915,1254.949462890625,754.8585815429688,9,21415,0
1661,1074916,1190.8333740234375,673.5,5,21415,1
1661,1074917,1271.4317626953125,748.4943237304688,8,21416,0
1661,1074918,1180.0833740234375,657.1666870117188,5,21416,1
1661,1074919,1326.0,773.2000122070312,4,21417,0
1661,1074920,1432.5,942.5,1,21417,1
1661,1074921,1175.75,660.25,3,21417,2
1661,1074922,1187.0,675.5,4,21418,0
1661,1074923,1247.0833740234375,741.8333740234375,9,21418,1
1661,1074924,1432.5,942.5,1,21418,2
1661,1074925,1175.0,693.5,2,21418,3
1661,1074926,1172.4000244140625,705.6917114257812,12,21419,0
1661,1074927,1158.25,649.75,4,21419,1
1661,1074928,1303.1458740234375,761.9791870117188,6,21420,0
1661,1074929,1432.5,942.5,1,21420,1
1661,1074930,1175.75,660.25,4,21420,2
1661,1074931,886.75,739.6666870117188,2,21421,0
1661,1074932,882.0,737.5,1,21422,0
1661,1074933,865.25,726.25,2,21422,1
1661,1074934,928.1428833007812,658.4000244140625,5,21423,0
1661,1074935,885.5,712.5,1,21423,1
1661,1074936,938.8541870117188,656.5416870117188,6,21424,0
1661,1074937,1179.375,657.125,5,21425,0
1661,1074938,1216.65869140625,721.297607421875,14,21425,1
1661,1074939,1432.5,942.5,1,21425,2
1661,1074940,1249.625,787.5,3,21426,0
1661,1074941,1432.5,942.5,1,21426,1
1661,1074942,1215.0,703.75,2,21426,2
1661,1074943,922.7083129882812,660.875,4,21427,0
1661,1074944,885.5,712.5,1,21427,1
1661,1074945,1201.25,687.5,2,21428,0
1661,1074946,1235.1041259765625,746.3541870117188,6,21428,1
1661,1074947,1432.5,942.5,1,21428,2
1661,1074948,1182.0,691.75,2,21428,3
1661,1074949,886.75,739.6666870117188,2,21429,0
1661,1074950,882.0,737.5,1,21429,1
1661,1074951,900.5,671.75,2,21429,2
1661,1074952,886.75,739.6666870117188,2,21430,0
1661,1074953,882.0,737.5,1,21430,1
1661,1074954,928.1428833007812,658.4000244140625,5,21431,0
1661,1074955,928.1428833007812,658.4000244140625,5,21432,0
1661,1074956,938.8541870117188,656.5416870117188,6,21433,0
1661,1074957,1030.7249755859375,655.5625,8,21434,0
1661,1074958,959.5625,654.3125,6,21435,0
1661,1074959,1118.5872802734375,663.3333129882812,8,21436,0
1661,1074960,1152.25,670.5,3,21436,1
1661,1074961,1185.75,676.8333129882812,2,21436,2
1661,1074962,1100.5999755859375,663.3875122070312,8,21437,0
1661,1074963,1129.5,647.5,1,21437,1
1661,1074964,1153.5,654.5,2,21437,2
1661,1074965,1093.289794921875,661.772705078125,9,21438,0
1661,1074966,1065.5250244140625,659.3125,8,21439,0
1661,1074967,1129.5,647.5,1,21439,1
1661,1074968,1086.4124755859375,661.6875,8,21440,0
1661,1074969,1129.5,647.5,1,21440,1
1661,1074970,1153.5,654.5,1,21440,2
1661,1074971,1114.1875,662.1500244140625,8,21441,0
1661,1074972,1152.25,670.5,3,21441,1
1661,1074973,1187.0,675.5,3,21441,2
1661,1074974,1093.289794921875,661.772705078125,9,21442,0
1661,1074975,1093.289794921875,661.772705078125,9,21443,0
1661,1074976,1129.5,647.5,1,21443,1
1661,1074977,1100.5999755859375,663.3875122070312,8,21444,0
1661,1074978,1129.5,647.5,1,21444,1
1661,1074979,1153.5,654.5,2,21444,2
1661,1074980,1093.289794921875,661.772705078125,9,21445,0
1661,1074981,1152.25,670.5,2,21445,1
1661,1074982,1175.75,660.25,2,21445,2
1661,1074983,1288.25,762.3541870117188,6,21446,0
1661,1074984,1432.5,942.5,1,21446,1
1661,1074985,1185.75,676.8333129882812,3,21446,2
1661,1074986,1300.75390625,765.6666870117188,8,21447,0
1661,1074987,1432.5,942.5,1,21447,1
1661,1074988,1185.75,676.8333129882812,3,21447,2
1661,1074989,1225.2750244140625,759.625,4,21448,0
1661,1074990,1190.8333740234375,673.5,4,21448,1
1661,1074991,1250.81103515625,749.6889038085938,9,21449,0
1661,1074992,1185.75,676.8333129882812,2,21449,1
1661,1074993,1581.5,895.0,1,21450,0
1661,1074994,1114.0,968.0,1,21451,0
1671,1074903,1268.51513671875,747.07763671875,6,21411,0
1671,1074904,1157.125,648.25,4,21411,1
1671,1074905,1174.5084228515625,666.49169921875,5,21412,0
1671,1074906,1300.0,785.0416870117188,2,21412,1
1671,1074907,1195.4166259765625,678.1666259765625,3,21412,2
1671,1074908,1424.0,935.5,1,21413,0
1671,1074909,1315.6666259765625,770.375,2,21413,1
1671,1074910,1195.0,679.5833129882812,2,21413,2
1671,1074911,1273.1666259765625,762.6666870117188,3,21413,3
1671,1074912,1253.7083740234375,721.7083129882812,4,21414,0
1671,1074913,1185.0833740234375,660.5833129882812,3,21414,1
1671,1074914,1183.75,693.75,2,21414,2
1671,1074915,1257.949462890625,757.5728759765625,7,21415,0
1671,1074916,1199.3333740234375,674.5999755859375,5,21415,1
1671,1074917,1268.51513671875,747.07763671875,6,21416,0
1671,1074918,1185.5833740234375,657.0667114257812,5,21416,1
1671,1074919,1318.6666259765625,770.36669921875,3,21417,0
1671,1074920,1424.0,935.5,1,21417,1
1671,1074921,1182.5833740234375,660.25,3,21417,2
1671,1074922,1196.5,676.8333129882812,3,21418,0
1671,1074923,1245.797607421875,739.761962890625,7,21418,1
1671,1074924,1424.0,935.5,1,21418,2
1671,1074925,1191.5,695.5,3,21418,3
1671,1074926,1171.6500244140625,705.99169921875,10,21419,0
1671,1074927,1156.25,647.0499877929688,5,21419,1
1671,1074928,1298.5208740234375,758.8541870117188,4,21420,0
1671,1074929,1424.0,935.5,1,21420,1
1671,1074930,1185.0833740234375,660.5833129882812,3,21420,2
1671,1074931,879.25,764.9166870117188,2,21421,0
1671,1074932,880.5,743.5,1,21422,0
1671,1074933,857.75,747.25,2,21422,1
1671,1074934,926.1428833007812,662.5250244140625,4,21423,0
1671,1074935,869.5,740.0,1,21423,1
1671,1074936,937.4541625976562,659.9417114257812,5,21424,0
1671,1074937,1181.074951171875,656.625,5,21425,0
1671,1074938,1215.735595703125,719.7591552734375,13,21425,1
1671,1074939,1424.0,935.5,1,21425,2
1671,1074940,1267.875,804.75,2,21426,0
1671,1074941,1424.0,935.5,1,21426,1
1671,1074942,1228.5,705.75,2,21426,2
1671,1074943,921.5416259765625,665.5416870117188,3,21427,0
1671,1074944,869.5,740.0,1,21427,1
1671,1074945,1232.0,694.0,2,21428,0
1671,1074946,1243.4791259765625,752.4791870117188,4,21428,1
1671,1074947,1424.0,935.5,1,21428,2
1671,1074948,1181.25,689.75,2,21428,3
1671,1074949,879.25,764.9166870117188,2,21429,0
1671,1074950,880.5,743.5,1,21429,1
1671,1074951,895.25,677.0,2,21429,2
1671,1074952,879.25,764.9166870117188,2,21430,0
1671,1074953,880.5,743.5,1,21430,1
1671,1074954,926.1428833007812,662.5250244140625,4,21431,0
1671,1074955,926.1428833007812,662.5250244140625,4,21432,0
1671,1074956,937.4541625976562,659.9417114257812,5,21433,0
1671,1074957,1031.29638671875,656.7053833007812,7,21434,0
1671,1074958,960.1875,656.5625,4,21435,0
1671,1074959,1118.5247802734375,663.5833129882812,8,21436,0
1671,1074960,1168.75,673.0,2,21436,1
1671,1074961,1208.75,681.0833129882812,2,21436,2
1671,1074962,1101.5166015625,663.7208251953125,6,21437,0
1671,1074963,1129.5,647.5,1,21437,1
1671,1074964,1156.75,654.25,2,21437,2
1671,1074965,1092.852294921875,661.835205078125,8,21438,0
1671,1074966,1063.5250244140625,659.6458129882812,6,21439,0
1671,1074967,1129.5,647.5,1,21439,1
1671,1074968,1085.1982421875,661.7589111328125,7,21440,0
1671,1074969,1129.5,647.5,1,21440,1
1671,1074970,1170.0,655.5,1,21440,2
1671,1074971,1113.2589111328125,662.221435546875,7,21441,0
1671,1074972,1168.75,672.5,3,21441,1
1671,1074973,1201.5,679.25,2,21441,2
1671,1074974,1092.852294921875,661.835205078125,8,21442,0
1671,1074975,1092.852294921875,661.835205078125,8,21443,0
1671,1074976,1129.5,647.5,1,21443,1
1671,1074977,1101.5166015625,663.7208251953125,6,21444,0
1671,1074978,1129.5,647.5,1,21444,1
1671,1074979,1156.75,654.25,2,21444,2
1671,1074980,1092.852294921875,661.835205078125,8,21445,0
1671,1074981,1152.75,670.25,2,21445,1
1671,1074982,1200.0,663.5,2,21445,2
1671,1074983,1283.625,759.2291870117188,4,21446,0
1671,1074984,1424.0,935.5,1,21446,1
1671,1074985,1200.25,678.8333129882812,2,21446,2
1671,1074986,1301.25390625,764.0833740234375,6,21447,0
1671,1074987,1424.0,935.5,1,21447,1
1671,1074988,1195.5833740234375,677.0,3,21447,2
1671,1074989,1236.2750244140625,768.9583129882812,3,21448,0
1671,1074990,1210.5,676.6666870117188,3,21448,1
1671,1074991,1253.31103515625,751.974609375,7,21449,0
1671,1074992,1197.5,678.8333129882812,4,21449,1
1671,1074993,1576.0,893.0,1,21450,0
1671,1074994,1110.0,963.5,1,21451,0
