frame,cluster_id,x,y,cluster_size,source_sample_index,source_local_cluster_id
11,1079611,591.25,222.875,4,23106,0
11,1079612,1159.0,322.0,1,23106,1
11,1079613,614.75,220.5,4,23106,2
11,1079614,614.75,220.5,4,23107,0
11,1079615,591.25,222.875,4,23107,1
11,1079616,1159.0,322.0,1,23107,2
11,1079617,614.75,220.5,4,23108,0
11,1079618,591.25,222.875,4,23108,1
11,1079619,1159.0,322.0,1,23108,2
11,1079620,591.25,222.875,4,23109,0
11,1079621,1159.0,322.0,1,23109,1
11,1079622,614.75,220.5,4,23109,2
11,1079623,614.75,220.5,4,23110,0
11,1079624,591.25,222.875,4,23110,1
11,1079625,1159.0,322.0,1,23110,2
11,1079626,591.25,222.875,4,23111,0
11,1079627,1159.0,322.0,1,23111,1
11,1079628,614.75,220.5,4,23111,2
11,1079629,614.75,220.5,4,23112,0
11,1079630,1159.0,322.0,1,23112,1
11,1079631,591.25,222.875,4,23112,2
11,1079632,1159.0,322.0,1,23113,0
11,1079633,591.25,222.875,4,23113,1
11,1079634,614.75,220.5,4,23113,2
11,1079635,591.25,222.875,4,23114,0
11,1079636,1159.0,322.0,1,23114,1
11,1079637,614.75,220.5,4,23114,2
21,1079611,591.25,222.875,4,23106,0
21,1079612,1159.0,322.0,1,23106,1
21,1079613,614.75,220.5,4,23106,2
21,1079614,614.75,220.5,4,23107,0
21,1079615,591.25,222.875,4,23107,1
21,1079616,1159.0,322.0,1,23107,2
21,1079617,614.75,220.5,4,23108,0
21,1079618,591.25,222.875,4,23108,1
21,1079619,1159.0,322.0,1,23108,2
21,1079620,591.25,222.875,4,23109,0
21,1079621,1159.0,322.0,1,23109,1
21,1079622,614.75,220.5,4,23109,2
21,1079623,614.75,220.5,4,23110,0
21,1079624,591.25,222.875,4,23110,1
21,1079625,1159.0,322.0,1,23110,2
21,1079626,591.25,222.875,4,23111,0
21,1079627,1159.0,322.0,1,23111,1
21,1079628,614.75,220.5,4,23111,2
21,1079629,614.75,220.5,4,23112,0
21,1079630,1159.0,322.0,1,23112,1
21,1079631,591.25,222.875,4,23112,2
21,1079632,1159.0,322.0,1,23113,0
21,1079633,591.25,222.875,4,23113,1
21,1079634,614.75,220.5,4,23113,2
21,1079635,591.25,222.875,4,23114,0
21,1079636,1159.0,322.0,1,23114,1
21,1079637,614.75,220.5,4,23114,2
31,1079611,591.25,222.875,4,23106,0
31,1079612,1159.0,322.0,1,23106,1
31,1079613,614.75,220.5,4,23106,2
31,1079614,614.75,220.5,4,23107,0
31,1079615,591.25,222.875,4,23107,1
31,1079616,1159.0,322.0,1,23107,2
31,1079617,614.75,220.5,4,23108,0
31,1079618,591.25,222.875,4,23108,1
31,1079619,1159.0,322.0,1,23108,2
31,1079620,591.25,222.875,4,23109,0
31,1079621,1159.0,322.0,1,23109,1
31,1079622,614.75,220.5,4,23109,2
31,1079623,614.75,220.5,4,23110,0
31,1079624,591.25,222.875,4,23110,1
31,1079625,1159.0,322.0,1,23110,2
31,1079626,591.25,222.875,4,23111,0
31,1079627,1159.0,322.0,1,23111,1
31,1079628,614.75,220.5,4,23111,2
31,1079629,614.75,220.5,4,23112,0
31,1079630,1159.0,322.0,1,23112,1
31,1079631,591.25,222.875,4,23112,2
31,1079632,1159.0,322.0,1,23113,0
31,1079633,591.25,222.875,4,23113,1
31,1079634,614.75,220.5,4,23113,2
31,1079635,591.25,222.875,4,23114,0
31,1079636,1159.0,322.0,1,23114,1
31,1079637,614.75,220.5,4,23114,2
41,1079611,591.25,222.875,4,23106,0
41,1079612,1159.0,322.0,1,23106,1
41,1079613,614.75,220.5,4,23106,2
41,1079614,614.75,220.5,4,23107,0
41,1079615,591.25,222.875,4,23107,1
41,1079616,1159.0,322.0,1,23107,2
41,1079617,614.75,220.5,4,23108,0
41,1079618,591.25,222.875,4,23108,1
41,1079619,1159.0,322.0,1,23108,2
41,1079620,591.25,222.875,4,23109,0
41,1079621,1159.0,322.0,1,23109,1
41,1079622,614.75,220.5,4,23109,2
41,1079623,614.75,220.5,4,23110,0
41,1079624,591.25,222.875,4,23110,1
41,1079625,1159.0,322.0,1,23110,2
41,1079626,591.25,222.875,4,23111,0
41,1079627,1159.0,322.0,1,23111,1
41,1079628,614.75,220.5,4,23111,2
41,1079629,614.75,220.5,4,23112,0
41,1079630,1159.0,322.0,1,23112,1
41,1079631,591.25,222.875,4,23112,2
41,1079632,1159.0,322.0,1,23113,0
41,1079633,591.25,222.875,4,23113,1
41,1079634,614.75,220.5,4,23113,2
41,1079635,591.25,222.875,4,23114,0
41,1079636,1159.0,322.0,1,23114,1
41,1079637,614.75,220.5,4,23114,2
51,1079611,591.25,222.875,4,23106,0
51,1079612,1159.0,322.0,1,23106,1
51,1079613,614.75,220.5,4,23106,2
51,1079614,614.75,220.5,4,23107,0
51,1079615,591.25,222.875,4,23107,1
51,1079616,1159.0,322.0,1,23107,2
51,1079617,614.75,220.5,4,23108,0
51,1079618,591.25,222.875,4,23108,1
51,1079619,1159.0,322.0,1,23108,2
51,1079620,591.25,222.875,4,23109,0
51,1079621,1159.0,322.0,1,23109,1
51,1079622,614.75,220.5,4,23109,2
51,1079623,614.75,220.5,4,23110,0
51,1079624,591.25,222.875,4,23110,1
51,1079625,1159.0,322.0,1,23110,2
51,1079626,591.25,222.875,4,23111,0
51,1079627,1159.0,322.0,1,23111,1
51,1079628,614.75,220.5,4,23111,2
51,1079629,614.75,220.5,4,23112,0
51,1079630,1159.0,322.0,1,23112,1
51,1079631,591.25,222.875,4,23112,2
51,1079632,1159.0,322.0,1,23113,0
51,1079633,591.25,222.875,4,23113,1
51,1079634,614.75,220.5,4,23113,2
51,1079635,591.25,222.875,4,23114,0
51,1079636,1159.0,322.0,1,23114,1
51,1079637,614.75,220.5,4,23114,2
61,1079611,591.25,222.875,4,23106,0
61,1079612,1159.0,322.0,1,23106,1
61,1079613,614.75,220.5,4,23106,2
61,1079614,614.75,220.5,4,23107,0
61,1079615,591.25,222.875,4,23107,1
61,1079616,1159.0,322.0,1,23107,2
61,1079617,614.75,220.5,4,23108,0
61,1079618,591.25,222.875,4,23108,1
61,1079619,1159.0,322.0,1,23108,2
61,1079620,591.25,222.875,4,23109,0
61,1079621,1159.0,322.0,1,23109,1
61,1079622,614.75,220.5,4,23109,2
61,1079623,614.75,220.5,4,23110,0
61,1079624,591.25,222.875,4,23110,1
61,1079625,1159.0,322.0,1,23110,2
61,1079626,591.25,222.875,4,23111,0
61,1079627,1159.0,322.0,1,23111,1
61,1079628,614.75,220.5,4,23111,2
61,1079629,614.75,220.5,4,23112,0
61,1079630,1159.0,322.0,1,23112,1
61,1079631,591.25,222.875,4,23112,2
61,1079632,1159.0,322.0,1,23113,0
61,1079633,591.25,222.875,4,23113,1
61,1079634,614.75,220.5,4,23113,2
61,1079635,591.25,222.875,4,23114,0
61,1079636,1159.0,322.0,1,23114,1
61,1079637,614.75,220.5,4,23114,2
71,1079611,591.25,222.875,4,23106,0
71,1079612,1159.0,322.0,1,23106,1
71,1079613,614.75,220.5,4,23106,2
71,1079614,614.75,220.5,4,23107,0
71,1079615,591.25,222.875,4,23107,1
71,1079616,1159.0,322.0,1,23107,2
71,1079617,614.75,220.5,4,23108,0
71,1079618,591.25,222.875,4,23108,1
71,1079619,1159.0,322.0,1,23108,2
71,1079620,591.25,222.875,4,23109,0
71,1079621,1159.0,322.0,1,23109,1
71,1079622,614.75,220.5,4,23109,2
71,1079623,614.75,220.5,4,23110,0
71,1079624,591.25,222.875,4,23110,1
71,1079625,1159.0,322.0,1,23110,2
71,1079626,591.25,222.875,4,23111,0
71,1079627,1159.0,322.0,1,23111,1
71,1079628,614.75,220.5,4,23111,2
71,1079629,614.75,220.5,4,23112,0
71,1079630,1159.0,322.0,1,23112,1
71,1079631,591.25,222.875,4,23112,2
71,1079632,1159.0,322.0,1,23113,0
71,1079633,591.25,222.875,4,23113,1
71,1079634,614.75,220.5,4,23113,2
71,1079635,591.25,222.875,4,23114,0
71,1079636,1159.0,322.0,1,23114,1
71,1079637,614.75,220.5,4,23114,2
81,1079611,591.25,222.875,4,23106,0
81,1079612,1159.0,322.0,1,23106,1
81,1079613,614.75,220.5,4,23106,2
81,1079614,614.75,220.5,4,23107,0
81,1079615,591.25,222.875,4,23107,1
81,1079616,1159.0,322.0,1,23107,2
81,1079617,614.75,220.5,4,23108,0
81,1079618,591.25,222.875,4,23108,1
81,1079619,1159.0,322.0,1,23108,2
81,1079620,591.25,222.875,4,23109,0
81,1079621,1159.0,322.0,1,23109,1
81,1079622,614.75,220.5,4,23109,2
81,1079623,614.75,220.5,4,23110,0
81,1079624,591.25,222.875,4,23110,1
81,1079625,1159.0,322.0,1,23110,2
81,1079626,591.25,222.875,4,23111,0
81,1079627,1159.0,322.0,1,23111,1
81,1079628,614.75,220.5,4,23111,2
81,1079629,614.75,220.5,4,23112,0
81,1079630,1159.0,322.0,1,23112,1
81,1079631,591.25,222.875,4,23112,2
81,1079632,1159.0,322.0,1,23113,0
81,1079633,591.25,222.875,4,23113,1
81,1079634,614.75,220.5,4,23113,2
81,1079635,591.25,222.875,4,23114,0
81,1079636,1159.0,322.0,1,23114,1
81,1079637,614.75,220.5,4,23114,2
91,1079611,591.25,222.875,4,23106,0
91,1079612,1159.0,322.0,1,23106,1
91,1079613,614.75,220.5,4,23106,2
91,1079614,614.75,220.5,4,23107,0
91,1079615,591.25,222.875,4,23107,1
91,1079616,1159.0,322.0,1,23107,2
91,1079617,614.75,220.5,4,23108,0
91,1079618,591.25,222.875,4,23108,1
91,1079619,1159.0,322.0,1,23108,2
91,1079620,591.25,222.875,4,23109,0
91,1079621,1159.0,322.0,1,23109,1
91,1079622,614.75,220.5,4,23109,2
91,1079623,614.75,220.5,4,23110,0
91,1079624,591.25,222.875,4,23110,1
91,1079625,1159.0,322.0,1,23110,2
91,1079626,591.25,222.875,4,23111,0
91,1079627,1159.0,322.0,1,23111,1
91,1079628,614.75,220.5,4,23111,2
91,1079629,614.75,220.5,4,23112,0
91,1079630,1159.0,322.0,1,23112,1
91,1079631,591.25,222.875,4,23112,2
91,1079632,1159.0,322.0,1,23113,0
91,1079633,591.25,222.875,4,23113,1
91,1079634,614.75,220.5,4,23113,2
91,1079635,591.25,222.875,4,23114,0
91,1079636,1159.0,322.0,1,23114,1
91,1079637,614.75,220.5,4,23114,2
101,1079611,594.375,223.25,4,23106,0
101,1079612,1119.5,321.5,1,23106,1
101,1079613,613.5833129882812,220.3333282470703,3,23106,2
101,1079614,613.5833129882812,220.3333282470703,3,23107,0
101,1079615,594.375,223.25,4,23107,1
101,1079616,1119.5,321.5,1,23107,2
101,1079617,613.5833129882812,220.3333282470703,3,23108,0
101,1079618,594.375,223.25,4,23108,1
101,1079619,1119.5,321.5,1,23108,2
101,1079620,594.375,223.25,4,23109,0
101,1079621,1119.5,321.5,1,23109,1
101,1079622,613.5833129882812,220.3333282470703,3,23109,2
101,1079623,613.5833129882812,220.3333282470703,3,23110,0
101,1079624,594.375,223.25,4,23110,1
101,1079625,1119.5,321.5,1,23110,2
101,1079626,594.375,223.25,4,23111,0
101,1079627,1119.5,321.5,1,23111,1
101,1079628,613.5833129882812,220.3333282470703,3,23111,2
101,1079629,613.5833129882812,220.3333282470703,3,23112,0
101,1079630,1119.5,321.5,1,23112,1
101,1079631,594.375,223.25,4,23112,2
101,1079632,1119.5,321.5,1,23113,0
101,1079633,594.375,223.25,4,23113,1
101,1079634,613.5833129882812,220.3333282470703,3,23113,2
101,1079635,594.375,223.25,4,23114,0
101,1079636,1119.5,321.5,1,23114,1
101,1079637,613.5833129882812,220.3333282470703,3,23114,2
111,1079611,594.375,223.25,5,23106,0
111,1079612,1119.5,321.5,1,23106,1
111,1079613,613.5833129882812,220.3333282470703,3,23106,2
111,1079614,613.5833129882812,220.3333282470703,3,23107,0
111,1079615,594.375,223.25,5,23107,1
111,1079616,1119.5,321.5,1,23107,2
111,1079617,613.5833129882812,220.3333282470703,3,23108,0
111,1079618,594.375,223.25,5,23108,1
111,1079619,1119.5,321.5,1,23108,2
111,1079620,594.375,223.25,5,23109,0
111,1079621,1119.5,321.5,1,23109,1
111,1079622,613.5833129882812,220.3333282470703,3,23109,2
111,1079623,613.5833129882812,220.3333282470703,3,23110,0
111,1079624,594.375,223.25,5,23110,1
111,1079625,1119.5,321.5,1,23110,2
111,1079626,594.375,223.25,5,23111,0
111,1079627,1119.5,321.5,1,23111,1
111,1079628,613.5833129882812,220.3333282470703,3,23111,2
111,1079629,613.5833129882812,220.3333282470703,3,23112,0
111,1079630,1119.5,321.5,1,23112,1
111,1079631,594.375,223.25,5,23112,2
111,1079632,1119.5,321.5,1,23113,0
111,1079633,594.375,223.25,5,23113,1
111,1079634,613.5833129882812,220.3333282470703,3,23113,2
111,1079635,594.375,223.25,5,23114,0
111,1079636,1119.5,321.5,1,23114,1
111,1079637,613.5833129882812,220.3333282470703,3,23114,2
121,1079611,594.375,223.25,5,23106,0
121,1079612,1119.5,321.5,1,23106,1
121,1079613,613.5833129882812,220.3333282470703,3,23106,2
121,1079614,613.5833129882812,220.3333282470703,3,23107,0
121,1079615,594.375,223.25,5,23107,1
121,1079616,1119.5,321.5,1,23107,2
121,1079617,613.5833129882812,220.3333282470703,3,23108,0
121,1079618,594.375,223.25,5,23108,1
121,1079619,1119.5,321.5,1,23108,2
121,1079620,594.375,223.25,5,23109,0
121,1079621,1119.5,321.5,1,23109,1
121,1079622,613.5833129882812,220.3333282470703,3,23109,2
121,1079623,613.5833129882812,220.3333282470703,3,23110,0
121,1079624,594.375,223.25,5,23110,1
121,1079625,1119.5,321.5,1,23110,2
121,1079626,594.375,223.25,5,23111,0
121,1079627,1119.5,321.5,1,23111,1
121,1079628,613.5833129882812,220.3333282470703,3,23111,2
121,1079629,613.5833129882812,220.3333282470703,3,23112,0
121,1079630,1119.5,321.5,1,23112,1
121,1079631,594.375,223.25,5,23112,2
121,1079632,1119.5,321.5,1,23113,0
121,1079633,594.375,223.25,5,23113,1
121,1079634,613.5833129882812,220.3333282470703,3,23113,2
121,1079635,594.375,223.25,5,23114,0
121,1079636,1119.5,321.5,1,23114,1
121,1079637,613.5833129882812,220.3333282470703,3,23114,2
131,1079611,594.375,223.25,5,23106,0
131,1079612,1119.5,321.5,1,23106,1
131,1079613,613.5833129882812,220.3333282470703,3,23106,2
131,1079614,613.5833129882812,220.3333282470703,3,23107,0
131,1079615,594.375,223.25,5,23107,1
131,1079616,1119.5,321.5,1,23107,2
131,1079617,613.5833129882812,220.3333282470703,3,23108,0
131,1079618,594.375,223.25,5,23108,1
131,1079619,1119.5,321.5,1,23108,2
131,1079620,594.375,223.25,5,23109,0
131,1079621,1119.5,321.5,1,23109,1
131,1079622,613.5833129882812,220.3333282470703,3,23109,2
131,1079623,613.5833129882812,220.3333282470703,3,23110,0
131,1079624,594.375,223.25,5,23110,1
131,1079625,1119.5,321.5,1,23110,2
131,1079626,594.375,223.25,5,23111,0
131,1079627,1119.5,321.5,1,23111,1
131,1079628,613.5833129882812,220.3333282470703,3,23111,2
131,1079629,613.5833129882812,220.3333282470703,3,23112,0
131,1079630,1119.5,321.5,1,23112,1
131,1079631,594.375,223.25,5,23112,2
131,1079632,1119.5,321.5,1,23113,0
131,1079633,594.375,223.25,5,23113,1
131,1079634,613.5833129882812,220.3333282470703,3,23113,2
131,1079635,594.375,223.25,5,23114,0
131,1079636,1119.5,321.5,1,23114,1
131,1079637,613.5833129882812,220.3333282470703,3,23114,2
141,1079611,594.375,223.25,5,23106,0
141,1079612,1119.5,321.5,1,23106,1
141,1079613,613.5833129882812,220.3333282470703,3,23106,2
141,1079614,613.5833129882812,220.3333282470703,3,23107,0
141,1079615,594.375,223.25,5,23107,1
141,1079616,1119.5,321.5,1,23107,2
141,1079617,613.5833129882812,220.3333282470703,3,23108,0
141,1079618,594.375,223.25,5,23108,1
141,1079619,1119.5,321.5,1,23108,2
141,1079620,594.375,223.25,5,23109,0
141,1079621,1119.5,321.5,1,23109,1
141,1079622,613.5833129882812,220.3333282470703,3,23109,2
141,1079623,613.5833129882812,220.3333282470703,3,23110,0
141,1079624,594.375,223.25,5,23110,1
141,1079625,1119.5,321.5,1,23110,2
141,1079626,594.375,223.25,5,23111,0
141,1079627,1119.5,321.5,1,23111,1
141,1079628,613.5833129882812,220.3333282470703,3,23111,2
141,1079629,613.5833129882812,220.3333282470703,3,23112,0
141,1079630,1119.5,321.5,1,23112,1
141,1079631,594.375,223.25,5,23112,2
141,1079632,1119.5,321.5,1,23113,0
141,1079633,594.375,223.25,5,23113,1
141,1079634,613.5833129882812,220.3333282470703,3,23113,2
141,1079635,594.375,223.25,5,23114,0
141,1079636,1119.5,321.5,1,23114,1
141,1079637,613.5833129882812,220.3333282470703,3,23114,2
151,1079611,594.375,223.25,5,23106,0
151,1079612,1119.5,321.5,1,23106,1
151,1079613,613.5833129882812,220.3333282470703,3,23106,2
151,1079614,613.5833129882812,220.3333282470703,3,23107,0
151,1079615,594.375,223.25,5,23107,1
151,1079616,1119.5,321.5,1,23107,2
151,1079617,613.5833129882812,220.3333282470703,3,23108,0
151,1079618,594.375,223.25,5,23108,1
151,1079619,1119.5,321.5,1,23108,2
151,1079620,594.375,223.25,5,23109,0
151,1079621,1119.5,321.5,1,23109,1
151,1079622,613.5833129882812,220.3333282470703,3,23109,2
151,1079623,613.5833129882812,220.3333282470703,3,23110,0
151,1079624,594.375,223.25,5,23110,1
151,1079625,1119.5,321.5,1,23110,2
151,1079626,594.375,223.25,5,23111,0
151,1079627,1119.5,321.5,1,23111,1
151,1079628,613.5833129882812,220.3333282470703,3,23111,2
151,1079629,613.5833129882812,220.3333282470703,3,23112,0
151,1079630,1119.5,321.5,1,23112,1
151,1079631,594.375,223.25,5,23112,2
151,1079632,1119.5,321.5,1,23113,0
151,1079633,594.375,223.25,5,23113,1
151,1079634,613.5833129882812,220.3333282470703,3,23113,2
151,1079635,594.375,223.25,5,23114,0
151,1079636,1119.5,321.5,1,23114,1
151,1079637,613.5833129882812,220.3333282470703,3,23114,2
161,1079611,594.375,223.25,5,23106,0
161,1079612,1119.5,321.5,1,23106,1
161,1079613,613.5833129882812,220.3333282470703,3,23106,2
161,1079614,613.5833129882812,220.3333282470703,3,23107,0
161,1079615,594.375,223.25,5,23107,1
161,1079616,1119.5,321.5,1,23107,2
161,1079617,613.5833129882812,220.3333282470703,3,23108,0
161,1079618,594.375,223.25,5,23108,1
161,1079619,1119.5,321.5,1,23108,2
161,1079620,594.375,223.25,5,23109,0
161,1079621,1119.5,321.5,1,23109,1
161,1079622,613.5833129882812,220.3333282470703,3,23109,2
161,1079623,613.5833129882812,220.3333282470703,3,23110,0
161,1079624,594.375,223.25,5,23110,1
161,1079625,1119.5,321.5,1,23110,2
161,1079626,594.375,223.25,5,23111,0
161,1079627,1119.5,321.5,1,23111,1
161,1079628,613.5833129882812,220.3333282470703,3,23111,2
161,1079629,613.5833129882812,220.3333282470703,3,23112,0
161,1079630,1119.5,321.5,1,23112,1
161,1079631,594.375,223.25,5,23112,2
161,1079632,1119.5,321.5,1,23113,0
161,1079633,594.375,223.25,5,23113,1
161,1079634,613.5833129882812,220.3333282470703,3,23113,2
161,1079635,594.375,223.25,5,23114,0
161,1079636,1119.5,321.5,1,23114,1
161,1079637,613.5833129882812,220.3333282470703,3,23114,2
171,1079611,594.375,223.25,5,23106,0
171,1079612,1119.5,321.5,1,23106,1
171,1079613,613.5833129882812,220.3333282470703,3,23106,2
171,1079614,613.5833129882812,220.3333282470703,3,23107,0
171,1079615,594.375,223.25,5,23107,1
171,1079616,1119.5,321.5,1,23107,2
171,1079617,613.5833129882812,220.3333282470703,3,23108,0
171,1079618,594.375,223.25,5,23108,1
171,1079619,1119.5,321.5,1,23108,2
171,1079620,594.375,223.25,5,23109,0
171,1079621,1119.5,321.5,1,23109,1
171,1079622,613.5833129882812,220.3333282470703,3,23109,2
171,1079623,613.5833129882812,220.3333282470703,3,23110,0
171,1079624,594.375,223.25,5,23110,1
171,1079625,1119.5,321.5,1,23110,2
171,1079626,594.375,223.25,5,23111,0
171,1079627,1119.5,321.5,1,23111,1
171,1079628,613.5833129882812,220.3333282470703,3,23111,2
171,1079629,613.5833129882812,220.3333282470703,3,23112,0
171,1079630,1119.5,321.5,1,23112,1
171,1079631,594.375,223.25,5,23112,2
171,1079632,1119.5,321.5,1,23113,0
171,1079633,594.375,223.25,5,23113,1
171,1079634,613.5833129882812,220.3333282470703,3,23113,2
171,1079635,594.375,223.25,5,23114,0
171,1079636,1119.5,321.5,1,23114,1
171,1079637,613.5833129882812,220.3333282470703,3,23114,2
181,1079611,594.375,223.25,5,23106,0
181,1079612,1119.5,321.5,1,23106,1
181,1079613,613.5833129882812,220.3333282470703,3,23106,2
181,1079614,613.5833129882812,220.3333282470703,3,23107,0
181,1079615,594.375,223.25,5,23107,1
181,1079616,1119.5,321.5,1,23107,2
181,1079617,613.5833129882812,220.3333282470703,3,23108,0
181,1079618,594.375,223.25,5,23108,1
181,1079619,1119.5,321.5,1,23108,2
181,1079620,594.375,223.25,5,23109,0
181,1079621,1119.5,321.5,1,23109,1
181,1079622,613.5833129882812,220.3333282470703,3,23109,2
181,1079623,613.5833129882812,220.3333282470703,3,23110,0
181,1079624,594.375,223.25,5,23110,1
181,1079625,1119.5,321.5,1,23110,2
181,1079626,594.375,223.25,5,23111,0
181,1079627,1119.5,321.5,1,23111,1
181,1079628,613.5833129882812,220.3333282470703,3,23111,2
181,1079629,613.5833129882812,220.3333282470703,3,23112,0
181,1079630,1119.5,321.5,1,23112,1
181,1079631,594.375,223.25,5,23112,2
181,1079632,1119.5,321.5,1,23113,0
181,1079633,594.375,223.25,5,23113,1
181,1079634,613.5833129882812,220.3333282470703,3,23113,2
181,1079635,594.375,223.25,5,23114,0
181,1079636,1119.5,321.5,1,23114,1
181,1079637,613.5833129882812,220.3333282470703,3,23114,2
191,1079611,594.375,223.25,5,23106,0
191,1079612,1119.5,321.5,1,23106,1
191,1079613,613.5833129882812,220.3333282470703,3,23106,2
191,1079614,613.5833129882812,220.3333282470703,3,23107,0
191,1079615,594.375,223.25,5,23107,1
191,1079616,1119.5,321.5,1,23107,2
191,1079617,613.5833129882812,220.3333282470703,3,23108,0
191,1079618,594.375,223.25,5,23108,1
191,1079619,1119.5,321.5,1,23108,2
191,1079620,594.375,223.25,5,23109,0
191,1079621,1119.5,321.5,1,23109,1
191,1079622,613.5833129882812,220.3333282470703,3,23109,2
191,1079623,613.5833129882812,220.3333282470703,3,23110,0
191,1079624,594.375,223.25,5,23110,1
191,1079625,1119.5,321.5,1,23110,2
191,1079626,594.375,223.25,5,23111,0
191,1079627,1119.5,321.5,1,23111,1
191,1079628,613.5833129882812,220.3333282470703,3,23111,2
191,1079629,613.5833129882812,220.3333282470703,3,23112,0
191,1079630,1119.5,321.5,1,23112,1
191,1079631,594.375,223.25,5,23112,2
191,1079632,1119.5,321.5,1,23113,0
191,1079633,594.375,223.25,5,23113,1
191,1079634,613.5833129882812,220.3333282470703,3,23113,2
191,1079635,594.375,223.25,5,23114,0
191,1079636,1119.5,321.5,1,23114,1
191,1079637,613.5833129882812,220.3333282470703,3,23114,2
201,1079611,589.6749877929688,223.75,5,23106,0
201,1079612,1035.0,322.0,1,23106,1
201,1079613,613.25,221.0,3,23106,2
201,1079614,613.25,221.0,3,23107,0
201,1079615,589.6749877929688,223.75,5,23107,1
201,1079616,1035.0,322.0,1,23107,2
201,1079617,613.25,221.0,3,23108,0
201,1079618,589.6749877929688,223.75,5,23108,1
201,1079619,1035.0,322.0,1,23108,2
201,1079620,589.6749877929688,223.75,5,23109,0
201,1079621,1035.0,322.0,1,23109,1
201,1079622,613.25,221.0,3,23109,2
201,1079623,613.25,221.0,3,23110,0
201,1079624,589.6749877929688,223.75,5,23110,1
201,1079625,1035.0,322.0,1,23110,2
201,1079626,589.6749877929688,223.75,5,23111,0
201,1079627,1035.0,322.0,1,23111,1
201,1079628,613.25,221.0,3,23111,2
201,1079629,613.25,221.0,3,23112,0
201,1079630,1035.0,322.0,1,23112,1
201,1079631,589.6749877929688,223.75,5,23112,2
201,1079632,1035.0,322.0,1,23113,0
201,1079633,589.6749877929688,223.75,5,23113,1
201,1079634,613.25,221.0,3,23113,2
201,1079635,589.6749877929688,223.75,5,23114,0
201,1079636,1035.0,322.0,1,23114,1
201,1079637,613.25,221.0,3,23114,2
221,1079638,644.3499755859375,228.35000610351562,10,23115,0
221,1079639,1516.0,395.0,1,23115,1
221,1079640,628.7857055664062,227.07142639160156,14,23116,0
221,1079641,1516.0,395.0,1,23116,1
221,1079642,628.7857055664062,227.07142639160156,14,23117,0
221,1079643,1516.0,395.0,1,23117,1
221,1079644,628.7857055664062,227.07142639160156,14,23118,0
221,1079645,1516.0,395.0,1,23118,1
221,1079646,626.3076782226562,227.38461303710938,13,23119,0
221,1079647,1516.0,395.0,1,23119,1
221,1079648,626.3076782226562,227.38461303710938,13,23120,0
221,1079649,1516.0,395.0,1,23120,1
221,1079650,628.7857055664062,227.07142639160156,14,23121,0
221,1079651,1516.0,395.0,1,23121,1
221,1079652,626.3076782226562,227.38461303710938,13,23122,0
221,1079653,628.7857055664062,227.07142639160156,14,23123,0
221,1079654,1516.0,395.0,1,23123,1
221,1079655,628.7857055664062,227.07142639160156,14,23124,0
221,1079656,1516.0,395.0,1,23124,1
221,1079657,628.7857055664062,227.07142639160156,14,23125,0
221,1079658,1516.0,395.0,1,23125,1
221,1079659,628.7857055664062,227.07142639160156,14,23126,0
221,1079660,1516.0,395.0,1,23126,1
221,1079661,626.3076782226562,227.38461303710938,13,23127,0
221,1079662,628.7857055664062,227.07142639160156,14,23128,0
221,1079663,1516.0,395.0,1,23129,0
221,1079664,631.75,225.9499969482422,10,23129,1
221,1079665,598.5,220.5,1,23129,2
231,1079638,644.3499755859375,228.35000610351562,10,23115,0
231,1079639,1516.0,395.0,1,23115,1
231,1079640,628.7857055664062,227.07142639160156,14,23116,0
231,1079641,1516.0,395.0,1,23116,1
231,1079642,628.7857055664062,227.07142639160156,14,23117,0
231,1079643,1516.0,395.0,1,23117,1
231,1079644,628.7857055664062,227.07142639160156,14,23118,0
231,1079645,1516.0,395.0,1,23118,1
231,1079646,626.3076782226562,227.38461303710938,13,23119,0
231,1079647,1516.0,395.0,1,23119,1
231,1079648,626.3076782226562,227.38461303710938,13,23120,0
231,1079649,1516.0,395.0,1,23120,1
231,1079650,628.7857055664062,227.07142639160156,14,23121,0
231,1079651,1516.0,395.0,1,23121,1
231,1079652,626.3076782226562,227.38461303710938,13,23122,0
231,1079653,628.7857055664062,227.07142639160156,14,23123,0
231,1079654,1516.0,395.0,1,23123,1
231,1079655,628.7857055664062,227.07142639160156,14,23124,0
231,1079656,1516.0,395.0,1,23124,1
231,1079657,628.7857055664062,227.07142639160156,14,23125,0
231,1079658,1516.0,395.0,1,23125,1
231,1079659,628.7857055664062,227.07142639160156,14,23126,0
231,1079660,1516.0,395.0,1,23126,1
231,1079661,626.3076782226562,227.38461303710938,13,23127,0
231,1079662,628.7857055664062,227.07142639160156,14,23128,0
231,1079663,1516.0,395.0,1,23129,0
231,1079664,631.75,225.9499969482422,10,23129,1
231,1079665,598.5,220.5,1,23129,2
241,1079638,644.3499755859375,228.35000610351562,10,23115,0
241,1079639,1516.0,395.0,1,23115,1
241,1079640,628.7857055664062,227.07142639160156,14,23116,0
241,1079641,1516.0,395.0,1,23116,1
241,1079642,628.7857055664062,227.07142639160156,14,23117,0
241,1079643,1516.0,395.0,1,23117,1
241,1079644,628.7857055664062,227.07142639160156,14,23118,0
241,1079645,1516.0,395.0,1,23118,1
241,1079646,626.3076782226562,227.38461303710938,13,23119,0
241,1079647,1516.0,395.0,1,23119,1
241,1079648,626.3076782226562,227.38461303710938,13,23120,0
241,1079649,1516.0,395.0,1,23120,1
241,1079650,628.7857055664062,227.07142639160156,14,23121,0
241,1079651,1516.0,395.0,1,23121,1
241,1079652,626.3076782226562,227.38461303710938,13,23122,0
241,1079653,628.7857055664062,227.07142639160156,14,23123,0
241,1079654,1516.0,395.0,1,23123,1
241,1079655,628.7857055664062,227.07142639160156,14,23124,0
241,1079656,1516.0,395.0,1,23124,1
241,1079657,628.7857055664062,227.07142639160156,14,23125,0
241,1079658,1516.0,395.0,1,23125,1
241,1079659,628.7857055664062,227.07142639160156,14,23126,0
241,1079660,1516.0,395.0,1,23126,1
241,1079661,626.3076782226562,227.38461303710938,13,23127,0
241,1079662,628.7857055664062,227.07142639160156,14,23128,0
241,1079663,1516.0,395.0,1,23129,0
241,1079664,631.75,225.9499969482422,10,23129,1
241,1079665,598.5,220.5,1,23129,2
251,1079638,644.3499755859375,228.35000610351562,10,23115,0
251,1079639,1516.0,395.0,1,23115,1
251,1079640,628.7857055664062,227.07142639160156,14,23116,0
251,1079641,1516.0,395.0,1,23116,1
251,1079642,628.7857055664062,227.07142639160156,14,23117,0
251,1079643,1516.0,395.0,1,23117,1
251,1079644,628.7857055664062,227.07142639160156,14,23118,0
251,1079645,1516.0,395.0,1,23118,1
251,1079646,626.3076782226562,227.38461303710938,13,23119,0
251,1079647,1516.0,395.0,1,23119,1
251,1079648,626.3076782226562,227.38461303710938,13,23120,0
251,1079649,1516.0,395.0,1,23120,1
251,1079650,628.7857055664062,227.07142639160156,14,23121,0
251,1079651,1516.0,395.0,1,23121,1
251,1079652,626.3076782226562,227.38461303710938,13,23122,0
251,1079653,628.7857055664062,227.07142639160156,14,23123,0
251,1079654,1516.0,395.0,1,23123,1
251,1079655,628.7857055664062,227.07142639160156,14,23124,0
251,1079656,1516.0,395.0,1,23124,1
251,1079657,628.7857055664062,227.07142639160156,14,23125,0
251,1079658,1516.0,395.0,1,23125,1
251,1079659,628.7857055664062,227.07142639160156,14,23126,0
251,1079660,1516.0,395.0,1,23126,1
251,1079661,626.3076782226562,227.38461303710938,13,23127,0
251,1079662,628.7857055664062,227.07142639160156,14,23128,0
251,1079663,1516.0,395.0,1,23129,0
251,1079664,631.75,225.9499969482422,10,23129,1
251,1079665,598.5,220.5,1,23129,2
261,1079638,644.3499755859375,228.35000610351562,10,23115,0
261,1079639,1516.0,395.0,1,23115,1
261,1079640,628.7857055664062,227.07142639160156,14,23116,0
261,1079641,1516.0,395.0,1,23116,1
261,1079642,628.7857055664062,227.07142639160156,14,23117,0
261,1079643,1516.0,395.0,1,23117,1
261,1079644,628.7857055664062,227.07142639160156,14,23118,0
261,1079645,1516.0,395.0,1,23118,1
261,1079646,626.3076782226562,227.38461303710938,13,23119,0
261,1079647,1516.0,395.0,1,23119,1
261,1079648,626.3076782226562,227.38461303710938,13,23120,0
261,1079649,1516.0,395.0,1,23120,1
261,1079650,628.7857055664062,227.07142639160156,14,23121,0
261,1079651,1516.0,395.0,1,23121,1
261,1079652,626.3076782226562,227.38461303710938,13,23122,0
261,1079653,628.7857055664062,227.07142639160156,14,23123,0
261,1079654,1516.0,395.0,1,23123,1
261,1079655,628.7857055664062,227.07142639160156,14,23124,0
261,1079656,1516.0,395.0,1,23124,1
261,1079657,628.7857055664062,227.07142639160156,14,23125,0
261,1079658,1516.0,395.0,1,23125,1
261,1079659,628.7857055664062,227.07142639160156,14,23126,0
261,1079660,1516.0,395.0,1,23126,1
261,1079661,626.3076782226562,227.38461303710938,13,23127,0
261,1079662,628.7857055664062,227.07142639160156,14,23128,0
261,1079663,1516.0,395.0,1,23129,0
261,1079664,631.75,225.9499969482422,10,23129,1
261,1079665,598.5,220.5,1,23129,2
271,1079638,644.3499755859375,228.35000610351562,10,23115,0
271,1079639,1516.0,395.0,1,23115,1
271,1079640,628.7857055664062,227.07142639160156,14,23116,0
271,1079641,1516.0,395.0,1,23116,1
271,1079642,628.7857055664062,227.07142639160156,14,23117,0
271,1079643,1516.0,395.0,1,23117,1
271,1079644,628.7857055664062,227.07142639160156,14,23118,0
271,1079645,1516.0,395.0,1,23118,1
271,1079646,626.3076782226562,227.38461303710938,13,23119,0
271,1079647,1516.0,395.0,1,23119,1
271,1079648,626.3076782226562,227.38461303710938,13,23120,0
271,1079649,1516.0,395.0,1,23120,1
271,1079650,628.7857055664062,227.07142639160156,14,23121,0
271,1079651,1516.0,395.0,1,23121,1
271,1079652,626.3076782226562,227.38461303710938,13,23122,0
271,1079653,628.7857055664062,227.07142639160156,14,23123,0
271,1079654,1516.0,395.0,1,23123,1
271,1079655,628.7857055664062,227.07142639160156,14,23124,0
271,1079656,1516.0,395.0,1,23124,1
271,1079657,628.7857055664062,227.07142639160156,14,23125,0
271,1079658,1516.0,395.0,1,23125,1
271,1079659,628.7857055664062,227.07142639160156,14,23126,0
271,1079660,1516.0,395.0,1,23126,1
271,1079661,626.3076782226562,227.38461303710938,13,23127,0
271,1079662,628.7857055664062,227.07142639160156,14,23128,0
271,1079663,1516.0,395.0,1,23129,0
271,1079664,631.75,225.9499969482422,10,23129,1
271,1079665,598.5,220.5,1,23129,2
281,1079638,644.3499755859375,228.35000610351562,10,23115,0
281,1079639,1516.0,395.0,1,23115,1
281,1079640,628.7857055664062,227.07142639160156,14,23116,0
281,1079641,1516.0,395.0,1,23116,1
281,1079642,628.7857055664062,227.07142639160156,14,23117,0
281,1079643,1516.0,395.0,1,23117,1
281,1079644,628.7857055664062,227.07142639160156,14,23118,0
281,1079645,1516.0,395.0,1,23118,1
281,1079646,626.3076782226562,227.38461303710938,13,23119,0
281,1079647,1516.0,395.0,1,23119,1
281,1079648,626.3076782226562,227.38461303710938,13,23120,0
281,1079649,1516.0,395.0,1,23120,1
281,1079650,628.7857055664062,227.07142639160156,14,23121,0
281,1079651,1516.0,395.0,1,23121,1
281,1079652,626.3076782226562,227.38461303710938,13,23122,0
281,1079653,628.7857055664062,227.07142639160156,14,23123,0
281,1079654,1516.0,395.0,1,23123,1
281,1079655,628.7857055664062,227.07142639160156,14,23124,0
281,1079656,1516.0,395.0,1,23124,1
281,1079657,628.7857055664062,227.07142639160156,14,23125,0
281,1079658,1516.0,395.0,1,23125,1
281,1079659,628.7857055664062,227.07142639160156,14,23126,0
281,1079660,1516.0,395.0,1,23126,1
281,1079661,626.3076782226562,227.38461303710938,13,23127,0
281,1079662,628.7857055664062,227.07142639160156,14,23128,0
281,1079663,1516.0,395.0,1,23129,0
281,1079664,631.75,225.9499969482422,10,23129,1
281,1079665,598.5,220.5,1,23129,2
291,1079638,644.3499755859375,228.35000610351562,10,23115,0
291,1079639,1516.0,395.0,1,23115,1
291,1079640,628.7857055664062,227.07142639160156,14,23116,0
291,1079641,1516.0,395.0,1,23116,1
291,1079642,628.7857055664062,227.07142639160156,14,23117,0
291,1079643,1516.0,395.0,1,23117,1
291,1079644,628.7857055664062,227.07142639160156,14,23118,0
291,1079645,1516.0,395.0,1,23118,1
291,1079646,626.3076782226562,227.38461303710938,13,23119,0
291,1079647,1516.0,395.0,1,23119,1
291,1079648,626.3076782226562,227.38461303710938,13,23120,0
291,1079649,1516.0,395.0,1,23120,1
291,1079650,628.7857055664062,227.07142639160156,14,23121,0
291,1079651,1516.0,395.0,1,23121,1
291,1079652,626.3076782226562,227.38461303710938,13,23122,0
291,1079653,628.7857055664062,227.07142639160156,14,23123,0
291,1079654,1516.0,395.0,1,23123,1
291,1079655,628.7857055664062,227.07142639160156,14,23124,0
291,1079656,1516.0,395.0,1,23124,1
291,1079657,628.7857055664062,227.07142639160156,14,23125,0
291,1079658,1516.0,395.0,1,23125,1
291,1079659,628.7857055664062,227.07142639160156,14,23126,0
291,1079660,1516.0,395.0,1,23126,1
291,1079661,626.3076782226562,227.38461303710938,13,23127,0
291,1079662,628.7857055664062,227.07142639160156,14,23128,0
291,1079663,1516.0,395.0,1,23129,0
291,1079664,631.75,225.9499969482422,10,23129,1
291,1079665,598.5,220.5,1,23129,2
301,1079638,644.3499755859375,228.35000610351562,10,23115,0
301,1079639,1516.0,395.0,1,23115,1
301,1079640,628.7857055664062,227.07142639160156,14,23116,0
301,1079641,1516.0,395.0,1,23116,1
301,1079642,628.7857055664062,227.07142639160156,14,23117,0
301,1079643,1516.0,395.0,1,23117,1
301,1079644,628.7857055664062,227.07142639160156,14,23118,0
301,1079645,1516.0,395.0,1,23118,1
301,1079646,626.3076782226562,227.38461303710938,13,23119,0
301,1079647,1516.0,395.0,1,23119,1
301,1079648,626.3076782226562,227.38461303710938,13,23120,0
301,1079649,1516.0,395.0,1,23120,1
301,1079650,628.7857055664062,227.07142639160156,14,23121,0
301,1079651,1516.0,395.0,1,23121,1
301,1079652,626.3076782226562,227.38461303710938,13,23122,0
301,1079653,628.7857055664062,227.07142639160156,14,23123,0
301,1079654,1516.0,395.0,1,23123,1
301,1079655,628.7857055664062,227.07142639160156,14,23124,0
301,1079656,1516.0,395.0,1,23124,1
301,1079657,628.7857055664062,227.07142639160156,14,23125,0
301,1079658,1516.0,395.0,1,23125,1
301,1079659,628.7857055664062,227.07142639160156,14,23126,0
301,1079660,1516.0,395.0,1,23126,1
301,1079661,626.3076782226562,227.38461303710938,13,23127,0
301,1079662,628.7857055664062,227.07142639160156,14,23128,0
301,1079663,1516.0,395.0,1,23129,0
301,1079664,631.75,225.9499969482422,10,23129,1
301,1079665,598.5,220.5,1,23129,2
311,1079638,650.3999633789062,228.10000610351562,10,23115,0
311,1079639,1507.5,390.5,1,23115,1
311,1079640,633.8571166992188,226.92857360839844,14,23116,0
311,1079641,1507.5,390.5,1,23116,1
311,1079642,633.8571166992188,226.92857360839844,14,23117,0
311,1079643,1507.5,390.5,1,23117,1
311,1079644,633.8571166992188,226.92857360839844,14,23118,0
311,1079645,1507.5,390.5,1,23118,1
311,1079646,631.6153564453125,227.1923065185547,13,23119,0
311,1079647,1507.5,390.5,1,23119,1
311,1079648,631.6153564453125,227.1923065185547,13,23120,0
311,1079649,1507.5,390.5,1,23120,1
311,1079650,633.8571166992188,226.92857360839844,14,23121,0
311,1079651,1507.5,390.5,1,23121,1
311,1079652,631.6153564453125,227.1923065185547,13,23122,0
311,1079653,633.8571166992188,226.92857360839844,14,23123,0
311,1079654,1507.5,390.5,1,23123,1
311,1079655,633.8571166992188,226.92857360839844,14,23124,0
311,1079656,1507.5,390.5,1,23124,1
311,1079657,633.8571166992188,226.92857360839844,14,23125,0
311,1079658,1507.5,390.5,1,23125,1
311,1079659,633.8571166992188,226.92857360839844,14,23126,0
311,1079660,1507.5,390.5,1,23126,1
311,1079661,631.6153564453125,227.1923065185547,13,23127,0
311,1079662,633.8571166992188,226.92857360839844,14,23128,0
311,1079663,1507.5,390.5,1,23129,0
311,1079664,634.4375,226.0749969482422,8,23129,1
311,1079665,615.5,220.5,3,23129,2
321,1079638,650.3999633789062,228.10000610351562,10,23115,0
321,1079639,1507.5,390.5,1,23115,1
321,1079640,633.8571166992188,226.92857360839844,14,23116,0
321,1079641,1507.5,390.5,1,23116,1
321,1079642,633.8571166992188,226.92857360839844,14,23117,0
321,1079643,1507.5,390.5,1,23117,1
321,1079644,633.8571166992188,226.92857360839844,14,23118,0
321,1079645,1507.5,390.5,1,23118,1
321,1079646,631.6153564453125,227.1923065185547,13,23119,0
321,1079647,1507.5,390.5,1,23119,1
321,1079648,631.6153564453125,227.1923065185547,13,23120,0
321,1079649,1507.5,390.5,1,23120,1
321,1079650,633.8571166992188,226.92857360839844,14,23121,0
321,1079651,1507.5,390.5,1,23121,1
321,1079652,631.6153564453125,227.1923065185547,13,23122,0
321,1079653,633.8571166992188,226.92857360839844,14,23123,0
321,1079654,1507.5,390.5,1,23123,1
321,1079655,633.8571166992188,226.92857360839844,14,23124,0
321,1079656,1507.5,390.5,1,23124,1
321,1079657,633.8571166992188,226.92857360839844,14,23125,0
321,1079658,1507.5,390.5,1,23125,1
321,1079659,633.8571166992188,226.92857360839844,14,23126,0
321,1079660,1507.5,390.5,1,23126,1
321,1079661,631.6153564453125,227.1923065185547,13,23127,0
321,1079662,633.8571166992188,226.92857360839844,14,23128,0
321,1079663,1507.5,390.5,1,23129,0
321,1079664,634.4375,226.0749969482422,8,23129,1
321,1079665,615.5,220.5,3,23129,2
331,1079638,650.3999633789062,228.10000610351562,10,23115,0
331,1079639,1507.5,390.5,1,23115,1
331,1079640,633.8571166992188,226.92857360839844,14,23116,0
331,1079641,1507.5,390.5,1,23116,1
331,1079642,633.8571166992188,226.92857360839844,14,23117,0
331,1079643,1507.5,390.5,1,23117,1
331,1079644,633.8571166992188,226.92857360839844,14,23118,0
331,1079645,1507.5,390.5,1,23118,1
331,1079646,631.6153564453125,227.1923065185547,13,23119,0
331,1079647,1507.5,390.5,1,23119,1
331,1079648,631.6153564453125,227.1923065185547,13,23120,0
331,1079649,1507.5,390.5,1,23120,1
331,1079650,633.8571166992188,226.92857360839844,14,23121,0
331,1079651,1507.5,390.5,1,23121,1
331,1079652,631.6153564453125,227.1923065185547,13,23122,0
331,1079653,633.8571166992188,226.92857360839844,14,23123,0
331,1079654,1507.5,390.5,1,23123,1
331,1079655,633.8571166992188,226.92857360839844,14,23124,0
331,1079656,1507.5,390.5,1,23124,1
331,1079657,633.8571166992188,226.92857360839844,14,23125,0
331,1079658,1507.5,390.5,1,23125,1
331,1079659,633.8571166992188,226.92857360839844,14,23126,0
331,1079660,1507.5,390.5,1,23126,1
331,1079661,631.6153564453125,227.1923065185547,13,23127,0
331,1079662,633.8571166992188,226.92857360839844,14,23128,0
331,1079663,1507.5,390.5,1,23129,0
331,1079664,634.4375,226.0749969482422,8,23129,1
331,1079665,615.5,220.5,3,23129,2
341,1079638,650.3999633789062,228.10000610351562,10,23115,0
341,1079639,1507.5,390.5,1,23115,1
341,1079640,633.8571166992188,226.92857360839844,14,23116,0
341,1079641,1507.5,390.5,1,23116,1
341,1079642,633.8571166992188,226.92857360839844,14,23117,0
341,1079643,1507.5,390.5,1,23117,1
341,1079644,633.8571166992188,226.92857360839844,14,23118,0
341,1079645,1507.5,390.5,1,23118,1
341,1079646,631.6153564453125,227.1923065185547,13,23119,0
341,1079647,1507.5,390.5,1,23119,1
341,1079648,631.6153564453125,227.1923065185547,13,23120,0
341,1079649,1507.5,390.5,1,23120,1
341,1079650,633.8571166992188,226.92857360839844,14,23121,0
341,1079651,1507.5,390.5,1,23121,1
341,1079652,631.6153564453125,227.1923065185547,13,23122,0
341,1079653,633.8571166992188,226.92857360839844,14,23123,0
341,1079654,1507.5,390.5,1,23123,1
341,1079655,633.8571166992188,226.92857360839844,14,23124,0
341,1079656,1507.5,390.5,1,23124,1
341,1079657,633.8571166992188,226.92857360839844,14,23125,0
341,1079658,1507.5,390.5,1,23125,1
341,1079659,633.8571166992188,226.92857360839844,14,23126,0
341,1079660,1507.5,390.5,1,23126,1
341,1079661,631.6153564453125,227.1923065185547,13,23127,0
341,1079662,633.8571166992188,226.92857360839844,14,23128,0
341,1079663,1507.5,390.5,1,23129,0
341,1079664,634.4375,226.0749969482422,8,23129,1
341,1079665,615.5,220.5,3,23129,2
351,1079638,650.3999633789062,228.10000610351562,10,23115,0
351,1079639,1507.5,390.5,1,23115,1
351,1079640,633.8571166992188,226.92857360839844,14,23116,0
351,1079641,1507.5,390.5,1,23116,1
351,1079642,633.8571166992188,226.92857360839844,14,23117,0
351,1079643,1507.5,390.5,1,23117,1
351,1079644,633.8571166992188,226.92857360839844,14,23118,0
351,1079645,1507.5,390.5,1,23118,1
351,1079646,631.6153564453125,227.1923065185547,13,23119,0
351,1079647,1507.5,390.5,1,23119,1
351,1079648,631.6153564453125,227.1923065185547,13,23120,0
351,1079649,1507.5,390.5,1,23120,1
351,1079650,633.8571166992188,226.92857360839844,14,23121,0
351,1079651,1507.5,390.5,1,23121,1
351,1079652,631.6153564453125,227.1923065185547,13,23122,0
351,1079653,633.8571166992188,226.92857360839844,14,23123,0
351,1079654,1507.5,390.5,1,23123,1
351,1079655,633.8571166992188,226.92857360839844,14,23124,0
351,1079656,1507.5,390.5,1,23124,1
351,1079657,633.8571166992188,226.92857360839844,14,23125,0
351,1079658,1507.5,390.5,1,23125,1
351,1079659,633.8571166992188,226.92857360839844,14,23126,0
351,1079660,1507.5,390.5,1,23126,1
351,1079661,631.6153564453125,227.1923065185547,13,23127,0
351,1079662,633.8571166992188,226.92857360839844,14,23128,0
351,1079663,1507.5,390.5,1,23129,0
351,1079664,634.4375,226.0749969482422,8,23129,1
351,1079665,615.5,220.5,3,23129,2
361,1079638,650.3999633789062,228.10000610351562,10,23115,0
361,1079639,1507.5,390.5,1,23115,1
361,1079640,633.8571166992188,226.92857360839844,14,23116,0
361,1079641,1507.5,390.5,1,23116,1
361,1079642,633.8571166992188,226.92857360839844,14,23117,0
361,1079643,1507.5,390.5,1,23117,1
361,1079644,633.8571166992188,226.92857360839844,14,23118,0
361,1079645,1507.5,390.5,1,23118,1
361,1079646,631.6153564453125,227.1923065185547,13,23119,0
361,1079647,1507.5,390.5,1,23119,1
361,1079648,631.6153564453125,227.1923065185547,13,23120,0
361,1079649,1507.5,390.5,1,23120,1
361,1079650,633.8571166992188,226.92857360839844,14,23121,0
361,1079651,1507.5,390.5,1,23121,1
361,1079652,631.6153564453125,227.1923065185547,13,23122,0
361,1079653,633.8571166992188,226.92857360839844,14,23123,0
361,1079654,1507.5,390.5,1,23123,1
361,1079655,633.8571166992188,226.92857360839844,14,23124,0
361,1079656,1507.5,390.5,1,23124,1
361,1079657,633.8571166992188,226.92857360839844,14,23125,0
361,1079658,1507.5,390.5,1,23125,1
361,1079659,633.8571166992188,226.92857360839844,14,23126,0
361,1079660,1507.5,390.5,1,23126,1
361,1079661,631.6153564453125,227.1923065185547,13,23127,0
361,1079662,633.8571166992188,226.92857360839844,14,23128,0
361,1079663,1507.5,390.5,1,23129,0
361,1079664,634.4375,226.0749969482422,8,23129,1
361,1079665,615.5,220.5,3,23129,2
371,1079638,650.3999633789062,228.10000610351562,10,23115,0
371,1079639,1507.5,390.5,1,23115,1
371,1079640,633.8571166992188,226.92857360839844,14,23116,0
371,1079641,1507.5,390.5,1,23116,1
371,1079642,633.8571166992188,226.92857360839844,14,23117,0
371,1079643,1507.5,390.5,1,23117,1
371,1079644,633.8571166992188,226.92857360839844,14,23118,0
371,1079645,1507.5,390.5,1,23118,1
371,1079646,631.6153564453125,227.1923065185547,13,23119,0
371,1079647,1507.5,390.5,1,23119,1
371,1079648,631.6153564453125,227.1923065185547,13,23120,0
371,1079649,1507.5,390.5,1,23120,1
371,1079650,633.8571166992188,226.92857360839844,14,23121,0
371,1079651,1507.5,390.5,1,23121,1
371,1079652,631.6153564453125,227.1923065185547,13,23122,0
371,1079653,633.8571166992188,226.92857360839844,14,23123,0
371,1079654,1507.5,390.5,1,23123,1
371,1079655,633.8571166992188,226.92857360839844,14,23124,0
371,1079656,1507.5,390.5,1,23124,1
371,1079657,633.8571166992188,226.92857360839844,14,23125,0
371,1079658,1507.5,390.5,1,23125,1
371,1079659,633.8571166992188,226.92857360839844,14,23126,0
371,1079660,1507.5,390.5,1,23126,1
371,1079661,631.6153564453125,227.1923065185547,13,23127,0
371,1079662,633.8571166992188,226.92857360839844,14,23128,0
371,1079663,1507.5,390.5,1,23129,0
371,1079664,634.4375,226.0749969482422,8,23129,1
371,1079665,615.5,220.5,3,23129,2
381,1079638,650.3999633789062,228.10000610351562,10,23115,0
381,1079639,1507.5,390.5,1,23115,1
381,1079640,633.8571166992188,226.92857360839844,14,23116,0
381,1079641,1507.5,390.5,1,23116,1
381,1079642,633.8571166992188,226.92857360839844,14,23117,0
381,1079643,1507.5,390.5,1,23117,1
381,1079644,633.8571166992188,226.92857360839844,14,23118,0
381,1079645,1507.5,390.5,1,23118,1
381,1079646,631.6153564453125,227.1923065185547,13,23119,0
381,1079647,1507.5,390.5,1,23119,1
381,1079648,631.6153564453125,227.1923065185547,13,23120,0
381,1079649,1507.5,390.5,1,23120,1
381,1079650,633.8571166992188,226.92857360839844,14,23121,0
381,1079651,1507.5,390.5,1,23121,1
381,1079652,631.6153564453125,227.1923065185547,13,23122,0
381,1079653,633.8571166992188,226.92857360839844,14,23123,0
381,1079654,1507.5,390.5,1,23123,1
381,1079655,633.8571166992188,226.92857360839844,14,23124,0
381,1079656,1507.5,390.5,1,23124,1
381,1079657,633.8571166992188,226.92857360839844,14,23125,0
381,1079658,1507.5,390.5,1,23125,1
381,1079659,633.8571166992188,226.92857360839844,14,23126,0
381,1079660,1507.5,390.5,1,23126,1
381,1079661,631.6153564453125,227.1923065185547,13,23127,0
381,1079662,633.8571166992188,226.92857360839844,14,23128,0
381,1079663,1507.5,390.5,1,23129,0
381,1079664,634.4375,226.0749969482422,8,23129,1
381,1079665,615.5,220.5,3,23129,2
391,1079638,650.3999633789062,228.10000610351562,10,23115,0
391,1079639,1507.5,390.5,1,23115,1
391,1079640,633.8571166992188,226.92857360839844,14,23116,0
391,1079641,1507.5,390.5,1,23116,1
391,1079642,633.8571166992188,226.92857360839844,14,23117,0
391,1079643,1507.5,390.5,1,23117,1
391,1079644,633.8571166992188,226.92857360839844,14,23118,0
391,1079645,1507.5,390.5,1,23118,1
391,1079646,631.6153564453125,227.1923065185547,13,23119,0
391,1079647,1507.5,390.5,1,23119,1
391,1079648,631.6153564453125,227.1923065185547,13,23120,0
391,1079649,1507.5,390.5,1,23120,1
391,1079650,633.8571166992188,226.92857360839844,14,23121,0
391,1079651,1507.5,390.5,1,23121,1
391,1079652,631.6153564453125,227.1923065185547,13,23122,0
391,1079653,633.8571166992188,226.92857360839844,14,23123,0
391,1079654,1507.5,390.5,1,23123,1
391,1079655,633.8571166992188,226.92857360839844,14,23124,0
391,1079656,1507.5,390.5,1,23124,1
391,1079657,633.8571166992188,226.92857360839844,14,23125,0
391,1079658,1507.5,390.5,1,23125,1
391,1079659,633.8571166992188,226.92857360839844,14,23126,0
391,1079660,1507.5,390.5,1,23126,1
391,1079661,631.6153564453125,227.1923065185547,13,23127,0
391,1079662,633.8571166992188,226.92857360839844,14,23128,0
391,1079663,1507.5,390.5,1,23129,0
391,1079664,634.4375,226.0749969482422,8,23129,1
391,1079665,615.5,220.5,3,23129,2
401,1079638,650.3999633789062,228.10000610351562,10,23115,0
401,1079639,1507.5,390.5,1,23115,1
401,1079640,633.8571166992188,226.92857360839844,14,23116,0
401,1079641,1507.5,390.5,1,23116,1
401,1079642,633.8571166992188,226.92857360839844,14,23117,0
401,1079643,1507.5,390.5,1,23117,1
401,1079644,633.8571166992188,226.92857360839844,14,23118,0
401,1079645,1507.5,390.5,1,23118,1
401,1079646,631.6153564453125,227.1923065185547,13,23119,0
401,1079647,1507.5,390.5,1,23119,1
401,1079648,631.6153564453125,227.1923065185547,13,23120,0
401,1079649,1507.5,390.5,1,23120,1
401,1079650,633.8571166992188,226.92857360839844,14,23121,0
401,1079651,1507.5,390.5,1,23121,1
401,1079652,631.6153564453125,227.1923065185547,13,23122,0
401,1079653,633.8571166992188,226.92857360839844,14,23123,0
401,1079654,1507.5,390.5,1,23123,1
401,1079655,633.8571166992188,226.92857360839844,14,23124,0
401,1079656,1507.5,390.5,1,23124,1
401,1079657,633.8571166992188,226.92857360839844,14,23125,0
401,1079658,1507.5,390.5,1,23125,1
401,1079659,633.8571166992188,226.92857360839844,14,23126,0
401,1079660,1507.5,390.5,1,23126,1
401,1079661,631.6153564453125,227.1923065185547,13,23127,0
401,1079662,633.8571166992188,226.92857360839844,14,23128,0
401,1079663,1507.5,390.5,1,23129,0
401,1079664,634.4375,226.0749969482422,8,23129,1
401,1079665,615.5,220.5,3,23129,2
411,1079638,657.7124633789062,228.72500610351562,8,23115,0
411,1079639,1498.5,389.5,1,23115,1
411,1079640,636.0389404296875,227.7467498779297,11,23116,0
411,1079641,1498.5,389.5,1,23116,1
411,1079642,636.0389404296875,227.7467498779297,11,23117,0
411,1079643,1498.5,389.5,1,23117,1
411,1079644,636.0389404296875,227.7467498779297,11,23118,0
411,1079645,1498.5,389.5,1,23118,1
411,1079646,632.21533203125,227.7423095703125,10,23119,0
411,1079647,1498.5,389.5,1,23119,1
411,1079648,632.21533203125,227.7423095703125,10,23120,0
411,1079649,1498.5,389.5,1,23120,1
411,1079650,636.0389404296875,227.7467498779297,11,23121,0
411,1079651,1498.5,389.5,1,23121,1
411,1079652,632.21533203125,227.7423095703125,10,23122,0
411,1079653,636.0389404296875,227.7467498779297,11,23123,0
411,1079654,1498.5,389.5,1,23123,1
411,1079655,636.0389404296875,227.7467498779297,11,23124,0
411,1079656,1498.5,389.5,1,23124,1
411,1079657,636.0389404296875,227.7467498779297,11,23125,0
411,1079658,1498.5,389.5,1,23125,1
411,1079659,636.0389404296875,227.7467498779297,11,23126,0
411,1079660,1498.5,389.5,1,23126,1
411,1079661,632.21533203125,227.7423095703125,10,23127,0
411,1079662,636.0389404296875,227.7467498779297,11,23128,0
411,1079663,1498.5,389.5,1,23129,0
411,1079664,642.1041870117188,225.99166870117188,6,23129,1
411,1079665,623.0,223.5,2,23129,2
431,1079666,757.0,235.0,1,23130,0
431,1079667,716.5,235.5,1,23130,1
431,1079668,626.8571166992188,227.7857208251953,7,23131,0
431,1079669,621.8333129882812,223.6666717529297,3,23131,1
431,1079670,626.8571166992188,227.7857208251953,7,23132,0
431,1079671,621.8333129882812,223.6666717529297,3,23132,1
431,1079672,757.0,235.0,1,23132,2
431,1079673,621.8333129882812,223.6666717529297,3,23133,0
431,1079674,626.8571166992188,227.7857208251953,7,23133,1
431,1079675,626.8571166992188,227.7857208251953,7,23134,0
431,1079676,621.8333129882812,223.6666717529297,3,23134,1
431,1079677,621.8333129882812,223.6666717529297,3,23135,0
431,1079678,626.8571166992188,227.7857208251953,7,23135,1
431,1079679,626.8571166992188,227.7857208251953,7,23136,0
431,1079680,621.8333129882812,223.6666717529297,3,23136,1
431,1079681,626.8571166992188,227.7857208251953,7,23137,0
431,1079682,621.8333129882812,223.6666717529297,3,23137,1
431,1079683,621.8333129882812,223.6666717529297,3,23138,0
431,1079684,626.8571166992188,227.7857208251953,7,23138,1
431,1079685,626.8571166992188,227.7857208251953,7,23139,0
431,1079686,621.8333129882812,223.6666717529297,3,23139,1
431,1079687,626.8571166992188,227.7857208251953,7,23140,0
431,1079688,621.8333129882812,223.6666717529297,3,23140,1
441,1079666,757.0,235.0,1,23130,0
441,1079667,716.5,235.5,1,23130,1
441,1079668,626.8571166992188,227.7857208251953,7,23131,0
441,1079669,621.8333129882812,223.6666717529297,3,23131,1
441,1079670,626.8571166992188,227.7857208251953,7,23132,0
441,1079671,621.8333129882812,223.6666717529297,3,23132,1
441,1079672,757.0,235.0,1,23132,2
441,1079673,621.8333129882812,223.6666717529297,3,23133,0
441,1079674,626.8571166992188,227.7857208251953,7,23133,1
441,1079675,626.8571166992188,227.7857208251953,7,23134,0
441,1079676,621.8333129882812,223.6666717529297,3,23134,1
441,1079677,621.8333129882812,223.6666717529297,3,23135,0
441,1079678,626.8571166992188,227.7857208251953,7,23135,1
441,1079679,626.8571166992188,227.7857208251953,7,23136,0
441,1079680,621.8333129882812,223.6666717529297,3,23136,1
441,1079681,626.8571166992188,227.7857208251953,7,23137,0
441,1079682,621.8333129882812,223.6666717529297,3,23137,1
441,1079683,621.8333129882812,223.6666717529297,3,23138,0
441,1079684,626.8571166992188,227.7857208251953,7,23138,1
441,1079685,626.8571166992188,227.7857208251953,7,23139,0
441,1079686,621.8333129882812,223.6666717529297,3,23139,1
441,1079687,626.8571166992188,227.7857208251953,7,23140,0
441,1079688,621.8333129882812,223.6666717529297,3,23140,1
451,1079666,757.0,235.0,1,23130,0
451,1079667,716.5,235.5,1,23130,1
451,1079668,626.8571166992188,227.7857208251953,7,23131,0
451,1079669,621.8333129882812,223.6666717529297,3,23131,1
451,1079670,626.8571166992188,227.7857208251953,7,23132,0
451,1079671,621.8333129882812,223.6666717529297,3,23132,1
451,1079672,757.0,235.0,1,23132,2
451,1079673,621.8333129882812,223.6666717529297,3,23133,0
451,1079674,626.8571166992188,227.7857208251953,7,23133,1
451,1079675,626.8571166992188,227.7857208251953,7,23134,0
451,1079676,621.8333129882812,223.6666717529297,3,23134,1
451,1079677,621.8333129882812,223.6666717529297,3,23135,0
451,1079678,626.8571166992188,227.7857208251953,7,23135,1
451,1079679,626.8571166992188,227.7857208251953,7,23136,0
451,1079680,621.8333129882812,223.6666717529297,3,23136,1
451,1079681,626.8571166992188,227.7857208251953,7,23137,0
451,1079682,621.8333129882812,223.6666717529297,3,23137,1
451,1079683,621.8333129882812,223.6666717529297,3,23138,0
451,1079684,626.8571166992188,227.7857208251953,7,23138,1
451,1079685,626.8571166992188,227.7857208251953,7,23139,0
451,1079686,621.8333129882812,223.6666717529297,3,23139,1
451,1079687,626.8571166992188,227.7857208251953,7,23140,0
451,1079688,621.8333129882812,223.6666717529297,3,23140,1
461,1079666,757.0,235.0,1,23130,0
461,1079667,716.5,235.5,1,23130,1
461,1079668,626.8571166992188,227.7857208251953,7,23131,0
461,1079669,621.8333129882812,223.6666717529297,3,23131,1
461,1079670,626.8571166992188,227.7857208251953,7,23132,0
461,1079671,621.8333129882812,223.6666717529297,3,23132,1
461,1079672,757.0,235.0,1,23132,2
461,1079673,621.8333129882812,223.6666717529297,3,23133,0
461,1079674,626.8571166992188,227.7857208251953,7,23133,1
461,1079675,626.8571166992188,227.7857208251953,7,23134,0
461,1079676,621.8333129882812,223.6666717529297,3,23134,1
461,1079677,621.8333129882812,223.6666717529297,3,23135,0
461,1079678,626.8571166992188,227.7857208251953,7,23135,1
461,1079679,626.8571166992188,227.7857208251953,7,23136,0
461,1079680,621.8333129882812,223.6666717529297,3,23136,1
461,1079681,626.8571166992188,227.7857208251953,7,23137,0
461,1079682,621.8333129882812,223.6666717529297,3,23137,1
461,1079683,621.8333129882812,223.6666717529297,3,23138,0
461,1079684,626.8571166992188,227.7857208251953,7,23138,1
461,1079685,626.8571166992188,227.7857208251953,7,23139,0
461,1079686,621.8333129882812,223.6666717529297,3,23139,1
461,1079687,626.8571166992188,227.7857208251953,7,23140,0
461,1079688,621.8333129882812,223.6666717529297,3,23140,1
471,1079666,757.0,235.0,1,23130,0
471,1079667,716.5,235.5,1,23130,1
471,1079668,626.8571166992188,227.7857208251953,7,23131,0
471,1079669,621.8333129882812,223.6666717529297,3,23131,1
471,1079670,626.8571166992188,227.7857208251953,7,23132,0
471,1079671,621.8333129882812,223.6666717529297,3,23132,1
471,1079672,757.0,235.0,1,23132,2
471,1079673,621.8333129882812,223.6666717529297,3,23133,0
471,1079674,626.8571166992188,227.7857208251953,7,23133,1
471,1079675,626.8571166992188,227.7857208251953,7,23134,0
471,1079676,621.8333129882812,223.6666717529297,3,23134,1
471,1079677,621.8333129882812,223.6666717529297,3,23135,0
471,1079678,626.8571166992188,227.7857208251953,7,23135,1
471,1079679,626.8571166992188,227.7857208251953,7,23136,0
471,1079680,621.8333129882812,223.6666717529297,3,23136,1
471,1079681,626.8571166992188,227.7857208251953,7,23137,0
471,1079682,621.8333129882812,223.6666717529297,3,23137,1
471,1079683,621.8333129882812,223.6666717529297,3,23138,0
471,1079684,626.8571166992188,227.7857208251953,7,23138,1
471,1079685,626.8571166992188,227.7857208251953,7,23139,0
471,1079686,621.8333129882812,223.6666717529297,3,23139,1
471,1079687,626.8571166992188,227.7857208251953,7,23140,0
471,1079688,621.8333129882812,223.6666717529297,3,23140,1
481,1079666,757.0,235.0,1,23130,0
481,1079667,716.5,235.5,1,23130,1
481,1079668,626.8571166992188,227.7857208251953,7,23131,0
481,1079669,621.8333129882812,223.6666717529297,3,23131,1
481,1079670,626.8571166992188,227.7857208251953,7,23132,0
481,1079671,621.8333129882812,223.6666717529297,3,23132,1
481,1079672,757.0,235.0,1,23132,2
481,1079673,621.8333129882812,223.6666717529297,3,23133,0
481,1079674,626.8571166992188,227.7857208251953,7,23133,1
481,1079675,626.8571166992188,227.7857208251953,7,23134,0
481,1079676,621.8333129882812,223.6666717529297,3,23134,1
481,1079677,621.8333129882812,223.6666717529297,3,23135,0
481,1079678,626.8571166992188,227.7857208251953,7,23135,1
481,1079679,626.8571166992188,227.7857208251953,7,23136,0
481,1079680,621.8333129882812,223.6666717529297,3,23136,1
481,1079681,626.8571166992188,227.7857208251953,7,23137,0
481,1079682,621.8333129882812,223.6666717529297,3,23137,1
481,1079683,621.8333129882812,223.6666717529297,3,23138,0
481,1079684,626.8571166992188,227.7857208251953,7,23138,1
481,1079685,626.8571166992188,227.7857208251953,7,23139,0
481,1079686,621.8333129882812,223.6666717529297,3,23139,1
481,1079687,626.8571166992188,227.7857208251953,7,23140,0
481,1079688,621.8333129882812,223.6666717529297,3,23140,1
491,1079666,757.0,235.0,1,23130,0
491,1079667,716.5,235.5,1,23130,1
491,1079668,626.8571166992188,227.7857208251953,7,23131,0
491,1079669,621.8333129882812,223.6666717529297,3,23131,1
491,1079670,626.8571166992188,227.7857208251953,7,23132,0
491,1079671,621.8333129882812,223.6666717529297,3,23132,1
491,1079672,757.0,235.0,1,23132,2
491,1079673,621.8333129882812,223.6666717529297,3,23133,0
491,1079674,626.8571166992188,227.7857208251953,7,23133,1
491,1079675,626.8571166992188,227.7857208251953,7,23134,0
491,1079676,621.8333129882812,223.6666717529297,3,23134,1
491,1079677,621.8333129882812,223.6666717529297,3,23135,0
491,1079678,626.8571166992188,227.7857208251953,7,23135,1
491,1079679,626.8571166992188,227.7857208251953,7,23136,0
491,1079680,621.8333129882812,223.6666717529297,3,23136,1
491,1079681,626.8571166992188,227.7857208251953,7,23137,0
491,1079682,621.8333129882812,223.6666717529297,3,23137,1
491,1079683,621.8333129882812,223.6666717529297,3,23138,0
491,1079684,626.8571166992188,227.7857208251953,7,23138,1
491,1079685,626.8571166992188,227.7857208251953,7,23139,0
491,1079686,621.8333129882812,223.6666717529297,3,23139,1
491,1079687,626.8571166992188,227.7857208251953,7,23140,0
491,1079688,621.8333129882812,223.6666717529297,3,23140,1
501,1079666,757.0,235.0,1,23130,0
501,1079667,716.5,235.5,1,23130,1
501,1079668,626.8571166992188,227.7857208251953,7,23131,0
501,1079669,621.8333129882812,223.6666717529297,3,23131,1
501,1079670,626.8571166992188,227.7857208251953,7,23132,0
501,1079671,621.8333129882812,223.6666717529297,3,23132,1
501,1079672,757.0,235.0,1,23132,2
501,1079673,621.8333129882812,223.6666717529297,3,23133,0
501,1079674,626.8571166992188,227.7857208251953,7,23133,1
501,1079675,626.8571166992188,227.7857208251953,7,23134,0
501,1079676,621.8333129882812,223.6666717529297,3,23134,1
501,1079677,621.8333129882812,223.6666717529297,3,23135,0
501,1079678,626.8571166992188,227.7857208251953,7,23135,1
501,1079679,626.8571166992188,227.7857208251953,7,23136,0
501,1079680,621.8333129882812,223.6666717529297,3,23136,1
501,1079681,626.8571166992188,227.7857208251953,7,23137,0
501,1079682,621.8333129882812,223.6666717529297,3,23137,1
501,1079683,621.8333129882812,223.6666717529297,3,23138,0
501,1079684,626.8571166992188,227.7857208251953,7,23138,1
501,1079685,626.8571166992188,227.7857208251953,7,23139,0
501,1079686,621.8333129882812,223.6666717529297,3,23139,1
501,1079687,626.8571166992188,227.7857208251953,7,23140,0
501,1079688,621.8333129882812,223.6666717529297,3,23140,1
511,1079666,757.0,235.0,1,23130,0
511,1079667,716.5,235.5,1,23130,1
511,1079668,626.8571166992188,227.7857208251953,7,23131,0
511,1079669,621.8333129882812,223.6666717529297,3,23131,1
511,1079670,626.8571166992188,227.7857208251953,7,23132,0
511,1079671,621.8333129882812,223.6666717529297,3,23132,1
511,1079672,757.0,235.0,1,23132,2
511,1079673,621.8333129882812,223.6666717529297,3,23133,0
511,1079674,626.8571166992188,227.7857208251953,7,23133,1
511,1079675,626.8571166992188,227.7857208251953,7,23134,0
511,1079676,621.8333129882812,223.6666717529297,3,23134,1
511,1079677,621.8333129882812,223.6666717529297,3,23135,0
511,1079678,626.8571166992188,227.7857208251953,7,23135,1
511,1079679,626.8571166992188,227.7857208251953,7,23136,0
511,1079680,621.8333129882812,223.6666717529297,3,23136,1
511,1079681,626.8571166992188,227.7857208251953,7,23137,0
511,1079682,621.8333129882812,223.6666717529297,3,23137,1
511,1079683,621.8333129882812,223.6666717529297,3,23138,0
511,1079684,626.8571166992188,227.7857208251953,7,23138,1
511,1079685,626.8571166992188,227.7857208251953,7,23139,0
511,1079686,621.8333129882812,223.6666717529297,3,23139,1
511,1079687,626.8571166992188,227.7857208251953,7,23140,0
511,1079688,621.8333129882812,223.6666717529297,3,23140,1
521,1079666,770.5,235.5,1,23130,0
521,1079667,738.0,240.0,1,23130,1
521,1079668,629.4570922851562,228.6857147216797,5,23131,0
521,1079669,624.3333129882812,223.6666717529297,4,23131,1
521,1079670,629.4570922851562,228.6857147216797,5,23132,0
521,1079671,624.3333129882812,223.6666717529297,4,23132,1
521,1079672,770.5,235.5,1,23132,2
521,1079673,624.3333129882812,223.6666717529297,4,23133,0
521,1079674,629.4570922851562,228.6857147216797,5,23133,1
521,1079675,629.4570922851562,228.6857147216797,5,23134,0
521,1079676,624.3333129882812,223.6666717529297,4,23134,1
521,1079677,624.3333129882812,223.6666717529297,4,23135,0
521,1079678,629.4570922851562,228.6857147216797,5,23135,1
521,1079679,629.4570922851562,228.6857147216797,5,23136,0
521,1079680,624.3333129882812,223.6666717529297,4,23136,1
521,1079681,629.4570922851562,228.6857147216797,5,23137,0
521,1079682,624.3333129882812,223.6666717529297,4,23137,1
521,1079683,624.3333129882812,223.6666717529297,4,23138,0
521,1079684,629.4570922851562,228.6857147216797,5,23138,1
521,1079685,629.4570922851562,228.6857147216797,5,23139,0
521,1079686,624.3333129882812,223.6666717529297,4,23139,1
521,1079687,629.4570922851562,228.6857147216797,5,23140,0
521,1079688,624.3333129882812,223.6666717529297,4,23140,1
531,1079666,770.5,235.5,1,23130,0
531,1079667,738.0,240.0,1,23130,1
531,1079668,629.4570922851562,228.6857147216797,5,23131,0
531,1079669,624.3333129882812,223.6666717529297,4,23131,1
531,1079670,629.4570922851562,228.6857147216797,5,23132,0
531,1079671,624.3333129882812,223.6666717529297,4,23132,1
531,1079672,770.5,235.5,1,23132,2
531,1079673,624.3333129882812,223.6666717529297,4,23133,0
531,1079674,629.4570922851562,228.6857147216797,5,23133,1
531,1079675,629.4570922851562,228.6857147216797,5,23134,0
531,1079676,624.3333129882812,223.6666717529297,4,23134,1
531,1079677,624.3333129882812,223.6666717529297,4,23135,0
531,1079678,629.4570922851562,228.6857147216797,5,23135,1
531,1079679,629.4570922851562,228.6857147216797,5,23136,0
531,1079680,624.3333129882812,223.6666717529297,4,23136,1
531,1079681,629.4570922851562,228.6857147216797,5,23137,0
531,1079682,624.3333129882812,223.6666717529297,4,23137,1
531,1079683,624.3333129882812,223.6666717529297,4,23138,0
531,1079684,629.4570922851562,228.6857147216797,5,23138,1
531,1079685,629.4570922851562,228.6857147216797,5,23139,0
531,1079686,624.3333129882812,223.6666717529297,4,23139,1
531,1079687,629.4570922851562,228.6857147216797,5,23140,0
531,1079688,624.3333129882812,223.6666717529297,4,23140,1
541,1079666,770.5,235.5,1,23130,0
541,1079667,738.0,240.0,1,23130,1
541,1079668,629.4570922851562,228.6857147216797,5,23131,0
541,1079669,624.3333129882812,223.6666717529297,5,23131,1
541,1079670,629.4570922851562,228.6857147216797,5,23132,0
541,1079671,624.3333129882812,223.6666717529297,5,23132,1
541,1079672,770.5,235.5,1,23132,2
541,1079673,624.3333129882812,223.6666717529297,5,23133,0
541,1079674,629.4570922851562,228.6857147216797,5,23133,1
541,1079675,629.4570922851562,228.6857147216797,5,23134,0
541,1079676,624.3333129882812,223.6666717529297,5,23134,1
541,1079677,624.3333129882812,223.6666717529297,5,23135,0
541,1079678,629.4570922851562,228.6857147216797,5,23135,1
541,1079679,629.4570922851562,228.6857147216797,5,23136,0
541,1079680,624.3333129882812,223.6666717529297,5,23136,1
541,1079681,629.4570922851562,228.6857147216797,5,23137,0
541,1079682,624.3333129882812,223.6666717529297,5,23137,1
541,1079683,624.3333129882812,223.6666717529297,5,23138,0
541,1079684,629.4570922851562,228.6857147216797,5,23138,1
541,1079685,629.4570922851562,228.6857147216797,5,23139,0
541,1079686,624.3333129882812,223.6666717529297,5,23139,1
541,1079687,629.4570922851562,228.6857147216797,5,23140,0
541,1079688,624.3333129882812,223.6666717529297,5,23140,1
551,1079666,770.5,235.5,1,23130,0
551,1079667,738.0,240.0,1,23130,1
551,1079668,629.4570922851562,228.6857147216797,5,23131,0
551,1079669,624.3333129882812,223.6666717529297,5,23131,1
551,1079670,629.4570922851562,228.6857147216797,5,23132,0
551,1079671,624.3333129882812,223.6666717529297,5,23132,1
551,1079672,770.5,235.5,1,23132,2
551,1079673,624.3333129882812,223.6666717529297,5,23133,0
551,1079674,629.4570922851562,228.6857147216797,5,23133,1
551,1079675,629.4570922851562,228.6857147216797,5,23134,0
551,1079676,624.3333129882812,223.6666717529297,5,23134,1
551,1079677,624.3333129882812,223.6666717529297,5,23135,0
551,1079678,629.4570922851562,228.6857147216797,5,23135,1
551,1079679,629.4570922851562,228.6857147216797,5,23136,0
551,1079680,624.3333129882812,223.6666717529297,5,23136,1
551,1079681,629.4570922851562,228.6857147216797,5,23137,0
551,1079682,624.3333129882812,223.6666717529297,5,23137,1
551,1079683,624.3333129882812,223.6666717529297,5,23138,0
551,1079684,629.4570922851562,228.6857147216797,5,23138,1
551,1079685,629.4570922851562,228.6857147216797,5,23139,0
551,1079686,624.3333129882812,223.6666717529297,5,23139,1
551,1079687,629.4570922851562,228.6857147216797,5,23140,0
551,1079688,624.3333129882812,223.6666717529297,5,23140,1
561,1079666,770.5,235.5,1,23130,0
561,1079667,738.0,240.0,1,23130,1
561,1079668,629.4570922851562,228.6857147216797,5,23131,0
561,1079669,624.3333129882812,223.6666717529297,5,23131,1
561,1079670,629.4570922851562,228.6857147216797,5,23132,0
561,1079671,624.3333129882812,223.6666717529297,5,23132,1
561,1079672,770.5,235.5,1,23132,2
561,1079673,624.3333129882812,223.6666717529297,5,23133,0
561,1079674,629.4570922851562,228.6857147216797,5,23133,1
561,1079675,629.4570922851562,228.6857147216797,5,23134,0
561,1079676,624.3333129882812,223.6666717529297,5,23134,1
561,1079677,624.3333129882812,223.6666717529297,5,23135,0
561,1079678,629.4570922851562,228.6857147216797,5,23135,1
561,1079679,629.4570922851562,228.6857147216797,5,23136,0
561,1079680,624.3333129882812,223.6666717529297,5,23136,1
561,1079681,629.4570922851562,228.6857147216797,5,23137,0
561,1079682,624.3333129882812,223.6666717529297,5,23137,1
561,1079683,624.3333129882812,223.6666717529297,5,23138,0
561,1079684,629.4570922851562,228.6857147216797,5,23138,1
561,1079685,629.4570922851562,228.6857147216797,5,23139,0
561,1079686,624.3333129882812,223.6666717529297,5,23139,1
561,1079687,629.4570922851562,228.6857147216797,5,23140,0
561,1079688,624.3333129882812,223.6666717529297,5,23140,1
571,1079666,770.5,235.5,1,23130,0
571,1079667,738.0,240.0,1,23130,1
571,1079668,629.4570922851562,228.6857147216797,5,23131,0
571,1079669,624.3333129882812,223.6666717529297,5,23131,1
571,1079670,629.4570922851562,228.6857147216797,5,23132,0
571,1079671,624.3333129882812,223.6666717529297,5,23132,1
571,1079672,770.5,235.5,1,23132,2
571,1079673,624.3333129882812,223.6666717529297,5,23133,0
571,1079674,629.4570922851562,228.6857147216797,5,23133,1
571,1079675,629.4570922851562,228.6857147216797,5,23134,0
571,1079676,624.3333129882812,223.6666717529297,5,23134,1
571,1079677,624.3333129882812,223.6666717529297,5,23135,0
571,1079678,629.4570922851562,228.6857147216797,5,23135,1
571,1079679,629.4570922851562,228.6857147216797,5,23136,0
571,1079680,624.3333129882812,223.6666717529297,5,23136,1
571,1079681,629.4570922851562,228.6857147216797,5,23137,0
571,1079682,624.3333129882812,223.6666717529297,5,23137,1
571,1079683,624.3333129882812,223.6666717529297,5,23138,0
571,1079684,629.4570922851562,228.6857147216797,5,23138,1
571,1079685,629.4570922851562,228.6857147216797,5,23139,0
571,1079686,624.3333129882812,223.6666717529297,5,23139,1
571,1079687,629.4570922851562,228.6857147216797,5,23140,0
571,1079688,624.3333129882812,223.6666717529297,5,23140,1
581,1079666,770.5,235.5,1,23130,0
581,1079667,738.0,240.0,1,23130,1
581,1079668,629.4570922851562,228.6857147216797,5,23131,0
581,1079669,624.3333129882812,223.6666717529297,5,23131,1
581,1079670,629.4570922851562,228.6857147216797,5,23132,0
581,1079671,624.3333129882812,223.6666717529297,5,23132,1
581,1079672,770.5,235.5,1,23132,2
581,1079673,624.3333129882812,223.6666717529297,5,23133,0
581,1079674,629.4570922851562,228.6857147216797,5,23133,1
581,1079675,629.4570922851562,228.6857147216797,5,23134,0
581,1079676,624.3333129882812,223.6666717529297,5,23134,1
581,1079677,624.3333129882812,223.6666717529297,5,23135,0
581,1079678,629.4570922851562,228.6857147216797,5,23135,1
581,1079679,629.4570922851562,228.6857147216797,5,23136,0
581,1079680,624.3333129882812,223.6666717529297,5,23136,1
581,1079681,629.4570922851562,228.6857147216797,5,23137,0
581,1079682,624.3333129882812,223.6666717529297,5,23137,1
581,1079683,624.3333129882812,223.6666717529297,5,23138,0
581,1079684,629.4570922851562,228.6857147216797,5,23138,1
581,1079685,629.4570922851562,228.6857147216797,5,23139,0
581,1079686,624.3333129882812,223.6666717529297,5,23139,1
581,1079687,629.4570922851562,228.6857147216797,5,23140,0
581,1079688,624.3333129882812,223.6666717529297,5,23140,1
591,1079666,770.5,235.5,1,23130,0
591,1079667,738.0,240.0,1,23130,1
591,1079668,629.4570922851562,228.6857147216797,5,23131,0
591,1079669,624.3333129882812,223.6666717529297,5,23131,1
591,1079670,629.4570922851562,228.6857147216797,5,23132,0
591,1079671,624.3333129882812,223.6666717529297,5,23132,1
591,1079672,770.5,235.5,1,23132,2
591,1079673,624.3333129882812,223.6666717529297,5,23133,0
591,1079674,629.4570922851562,228.6857147216797,5,23133,1
591,1079675,629.4570922851562,228.6857147216797,5,23134,0
591,1079676,624.3333129882812,223.6666717529297,5,23134,1
591,1079677,624.3333129882812,223.6666717529297,5,23135,0
591,1079678,629.4570922851562,228.6857147216797,5,23135,1
591,1079679,629.4570922851562,228.6857147216797,5,23136,0
591,1079680,624.3333129882812,223.6666717529297,5,23136,1
591,1079681,629.4570922851562,228.6857147216797,5,23137,0
591,1079682,624.3333129882812,223.6666717529297,5,23137,1
591,1079683,624.3333129882812,223.6666717529297,5,23138,0
591,1079684,629.4570922851562,228.6857147216797,5,23138,1
591,1079685,629.4570922851562,228.6857147216797,5,23139,0
591,1079686,624.3333129882812,223.6666717529297,5,23139,1
591,1079687,629.4570922851562,228.6857147216797,5,23140,0
591,1079688,624.3333129882812,223.6666717529297,5,23140,1
601,1079666,770.5,235.5,1,23130,0
601,1079667,738.0,240.0,1,23130,1
601,1079668,629.4570922851562,228.6857147216797,5,23131,0
601,1079669,624.3333129882812,223.6666717529297,5,23131,1
601,1079670,629.4570922851562,228.6857147216797,5,23132,0
601,1079671,624.3333129882812,223.6666717529297,5,23132,1
601,1079672,770.5,235.5,1,23132,2
601,1079673,624.3333129882812,223.6666717529297,5,23133,0
601,1079674,629.4570922851562,228.6857147216797,5,23133,1
601,1079675,629.4570922851562,228.6857147216797,5,23134,0
601,1079676,624.3333129882812,223.6666717529297,5,23134,1
601,1079677,624.3333129882812,223.6666717529297,5,23135,0
601,1079678,629.4570922851562,228.6857147216797,5,23135,1
601,1079679,629.4570922851562,228.6857147216797,5,23136,0
601,1079680,624.3333129882812,223.6666717529297,5,23136,1
601,1079681,629.4570922851562,228.6857147216797,5,23137,0
601,1079682,624.3333129882812,223.6666717529297,5,23137,1
601,1079683,624.3333129882812,223.6666717529297,5,23138,0
601,1079684,629.4570922851562,228.6857147216797,5,23138,1
601,1079685,629.4570922851562,228.6857147216797,5,23139,0
601,1079686,624.3333129882812,223.6666717529297,5,23139,1
601,1079687,629.4570922851562,228.6857147216797,5,23140,0
601,1079688,624.3333129882812,223.6666717529297,5,23140,1
611,1079666,770.5,235.5,1,23130,0
611,1079667,738.0,240.0,1,23130,1
611,1079668,629.4570922851562,228.6857147216797,5,23131,0
611,1079669,624.3333129882812,223.6666717529297,5,23131,1
611,1079670,629.4570922851562,228.6857147216797,5,23132,0
611,1079671,624.3333129882812,223.6666717529297,5,23132,1
611,1079672,770.5,235.5,1,23132,2
611,1079673,624.3333129882812,223.6666717529297,5,23133,0
611,1079674,629.4570922851562,228.6857147216797,5,23133,1
611,1079675,629.4570922851562,228.6857147216797,5,23134,0
611,1079676,624.3333129882812,223.6666717529297,5,23134,1
611,1079677,624.3333129882812,223.6666717529297,5,23135,0
611,1079678,629.4570922851562,228.6857147216797,5,23135,1
611,1079679,629.4570922851562,228.6857147216797,5,23136,0
611,1079680,624.3333129882812,223.6666717529297,5,23136,1
611,1079681,629.4570922851562,228.6857147216797,5,23137,0
611,1079682,624.3333129882812,223.6666717529297,5,23137,1
611,1079683,624.3333129882812,223.6666717529297,5,23138,0
611,1079684,629.4570922851562,228.6857147216797,5,23138,1
611,1079685,629.4570922851562,228.6857147216797,5,23139,0
611,1079686,624.3333129882812,223.6666717529297,5,23139,1
611,1079687,629.4570922851562,228.6857147216797,5,23140,0
611,1079688,624.3333129882812,223.6666717529297,5,23140,1
621,1079666,831.5,238.5,1,23130,0
621,1079667,869.0,251.5,1,23130,1
621,1079668,655.757080078125,230.58570861816406,5,23131,0
621,1079669,625.2083129882812,223.2916717529297,4,23131,1
621,1079670,655.757080078125,230.58570861816406,5,23132,0
621,1079671,625.2083129882812,223.2916717529297,4,23132,1
621,1079672,831.5,238.5,1,23132,2
621,1079673,625.2083129882812,223.2916717529297,4,23133,0
621,1079674,655.757080078125,230.58570861816406,5,23133,1
621,1079675,655.757080078125,230.58570861816406,5,23134,0
621,1079676,625.2083129882812,223.2916717529297,4,23134,1
621,1079677,625.2083129882812,223.2916717529297,4,23135,0
621,1079678,655.757080078125,230.58570861816406,5,23135,1
621,1079679,655.757080078125,230.58570861816406,5,23136,0
621,1079680,625.2083129882812,223.2916717529297,4,23136,1
621,1079681,655.757080078125,230.58570861816406,5,23137,0
621,1079682,625.2083129882812,223.2916717529297,4,23137,1
621,1079683,625.2083129882812,223.2916717529297,4,23138,0
621,1079684,655.757080078125,230.58570861816406,5,23138,1
621,1079685,655.757080078125,230.58570861816406,5,23139,0
621,1079686,625.2083129882812,223.2916717529297,4,23139,1
621,1079687,655.757080078125,230.58570861816406,5,23140,0
621,1079688,625.2083129882812,223.2916717529297,4,23140,1
641,1079689,629.2000122070312,220.39999389648438,5,23141,0
641,1079690,625.7000122070312,224.8000030517578,5,23141,1
641,1079691,913.625,303.75,4,23141,2
641,1079692,1244.0,336.5,1,23141,3
641,1079693,636.125,219.625,4,23142,0
641,1079694,647.5,229.5,3,23142,1
641,1079695,902.7000122070312,291.70001220703125,5,23142,2
641,1079696,1101.0,296.5,1,23142,3
641,1079697,1244.0,336.5,1,23142,4
641,1079698,625.7000122070312,224.8000030517578,5,23143,0
641,1079699,902.0,286.8333435058594,3,23143,1
641,1079700,1244.0,336.5,1,23143,2
641,1079701,629.2000122070312,220.39999389648438,5,23143,3
641,1079702,629.2000122070312,220.39999389648438,5,23144,0
641,1079703,625.7000122070312,224.8000030517578,5,23144,1
641,1079704,902.0,286.8333435058594,3,23144,2
641,1079705,620.25,220.0,4,23145,0
641,1079706,625.7000122070312,224.8000030517578,5,23145,1
641,1079707,913.625,303.75,4,23145,2
641,1079708,1244.0,336.5,1,23145,3
641,1079709,629.2000122070312,220.39999389648438,5,23146,0
641,1079710,625.7000122070312,224.8000030517578,5,23146,1
641,1079711,913.625,303.75,4,23146,2
641,1079712,1244.0,336.5,1,23146,3
641,1079713,625.7000122070312,224.8000030517578,5,23147,0
641,1079714,913.625,303.75,4,23147,1
641,1079715,1244.0,336.5,1,23147,2
641,1079716,629.2000122070312,220.39999389648438,5,23147,3
641,1079717,625.7000122070312,224.8000030517578,5,23148,0
641,1079718,967.5,331.5,1,23148,1
641,1079719,620.25,220.0,4,23148,2
641,1079720,625.7000122070312,224.8000030517578,5,23149,0
641,1079721,902.0,286.8333435058594,3,23149,1
641,1079722,620.25,220.0,4,23149,2
641,1079723,902.7000122070312,291.70001220703125,5,23150,0
641,1079724,1244.0,336.5,1,23150,1
641,1079725,665.0,222.0,1,23150,2
641,1079726,625.7000122070312,224.8000030517578,5,23151,0
641,1079727,902.0,286.8333435058594,3,23151,1
641,1079728,629.2000122070312,220.39999389648438,5,23151,2
641,1079729,902.7000122070312,291.70001220703125,5,23152,0
641,1079730,1244.0,336.5,1,23152,1
641,1079731,635.75,226.625,4,23152,2
641,1079732,629.2000122070312,220.39999389648438,5,23152,3
641,1079733,902.7000122070312,291.70001220703125,5,23153,0
641,1079734,1244.0,336.5,1,23153,1
641,1079735,635.75,226.625,4,23153,2
641,1079736,629.2000122070312,220.39999389648438,5,23153,3
641,1079737,1101.0,296.5,1,23154,0
641,1079738,1244.0,336.5,1,23154,1
641,1079739,665.0,222.0,1,23154,2
641,1079740,902.7000122070312,291.70001220703125,5,23155,0
641,1079741,625.7000122070312,224.8000030517578,5,23155,1
641,1079742,629.2000122070312,220.39999389648438,5,23155,2
641,1079743,902.7000122070312,291.70001220703125,5,23156,0
641,1079744,1244.0,336.5,1,23156,1
641,1079745,640.0,219.0,1,23156,2
641,1079746,632.5,221.125,4,23156,3
641,1079747,1244.0,336.5,1,23157,0
641,1079748,628.5,221.75,2,23157,1
641,1079749,886.5,281.75,4,23157,2
641,1079750,1101.0,296.5,1,23157,3
641,1079751,632.5,221.125,4,23157,4
651,1079689,629.2000122070312,220.39999389648438,5,23141,0
651,1079690,625.7000122070312,224.8000030517578,5,23141,1
651,1079691,913.625,303.75,4,23141,2
651,1079692,1244.0,336.5,1,23141,3
651,1079693,636.125,219.625,4,23142,0
651,1079694,647.5,229.5,3,23142,1
651,1079695,902.7000122070312,291.70001220703125,5,23142,2
651,1079696,1101.0,296.5,1,23142,3
651,1079697,1244.0,336.5,1,23142,4
651,1079698,625.7000122070312,224.8000030517578,5,23143,0
651,1079699,902.0,286.8333435058594,3,23143,1
651,1079700,1244.0,336.5,1,23143,2
651,1079701,629.2000122070312,220.39999389648438,5,23143,3
651,1079702,629.2000122070312,220.39999389648438,5,23144,0
651,1079703,625.7000122070312,224.8000030517578,5,23144,1
651,1079704,902.0,286.8333435058594,3,23144,2
651,1079705,620.25,220.0,4,23145,0
651,1079706,625.7000122070312,224.8000030517578,5,23145,1
651,1079707,913.625,303.75,4,23145,2
651,1079708,1244.0,336.5,1,23145,3
651,1079709,629.2000122070312,220.39999389648438,5,23146,0
651,1079710,625.7000122070312,224.8000030517578,5,23146,1
651,1079711,913.625,303.75,4,23146,2
651,1079712,1244.0,336.5,1,23146,3
651,1079713,625.7000122070312,224.8000030517578,5,23147,0
651,1079714,913.625,303.75,4,23147,1
651,1079715,1244.0,336.5,1,23147,2
651,1079716,629.2000122070312,220.39999389648438,5,23147,3
651,1079717,625.7000122070312,224.8000030517578,5,23148,0
651,1079718,967.5,331.5,1,23148,1
651,1079719,620.25,220.0,4,23148,2
651,1079720,625.7000122070312,224.8000030517578,5,23149,0
651,1079721,902.0,286.8333435058594,3,23149,1
651,1079722,620.25,220.0,4,23149,2
651,1079723,902.7000122070312,291.70001220703125,5,23150,0
651,1079724,1244.0,336.5,1,23150,1
651,1079725,665.0,222.0,1,23150,2
651,1079726,625.7000122070312,224.8000030517578,5,23151,0
651,1079727,902.0,286.8333435058594,3,23151,1
651,1079728,629.2000122070312,220.39999389648438,5,23151,2
651,1079729,902.7000122070312,291.70001220703125,5,23152,0
651,1079730,1244.0,336.5,1,23152,1
651,1079731,635.75,226.625,4,23152,2
651,1079732,629.2000122070312,220.39999389648438,5,23152,3
651,1079733,902.7000122070312,291.70001220703125,5,23153,0
651,1079734,1244.0,336.5,1,23153,1
651,1079735,635.75,226.625,4,23153,2
651,1079736,629.2000122070312,220.39999389648438,5,23153,3
651,1079737,1101.0,296.5,1,23154,0
651,1079738,1244.0,336.5,1,23154,1
651,1079739,665.0,222.0,1,23154,2
651,1079740,902.7000122070312,291.70001220703125,5,23155,0
651,1079741,625.7000122070312,224.8000030517578,5,23155,1
651,1079742,629.2000122070312,220.39999389648438,5,23155,2
651,1079743,902.7000122070312,291.70001220703125,5,23156,0
651,1079744,1244.0,336.5,1,23156,1
651,1079745,640.0,219.0,1,23156,2
651,1079746,632.5,221.125,4,23156,3
651,1079747,1244.0,336.5,1,23157,0
651,1079748,628.5,221.75,2,23157,1
651,1079749,886.5,281.75,4,23157,2
651,1079750,1101.0,296.5,1,23157,3
651,1079751,632.5,221.125,4,23157,4
661,1079689,629.2000122070312,220.39999389648438,5,23141,0
661,1079690,625.7000122070312,224.8000030517578,5,23141,1
661,1079691,913.625,303.75,4,23141,2
661,1079692,1244.0,336.5,1,23141,3
661,1079693,636.125,219.625,4,23142,0
661,1079694,647.5,229.5,3,23142,1
661,1079695,902.7000122070312,291.70001220703125,5,23142,2
661,1079696,1101.0,296.5,1,23142,3
661,1079697,1244.0,336.5,1,23142,4
661,1079698,625.7000122070312,224.8000030517578,5,23143,0
661,1079699,902.0,286.8333435058594,3,23143,1
661,1079700,1244.0,336.5,1,23143,2
661,1079701,629.2000122070312,220.39999389648438,5,23143,3
661,1079702,629.2000122070312,220.39999389648438,5,23144,0
661,1079703,625.7000122070312,224.8000030517578,5,23144,1
661,1079704,902.0,286.8333435058594,3,23144,2
661,1079705,620.25,220.0,4,23145,0
661,1079706,625.7000122070312,224.8000030517578,5,23145,1
661,1079707,913.625,303.75,4,23145,2
661,1079708,1244.0,336.5,1,23145,3
661,1079709,629.2000122070312,220.39999389648438,5,23146,0
661,1079710,625.7000122070312,224.8000030517578,5,23146,1
661,1079711,913.625,303.75,4,23146,2
661,1079712,1244.0,336.5,1,23146,3
661,1079713,625.7000122070312,224.8000030517578,5,23147,0
661,1079714,913.625,303.75,4,23147,1
661,1079715,1244.0,336.5,1,23147,2
661,1079716,629.2000122070312,220.39999389648438,5,23147,3
661,1079717,625.7000122070312,224.8000030517578,5,23148,0
661,1079718,967.5,331.5,1,23148,1
661,1079719,620.25,220.0,4,23148,2
661,1079720,625.7000122070312,224.8000030517578,5,23149,0
661,1079721,902.0,286.8333435058594,3,23149,1
661,1079722,620.25,220.0,4,23149,2
661,1079723,902.7000122070312,291.70001220703125,5,23150,0
661,1079724,1244.0,336.5,1,23150,1
661,1079725,665.0,222.0,1,23150,2
661,1079726,625.7000122070312,224.8000030517578,5,23151,0
661,1079727,902.0,286.8333435058594,3,23151,1
661,1079728,629.2000122070312,220.39999389648438,5,23151,2
661,1079729,902.7000122070312,291.70001220703125,5,23152,0
661,1079730,1244.0,336.5,1,23152,1
661,1079731,635.75,226.625,4,23152,2
661,1079732,629.2000122070312,220.39999389648438,5,23152,3
661,1079733,902.7000122070312,291.70001220703125,5,23153,0
661,1079734,1244.0,336.5,1,23153,1
661,1079735,635.75,226.625,4,23153,2
661,1079736,629.2000122070312,220.39999389648438,5,23153,3
661,1079737,1101.0,296.5,1,23154,0
661,1079738,1244.0,336.5,1,23154,1
661,1079739,665.0,222.0,1,23154,2
661,1079740,902.7000122070312,291.70001220703125,5,23155,0
661,1079741,625.7000122070312,224.8000030517578,5,23155,1
661,1079742,629.2000122070312,220.39999389648438,5,23155,2
661,1079743,902.7000122070312,291.70001220703125,5,23156,0
661,1079744,1244.0,336.5,1,23156,1
661,1079745,640.0,219.0,1,23156,2
661,1079746,632.5,221.125,4,23156,3
661,1079747,1244.0,336.5,1,23157,0
661,1079748,628.5,221.75,2,23157,1
661,1079749,886.5,281.75,4,23157,2
661,1079750,1101.0,296.5,1,23157,3
661,1079751,632.5,221.125,4,23157,4
671,1079689,629.2000122070312,220.39999389648438,5,23141,0
671,1079690,625.7000122070312,224.8000030517578,5,23141,1
671,1079691,913.625,303.75,4,23141,2
671,1079692,1244.0,336.5,1,23141,3
671,1079693,636.125,219.625,4,23142,0
671,1079694,647.5,229.5,3,23142,1
671,1079695,902.7000122070312,291.70001220703125,5,23142,2
671,1079696,1101.0,296.5,1,23142,3
671,1079697,1244.0,336.5,1,23142,4
671,1079698,625.7000122070312,224.8000030517578,5,23143,0
671,1079699,902.0,286.8333435058594,3,23143,1
671,1079700,1244.0,336.5,1,23143,2
671,1079701,629.2000122070312,220.39999389648438,5,23143,3
671,1079702,629.2000122070312,220.39999389648438,5,23144,0
671,1079703,625.7000122070312,224.8000030517578,5,23144,1
671,1079704,902.0,286.8333435058594,3,23144,2
671,1079705,620.25,220.0,4,23145,0
671,1079706,625.7000122070312,224.8000030517578,5,23145,1
671,1079707,913.625,303.75,4,23145,2
671,1079708,1244.0,336.5,1,23145,3
671,1079709,629.2000122070312,220.39999389648438,5,23146,0
671,1079710,625.7000122070312,224.8000030517578,5,23146,1
671,1079711,913.625,303.75,4,23146,2
671,1079712,1244.0,336.5,1,23146,3
671,1079713,625.7000122070312,224.8000030517578,5,23147,0
671,1079714,913.625,303.75,4,23147,1
671,1079715,1244.0,336.5,1,23147,2
671,1079716,629.2000122070312,220.39999389648438,5,23147,3
671,1079717,625.7000122070312,224.8000030517578,5,23148,0
671,1079718,967.5,331.5,1,23148,1
671,1079719,620.25,220.0,4,23148,2
671,1079720,625.7000122070312,224.8000030517578,5,23149,0
671,1079721,902.0,286.8333435058594,3,23149,1
671,1079722,620.25,220.0,4,23149,2
671,1079723,902.7000122070312,291.70001220703125,5,23150,0
671,1079724,1244.0,336.5,1,23150,1
671,1079725,665.0,222.0,1,23150,2
671,1079726,625.7000122070312,224.8000030517578,5,23151,0
671,1079727,902.0,286.8333435058594,3,23151,1
671,1079728,629.2000122070312,220.39999389648438,5,23151,2
671,1079729,902.7000122070312,291.70001220703125,5,23152,0
671,1079730,1244.0,336.5,1,23152,1
671,1079731,635.75,226.625,4,23152,2
671,1079732,629.2000122070312,220.39999389648438,5,23152,3
671,1079733,902.7000122070312,291.70001220703125,5,23153,0
671,1079734,1244.0,336.5,1,23153,1
671,1079735,635.75,226.625,4,23153,2
671,1079736,629.2000122070312,220.39999389648438,5,23153,3
671,1079737,1101.0,296.5,1,23154,0
671,1079738,1244.0,336.5,1,23154,1
671,1079739,665.0,222.0,1,23154,2
671,1079740,902.7000122070312,291.70001220703125,5,23155,0
671,1079741,625.7000122070312,224.8000030517578,5,23155,1
671,1079742,629.2000122070312,220.39999389648438,5,23155,2
671,1079743,902.7000122070312,291.70001220703125,5,23156,0
671,1079744,1244.0,336.5,1,23156,1
671,1079745,640.0,219.0,1,23156,2
671,1079746,632.5,221.125,4,23156,3
671,1079747,1244.0,336.5,1,23157,0
671,1079748,628.5,221.75,2,23157,1
671,1079749,886.5,281.75,4,23157,2
671,1079750,1101.0,296.5,1,23157,3
671,1079751,632.5,221.125,4,23157,4
681,1079689,629.2000122070312,220.39999389648438,5,23141,0
681,1079690,625.7000122070312,224.8000030517578,5,23141,1
681,1079691,913.625,303.75,4,23141,2
681,1079692,1244.0,336.5,1,23141,3
681,1079693,636.125,219.625,4,23142,0
681,1079694,647.5,229.5,3,23142,1
681,1079695,902.7000122070312,291.70001220703125,5,23142,2
681,1079696,1101.0,296.5,1,23142,3
681,1079697,1244.0,336.5,1,23142,4
681,1079698,625.7000122070312,224.8000030517578,5,23143,0
681,1079699,902.0,286.8333435058594,3,23143,1
681,1079700,1244.0,336.5,1,23143,2
681,1079701,629.2000122070312,220.39999389648438,5,23143,3
681,1079702,629.2000122070312,220.39999389648438,5,23144,0
681,1079703,625.7000122070312,224.8000030517578,5,23144,1
681,1079704,902.0,286.8333435058594,3,23144,2
681,1079705,620.25,220.0,4,23145,0
681,1079706,625.7000122070312,224.8000030517578,5,23145,1
681,1079707,913.625,303.75,4,23145,2
681,1079708,1244.0,336.5,1,23145,3
681,1079709,629.2000122070312,220.39999389648438,5,23146,0
681,1079710,625.7000122070312,224.8000030517578,5,23146,1
681,1079711,913.625,303.75,4,23146,2
681,1079712,1244.0,336.5,1,23146,3
681,1079713,625.7000122070312,224.8000030517578,5,23147,0
681,1079714,913.625,303.75,4,23147,1
681,1079715,1244.0,336.5,1,23147,2
681,1079716,629.2000122070312,220.39999389648438,5,23147,3
681,1079717,625.7000122070312,224.8000030517578,5,23148,0
681,1079718,967.5,331.5,1,23148,1
681,1079719,620.25,220.0,4,23148,2
681,1079720,625.7000122070312,224.8000030517578,5,23149,0
681,1079721,902.0,286.8333435058594,3,23149,1
681,1079722,620.25,220.0,4,23149,2
681,1079723,902.7000122070312,291.70001220703125,5,23150,0
681,1079724,1244.0,336.5,1,23150,1
681,1079725,665.0,222.0,1,23150,2
681,1079726,625.7000122070312,224.8000030517578,5,23151,0
681,1079727,902.0,286.8333435058594,3,23151,1
681,1079728,629.2000122070312,220.39999389648438,5,23151,2
681,1079729,902.7000122070312,291.70001220703125,5,23152,0
681,1079730,1244.0,336.5,1,23152,1
681,1079731,635.75,226.625,4,23152,2
681,1079732,629.2000122070312,220.39999389648438,5,23152,3
681,1079733,902.7000122070312,291.70001220703125,5,23153,0
681,1079734,1244.0,336.5,1,23153,1
681,1079735,635.75,226.625,4,23153,2
681,1079736,629.2000122070312,220.39999389648438,5,23153,3
681,1079737,1101.0,296.5,1,23154,0
681,1079738,1244.0,336.5,1,23154,1
681,1079739,665.0,222.0,1,23154,2
681,1079740,902.7000122070312,291.70001220703125,5,23155,0
681,1079741,625.7000122070312,224.8000030517578,5,23155,1
681,1079742,629.2000122070312,220.39999389648438,5,23155,2
681,1079743,902.7000122070312,291.70001220703125,5,23156,0
681,1079744,1244.0,336.5,1,23156,1
681,1079745,640.0,219.0,1,23156,2
681,1079746,632.5,221.125,4,23156,3
681,1079747,1244.0,336.5,1,23157,0
681,1079748,628.5,221.75,2,23157,1
681,1079749,886.5,281.75,4,23157,2
681,1079750,1101.0,296.5,1,23157,3
681,1079751,632.5,221.125,4,23157,4
691,1079689,629.2000122070312,220.39999389648438,5,23141,0
691,1079690,625.7000122070312,224.8000030517578,5,23141,1
691,1079691,913.625,303.75,4,23141,2
691,1079692,1244.0,336.5,1,23141,3
691,1079693,636.125,219.625,4,23142,0
691,1079694,647.5,229.5,3,23142,1
691,1079695,902.7000122070312,291.70001220703125,5,23142,2
691,1079696,1101.0,296.5,1,23142,3
691,1079697,1244.0,336.5,1,23142,4
691,1079698,625.7000122070312,224.8000030517578,5,23143,0
691,1079699,902.0,286.8333435058594,3,23143,1
691,1079700,1244.0,336.5,1,23143,2
691,1079701,629.2000122070312,220.39999389648438,5,23143,3
691,1079702,629.2000122070312,220.39999389648438,5,23144,0
691,1079703,625.7000122070312,224.8000030517578,5,23144,1
691,1079704,902.0,286.8333435058594,3,23144,2
691,1079705,620.25,220.0,4,23145,0
691,1079706,625.7000122070312,224.8000030517578,5,23145,1
691,1079707,913.625,303.75,4,23145,2
691,1079708,1244.0,336.5,1,23145,3
691,1079709,629.2000122070312,220.39999389648438,5,23146,0
691,1079710,625.7000122070312,224.8000030517578,5,23146,1
691,1079711,913.625,303.75,4,23146,2
691,1079712,1244.0,336.5,1,23146,3
691,1079713,625.7000122070312,224.8000030517578,5,23147,0
691,1079714,913.625,303.75,4,23147,1
691,1079715,1244.0,336.5,1,23147,2
691,1079716,629.2000122070312,220.39999389648438,5,23147,3
691,1079717,625.7000122070312,224.8000030517578,5,23148,0
691,1079718,967.5,331.5,1,23148,1
691,1079719,620.25,220.0,4,23148,2
691,1079720,625.7000122070312,224.8000030517578,5,23149,0
691,1079721,902.0,286.8333435058594,3,23149,1
691,1079722,620.25,220.0,4,23149,2
691,1079723,902.7000122070312,291.70001220703125,5,23150,0
691,1079724,1244.0,336.5,1,23150,1
691,1079725,665.0,222.0,1,23150,2
691,1079726,625.7000122070312,224.8000030517578,5,23151,0
691,1079727,902.0,286.8333435058594,3,23151,1
691,1079728,629.2000122070312,220.39999389648438,5,23151,2
691,1079729,902.7000122070312,291.70001220703125,5,23152,0
691,1079730,1244.0,336.5,1,23152,1
691,1079731,635.75,226.625,4,23152,2
691,1079732,629.2000122070312,220.39999389648438,5,23152,3
691,1079733,902.7000122070312,291.70001220703125,5,23153,0
691,1079734,1244.0,336.5,1,23153,1
691,1079735,635.75,226.625,4,23153,2
691,1079736,629.2000122070312,220.39999389648438,5,23153,3
691,1079737,1101.0,296.5,1,23154,0
691,1079738,1244.0,336.5,1,23154,1
691,1079739,665.0,222.0,1,23154,2
691,1079740,902.7000122070312,291.70001220703125,5,23155,0
691,1079741,625.7000122070312,224.8000030517578,5,23155,1
691,1079742,629.2000122070312,220.39999389648438,5,23155,2
691,1079743,902.7000122070312,291.70001220703125,5,23156,0
691,1079744,1244.0,336.5,1,23156,1
691,1079745,640.0,219.0,1,23156,2
691,1079746,632.5,221.125,4,23156,3
691,1079747,1244.0,336.5,1,23157,0
691,1079748,628.5,221.75,2,23157,1
691,1079749,886.5,281.75,4,23157,2
691,1079750,1101.0,296.5,1,23157,3
691,1079751,632.5,221.125,4,23157,4
701,1079689,629.2000122070312,220.39999389648438,5,23141,0
701,1079690,625.7000122070312,224.8000030517578,5,23141,1
701,1079691,913.625,303.75,4,23141,2
701,1079692,1244.0,336.5,1,23141,3
701,1079693,636.125,219.625,4,23142,0
701,1079694,647.5,229.5,3,23142,1
701,1079695,902.7000122070312,291.70001220703125,5,23142,2
701,1079696,1101.0,296.5,1,23142,3
701,1079697,1244.0,336.5,1,23142,4
701,1079698,625.7000122070312,224.8000030517578,5,23143,0
701,1079699,902.0,286.8333435058594,3,23143,1
701,1079700,1244.0,336.5,1,23143,2
701,1079701,629.2000122070312,220.39999389648438,5,23143,3
701,1079702,629.2000122070312,220.39999389648438,5,23144,0
701,1079703,625.7000122070312,224.8000030517578,5,23144,1
701,1079704,902.0,286.8333435058594,3,23144,2
701,1079705,620.25,220.0,4,23145,0
701,1079706,625.7000122070312,224.8000030517578,5,23145,1
701,1079707,913.625,303.75,4,23145,2
701,1079708,1244.0,336.5,1,23145,3
701,1079709,629.2000122070312,220.39999389648438,5,23146,0
701,1079710,625.7000122070312,224.8000030517578,5,23146,1
701,1079711,913.625,303.75,4,23146,2
701,1079712,1244.0,336.5,1,23146,3
701,1079713,625.7000122070312,224.8000030517578,5,23147,0
701,1079714,913.625,303.75,4,23147,1
701,1079715,1244.0,336.5,1,23147,2
701,1079716,629.2000122070312,220.39999389648438,5,23147,3
701,1079717,625.7000122070312,224.8000030517578,5,23148,0
701,1079718,967.5,331.5,1,23148,1
701,1079719,620.25,220.0,4,23148,2
701,1079720,625.7000122070312,224.8000030517578,5,23149,0
701,1079721,902.0,286.8333435058594,3,23149,1
701,1079722,620.25,220.0,4,23149,2
701,1079723,902.7000122070312,291.70001220703125,5,23150,0
701,1079724,1244.0,336.5,1,23150,1
701,1079725,665.0,222.0,1,23150,2
701,1079726,625.7000122070312,224.8000030517578,5,23151,0
701,1079727,902.0,286.8333435058594,3,23151,1
701,1079728,629.2000122070312,220.39999389648438,5,23151,2
701,1079729,902.7000122070312,291.70001220703125,5,23152,0
701,1079730,1244.0,336.5,1,23152,1
701,1079731,635.75,226.625,4,23152,2
701,1079732,629.2000122070312,220.39999389648438,5,23152,3
701,1079733,902.7000122070312,291.70001220703125,5,23153,0
701,1079734,1244.0,336.5,1,23153,1
701,1079735,635.75,226.625,4,23153,2
701,1079736,629.2000122070312,220.39999389648438,5,23153,3
701,1079737,1101.0,296.5,1,23154,0
701,1079738,1244.0,336.5,1,23154,1
701,1079739,665.0,222.0,1,23154,2
701,1079740,902.7000122070312,291.70001220703125,5,23155,0
701,1079741,625.7000122070312,224.8000030517578,5,23155,1
701,1079742,629.2000122070312,220.39999389648438,5,23155,2
701,1079743,902.7000122070312,291.70001220703125,5,23156,0
701,1079744,1244.0,336.5,1,23156,1
701,1079745,640.0,219.0,1,23156,2
701,1079746,632.5,221.125,4,23156,3
701,1079747,1244.0,336.5,1,23157,0
701,1079748,628.5,221.75,2,23157,1
701,1079749,886.5,281.75,4,23157,2
701,1079750,1101.0,296.5,1,23157,3
701,1079751,632.5,221.125,4,23157,4
711,1079689,629.2000122070312,220.39999389648438,5,23141,0
711,1079690,625.7000122070312,224.8000030517578,5,23141,1
711,1079691,913.625,303.75,4,23141,2
711,1079692,1244.0,336.5,1,23141,3
711,1079693,636.125,219.625,4,23142,0
711,1079694,647.5,229.5,3,23142,1
711,1079695,902.7000122070312,291.70001220703125,5,23142,2
711,1079696,1101.0,296.5,1,23142,3
711,1079697,1244.0,336.5,1,23142,4
711,1079698,625.7000122070312,224.8000030517578,5,23143,0
711,1079699,902.0,286.8333435058594,3,23143,1
711,1079700,1244.0,336.5,1,23143,2
711,1079701,629.2000122070312,220.39999389648438,5,23143,3
711,1079702,629.2000122070312,220.39999389648438,5,23144,0
711,1079703,625.7000122070312,224.8000030517578,5,23144,1
711,1079704,902.0,286.8333435058594,3,23144,2
711,1079705,620.25,220.0,4,23145,0
711,1079706,625.7000122070312,224.8000030517578,5,23145,1
711,1079707,913.625,303.75,4,23145,2
711,1079708,1244.0,336.5,1,23145,3
711,1079709,629.2000122070312,220.39999389648438,5,23146,0
711,1079710,625.7000122070312,224.8000030517578,5,23146,1
711,1079711,913.625,303.75,4,23146,2
711,1079712,1244.0,336.5,1,23146,3
711,1079713,625.7000122070312,224.8000030517578,5,23147,0
711,1079714,913.625,303.75,4,23147,1
711,1079715,1244.0,336.5,1,23147,2
711,1079716,629.2000122070312,220.39999389648438,5,23147,3
711,1079717,625.7000122070312,224.8000030517578,5,23148,0
711,1079718,967.5,331.5,1,23148,1
711,1079719,620.25,220.0,4,23148,2
711,1079720,625.7000122070312,224.8000030517578,5,23149,0
711,1079721,902.0,286.8333435058594,3,23149,1
711,1079722,620.25,220.0,4,23149,2
711,1079723,902.7000122070312,291.70001220703125,5,23150,0
711,1079724,1244.0,336.5,1,23150,1
711,1079725,665.0,222.0,1,23150,2
711,1079726,625.7000122070312,224.8000030517578,5,23151,0
711,1079727,902.0,286.8333435058594,3,23151,1
711,1079728,629.2000122070312,220.39999389648438,5,23151,2
711,1079729,902.7000122070312,291.70001220703125,5,23152,0
711,1079730,1244.0,336.5,1,23152,1
711,1079731,635.75,226.625,4,23152,2
711,1079732,629.2000122070312,220.39999389648438,5,23152,3
711,1079733,902.7000122070312,291.70001220703125,5,23153,0
711,1079734,1244.0,336.5,1,23153,1
711,1079735,635.75,226.625,4,23153,2
711,1079736,629.2000122070312,220.39999389648438,5,23153,3
711,1079737,1101.0,296.5,1,23154,0
711,1079738,1244.0,336.5,1,23154,1
711,1079739,665.0,222.0,1,23154,2
711,1079740,902.7000122070312,291.70001220703125,5,23155,0
711,1079741,625.7000122070312,224.8000030517578,5,23155,1
711,1079742,629.2000122070312,220.39999389648438,5,23155,2
711,1079743,902.7000122070312,291.70001220703125,5,23156,0
711,1079744,1244.0,336.5,1,23156,1
711,1079745,640.0,219.0,1,23156,2
711,1079746,632.5,221.125,4,23156,3
711,1079747,1244.0,336.5,1,23157,0
711,1079748,628.5,221.75,2,23157,1
711,1079749,886.5,281.75,4,23157,2
711,1079750,1101.0,296.5,1,23157,3
711,1079751,632.5,221.125,4,23157,4
721,1079689,629.2000122070312,220.39999389648438,5,23141,0
721,1079690,625.7000122070312,224.8000030517578,5,23141,1
721,1079691,913.625,303.75,4,23141,2
721,1079692,1244.0,336.5,1,23141,3
721,1079693,636.125,219.625,4,23142,0
721,1079694,647.5,229.5,3,23142,1
721,1079695,902.7000122070312,291.70001220703125,5,23142,2
721,1079696,1101.0,296.5,1,23142,3
721,1079697,1244.0,336.5,1,23142,4
721,1079698,625.7000122070312,224.8000030517578,5,23143,0
721,1079699,902.0,286.8333435058594,3,23143,1
721,1079700,1244.0,336.5,1,23143,2
721,1079701,629.2000122070312,220.39999389648438,5,23143,3
721,1079702,629.2000122070312,220.39999389648438,5,23144,0
721,1079703,625.7000122070312,224.8000030517578,5,23144,1
721,1079704,902.0,286.8333435058594,3,23144,2
721,1079705,620.25,220.0,4,23145,0
721,1079706,625.7000122070312,224.8000030517578,5,23145,1
721,1079707,913.625,303.75,4,23145,2
721,1079708,1244.0,336.5,1,23145,3
721,1079709,629.2000122070312,220.39999389648438,5,23146,0
721,1079710,625.7000122070312,224.8000030517578,5,23146,1
721,1079711,913.625,303.75,4,23146,2
721,1079712,1244.0,336.5,1,23146,3
721,1079713,625.7000122070312,224.8000030517578,5,23147,0
721,1079714,913.625,303.75,4,23147,1
721,1079715,1244.0,336.5,1,23147,2
721,1079716,629.2000122070312,220.39999389648438,5,23147,3
721,1079717,625.7000122070312,224.8000030517578,5,23148,0
721,1079718,967.5,331.5,1,23148,1
721,1079719,620.25,220.0,4,23148,2
721,1079720,625.7000122070312,224.8000030517578,5,23149,0
721,1079721,902.0,286.8333435058594,3,23149,1
721,1079722,620.25,220.0,4,23149,2
721,1079723,902.7000122070312,291.70001220703125,5,23150,0
721,1079724,1244.0,336.5,1,23150,1
721,1079725,665.0,222.0,1,23150,2
721,1079726,625.7000122070312,224.8000030517578,5,23151,0
721,1079727,902.0,286.8333435058594,3,23151,1
721,1079728,629.2000122070312,220.39999389648438,5,23151,2
721,1079729,902.7000122070312,291.70001220703125,5,23152,0
721,1079730,1244.0,336.5,1,23152,1
721,1079731,635.75,226.625,4,23152,2
721,1079732,629.2000122070312,220.39999389648438,5,23152,3
721,1079733,902.7000122070312,291.70001220703125,5,23153,0
721,1079734,1244.0,336.5,1,23153,1
721,1079735,635.75,226.625,4,23153,2
721,1079736,629.2000122070312,220.39999389648438,5,23153,3
721,1079737,1101.0,296.5,1,23154,0
721,1079738,1244.0,336.5,1,23154,1
721,1079739,665.0,222.0,1,23154,2
721,1079740,902.7000122070312,291.70001220703125,5,23155,0
721,1079741,625.7000122070312,224.8000030517578,5,23155,1
721,1079742,629.2000122070312,220.39999389648438,5,23155,2
721,1079743,902.7000122070312,291.70001220703125,5,23156,0
721,1079744,1244.0,336.5,1,23156,1
721,1079745,640.0,219.0,1,23156,2
721,1079746,632.5,221.125,4,23156,3
721,1079747,1244.0,336.5,1,23157,0
721,1079748,628.5,221.75,2,23157,1
721,1079749,886.5,281.75,4,23157,2
721,1079750,1101.0,296.5,1,23157,3
721,1079751,632.5,221.125,4,23157,4
731,1079689,630.0,220.5,5,23141,0
731,1079690,624.7999877929688,224.6999969482422,5,23141,1
731,1079691,895.7916870117188,302.0833435058594,3,23141,2
731,1079692,1225.5,328.0,1,23141,3
731,1079693,637.0,219.625,4,23142,0
731,1079694,646.6666870117188,229.3333282470703,3,23142,1
731,1079695,888.5750122070312,290.70001220703125,4,23142,2
731,1079696,1082.5,288.5,1,23142,3
731,1079697,1225.5,328.0,1,23142,4
731,1079698,624.7999877929688,224.6999969482422,5,23143,0
731,1079699,880.75,286.3333435058594,2,23143,1
731,1079700,1225.5,328.0,1,23143,2
731,1079701,630.0,220.5,5,23143,3
731,1079702,630.0,220.5,5,23144,0
731,1079703,624.7999877929688,224.6999969482422,5,23144,1
731,1079704,880.75,286.3333435058594,2,23144,2
731,1079705,621.5,219.875,4,23145,0
731,1079706,624.3250122070312,224.5500030517578,4,23145,1
731,1079707,895.7916870117188,302.0833435058594,3,23145,2
731,1079708,1225.5,328.0,1,23145,3
731,1079709,630.0,220.5,5,23146,0
731,1079710,624.7999877929688,224.6999969482422,5,23146,1
731,1079711,895.7916870117188,302.0833435058594,3,23146,2
731,1079712,1225.5,328.0,1,23146,3
731,1079713,624.7999877929688,224.6999969482422,5,23147,0
731,1079714,895.7916870117188,302.0833435058594,3,23147,1
731,1079715,1225.5,328.0,1,23147,2
731,1079716,630.0,220.5,5,23147,3
731,1079717,624.3250122070312,224.5500030517578,4,23148,0
731,1079718,946.0,332.0,1,23148,1
731,1079719,621.5,219.875,4,23148,2
731,1079720,624.3250122070312,224.5500030517578,4,23149,0
731,1079721,880.75,286.3333435058594,2,23149,1
731,1079722,621.5,219.875,4,23149,2
731,1079723,888.5750122070312,290.70001220703125,4,23150,0
731,1079724,1225.5,328.0,1,23150,1
731,1079725,666.5,223.5,1,23150,2
731,1079726,624.7999877929688,224.6999969482422,5,23151,0
731,1079727,880.75,286.3333435058594,2,23151,1
731,1079728,630.0,220.5,5,23151,2
731,1079729,888.5750122070312,290.70001220703125,4,23152,0
731,1079730,1225.5,328.0,1,23152,1
731,1079731,635.0,226.5,4,23152,2
731,1079732,630.0,220.5,5,23152,3
731,1079733,888.5750122070312,290.70001220703125,4,23153,0
731,1079734,1225.5,328.0,1,23153,1
731,1079735,635.0,226.5,4,23153,2
731,1079736,630.0,220.5,5,23153,3
731,1079737,1082.5,288.5,1,23154,0
731,1079738,1225.5,328.0,1,23154,1
731,1079739,666.5,223.5,1,23154,2
731,1079740,888.5750122070312,290.70001220703125,4,23155,0
731,1079741,624.7999877929688,224.6999969482422,5,23155,1
731,1079742,630.0,220.5,5,23155,2
731,1079743,888.5750122070312,290.70001220703125,4,23156,0
731,1079744,1225.5,328.0,1,23156,1
731,1079745,641.25,219.0,2,23156,2
731,1079746,633.3333129882812,221.2916717529297,3,23156,3
731,1079747,1225.5,328.0,1,23157,0
731,1079748,630.5,221.75,3,23157,1
731,1079749,874.8333129882812,280.25,3,23157,2
731,1079750,1082.5,288.5,1,23157,3
731,1079751,633.3333129882812,221.2916717529297,3,23157,4
741,1079689,630.0,220.5,6,23141,0
741,1079690,624.7999877929688,224.6999969482422,5,23141,1
741,1079691,895.7916870117188,302.0833435058594,3,23141,2
741,1079692,1225.5,328.0,1,23141,3
741,1079693,637.0,219.625,5,23142,0
741,1079694,646.6666870117188,229.3333282470703,3,23142,1
741,1079695,888.5750122070312,290.70001220703125,4,23142,2
741,1079696,1082.5,288.5,1,23142,3
741,1079697,1225.5,328.0,1,23142,4
741,1079698,624.7999877929688,224.6999969482422,5,23143,0
741,1079699,880.75,286.3333435058594,2,23143,1
741,1079700,1225.5,328.0,1,23143,2
741,1079701,630.0,220.5,6,23143,3
741,1079702,630.0,220.5,6,23144,0
741,1079703,624.7999877929688,224.6999969482422,5,23144,1
741,1079704,880.75,286.3333435058594,2,23144,2
741,1079705,621.5,219.875,6,23145,0
741,1079706,624.3250122070312,224.5500030517578,4,23145,1
741,1079707,895.7916870117188,302.0833435058594,3,23145,2
741,1079708,1225.5,328.0,1,23145,3
741,1079709,630.0,220.5,6,23146,0
741,1079710,624.7999877929688,224.6999969482422,5,23146,1
741,1079711,895.7916870117188,302.0833435058594,3,23146,2
741,1079712,1225.5,328.0,1,23146,3
741,1079713,624.7999877929688,224.6999969482422,5,23147,0
741,1079714,895.7916870117188,302.0833435058594,3,23147,1
741,1079715,1225.5,328.0,1,23147,2
741,1079716,630.0,220.5,6,23147,3
741,1079717,624.3250122070312,224.5500030517578,4,23148,0
741,1079718,946.0,332.0,1,23148,1
741,1079719,621.5,219.875,5,23148,2
741,1079720,624.3250122070312,224.5500030517578,4,23149,0
741,1079721,880.75,286.3333435058594,2,23149,1
741,1079722,621.5,219.875,6,23149,2
741,1079723,888.5750122070312,290.70001220703125,4,23150,0
741,1079724,1225.5,328.0,1,23150,1
741,1079725,666.5,223.5,2,23150,2
741,1079726,624.7999877929688,224.6999969482422,5,23151,0
741,1079727,880.75,286.3333435058594,2,23151,1
741,1079728,630.0,220.5,6,23151,2
741,1079729,888.5750122070312,290.70001220703125,4,23152,0
741,1079730,1225.5,328.0,1,23152,1
741,1079731,635.0,226.5,4,23152,2
741,1079732,630.0,220.5,6,23152,3
741,1079733,888.5750122070312,290.70001220703125,4,23153,0
741,1079734,1225.5,328.0,1,23153,1
741,1079735,635.0,226.5,4,23153,2
741,1079736,630.0,220.5,6,23153,3
741,1079737,1082.5,288.5,1,23154,0
741,1079738,1225.5,328.0,1,23154,1
741,1079739,666.5,223.5,1,23154,2
741,1079740,888.5750122070312,290.70001220703125,4,23155,0
741,1079741,624.7999877929688,224.6999969482422,5,23155,1
741,1079742,630.0,220.5,6,23155,2
741,1079743,888.5750122070312,290.70001220703125,4,23156,0
741,1079744,1225.5,328.0,1,23156,1
741,1079745,641.25,219.0,3,23156,2
741,1079746,633.3333129882812,221.2916717529297,3,23156,3
741,1079747,1225.5,328.0,1,23157,0
741,1079748,630.5,221.75,3,23157,1
741,1079749,874.8333129882812,280.25,3,23157,2
741,1079750,1082.5,288.5,1,23157,3
741,1079751,633.3333129882812,221.2916717529297,4,23157,4
751,1079689,630.0,220.5,6,23141,0
751,1079690,624.7999877929688,224.6999969482422,5,23141,1
751,1079691,895.7916870117188,302.0833435058594,3,23141,2
751,1079692,1225.5,328.0,1,23141,3
751,1079693,637.0,219.625,5,23142,0
751,1079694,646.6666870117188,229.3333282470703,3,23142,1
751,1079695,888.5750122070312,290.70001220703125,4,23142,2
751,1079696,1082.5,288.5,1,23142,3
751,1079697,1225.5,328.0,1,23142,4
751,1079698,624.7999877929688,224.6999969482422,5,23143,0
751,1079699,880.75,286.3333435058594,2,23143,1
751,1079700,1225.5,328.0,1,23143,2
751,1079701,630.0,220.5,6,23143,3
751,1079702,630.0,220.5,6,23144,0
751,1079703,624.7999877929688,224.6999969482422,5,23144,1
751,1079704,880.75,286.3333435058594,2,23144,2
751,1079705,621.5,219.875,6,23145,0
751,1079706,624.3250122070312,224.5500030517578,4,23145,1
751,1079707,895.7916870117188,302.0833435058594,3,23145,2
751,1079708,1225.5,328.0,1,23145,3
751,1079709,630.0,220.5,6,23146,0
751,1079710,624.7999877929688,224.6999969482422,5,23146,1
751,1079711,895.7916870117188,302.0833435058594,3,23146,2
751,1079712,1225.5,328.0,1,23146,3
751,1079713,624.7999877929688,224.6999969482422,5,23147,0
751,1079714,895.7916870117188,302.0833435058594,3,23147,1
751,1079715,1225.5,328.0,1,23147,2
751,1079716,630.0,220.5,6,23147,3
751,1079717,624.3250122070312,224.5500030517578,4,23148,0
751,1079718,946.0,332.0,1,23148,1
751,1079719,621.5,219.875,5,23148,2
751,1079720,624.3250122070312,224.5500030517578,4,23149,0
751,1079721,880.75,286.3333435058594,2,23149,1
751,1079722,621.5,219.875,6,23149,2
751,1079723,888.5750122070312,290.70001220703125,4,23150,0
751,1079724,1225.5,328.0,1,23150,1
751,1079725,666.5,223.5,2,23150,2
751,1079726,624.7999877929688,224.6999969482422,5,23151,0
751,1079727,880.75,286.3333435058594,2,23151,1
751,1079728,630.0,220.5,6,23151,2
751,1079729,888.5750122070312,290.70001220703125,4,23152,0
751,1079730,1225.5,328.0,1,23152,1
751,1079731,635.0,226.5,4,23152,2
751,1079732,630.0,220.5,6,23152,3
751,1079733,888.5750122070312,290.70001220703125,4,23153,0
751,1079734,1225.5,328.0,1,23153,1
751,1079735,635.0,226.5,4,23153,2
751,1079736,630.0,220.5,6,23153,3
751,1079737,1082.5,288.5,1,23154,0
751,1079738,1225.5,328.0,1,23154,1
751,1079739,666.5,223.5,1,23154,2
751,1079740,888.5750122070312,290.70001220703125,4,23155,0
751,1079741,624.7999877929688,224.6999969482422,5,23155,1
751,1079742,630.0,220.5,6,23155,2
751,1079743,888.5750122070312,290.70001220703125,4,23156,0
751,1079744,1225.5,328.0,1,23156,1
751,1079745,641.25,219.0,3,23156,2
751,1079746,633.3333129882812,221.2916717529297,3,23156,3
751,1079747,1225.5,328.0,1,23157,0
751,1079748,630.5,221.75,3,23157,1
751,1079749,874.8333129882812,280.25,3,23157,2
751,1079750,1082.5,288.5,1,23157,3
751,1079751,633.3333129882812,221.2916717529297,4,23157,4
761,1079689,630.0,220.5,6,23141,0
761,1079690,624.7999877929688,224.6999969482422,5,23141,1
761,1079691,895.7916870117188,302.0833435058594,3,23141,2
761,1079692,1225.5,328.0,1,23141,3
761,1079693,637.0,219.625,5,23142,0
761,1079694,646.6666870117188,229.3333282470703,3,23142,1
761,1079695,888.5750122070312,290.70001220703125,4,23142,2
761,1079696,1082.5,288.5,1,23142,3
761,1079697,1225.5,328.0,1,23142,4
761,1079698,624.7999877929688,224.6999969482422,5,23143,0
761,1079699,880.75,286.3333435058594,2,23143,1
761,1079700,1225.5,328.0,1,23143,2
761,1079701,630.0,220.5,6,23143,3
761,1079702,630.0,220.5,6,23144,0
761,1079703,624.7999877929688,224.6999969482422,5,23144,1
761,1079704,880.75,286.3333435058594,2,23144,2
761,1079705,621.5,219.875,6,23145,0
761,1079706,624.3250122070312,224.5500030517578,4,23145,1
761,1079707,895.7916870117188,302.0833435058594,3,23145,2
761,1079708,1225.5,328.0,1,23145,3
761,1079709,630.0,220.5,6,23146,0
761,1079710,624.7999877929688,224.6999969482422,5,23146,1
761,1079711,895.7916870117188,302.0833435058594,3,23146,2
761,1079712,1225.5,328.0,1,23146,3
761,1079713,624.7999877929688,224.6999969482422,5,23147,0
761,1079714,895.7916870117188,302.0833435058594,3,23147,1
761,1079715,1225.5,328.0,1,23147,2
761,1079716,630.0,220.5,6,23147,3
761,1079717,624.3250122070312,224.5500030517578,4,23148,0
761,1079718,946.0,332.0,1,23148,1
761,1079719,621.5,219.875,5,23148,2
761,1079720,624.3250122070312,224.5500030517578,4,23149,0
761,1079721,880.75,286.3333435058594,2,23149,1
761,1079722,621.5,219.875,6,23149,2
761,1079723,888.5750122070312,290.70001220703125,4,23150,0
761,1079724,1225.5,328.0,1,23150,1
761,1079725,666.5,223.5,2,23150,2
761,1079726,624.7999877929688,224.6999969482422,5,23151,0
761,1079727,880.75,286.3333435058594,2,23151,1
761,1079728,630.0,220.5,6,23151,2
761,1079729,888.5750122070312,290.70001220703125,4,23152,0
761,1079730,1225.5,328.0,1,23152,1
761,1079731,635.0,226.5,4,23152,2
761,1079732,630.0,220.5,6,23152,3
761,1079733,888.5750122070312,290.70001220703125,4,23153,0
761,1079734,1225.5,328.0,1,23153,1
761,1079735,635.0,226.5,4,23153,2
761,1079736,630.0,220.5,6,23153,3
761,1079737,1082.5,288.5,1,23154,0
761,1079738,1225.5,328.0,1,23154,1
761,1079739,666.5,223.5,1,23154,2
761,1079740,888.5750122070312,290.70001220703125,4,23155,0
761,1079741,624.7999877929688,224.6999969482422,5,23155,1
761,1079742,630.0,220.5,6,23155,2
761,1079743,888.5750122070312,290.70001220703125,4,23156,0
761,1079744,1225.5,328.0,1,23156,1
761,1079745,641.25,219.0,3,23156,2
761,1079746,633.3333129882812,221.2916717529297,3,23156,3
761,1079747,1225.5,328.0,1,23157,0
761,1079748,630.5,221.75,3,23157,1
761,1079749,874.8333129882812,280.25,3,23157,2
761,1079750,1082.5,288.5,1,23157,3
761,1079751,633.3333129882812,221.2916717529297,4,23157,4
771,1079689,630.0,220.5,6,23141,0
771,1079690,624.7999877929688,224.6999969482422,5,23141,1
771,1079691,895.7916870117188,302.0833435058594,3,23141,2
771,1079692,1225.5,328.0,1,23141,3
771,1079693,637.0,219.625,5,23142,0
771,1079694,646.6666870117188,229.3333282470703,3,23142,1
771,1079695,888.5750122070312,290.70001220703125,4,23142,2
771,1079696,1082.5,288.5,1,23142,3
771,1079697,1225.5,328.0,1,23142,4
771,1079698,624.7999877929688,224.6999969482422,5,23143,0
771,1079699,880.75,286.3333435058594,2,23143,1
771,1079700,1225.5,328.0,1,23143,2
771,1079701,630.0,220.5,6,23143,3
771,1079702,630.0,220.5,6,23144,0
771,1079703,624.7999877929688,224.6999969482422,5,23144,1
771,1079704,880.75,286.3333435058594,2,23144,2
771,1079705,621.5,219.875,6,23145,0
771,1079706,624.3250122070312,224.5500030517578,4,23145,1
771,1079707,895.7916870117188,302.0833435058594,3,23145,2
771,1079708,1225.5,328.0,1,23145,3
771,1079709,630.0,220.5,6,23146,0
771,1079710,624.7999877929688,224.6999969482422,5,23146,1
771,1079711,895.7916870117188,302.0833435058594,3,23146,2
771,1079712,1225.5,328.0,1,23146,3
771,1079713,624.7999877929688,224.6999969482422,5,23147,0
771,1079714,895.7916870117188,302.0833435058594,3,23147,1
771,1079715,1225.5,328.0,1,23147,2
771,1079716,630.0,220.5,6,23147,3
771,1079717,624.3250122070312,224.5500030517578,4,23148,0
771,1079718,946.0,332.0,1,23148,1
771,1079719,621.5,219.875,5,23148,2
771,1079720,624.3250122070312,224.5500030517578,4,23149,0
771,1079721,880.75,286.3333435058594,2,23149,1
771,1079722,621.5,219.875,6,23149,2
771,1079723,888.5750122070312,290.70001220703125,4,23150,0
771,1079724,1225.5,328.0,1,23150,1
771,1079725,666.5,223.5,2,23150,2
771,1079726,624.7999877929688,224.6999969482422,5,23151,0
771,1079727,880.75,286.3333435058594,2,23151,1
771,1079728,630.0,220.5,6,23151,2
771,1079729,888.5750122070312,290.70001220703125,4,23152,0
771,1079730,1225.5,328.0,1,23152,1
771,1079731,635.0,226.5,4,23152,2
771,1079732,630.0,220.5,6,23152,3
771,1079733,888.5750122070312,290.70001220703125,4,23153,0
771,1079734,1225.5,328.0,1,23153,1
771,1079735,635.0,226.5,4,23153,2
771,1079736,630.0,220.5,6,23153,3
771,1079737,1082.5,288.5,1,23154,0
771,1079738,1225.5,328.0,1,23154,1
771,1079739,666.5,223.5,1,23154,2
771,1079740,888.5750122070312,290.70001220703125,4,23155,0
771,1079741,624.7999877929688,224.6999969482422,5,23155,1
771,1079742,630.0,220.5,6,23155,2
771,1079743,888.5750122070312,290.70001220703125,4,23156,0
771,1079744,1225.5,328.0,1,23156,1
771,1079745,641.25,219.0,3,23156,2
771,1079746,633.3333129882812,221.2916717529297,3,23156,3
771,1079747,1225.5,328.0,1,23157,0
771,1079748,630.5,221.75,3,23157,1
771,1079749,874.8333129882812,280.25,3,23157,2
771,1079750,1082.5,288.5,1,23157,3
771,1079751,633.3333129882812,221.2916717529297,4,23157,4
781,1079689,630.0,220.5,6,23141,0
781,1079690,624.7999877929688,224.6999969482422,5,23141,1
781,1079691,895.7916870117188,302.0833435058594,3,23141,2
781,1079692,1225.5,328.0,1,23141,3
781,1079693,637.0,219.625,5,23142,0
781,1079694,646.6666870117188,229.3333282470703,3,23142,1
781,1079695,888.5750122070312,290.70001220703125,4,23142,2
781,1079696,1082.5,288.5,1,23142,3
781,1079697,1225.5,328.0,1,23142,4
781,1079698,624.7999877929688,224.6999969482422,5,23143,0
781,1079699,880.75,286.3333435058594,2,23143,1
781,1079700,1225.5,328.0,1,23143,2
781,1079701,630.0,220.5,6,23143,3
781,1079702,630.0,220.5,6,23144,0
781,1079703,624.7999877929688,224.6999969482422,5,23144,1
781,1079704,880.75,286.3333435058594,2,23144,2
781,1079705,621.5,219.875,6,23145,0
781,1079706,624.3250122070312,224.5500030517578,4,23145,1
781,1079707,895.7916870117188,302.0833435058594,3,23145,2
781,1079708,1225.5,328.0,1,23145,3
781,1079709,630.0,220.5,6,23146,0
781,1079710,624.7999877929688,224.6999969482422,5,23146,1
781,1079711,895.7916870117188,302.0833435058594,3,23146,2
781,1079712,1225.5,328.0,1,23146,3
781,1079713,624.7999877929688,224.6999969482422,5,23147,0
781,1079714,895.7916870117188,302.0833435058594,3,23147,1
781,1079715,1225.5,328.0,1,23147,2
781,1079716,630.0,220.5,6,23147,3
781,1079717,624.3250122070312,224.5500030517578,4,23148,0
781,1079718,946.0,332.0,1,23148,1
781,1079719,621.5,219.875,5,23148,2
781,1079720,624.3250122070312,224.5500030517578,4,23149,0
781,1079721,880.75,286.3333435058594,2,23149,1
781,1079722,621.5,219.875,6,23149,2
781,1079723,888.5750122070312,290.70001220703125,4,23150,0
781,1079724,1225.5,328.0,1,23150,1
781,1079725,666.5,223.5,2,23150,2
781,1079726,624.7999877929688,224.6999969482422,5,23151,0
781,1079727,880.75,286.3333435058594,2,23151,1
781,1079728,630.0,220.5,6,23151,2
781,1079729,888.5750122070312,290.70001220703125,4,23152,0
781,1079730,1225.5,328.0,1,23152,1
781,1079731,635.0,226.5,4,23152,2
781,1079732,630.0,220.5,6,23152,3
781,1079733,888.5750122070312,290.70001220703125,4,23153,0
781,1079734,1225.5,328.0,1,23153,1
781,1079735,635.0,226.5,4,23153,2
781,1079736,630.0,220.5,6,23153,3
781,1079737,1082.5,288.5,1,23154,0
781,1079738,1225.5,328.0,1,23154,1
781,1079739,666.5,223.5,1,23154,2
781,1079740,888.5750122070312,290.70001220703125,4,23155,0
781,1079741,624.7999877929688,224.6999969482422,5,23155,1
781,1079742,630.0,220.5,6,23155,2
781,1079743,888.5750122070312,290.70001220703125,4,23156,0
781,1079744,1225.5,328.0,1,23156,1
781,1079745,641.25,219.0,3,23156,2
781,1079746,633.3333129882812,221.2916717529297,3,23156,3
781,1079747,1225.5,328.0,1,23157,0
781,1079748,630.5,221.75,3,23157,1
781,1079749,874.8333129882812,280.25,3,23157,2
781,1079750,1082.5,288.5,1,23157,3
781,1079751,633.3333129882812,221.2916717529297,4,23157,4
791,1079689,630.0,220.5,6,23141,0
791,1079690,624.7999877929688,224.6999969482422,5,23141,1
791,1079691,895.7916870117188,302.0833435058594,3,23141,2
791,1079692,1225.5,328.0,1,23141,3
791,1079693,637.0,219.625,5,23142,0
791,1079694,646.6666870117188,229.3333282470703,3,23142,1
791,1079695,888.5750122070312,290.70001220703125,4,23142,2
791,1079696,1082.5,288.5,1,23142,3
791,1079697,1225.5,328.0,1,23142,4
791,1079698,624.7999877929688,224.6999969482422,5,23143,0
791,1079699,880.75,286.3333435058594,2,23143,1
791,1079700,1225.5,328.0,1,23143,2
791,1079701,630.0,220.5,6,23143,3
791,1079702,630.0,220.5,6,23144,0
791,1079703,624.7999877929688,224.6999969482422,5,23144,1
791,1079704,880.75,286.3333435058594,2,23144,2
791,1079705,621.5,219.875,6,23145,0
791,1079706,624.3250122070312,224.5500030517578,4,23145,1
791,1079707,895.7916870117188,302.0833435058594,3,23145,2
791,1079708,1225.5,328.0,1,23145,3
791,1079709,630.0,220.5,6,23146,0
791,1079710,624.7999877929688,224.6999969482422,5,23146,1
791,1079711,895.7916870117188,302.0833435058594,3,23146,2
791,1079712,1225.5,328.0,1,23146,3
791,1079713,624.7999877929688,224.6999969482422,5,23147,0
791,1079714,895.7916870117188,302.0833435058594,3,23147,1
791,1079715,1225.5,328.0,1,23147,2
791,1079716,630.0,220.5,6,23147,3
791,1079717,624.3250122070312,224.5500030517578,4,23148,0
791,1079718,946.0,332.0,1,23148,1
791,1079719,621.5,219.875,5,23148,2
791,1079720,624.3250122070312,224.5500030517578,4,23149,0
791,1079721,880.75,286.3333435058594,2,23149,1
791,1079722,621.5,219.875,6,23149,2
791,1079723,888.5750122070312,290.70001220703125,4,23150,0
791,1079724,1225.5,328.0,1,23150,1
791,1079725,666.5,223.5,2,23150,2
791,1079726,624.7999877929688,224.6999969482422,5,23151,0
791,1079727,880.75,286.3333435058594,2,23151,1
791,1079728,630.0,220.5,6,23151,2
791,1079729,888.5750122070312,290.70001220703125,4,23152,0
791,1079730,1225.5,328.0,1,23152,1
791,1079731,635.0,226.5,4,23152,2
791,1079732,630.0,220.5,6,23152,3
791,1079733,888.5750122070312,290.70001220703125,4,23153,0
791,1079734,1225.5,328.0,1,23153,1
791,1079735,635.0,226.5,4,23153,2
791,1079736,630.0,220.5,6,23153,3
791,1079737,1082.5,288.5,1,23154,0
791,1079738,1225.5,328.0,1,23154,1
791,1079739,666.5,223.5,1,23154,2
791,1079740,888.5750122070312,290.70001220703125,4,23155,0
791,1079741,624.7999877929688,224.6999969482422,5,23155,1
791,1079742,630.0,220.5,6,23155,2
791,1079743,888.5750122070312,290.70001220703125,4,23156,0
791,1079744,1225.5,328.0,1,23156,1
791,1079745,641.25,219.0,3,23156,2
791,1079746,633.3333129882812,221.2916717529297,3,23156,3
791,1079747,1225.5,328.0,1,23157,0
791,1079748,630.5,221.75,3,23157,1
791,1079749,874.8333129882812,280.25,3,23157,2
791,1079750,1082.5,288.5,1,23157,3
791,1079751,633.3333129882812,221.2916717529297,4,23157,4
801,1079689,630.0,220.5,6,23141,0
801,1079690,624.7999877929688,224.6999969482422,5,23141,1
801,1079691,895.7916870117188,302.0833435058594,3,23141,2
801,1079692,1225.5,328.0,1,23141,3
801,1079693,637.0,219.625,5,23142,0
801,1079694,646.6666870117188,229.3333282470703,3,23142,1
801,1079695,888.5750122070312,290.70001220703125,4,23142,2
801,1079696,1082.5,288.5,1,23142,3
801,1079697,1225.5,328.0,1,23142,4
801,1079698,624.7999877929688,224.6999969482422,5,23143,0
801,1079699,880.75,286.3333435058594,2,23143,1
801,1079700,1225.5,328.0,1,23143,2
801,1079701,630.0,220.5,6,23143,3
801,1079702,630.0,220.5,6,23144,0
801,1079703,624.7999877929688,224.6999969482422,5,23144,1
801,1079704,880.75,286.3333435058594,2,23144,2
801,1079705,621.5,219.875,6,23145,0
801,1079706,624.3250122070312,224.5500030517578,4,23145,1
801,1079707,895.7916870117188,302.0833435058594,3,23145,2
801,1079708,1225.5,328.0,1,23145,3
801,1079709,630.0,220.5,6,23146,0
801,1079710,624.7999877929688,224.6999969482422,5,23146,1
801,1079711,895.7916870117188,302.0833435058594,3,23146,2
801,1079712,1225.5,328.0,1,23146,3
801,1079713,624.7999877929688,224.6999969482422,5,23147,0
801,1079714,895.7916870117188,302.0833435058594,3,23147,1
801,1079715,1225.5,328.0,1,23147,2
801,1079716,630.0,220.5,6,23147,3
801,1079717,624.3250122070312,224.5500030517578,4,23148,0
801,1079718,946.0,332.0,1,23148,1
801,1079719,621.5,219.875,5,23148,2
801,1079720,624.3250122070312,224.5500030517578,4,23149,0
801,1079721,880.75,286.3333435058594,2,23149,1
801,1079722,621.5,219.875,6,23149,2
801,1079723,888.5750122070312,290.70001220703125,4,23150,0
801,1079724,1225.5,328.0,1,23150,1
801,1079725,666.5,223.5,2,23150,2
801,1079726,624.7999877929688,224.6999969482422,5,23151,0
801,1079727,880.75,286.3333435058594,2,23151,1
801,1079728,630.0,220.5,6,23151,2
801,1079729,888.5750122070312,290.70001220703125,4,23152,0
801,1079730,1225.5,328.0,1,23152,1
801,1079731,635.0,226.5,4,23152,2
801,1079732,630.0,220.5,6,23152,3
801,1079733,888.5750122070312,290.70001220703125,4,23153,0
801,1079734,1225.5,328.0,1,23153,1
801,1079735,635.0,226.5,4,23153,2
801,1079736,630.0,220.5,6,23153,3
801,1079737,1082.5,288.5,1,23154,0
801,1079738,1225.5,328.0,1,23154,1
801,1079739,666.5,223.5,1,23154,2
801,1079740,888.5750122070312,290.70001220703125,4,23155,0
801,1079741,624.7999877929688,224.6999969482422,5,23155,1
801,1079742,630.0,220.5,6,23155,2
801,1079743,888.5750122070312,290.70001220703125,4,23156,0
801,1079744,1225.5,328.0,1,23156,1
801,1079745,641.25,219.0,3,23156,2
801,1079746,633.3333129882812,221.2916717529297,3,23156,3
801,1079747,1225.5,328.0,1,23157,0
801,1079748,630.5,221.75,3,23157,1
801,1079749,874.8333129882812,280.25,3,23157,2
801,1079750,1082.5,288.5,1,23157,3
801,1079751,633.3333129882812,221.2916717529297,4,23157,4
811,1079689,630.0,220.5,6,23141,0
811,1079690,624.7999877929688,224.6999969482422,5,23141,1
811,1079691,895.7916870117188,302.0833435058594,3,23141,2
811,1079692,1225.5,328.0,1,23141,3
811,1079693,637.0,219.625,5,23142,0
811,1079694,646.6666870117188,229.3333282470703,3,23142,1
811,1079695,888.5750122070312,290.70001220703125,4,23142,2
811,1079696,1082.5,288.5,1,23142,3
811,1079697,1225.5,328.0,1,23142,4
811,1079698,624.7999877929688,224.6999969482422,5,23143,0
811,1079699,880.75,286.3333435058594,2,23143,1
811,1079700,1225.5,328.0,1,23143,2
811,1079701,630.0,220.5,6,23143,3
811,1079702,630.0,220.5,6,23144,0
811,1079703,624.7999877929688,224.6999969482422,5,23144,1
811,1079704,880.75,286.3333435058594,2,23144,2
811,1079705,621.5,219.875,6,23145,0
811,1079706,624.3250122070312,224.5500030517578,4,23145,1
811,1079707,895.7916870117188,302.0833435058594,3,23145,2
811,1079708,1225.5,328.0,1,23145,3
811,1079709,630.0,220.5,6,23146,0
811,1079710,624.7999877929688,224.6999969482422,5,23146,1
811,1079711,895.7916870117188,302.0833435058594,3,23146,2
811,1079712,1225.5,328.0,1,23146,3
811,1079713,624.7999877929688,224.6999969482422,5,23147,0
811,1079714,895.7916870117188,302.0833435058594,3,23147,1
811,1079715,1225.5,328.0,1,23147,2
811,1079716,630.0,220.5,6,23147,3
811,1079717,624.3250122070312,224.5500030517578,4,23148,0
811,1079718,946.0,332.0,1,23148,1
811,1079719,621.5,219.875,5,23148,2
811,1079720,624.3250122070312,224.5500030517578,4,23149,0
811,1079721,880.75,286.3333435058594,2,23149,1
811,1079722,621.5,219.875,6,23149,2
811,1079723,888.5750122070312,290.70001220703125,4,23150,0
811,1079724,1225.5,328.0,1,23150,1
811,1079725,666.5,223.5,2,23150,2
811,1079726,624.7999877929688,224.6999969482422,5,23151,0
811,1079727,880.75,286.3333435058594,2,23151,1
811,1079728,630.0,220.5,6,23151,2
811,1079729,888.5750122070312,290.70001220703125,4,23152,0
811,1079730,1225.5,328.0,1,23152,1
811,1079731,635.0,226.5,4,23152,2
811,1079732,630.0,220.5,6,23152,3
811,1079733,888.5750122070312,290.70001220703125,4,23153,0
811,1079734,1225.5,328.0,1,23153,1
811,1079735,635.0,226.5,4,23153,2
811,1079736,630.0,220.5,6,23153,3
811,1079737,1082.5,288.5,1,23154,0
811,1079738,1225.5,328.0,1,23154,1
811,1079739,666.5,223.5,1,23154,2
811,1079740,888.5750122070312,290.70001220703125,4,23155,0
811,1079741,624.7999877929688,224.6999969482422,5,23155,1
811,1079742,630.0,220.5,6,23155,2
811,1079743,888.5750122070312,290.70001220703125,4,23156,0
811,1079744,1225.5,328.0,1,23156,1
811,1079745,641.25,219.0,3,23156,2
811,1079746,633.3333129882812,221.2916717529297,3,23156,3
811,1079747,1225.5,328.0,1,23157,0
811,1079748,630.5,221.75,3,23157,1
811,1079749,874.8333129882812,280.25,3,23157,2
811,1079750,1082.5,288.5,1,23157,3
811,1079751,633.3333129882812,221.2916717529297,4,23157,4
821,1079689,630.0,220.5,6,23141,0
821,1079690,624.7999877929688,224.6999969482422,5,23141,1
821,1079691,895.7916870117188,302.0833435058594,3,23141,2
821,1079692,1225.5,328.0,1,23141,3
821,1079693,637.0,219.625,5,23142,0
821,1079694,646.6666870117188,229.3333282470703,3,23142,1
821,1079695,888.5750122070312,290.70001220703125,4,23142,2
821,1079696,1082.5,288.5,1,23142,3
821,1079697,1225.5,328.0,1,23142,4
821,1079698,624.7999877929688,224.6999969482422,5,23143,0
821,1079699,880.75,286.3333435058594,2,23143,1
821,1079700,1225.5,328.0,1,23143,2
821,1079701,630.0,220.5,6,23143,3
821,1079702,630.0,220.5,6,23144,0
821,1079703,624.7999877929688,224.6999969482422,5,23144,1
821,1079704,880.75,286.3333435058594,2,23144,2
821,1079705,621.5,219.875,6,23145,0
821,1079706,624.3250122070312,224.5500030517578,4,23145,1
821,1079707,895.7916870117188,302.0833435058594,3,23145,2
821,1079708,1225.5,328.0,1,23145,3
821,1079709,630.0,220.5,6,23146,0
821,1079710,624.7999877929688,224.6999969482422,5,23146,1
821,1079711,895.7916870117188,302.0833435058594,3,23146,2
821,1079712,1225.5,328.0,1,23146,3
821,1079713,624.7999877929688,224.6999969482422,5,23147,0
821,1079714,895.7916870117188,302.0833435058594,3,23147,1
821,1079715,1225.5,328.0,1,23147,2
821,1079716,630.0,220.5,6,23147,3
821,1079717,624.3250122070312,224.5500030517578,4,23148,0
821,1079718,946.0,332.0,1,23148,1
821,1079719,621.5,219.875,5,23148,2
821,1079720,624.3250122070312,224.5500030517578,4,23149,0
821,1079721,880.75,286.3333435058594,2,23149,1
821,1079722,621.5,219.875,6,23149,2
821,1079723,888.5750122070312,290.70001220703125,4,23150,0
821,1079724,1225.5,328.0,1,23150,1
821,1079725,666.5,223.5,2,23150,2
821,1079726,624.7999877929688,224.6999969482422,5,23151,0
821,1079727,880.75,286.3333435058594,2,23151,1
821,1079728,630.0,220.5,6,23151,2
821,1079729,888.5750122070312,290.70001220703125,4,23152,0
821,1079730,1225.5,328.0,1,23152,1
821,1079731,635.0,226.5,4,23152,2
821,1079732,630.0,220.5,6,23152,3
821,1079733,888.5750122070312,290.70001220703125,4,23153,0
821,1079734,1225.5,328.0,1,23153,1
821,1079735,635.0,226.5,4,23153,2
821,1079736,630.0,220.5,6,23153,3
821,1079737,1082.5,288.5,1,23154,0
821,1079738,1225.5,328.0,1,23154,1
821,1079739,666.5,223.5,1,23154,2
821,1079740,888.5750122070312,290.70001220703125,4,23155,0
821,1079741,624.7999877929688,224.6999969482422,5,23155,1
821,1079742,630.0,220.5,6,23155,2
821,1079743,888.5750122070312,290.70001220703125,4,23156,0
821,1079744,1225.5,328.0,1,23156,1
821,1079745,641.25,219.0,3,23156,2
821,1079746,633.3333129882812,221.2916717529297,3,23156,3
821,1079747,1225.5,328.0,1,23157,0
821,1079748,630.5,221.75,3,23157,1
821,1079749,874.8333129882812,280.25,3,23157,2
821,1079750,1082.5,288.5,1,23157,3
821,1079751,633.3333129882812,221.2916717529297,4,23157,4
831,1079689,630.6666870117188,220.4166717529297,6,23141,0
831,1079690,630.38330078125,225.5333251953125,6,23141,1
831,1079691,897.7916870117188,299.8333435058594,2,23141,2
831,1079692,1220.0,327.5,1,23141,3
831,1079693,637.7999877929688,219.72500610351562,5,23142,0
831,1079694,653.2916870117188,229.4583282470703,4,23142,1
831,1079695,890.24169921875,288.70001220703125,3,23142,2
831,1079696,1068.5,289.0,1,23142,3
831,1079697,1220.0,327.5,1,23142,4
831,1079698,630.6571044921875,225.3428497314453,7,23143,0
831,1079699,876.75,284.5833435058594,2,23143,1
831,1079700,1220.0,327.5,1,23143,2
831,1079701,633.125,220.5,4,23143,3
831,1079702,633.125,220.5,4,23144,0
831,1079703,630.6571044921875,225.3428497314453,7,23144,1
831,1079704,876.75,284.5833435058594,2,23144,2
831,1079705,619.2000122070312,219.97500610351562,5,23145,0
831,1079706,629.9083251953125,225.38333129882812,6,23145,1
831,1079707,897.7916870117188,299.8333435058594,2,23145,2
831,1079708,1220.0,327.5,1,23145,3
831,1079709,630.6666870117188,220.4166717529297,6,23146,0
831,1079710,630.38330078125,225.5333251953125,6,23146,1
831,1079711,897.7916870117188,299.8333435058594,2,23146,2
831,1079712,1220.0,327.5,1,23146,3
831,1079713,630.38330078125,225.5333251953125,6,23147,0
831,1079714,897.7916870117188,299.8333435058594,2,23147,1
831,1079715,1220.0,327.5,1,23147,2
831,1079716,630.6666870117188,220.4166717529297,6,23147,3
831,1079717,629.2250366210938,225.35000610351562,5,23148,0
831,1079718,942.5,328.0,1,23148,1
831,1079719,623.0,220.375,4,23148,2
831,1079720,629.2250366210938,225.35000610351562,5,23149,0
831,1079721,876.75,284.5833435058594,2,23149,1
831,1079722,624.2000122070312,220.1750030517578,5,23149,2
831,1079723,890.24169921875,288.70001220703125,3,23150,0
831,1079724,1220.0,327.5,1,23150,1
831,1079725,668.8333129882812,223.0,3,23150,2
831,1079726,630.6571044921875,225.3428497314453,7,23151,0
831,1079727,876.75,284.5833435058594,2,23151,1
831,1079728,633.125,220.5,4,23151,2
831,1079729,890.24169921875,288.70001220703125,3,23152,0
831,1079730,1220.0,327.5,1,23152,1
831,1079731,642.0,227.39999389648438,5,23152,2
831,1079732,630.6666870117188,220.4166717529297,6,23152,3
831,1079733,890.24169921875,288.70001220703125,3,23153,0
831,1079734,1220.0,327.5,1,23153,1
831,1079735,642.0,227.39999389648438,5,23153,2
831,1079736,630.6666870117188,220.4166717529297,6,23153,3
831,1079737,1068.5,289.0,1,23154,0
831,1079738,1220.0,327.5,1,23154,1
831,1079739,682.0,222.5,1,23154,2
831,1079740,890.24169921875,288.70001220703125,3,23155,0
831,1079741,630.38330078125,225.5333251953125,6,23155,1
831,1079742,630.6666870117188,220.4166717529297,6,23155,2
831,1079743,890.24169921875,288.70001220703125,3,23156,0
831,1079744,1220.0,327.5,1,23156,1
831,1079745,641.9166870117188,218.8333282470703,3,23156,2
831,1079746,639.3333129882812,221.5416717529297,2,23156,3
831,1079747,1220.0,327.5,1,23157,0
831,1079748,632.5,221.5833282470703,3,23157,1
831,1079749,873.3333129882812,279.0,2,23157,2
831,1079750,1068.5,289.0,1,23157,3
831,1079751,640.0,221.95834350585938,3,23157,4
851,1079752,659.7857055664062,228.92857360839844,7,23158,0
851,1079753,663.75,232.5833282470703,6,23158,1
851,1079754,656.0,225.0,1,23158,2
851,1079755,633.1428833007812,230.35714721679688,7,23159,0
851,1079756,652.9375,228.625,8,23159,1
851,1079757,656.0,225.0,1,23159,2
851,1079758,633.1428833007812,230.35714721679688,7,23160,0
851,1079759,648.9166870117188,226.8333282470703,6,23160,1
851,1079760,656.0,225.0,1,23160,2
851,1079761,652.9375,228.625,8,23161,0
851,1079762,656.0,225.0,1,23161,1
851,1079763,647.0625,230.5,8,23161,2
851,1079764,656.0,225.0,1,23162,0
851,1079765,652.9375,228.625,8,23162,1
851,1079766,647.0625,230.5,8,23162,2
851,1079767,668.0,229.5833282470703,6,23163,0
851,1079768,663.75,232.5833282470703,6,23163,1
851,1079769,656.0,225.0,1,23163,2
851,1079770,633.1428833007812,230.35714721679688,7,23164,0
851,1079771,648.9166870117188,226.8333282470703,6,23164,1
851,1079772,656.0,225.0,1,23164,2
851,1079773,650.4285888671875,227.92857360839844,7,23165,0
851,1079774,647.0625,230.5,8,23165,1
851,1079775,656.0,225.0,1,23165,2
851,1079776,652.9375,228.625,8,23166,0
851,1079777,647.0625,230.5,8,23166,1
851,1079778,656.0,225.0,1,23166,2
851,1079779,648.9166870117188,226.8333282470703,6,23167,0
851,1079780,647.0625,230.5,8,23167,1
851,1079781,656.0,225.0,1,23167,2
851,1079782,652.9375,228.625,8,23168,0
851,1079783,647.0625,230.5,8,23168,1
851,1079784,656.0,225.0,1,23168,2
851,1079785,652.9375,228.625,8,23169,0
851,1079786,647.0625,230.5,8,23169,1
851,1079787,656.0,225.0,1,23169,2
851,1079788,671.5999755859375,235.10000610351562,5,23170,0
851,1079789,652.9375,228.625,8,23170,1
851,1079790,656.0,225.0,1,23170,2
851,1079791,647.0625,230.5,8,23171,0
851,1079792,652.9375,228.625,8,23171,1
851,1079793,656.0,225.0,1,23171,2
851,1079794,647.0625,230.5,8,23172,0
851,1079795,652.9375,228.625,8,23172,1
851,1079796,656.0,225.0,1,23172,2
851,1079797,647.0625,230.5,8,23173,0
851,1079798,652.9375,228.625,8,23173,1
851,1079799,656.0,225.0,1,23173,2
851,1079800,647.0625,230.5,8,23174,0
851,1079801,652.9375,228.625,8,23174,1
851,1079802,656.0,225.0,1,23174,2
861,1079752,659.7857055664062,228.92857360839844,7,23158,0
861,1079753,663.75,232.5833282470703,6,23158,1
861,1079754,656.0,225.0,1,23158,2
861,1079755,633.1428833007812,230.35714721679688,7,23159,0
861,1079756,652.9375,228.625,8,23159,1
861,1079757,656.0,225.0,1,23159,2
861,1079758,633.1428833007812,230.35714721679688,7,23160,0
861,1079759,648.9166870117188,226.8333282470703,6,23160,1
861,1079760,656.0,225.0,1,23160,2
861,1079761,652.9375,228.625,8,23161,0
861,1079762,656.0,225.0,1,23161,1
861,1079763,647.0625,230.5,8,23161,2
861,1079764,656.0,225.0,1,23162,0
861,1079765,652.9375,228.625,8,23162,1
861,1079766,647.0625,230.5,8,23162,2
861,1079767,668.0,229.5833282470703,6,23163,0
861,1079768,663.75,232.5833282470703,6,23163,1
861,1079769,656.0,225.0,1,23163,2
861,1079770,633.1428833007812,230.35714721679688,7,23164,0
861,1079771,648.9166870117188,226.8333282470703,6,23164,1
861,1079772,656.0,225.0,1,23164,2
861,1079773,650.4285888671875,227.92857360839844,7,23165,0
861,1079774,647.0625,230.5,8,23165,1
861,1079775,656.0,225.0,1,23165,2
861,1079776,652.9375,228.625,8,23166,0
861,1079777,647.0625,230.5,8,23166,1
861,1079778,656.0,225.0,1,23166,2
861,1079779,648.9166870117188,226.8333282470703,6,23167,0
861,1079780,647.0625,230.5,8,23167,1
861,1079781,656.0,225.0,1,23167,2
861,1079782,652.9375,228.625,8,23168,0
861,1079783,647.0625,230.5,8,23168,1
861,1079784,656.0,225.0,1,23168,2
861,1079785,652.9375,228.625,8,23169,0
861,1079786,647.0625,230.5,8,23169,1
861,1079787,656.0,225.0,1,23169,2
861,1079788,671.5999755859375,235.10000610351562,5,23170,0
861,1079789,652.9375,228.625,8,23170,1
861,1079790,656.0,225.0,1,23170,2
861,1079791,647.0625,230.5,8,23171,0
861,1079792,652.9375,228.625,8,23171,1
861,1079793,656.0,225.0,1,23171,2
861,1079794,647.0625,230.5,8,23172,0
861,1079795,652.9375,228.625,8,23172,1
861,1079796,656.0,225.0,1,23172,2
861,1079797,647.0625,230.5,8,23173,0
861,1079798,652.9375,228.625,8,23173,1
861,1079799,656.0,225.0,1,23173,2
861,1079800,647.0625,230.5,8,23174,0
861,1079801,652.9375,228.625,8,23174,1
861,1079802,656.0,225.0,1,23174,2
871,1079752,659.7857055664062,228.92857360839844,7,23158,0
871,1079753,663.75,232.5833282470703,6,23158,1
871,1079754,656.0,225.0,1,23158,2
871,1079755,633.1428833007812,230.35714721679688,7,23159,0
871,1079756,652.9375,228.625,8,23159,1
871,1079757,656.0,225.0,1,23159,2
871,1079758,633.1428833007812,230.35714721679688,7,23160,0
871,1079759,648.9166870117188,226.8333282470703,6,23160,1
871,1079760,656.0,225.0,1,23160,2
871,1079761,652.9375,228.625,8,23161,0
871,1079762,656.0,225.0,1,23161,1
871,1079763,647.0625,230.5,8,23161,2
871,1079764,656.0,225.0,1,23162,0
871,1079765,652.9375,228.625,8,23162,1
871,1079766,647.0625,230.5,8,23162,2
871,1079767,668.0,229.5833282470703,6,23163,0
871,1079768,663.75,232.5833282470703,6,23163,1
871,1079769,656.0,225.0,1,23163,2
871,1079770,633.1428833007812,230.35714721679688,7,23164,0
871,1079771,648.9166870117188,226.8333282470703,6,23164,1
871,1079772,656.0,225.0,1,23164,2
871,1079773,650.4285888671875,227.92857360839844,7,23165,0
871,1079774,647.0625,230.5,8,23165,1
871,1079775,656.0,225.0,1,23165,2
871,1079776,652.9375,228.625,8,23166,0
871,1079777,647.0625,230.5,8,23166,1
871,1079778,656.0,225.0,1,23166,2
871,1079779,648.9166870117188,226.8333282470703,6,23167,0
871,1079780,647.0625,230.5,8,23167,1
871,1079781,656.0,225.0,1,23167,2
871,1079782,652.9375,228.625,8,23168,0
871,1079783,647.0625,230.5,8,23168,1
871,1079784,656.0,225.0,1,23168,2
871,1079785,652.9375,228.625,8,23169,0
871,1079786,647.0625,230.5,8,23169,1
871,1079787,656.0,225.0,1,23169,2
871,1079788,671.5999755859375,235.10000610351562,5,23170,0
871,1079789,652.9375,228.625,8,23170,1
871,1079790,656.0,225.0,1,23170,2
871,1079791,647.0625,230.5,8,23171,0
871,1079792,652.9375,228.625,8,23171,1
871,1079793,656.0,225.0,1,23171,2
871,1079794,647.0625,230.5,8,23172,0
871,1079795,652.9375,228.625,8,23172,1
871,1079796,656.0,225.0,1,23172,2
871,1079797,647.0625,230.5,8,23173,0
871,1079798,652.9375,228.625,8,23173,1
871,1079799,656.0,225.0,1,23173,2
871,1079800,647.0625,230.5,8,23174,0
871,1079801,652.9375,228.625,8,23174,1
871,1079802,656.0,225.0,1,23174,2
881,1079752,659.7857055664062,228.92857360839844,7,23158,0
881,1079753,663.75,232.5833282470703,6,23158,1
881,1079754,656.0,225.0,1,23158,2
881,1079755,633.1428833007812,230.35714721679688,7,23159,0
881,1079756,652.9375,228.625,8,23159,1
881,1079757,656.0,225.0,1,23159,2
881,1079758,633.1428833007812,230.35714721679688,7,23160,0
881,1079759,648.9166870117188,226.8333282470703,6,23160,1
881,1079760,656.0,225.0,1,23160,2
881,1079761,652.9375,228.625,8,23161,0
881,1079762,656.0,225.0,1,23161,1
881,1079763,647.0625,230.5,8,23161,2
881,1079764,656.0,225.0,1,23162,0
881,1079765,652.9375,228.625,8,23162,1
881,1079766,647.0625,230.5,8,23162,2
881,1079767,668.0,229.5833282470703,6,23163,0
881,1079768,663.75,232.5833282470703,6,23163,1
881,1079769,656.0,225.0,1,23163,2
881,1079770,633.1428833007812,230.35714721679688,7,23164,0
881,1079771,648.9166870117188,226.8333282470703,6,23164,1
881,1079772,656.0,225.0,1,23164,2
881,1079773,650.4285888671875,227.92857360839844,7,23165,0
881,1079774,647.0625,230.5,8,23165,1
881,1079775,656.0,225.0,1,23165,2
881,1079776,652.9375,228.625,8,23166,0
881,1079777,647.0625,230.5,8,23166,1
881,1079778,656.0,225.0,1,23166,2
881,1079779,648.9166870117188,226.8333282470703,6,23167,0
881,1079780,647.0625,230.5,8,23167,1
881,1079781,656.0,225.0,1,23167,2
881,1079782,652.9375,228.625,8,23168,0
881,1079783,647.0625,230.5,8,23168,1
881,1079784,656.0,225.0,1,23168,2
881,1079785,652.9375,228.625,8,23169,0
881,1079786,647.0625,230.5,8,23169,1
881,1079787,656.0,225.0,1,23169,2
881,1079788,671.5999755859375,235.10000610351562,5,23170,0
881,1079789,652.9375,228.625,8,23170,1
881,1079790,656.0,225.0,1,23170,2
881,1079791,647.0625,230.5,8,23171,0
881,1079792,652.9375,228.625,8,23171,1
881,1079793,656.0,225.0,1,23171,2
881,1079794,647.0625,230.5,8,23172,0
881,1079795,652.9375,228.625,8,23172,1
881,1079796,656.0,225.0,1,23172,2
881,1079797,647.0625,230.5,8,23173,0
881,1079798,652.9375,228.625,8,23173,1
881,1079799,656.0,225.0,1,23173,2
881,1079800,647.0625,230.5,8,23174,0
881,1079801,652.9375,228.625,8,23174,1
881,1079802,656.0,225.0,1,23174,2
891,1079752,659.7857055664062,228.92857360839844,7,23158,0
891,1079753,663.75,232.5833282470703,6,23158,1
891,1079754,656.0,225.0,1,23158,2
891,1079755,633.1428833007812,230.35714721679688,7,23159,0
891,1079756,652.9375,228.625,8,23159,1
891,1079757,656.0,225.0,1,23159,2
891,1079758,633.1428833007812,230.35714721679688,7,23160,0
891,1079759,648.9166870117188,226.8333282470703,6,23160,1
891,1079760,656.0,225.0,1,23160,2
891,1079761,652.9375,228.625,8,23161,0
891,1079762,656.0,225.0,1,23161,1
891,1079763,647.0625,230.5,8,23161,2
891,1079764,656.0,225.0,1,23162,0
891,1079765,652.9375,228.625,8,23162,1
891,1079766,647.0625,230.5,8,23162,2
891,1079767,668.0,229.5833282470703,6,23163,0
891,1079768,663.75,232.5833282470703,6,23163,1
891,1079769,656.0,225.0,1,23163,2
891,1079770,633.1428833007812,230.35714721679688,7,23164,0
891,1079771,648.9166870117188,226.8333282470703,6,23164,1
891,1079772,656.0,225.0,1,23164,2
891,1079773,650.4285888671875,227.92857360839844,7,23165,0
891,1079774,647.0625,230.5,8,23165,1
891,1079775,656.0,225.0,1,23165,2
891,1079776,652.9375,228.625,8,23166,0
891,1079777,647.0625,230.5,8,23166,1
891,1079778,656.0,225.0,1,23166,2
891,1079779,648.9166870117188,226.8333282470703,6,23167,0
891,1079780,647.0625,230.5,8,23167,1
891,1079781,656.0,225.0,1,23167,2
891,1079782,652.9375,228.625,8,23168,0
891,1079783,647.0625,230.5,8,23168,1
891,1079784,656.0,225.0,1,23168,2
891,1079785,652.9375,228.625,8,23169,0
891,1079786,647.0625,230.5,8,23169,1
891,1079787,656.0,225.0,1,23169,2
891,1079788,671.5999755859375,235.10000610351562,5,23170,0
891,1079789,652.9375,228.625,8,23170,1
891,1079790,656.0,225.0,1,23170,2
891,1079791,647.0625,230.5,8,23171,0
891,1079792,652.9375,228.625,8,23171,1
891,1079793,656.0,225.0,1,23171,2
891,1079794,647.0625,230.5,8,23172,0
891,1079795,652.9375,228.625,8,23172,1
891,1079796,656.0,225.0,1,23172,2
891,1079797,647.0625,230.5,8,23173,0
891,1079798,652.9375,228.625,8,23173,1
891,1079799,656.0,225.0,1,23173,2
891,1079800,647.0625,230.5,8,23174,0
891,1079801,652.9375,228.625,8,23174,1
891,1079802,656.0,225.0,1,23174,2
901,1079752,659.7857055664062,228.92857360839844,7,23158,0
901,1079753,663.75,232.5833282470703,6,23158,1
901,1079754,656.0,225.0,1,23158,2
901,1079755,633.1428833007812,230.35714721679688,7,23159,0
901,1079756,652.9375,228.625,8,23159,1
901,1079757,656.0,225.0,1,23159,2
901,1079758,633.1428833007812,230.35714721679688,7,23160,0
901,1079759,648.9166870117188,226.8333282470703,6,23160,1
901,1079760,656.0,225.0,1,23160,2
901,1079761,652.9375,228.625,8,23161,0
901,1079762,656.0,225.0,1,23161,1
901,1079763,647.0625,230.5,8,23161,2
901,1079764,656.0,225.0,1,23162,0
901,1079765,652.9375,228.625,8,23162,1
901,1079766,647.0625,230.5,8,23162,2
901,1079767,668.0,229.5833282470703,6,23163,0
901,1079768,663.75,232.5833282470703,6,23163,1
901,1079769,656.0,225.0,1,23163,2
901,1079770,633.1428833007812,230.35714721679688,7,23164,0
901,1079771,648.9166870117188,226.8333282470703,6,23164,1
901,1079772,656.0,225.0,1,23164,2
901,1079773,650.4285888671875,227.92857360839844,7,23165,0
901,1079774,647.0625,230.5,8,23165,1
901,1079775,656.0,225.0,1,23165,2
901,1079776,652.9375,228.625,8,23166,0
901,1079777,647.0625,230.5,8,23166,1
901,1079778,656.0,225.0,1,23166,2
901,1079779,648.9166870117188,226.8333282470703,6,23167,0
901,1079780,647.0625,230.5,8,23167,1
901,1079781,656.0,225.0,1,23167,2
901,1079782,652.9375,228.625,8,23168,0
901,1079783,647.0625,230.5,8,23168,1
901,1079784,656.0,225.0,1,23168,2
901,1079785,652.9375,228.625,8,23169,0
901,1079786,647.0625,230.5,8,23169,1
901,1079787,656.0,225.0,1,23169,2
901,1079788,671.5999755859375,235.10000610351562,5,23170,0
901,1079789,652.9375,228.625,8,23170,1
901,1079790,656.0,225.0,1,23170,2
901,1079791,647.0625,230.5,8,23171,0
901,1079792,652.9375,228.625,8,23171,1
901,1079793,656.0,225.0,1,23171,2
901,1079794,647.0625,230.5,8,23172,0
901,1079795,652.9375,228.625,8,23172,1
901,1079796,656.0,225.0,1,23172,2
901,1079797,647.0625,230.5,8,23173,0
901,1079798,652.9375,228.625,8,23173,1
901,1079799,656.0,225.0,1,23173,2
901,1079800,647.0625,230.5,8,23174,0
901,1079801,652.9375,228.625,8,23174,1
901,1079802,656.0,225.0,1,23174,2
911,1079752,659.7857055664062,228.92857360839844,7,23158,0
911,1079753,663.75,232.5833282470703,6,23158,1
911,1079754,656.0,225.0,1,23158,2
911,1079755,633.1428833007812,230.35714721679688,7,23159,0
911,1079756,652.9375,228.625,8,23159,1
911,1079757,656.0,225.0,1,23159,2
911,1079758,633.1428833007812,230.35714721679688,7,23160,0
911,1079759,648.9166870117188,226.8333282470703,6,23160,1
911,1079760,656.0,225.0,1,23160,2
911,1079761,652.9375,228.625,8,23161,0
911,1079762,656.0,225.0,1,23161,1
911,1079763,647.0625,230.5,8,23161,2
911,1079764,656.0,225.0,1,23162,0
911,1079765,652.9375,228.625,8,23162,1
911,1079766,647.0625,230.5,8,23162,2
911,1079767,668.0,229.5833282470703,6,23163,0
911,1079768,663.75,232.5833282470703,6,23163,1
911,1079769,656.0,225.0,1,23163,2
911,1079770,633.1428833007812,230.35714721679688,7,23164,0
911,1079771,648.9166870117188,226.8333282470703,6,23164,1
911,1079772,656.0,225.0,1,23164,2
911,1079773,650.4285888671875,227.92857360839844,7,23165,0
911,1079774,647.0625,230.5,8,23165,1
911,1079775,656.0,225.0,1,23165,2
911,1079776,652.9375,228.625,8,23166,0
911,1079777,647.0625,230.5,8,23166,1
911,1079778,656.0,225.0,1,23166,2
911,1079779,648.9166870117188,226.8333282470703,6,23167,0
911,1079780,647.0625,230.5,8,23167,1
911,1079781,656.0,225.0,1,23167,2
911,1079782,652.9375,228.625,8,23168,0
911,1079783,647.0625,230.5,8,23168,1
911,1079784,656.0,225.0,1,23168,2
911,1079785,652.9375,228.625,8,23169,0
911,1079786,647.0625,230.5,8,23169,1
911,1079787,656.0,225.0,1,23169,2
911,1079788,671.5999755859375,235.10000610351562,5,23170,0
911,1079789,652.9375,228.625,8,23170,1
911,1079790,656.0,225.0,1,23170,2
911,1079791,647.0625,230.5,8,23171,0
911,1079792,652.9375,228.625,8,23171,1
911,1079793,656.0,225.0,1,23171,2
911,1079794,647.0625,230.5,8,23172,0
911,1079795,652.9375,228.625,8,23172,1
911,1079796,656.0,225.0,1,23172,2
911,1079797,647.0625,230.5,8,23173,0
911,1079798,652.9375,228.625,8,23173,1
911,1079799,656.0,225.0,1,23173,2
911,1079800,647.0625,230.5,8,23174,0
911,1079801,652.9375,228.625,8,23174,1
911,1079802,656.0,225.0,1,23174,2
921,1079752,659.7857055664062,228.92857360839844,7,23158,0
921,1079753,663.75,232.5833282470703,6,23158,1
921,1079754,656.0,225.0,1,23158,2
921,1079755,633.1428833007812,230.35714721679688,7,23159,0
921,1079756,652.9375,228.625,8,23159,1
921,1079757,656.0,225.0,1,23159,2
921,1079758,633.1428833007812,230.35714721679688,7,23160,0
921,1079759,648.9166870117188,226.8333282470703,6,23160,1
921,1079760,656.0,225.0,1,23160,2
921,1079761,652.9375,228.625,8,23161,0
921,1079762,656.0,225.0,1,23161,1
921,1079763,647.0625,230.5,8,23161,2
921,1079764,656.0,225.0,1,23162,0
921,1079765,652.9375,228.625,8,23162,1
921,1079766,647.0625,230.5,8,23162,2
921,1079767,668.0,229.5833282470703,6,23163,0
921,1079768,663.75,232.5833282470703,6,23163,1
921,1079769,656.0,225.0,1,23163,2
921,1079770,633.1428833007812,230.35714721679688,7,23164,0
921,1079771,648.9166870117188,226.8333282470703,6,23164,1
921,1079772,656.0,225.0,1,23164,2
921,1079773,650.4285888671875,227.92857360839844,7,23165,0
921,1079774,647.0625,230.5,8,23165,1
921,1079775,656.0,225.0,1,23165,2
921,1079776,652.9375,228.625,8,23166,0
921,1079777,647.0625,230.5,8,23166,1
921,1079778,656.0,225.0,1,23166,2
921,1079779,648.9166870117188,226.8333282470703,6,23167,0
921,1079780,647.0625,230.5,8,23167,1
921,1079781,656.0,225.0,1,23167,2
921,1079782,652.9375,228.625,8,23168,0
921,1079783,647.0625,230.5,8,23168,1
921,1079784,656.0,225.0,1,23168,2
921,1079785,652.9375,228.625,8,23169,0
921,1079786,647.0625,230.5,8,23169,1
921,1079787,656.0,225.0,1,23169,2
921,1079788,671.5999755859375,235.10000610351562,5,23170,0
921,1079789,652.9375,228.625,8,23170,1
921,1079790,656.0,225.0,1,23170,2
921,1079791,647.0625,230.5,8,23171,0
921,1079792,652.9375,228.625,8,23171,1
921,1079793,656.0,225.0,1,23171,2
921,1079794,647.0625,230.5,8,23172,0
921,1079795,652.9375,228.625,8,23172,1
921,1079796,656.0,225.0,1,23172,2
921,1079797,647.0625,230.5,8,23173,0
921,1079798,652.9375,228.625,8,23173,1
921,1079799,656.0,225.0,1,23173,2
921,1079800,647.0625,230.5,8,23174,0
921,1079801,652.9375,228.625,8,23174,1
921,1079802,656.0,225.0,1,23174,2
931,1079752,659.7857055664062,228.92857360839844,7,23158,0
931,1079753,663.75,232.5833282470703,6,23158,1
931,1079754,656.0,225.0,1,23158,2
931,1079755,633.1428833007812,230.35714721679688,7,23159,0
931,1079756,652.9375,228.625,8,23159,1
931,1079757,656.0,225.0,1,23159,2
931,1079758,633.1428833007812,230.35714721679688,7,23160,0
931,1079759,648.9166870117188,226.8333282470703,6,23160,1
931,1079760,656.0,225.0,1,23160,2
931,1079761,652.9375,228.625,8,23161,0
931,1079762,656.0,225.0,1,23161,1
931,1079763,647.0625,230.5,8,23161,2
931,1079764,656.0,225.0,1,23162,0
931,1079765,652.9375,228.625,8,23162,1
931,1079766,647.0625,230.5,8,23162,2
931,1079767,668.0,229.5833282470703,6,23163,0
931,1079768,663.75,232.5833282470703,6,23163,1
931,1079769,656.0,225.0,1,23163,2
931,1079770,633.1428833007812,230.35714721679688,7,23164,0
931,1079771,648.9166870117188,226.8333282470703,6,23164,1
931,1079772,656.0,225.0,1,23164,2
931,1079773,650.4285888671875,227.92857360839844,7,23165,0
931,1079774,647.0625,230.5,8,23165,1
931,1079775,656.0,225.0,1,23165,2
931,1079776,652.9375,228.625,8,23166,0
931,1079777,647.0625,230.5,8,23166,1
931,1079778,656.0,225.0,1,23166,2
931,1079779,648.9166870117188,226.8333282470703,6,23167,0
931,1079780,647.0625,230.5,8,23167,1
931,1079781,656.0,225.0,1,23167,2
931,1079782,652.9375,228.625,8,23168,0
931,1079783,647.0625,230.5,8,23168,1
931,1079784,656.0,225.0,1,23168,2
931,1079785,652.9375,228.625,8,23169,0
931,1079786,647.0625,230.5,8,23169,1
931,1079787,656.0,225.0,1,23169,2
931,1079788,671.5999755859375,235.10000610351562,5,23170,0
931,1079789,652.9375,228.625,8,23170,1
931,1079790,656.0,225.0,1,23170,2
931,1079791,647.0625,230.5,8,23171,0
931,1079792,652.9375,228.625,8,23171,1
931,1079793,656.0,225.0,1,23171,2
931,1079794,647.0625,230.5,8,23172,0
931,1079795,652.9375,228.625,8,23172,1
931,1079796,656.0,225.0,1,23172,2
931,1079797,647.0625,230.5,8,23173,0
931,1079798,652.9375,228.625,8,23173,1
931,1079799,656.0,225.0,1,23173,2
931,1079800,647.0625,230.5,8,23174,0
931,1079801,652.9375,228.625,8,23174,1
931,1079802,656.0,225.0,1,23174,2
941,1079752,658.4857177734375,229.42857360839844,5,23158,0
941,1079753,658.125,232.4583282470703,4,23158,1
941,1079754,673.5,225.5,2,23158,2
941,1079755,633.4761962890625,230.35714721679688,6,23159,0
941,1079756,652.1041870117188,229.0416717529297,6,23159,1
941,1079757,680.0,225.5,1,23159,2
941,1079758,631.8928833007812,230.27381896972656,6,23160,0
941,1079759,649.5416870117188,226.9583282470703,4,23160,1
941,1079760,680.0,225.5,1,23160,2
941,1079761,652.1041870117188,229.0416717529297,6,23161,0
941,1079762,680.0,225.5,1,23161,1
941,1079763,646.4196166992188,230.5,7,23161,2
941,1079764,680.0,225.5,1,23162,0
941,1079765,652.1041870117188,229.0416717529297,6,23162,1
941,1079766,646.4196166992188,230.5,7,23162,2
941,1079767,665.75,230.3333282470703,4,23163,0
941,1079768,658.125,232.4583282470703,4,23163,1
941,1079769,673.5,225.5,2,23163,2
941,1079770,631.8928833007812,230.27381896972656,6,23164,0
941,1079771,649.5416870117188,226.9583282470703,4,23164,1
941,1079772,680.0,225.5,1,23164,2
941,1079773,649.7285766601562,228.12857055664062,5,23165,0
941,1079774,646.4196166992188,230.5,7,23165,1
941,1079775,680.0,225.5,1,23165,2
941,1079776,652.1041870117188,229.0416717529297,6,23166,0
941,1079777,646.4196166992188,230.5,7,23166,1
941,1079778,680.0,225.5,1,23166,2
941,1079779,649.5416870117188,226.9583282470703,4,23167,0
941,1079780,645.0625,230.42857360839844,7,23167,1
941,1079781,680.0,225.5,1,23167,2
941,1079782,652.1041870117188,229.0416717529297,6,23168,0
941,1079783,646.4196166992188,230.5,7,23168,1
941,1079784,680.0,225.5,1,23168,2
941,1079785,652.1041870117188,229.0416717529297,6,23169,0
941,1079786,646.4196166992188,230.5,7,23169,1
941,1079787,680.0,225.5,1,23169,2
941,1079788,665.8499755859375,235.22500610351562,4,23170,0
941,1079789,652.1041870117188,229.0416717529297,6,23170,1
941,1079790,673.5,225.5,2,23170,2
941,1079791,646.4196166992188,230.5,7,23171,0
941,1079792,652.1041870117188,229.0416717529297,6,23171,1
941,1079793,680.0,225.5,1,23171,2
941,1079794,646.4196166992188,230.5,7,23172,0
941,1079795,652.1041870117188,229.0416717529297,6,23172,1
941,1079796,680.0,225.5,1,23172,2
941,1079797,646.4196166992188,230.5,7,23173,0
941,1079798,652.1041870117188,229.0416717529297,6,23173,1
941,1079799,680.0,225.5,1,23173,2
941,1079800,646.4196166992188,230.5,7,23174,0
941,1079801,652.1041870117188,229.0416717529297,6,23174,1
941,1079802,680.0,225.5,1,23174,2
951,1079752,658.4857177734375,229.42857360839844,5,23158,0
951,1079753,658.125,232.4583282470703,5,23158,1
951,1079754,673.5,225.5,4,23158,2
951,1079755,633.4761962890625,230.35714721679688,8,23159,0
951,1079756,652.1041870117188,229.0416717529297,7,23159,1
951,1079757,680.0,225.5,1,23159,2
951,1079758,631.8928833007812,230.27381896972656,6,23160,0
951,1079759,649.5416870117188,226.9583282470703,7,23160,1
951,1079760,680.0,225.5,1,23160,2
951,1079761,652.1041870117188,229.0416717529297,6,23161,0
951,1079762,680.0,225.5,3,23161,1
951,1079763,646.4196166992188,230.5,8,23161,2
951,1079764,680.0,225.5,3,23162,0
951,1079765,652.1041870117188,229.0416717529297,6,23162,1
951,1079766,646.4196166992188,230.5,8,23162,2
951,1079767,665.75,230.3333282470703,4,23163,0
951,1079768,658.125,232.4583282470703,5,23163,1
951,1079769,673.5,225.5,4,23163,2
951,1079770,631.8928833007812,230.27381896972656,6,23164,0
951,1079771,649.5416870117188,226.9583282470703,7,23164,1
951,1079772,680.0,225.5,1,23164,2
951,1079773,649.7285766601562,228.12857055664062,5,23165,0
951,1079774,646.4196166992188,230.5,8,23165,1
951,1079775,680.0,225.5,3,23165,2
951,1079776,652.1041870117188,229.0416717529297,6,23166,0
951,1079777,646.4196166992188,230.5,8,23166,1
951,1079778,680.0,225.5,3,23166,2
951,1079779,649.5416870117188,226.9583282470703,7,23167,0
951,1079780,645.0625,230.42857360839844,7,23167,1
951,1079781,680.0,225.5,1,23167,2
951,1079782,652.1041870117188,229.0416717529297,6,23168,0
951,1079783,646.4196166992188,230.5,8,23168,1
951,1079784,680.0,225.5,3,23168,2
951,1079785,652.1041870117188,229.0416717529297,6,23169,0
951,1079786,646.4196166992188,230.5,8,23169,1
951,1079787,680.0,225.5,3,23169,2
951,1079788,665.8499755859375,235.22500610351562,4,23170,0
951,1079789,652.1041870117188,229.0416717529297,7,23170,1
951,1079790,673.5,225.5,3,23170,2
951,1079791,646.4196166992188,230.5,8,23171,0
951,1079792,652.1041870117188,229.0416717529297,6,23171,1
951,1079793,680.0,225.5,3,23171,2
951,1079794,646.4196166992188,230.5,8,23172,0
951,1079795,652.1041870117188,229.0416717529297,6,23172,1
951,1079796,680.0,225.5,3,23172,2
951,1079797,646.4196166992188,230.5,8,23173,0
951,1079798,652.1041870117188,229.0416717529297,6,23173,1
951,1079799,680.0,225.5,3,23173,2
951,1079800,646.4196166992188,230.5,8,23174,0
951,1079801,652.1041870117188,229.0416717529297,6,23174,1
951,1079802,680.0,225.5,3,23174,2
961,1079752,658.4857177734375,229.42857360839844,5,23158,0
961,1079753,658.125,232.4583282470703,5,23158,1
961,1079754,673.5,225.5,4,23158,2
961,1079755,633.4761962890625,230.35714721679688,8,23159,0
961,1079756,652.1041870117188,229.0416717529297,7,23159,1
961,1079757,680.0,225.5,1,23159,2
961,1079758,631.8928833007812,230.27381896972656,6,23160,0
961,1079759,649.5416870117188,226.9583282470703,7,23160,1
961,1079760,680.0,225.5,1,23160,2
961,1079761,652.1041870117188,229.0416717529297,6,23161,0
961,1079762,680.0,225.5,3,23161,1
961,1079763,646.4196166992188,230.5,8,23161,2
961,1079764,680.0,225.5,3,23162,0
961,1079765,652.1041870117188,229.0416717529297,6,23162,1
961,1079766,646.4196166992188,230.5,8,23162,2
961,1079767,665.75,230.3333282470703,4,23163,0
961,1079768,658.125,232.4583282470703,5,23163,1
961,1079769,673.5,225.5,4,23163,2
961,1079770,631.8928833007812,230.27381896972656,6,23164,0
961,1079771,649.5416870117188,226.9583282470703,7,23164,1
961,1079772,680.0,225.5,1,23164,2
961,1079773,649.7285766601562,228.12857055664062,5,23165,0
961,1079774,646.4196166992188,230.5,8,23165,1
961,1079775,680.0,225.5,3,23165,2
961,1079776,652.1041870117188,229.0416717529297,6,23166,0
961,1079777,646.4196166992188,230.5,8,23166,1
961,1079778,680.0,225.5,3,23166,2
961,1079779,649.5416870117188,226.9583282470703,7,23167,0
961,1079780,645.0625,230.42857360839844,7,23167,1
961,1079781,680.0,225.5,1,23167,2
961,1079782,652.1041870117188,229.0416717529297,6,23168,0
961,1079783,646.4196166992188,230.5,8,23168,1
961,1079784,680.0,225.5,3,23168,2
961,1079785,652.1041870117188,229.0416717529297,6,23169,0
961,1079786,646.4196166992188,230.5,8,23169,1
961,1079787,680.0,225.5,3,23169,2
961,1079788,665.8499755859375,235.22500610351562,4,23170,0
961,1079789,652.1041870117188,229.0416717529297,7,23170,1
961,1079790,673.5,225.5,3,23170,2
961,1079791,646.4196166992188,230.5,8,23171,0
961,1079792,652.1041870117188,229.0416717529297,6,23171,1
961,1079793,680.0,225.5,3,23171,2
961,1079794,646.4196166992188,230.5,8,23172,0
961,1079795,652.1041870117188,229.0416717529297,6,23172,1
961,1079796,680.0,225.5,3,23172,2
961,1079797,646.4196166992188,230.5,8,23173,0
961,1079798,652.1041870117188,229.0416717529297,6,23173,1
961,1079799,680.0,225.5,3,23173,2
961,1079800,646.4196166992188,230.5,8,23174,0
961,1079801,652.1041870117188,229.0416717529297,6,23174,1
961,1079802,680.0,225.5,3,23174,2
971,1079752,658.4857177734375,229.42857360839844,5,23158,0
971,1079753,658.125,232.4583282470703,5,23158,1
971,1079754,673.5,225.5,4,23158,2
971,1079755,633.4761962890625,230.35714721679688,8,23159,0
971,1079756,652.1041870117188,229.0416717529297,7,23159,1
971,1079757,680.0,225.5,1,23159,2
971,1079758,631.8928833007812,230.27381896972656,6,23160,0
971,1079759,649.5416870117188,226.9583282470703,7,23160,1
971,1079760,680.0,225.5,1,23160,2
971,1079761,652.1041870117188,229.0416717529297,6,23161,0
971,1079762,680.0,225.5,3,23161,1
971,1079763,646.4196166992188,230.5,8,23161,2
971,1079764,680.0,225.5,3,23162,0
971,1079765,652.1041870117188,229.0416717529297,6,23162,1
971,1079766,646.4196166992188,230.5,8,23162,2
971,1079767,665.75,230.3333282470703,4,23163,0
971,1079768,658.125,232.4583282470703,5,23163,1
971,1079769,673.5,225.5,4,23163,2
971,1079770,631.8928833007812,230.27381896972656,6,23164,0
971,1079771,649.5416870117188,226.9583282470703,7,23164,1
971,1079772,680.0,225.5,1,23164,2
971,1079773,649.7285766601562,228.12857055664062,5,23165,0
971,1079774,646.4196166992188,230.5,8,23165,1
971,1079775,680.0,225.5,3,23165,2
971,1079776,652.1041870117188,229.0416717529297,6,23166,0
971,1079777,646.4196166992188,230.5,8,23166,1
971,1079778,680.0,225.5,3,23166,2
971,1079779,649.5416870117188,226.9583282470703,7,23167,0
971,1079780,645.0625,230.42857360839844,7,23167,1
971,1079781,680.0,225.5,1,23167,2
971,1079782,652.1041870117188,229.0416717529297,6,23168,0
971,1079783,646.4196166992188,230.5,8,23168,1
971,1079784,680.0,225.5,3,23168,2
971,1079785,652.1041870117188,229.0416717529297,6,23169,0
971,1079786,646.4196166992188,230.5,8,23169,1
971,1079787,680.0,225.5,3,23169,2
971,1079788,665.8499755859375,235.22500610351562,4,23170,0
971,1079789,652.1041870117188,229.0416717529297,7,23170,1
971,1079790,673.5,225.5,3,23170,2
971,1079791,646.4196166992188,230.5,8,23171,0
971,1079792,652.1041870117188,229.0416717529297,6,23171,1
971,1079793,680.0,225.5,3,23171,2
971,1079794,646.4196166992188,230.5,8,23172,0
971,1079795,652.1041870117188,229.0416717529297,6,23172,1
971,1079796,680.0,225.5,3,23172,2
971,1079797,646.4196166992188,230.5,8,23173,0
971,1079798,652.1041870117188,229.0416717529297,6,23173,1
971,1079799,680.0,225.5,3,23173,2
971,1079800,646.4196166992188,230.5,8,23174,0
971,1079801,652.1041870117188,229.0416717529297,6,23174,1
971,1079802,680.0,225.5,3,23174,2
981,1079752,658.4857177734375,229.42857360839844,5,23158,0
981,1079753,658.125,232.4583282470703,5,23158,1
981,1079754,673.5,225.5,4,23158,2
981,1079755,633.4761962890625,230.35714721679688,8,23159,0
981,1079756,652.1041870117188,229.0416717529297,7,23159,1
981,1079757,680.0,225.5,1,23159,2
981,1079758,631.8928833007812,230.27381896972656,6,23160,0
981,1079759,649.5416870117188,226.9583282470703,7,23160,1
981,1079760,680.0,225.5,1,23160,2
981,1079761,652.1041870117188,229.0416717529297,6,23161,0
981,1079762,680.0,225.5,3,23161,1
981,1079763,646.4196166992188,230.5,8,23161,2
981,1079764,680.0,225.5,3,23162,0
981,1079765,652.1041870117188,229.0416717529297,6,23162,1
981,1079766,646.4196166992188,230.5,8,23162,2
981,1079767,665.75,230.3333282470703,4,23163,0
981,1079768,658.125,232.4583282470703,5,23163,1
981,1079769,673.5,225.5,4,23163,2
981,1079770,631.8928833007812,230.27381896972656,6,23164,0
981,1079771,649.5416870117188,226.9583282470703,7,23164,1
981,1079772,680.0,225.5,1,23164,2
981,1079773,649.7285766601562,228.12857055664062,5,23165,0
981,1079774,646.4196166992188,230.5,8,23165,1
981,1079775,680.0,225.5,3,23165,2
981,1079776,652.1041870117188,229.0416717529297,6,23166,0
981,1079777,646.4196166992188,230.5,8,23166,1
981,1079778,680.0,225.5,3,23166,2
981,1079779,649.5416870117188,226.9583282470703,7,23167,0
981,1079780,645.0625,230.42857360839844,7,23167,1
981,1079781,680.0,225.5,1,23167,2
981,1079782,652.1041870117188,229.0416717529297,6,23168,0
981,1079783,646.4196166992188,230.5,8,23168,1
981,1079784,680.0,225.5,3,23168,2
981,1079785,652.1041870117188,229.0416717529297,6,23169,0
981,1079786,646.4196166992188,230.5,8,23169,1
981,1079787,680.0,225.5,3,23169,2
981,1079788,665.8499755859375,235.22500610351562,4,23170,0
981,1079789,652.1041870117188,229.0416717529297,7,23170,1
981,1079790,673.5,225.5,3,23170,2
981,1079791,646.4196166992188,230.5,8,23171,0
981,1079792,652.1041870117188,229.0416717529297,6,23171,1
981,1079793,680.0,225.5,3,23171,2
981,1079794,646.4196166992188,230.5,8,23172,0
981,1079795,652.1041870117188,229.0416717529297,6,23172,1
981,1079796,680.0,225.5,3,23172,2
981,1079797,646.4196166992188,230.5,8,23173,0
981,1079798,652.1041870117188,229.0416717529297,6,23173,1
981,1079799,680.0,225.5,3,23173,2
981,1079800,646.4196166992188,230.5,8,23174,0
981,1079801,652.1041870117188,229.0416717529297,6,23174,1
981,1079802,680.0,225.5,3,23174,2
991,1079752,658.4857177734375,229.42857360839844,5,23158,0
991,1079753,658.125,232.4583282470703,5,23158,1
991,1079754,673.5,225.5,4,23158,2
991,1079755,633.4761962890625,230.35714721679688,8,23159,0
991,1079756,652.1041870117188,229.0416717529297,7,23159,1
991,1079757,680.0,225.5,1,23159,2
991,1079758,631.8928833007812,230.27381896972656,6,23160,0
991,1079759,649.5416870117188,226.9583282470703,7,23160,1
991,1079760,680.0,225.5,1,23160,2
991,1079761,652.1041870117188,229.0416717529297,6,23161,0
991,1079762,680.0,225.5,3,23161,1
991,1079763,646.4196166992188,230.5,8,23161,2
991,1079764,680.0,225.5,3,23162,0
991,1079765,652.1041870117188,229.0416717529297,6,23162,1
991,1079766,646.4196166992188,230.5,8,23162,2
991,1079767,665.75,230.3333282470703,4,23163,0
991,1079768,658.125,232.4583282470703,5,23163,1
991,1079769,673.5,225.5,4,23163,2
991,1079770,631.8928833007812,230.27381896972656,6,23164,0
991,1079771,649.5416870117188,226.9583282470703,7,23164,1
991,1079772,680.0,225.5,1,23164,2
991,1079773,649.7285766601562,228.12857055664062,5,23165,0
991,1079774,646.4196166992188,230.5,8,23165,1
991,1079775,680.0,225.5,3,23165,2
991,1079776,652.1041870117188,229.0416717529297,6,23166,0
991,1079777,646.4196166992188,230.5,8,23166,1
991,1079778,680.0,225.5,3,23166,2
991,1079779,649.5416870117188,226.9583282470703,7,23167,0
991,1079780,645.0625,230.42857360839844,7,23167,1
991,1079781,680.0,225.5,1,23167,2
991,1079782,652.1041870117188,229.0416717529297,6,23168,0
991,1079783,646.4196166992188,230.5,8,23168,1
991,1079784,680.0,225.5,3,23168,2
991,1079785,652.1041870117188,229.0416717529297,6,23169,0
991,1079786,646.4196166992188,230.5,8,23169,1
991,1079787,680.0,225.5,3,23169,2
991,1079788,665.8499755859375,235.22500610351562,4,23170,0
991,1079789,652.1041870117188,229.0416717529297,7,23170,1
991,1079790,673.5,225.5,3,23170,2
991,1079791,646.4196166992188,230.5,8,23171,0
991,1079792,652.1041870117188,229.0416717529297,6,23171,1
991,1079793,680.0,225.5,3,23171,2
991,1079794,646.4196166992188,230.5,8,23172,0
991,1079795,652.1041870117188,229.0416717529297,6,23172,1
991,1079796,680.0,225.5,3,23172,2
991,1079797,646.4196166992188,230.5,8,23173,0
991,1079798,652.1041870117188,229.0416717529297,6,23173,1
991,1079799,680.0,225.5,3,23173,2
991,1079800,646.4196166992188,230.5,8,23174,0
991,1079801,652.1041870117188,229.0416717529297,6,23174,1
991,1079802,680.0,225.5,3,23174,2
1001,1079752,658.4857177734375,229.42857360839844,5,23158,0
1001,1079753,658.125,232.4583282470703,5,23158,1
1001,1079754,673.5,225.5,4,23158,2
1001,1079755,633.4761962890625,230.35714721679688,8,23159,0
1001,1079756,652.1041870117188,229.0416717529297,7,23159,1
1001,1079757,680.0,225.5,1,23159,2
1001,1079758,631.8928833007812,230.27381896972656,6,23160,0
1001,1079759,649.5416870117188,226.9583282470703,7,23160,1
1001,1079760,680.0,225.5,1,23160,2
1001,1079761,652.1041870117188,229.0416717529297,6,23161,0
1001,1079762,680.0,225.5,3,23161,1
1001,1079763,646.4196166992188,230.5,8,23161,2
1001,1079764,680.0,225.5,3,23162,0
1001,1079765,652.1041870117188,229.0416717529297,6,23162,1
1001,1079766,646.4196166992188,230.5,8,23162,2
1001,1079767,665.75,230.3333282470703,4,23163,0
1001,1079768,658.125,232.4583282470703,5,23163,1
1001,1079769,673.5,225.5,4,23163,2
1001,1079770,631.8928833007812,230.27381896972656,6,23164,0
1001,1079771,649.5416870117188,226.9583282470703,7,23164,1
1001,1079772,680.0,225.5,1,23164,2
1001,1079773,649.7285766601562,228.12857055664062,5,23165,0
1001,1079774,646.4196166992188,230.5,8,23165,1
1001,1079775,680.0,225.5,3,23165,2
1001,1079776,652.1041870117188,229.0416717529297,6,23166,0
1001,1079777,646.4196166992188,230.5,8,23166,1
1001,1079778,680.0,225.5,3,23166,2
1001,1079779,649.5416870117188,226.9583282470703,7,23167,0
1001,1079780,645.0625,230.42857360839844,7,23167,1
1001,1079781,680.0,225.5,1,23167,2
1001,1079782,652.1041870117188,229.0416717529297,6,23168,0
1001,1079783,646.4196166992188,230.5,8,23168,1
1001,1079784,680.0,225.5,3,23168,2
1001,1079785,652.1041870117188,229.0416717529297,6,23169,0
1001,1079786,646.4196166992188,230.5,8,23169,1
1001,1079787,680.0,225.5,3,23169,2
1001,1079788,665.8499755859375,235.22500610351562,4,23170,0
1001,1079789,652.1041870117188,229.0416717529297,7,23170,1
1001,1079790,673.5,225.5,3,23170,2
1001,1079791,646.4196166992188,230.5,8,23171,0
1001,1079792,652.1041870117188,229.0416717529297,6,23171,1
1001,1079793,680.0,225.5,3,23171,2
1001,1079794,646.4196166992188,230.5,8,23172,0
1001,1079795,652.1041870117188,229.0416717529297,6,23172,1
1001,1079796,680.0,225.5,3,23172,2
1001,1079797,646.4196166992188,230.5,8,23173,0
1001,1079798,652.1041870117188,229.0416717529297,6,23173,1
1001,1079799,680.0,225.5,3,23173,2
1001,1079800,646.4196166992188,230.5,8,23174,0
1001,1079801,652.1041870117188,229.0416717529297,6,23174,1
1001,1079802,680.0,225.5,3,23174,2
1011,1079752,658.4857177734375,229.42857360839844,5,23158,0
1011,1079753,658.125,232.4583282470703,5,23158,1
1011,1079754,673.5,225.5,4,23158,2
1011,1079755,633.4761962890625,230.35714721679688,8,23159,0
1011,1079756,652.1041870117188,229.0416717529297,7,23159,1
1011,1079757,680.0,225.5,1,23159,2
1011,1079758,631.8928833007812,230.27381896972656,6,23160,0
1011,1079759,649.5416870117188,226.9583282470703,7,23160,1
1011,1079760,680.0,225.5,1,23160,2
1011,1079761,652.1041870117188,229.0416717529297,6,23161,0
1011,1079762,680.0,225.5,3,23161,1
1011,1079763,646.4196166992188,230.5,8,23161,2
1011,1079764,680.0,225.5,3,23162,0
1011,1079765,652.1041870117188,229.0416717529297,6,23162,1
1011,1079766,646.4196166992188,230.5,8,23162,2
1011,1079767,665.75,230.3333282470703,4,23163,0
1011,1079768,658.125,232.4583282470703,5,23163,1
1011,1079769,673.5,225.5,4,23163,2
1011,1079770,631.8928833007812,230.27381896972656,6,23164,0
1011,1079771,649.5416870117188,226.9583282470703,7,23164,1
1011,1079772,680.0,225.5,1,23164,2
1011,1079773,649.7285766601562,228.12857055664062,5,23165,0
1011,1079774,646.4196166992188,230.5,8,23165,1
1011,1079775,680.0,225.5,3,23165,2
1011,1079776,652.1041870117188,229.0416717529297,6,23166,0
1011,1079777,646.4196166992188,230.5,8,23166,1
1011,1079778,680.0,225.5,3,23166,2
1011,1079779,649.5416870117188,226.9583282470703,7,23167,0
1011,1079780,645.0625,230.42857360839844,7,23167,1
1011,1079781,680.0,225.5,1,23167,2
1011,1079782,652.1041870117188,229.0416717529297,6,23168,0
1011,1079783,646.4196166992188,230.5,8,23168,1
1011,1079784,680.0,225.5,3,23168,2
1011,1079785,652.1041870117188,229.0416717529297,6,23169,0
1011,1079786,646.4196166992188,230.5,8,23169,1
1011,1079787,680.0,225.5,3,23169,2
1011,1079788,665.8499755859375,235.22500610351562,4,23170,0
1011,1079789,652.1041870117188,229.0416717529297,7,23170,1
1011,1079790,673.5,225.5,3,23170,2
1011,1079791,646.4196166992188,230.5,8,23171,0
1011,1079792,652.1041870117188,229.0416717529297,6,23171,1
1011,1079793,680.0,225.5,3,23171,2
1011,1079794,646.4196166992188,230.5,8,23172,0
1011,1079795,652.1041870117188,229.0416717529297,6,23172,1
1011,1079796,680.0,225.5,3,23172,2
1011,1079797,646.4196166992188,230.5,8,23173,0
1011,1079798,652.1041870117188,229.0416717529297,6,23173,1
1011,1079799,680.0,225.5,3,23173,2
1011,1079800,646.4196166992188,230.5,8,23174,0
1011,1079801,652.1041870117188,229.0416717529297,6,23174,1
1011,1079802,680.0,225.5,3,23174,2
1021,1079752,658.4857177734375,229.42857360839844,5,23158,0
1021,1079753,658.125,232.4583282470703,5,23158,1
1021,1079754,673.5,225.5,4,23158,2
1021,1079755,633.4761962890625,230.35714721679688,8,23159,0
1021,1079756,652.1041870117188,229.0416717529297,7,23159,1
1021,1079757,680.0,225.5,1,23159,2
1021,1079758,631.8928833007812,230.27381896972656,6,23160,0
1021,1079759,649.5416870117188,226.9583282470703,7,23160,1
1021,1079760,680.0,225.5,1,23160,2
1021,1079761,652.1041870117188,229.0416717529297,6,23161,0
1021,1079762,680.0,225.5,3,23161,1
1021,1079763,646.4196166992188,230.5,8,23161,2
1021,1079764,680.0,225.5,3,23162,0
1021,1079765,652.1041870117188,229.0416717529297,6,23162,1
1021,1079766,646.4196166992188,230.5,8,23162,2
1021,1079767,665.75,230.3333282470703,4,23163,0
1021,1079768,658.125,232.4583282470703,5,23163,1
1021,1079769,673.5,225.5,4,23163,2
1021,1079770,631.8928833007812,230.27381896972656,6,23164,0
1021,1079771,649.5416870117188,226.9583282470703,7,23164,1
1021,1079772,680.0,225.5,1,23164,2
1021,1079773,649.7285766601562,228.12857055664062,5,23165,0
1021,1079774,646.4196166992188,230.5,8,23165,1
1021,1079775,680.0,225.5,3,23165,2
1021,1079776,652.1041870117188,229.0416717529297,6,23166,0
1021,1079777,646.4196166992188,230.5,8,23166,1
1021,1079778,680.0,225.5,3,23166,2
1021,1079779,649.5416870117188,226.9583282470703,7,23167,0
1021,1079780,645.0625,230.42857360839844,7,23167,1
1021,1079781,680.0,225.5,1,23167,2
1021,1079782,652.1041870117188,229.0416717529297,6,23168,0
1021,1079783,646.4196166992188,230.5,8,23168,1
1021,1079784,680.0,225.5,3,23168,2
1021,1079785,652.1041870117188,229.0416717529297,6,23169,0
1021,1079786,646.4196166992188,230.5,8,23169,1
1021,1079787,680.0,225.5,3,23169,2
1021,1079788,665.8499755859375,235.22500610351562,4,23170,0
1021,1079789,652.1041870117188,229.0416717529297,7,23170,1
1021,1079790,673.5,225.5,3,23170,2
1021,1079791,646.4196166992188,230.5,8,23171,0
1021,1079792,652.1041870117188,229.0416717529297,6,23171,1
1021,1079793,680.0,225.5,3,23171,2
1021,1079794,646.4196166992188,230.5,8,23172,0
1021,1079795,652.1041870117188,229.0416717529297,6,23172,1
1021,1079796,680.0,225.5,3,23172,2
1021,1079797,646.4196166992188,230.5,8,23173,0
1021,1079798,652.1041870117188,229.0416717529297,6,23173,1
1021,1079799,680.0,225.5,3,23173,2
1021,1079800,646.4196166992188,230.5,8,23174,0
1021,1079801,652.1041870117188,229.0416717529297,6,23174,1
1021,1079802,680.0,225.5,3,23174,2
1031,1079752,658.4857177734375,229.42857360839844,5,23158,0
1031,1079753,658.125,232.4583282470703,5,23158,1
1031,1079754,673.5,225.5,4,23158,2
1031,1079755,633.4761962890625,230.35714721679688,8,23159,0
1031,1079756,652.1041870117188,229.0416717529297,7,23159,1
1031,1079757,680.0,225.5,1,23159,2
1031,1079758,631.8928833007812,230.27381896972656,6,23160,0
1031,1079759,649.5416870117188,226.9583282470703,7,23160,1
1031,1079760,680.0,225.5,1,23160,2
1031,1079761,652.1041870117188,229.0416717529297,6,23161,0
1031,1079762,680.0,225.5,3,23161,1
1031,1079763,646.4196166992188,230.5,8,23161,2
1031,1079764,680.0,225.5,3,23162,0
1031,1079765,652.1041870117188,229.0416717529297,6,23162,1
1031,1079766,646.4196166992188,230.5,8,23162,2
1031,1079767,665.75,230.3333282470703,4,23163,0
1031,1079768,658.125,232.4583282470703,5,23163,1
1031,1079769,673.5,225.5,4,23163,2
1031,1079770,631.8928833007812,230.27381896972656,6,23164,0
1031,1079771,649.5416870117188,226.9583282470703,7,23164,1
1031,1079772,680.0,225.5,1,23164,2
1031,1079773,649.7285766601562,228.12857055664062,5,23165,0
1031,1079774,646.4196166992188,230.5,8,23165,1
1031,1079775,680.0,225.5,3,23165,2
1031,1079776,652.1041870117188,229.0416717529297,6,23166,0
1031,1079777,646.4196166992188,230.5,8,23166,1
1031,1079778,680.0,225.5,3,23166,2
1031,1079779,649.5416870117188,226.9583282470703,7,23167,0
1031,1079780,645.0625,230.42857360839844,7,23167,1
1031,1079781,680.0,225.5,1,23167,2
1031,1079782,652.1041870117188,229.0416717529297,6,23168,0
1031,1079783,646.4196166992188,230.5,8,23168,1
1031,1079784,680.0,225.5,3,23168,2
1031,1079785,652.1041870117188,229.0416717529297,6,23169,0
1031,1079786,646.4196166992188,230.5,8,23169,1
1031,1079787,680.0,225.5,3,23169,2
1031,1079788,665.8499755859375,235.22500610351562,4,23170,0
1031,1079789,652.1041870117188,229.0416717529297,7,23170,1
1031,1079790,673.5,225.5,3,23170,2
1031,1079791,646.4196166992188,230.5,8,23171,0
1031,1079792,652.1041870117188,229.0416717529297,6,23171,1
1031,1079793,680.0,225.5,3,23171,2
1031,1079794,646.4196166992188,230.5,8,23172,0
1031,1079795,652.1041870117188,229.0416717529297,6,23172,1
1031,1079796,680.0,225.5,3,23172,2
1031,1079797,646.4196166992188,230.5,8,23173,0
1031,1079798,652.1041870117188,229.0416717529297,6,23173,1
1031,1079799,680.0,225.5,3,23173,2
1031,1079800,646.4196166992188,230.5,8,23174,0
1031,1079801,652.1041870117188,229.0416717529297,6,23174,1
1031,1079802,680.0,225.5,3,23174,2
1041,1079752,667.1857299804688,232.12857055664062,5,23158,0
1041,1079753,663.625,231.9583282470703,5,23158,1
1041,1079754,677.125,223.75,4,23158,2
1041,1079755,634.4761962890625,229.4404754638672,6,23159,0
1041,1079756,661.6041870117188,230.827392578125,7,23159,1
1041,1079757,685.5,224.0,2,23159,2
1041,1079758,632.3928833007812,229.27381896972656,6,23160,0
1041,1079759,653.2916870117188,226.7083282470703,6,23160,1
1041,1079760,693.5,224.0,1,23160,2
1041,1079761,659.80419921875,230.44166564941406,5,23161,0
1041,1079762,683.8333129882812,224.3333282470703,3,23161,1
1041,1079763,649.9196166992188,229.5625,8,23161,2
1041,1079764,683.8333129882812,224.3333282470703,3,23162,0
1041,1079765,659.80419921875,230.44166564941406,5,23162,1
1041,1079766,649.9196166992188,229.5625,8,23162,2
1041,1079767,678.25,233.0,3,23163,0
1041,1079768,663.8250122070312,232.05833435058594,5,23163,1
1041,1079769,677.125,223.75,4,23163,2
1041,1079770,632.3928833007812,229.27381896972656,6,23164,0
1041,1079771,653.2916870117188,226.7083282470703,6,23164,1
1041,1079772,693.5,224.0,1,23164,2
1041,1079773,657.4285888671875,229.528564453125,5,23165,0
1041,1079774,649.9196166992188,229.5625,8,23165,1
1041,1079775,683.8333129882812,224.3333282470703,3,23165,2
1041,1079776,659.80419921875,230.44166564941406,5,23166,0
1041,1079777,649.9196166992188,229.5625,8,23166,1
1041,1079778,683.8333129882812,224.3333282470703,3,23166,2
1041,1079779,653.2916870117188,226.79165649414062,6,23167,0
1041,1079780,645.2053833007812,229.42857360839844,7,23167,1
1041,1079781,693.5,224.0,1,23167,2
1041,1079782,659.80419921875,230.44166564941406,5,23168,0
1041,1079783,649.9196166992188,229.5625,8,23168,1
1041,1079784,683.8333129882812,224.3333282470703,3,23168,2
1041,1079785,659.80419921875,230.44166564941406,5,23169,0
1041,1079786,649.9196166992188,229.5625,8,23169,1
1041,1079787,683.8333129882812,224.3333282470703,3,23169,2
1041,1079788,672.1499633789062,234.4250030517578,5,23170,0
1041,1079789,658.9375,231.125,6,23170,1
1041,1079790,676.8333129882812,223.8333282470703,3,23170,2
1041,1079791,649.9196166992188,229.5625,8,23171,0
1041,1079792,659.80419921875,230.44166564941406,5,23171,1
1041,1079793,683.8333129882812,224.3333282470703,3,23171,2
1041,1079794,649.9196166992188,229.5625,8,23172,0
1041,1079795,659.80419921875,230.44166564941406,5,23172,1
1041,1079796,683.8333129882812,224.3333282470703,3,23172,2
1041,1079797,649.9196166992188,229.5625,8,23173,0
1041,1079798,659.80419921875,230.44166564941406,5,23173,1
1041,1079799,683.8333129882812,224.3333282470703,3,23173,2
1041,1079800,649.9196166992188,229.5625,8,23174,0
1041,1079801,659.80419921875,230.44166564941406,5,23174,1
1041,1079802,683.8333129882812,224.3333282470703,3,23174,2
1061,1079803,943.875,265.5,4,23175,0
1061,1079804,770.0,238.5,1,23175,1
1061,1079805,616.2000122070312,219.14999389648438,10,23176,0
1061,1079806,886.0,265.5,2,23176,1
1061,1079807,770.0,238.5,1,23176,2
1061,1079808,628.25,219.5,2,23176,3
1061,1079809,603.5,221.0,1,23176,4
1061,1079810,616.2000122070312,219.14999389648438,10,23177,0
1061,1079811,603.5,221.0,1,23177,1
1061,1079812,628.25,219.5,2,23177,2
1061,1079813,770.0,238.5,1,23178,0
1061,1079814,632.0,220.5,1,23178,1
1061,1079815,620.5999755859375,217.60000610351562,5,23178,2
1061,1079816,943.875,265.5,4,23178,3
1061,1079817,616.2000122070312,219.14999389648438,10,23179,0
1061,1079818,603.5,221.0,1,23179,1
1061,1079819,628.25,219.5,2,23179,2
1061,1079820,616.2000122070312,219.14999389648438,10,23180,0
1061,1079821,886.0,265.5,2,23180,1
1061,1079822,1058.0,267.5,1,23180,2
1061,1079823,603.5,221.0,1,23180,3
1061,1079824,628.25,219.5,2,23180,4
1061,1079825,770.0,238.5,1,23180,5
1061,1079826,616.2000122070312,219.14999389648438,10,23181,0
1061,1079827,603.5,221.0,1,23181,1
1061,1079828,628.25,219.5,2,23181,2
1061,1079829,770.0,238.5,1,23181,3
1061,1079830,603.5,221.0,1,23182,0
1061,1079831,616.2000122070312,219.14999389648438,10,23182,1
1061,1079832,628.25,219.5,2,23182,2
1061,1079833,616.2000122070312,219.14999389648438,10,23183,0
1061,1079834,628.25,219.5,2,23183,1
1061,1079835,603.5,221.0,1,23183,2
1061,1079836,616.2000122070312,219.14999389648438,10,23184,0
1061,1079837,628.25,219.5,2,23184,1
1061,1079838,603.5,221.0,1,23184,2
1061,1079839,616.2000122070312,219.14999389648438,10,23185,0
1061,1079840,628.25,219.5,2,23185,1
1061,1079841,770.0,238.5,1,23185,2
1061,1079842,603.5,221.0,1,23185,3
1061,1079843,616.2000122070312,219.14999389648438,10,23186,0
1061,1079844,628.25,219.5,2,23186,1
1061,1079845,603.5,221.0,1,23186,2
1061,1079846,628.25,219.5,2,23187,0
1061,1079847,616.2000122070312,219.14999389648438,10,23187,1
1061,1079848,603.5,221.0,1,23187,2
1061,1079849,616.2000122070312,219.14999389648438,10,23188,0
1061,1079850,628.25,219.5,2,23188,1
1061,1079851,770.0,238.5,1,23188,2
1061,1079852,603.5,221.0,1,23188,3
1061,1079853,628.25,219.5,2,23189,0
1061,1079854,770.0,238.5,1,23189,1
1061,1079855,616.2000122070312,219.14999389648438,10,23189,2
1061,1079856,603.5,221.0,1,23189,3
1061,1079857,943.875,265.5,4,23190,0
1061,1079858,596.75,217.0,2,23190,1
1061,1079859,770.0,238.5,1,23190,2
1061,1079860,943.875,265.5,4,23191,0
1061,1079861,596.75,217.0,2,23191,1
1061,1079862,770.0,238.5,1,23191,2
1061,1079863,943.875,265.5,4,23192,0
1061,1079864,599.5,217.0,1,23192,1
1061,1079865,770.0,238.5,1,23192,2
1071,1079803,943.875,265.5,4,23175,0
1071,1079804,770.0,238.5,1,23175,1
1071,1079805,616.2000122070312,219.14999389648438,10,23176,0
1071,1079806,886.0,265.5,2,23176,1
1071,1079807,770.0,238.5,1,23176,2
1071,1079808,628.25,219.5,2,23176,3
1071,1079809,603.5,221.0,1,23176,4
1071,1079810,616.2000122070312,219.14999389648438,10,23177,0
1071,1079811,603.5,221.0,1,23177,1
1071,1079812,628.25,219.5,2,23177,2
1071,1079813,770.0,238.5,1,23178,0
1071,1079814,632.0,220.5,1,23178,1
1071,1079815,620.5999755859375,217.60000610351562,5,23178,2
1071,1079816,943.875,265.5,4,23178,3
1071,1079817,616.2000122070312,219.14999389648438,10,23179,0
1071,1079818,603.5,221.0,1,23179,1
1071,1079819,628.25,219.5,2,23179,2
1071,1079820,616.2000122070312,219.14999389648438,10,23180,0
1071,1079821,886.0,265.5,2,23180,1
1071,1079822,1058.0,267.5,1,23180,2
1071,1079823,603.5,221.0,1,23180,3
1071,1079824,628.25,219.5,2,23180,4
1071,1079825,770.0,238.5,1,23180,5
1071,1079826,616.2000122070312,219.14999389648438,10,23181,0
1071,1079827,603.5,221.0,1,23181,1
1071,1079828,628.25,219.5,2,23181,2
1071,1079829,770.0,238.5,1,23181,3
1071,1079830,603.5,221.0,1,23182,0
1071,1079831,616.2000122070312,219.14999389648438,10,23182,1
1071,1079832,628.25,219.5,2,23182,2
1071,1079833,616.2000122070312,219.14999389648438,10,23183,0
1071,1079834,628.25,219.5,2,23183,1
1071,1079835,603.5,221.0,1,23183,2
1071,1079836,616.2000122070312,219.14999389648438,10,23184,0
1071,1079837,628.25,219.5,2,23184,1
1071,1079838,603.5,221.0,1,23184,2
1071,1079839,616.2000122070312,219.14999389648438,10,23185,0
1071,1079840,628.25,219.5,2,23185,1
1071,1079841,770.0,238.5,1,23185,2
1071,1079842,603.5,221.0,1,23185,3
1071,1079843,616.2000122070312,219.14999389648438,10,23186,0
1071,1079844,628.25,219.5,2,23186,1
1071,1079845,603.5,221.0,1,23186,2
1071,1079846,628.25,219.5,2,23187,0
1071,1079847,616.2000122070312,219.14999389648438,10,23187,1
1071,1079848,603.5,221.0,1,23187,2
1071,1079849,616.2000122070312,219.14999389648438,10,23188,0
1071,1079850,628.25,219.5,2,23188,1
1071,1079851,770.0,238.5,1,23188,2
1071,1079852,603.5,221.0,1,23188,3
1071,1079853,628.25,219.5,2,23189,0
1071,1079854,770.0,238.5,1,23189,1
1071,1079855,616.2000122070312,219.14999389648438,10,23189,2
1071,1079856,603.5,221.0,1,23189,3
1071,1079857,943.875,265.5,4,23190,0
1071,1079858,596.75,217.0,2,23190,1
1071,1079859,770.0,238.5,1,23190,2
1071,1079860,943.875,265.5,4,23191,0
1071,1079861,596.75,217.0,2,23191,1
1071,1079862,770.0,238.5,1,23191,2
1071,1079863,943.875,265.5,4,23192,0
1071,1079864,599.5,217.0,1,23192,1
1071,1079865,770.0,238.5,1,23192,2
1081,1079803,943.875,265.5,4,23175,0
1081,1079804,770.0,238.5,1,23175,1
1081,1079805,616.2000122070312,219.14999389648438,10,23176,0
1081,1079806,886.0,265.5,2,23176,1
1081,1079807,770.0,238.5,1,23176,2
1081,1079808,628.25,219.5,2,23176,3
1081,1079809,603.5,221.0,1,23176,4
1081,1079810,616.2000122070312,219.14999389648438,10,23177,0
1081,1079811,603.5,221.0,1,23177,1
1081,1079812,628.25,219.5,2,23177,2
1081,1079813,770.0,238.5,1,23178,0
1081,1079814,632.0,220.5,1,23178,1
1081,1079815,620.5999755859375,217.60000610351562,5,23178,2
1081,1079816,943.875,265.5,4,23178,3
1081,1079817,616.2000122070312,219.14999389648438,10,23179,0
1081,1079818,603.5,221.0,1,23179,1
1081,1079819,628.25,219.5,2,23179,2
1081,1079820,616.2000122070312,219.14999389648438,10,23180,0
1081,1079821,886.0,265.5,2,23180,1
1081,1079822,1058.0,267.5,1,23180,2
1081,1079823,603.5,221.0,1,23180,3
1081,1079824,628.25,219.5,2,23180,4
1081,1079825,770.0,238.5,1,23180,5
1081,1079826,616.2000122070312,219.14999389648438,10,23181,0
1081,1079827,603.5,221.0,1,23181,1
1081,1079828,628.25,219.5,2,23181,2
1081,1079829,770.0,238.5,1,23181,3
1081,1079830,603.5,221.0,1,23182,0
1081,1079831,616.2000122070312,219.14999389648438,10,23182,1
1081,1079832,628.25,219.5,2,23182,2
1081,1079833,616.2000122070312,219.14999389648438,10,23183,0
1081,1079834,628.25,219.5,2,23183,1
1081,1079835,603.5,221.0,1,23183,2
1081,1079836,616.2000122070312,219.14999389648438,10,23184,0
1081,1079837,628.25,219.5,2,23184,1
1081,1079838,603.5,221.0,1,23184,2
1081,1079839,616.2000122070312,219.14999389648438,10,23185,0
1081,1079840,628.25,219.5,2,23185,1
1081,1079841,770.0,238.5,1,23185,2
1081,1079842,603.5,221.0,1,23185,3
1081,1079843,616.2000122070312,219.14999389648438,10,23186,0
1081,1079844,628.25,219.5,2,23186,1
1081,1079845,603.5,221.0,1,23186,2
1081,1079846,628.25,219.5,2,23187,0
1081,1079847,616.2000122070312,219.14999389648438,10,23187,1
1081,1079848,603.5,221.0,1,23187,2
1081,1079849,616.2000122070312,219.14999389648438,10,23188,0
1081,1079850,628.25,219.5,2,23188,1
1081,1079851,770.0,238.5,1,23188,2
1081,1079852,603.5,221.0,1,23188,3
1081,1079853,628.25,219.5,2,23189,0
1081,1079854,770.0,238.5,1,23189,1
1081,1079855,616.2000122070312,219.14999389648438,10,23189,2
1081,1079856,603.5,221.0,1,23189,3
1081,1079857,943.875,265.5,4,23190,0
1081,1079858,596.75,217.0,2,23190,1
1081,1079859,770.0,238.5,1,23190,2
1081,1079860,943.875,265.5,4,23191,0
1081,1079861,596.75,217.0,2,23191,1
1081,1079862,770.0,238.5,1,23191,2
1081,1079863,943.875,265.5,4,23192,0
1081,1079864,599.5,217.0,1,23192,1
1081,1079865,770.0,238.5,1,23192,2
1091,1079803,943.875,265.5,4,23175,0
1091,1079804,770.0,238.5,1,23175,1
1091,1079805,616.2000122070312,219.14999389648438,10,23176,0
1091,1079806,886.0,265.5,2,23176,1
1091,1079807,770.0,238.5,1,23176,2
1091,1079808,628.25,219.5,2,23176,3
1091,1079809,603.5,221.0,1,23176,4
1091,1079810,616.2000122070312,219.14999389648438,10,23177,0
1091,1079811,603.5,221.0,1,23177,1
1091,1079812,628.25,219.5,2,23177,2
1091,1079813,770.0,238.5,1,23178,0
1091,1079814,632.0,220.5,1,23178,1
1091,1079815,620.5999755859375,217.60000610351562,5,23178,2
1091,1079816,943.875,265.5,4,23178,3
1091,1079817,616.2000122070312,219.14999389648438,10,23179,0
1091,1079818,603.5,221.0,1,23179,1
1091,1079819,628.25,219.5,2,23179,2
1091,1079820,616.2000122070312,219.14999389648438,10,23180,0
1091,1079821,886.0,265.5,2,23180,1
1091,1079822,1058.0,267.5,1,23180,2
1091,1079823,603.5,221.0,1,23180,3
1091,1079824,628.25,219.5,2,23180,4
1091,1079825,770.0,238.5,1,23180,5
1091,1079826,616.2000122070312,219.14999389648438,10,23181,0
1091,1079827,603.5,221.0,1,23181,1
1091,1079828,628.25,219.5,2,23181,2
1091,1079829,770.0,238.5,1,23181,3
1091,1079830,603.5,221.0,1,23182,0
1091,1079831,616.2000122070312,219.14999389648438,10,23182,1
1091,1079832,628.25,219.5,2,23182,2
1091,1079833,616.2000122070312,219.14999389648438,10,23183,0
1091,1079834,628.25,219.5,2,23183,1
1091,1079835,603.5,221.0,1,23183,2
1091,1079836,616.2000122070312,219.14999389648438,10,23184,0
1091,1079837,628.25,219.5,2,23184,1
1091,1079838,603.5,221.0,1,23184,2
1091,1079839,616.2000122070312,219.14999389648438,10,23185,0
1091,1079840,628.25,219.5,2,23185,1
1091,1079841,770.0,238.5,1,23185,2
1091,1079842,603.5,221.0,1,23185,3
1091,1079843,616.2000122070312,219.14999389648438,10,23186,0
1091,1079844,628.25,219.5,2,23186,1
1091,1079845,603.5,221.0,1,23186,2
1091,1079846,628.25,219.5,2,23187,0
1091,1079847,616.2000122070312,219.14999389648438,10,23187,1
1091,1079848,603.5,221.0,1,23187,2
1091,1079849,616.2000122070312,219.14999389648438,10,23188,0
1091,1079850,628.25,219.5,2,23188,1
1091,1079851,770.0,238.5,1,23188,2
1091,1079852,603.5,221.0,1,23188,3
1091,1079853,628.25,219.5,2,23189,0
1091,1079854,770.0,238.5,1,23189,1
1091,1079855,616.2000122070312,219.14999389648438,10,23189,2
1091,1079856,603.5,221.0,1,23189,3
1091,1079857,943.875,265.5,4,23190,0
1091,1079858,596.75,217.0,2,23190,1
1091,1079859,770.0,238.5,1,23190,2
1091,1079860,943.875,265.5,4,23191,0
1091,1079861,596.75,217.0,2,23191,1
1091,1079862,770.0,238.5,1,23191,2
1091,1079863,943.875,265.5,4,23192,0
1091,1079864,599.5,217.0,1,23192,1
1091,1079865,770.0,238.5,1,23192,2
1101,1079803,943.875,265.5,4,23175,0
1101,1079804,770.0,238.5,1,23175,1
1101,1079805,616.2000122070312,219.14999389648438,10,23176,0
1101,1079806,886.0,265.5,2,23176,1
1101,1079807,770.0,238.5,1,23176,2
1101,1079808,628.25,219.5,2,23176,3
1101,1079809,603.5,221.0,1,23176,4
1101,1079810,616.2000122070312,219.14999389648438,10,23177,0
1101,1079811,603.5,221.0,1,23177,1
1101,1079812,628.25,219.5,2,23177,2
1101,1079813,770.0,238.5,1,23178,0
1101,1079814,632.0,220.5,1,23178,1
1101,1079815,620.5999755859375,217.60000610351562,5,23178,2
1101,1079816,943.875,265.5,4,23178,3
1101,1079817,616.2000122070312,219.14999389648438,10,23179,0
1101,1079818,603.5,221.0,1,23179,1
1101,1079819,628.25,219.5,2,23179,2
1101,1079820,616.2000122070312,219.14999389648438,10,23180,0
1101,1079821,886.0,265.5,2,23180,1
1101,1079822,1058.0,267.5,1,23180,2
1101,1079823,603.5,221.0,1,23180,3
1101,1079824,628.25,219.5,2,23180,4
1101,1079825,770.0,238.5,1,23180,5
1101,1079826,616.2000122070312,219.14999389648438,10,23181,0
1101,1079827,603.5,221.0,1,23181,1
1101,1079828,628.25,219.5,2,23181,2
1101,1079829,770.0,238.5,1,23181,3
1101,1079830,603.5,221.0,1,23182,0
1101,1079831,616.2000122070312,219.14999389648438,10,23182,1
1101,1079832,628.25,219.5,2,23182,2
1101,1079833,616.2000122070312,219.14999389648438,10,23183,0
1101,1079834,628.25,219.5,2,23183,1
1101,1079835,603.5,221.0,1,23183,2
1101,1079836,616.2000122070312,219.14999389648438,10,23184,0
1101,1079837,628.25,219.5,2,23184,1
1101,1079838,603.5,221.0,1,23184,2
1101,1079839,616.2000122070312,219.14999389648438,10,23185,0
1101,1079840,628.25,219.5,2,23185,1
1101,1079841,770.0,238.5,1,23185,2
1101,1079842,603.5,221.0,1,23185,3
1101,1079843,616.2000122070312,219.14999389648438,10,23186,0
1101,1079844,628.25,219.5,2,23186,1
1101,1079845,603.5,221.0,1,23186,2
1101,1079846,628.25,219.5,2,23187,0
1101,1079847,616.2000122070312,219.14999389648438,10,23187,1
1101,1079848,603.5,221.0,1,23187,2
1101,1079849,616.2000122070312,219.14999389648438,10,23188,0
1101,1079850,628.25,219.5,2,23188,1
1101,1079851,770.0,238.5,1,23188,2
1101,1079852,603.5,221.0,1,23188,3
1101,1079853,628.25,219.5,2,23189,0
1101,1079854,770.0,238.5,1,23189,1
1101,1079855,616.2000122070312,219.14999389648438,10,23189,2
1101,1079856,603.5,221.0,1,23189,3
1101,1079857,943.875,265.5,4,23190,0
1101,1079858,596.75,217.0,2,23190,1
1101,1079859,770.0,238.5,1,23190,2
1101,1079860,943.875,265.5,4,23191,0
1101,1079861,596.75,217.0,2,23191,1
1101,1079862,770.0,238.5,1,23191,2
1101,1079863,943.875,265.5,4,23192,0
1101,1079864,599.5,217.0,1,23192,1
1101,1079865,770.0,238.5,1,23192,2
1111,1079803,943.875,265.5,4,23175,0
1111,1079804,770.0,238.5,1,23175,1
1111,1079805,616.2000122070312,219.14999389648438,10,23176,0
1111,1079806,886.0,265.5,2,23176,1
1111,1079807,770.0,238.5,1,23176,2
1111,1079808,628.25,219.5,2,23176,3
1111,1079809,603.5,221.0,1,23176,4
1111,1079810,616.2000122070312,219.14999389648438,10,23177,0
1111,1079811,603.5,221.0,1,23177,1
1111,1079812,628.25,219.5,2,23177,2
1111,1079813,770.0,238.5,1,23178,0
1111,1079814,632.0,220.5,1,23178,1
1111,1079815,620.5999755859375,217.60000610351562,5,23178,2
1111,1079816,943.875,265.5,4,23178,3
1111,1079817,616.2000122070312,219.14999389648438,10,23179,0
1111,1079818,603.5,221.0,1,23179,1
1111,1079819,628.25,219.5,2,23179,2
1111,1079820,616.2000122070312,219.14999389648438,10,23180,0
1111,1079821,886.0,265.5,2,23180,1
1111,1079822,1058.0,267.5,1,23180,2
1111,1079823,603.5,221.0,1,23180,3
1111,1079824,628.25,219.5,2,23180,4
1111,1079825,770.0,238.5,1,23180,5
1111,1079826,616.2000122070312,219.14999389648438,10,23181,0
1111,1079827,603.5,221.0,1,23181,1
1111,1079828,628.25,219.5,2,23181,2
1111,1079829,770.0,238.5,1,23181,3
1111,1079830,603.5,221.0,1,23182,0
1111,1079831,616.2000122070312,219.14999389648438,10,23182,1
1111,1079832,628.25,219.5,2,23182,2
1111,1079833,616.2000122070312,219.14999389648438,10,23183,0
1111,1079834,628.25,219.5,2,23183,1
1111,1079835,603.5,221.0,1,23183,2
1111,1079836,616.2000122070312,219.14999389648438,10,23184,0
1111,1079837,628.25,219.5,2,23184,1
1111,1079838,603.5,221.0,1,23184,2
1111,1079839,616.2000122070312,219.14999389648438,10,23185,0
1111,1079840,628.25,219.5,2,23185,1
1111,1079841,770.0,238.5,1,23185,2
1111,1079842,603.5,221.0,1,23185,3
1111,1079843,616.2000122070312,219.14999389648438,10,23186,0
1111,1079844,628.25,219.5,2,23186,1
1111,1079845,603.5,221.0,1,23186,2
1111,1079846,628.25,219.5,2,23187,0
1111,1079847,616.2000122070312,219.14999389648438,10,23187,1
1111,1079848,603.5,221.0,1,23187,2
1111,1079849,616.2000122070312,219.14999389648438,10,23188,0
1111,1079850,628.25,219.5,2,23188,1
1111,1079851,770.0,238.5,1,23188,2
1111,1079852,603.5,221.0,1,23188,3
1111,1079853,628.25,219.5,2,23189,0
1111,1079854,770.0,238.5,1,23189,1
1111,1079855,616.2000122070312,219.14999389648438,10,23189,2
1111,1079856,603.5,221.0,1,23189,3
1111,1079857,943.875,265.5,4,23190,0
1111,1079858,596.75,217.0,2,23190,1
1111,1079859,770.0,238.5,1,23190,2
1111,1079860,943.875,265.5,4,23191,0
1111,1079861,596.75,217.0,2,23191,1
1111,1079862,770.0,238.5,1,23191,2
1111,1079863,943.875,265.5,4,23192,0
1111,1079864,599.5,217.0,1,23192,1
1111,1079865,770.0,238.5,1,23192,2
1121,1079803,943.875,265.5,4,23175,0
1121,1079804,770.0,238.5,1,23175,1
1121,1079805,616.2000122070312,219.14999389648438,10,23176,0
1121,1079806,886.0,265.5,2,23176,1
1121,1079807,770.0,238.5,1,23176,2
1121,1079808,628.25,219.5,2,23176,3
1121,1079809,603.5,221.0,1,23176,4
1121,1079810,616.2000122070312,219.14999389648438,10,23177,0
1121,1079811,603.5,221.0,1,23177,1
1121,1079812,628.25,219.5,2,23177,2
1121,1079813,770.0,238.5,1,23178,0
1121,1079814,632.0,220.5,1,23178,1
1121,1079815,620.5999755859375,217.60000610351562,5,23178,2
1121,1079816,943.875,265.5,4,23178,3
1121,1079817,616.2000122070312,219.14999389648438,10,23179,0
1121,1079818,603.5,221.0,1,23179,1
1121,1079819,628.25,219.5,2,23179,2
1121,1079820,616.2000122070312,219.14999389648438,10,23180,0
1121,1079821,886.0,265.5,2,23180,1
1121,1079822,1058.0,267.5,1,23180,2
1121,1079823,603.5,221.0,1,23180,3
1121,1079824,628.25,219.5,2,23180,4
1121,1079825,770.0,238.5,1,23180,5
1121,1079826,616.2000122070312,219.14999389648438,10,23181,0
1121,1079827,603.5,221.0,1,23181,1
1121,1079828,628.25,219.5,2,23181,2
1121,1079829,770.0,238.5,1,23181,3
1121,1079830,603.5,221.0,1,23182,0
1121,1079831,616.2000122070312,219.14999389648438,10,23182,1
1121,1079832,628.25,219.5,2,23182,2
1121,1079833,616.2000122070312,219.14999389648438,10,23183,0
1121,1079834,628.25,219.5,2,23183,1
1121,1079835,603.5,221.0,1,23183,2
1121,1079836,616.2000122070312,219.14999389648438,10,23184,0
1121,1079837,628.25,219.5,2,23184,1
1121,1079838,603.5,221.0,1,23184,2
1121,1079839,616.2000122070312,219.14999389648438,10,23185,0
1121,1079840,628.25,219.5,2,23185,1
1121,1079841,770.0,238.5,1,23185,2
1121,1079842,603.5,221.0,1,23185,3
1121,1079843,616.2000122070312,219.14999389648438,10,23186,0
1121,1079844,628.25,219.5,2,23186,1
1121,1079845,603.5,221.0,1,23186,2
1121,1079846,628.25,219.5,2,23187,0
1121,1079847,616.2000122070312,219.14999389648438,10,23187,1
1121,1079848,603.5,221.0,1,23187,2
1121,1079849,616.2000122070312,219.14999389648438,10,23188,0
1121,1079850,628.25,219.5,2,23188,1
1121,1079851,770.0,238.5,1,23188,2
1121,1079852,603.5,221.0,1,23188,3
1121,1079853,628.25,219.5,2,23189,0
1121,1079854,770.0,238.5,1,23189,1
1121,1079855,616.2000122070312,219.14999389648438,10,23189,2
1121,1079856,603.5,221.0,1,23189,3
1121,1079857,943.875,265.5,4,23190,0
1121,1079858,596.75,217.0,2,23190,1
1121,1079859,770.0,238.5,1,23190,2
1121,1079860,943.875,265.5,4,23191,0
1121,1079861,596.75,217.0,2,23191,1
1121,1079862,770.0,238.5,1,23191,2
1121,1079863,943.875,265.5,4,23192,0
1121,1079864,599.5,217.0,1,23192,1
1121,1079865,770.0,238.5,1,23192,2
1131,1079803,943.875,265.5,4,23175,0
1131,1079804,770.0,238.5,1,23175,1
1131,1079805,616.2000122070312,219.14999389648438,10,23176,0
1131,1079806,886.0,265.5,2,23176,1
1131,1079807,770.0,238.5,1,23176,2
1131,1079808,628.25,219.5,2,23176,3
1131,1079809,603.5,221.0,1,23176,4
1131,1079810,616.2000122070312,219.14999389648438,10,23177,0
1131,1079811,603.5,221.0,1,23177,1
1131,1079812,628.25,219.5,2,23177,2
1131,1079813,770.0,238.5,1,23178,0
1131,1079814,632.0,220.5,1,23178,1
1131,1079815,620.5999755859375,217.60000610351562,5,23178,2
1131,1079816,943.875,265.5,4,23178,3
1131,1079817,616.2000122070312,219.14999389648438,10,23179,0
1131,1079818,603.5,221.0,1,23179,1
1131,1079819,628.25,219.5,2,23179,2
1131,1079820,616.2000122070312,219.14999389648438,10,23180,0
1131,1079821,886.0,265.5,2,23180,1
1131,1079822,1058.0,267.5,1,23180,2
1131,1079823,603.5,221.0,1,23180,3
1131,1079824,628.25,219.5,2,23180,4
1131,1079825,770.0,238.5,1,23180,5
1131,1079826,616.2000122070312,219.14999389648438,10,23181,0
1131,1079827,603.5,221.0,1,23181,1
1131,1079828,628.25,219.5,2,23181,2
1131,1079829,770.0,238.5,1,23181,3
1131,1079830,603.5,221.0,1,23182,0
1131,1079831,616.2000122070312,219.14999389648438,10,23182,1
1131,1079832,628.25,219.5,2,23182,2
1131,1079833,616.2000122070312,219.14999389648438,10,23183,0
1131,1079834,628.25,219.5,2,23183,1
1131,1079835,603.5,221.0,1,23183,2
1131,1079836,616.2000122070312,219.14999389648438,10,23184,0
1131,1079837,628.25,219.5,2,23184,1
1131,1079838,603.5,221.0,1,23184,2
1131,1079839,616.2000122070312,219.14999389648438,10,23185,0
1131,1079840,628.25,219.5,2,23185,1
1131,1079841,770.0,238.5,1,23185,2
1131,1079842,603.5,221.0,1,23185,3
1131,1079843,616.2000122070312,219.14999389648438,10,23186,0
1131,1079844,628.25,219.5,2,23186,1
1131,1079845,603.5,221.0,1,23186,2
1131,1079846,628.25,219.5,2,23187,0
1131,1079847,616.2000122070312,219.14999389648438,10,23187,1
1131,1079848,603.5,221.0,1,23187,2
1131,1079849,616.2000122070312,219.14999389648438,10,23188,0
1131,1079850,628.25,219.5,2,23188,1
1131,1079851,770.0,238.5,1,23188,2
1131,1079852,603.5,221.0,1,23188,3
1131,1079853,628.25,219.5,2,23189,0
1131,1079854,770.0,238.5,1,23189,1
1131,1079855,616.2000122070312,219.14999389648438,10,23189,2
1131,1079856,603.5,221.0,1,23189,3
1131,1079857,943.875,265.5,4,23190,0
1131,1079858,596.75,217.0,2,23190,1
1131,1079859,770.0,238.5,1,23190,2
1131,1079860,943.875,265.5,4,23191,0
1131,1079861,596.75,217.0,2,23191,1
1131,1079862,770.0,238.5,1,23191,2
1131,1079863,943.875,265.5,4,23192,0
1131,1079864,599.5,217.0,1,23192,1
1131,1079865,770.0,238.5,1,23192,2
1141,1079803,943.875,265.5,4,23175,0
1141,1079804,770.0,238.5,1,23175,1
1141,1079805,616.2000122070312,219.14999389648438,10,23176,0
1141,1079806,886.0,265.5,2,23176,1
1141,1079807,770.0,238.5,1,23176,2
1141,1079808,628.25,219.5,2,23176,3
1141,1079809,603.5,221.0,1,23176,4
1141,1079810,616.2000122070312,219.14999389648438,10,23177,0
1141,1079811,603.5,221.0,1,23177,1
1141,1079812,628.25,219.5,2,23177,2
1141,1079813,770.0,238.5,1,23178,0
1141,1079814,632.0,220.5,1,23178,1
1141,1079815,620.5999755859375,217.60000610351562,5,23178,2
1141,1079816,943.875,265.5,4,23178,3
1141,1079817,616.2000122070312,219.14999389648438,10,23179,0
1141,1079818,603.5,221.0,1,23179,1
1141,1079819,628.25,219.5,2,23179,2
1141,1079820,616.2000122070312,219.14999389648438,10,23180,0
1141,1079821,886.0,265.5,2,23180,1
1141,1079822,1058.0,267.5,1,23180,2
1141,1079823,603.5,221.0,1,23180,3
1141,1079824,628.25,219.5,2,23180,4
1141,1079825,770.0,238.5,1,23180,5
1141,1079826,616.2000122070312,219.14999389648438,10,23181,0
1141,1079827,603.5,221.0,1,23181,1
1141,1079828,628.25,219.5,2,23181,2
1141,1079829,770.0,238.5,1,23181,3
1141,1079830,603.5,221.0,1,23182,0
1141,1079831,616.2000122070312,219.14999389648438,10,23182,1
1141,1079832,628.25,219.5,2,23182,2
1141,1079833,616.2000122070312,219.14999389648438,10,23183,0
1141,1079834,628.25,219.5,2,23183,1
1141,1079835,603.5,221.0,1,23183,2
1141,1079836,616.2000122070312,219.14999389648438,10,23184,0
1141,1079837,628.25,219.5,2,23184,1
1141,1079838,603.5,221.0,1,23184,2
1141,1079839,616.2000122070312,219.14999389648438,10,23185,0
1141,1079840,628.25,219.5,2,23185,1
1141,1079841,770.0,238.5,1,23185,2
1141,1079842,603.5,221.0,1,23185,3
1141,1079843,616.2000122070312,219.14999389648438,10,23186,0
1141,1079844,628.25,219.5,2,23186,1
1141,1079845,603.5,221.0,1,23186,2
1141,1079846,628.25,219.5,2,23187,0
1141,1079847,616.2000122070312,219.14999389648438,10,23187,1
1141,1079848,603.5,221.0,1,23187,2
1141,1079849,616.2000122070312,219.14999389648438,10,23188,0
1141,1079850,628.25,219.5,2,23188,1
1141,1079851,770.0,238.5,1,23188,2
1141,1079852,603.5,221.0,1,23188,3
1141,1079853,628.25,219.5,2,23189,0
1141,1079854,770.0,238.5,1,23189,1
1141,1079855,616.2000122070312,219.14999389648438,10,23189,2
1141,1079856,603.5,221.0,1,23189,3
1141,1079857,943.875,265.5,4,23190,0
1141,1079858,596.75,217.0,2,23190,1
1141,1079859,770.0,238.5,1,23190,2
1141,1079860,943.875,265.5,4,23191,0
1141,1079861,596.75,217.0,2,23191,1
1141,1079862,770.0,238.5,1,23191,2
1141,1079863,943.875,265.5,4,23192,0
1141,1079864,599.5,217.0,1,23192,1
1141,1079865,770.0,238.5,1,23192,2
1151,1079803,934.2083129882812,263.5,3,23175,0
1151,1079804,824.0,239.5,1,23175,1
1151,1079805,614.6375122070312,219.14999389648438,8,23176,0
1151,1079806,879.5,263.75,2,23176,1
1151,1079807,824.0,239.5,1,23176,2
1151,1079808,625.25,220.0,3,23176,3
1151,1079809,603.75,221.5,2,23176,4
1151,1079810,614.6375122070312,219.14999389648438,8,23177,0
1151,1079811,603.75,221.5,2,23177,1
1151,1079812,625.25,220.0,3,23177,2
1151,1079813,824.0,239.5,1,23178,0
1151,1079814,625.5,219.5,1,23178,1
1151,1079815,621.0999755859375,218.60000610351562,4,23178,2
1151,1079816,934.2083129882812,263.5,3,23178,3
1151,1079817,614.6375122070312,219.14999389648438,8,23179,0
1151,1079818,603.75,221.5,2,23179,1
1151,1079819,625.25,220.0,3,23179,2
1151,1079820,614.6375122070312,219.14999389648438,8,23180,0
1151,1079821,879.5,263.75,2,23180,1
1151,1079822,1042.0,265.0,1,23180,2
1151,1079823,603.75,221.5,2,23180,3
1151,1079824,625.25,220.0,3,23180,4
1151,1079825,824.0,239.5,1,23180,5
1151,1079826,614.6375122070312,219.14999389648438,8,23181,0
1151,1079827,603.75,221.5,2,23181,1
1151,1079828,625.25,220.0,3,23181,2
1151,1079829,824.0,239.5,1,23181,3
1151,1079830,603.75,221.5,2,23182,0
1151,1079831,614.6375122070312,219.14999389648438,8,23182,1
1151,1079832,625.25,220.0,3,23182,2
1151,1079833,614.6375122070312,219.14999389648438,8,23183,0
1151,1079834,625.25,220.0,3,23183,1
1151,1079835,603.75,221.5,2,23183,2
1151,1079836,614.6375122070312,219.14999389648438,8,23184,0
1151,1079837,625.25,220.0,3,23184,1
1151,1079838,603.75,221.5,2,23184,2
1151,1079839,614.6375122070312,219.14999389648438,8,23185,0
1151,1079840,625.25,220.0,3,23185,1
1151,1079841,824.0,239.5,1,23185,2
1151,1079842,603.75,221.5,2,23185,3
1151,1079843,614.6375122070312,219.14999389648438,8,23186,0
1151,1079844,625.25,220.0,3,23186,1
1151,1079845,603.75,221.5,2,23186,2
1151,1079846,625.25,220.0,3,23187,0
1151,1079847,614.6375122070312,219.14999389648438,8,23187,1
1151,1079848,603.75,221.5,2,23187,2
1151,1079849,614.6375122070312,219.14999389648438,8,23188,0
1151,1079850,625.25,220.0,3,23188,1
1151,1079851,824.0,239.5,1,23188,2
1151,1079852,603.75,221.5,2,23188,3
1151,1079853,625.25,220.0,3,23189,0
1151,1079854,824.0,239.5,1,23189,1
1151,1079855,614.6375122070312,219.14999389648438,8,23189,2
1151,1079856,603.75,221.5,2,23189,3
1151,1079857,934.2083129882812,263.5,3,23190,0
1151,1079858,599.5,218.75,2,23190,1
1151,1079859,824.0,239.5,1,23190,2
1151,1079860,934.2083129882812,263.5,3,23191,0
1151,1079861,599.5,218.75,2,23191,1
1151,1079862,824.0,239.5,1,23191,2
1151,1079863,934.2083129882812,263.5,3,23192,0
1151,1079864,603.0,220.5,1,23192,1
1151,1079865,824.0,239.5,1,23192,2
1161,1079803,934.2083129882812,263.5,3,23175,0
1161,1079804,824.0,239.5,2,23175,1
1161,1079805,614.6375122070312,219.14999389648438,8,23176,0
1161,1079806,879.5,263.75,2,23176,1
1161,1079807,824.0,239.5,1,23176,2
1161,1079808,625.25,220.0,3,23176,3
1161,1079809,603.75,221.5,2,23176,4
1161,1079810,614.6375122070312,219.14999389648438,8,23177,0
1161,1079811,603.75,221.5,2,23177,1
1161,1079812,625.25,220.0,3,23177,2
1161,1079813,824.0,239.5,2,23178,0
1161,1079814,625.5,219.5,1,23178,1
1161,1079815,621.0999755859375,218.60000610351562,5,23178,2
1161,1079816,934.2083129882812,263.5,3,23178,3
1161,1079817,614.6375122070312,219.14999389648438,8,23179,0
1161,1079818,603.75,221.5,2,23179,1
1161,1079819,625.25,220.0,3,23179,2
1161,1079820,614.6375122070312,219.14999389648438,8,23180,0
1161,1079821,879.5,263.75,2,23180,1
1161,1079822,1042.0,265.0,1,23180,2
1161,1079823,603.75,221.5,2,23180,3
1161,1079824,625.25,220.0,3,23180,4
1161,1079825,824.0,239.5,1,23180,5
1161,1079826,614.6375122070312,219.14999389648438,8,23181,0
1161,1079827,603.75,221.5,2,23181,1
1161,1079828,625.25,220.0,3,23181,2
1161,1079829,824.0,239.5,1,23181,3
1161,1079830,603.75,221.5,2,23182,0
1161,1079831,614.6375122070312,219.14999389648438,8,23182,1
1161,1079832,625.25,220.0,3,23182,2
1161,1079833,614.6375122070312,219.14999389648438,8,23183,0
1161,1079834,625.25,220.0,3,23183,1
1161,1079835,603.75,221.5,2,23183,2
1161,1079836,614.6375122070312,219.14999389648438,8,23184,0
1161,1079837,625.25,220.0,3,23184,1
1161,1079838,603.75,221.5,2,23184,2
1161,1079839,614.6375122070312,219.14999389648438,8,23185,0
1161,1079840,625.25,220.0,3,23185,1
1161,1079841,824.0,239.5,1,23185,2
1161,1079842,603.75,221.5,2,23185,3
1161,1079843,614.6375122070312,219.14999389648438,8,23186,0
1161,1079844,625.25,220.0,3,23186,1
1161,1079845,603.75,221.5,2,23186,2
1161,1079846,625.25,220.0,3,23187,0
1161,1079847,614.6375122070312,219.14999389648438,8,23187,1
1161,1079848,603.75,221.5,2,23187,2
1161,1079849,614.6375122070312,219.14999389648438,8,23188,0
1161,1079850,625.25,220.0,3,23188,1
1161,1079851,824.0,239.5,1,23188,2
1161,1079852,603.75,221.5,2,23188,3
1161,1079853,625.25,220.0,3,23189,0
1161,1079854,824.0,239.5,1,23189,1
1161,1079855,614.6375122070312,219.14999389648438,8,23189,2
1161,1079856,603.75,221.5,2,23189,3
1161,1079857,934.2083129882812,263.5,3,23190,0
1161,1079858,599.5,218.75,2,23190,1
1161,1079859,824.0,239.5,2,23190,2
1161,1079860,934.2083129882812,263.5,3,23191,0
1161,1079861,599.5,218.75,2,23191,1
1161,1079862,824.0,239.5,2,23191,2
1161,1079863,934.2083129882812,263.5,3,23192,0
1161,1079864,603.0,220.5,1,23192,1
1161,1079865,824.0,239.5,2,23192,2
1171,1079803,934.2083129882812,263.5,3,23175,0
1171,1079804,824.0,239.5,2,23175,1
1171,1079805,614.6375122070312,219.14999389648438,8,23176,0
1171,1079806,879.5,263.75,2,23176,1
1171,1079807,824.0,239.5,1,23176,2
1171,1079808,625.25,220.0,3,23176,3
1171,1079809,603.75,221.5,2,23176,4
1171,1079810,614.6375122070312,219.14999389648438,8,23177,0
1171,1079811,603.75,221.5,2,23177,1
1171,1079812,625.25,220.0,3,23177,2
1171,1079813,824.0,239.5,2,23178,0
1171,1079814,625.5,219.5,1,23178,1
1171,1079815,621.0999755859375,218.60000610351562,5,23178,2
1171,1079816,934.2083129882812,263.5,3,23178,3
1171,1079817,614.6375122070312,219.14999389648438,8,23179,0
1171,1079818,603.75,221.5,2,23179,1
1171,1079819,625.25,220.0,3,23179,2
1171,1079820,614.6375122070312,219.14999389648438,8,23180,0
1171,1079821,879.5,263.75,2,23180,1
1171,1079822,1042.0,265.0,1,23180,2
1171,1079823,603.75,221.5,2,23180,3
1171,1079824,625.25,220.0,3,23180,4
1171,1079825,824.0,239.5,1,23180,5
1171,1079826,614.6375122070312,219.14999389648438,8,23181,0
1171,1079827,603.75,221.5,2,23181,1
1171,1079828,625.25,220.0,3,23181,2
1171,1079829,824.0,239.5,1,23181,3
1171,1079830,603.75,221.5,2,23182,0
1171,1079831,614.6375122070312,219.14999389648438,8,23182,1
1171,1079832,625.25,220.0,3,23182,2
1171,1079833,614.6375122070312,219.14999389648438,8,23183,0
1171,1079834,625.25,220.0,3,23183,1
1171,1079835,603.75,221.5,2,23183,2
1171,1079836,614.6375122070312,219.14999389648438,8,23184,0
1171,1079837,625.25,220.0,3,23184,1
1171,1079838,603.75,221.5,2,23184,2
1171,1079839,614.6375122070312,219.14999389648438,8,23185,0
1171,1079840,625.25,220.0,3,23185,1
1171,1079841,824.0,239.5,1,23185,2
1171,1079842,603.75,221.5,2,23185,3
1171,1079843,614.6375122070312,219.14999389648438,8,23186,0
1171,1079844,625.25,220.0,3,23186,1
1171,1079845,603.75,221.5,2,23186,2
1171,1079846,625.25,220.0,3,23187,0
1171,1079847,614.6375122070312,219.14999389648438,8,23187,1
1171,1079848,603.75,221.5,2,23187,2
1171,1079849,614.6375122070312,219.14999389648438,8,23188,0
1171,1079850,625.25,220.0,3,23188,1
1171,1079851,824.0,239.5,1,23188,2
1171,1079852,603.75,221.5,2,23188,3
1171,1079853,625.25,220.0,3,23189,0
1171,1079854,824.0,239.5,1,23189,1
1171,1079855,614.6375122070312,219.14999389648438,8,23189,2
1171,1079856,603.75,221.5,2,23189,3
1171,1079857,934.2083129882812,263.5,3,23190,0
1171,1079858,599.5,218.75,2,23190,1
1171,1079859,824.0,239.5,2,23190,2
1171,1079860,934.2083129882812,263.5,3,23191,0
1171,1079861,599.5,218.75,2,23191,1
1171,1079862,824.0,239.5,2,23191,2
1171,1079863,934.2083129882812,263.5,3,23192,0
1171,1079864,603.0,220.5,1,23192,1
1171,1079865,824.0,239.5,2,23192,2
1181,1079803,934.2083129882812,263.5,3,23175,0
1181,1079804,824.0,239.5,2,23175,1
1181,1079805,614.6375122070312,219.14999389648438,8,23176,0
1181,1079806,879.5,263.75,2,23176,1
1181,1079807,824.0,239.5,1,23176,2
1181,1079808,625.25,220.0,3,23176,3
1181,1079809,603.75,221.5,2,23176,4
1181,1079810,614.6375122070312,219.14999389648438,8,23177,0
1181,1079811,603.75,221.5,2,23177,1
1181,1079812,625.25,220.0,3,23177,2
1181,1079813,824.0,239.5,2,23178,0
1181,1079814,625.5,219.5,1,23178,1
1181,1079815,621.0999755859375,218.60000610351562,5,23178,2
1181,1079816,934.2083129882812,263.5,3,23178,3
1181,1079817,614.6375122070312,219.14999389648438,8,23179,0
1181,1079818,603.75,221.5,2,23179,1
1181,1079819,625.25,220.0,3,23179,2
1181,1079820,614.6375122070312,219.14999389648438,8,23180,0
1181,1079821,879.5,263.75,2,23180,1
1181,1079822,1042.0,265.0,1,23180,2
1181,1079823,603.75,221.5,2,23180,3
1181,1079824,625.25,220.0,3,23180,4
1181,1079825,824.0,239.5,1,23180,5
1181,1079826,614.6375122070312,219.14999389648438,8,23181,0
1181,1079827,603.75,221.5,2,23181,1
1181,1079828,625.25,220.0,3,23181,2
1181,1079829,824.0,239.5,1,23181,3
1181,1079830,603.75,221.5,2,23182,0
1181,1079831,614.6375122070312,219.14999389648438,8,23182,1
1181,1079832,625.25,220.0,3,23182,2
1181,1079833,614.6375122070312,219.14999389648438,8,23183,0
1181,1079834,625.25,220.0,3,23183,1
1181,1079835,603.75,221.5,2,23183,2
1181,1079836,614.6375122070312,219.14999389648438,8,23184,0
1181,1079837,625.25,220.0,3,23184,1
1181,1079838,603.75,221.5,2,23184,2
1181,1079839,614.6375122070312,219.14999389648438,8,23185,0
1181,1079840,625.25,220.0,3,23185,1
1181,1079841,824.0,239.5,1,23185,2
1181,1079842,603.75,221.5,2,23185,3
1181,1079843,614.6375122070312,219.14999389648438,8,23186,0
1181,1079844,625.25,220.0,3,23186,1
1181,1079845,603.75,221.5,2,23186,2
1181,1079846,625.25,220.0,3,23187,0
1181,1079847,614.6375122070312,219.14999389648438,8,23187,1
1181,1079848,603.75,221.5,2,23187,2
1181,1079849,614.6375122070312,219.14999389648438,8,23188,0
1181,1079850,625.25,220.0,3,23188,1
1181,1079851,824.0,239.5,1,23188,2
1181,1079852,603.75,221.5,2,23188,3
1181,1079853,625.25,220.0,3,23189,0
1181,1079854,824.0,239.5,1,23189,1
1181,1079855,614.6375122070312,219.14999389648438,8,23189,2
1181,1079856,603.75,221.5,2,23189,3
1181,1079857,934.2083129882812,263.5,3,23190,0
1181,1079858,599.5,218.75,2,23190,1
1181,1079859,824.0,239.5,2,23190,2
1181,1079860,934.2083129882812,263.5,3,23191,0
1181,1079861,599.5,218.75,2,23191,1
1181,1079862,824.0,239.5,2,23191,2
1181,1079863,934.2083129882812,263.5,3,23192,0
1181,1079864,603.0,220.5,1,23192,1
1181,1079865,824.0,239.5,2,23192,2
1191,1079803,934.2083129882812,263.5,3,23175,0
1191,1079804,824.0,239.5,2,23175,1
1191,1079805,614.6375122070312,219.14999389648438,8,23176,0
1191,1079806,879.5,263.75,2,23176,1
1191,1079807,824.0,239.5,1,23176,2
1191,1079808,625.25,220.0,3,23176,3
1191,1079809,603.75,221.5,2,23176,4
1191,1079810,614.6375122070312,219.14999389648438,8,23177,0
1191,1079811,603.75,221.5,2,23177,1
1191,1079812,625.25,220.0,3,23177,2
1191,1079813,824.0,239.5,2,23178,0
1191,1079814,625.5,219.5,1,23178,1
1191,1079815,621.0999755859375,218.60000610351562,5,23178,2
1191,1079816,934.2083129882812,263.5,3,23178,3
1191,1079817,614.6375122070312,219.14999389648438,8,23179,0
1191,1079818,603.75,221.5,2,23179,1
1191,1079819,625.25,220.0,3,23179,2
1191,1079820,614.6375122070312,219.14999389648438,8,23180,0
1191,1079821,879.5,263.75,2,23180,1
1191,1079822,1042.0,265.0,1,23180,2
1191,1079823,603.75,221.5,2,23180,3
1191,1079824,625.25,220.0,3,23180,4
1191,1079825,824.0,239.5,1,23180,5
1191,1079826,614.6375122070312,219.14999389648438,8,23181,0
1191,1079827,603.75,221.5,2,23181,1
1191,1079828,625.25,220.0,3,23181,2
1191,1079829,824.0,239.5,1,23181,3
1191,1079830,603.75,221.5,2,23182,0
1191,1079831,614.6375122070312,219.14999389648438,8,23182,1
1191,1079832,625.25,220.0,3,23182,2
1191,1079833,614.6375122070312,219.14999389648438,8,23183,0
1191,1079834,625.25,220.0,3,23183,1
1191,1079835,603.75,221.5,2,23183,2
1191,1079836,614.6375122070312,219.14999389648438,8,23184,0
1191,1079837,625.25,220.0,3,23184,1
1191,1079838,603.75,221.5,2,23184,2
1191,1079839,614.6375122070312,219.14999389648438,8,23185,0
1191,1079840,625.25,220.0,3,23185,1
1191,1079841,824.0,239.5,1,23185,2
1191,1079842,603.75,221.5,2,23185,3
1191,1079843,614.6375122070312,219.14999389648438,8,23186,0
1191,1079844,625.25,220.0,3,23186,1
1191,1079845,603.75,221.5,2,23186,2
1191,1079846,625.25,220.0,3,23187,0
1191,1079847,614.6375122070312,219.14999389648438,8,23187,1
1191,1079848,603.75,221.5,2,23187,2
1191,1079849,614.6375122070312,219.14999389648438,8,23188,0
1191,1079850,625.25,220.0,3,23188,1
1191,1079851,824.0,239.5,1,23188,2
1191,1079852,603.75,221.5,2,23188,3
1191,1079853,625.25,220.0,3,23189,0
1191,1079854,824.0,239.5,1,23189,1
1191,1079855,614.6375122070312,219.14999389648438,8,23189,2
1191,1079856,603.75,221.5,2,23189,3
1191,1079857,934.2083129882812,263.5,3,23190,0
1191,1079858,599.5,218.75,2,23190,1
1191,1079859,824.0,239.5,2,23190,2
1191,1079860,934.2083129882812,263.5,3,23191,0
1191,1079861,599.5,218.75,2,23191,1
1191,1079862,824.0,239.5,2,23191,2
1191,1079863,934.2083129882812,263.5,3,23192,0
1191,1079864,603.0,220.5,1,23192,1
1191,1079865,824.0,239.5,2,23192,2
1201,1079803,934.2083129882812,263.5,3,23175,0
1201,1079804,824.0,239.5,2,23175,1
1201,1079805,614.6375122070312,219.14999389648438,8,23176,0
1201,1079806,879.5,263.75,2,23176,1
1201,1079807,824.0,239.5,1,23176,2
1201,1079808,625.25,220.0,3,23176,3
1201,1079809,603.75,221.5,2,23176,4
1201,1079810,614.6375122070312,219.14999389648438,8,23177,0
1201,1079811,603.75,221.5,2,23177,1
1201,1079812,625.25,220.0,3,23177,2
1201,1079813,824.0,239.5,2,23178,0
1201,1079814,625.5,219.5,1,23178,1
1201,1079815,621.0999755859375,218.60000610351562,5,23178,2
1201,1079816,934.2083129882812,263.5,3,23178,3
1201,1079817,614.6375122070312,219.14999389648438,8,23179,0
1201,1079818,603.75,221.5,2,23179,1
1201,1079819,625.25,220.0,3,23179,2
1201,1079820,614.6375122070312,219.14999389648438,8,23180,0
1201,1079821,879.5,263.75,2,23180,1
1201,1079822,1042.0,265.0,1,23180,2
1201,1079823,603.75,221.5,2,23180,3
1201,1079824,625.25,220.0,3,23180,4
1201,1079825,824.0,239.5,1,23180,5
1201,1079826,614.6375122070312,219.14999389648438,8,23181,0
1201,1079827,603.75,221.5,2,23181,1
1201,1079828,625.25,220.0,3,23181,2
1201,1079829,824.0,239.5,1,23181,3
1201,1079830,603.75,221.5,2,23182,0
1201,1079831,614.6375122070312,219.14999389648438,8,23182,1
1201,1079832,625.25,220.0,3,23182,2
1201,1079833,614.6375122070312,219.14999389648438,8,23183,0
1201,1079834,625.25,220.0,3,23183,1
1201,1079835,603.75,221.5,2,23183,2
1201,1079836,614.6375122070312,219.14999389648438,8,23184,0
1201,1079837,625.25,220.0,3,23184,1
1201,1079838,603.75,221.5,2,23184,2
1201,1079839,614.6375122070312,219.14999389648438,8,23185,0
1201,1079840,625.25,220.0,3,23185,1
1201,1079841,824.0,239.5,1,23185,2
1201,1079842,603.75,221.5,2,23185,3
1201,1079843,614.6375122070312,219.14999389648438,8,23186,0
1201,1079844,625.25,220.0,3,23186,1
1201,1079845,603.75,221.5,2,23186,2
1201,1079846,625.25,220.0,3,23187,0
1201,1079847,614.6375122070312,219.14999389648438,8,23187,1
1201,1079848,603.75,221.5,2,23187,2
1201,1079849,614.6375122070312,219.14999389648438,8,23188,0
1201,1079850,625.25,220.0,3,23188,1
1201,1079851,824.0,239.5,1,23188,2
1201,1079852,603.75,221.5,2,23188,3
1201,1079853,625.25,220.0,3,23189,0
1201,1079854,824.0,239.5,1,23189,1
1201,1079855,614.6375122070312,219.14999389648438,8,23189,2
1201,1079856,603.75,221.5,2,23189,3
1201,1079857,934.2083129882812,263.5,3,23190,0
1201,1079858,599.5,218.75,2,23190,1
1201,1079859,824.0,239.5,2,23190,2
1201,1079860,934.2083129882812,263.5,3,23191,0
1201,1079861,599.5,218.75,2,23191,1
1201,1079862,824.0,239.5,2,23191,2
1201,1079863,934.2083129882812,263.5,3,23192,0
1201,1079864,603.0,220.5,1,23192,1
1201,1079865,824.0,239.5,2,23192,2
1211,1079803,934.2083129882812,263.5,3,23175,0
1211,1079804,824.0,239.5,2,23175,1
1211,1079805,614.6375122070312,219.14999389648438,8,23176,0
1211,1079806,879.5,263.75,2,23176,1
1211,1079807,824.0,239.5,1,23176,2
1211,1079808,625.25,220.0,3,23176,3
1211,1079809,603.75,221.5,2,23176,4
1211,1079810,614.6375122070312,219.14999389648438,8,23177,0
1211,1079811,603.75,221.5,2,23177,1
1211,1079812,625.25,220.0,3,23177,2
1211,1079813,824.0,239.5,2,23178,0
1211,1079814,625.5,219.5,1,23178,1
1211,1079815,621.0999755859375,218.60000610351562,5,23178,2
1211,1079816,934.2083129882812,263.5,3,23178,3
1211,1079817,614.6375122070312,219.14999389648438,8,23179,0
1211,1079818,603.75,221.5,2,23179,1
1211,1079819,625.25,220.0,3,23179,2
1211,1079820,614.6375122070312,219.14999389648438,8,23180,0
1211,1079821,879.5,263.75,2,23180,1
1211,1079822,1042.0,265.0,1,23180,2
1211,1079823,603.75,221.5,2,23180,3
1211,1079824,625.25,220.0,3,23180,4
1211,1079825,824.0,239.5,1,23180,5
1211,1079826,614.6375122070312,219.14999389648438,8,23181,0
1211,1079827,603.75,221.5,2,23181,1
1211,1079828,625.25,220.0,3,23181,2
1211,1079829,824.0,239.5,1,23181,3
1211,1079830,603.75,221.5,2,23182,0
1211,1079831,614.6375122070312,219.14999389648438,8,23182,1
1211,1079832,625.25,220.0,3,23182,2
1211,1079833,614.6375122070312,219.14999389648438,8,23183,0
1211,1079834,625.25,220.0,3,23183,1
1211,1079835,603.75,221.5,2,23183,2
1211,1079836,614.6375122070312,219.14999389648438,8,23184,0
1211,1079837,625.25,220.0,3,23184,1
1211,1079838,603.75,221.5,2,23184,2
1211,1079839,614.6375122070312,219.14999389648438,8,23185,0
1211,1079840,625.25,220.0,3,23185,1
1211,1079841,824.0,239.5,1,23185,2
1211,1079842,603.75,221.5,2,23185,3
1211,1079843,614.6375122070312,219.14999389648438,8,23186,0
1211,1079844,625.25,220.0,3,23186,1
1211,1079845,603.75,221.5,2,23186,2
1211,1079846,625.25,220.0,3,23187,0
1211,1079847,614.6375122070312,219.14999389648438,8,23187,1
1211,1079848,603.75,221.5,2,23187,2
1211,1079849,614.6375122070312,219.14999389648438,8,23188,0
1211,1079850,625.25,220.0,3,23188,1
1211,1079851,824.0,239.5,1,23188,2
1211,1079852,603.75,221.5,2,23188,3
1211,1079853,625.25,220.0,3,23189,0
1211,1079854,824.0,239.5,1,23189,1
1211,1079855,614.6375122070312,219.14999389648438,8,23189,2
1211,1079856,603.75,221.5,2,23189,3
1211,1079857,934.2083129882812,263.5,3,23190,0
1211,1079858,599.5,218.75,2,23190,1
1211,1079859,824.0,239.5,2,23190,2
1211,1079860,934.2083129882812,263.5,3,23191,0
1211,1079861,599.5,218.75,2,23191,1
1211,1079862,824.0,239.5,2,23191,2
1211,1079863,934.2083129882812,263.5,3,23192,0
1211,1079864,603.0,220.5,1,23192,1
1211,1079865,824.0,239.5,2,23192,2
1221,1079803,934.2083129882812,263.5,3,23175,0
1221,1079804,824.0,239.5,2,23175,1
1221,1079805,614.6375122070312,219.14999389648438,8,23176,0
1221,1079806,879.5,263.75,2,23176,1
1221,1079807,824.0,239.5,1,23176,2
1221,1079808,625.25,220.0,3,23176,3
1221,1079809,603.75,221.5,2,23176,4
1221,1079810,614.6375122070312,219.14999389648438,8,23177,0
1221,1079811,603.75,221.5,2,23177,1
1221,1079812,625.25,220.0,3,23177,2
1221,1079813,824.0,239.5,2,23178,0
1221,1079814,625.5,219.5,1,23178,1
1221,1079815,621.0999755859375,218.60000610351562,5,23178,2
1221,1079816,934.2083129882812,263.5,3,23178,3
1221,1079817,614.6375122070312,219.14999389648438,8,23179,0
1221,1079818,603.75,221.5,2,23179,1
1221,1079819,625.25,220.0,3,23179,2
1221,1079820,614.6375122070312,219.14999389648438,8,23180,0
1221,1079821,879.5,263.75,2,23180,1
1221,1079822,1042.0,265.0,1,23180,2
1221,1079823,603.75,221.5,2,23180,3
1221,1079824,625.25,220.0,3,23180,4
1221,1079825,824.0,239.5,1,23180,5
1221,1079826,614.6375122070312,219.14999389648438,8,23181,0
1221,1079827,603.75,221.5,2,23181,1
1221,1079828,625.25,220.0,3,23181,2
1221,1079829,824.0,239.5,1,23181,3
1221,1079830,603.75,221.5,2,23182,0
1221,1079831,614.6375122070312,219.14999389648438,8,23182,1
1221,1079832,625.25,220.0,3,23182,2
1221,1079833,614.6375122070312,219.14999389648438,8,23183,0
1221,1079834,625.25,220.0,3,23183,1
1221,1079835,603.75,221.5,2,23183,2
1221,1079836,614.6375122070312,219.14999389648438,8,23184,0
1221,1079837,625.25,220.0,3,23184,1
1221,1079838,603.75,221.5,2,23184,2
1221,1079839,614.6375122070312,219.14999389648438,8,23185,0
1221,1079840,625.25,220.0,3,23185,1
1221,1079841,824.0,239.5,1,23185,2
1221,1079842,603.75,221.5,2,23185,3
1221,1079843,614.6375122070312,219.14999389648438,8,23186,0
1221,1079844,625.25,220.0,3,23186,1
1221,1079845,603.75,221.5,2,23186,2
1221,1079846,625.25,220.0,3,23187,0
1221,1079847,614.6375122070312,219.14999389648438,8,23187,1
1221,1079848,603.75,221.5,2,23187,2
1221,1079849,614.6375122070312,219.14999389648438,8,23188,0
1221,1079850,625.25,220.0,3,23188,1
1221,1079851,824.0,239.5,1,23188,2
1221,1079852,603.75,221.5,2,23188,3
1221,1079853,625.25,220.0,3,23189,0
1221,1079854,824.0,239.5,1,23189,1
1221,1079855,614.6375122070312,219.14999389648438,8,23189,2
1221,1079856,603.75,221.5,2,23189,3
1221,1079857,934.2083129882812,263.5,3,23190,0
1221,1079858,599.5,218.75,2,23190,1
1221,1079859,824.0,239.5,2,23190,2
1221,1079860,934.2083129882812,263.5,3,23191,0
1221,1079861,599.5,218.75,2,23191,1
1221,1079862,824.0,239.5,2,23191,2
1221,1079863,934.2083129882812,263.5,3,23192,0
1221,1079864,603.0,220.5,1,23192,1
1221,1079865,824.0,239.5,2,23192,2
1231,1079803,934.2083129882812,263.5,3,23175,0
1231,1079804,824.0,239.5,2,23175,1
1231,1079805,614.6375122070312,219.14999389648438,8,23176,0
1231,1079806,879.5,263.75,2,23176,1
1231,1079807,824.0,239.5,1,23176,2
1231,1079808,625.25,220.0,3,23176,3
1231,1079809,603.75,221.5,2,23176,4
1231,1079810,614.6375122070312,219.14999389648438,8,23177,0
1231,1079811,603.75,221.5,2,23177,1
1231,1079812,625.25,220.0,3,23177,2
1231,1079813,824.0,239.5,2,23178,0
1231,1079814,625.5,219.5,1,23178,1
1231,1079815,621.0999755859375,218.60000610351562,5,23178,2
1231,1079816,934.2083129882812,263.5,3,23178,3
1231,1079817,614.6375122070312,219.14999389648438,8,23179,0
1231,1079818,603.75,221.5,2,23179,1
1231,1079819,625.25,220.0,3,23179,2
1231,1079820,614.6375122070312,219.14999389648438,8,23180,0
1231,1079821,879.5,263.75,2,23180,1
1231,1079822,1042.0,265.0,1,23180,2
1231,1079823,603.75,221.5,2,23180,3
1231,1079824,625.25,220.0,3,23180,4
1231,1079825,824.0,239.5,1,23180,5
1231,1079826,614.6375122070312,219.14999389648438,8,23181,0
1231,1079827,603.75,221.5,2,23181,1
1231,1079828,625.25,220.0,3,23181,2
1231,1079829,824.0,239.5,1,23181,3
1231,1079830,603.75,221.5,2,23182,0
1231,1079831,614.6375122070312,219.14999389648438,8,23182,1
1231,1079832,625.25,220.0,3,23182,2
1231,1079833,614.6375122070312,219.14999389648438,8,23183,0
1231,1079834,625.25,220.0,3,23183,1
1231,1079835,603.75,221.5,2,23183,2
1231,1079836,614.6375122070312,219.14999389648438,8,23184,0
1231,1079837,625.25,220.0,3,23184,1
1231,1079838,603.75,221.5,2,23184,2
1231,1079839,614.6375122070312,219.14999389648438,8,23185,0
1231,1079840,625.25,220.0,3,23185,1
1231,1079841,824.0,239.5,1,23185,2
1231,1079842,603.75,221.5,2,23185,3
1231,1079843,614.6375122070312,219.14999389648438,8,23186,0
1231,1079844,625.25,220.0,3,23186,1
1231,1079845,603.75,221.5,2,23186,2
1231,1079846,625.25,220.0,3,23187,0
1231,1079847,614.6375122070312,219.14999389648438,8,23187,1
1231,1079848,603.75,221.5,2,23187,2
1231,1079849,614.6375122070312,219.14999389648438,8,23188,0
1231,1079850,625.25,220.0,3,23188,1
1231,1079851,824.0,239.5,1,23188,2
1231,1079852,603.75,221.5,2,23188,3
1231,1079853,625.25,220.0,3,23189,0
1231,1079854,824.0,239.5,1,23189,1
1231,1079855,614.6375122070312,219.14999389648438,8,23189,2
1231,1079856,603.75,221.5,2,23189,3
1231,1079857,934.2083129882812,263.5,3,23190,0
1231,1079858,599.5,218.75,2,23190,1
1231,1079859,824.0,239.5,2,23190,2
1231,1079860,934.2083129882812,263.5,3,23191,0
1231,1079861,599.5,218.75,2,23191,1
1231,1079862,824.0,239.5,2,23191,2
1231,1079863,934.2083129882812,263.5,3,23192,0
1231,1079864,603.0,220.5,1,23192,1
1231,1079865,824.0,239.5,2,23192,2
1241,1079803,934.2083129882812,263.5,3,23175,0
1241,1079804,824.0,239.5,2,23175,1
1241,1079805,614.6375122070312,219.14999389648438,8,23176,0
1241,1079806,879.5,263.75,2,23176,1
1241,1079807,824.0,239.5,1,23176,2
1241,1079808,625.25,220.0,3,23176,3
1241,1079809,603.75,221.5,2,23176,4
1241,1079810,614.6375122070312,219.14999389648438,8,23177,0
1241,1079811,603.75,221.5,2,23177,1
1241,1079812,625.25,220.0,3,23177,2
1241,1079813,824.0,239.5,2,23178,0
1241,1079814,625.5,219.5,1,23178,1
1241,1079815,621.0999755859375,218.60000610351562,5,23178,2
1241,1079816,934.2083129882812,263.5,3,23178,3
1241,1079817,614.6375122070312,219.14999389648438,8,23179,0
1241,1079818,603.75,221.5,2,23179,1
1241,1079819,625.25,220.0,3,23179,2
1241,1079820,614.6375122070312,219.14999389648438,8,23180,0
1241,1079821,879.5,263.75,2,23180,1
1241,1079822,1042.0,265.0,1,23180,2
1241,1079823,603.75,221.5,2,23180,3
1241,1079824,625.25,220.0,3,23180,4
1241,1079825,824.0,239.5,1,23180,5
1241,1079826,614.6375122070312,219.14999389648438,8,23181,0
1241,1079827,603.75,221.5,2,23181,1
1241,1079828,625.25,220.0,3,23181,2
1241,1079829,824.0,239.5,1,23181,3
1241,1079830,603.75,221.5,2,23182,0
1241,1079831,614.6375122070312,219.14999389648438,8,23182,1
1241,1079832,625.25,220.0,3,23182,2
1241,1079833,614.6375122070312,219.14999389648438,8,23183,0
1241,1079834,625.25,220.0,3,23183,1
1241,1079835,603.75,221.5,2,23183,2
1241,1079836,614.6375122070312,219.14999389648438,8,23184,0
1241,1079837,625.25,220.0,3,23184,1
1241,1079838,603.75,221.5,2,23184,2
1241,1079839,614.6375122070312,219.14999389648438,8,23185,0
1241,1079840,625.25,220.0,3,23185,1
1241,1079841,824.0,239.5,1,23185,2
1241,1079842,603.75,221.5,2,23185,3
1241,1079843,614.6375122070312,219.14999389648438,8,23186,0
1241,1079844,625.25,220.0,3,23186,1
1241,1079845,603.75,221.5,2,23186,2
1241,1079846,625.25,220.0,3,23187,0
1241,1079847,614.6375122070312,219.14999389648438,8,23187,1
1241,1079848,603.75,221.5,2,23187,2
1241,1079849,614.6375122070312,219.14999389648438,8,23188,0
1241,1079850,625.25,220.0,3,23188,1
1241,1079851,824.0,239.5,1,23188,2
1241,1079852,603.75,221.5,2,23188,3
1241,1079853,625.25,220.0,3,23189,0
1241,1079854,824.0,239.5,1,23189,1
1241,1079855,614.6375122070312,219.14999389648438,8,23189,2
1241,1079856,603.75,221.5,2,23189,3
1241,1079857,934.2083129882812,263.5,3,23190,0
1241,1079858,599.5,218.75,2,23190,1
1241,1079859,824.0,239.5,2,23190,2
1241,1079860,934.2083129882812,263.5,3,23191,0
1241,1079861,599.5,218.75,2,23191,1
1241,1079862,824.0,239.5,2,23191,2
1241,1079863,934.2083129882812,263.5,3,23192,0
1241,1079864,603.0,220.5,1,23192,1
1241,1079865,824.0,239.5,2,23192,2
1251,1079803,928.9583129882812,263.25,2,23175,0
1251,1079804,873.75,250.5,2,23175,1
1251,1079805,616.2208251953125,219.39999389648438,6,23176,0
1251,1079806,878.25,262.5,2,23176,1
1251,1079807,953.5,261.0,1,23176,2
1251,1079808,631.375,220.125,4,23176,3
1251,1079809,607.25,222.5,2,23176,4
1251,1079810,616.2208251953125,219.39999389648438,6,23177,0
1251,1079811,607.25,222.5,2,23177,1
1251,1079812,631.375,220.125,4,23177,2
1251,1079813,873.75,250.5,2,23178,0
1251,1079814,626.8333129882812,219.8333282470703,3,23178,1
1251,1079815,627.7249755859375,218.60000610351562,4,23178,2
1251,1079816,928.9583129882812,263.25,2,23178,3
1251,1079817,616.2208251953125,219.39999389648438,6,23179,0
1251,1079818,607.25,222.5,2,23179,1
1251,1079819,631.375,220.125,4,23179,2
1251,1079820,616.2208251953125,219.39999389648438,6,23180,0
1251,1079821,878.25,262.5,2,23180,1
1251,1079822,1036.0,266.0,1,23180,2
1251,1079823,607.25,222.5,2,23180,3
1251,1079824,631.375,220.125,4,23180,4
1251,1079825,953.5,261.0,1,23180,5
1251,1079826,616.2208251953125,219.39999389648438,6,23181,0
1251,1079827,607.25,222.5,2,23181,1
1251,1079828,631.375,220.125,4,23181,2
1251,1079829,953.5,261.0,1,23181,3
1251,1079830,607.25,222.5,2,23182,0
1251,1079831,616.2208251953125,219.39999389648438,6,23182,1
1251,1079832,631.375,220.125,4,23182,2
1251,1079833,616.2208251953125,219.39999389648438,6,23183,0
1251,1079834,631.375,220.125,4,23183,1
1251,1079835,607.25,222.5,2,23183,2
1251,1079836,616.2208251953125,219.39999389648438,6,23184,0
1251,1079837,631.375,220.125,4,23184,1
1251,1079838,607.25,222.5,2,23184,2
1251,1079839,616.2208251953125,219.39999389648438,6,23185,0
1251,1079840,631.375,220.125,4,23185,1
1251,1079841,953.5,261.0,1,23185,2
1251,1079842,607.25,222.5,2,23185,3
1251,1079843,616.2208251953125,219.39999389648438,6,23186,0
1251,1079844,631.375,220.125,4,23186,1
1251,1079845,607.25,222.5,2,23186,2
1251,1079846,631.375,220.125,4,23187,0
1251,1079847,616.2208251953125,219.39999389648438,6,23187,1
1251,1079848,607.25,222.5,2,23187,2
1251,1079849,616.2208251953125,219.39999389648438,6,23188,0
1251,1079850,631.375,220.125,4,23188,1
1251,1079851,953.5,261.0,1,23188,2
1251,1079852,607.25,222.5,2,23188,3
1251,1079853,631.375,220.125,4,23189,0
1251,1079854,953.5,261.0,1,23189,1
1251,1079855,616.2208251953125,219.39999389648438,6,23189,2
1251,1079856,607.25,222.5,2,23189,3
1251,1079857,928.9583129882812,263.25,2,23190,0
1251,1079858,613.0,218.25,2,23190,1
1251,1079859,873.75,250.5,2,23190,2
1251,1079860,928.9583129882812,263.25,2,23191,0
1251,1079861,613.0,218.25,2,23191,1
1251,1079862,873.75,250.5,2,23191,2
1251,1079863,928.9583129882812,263.25,2,23192,0
1251,1079864,627.5,220.0,1,23192,1
1251,1079865,873.75,250.5,2,23192,2
1271,1079866,675.9000244140625,230.10000610351562,5,23193,0
1271,1079867,1190.5,279.0,1,23193,1
1271,1079868,621.75,225.5,2,23193,2
1271,1079869,627.2142944335938,225.7142791748047,14,23194,0
1271,1079870,627.2142944335938,225.7142791748047,14,23195,0
1271,1079871,1190.5,279.0,1,23195,1
1271,1079872,627.2142944335938,225.7142791748047,14,23196,0
1271,1079873,629.5999755859375,226.06666564941406,15,23197,0
1271,1079874,1190.5,279.0,1,23197,1
1271,1079875,627.2142944335938,225.7142791748047,14,23198,0
1271,1079876,1190.5,279.0,1,23198,1
1271,1079877,627.2142944335938,225.7142791748047,14,23199,0
1271,1079878,1190.5,279.0,1,23199,1
1271,1079879,629.5999755859375,226.06666564941406,15,23200,0
1271,1079880,627.2142944335938,225.7142791748047,14,23201,0
1271,1079881,627.2142944335938,225.7142791748047,14,23202,0
1271,1079882,629.5999755859375,226.06666564941406,15,23203,0
1271,1079883,627.2142944335938,225.7142791748047,14,23204,0
1271,1079884,629.5999755859375,226.06666564941406,15,23205,0
1271,1079885,1190.5,279.0,1,23205,1
1271,1079886,629.5999755859375,226.06666564941406,15,23206,0
1271,1079887,1190.5,279.0,1,23206,1
1271,1079888,629.5999755859375,226.06666564941406,15,23207,0
1271,1079889,1190.5,279.0,1,23207,1
1271,1079890,1190.5,279.0,1,23208,0
1271,1079891,690.25,231.0,4,23208,1
1271,1079892,608.75,224.375,4,23208,2
1281,1079866,675.9000244140625,230.10000610351562,5,23193,0
1281,1079867,1190.5,279.0,1,23193,1
1281,1079868,621.75,225.5,2,23193,2
1281,1079869,627.2142944335938,225.7142791748047,14,23194,0
1281,1079870,627.2142944335938,225.7142791748047,14,23195,0
1281,1079871,1190.5,279.0,1,23195,1
1281,1079872,627.2142944335938,225.7142791748047,14,23196,0
1281,1079873,629.5999755859375,226.06666564941406,15,23197,0
1281,1079874,1190.5,279.0,1,23197,1
1281,1079875,627.2142944335938,225.7142791748047,14,23198,0
1281,1079876,1190.5,279.0,1,23198,1
1281,1079877,627.2142944335938,225.7142791748047,14,23199,0
1281,1079878,1190.5,279.0,1,23199,1
1281,1079879,629.5999755859375,226.06666564941406,15,23200,0
1281,1079880,627.2142944335938,225.7142791748047,14,23201,0
1281,1079881,627.2142944335938,225.7142791748047,14,23202,0
1281,1079882,629.5999755859375,226.06666564941406,15,23203,0
1281,1079883,627.2142944335938,225.7142791748047,14,23204,0
1281,1079884,629.5999755859375,226.06666564941406,15,23205,0
1281,1079885,1190.5,279.0,1,23205,1
1281,1079886,629.5999755859375,226.06666564941406,15,23206,0
1281,1079887,1190.5,279.0,1,23206,1
1281,1079888,629.5999755859375,226.06666564941406,15,23207,0
1281,1079889,1190.5,279.0,1,23207,1
1281,1079890,1190.5,279.0,1,23208,0
1281,1079891,690.25,231.0,4,23208,1
1281,1079892,608.75,224.375,4,23208,2
1291,1079866,675.9000244140625,230.10000610351562,5,23193,0
1291,1079867,1190.5,279.0,1,23193,1
1291,1079868,621.75,225.5,2,23193,2
1291,1079869,627.2142944335938,225.7142791748047,14,23194,0
1291,1079870,627.2142944335938,225.7142791748047,14,23195,0
1291,1079871,1190.5,279.0,1,23195,1
1291,1079872,627.2142944335938,225.7142791748047,14,23196,0
1291,1079873,629.5999755859375,226.06666564941406,15,23197,0
1291,1079874,1190.5,279.0,1,23197,1
1291,1079875,627.2142944335938,225.7142791748047,14,23198,0
1291,1079876,1190.5,279.0,1,23198,1
1291,1079877,627.2142944335938,225.7142791748047,14,23199,0
1291,1079878,1190.5,279.0,1,23199,1
1291,1079879,629.5999755859375,226.06666564941406,15,23200,0
1291,1079880,627.2142944335938,225.7142791748047,14,23201,0
1291,1079881,627.2142944335938,225.7142791748047,14,23202,0
1291,1079882,629.5999755859375,226.06666564941406,15,23203,0
1291,1079883,627.2142944335938,225.7142791748047,14,23204,0
1291,1079884,629.5999755859375,226.06666564941406,15,23205,0
1291,1079885,1190.5,279.0,1,23205,1
1291,1079886,629.5999755859375,226.06666564941406,15,23206,0
1291,1079887,1190.5,279.0,1,23206,1
1291,1079888,629.5999755859375,226.06666564941406,15,23207,0
1291,1079889,1190.5,279.0,1,23207,1
1291,1079890,1190.5,279.0,1,23208,0
1291,1079891,690.25,231.0,4,23208,1
1291,1079892,608.75,224.375,4,23208,2
1301,1079866,675.9000244140625,230.10000610351562,5,23193,0
1301,1079867,1190.5,279.0,1,23193,1
1301,1079868,621.75,225.5,2,23193,2
1301,1079869,627.2142944335938,225.7142791748047,14,23194,0
1301,1079870,627.2142944335938,225.7142791748047,14,23195,0
1301,1079871,1190.5,279.0,1,23195,1
1301,1079872,627.2142944335938,225.7142791748047,14,23196,0
1301,1079873,629.5999755859375,226.06666564941406,15,23197,0
1301,1079874,1190.5,279.0,1,23197,1
1301,1079875,627.2142944335938,225.7142791748047,14,23198,0
1301,1079876,1190.5,279.0,1,23198,1
1301,1079877,627.2142944335938,225.7142791748047,14,23199,0
1301,1079878,1190.5,279.0,1,23199,1
1301,1079879,629.5999755859375,226.06666564941406,15,23200,0
1301,1079880,627.2142944335938,225.7142791748047,14,23201,0
1301,1079881,627.2142944335938,225.7142791748047,14,23202,0
1301,1079882,629.5999755859375,226.06666564941406,15,23203,0
1301,1079883,627.2142944335938,225.7142791748047,14,23204,0
1301,1079884,629.5999755859375,226.06666564941406,15,23205,0
1301,1079885,1190.5,279.0,1,23205,1
1301,1079886,629.5999755859375,226.06666564941406,15,23206,0
1301,1079887,1190.5,279.0,1,23206,1
1301,1079888,629.5999755859375,226.06666564941406,15,23207,0
1301,1079889,1190.5,279.0,1,23207,1
1301,1079890,1190.5,279.0,1,23208,0
1301,1079891,690.25,231.0,4,23208,1
1301,1079892,608.75,224.375,4,23208,2
1311,1079866,675.9000244140625,230.10000610351562,5,23193,0
1311,1079867,1190.5,279.0,1,23193,1
1311,1079868,621.75,225.5,2,23193,2
1311,1079869,627.2142944335938,225.7142791748047,14,23194,0
1311,1079870,627.2142944335938,225.7142791748047,14,23195,0
1311,1079871,1190.5,279.0,1,23195,1
1311,1079872,627.2142944335938,225.7142791748047,14,23196,0
1311,1079873,629.5999755859375,226.06666564941406,15,23197,0
1311,1079874,1190.5,279.0,1,23197,1
1311,1079875,627.2142944335938,225.7142791748047,14,23198,0
1311,1079876,1190.5,279.0,1,23198,1
1311,1079877,627.2142944335938,225.7142791748047,14,23199,0
1311,1079878,1190.5,279.0,1,23199,1
1311,1079879,629.5999755859375,226.06666564941406,15,23200,0
1311,1079880,627.2142944335938,225.7142791748047,14,23201,0
1311,1079881,627.2142944335938,225.7142791748047,14,23202,0
1311,1079882,629.5999755859375,226.06666564941406,15,23203,0
1311,1079883,627.2142944335938,225.7142791748047,14,23204,0
1311,1079884,629.5999755859375,226.06666564941406,15,23205,0
1311,1079885,1190.5,279.0,1,23205,1
1311,1079886,629.5999755859375,226.06666564941406,15,23206,0
1311,1079887,1190.5,279.0,1,23206,1
1311,1079888,629.5999755859375,226.06666564941406,15,23207,0
1311,1079889,1190.5,279.0,1,23207,1
1311,1079890,1190.5,279.0,1,23208,0
1311,1079891,690.25,231.0,4,23208,1
1311,1079892,608.75,224.375,4,23208,2
1321,1079866,675.9000244140625,230.10000610351562,5,23193,0
1321,1079867,1190.5,279.0,1,23193,1
1321,1079868,621.75,225.5,2,23193,2
1321,1079869,627.2142944335938,225.7142791748047,14,23194,0
1321,1079870,627.2142944335938,225.7142791748047,14,23195,0
1321,1079871,1190.5,279.0,1,23195,1
1321,1079872,627.2142944335938,225.7142791748047,14,23196,0
1321,1079873,629.5999755859375,226.06666564941406,15,23197,0
1321,1079874,1190.5,279.0,1,23197,1
1321,1079875,627.2142944335938,225.7142791748047,14,23198,0
1321,1079876,1190.5,279.0,1,23198,1
1321,1079877,627.2142944335938,225.7142791748047,14,23199,0
1321,1079878,1190.5,279.0,1,23199,1
1321,1079879,629.5999755859375,226.06666564941406,15,23200,0
1321,1079880,627.2142944335938,225.7142791748047,14,23201,0
1321,1079881,627.2142944335938,225.7142791748047,14,23202,0
1321,1079882,629.5999755859375,226.06666564941406,15,23203,0
1321,1079883,627.2142944335938,225.7142791748047,14,23204,0
1321,1079884,629.5999755859375,226.06666564941406,15,23205,0
1321,1079885,1190.5,279.0,1,23205,1
1321,1079886,629.5999755859375,226.06666564941406,15,23206,0
1321,1079887,1190.5,279.0,1,23206,1
1321,1079888,629.5999755859375,226.06666564941406,15,23207,0
1321,1079889,1190.5,279.0,1,23207,1
1321,1079890,1190.5,279.0,1,23208,0
1321,1079891,690.25,231.0,4,23208,1
1321,1079892,608.75,224.375,4,23208,2
1331,1079866,675.9000244140625,230.10000610351562,5,23193,0
1331,1079867,1190.5,279.0,1,23193,1
1331,1079868,621.75,225.5,2,23193,2
1331,1079869,627.2142944335938,225.7142791748047,14,23194,0
1331,1079870,627.2142944335938,225.7142791748047,14,23195,0
1331,1079871,1190.5,279.0,1,23195,1
1331,1079872,627.2142944335938,225.7142791748047,14,23196,0
1331,1079873,629.5999755859375,226.06666564941406,15,23197,0
1331,1079874,1190.5,279.0,1,23197,1
1331,1079875,627.2142944335938,225.7142791748047,14,23198,0
1331,1079876,1190.5,279.0,1,23198,1
1331,1079877,627.2142944335938,225.7142791748047,14,23199,0
1331,1079878,1190.5,279.0,1,23199,1
1331,1079879,629.5999755859375,226.06666564941406,15,23200,0
1331,1079880,627.2142944335938,225.7142791748047,14,23201,0
1331,1079881,627.2142944335938,225.7142791748047,14,23202,0
1331,1079882,629.5999755859375,226.06666564941406,15,23203,0
1331,1079883,627.2142944335938,225.7142791748047,14,23204,0
1331,1079884,629.5999755859375,226.06666564941406,15,23205,0
1331,1079885,1190.5,279.0,1,23205,1
1331,1079886,629.5999755859375,226.06666564941406,15,23206,0
1331,1079887,1190.5,279.0,1,23206,1
1331,1079888,629.5999755859375,226.06666564941406,15,23207,0
1331,1079889,1190.5,279.0,1,23207,1
1331,1079890,1190.5,279.0,1,23208,0
1331,1079891,690.25,231.0,4,23208,1
1331,1079892,608.75,224.375,4,23208,2
1341,1079866,675.9000244140625,230.10000610351562,5,23193,0
1341,1079867,1190.5,279.0,1,23193,1
1341,1079868,621.75,225.5,2,23193,2
1341,1079869,627.2142944335938,225.7142791748047,14,23194,0
1341,1079870,627.2142944335938,225.7142791748047,14,23195,0
1341,1079871,1190.5,279.0,1,23195,1
1341,1079872,627.2142944335938,225.7142791748047,14,23196,0
1341,1079873,629.5999755859375,226.06666564941406,15,23197,0
1341,1079874,1190.5,279.0,1,23197,1
1341,1079875,627.2142944335938,225.7142791748047,14,23198,0
1341,1079876,1190.5,279.0,1,23198,1
1341,1079877,627.2142944335938,225.7142791748047,14,23199,0
1341,1079878,1190.5,279.0,1,23199,1
1341,1079879,629.5999755859375,226.06666564941406,15,23200,0
1341,1079880,627.2142944335938,225.7142791748047,14,23201,0
1341,1079881,627.2142944335938,225.7142791748047,14,23202,0
1341,1079882,629.5999755859375,226.06666564941406,15,23203,0
1341,1079883,627.2142944335938,225.7142791748047,14,23204,0
1341,1079884,629.5999755859375,226.06666564941406,15,23205,0
1341,1079885,1190.5,279.0,1,23205,1
1341,1079886,629.5999755859375,226.06666564941406,15,23206,0
1341,1079887,1190.5,279.0,1,23206,1
1341,1079888,629.5999755859375,226.06666564941406,15,23207,0
1341,1079889,1190.5,279.0,1,23207,1
1341,1079890,1190.5,279.0,1,23208,0
1341,1079891,690.25,231.0,4,23208,1
1341,1079892,608.75,224.375,4,23208,2
1351,1079866,675.9000244140625,230.10000610351562,5,23193,0
1351,1079867,1190.5,279.0,1,23193,1
1351,1079868,621.75,225.5,2,23193,2
1351,1079869,627.2142944335938,225.7142791748047,14,23194,0
1351,1079870,627.2142944335938,225.7142791748047,14,23195,0
1351,1079871,1190.5,279.0,1,23195,1
1351,1079872,627.2142944335938,225.7142791748047,14,23196,0
1351,1079873,629.5999755859375,226.06666564941406,15,23197,0
1351,1079874,1190.5,279.0,1,23197,1
1351,1079875,627.2142944335938,225.7142791748047,14,23198,0
1351,1079876,1190.5,279.0,1,23198,1
1351,1079877,627.2142944335938,225.7142791748047,14,23199,0
1351,1079878,1190.5,279.0,1,23199,1
1351,1079879,629.5999755859375,226.06666564941406,15,23200,0
1351,1079880,627.2142944335938,225.7142791748047,14,23201,0
1351,1079881,627.2142944335938,225.7142791748047,14,23202,0
1351,1079882,629.5999755859375,226.06666564941406,15,23203,0
1351,1079883,627.2142944335938,225.7142791748047,14,23204,0
1351,1079884,629.5999755859375,226.06666564941406,15,23205,0
1351,1079885,1190.5,279.0,1,23205,1
1351,1079886,629.5999755859375,226.06666564941406,15,23206,0
1351,1079887,1190.5,279.0,1,23206,1
1351,1079888,629.5999755859375,226.06666564941406,15,23207,0
1351,1079889,1190.5,279.0,1,23207,1
1351,1079890,1190.5,279.0,1,23208,0
1351,1079891,690.25,231.0,4,23208,1
1351,1079892,608.75,224.375,4,23208,2
1361,1079866,676.7750244140625,228.97500610351562,4,23193,0
1361,1079867,1166.0,280.5,1,23193,1
1361,1079868,624.4166870117188,225.5,3,23193,2
1361,1079869,626.0604248046875,225.29119873046875,13,23194,0
1361,1079870,626.0604248046875,225.29119873046875,13,23195,0
1361,1079871,1166.0,280.5,1,23195,1
1361,1079872,626.0604248046875,225.29119873046875,13,23196,0
1361,1079873,629.3856811523438,225.63809204101562,14,23197,0
1361,1079874,1166.0,280.5,1,23197,1
1361,1079875,626.0604248046875,225.29119873046875,13,23198,0
1361,1079876,1166.0,280.5,1,23198,1
1361,1079877,626.0604248046875,225.29119873046875,13,23199,0
1361,1079878,1166.0,280.5,1,23199,1
1361,1079879,629.3856811523438,225.63809204101562,14,23200,0
1361,1079880,626.0604248046875,225.29119873046875,13,23201,0
1361,1079881,626.0604248046875,225.29119873046875,13,23202,0
1361,1079882,629.3856811523438,225.63809204101562,14,23203,0
1361,1079883,626.0604248046875,225.29119873046875,13,23204,0
1361,1079884,629.3856811523438,225.63809204101562,14,23205,0
1361,1079885,1166.0,280.5,1,23205,1
1361,1079886,629.3856811523438,225.63809204101562,14,23206,0
1361,1079887,1166.0,280.5,1,23206,1
1361,1079888,629.3856811523438,225.63809204101562,14,23207,0
1361,1079889,1166.0,280.5,1,23207,1
1361,1079890,1166.0,280.5,1,23208,0
1361,1079891,693.25,230.3333282470703,3,23208,1
1361,1079892,612.9166870117188,224.375,3,23208,2
1371,1079866,676.7750244140625,228.97500610351562,4,23193,0
1371,1079867,1166.0,280.5,1,23193,1
1371,1079868,624.4166870117188,225.5,3,23193,2
1371,1079869,626.0604248046875,225.29119873046875,13,23194,0
1371,1079870,626.0604248046875,225.29119873046875,13,23195,0
1371,1079871,1166.0,280.5,1,23195,1
1371,1079872,626.0604248046875,225.29119873046875,13,23196,0
1371,1079873,629.3856811523438,225.63809204101562,14,23197,0
1371,1079874,1166.0,280.5,1,23197,1
1371,1079875,626.0604248046875,225.29119873046875,13,23198,0
1371,1079876,1166.0,280.5,1,23198,1
1371,1079877,626.0604248046875,225.29119873046875,13,23199,0
1371,1079878,1166.0,280.5,1,23199,1
1371,1079879,629.3856811523438,225.63809204101562,14,23200,0
1371,1079880,626.0604248046875,225.29119873046875,13,23201,0
1371,1079881,626.0604248046875,225.29119873046875,13,23202,0
1371,1079882,629.3856811523438,225.63809204101562,14,23203,0
1371,1079883,626.0604248046875,225.29119873046875,13,23204,0
1371,1079884,629.3856811523438,225.63809204101562,14,23205,0
1371,1079885,1166.0,280.5,1,23205,1
1371,1079886,629.3856811523438,225.63809204101562,14,23206,0
1371,1079887,1166.0,280.5,1,23206,1
1371,1079888,629.3856811523438,225.63809204101562,14,23207,0
1371,1079889,1166.0,280.5,1,23207,1
1371,1079890,1166.0,280.5,1,23208,0
1371,1079891,693.25,230.3333282470703,3,23208,1
1371,1079892,612.9166870117188,224.375,4,23208,2
1381,1079866,676.7750244140625,228.97500610351562,4,23193,0
1381,1079867,1166.0,280.5,1,23193,1
1381,1079868,624.4166870117188,225.5,3,23193,2
1381,1079869,626.0604248046875,225.29119873046875,13,23194,0
1381,1079870,626.0604248046875,225.29119873046875,13,23195,0
1381,1079871,1166.0,280.5,1,23195,1
1381,1079872,626.0604248046875,225.29119873046875,13,23196,0
1381,1079873,629.3856811523438,225.63809204101562,14,23197,0
1381,1079874,1166.0,280.5,1,23197,1
1381,1079875,626.0604248046875,225.29119873046875,13,23198,0
1381,1079876,1166.0,280.5,1,23198,1
1381,1079877,626.0604248046875,225.29119873046875,13,23199,0
1381,1079878,1166.0,280.5,1,23199,1
1381,1079879,629.3856811523438,225.63809204101562,14,23200,0
1381,1079880,626.0604248046875,225.29119873046875,13,23201,0
1381,1079881,626.0604248046875,225.29119873046875,13,23202,0
1381,1079882,629.3856811523438,225.63809204101562,14,23203,0
1381,1079883,626.0604248046875,225.29119873046875,13,23204,0
1381,1079884,629.3856811523438,225.63809204101562,14,23205,0
1381,1079885,1166.0,280.5,1,23205,1
1381,1079886,629.3856811523438,225.63809204101562,14,23206,0
1381,1079887,1166.0,280.5,1,23206,1
1381,1079888,629.3856811523438,225.63809204101562,14,23207,0
1381,1079889,1166.0,280.5,1,23207,1
1381,1079890,1166.0,280.5,1,23208,0
1381,1079891,693.25,230.3333282470703,3,23208,1
1381,1079892,612.9166870117188,224.375,5,23208,2
1391,1079866,676.7750244140625,228.97500610351562,4,23193,0
1391,1079867,1166.0,280.5,1,23193,1
1391,1079868,624.4166870117188,225.5,3,23193,2
1391,1079869,626.0604248046875,225.29119873046875,13,23194,0
1391,1079870,626.0604248046875,225.29119873046875,13,23195,0
1391,1079871,1166.0,280.5,1,23195,1
1391,1079872,626.0604248046875,225.29119873046875,13,23196,0
1391,1079873,629.3856811523438,225.63809204101562,14,23197,0
1391,1079874,1166.0,280.5,1,23197,1
1391,1079875,626.0604248046875,225.29119873046875,13,23198,0
1391,1079876,1166.0,280.5,1,23198,1
1391,1079877,626.0604248046875,225.29119873046875,13,23199,0
1391,1079878,1166.0,280.5,1,23199,1
1391,1079879,629.3856811523438,225.63809204101562,14,23200,0
1391,1079880,626.0604248046875,225.29119873046875,13,23201,0
1391,1079881,626.0604248046875,225.29119873046875,13,23202,0
1391,1079882,629.3856811523438,225.63809204101562,14,23203,0
1391,1079883,626.0604248046875,225.29119873046875,13,23204,0
1391,1079884,629.3856811523438,225.63809204101562,14,23205,0
1391,1079885,1166.0,280.5,1,23205,1
1391,1079886,629.3856811523438,225.63809204101562,14,23206,0
1391,1079887,1166.0,280.5,1,23206,1
1391,1079888,629.3856811523438,225.63809204101562,14,23207,0
1391,1079889,1166.0,280.5,1,23207,1
1391,1079890,1166.0,280.5,1,23208,0
1391,1079891,693.25,230.3333282470703,3,23208,1
1391,1079892,612.9166870117188,224.375,5,23208,2
1401,1079866,676.7750244140625,228.97500610351562,4,23193,0
1401,1079867,1166.0,280.5,1,23193,1
1401,1079868,624.4166870117188,225.5,3,23193,2
1401,1079869,626.0604248046875,225.29119873046875,14,23194,0
1401,1079870,626.0604248046875,225.29119873046875,14,23195,0
1401,1079871,1166.0,280.5,1,23195,1
1401,1079872,626.0604248046875,225.29119873046875,14,23196,0
1401,1079873,629.3856811523438,225.63809204101562,14,23197,0
1401,1079874,1166.0,280.5,1,23197,1
1401,1079875,626.0604248046875,225.29119873046875,14,23198,0
1401,1079876,1166.0,280.5,1,23198,1
1401,1079877,626.0604248046875,225.29119873046875,14,23199,0
1401,1079878,1166.0,280.5,1,23199,1
1401,1079879,629.3856811523438,225.63809204101562,14,23200,0
1401,1079880,626.0604248046875,225.29119873046875,14,23201,0
1401,1079881,626.0604248046875,225.29119873046875,14,23202,0
1401,1079882,629.3856811523438,225.63809204101562,14,23203,0
1401,1079883,626.0604248046875,225.29119873046875,14,23204,0
1401,1079884,629.3856811523438,225.63809204101562,14,23205,0
1401,1079885,1166.0,280.5,1,23205,1
1401,1079886,629.3856811523438,225.63809204101562,14,23206,0
1401,1079887,1166.0,280.5,1,23206,1
1401,1079888,629.3856811523438,225.63809204101562,14,23207,0
1401,1079889,1166.0,280.5,1,23207,1
1401,1079890,1166.0,280.5,1,23208,0
1401,1079891,693.25,230.3333282470703,3,23208,1
1401,1079892,612.9166870117188,224.375,5,23208,2
1411,1079866,676.7750244140625,228.97500610351562,4,23193,0
1411,1079867,1166.0,280.5,1,23193,1
1411,1079868,624.4166870117188,225.5,3,23193,2
1411,1079869,626.0604248046875,225.29119873046875,14,23194,0
1411,1079870,626.0604248046875,225.29119873046875,14,23195,0
1411,1079871,1166.0,280.5,1,23195,1
1411,1079872,626.0604248046875,225.29119873046875,14,23196,0
1411,1079873,629.3856811523438,225.63809204101562,15,23197,0
1411,1079874,1166.0,280.5,1,23197,1
1411,1079875,626.0604248046875,225.29119873046875,14,23198,0
1411,1079876,1166.0,280.5,1,23198,1
1411,1079877,626.0604248046875,225.29119873046875,14,23199,0
1411,1079878,1166.0,280.5,1,23199,1
1411,1079879,629.3856811523438,225.63809204101562,15,23200,0
1411,1079880,626.0604248046875,225.29119873046875,14,23201,0
1411,1079881,626.0604248046875,225.29119873046875,14,23202,0
1411,1079882,629.3856811523438,225.63809204101562,15,23203,0
1411,1079883,626.0604248046875,225.29119873046875,14,23204,0
1411,1079884,629.3856811523438,225.63809204101562,15,23205,0
1411,1079885,1166.0,280.5,1,23205,1
1411,1079886,629.3856811523438,225.63809204101562,15,23206,0
1411,1079887,1166.0,280.5,1,23206,1
1411,1079888,629.3856811523438,225.63809204101562,15,23207,0
1411,1079889,1166.0,280.5,1,23207,1
1411,1079890,1166.0,280.5,1,23208,0
1411,1079891,693.25,230.3333282470703,3,23208,1
1411,1079892,612.9166870117188,224.375,5,23208,2
1421,1079866,676.7750244140625,228.97500610351562,4,23193,0
1421,1079867,1166.0,280.5,1,23193,1
1421,1079868,624.4166870117188,225.5,3,23193,2
1421,1079869,626.0604248046875,225.29119873046875,14,23194,0
1421,1079870,626.0604248046875,225.29119873046875,14,23195,0
1421,1079871,1166.0,280.5,1,23195,1
1421,1079872,626.0604248046875,225.29119873046875,14,23196,0
1421,1079873,629.3856811523438,225.63809204101562,15,23197,0
1421,1079874,1166.0,280.5,1,23197,1
1421,1079875,626.0604248046875,225.29119873046875,14,23198,0
1421,1079876,1166.0,280.5,1,23198,1
1421,1079877,626.0604248046875,225.29119873046875,14,23199,0
1421,1079878,1166.0,280.5,1,23199,1
1421,1079879,629.3856811523438,225.63809204101562,15,23200,0
1421,1079880,626.0604248046875,225.29119873046875,14,23201,0
1421,1079881,626.0604248046875,225.29119873046875,14,23202,0
1421,1079882,629.3856811523438,225.63809204101562,15,23203,0
1421,1079883,626.0604248046875,225.29119873046875,14,23204,0
1421,1079884,629.3856811523438,225.63809204101562,15,23205,0
1421,1079885,1166.0,280.5,1,23205,1
1421,1079886,629.3856811523438,225.63809204101562,15,23206,0
1421,1079887,1166.0,280.5,1,23206,1
1421,1079888,629.3856811523438,225.63809204101562,15,23207,0
1421,1079889,1166.0,280.5,1,23207,1
1421,1079890,1166.0,280.5,1,23208,0
1421,1079891,693.25,230.3333282470703,3,23208,1
1421,1079892,612.9166870117188,224.375,5,23208,2
1431,1079866,676.7750244140625,228.97500610351562,4,23193,0
1431,1079867,1166.0,280.5,1,23193,1
1431,1079868,624.4166870117188,225.5,3,23193,2
1431,1079869,626.0604248046875,225.29119873046875,14,23194,0
1431,1079870,626.0604248046875,225.29119873046875,14,23195,0
1431,1079871,1166.0,280.5,1,23195,1
1431,1079872,626.0604248046875,225.29119873046875,14,23196,0
1431,1079873,629.3856811523438,225.63809204101562,15,23197,0
1431,1079874,1166.0,280.5,1,23197,1
1431,1079875,626.0604248046875,225.29119873046875,14,23198,0
1431,1079876,1166.0,280.5,1,23198,1
1431,1079877,626.0604248046875,225.29119873046875,14,23199,0
1431,1079878,1166.0,280.5,1,23199,1
1431,1079879,629.3856811523438,225.63809204101562,15,23200,0
1431,1079880,626.0604248046875,225.29119873046875,14,23201,0
1431,1079881,626.0604248046875,225.29119873046875,14,23202,0
1431,1079882,629.3856811523438,225.63809204101562,15,23203,0
1431,1079883,626.0604248046875,225.29119873046875,14,23204,0
1431,1079884,629.3856811523438,225.63809204101562,15,23205,0
1431,1079885,1166.0,280.5,1,23205,1
1431,1079886,629.3856811523438,225.63809204101562,15,23206,0
1431,1079887,1166.0,280.5,1,23206,1
1431,1079888,629.3856811523438,225.63809204101562,15,23207,0
1431,1079889,1166.0,280.5,1,23207,1
1431,1079890,1166.0,280.5,1,23208,0
1431,1079891,693.25,230.3333282470703,3,23208,1
1431,1079892,612.9166870117188,224.375,5,23208,2
1441,1079866,676.7750244140625,228.97500610351562,4,23193,0
1441,1079867,1166.0,280.5,1,23193,1
1441,1079868,624.4166870117188,225.5,3,23193,2
1441,1079869,626.0604248046875,225.29119873046875,14,23194,0
1441,1079870,626.0604248046875,225.29119873046875,14,23195,0
1441,1079871,1166.0,280.5,1,23195,1
1441,1079872,626.0604248046875,225.29119873046875,14,23196,0
1441,1079873,629.3856811523438,225.63809204101562,15,23197,0
1441,1079874,1166.0,280.5,1,23197,1
1441,1079875,626.0604248046875,225.29119873046875,14,23198,0
1441,1079876,1166.0,280.5,1,23198,1
1441,1079877,626.0604248046875,225.29119873046875,14,23199,0
1441,1079878,1166.0,280.5,1,23199,1
1441,1079879,629.3856811523438,225.63809204101562,15,23200,0
1441,1079880,626.0604248046875,225.29119873046875,14,23201,0
1441,1079881,626.0604248046875,225.29119873046875,14,23202,0
1441,1079882,629.3856811523438,225.63809204101562,15,23203,0
1441,1079883,626.0604248046875,225.29119873046875,14,23204,0
1441,1079884,629.3856811523438,225.63809204101562,15,23205,0
1441,1079885,1166.0,280.5,1,23205,1
1441,1079886,629.3856811523438,225.63809204101562,15,23206,0
1441,1079887,1166.0,280.5,1,23206,1
1441,1079888,629.3856811523438,225.63809204101562,15,23207,0
1441,1079889,1166.0,280.5,1,23207,1
1441,1079890,1166.0,280.5,1,23208,0
1441,1079891,693.25,230.3333282470703,3,23208,1
1441,1079892,612.9166870117188,224.375,5,23208,2
1451,1079866,676.7750244140625,228.97500610351562,4,23193,0
1451,1079867,1166.0,280.5,1,23193,1
1451,1079868,624.4166870117188,225.5,3,23193,2
1451,1079869,626.0604248046875,225.29119873046875,14,23194,0
1451,1079870,626.0604248046875,225.29119873046875,14,23195,0
1451,1079871,1166.0,280.5,1,23195,1
1451,1079872,626.0604248046875,225.29119873046875,14,23196,0
1451,1079873,629.3856811523438,225.63809204101562,15,23197,0
1451,1079874,1166.0,280.5,1,23197,1
1451,1079875,626.0604248046875,225.29119873046875,14,23198,0
1451,1079876,1166.0,280.5,1,23198,1
1451,1079877,626.0604248046875,225.29119873046875,14,23199,0
1451,1079878,1166.0,280.5,1,23199,1
1451,1079879,629.3856811523438,225.63809204101562,15,23200,0
1451,1079880,626.0604248046875,225.29119873046875,14,23201,0
1451,1079881,626.0604248046875,225.29119873046875,14,23202,0
1451,1079882,629.3856811523438,225.63809204101562,15,23203,0
1451,1079883,626.0604248046875,225.29119873046875,14,23204,0
1451,1079884,629.3856811523438,225.63809204101562,15,23205,0
1451,1079885,1166.0,280.5,1,23205,1
1451,1079886,629.3856811523438,225.63809204101562,15,23206,0
1451,1079887,1166.0,280.5,1,23206,1
1451,1079888,629.3856811523438,225.63809204101562,15,23207,0
1451,1079889,1166.0,280.5,1,23207,1
1451,1079890,1166.0,280.5,1,23208,0
1451,1079891,693.25,230.3333282470703,3,23208,1
1451,1079892,612.9166870117188,224.375,5,23208,2
1461,1079866,683.4417114257812,228.47500610351562,3,23193,0
1461,1079867,1162.5,278.0,1,23193,1
1461,1079868,626.0833740234375,226.0,3,23193,2
1461,1079869,626.02197265625,225.13735961914062,13,23194,0
1461,1079870,626.02197265625,225.13735961914062,13,23195,0
1461,1079871,1162.5,278.0,1,23195,1
1461,1079872,626.02197265625,225.13735961914062,13,23196,0
1461,1079873,629.1773681640625,225.38809204101562,12,23197,0
1461,1079874,1162.5,278.0,1,23197,1
1461,1079875,626.02197265625,225.13735961914062,13,23198,0
1461,1079876,1162.5,278.0,1,23198,1
1461,1079877,626.02197265625,225.13735961914062,13,23199,0
1461,1079878,1162.5,278.0,1,23199,1
1461,1079879,629.1773681640625,225.38809204101562,12,23200,0
1461,1079880,626.02197265625,225.13735961914062,13,23201,0
1461,1079881,626.02197265625,225.13735961914062,13,23202,0
1461,1079882,629.1773681640625,225.38809204101562,12,23203,0
1461,1079883,626.02197265625,225.13735961914062,13,23204,0
1461,1079884,629.1773681640625,225.38809204101562,12,23205,0
1461,1079885,1162.5,278.0,1,23205,1
1461,1079886,629.1773681640625,225.38809204101562,12,23206,0
1461,1079887,1162.5,278.0,1,23206,1
1461,1079888,629.1773681640625,225.38809204101562,12,23207,0
1461,1079889,1162.5,278.0,1,23207,1
1461,1079890,1162.5,278.0,1,23208,0
1461,1079891,700.75,231.8333282470703,2,23208,1
1461,1079892,614.4166870117188,223.75,4,23208,2
1481,1079893,622.6428833007812,221.5,7,23209,0
1481,1079894,616.5833129882812,222.8333282470703,6,23209,1
1481,1079895,645.8333129882812,222.0,3,23210,0
1481,1079896,627.4166870117188,222.1666717529297,6,23210,1
1481,1079897,1041.0,280.5,1,23210,2
1481,1079898,613.5,225.5,1,23210,3
1481,1079899,622.0,223.92857360839844,7,23211,0
1481,1079900,622.6428833007812,221.5,7,23211,1
1481,1079901,622.0,223.92857360839844,7,23212,0
1481,1079902,622.6428833007812,221.5,7,23212,1
1481,1079903,1041.0,280.5,1,23212,2
1481,1079904,622.6428833007812,221.5,7,23213,0
1481,1079905,622.0,223.92857360839844,7,23213,1
1481,1079906,622.0,223.92857360839844,7,23214,0
1481,1079907,622.6428833007812,221.5,7,23214,1
1481,1079908,616.5833129882812,222.8333282470703,6,23215,0
1481,1079909,622.6428833007812,221.5,7,23215,1
1481,1079910,616.5833129882812,222.8333282470703,6,23216,0
1481,1079911,622.6428833007812,221.5,7,23216,1
1481,1079912,622.6428833007812,221.5,7,23217,0
1481,1079913,622.0,223.92857360839844,7,23217,1
1481,1079914,616.5833129882812,222.8333282470703,6,23218,0
1481,1079915,622.6428833007812,221.5,7,23218,1
1481,1079916,622.6428833007812,221.5,7,23219,0
1481,1079917,622.0,223.92857360839844,7,23219,1
1481,1079918,622.6428833007812,221.5,7,23220,0
1481,1079919,622.0,223.92857360839844,7,23220,1
1481,1079920,622.6428833007812,221.5,7,23221,0
1481,1079921,622.0,223.92857360839844,7,23221,1
1481,1079922,622.6428833007812,221.5,7,23222,0
1481,1079923,622.0,223.92857360839844,7,23222,1
1481,1079924,1041.0,280.5,1,23223,0
1481,1079925,651.0,224.25,2,23223,1
1491,1079893,622.6428833007812,221.5,7,23209,0
1491,1079894,616.5833129882812,222.8333282470703,6,23209,1
1491,1079895,645.8333129882812,222.0,3,23210,0
1491,1079896,627.4166870117188,222.1666717529297,6,23210,1
1491,1079897,1041.0,280.5,1,23210,2
1491,1079898,613.5,225.5,1,23210,3
1491,1079899,622.0,223.92857360839844,7,23211,0
1491,1079900,622.6428833007812,221.5,7,23211,1
1491,1079901,622.0,223.92857360839844,7,23212,0
1491,1079902,622.6428833007812,221.5,7,23212,1
1491,1079903,1041.0,280.5,1,23212,2
1491,1079904,622.6428833007812,221.5,7,23213,0
1491,1079905,622.0,223.92857360839844,7,23213,1
1491,1079906,622.0,223.92857360839844,7,23214,0
1491,1079907,622.6428833007812,221.5,7,23214,1
1491,1079908,616.5833129882812,222.8333282470703,6,23215,0
1491,1079909,622.6428833007812,221.5,7,23215,1
1491,1079910,616.5833129882812,222.8333282470703,6,23216,0
1491,1079911,622.6428833007812,221.5,7,23216,1
1491,1079912,622.6428833007812,221.5,7,23217,0
1491,1079913,622.0,223.92857360839844,7,23217,1
1491,1079914,616.5833129882812,222.8333282470703,6,23218,0
1491,1079915,622.6428833007812,221.5,7,23218,1
1491,1079916,622.6428833007812,221.5,7,23219,0
1491,1079917,622.0,223.92857360839844,7,23219,1
1491,1079918,622.6428833007812,221.5,7,23220,0
1491,1079919,622.0,223.92857360839844,7,23220,1
1491,1079920,622.6428833007812,221.5,7,23221,0
1491,1079921,622.0,223.92857360839844,7,23221,1
1491,1079922,622.6428833007812,221.5,7,23222,0
1491,1079923,622.0,223.92857360839844,7,23222,1
1491,1079924,1041.0,280.5,1,23223,0
1491,1079925,651.0,224.25,2,23223,1
1501,1079893,622.6428833007812,221.5,7,23209,0
1501,1079894,616.5833129882812,222.8333282470703,6,23209,1
1501,1079895,645.8333129882812,222.0,3,23210,0
1501,1079896,627.4166870117188,222.1666717529297,6,23210,1
1501,1079897,1041.0,280.5,1,23210,2
1501,1079898,613.5,225.5,1,23210,3
1501,1079899,622.0,223.92857360839844,7,23211,0
1501,1079900,622.6428833007812,221.5,7,23211,1
1501,1079901,622.0,223.92857360839844,7,23212,0
1501,1079902,622.6428833007812,221.5,7,23212,1
1501,1079903,1041.0,280.5,1,23212,2
1501,1079904,622.6428833007812,221.5,7,23213,0
1501,1079905,622.0,223.92857360839844,7,23213,1
1501,1079906,622.0,223.92857360839844,7,23214,0
1501,1079907,622.6428833007812,221.5,7,23214,1
1501,1079908,616.5833129882812,222.8333282470703,6,23215,0
1501,1079909,622.6428833007812,221.5,7,23215,1
1501,1079910,616.5833129882812,222.8333282470703,6,23216,0
1501,1079911,622.6428833007812,221.5,7,23216,1
1501,1079912,622.6428833007812,221.5,7,23217,0
1501,1079913,622.0,223.92857360839844,7,23217,1
1501,1079914,616.5833129882812,222.8333282470703,6,23218,0
1501,1079915,622.6428833007812,221.5,7,23218,1
1501,1079916,622.6428833007812,221.5,7,23219,0
1501,1079917,622.0,223.92857360839844,7,23219,1
1501,1079918,622.6428833007812,221.5,7,23220,0
1501,1079919,622.0,223.92857360839844,7,23220,1
1501,1079920,622.6428833007812,221.5,7,23221,0
1501,1079921,622.0,223.92857360839844,7,23221,1
1501,1079922,622.6428833007812,221.5,7,23222,0
1501,1079923,622.0,223.92857360839844,7,23222,1
1501,1079924,1041.0,280.5,1,23223,0
1501,1079925,651.0,224.25,2,23223,1
1511,1079893,622.6428833007812,221.5,7,23209,0
1511,1079894,616.5833129882812,222.8333282470703,6,23209,1
1511,1079895,645.8333129882812,222.0,3,23210,0
1511,1079896,627.4166870117188,222.1666717529297,6,23210,1
1511,1079897,1041.0,280.5,1,23210,2
1511,1079898,613.5,225.5,1,23210,3
1511,1079899,622.0,223.92857360839844,7,23211,0
1511,1079900,622.6428833007812,221.5,7,23211,1
1511,1079901,622.0,223.92857360839844,7,23212,0
1511,1079902,622.6428833007812,221.5,7,23212,1
1511,1079903,1041.0,280.5,1,23212,2
1511,1079904,622.6428833007812,221.5,7,23213,0
1511,1079905,622.0,223.92857360839844,7,23213,1
1511,1079906,622.0,223.92857360839844,7,23214,0
1511,1079907,622.6428833007812,221.5,7,23214,1
1511,1079908,616.5833129882812,222.8333282470703,6,23215,0
1511,1079909,622.6428833007812,221.5,7,23215,1
1511,1079910,616.5833129882812,222.8333282470703,6,23216,0
1511,1079911,622.6428833007812,221.5,7,23216,1
1511,1079912,622.6428833007812,221.5,7,23217,0
1511,1079913,622.0,223.92857360839844,7,23217,1
1511,1079914,616.5833129882812,222.8333282470703,6,23218,0
1511,1079915,622.6428833007812,221.5,7,23218,1
1511,1079916,622.6428833007812,221.5,7,23219,0
1511,1079917,622.0,223.92857360839844,7,23219,1
1511,1079918,622.6428833007812,221.5,7,23220,0
1511,1079919,622.0,223.92857360839844,7,23220,1
1511,1079920,622.6428833007812,221.5,7,23221,0
1511,1079921,622.0,223.92857360839844,7,23221,1
1511,1079922,622.6428833007812,221.5,7,23222,0
1511,1079923,622.0,223.92857360839844,7,23222,1
1511,1079924,1041.0,280.5,1,23223,0
1511,1079925,651.0,224.25,2,23223,1
1521,1079893,622.6428833007812,221.5,7,23209,0
1521,1079894,616.5833129882812,222.8333282470703,6,23209,1
1521,1079895,645.8333129882812,222.0,3,23210,0
1521,1079896,627.4166870117188,222.1666717529297,6,23210,1
1521,1079897,1041.0,280.5,1,23210,2
1521,1079898,613.5,225.5,1,23210,3
1521,1079899,622.0,223.92857360839844,7,23211,0
1521,1079900,622.6428833007812,221.5,7,23211,1
1521,1079901,622.0,223.92857360839844,7,23212,0
1521,1079902,622.6428833007812,221.5,7,23212,1
1521,1079903,1041.0,280.5,1,23212,2
1521,1079904,622.6428833007812,221.5,7,23213,0
1521,1079905,622.0,223.92857360839844,7,23213,1
1521,1079906,622.0,223.92857360839844,7,23214,0
1521,1079907,622.6428833007812,221.5,7,23214,1
1521,1079908,616.5833129882812,222.8333282470703,6,23215,0
1521,1079909,622.6428833007812,221.5,7,23215,1
1521,1079910,616.5833129882812,222.8333282470703,6,23216,0
1521,1079911,622.6428833007812,221.5,7,23216,1
1521,1079912,622.6428833007812,221.5,7,23217,0
1521,1079913,622.0,223.92857360839844,7,23217,1
1521,1079914,616.5833129882812,222.8333282470703,6,23218,0
1521,1079915,622.6428833007812,221.5,7,23218,1
1521,1079916,622.6428833007812,221.5,7,23219,0
1521,1079917,622.0,223.92857360839844,7,23219,1
1521,1079918,622.6428833007812,221.5,7,23220,0
1521,1079919,622.0,223.92857360839844,7,23220,1
1521,1079920,622.6428833007812,221.5,7,23221,0
1521,1079921,622.0,223.92857360839844,7,23221,1
1521,1079922,622.6428833007812,221.5,7,23222,0
1521,1079923,622.0,223.92857360839844,7,23222,1
1521,1079924,1041.0,280.5,1,23223,0
1521,1079925,651.0,224.25,2,23223,1
1531,1079893,622.6428833007812,221.5,7,23209,0
1531,1079894,616.5833129882812,222.8333282470703,6,23209,1
1531,1079895,645.8333129882812,222.0,3,23210,0
1531,1079896,627.4166870117188,222.1666717529297,6,23210,1
1531,1079897,1041.0,280.5,1,23210,2
1531,1079898,613.5,225.5,1,23210,3
1531,1079899,622.0,223.92857360839844,7,23211,0
1531,1079900,622.6428833007812,221.5,7,23211,1
1531,1079901,622.0,223.92857360839844,7,23212,0
1531,1079902,622.6428833007812,221.5,7,23212,1
1531,1079903,1041.0,280.5,1,23212,2
1531,1079904,622.6428833007812,221.5,7,23213,0
1531,1079905,622.0,223.92857360839844,7,23213,1
1531,1079906,622.0,223.92857360839844,7,23214,0
1531,1079907,622.6428833007812,221.5,7,23214,1
1531,1079908,616.5833129882812,222.8333282470703,6,23215,0
1531,1079909,622.6428833007812,221.5,7,23215,1
1531,1079910,616.5833129882812,222.8333282470703,6,23216,0
1531,1079911,622.6428833007812,221.5,7,23216,1
1531,1079912,622.6428833007812,221.5,7,23217,0
1531,1079913,622.0,223.92857360839844,7,23217,1
1531,1079914,616.5833129882812,222.8333282470703,6,23218,0
1531,1079915,622.6428833007812,221.5,7,23218,1
1531,1079916,622.6428833007812,221.5,7,23219,0
1531,1079917,622.0,223.92857360839844,7,23219,1
1531,1079918,622.6428833007812,221.5,7,23220,0
1531,1079919,622.0,223.92857360839844,7,23220,1
1531,1079920,622.6428833007812,221.5,7,23221,0
1531,1079921,622.0,223.92857360839844,7,23221,1
1531,1079922,622.6428833007812,221.5,7,23222,0
1531,1079923,622.0,223.92857360839844,7,23222,1
1531,1079924,1041.0,280.5,1,23223,0
1531,1079925,651.0,224.25,2,23223,1
1541,1079893,622.6428833007812,221.5,7,23209,0
1541,1079894,616.5833129882812,222.8333282470703,6,23209,1
1541,1079895,645.8333129882812,222.0,3,23210,0
1541,1079896,627.4166870117188,222.1666717529297,6,23210,1
1541,1079897,1041.0,280.5,1,23210,2
1541,1079898,613.5,225.5,1,23210,3
1541,1079899,622.0,223.92857360839844,7,23211,0
1541,1079900,622.6428833007812,221.5,7,23211,1
1541,1079901,622.0,223.92857360839844,7,23212,0
1541,1079902,622.6428833007812,221.5,7,23212,1
1541,1079903,1041.0,280.5,1,23212,2
1541,1079904,622.6428833007812,221.5,7,23213,0
1541,1079905,622.0,223.92857360839844,7,23213,1
1541,1079906,622.0,223.92857360839844,7,23214,0
1541,1079907,622.6428833007812,221.5,7,23214,1
1541,1079908,616.5833129882812,222.8333282470703,6,23215,0
1541,1079909,622.6428833007812,221.5,7,23215,1
1541,1079910,616.5833129882812,222.8333282470703,6,23216,0
1541,1079911,622.6428833007812,221.5,7,23216,1
1541,1079912,622.6428833007812,221.5,7,23217,0
1541,1079913,622.0,223.92857360839844,7,23217,1
1541,1079914,616.5833129882812,222.8333282470703,6,23218,0
1541,1079915,622.6428833007812,221.5,7,23218,1
1541,1079916,622.6428833007812,221.5,7,23219,0
1541,1079917,622.0,223.92857360839844,7,23219,1
1541,1079918,622.6428833007812,221.5,7,23220,0
1541,1079919,622.0,223.92857360839844,7,23220,1
1541,1079920,622.6428833007812,221.5,7,23221,0
1541,1079921,622.0,223.92857360839844,7,23221,1
1541,1079922,622.6428833007812,221.5,7,23222,0
1541,1079923,622.0,223.92857360839844,7,23222,1
1541,1079924,1041.0,280.5,1,23223,0
1541,1079925,651.0,224.25,2,23223,1
1551,1079893,622.6428833007812,221.5,7,23209,0
1551,1079894,616.5833129882812,222.8333282470703,6,23209,1
1551,1079895,645.8333129882812,222.0,3,23210,0
1551,1079896,627.4166870117188,222.1666717529297,6,23210,1
1551,1079897,1041.0,280.5,1,23210,2
1551,1079898,613.5,225.5,1,23210,3
1551,1079899,622.0,223.92857360839844,7,23211,0
1551,1079900,622.6428833007812,221.5,7,23211,1
1551,1079901,622.0,223.92857360839844,7,23212,0
1551,1079902,622.6428833007812,221.5,7,23212,1
1551,1079903,1041.0,280.5,1,23212,2
1551,1079904,622.6428833007812,221.5,7,23213,0
1551,1079905,622.0,223.92857360839844,7,23213,1
1551,1079906,622.0,223.92857360839844,7,23214,0
1551,1079907,622.6428833007812,221.5,7,23214,1
1551,1079908,616.5833129882812,222.8333282470703,6,23215,0
1551,1079909,622.6428833007812,221.5,7,23215,1
1551,1079910,616.5833129882812,222.8333282470703,6,23216,0
1551,1079911,622.6428833007812,221.5,7,23216,1
1551,1079912,622.6428833007812,221.5,7,23217,0
1551,1079913,622.0,223.92857360839844,7,23217,1
1551,1079914,616.5833129882812,222.8333282470703,6,23218,0
1551,1079915,622.6428833007812,221.5,7,23218,1
1551,1079916,622.6428833007812,221.5,7,23219,0
1551,1079917,622.0,223.92857360839844,7,23219,1
1551,1079918,622.6428833007812,221.5,7,23220,0
1551,1079919,622.0,223.92857360839844,7,23220,1
1551,1079920,622.6428833007812,221.5,7,23221,0
1551,1079921,622.0,223.92857360839844,7,23221,1
1551,1079922,622.6428833007812,221.5,7,23222,0
1551,1079923,622.0,223.92857360839844,7,23222,1
1551,1079924,1041.0,280.5,1,23223,0
1551,1079925,651.0,224.25,2,23223,1
1561,1079893,622.6428833007812,221.5,7,23209,0
1561,1079894,616.5833129882812,222.8333282470703,6,23209,1
1561,1079895,645.8333129882812,222.0,3,23210,0
1561,1079896,627.4166870117188,222.1666717529297,6,23210,1
1561,1079897,1041.0,280.5,1,23210,2
1561,1079898,613.5,225.5,1,23210,3
1561,1079899,622.0,223.92857360839844,7,23211,0
1561,1079900,622.6428833007812,221.5,7,23211,1
1561,1079901,622.0,223.92857360839844,7,23212,0
1561,1079902,622.6428833007812,221.5,7,23212,1
1561,1079903,1041.0,280.5,1,23212,2
1561,1079904,622.6428833007812,221.5,7,23213,0
1561,1079905,622.0,223.92857360839844,7,23213,1
1561,1079906,622.0,223.92857360839844,7,23214,0
1561,1079907,622.6428833007812,221.5,7,23214,1
1561,1079908,616.5833129882812,222.8333282470703,6,23215,0
1561,1079909,622.6428833007812,221.5,7,23215,1
1561,1079910,616.5833129882812,222.8333282470703,6,23216,0
1561,1079911,622.6428833007812,221.5,7,23216,1
1561,1079912,622.6428833007812,221.5,7,23217,0
1561,1079913,622.0,223.92857360839844,7,23217,1
1561,1079914,616.5833129882812,222.8333282470703,6,23218,0
1561,1079915,622.6428833007812,221.5,7,23218,1
1561,1079916,622.6428833007812,221.5,7,23219,0
1561,1079917,622.0,223.92857360839844,7,23219,1
1561,1079918,622.6428833007812,221.5,7,23220,0
1561,1079919,622.0,223.92857360839844,7,23220,1
1561,1079920,622.6428833007812,221.5,7,23221,0
1561,1079921,622.0,223.92857360839844,7,23221,1
1561,1079922,622.6428833007812,221.5,7,23222,0
1561,1079923,622.0,223.92857360839844,7,23222,1
1561,1079924,1041.0,280.5,1,23223,0
1561,1079925,651.0,224.25,2,23223,1
1571,1079893,623.7142944335938,221.2857208251953,7,23209,0
1571,1079894,615.2833251953125,222.8333282470703,5,23209,1
1571,1079895,647.3333129882812,224.0,2,23210,0
1571,1079896,626.5,221.75,6,23210,1
1571,1079897,1028.5,283.5,1,23210,2
1571,1079898,616.5,225.25,2,23210,3
1571,1079899,620.75,224.26190185546875,6,23211,0
1571,1079900,623.7142944335938,221.5,7,23211,1
1571,1079901,620.75,224.26190185546875,6,23212,0
1571,1079902,623.7142944335938,221.5,7,23212,1
1571,1079903,1028.5,283.5,1,23212,2
1571,1079904,623.7142944335938,221.5,7,23213,0
1571,1079905,620.75,224.26190185546875,6,23213,1
1571,1079906,620.75,224.26190185546875,6,23214,0
1571,1079907,623.7142944335938,221.5,7,23214,1
1571,1079908,615.2833251953125,222.8333282470703,5,23215,0
1571,1079909,623.7142944335938,221.2857208251953,7,23215,1
1571,1079910,615.2833251953125,222.8333282470703,5,23216,0
1571,1079911,623.7142944335938,221.2857208251953,7,23216,1
1571,1079912,623.7142944335938,221.5,7,23217,0
1571,1079913,620.75,224.26190185546875,6,23217,1
1571,1079914,615.2833251953125,222.8333282470703,5,23218,0
1571,1079915,623.7142944335938,221.2857208251953,7,23218,1
1571,1079916,623.7142944335938,221.5,7,23219,0
1571,1079917,620.75,224.26190185546875,6,23219,1
1571,1079918,623.7142944335938,221.5,7,23220,0
1571,1079919,620.75,224.26190185546875,6,23220,1
1571,1079920,623.7142944335938,221.5,7,23221,0
1571,1079921,620.75,224.26190185546875,6,23221,1
1571,1079922,623.7142944335938,221.5,7,23222,0
1571,1079923,620.75,224.26190185546875,6,23222,1
1571,1079924,1028.5,283.5,1,23223,0
1571,1079925,652.5,226.25,2,23223,1
1581,1079893,623.7142944335938,221.2857208251953,8,23209,0
1581,1079894,615.2833251953125,222.8333282470703,5,23209,1
1581,1079895,647.3333129882812,224.0,2,23210,0
1581,1079896,626.5,221.75,6,23210,1
1581,1079897,1028.5,283.5,1,23210,2
1581,1079898,616.5,225.25,2,23210,3
1581,1079899,620.75,224.26190185546875,6,23211,0
1581,1079900,623.7142944335938,221.5,8,23211,1
1581,1079901,620.75,224.26190185546875,6,23212,0
1581,1079902,623.7142944335938,221.5,8,23212,1
1581,1079903,1028.5,283.5,1,23212,2
1581,1079904,623.7142944335938,221.5,8,23213,0
1581,1079905,620.75,224.26190185546875,6,23213,1
1581,1079906,620.75,224.26190185546875,6,23214,0
1581,1079907,623.7142944335938,221.5,8,23214,1
1581,1079908,615.2833251953125,222.8333282470703,5,23215,0
1581,1079909,623.7142944335938,221.2857208251953,8,23215,1
1581,1079910,615.2833251953125,222.8333282470703,5,23216,0
1581,1079911,623.7142944335938,221.2857208251953,8,23216,1
1581,1079912,623.7142944335938,221.5,8,23217,0
1581,1079913,620.75,224.26190185546875,6,23217,1
1581,1079914,615.2833251953125,222.8333282470703,5,23218,0
1581,1079915,623.7142944335938,221.2857208251953,8,23218,1
1581,1079916,623.7142944335938,221.5,8,23219,0
1581,1079917,620.75,224.26190185546875,6,23219,1
1581,1079918,623.7142944335938,221.5,8,23220,0
1581,1079919,620.75,224.26190185546875,6,23220,1
1581,1079920,623.7142944335938,221.5,8,23221,0
1581,1079921,620.75,224.26190185546875,6,23221,1
1581,1079922,623.7142944335938,221.5,8,23222,0
1581,1079923,620.75,224.26190185546875,6,23222,1
1581,1079924,1028.5,283.5,1,23223,0
1581,1079925,652.5,226.25,2,23223,1
1591,1079893,623.7142944335938,221.2857208251953,8,23209,0
1591,1079894,615.2833251953125,222.8333282470703,5,23209,1
1591,1079895,647.3333129882812,224.0,2,23210,0
1591,1079896,626.5,221.75,6,23210,1
1591,1079897,1028.5,283.5,1,23210,2
1591,1079898,616.5,225.25,2,23210,3
1591,1079899,620.75,224.26190185546875,6,23211,0
1591,1079900,623.7142944335938,221.5,8,23211,1
1591,1079901,620.75,224.26190185546875,6,23212,0
1591,1079902,623.7142944335938,221.5,8,23212,1
1591,1079903,1028.5,283.5,1,23212,2
1591,1079904,623.7142944335938,221.5,8,23213,0
1591,1079905,620.75,224.26190185546875,6,23213,1
1591,1079906,620.75,224.26190185546875,6,23214,0
1591,1079907,623.7142944335938,221.5,8,23214,1
1591,1079908,615.2833251953125,222.8333282470703,5,23215,0
1591,1079909,623.7142944335938,221.2857208251953,8,23215,1
1591,1079910,615.2833251953125,222.8333282470703,5,23216,0
1591,1079911,623.7142944335938,221.2857208251953,8,23216,1
1591,1079912,623.7142944335938,221.5,8,23217,0
1591,1079913,620.75,224.26190185546875,6,23217,1
1591,1079914,615.2833251953125,222.8333282470703,5,23218,0
1591,1079915,623.7142944335938,221.2857208251953,8,23218,1
1591,1079916,623.7142944335938,221.5,8,23219,0
1591,1079917,620.75,224.26190185546875,6,23219,1
1591,1079918,623.7142944335938,221.5,8,23220,0
1591,1079919,620.75,224.26190185546875,6,23220,1
1591,1079920,623.7142944335938,221.5,8,23221,0
1591,1079921,620.75,224.26190185546875,6,23221,1
1591,1079922,623.7142944335938,221.5,8,23222,0
1591,1079923,620.75,224.26190185546875,6,23222,1
1591,1079924,1028.5,283.5,1,23223,0
1591,1079925,652.5,226.25,2,23223,1
1601,1079893,623.7142944335938,221.2857208251953,8,23209,0
1601,1079894,615.2833251953125,222.8333282470703,5,23209,1
1601,1079895,647.3333129882812,224.0,2,23210,0
1601,1079896,626.5,221.75,6,23210,1
1601,1079897,1028.5,283.5,1,23210,2
1601,1079898,616.5,225.25,2,23210,3
1601,1079899,620.75,224.26190185546875,6,23211,0
1601,1079900,623.7142944335938,221.5,8,23211,1
1601,1079901,620.75,224.26190185546875,6,23212,0
1601,1079902,623.7142944335938,221.5,8,23212,1
1601,1079903,1028.5,283.5,1,23212,2
1601,1079904,623.7142944335938,221.5,8,23213,0
1601,1079905,620.75,224.26190185546875,6,23213,1
1601,1079906,620.75,224.26190185546875,6,23214,0
1601,1079907,623.7142944335938,221.5,8,23214,1
1601,1079908,615.2833251953125,222.8333282470703,5,23215,0
1601,1079909,623.7142944335938,221.2857208251953,8,23215,1
1601,1079910,615.2833251953125,222.8333282470703,5,23216,0
1601,1079911,623.7142944335938,221.2857208251953,8,23216,1
1601,1079912,623.7142944335938,221.5,8,23217,0
1601,1079913,620.75,224.26190185546875,6,23217,1
1601,1079914,615.2833251953125,222.8333282470703,5,23218,0
1601,1079915,623.7142944335938,221.2857208251953,8,23218,1
1601,1079916,623.7142944335938,221.5,8,23219,0
1601,1079917,620.75,224.26190185546875,6,23219,1
1601,1079918,623.7142944335938,221.5,8,23220,0
1601,1079919,620.75,224.26190185546875,6,23220,1
1601,1079920,623.7142944335938,221.5,8,23221,0
1601,1079921,620.75,224.26190185546875,6,23221,1
1601,1079922,623.7142944335938,221.5,8,23222,0
1601,1079923,620.75,224.26190185546875,6,23222,1
1601,1079924,1028.5,283.5,1,23223,0
1601,1079925,652.5,226.25,2,23223,1
1611,1079893,623.7142944335938,221.2857208251953,8,23209,0
1611,1079894,615.2833251953125,222.8333282470703,5,23209,1
1611,1079895,647.3333129882812,224.0,2,23210,0
1611,1079896,626.5,221.75,6,23210,1
1611,1079897,1028.5,283.5,1,23210,2
1611,1079898,616.5,225.25,2,23210,3
1611,1079899,620.75,224.26190185546875,6,23211,0
1611,1079900,623.7142944335938,221.5,8,23211,1
1611,1079901,620.75,224.26190185546875,6,23212,0
1611,1079902,623.7142944335938,221.5,8,23212,1
1611,1079903,1028.5,283.5,1,23212,2
1611,1079904,623.7142944335938,221.5,8,23213,0
1611,1079905,620.75,224.26190185546875,6,23213,1
1611,1079906,620.75,224.26190185546875,6,23214,0
1611,1079907,623.7142944335938,221.5,8,23214,1
1611,1079908,615.2833251953125,222.8333282470703,5,23215,0
1611,1079909,623.7142944335938,221.2857208251953,8,23215,1
1611,1079910,615.2833251953125,222.8333282470703,5,23216,0
1611,1079911,623.7142944335938,221.2857208251953,8,23216,1
1611,1079912,623.7142944335938,221.5,8,23217,0
1611,1079913,620.75,224.26190185546875,6,23217,1
1611,1079914,615.2833251953125,222.8333282470703,5,23218,0
1611,1079915,623.7142944335938,221.2857208251953,8,23218,1
1611,1079916,623.7142944335938,221.5,8,23219,0
1611,1079917,620.75,224.26190185546875,6,23219,1
1611,1079918,623.7142944335938,221.5,8,23220,0
1611,1079919,620.75,224.26190185546875,6,23220,1
1611,1079920,623.7142944335938,221.5,8,23221,0
1611,1079921,620.75,224.26190185546875,6,23221,1
1611,1079922,623.7142944335938,221.5,8,23222,0
1611,1079923,620.75,224.26190185546875,6,23222,1
1611,1079924,1028.5,283.5,1,23223,0
1611,1079925,652.5,226.25,2,23223,1
1621,1079893,623.7142944335938,221.2857208251953,8,23209,0
1621,1079894,615.2833251953125,222.8333282470703,5,23209,1
1621,1079895,647.3333129882812,224.0,2,23210,0
1621,1079896,626.5,221.75,6,23210,1
1621,1079897,1028.5,283.5,1,23210,2
1621,1079898,616.5,225.25,2,23210,3
1621,1079899,620.75,224.26190185546875,6,23211,0
1621,1079900,623.7142944335938,221.5,8,23211,1
1621,1079901,620.75,224.26190185546875,6,23212,0
1621,1079902,623.7142944335938,221.5,8,23212,1
1621,1079903,1028.5,283.5,1,23212,2
1621,1079904,623.7142944335938,221.5,8,23213,0
1621,1079905,620.75,224.26190185546875,6,23213,1
1621,1079906,620.75,224.26190185546875,6,23214,0
1621,1079907,623.7142944335938,221.5,8,23214,1
1621,1079908,615.2833251953125,222.8333282470703,5,23215,0
1621,1079909,623.7142944335938,221.2857208251953,8,23215,1
1621,1079910,615.2833251953125,222.8333282470703,5,23216,0
1621,1079911,623.7142944335938,221.2857208251953,8,23216,1
1621,1079912,623.7142944335938,221.5,8,23217,0
1621,1079913,620.75,224.26190185546875,6,23217,1
1621,1079914,615.2833251953125,222.8333282470703,5,23218,0
1621,1079915,623.7142944335938,221.2857208251953,8,23218,1
1621,1079916,623.7142944335938,221.5,8,23219,0
1621,1079917,620.75,224.26190185546875,6,23219,1
1621,1079918,623.7142944335938,221.5,8,23220,0
1621,1079919,620.75,224.26190185546875,6,23220,1
1621,1079920,623.7142944335938,221.5,8,23221,0
1621,1079921,620.75,224.26190185546875,6,23221,1
1621,1079922,623.7142944335938,221.5,8,23222,0
1621,1079923,620.75,224.26190185546875,6,23222,1
1621,1079924,1028.5,283.5,1,23223,0
1621,1079925,652.5,226.25,2,23223,1
1631,1079893,623.7142944335938,221.2857208251953,8,23209,0
1631,1079894,615.2833251953125,222.8333282470703,5,23209,1
1631,1079895,647.3333129882812,224.0,2,23210,0
1631,1079896,626.5,221.75,6,23210,1
1631,1079897,1028.5,283.5,1,23210,2
1631,1079898,616.5,225.25,2,23210,3
1631,1079899,620.75,224.26190185546875,6,23211,0
1631,1079900,623.7142944335938,221.5,8,23211,1
1631,1079901,620.75,224.26190185546875,6,23212,0
1631,1079902,623.7142944335938,221.5,8,23212,1
1631,1079903,1028.5,283.5,1,23212,2
1631,1079904,623.7142944335938,221.5,8,23213,0
1631,1079905,620.75,224.26190185546875,6,23213,1
1631,1079906,620.75,224.26190185546875,6,23214,0
1631,1079907,623.7142944335938,221.5,8,23214,1
1631,1079908,615.2833251953125,222.8333282470703,5,23215,0
1631,1079909,623.7142944335938,221.2857208251953,8,23215,1
1631,1079910,615.2833251953125,222.8333282470703,5,23216,0
1631,1079911,623.7142944335938,221.2857208251953,8,23216,1
1631,1079912,623.7142944335938,221.5,8,23217,0
1631,1079913,620.75,224.26190185546875,6,23217,1
1631,1079914,615.2833251953125,222.8333282470703,5,23218,0
1631,1079915,623.7142944335938,221.2857208251953,8,23218,1
1631,1079916,623.7142944335938,221.5,8,23219,0
1631,1079917,620.75,224.26190185546875,6,23219,1
1631,1079918,623.7142944335938,221.5,8,23220,0
1631,1079919,620.75,224.26190185546875,6,23220,1
1631,1079920,623.7142944335938,221.5,8,23221,0
1631,1079921,620.75,224.26190185546875,6,23221,1
1631,1079922,623.7142944335938,221.5,8,23222,0
1631,1079923,620.75,224.26190185546875,6,23222,1
1631,1079924,1028.5,283.5,1,23223,0
1631,1079925,652.5,226.25,2,23223,1
1641,1079893,623.7142944335938,221.2857208251953,8,23209,0
1641,1079894,615.2833251953125,222.8333282470703,5,23209,1
1641,1079895,647.3333129882812,224.0,2,23210,0
1641,1079896,626.5,221.75,6,23210,1
1641,1079897,1028.5,283.5,1,23210,2
1641,1079898,616.5,225.25,2,23210,3
1641,1079899,620.75,224.26190185546875,6,23211,0
1641,1079900,623.7142944335938,221.5,8,23211,1
1641,1079901,620.75,224.26190185546875,6,23212,0
1641,1079902,623.7142944335938,221.5,8,23212,1
1641,1079903,1028.5,283.5,1,23212,2
1641,1079904,623.7142944335938,221.5,8,23213,0
1641,1079905,620.75,224.26190185546875,6,23213,1
1641,1079906,620.75,224.26190185546875,6,23214,0
1641,1079907,623.7142944335938,221.5,8,23214,1
1641,1079908,615.2833251953125,222.8333282470703,5,23215,0
1641,1079909,623.7142944335938,221.2857208251953,8,23215,1
1641,1079910,615.2833251953125,222.8333282470703,5,23216,0
1641,1079911,623.7142944335938,221.2857208251953,8,23216,1
1641,1079912,623.7142944335938,221.5,8,23217,0
1641,1079913,620.75,224.26190185546875,6,23217,1
1641,1079914,615.2833251953125,222.8333282470703,5,23218,0
1641,1079915,623.7142944335938,221.2857208251953,8,23218,1
1641,1079916,623.7142944335938,221.5,8,23219,0
1641,1079917,620.75,224.26190185546875,6,23219,1
1641,1079918,623.7142944335938,221.5,8,23220,0
1641,1079919,620.75,224.26190185546875,6,23220,1
1641,1079920,623.7142944335938,221.5,8,23221,0
1641,1079921,620.75,224.26190185546875,6,23221,1
1641,1079922,623.7142944335938,221.5,8,23222,0
1641,1079923,620.75,224.26190185546875,6,23222,1
1641,1079924,1028.5,283.5,1,23223,0
1641,1079925,652.5,226.25,2,23223,1
1651,1079893,623.7142944335938,221.2857208251953,8,23209,0
1651,1079894,615.2833251953125,222.8333282470703,5,23209,1
1651,1079895,647.3333129882812,224.0,2,23210,0
1651,1079896,626.5,221.75,6,23210,1
1651,1079897,1028.5,283.5,1,23210,2
1651,1079898,616.5,225.25,2,23210,3
1651,1079899,620.75,224.26190185546875,6,23211,0
1651,1079900,623.7142944335938,221.5,8,23211,1
1651,1079901,620.75,224.26190185546875,6,23212,0
1651,1079902,623.7142944335938,221.5,8,23212,1
1651,1079903,1028.5,283.5,1,23212,2
1651,1079904,623.7142944335938,221.5,8,23213,0
1651,1079905,620.75,224.26190185546875,6,23213,1
1651,1079906,620.75,224.26190185546875,6,23214,0
1651,1079907,623.7142944335938,221.5,8,23214,1
1651,1079908,615.2833251953125,222.8333282470703,5,23215,0
1651,1079909,623.7142944335938,221.2857208251953,8,23215,1
1651,1079910,615.2833251953125,222.8333282470703,5,23216,0
1651,1079911,623.7142944335938,221.2857208251953,8,23216,1
1651,1079912,623.7142944335938,221.5,8,23217,0
1651,1079913,620.75,224.26190185546875,6,23217,1
1651,1079914,615.2833251953125,222.8333282470703,5,23218,0
1651,1079915,623.7142944335938,221.2857208251953,8,23218,1
1651,1079916,623.7142944335938,221.5,8,23219,0
1651,1079917,620.75,224.26190185546875,6,23219,1
1651,1079918,623.7142944335938,221.5,8,23220,0
1651,1079919,620.75,224.26190185546875,6,23220,1
1651,1079920,623.7142944335938,221.5,8,23221,0
1651,1079921,620.75,224.26190185546875,6,23221,1
1651,1079922,623.7142944335938,221.5,8,23222,0
1651,1079923,620.75,224.26190185546875,6,23222,1
1651,1079924,1028.5,283.5,1,23223,0
1651,1079925,652.5,226.25,2,23223,1
1661,1079893,623.7142944335938,221.2857208251953,8,23209,0
1661,1079894,615.2833251953125,222.8333282470703,5,23209,1
1661,1079895,647.3333129882812,224.0,2,23210,0
1661,1079896,626.5,221.75,6,23210,1
1661,1079897,1028.5,283.5,1,23210,2
1661,1079898,616.5,225.25,2,23210,3
1661,1079899,620.75,224.26190185546875,6,23211,0
1661,1079900,623.7142944335938,221.5,8,23211,1
1661,1079901,620.75,224.26190185546875,6,23212,0
1661,1079902,623.7142944335938,221.5,8,23212,1
1661,1079903,1028.5,283.5,1,23212,2
1661,1079904,623.7142944335938,221.5,8,23213,0
1661,1079905,620.75,224.26190185546875,6,23213,1
1661,1079906,620.75,224.26190185546875,6,23214,0
1661,1079907,623.7142944335938,221.5,8,23214,1
1661,1079908,615.2833251953125,222.8333282470703,5,23215,0
1661,1079909,623.7142944335938,221.2857208251953,8,23215,1
1661,1079910,615.2833251953125,222.8333282470703,5,23216,0
1661,1079911,623.7142944335938,221.2857208251953,8,23216,1
1661,1079912,623.7142944335938,221.5,8,23217,0
1661,1079913,620.75,224.26190185546875,6,23217,1
1661,1079914,615.2833251953125,222.8333282470703,5,23218,0
1661,1079915,623.7142944335938,221.2857208251953,8,23218,1
1661,1079916,623.7142944335938,221.5,8,23219,0
1661,1079917,620.75,224.26190185546875,6,23219,1
1661,1079918,623.7142944335938,221.5,8,23220,0
1661,1079919,620.75,224.26190185546875,6,23220,1
1661,1079920,623.7142944335938,221.5,8,23221,0
1661,1079921,620.75,224.26190185546875,6,23221,1
1661,1079922,623.7142944335938,221.5,8,23222,0
1661,1079923,620.75,224.26190185546875,6,23222,1
1661,1079924,1028.5,283.5,1,23223,0
1661,1079925,652.5,226.25,2,23223,1
1671,1079893,622.797607421875,221.36904907226562,6,23209,0
1671,1079894,617.9976196289062,223.1904754638672,7,23209,1
1671,1079895,648.3333129882812,223.75,2,23210,0
1671,1079896,625.8333129882812,221.75,6,23210,1
1671,1079897,1021.5,279.5,1,23210,2
1671,1079898,618.5,226.25,2,23210,3
1671,1079899,623.0625,224.51190185546875,8,23211,0
1671,1079900,622.797607421875,221.5833282470703,6,23211,1
1671,1079901,623.0625,224.51190185546875,8,23212,0
1671,1079902,622.797607421875,221.5833282470703,6,23212,1
1671,1079903,1021.5,279.5,1,23212,2
1671,1079904,622.797607421875,221.5833282470703,6,23213,0
1671,1079905,623.0625,224.51190185546875,8,23213,1
1671,1079906,623.0625,224.51190185546875,8,23214,0
1671,1079907,622.797607421875,221.5833282470703,6,23214,1
1671,1079908,617.9976196289062,223.1904754638672,7,23215,0
1671,1079909,622.797607421875,221.36904907226562,6,23215,1
1671,1079910,617.9976196289062,223.1904754638672,7,23216,0
1671,1079911,622.797607421875,221.36904907226562,6,23216,1
1671,1079912,622.797607421875,221.5833282470703,6,23217,0
1671,1079913,623.0625,224.51190185546875,8,23217,1
1671,1079914,617.9976196289062,223.1904754638672,7,23218,0
1671,1079915,622.797607421875,221.36904907226562,6,23218,1
1671,1079916,622.797607421875,221.5833282470703,6,23219,0
1671,1079917,623.0625,224.51190185546875,8,23219,1
1671,1079918,622.797607421875,221.5833282470703,6,23220,0
1671,1079919,623.0625,224.51190185546875,8,23220,1
1671,1079920,622.797607421875,221.5833282470703,6,23221,0
1671,1079921,623.0625,224.51190185546875,8,23221,1
1671,1079922,622.797607421875,221.5833282470703,6,23222,0
1671,1079923,623.0625,224.51190185546875,8,23222,1
1671,1079924,1021.5,279.5,1,23223,0
1671,1079925,653.5,226.0,2,23223,1
