frame,cluster_id,x,y,cluster_size,source_sample_index,source_local_cluster_id
11,1106981,991.9545288085938,951.727294921875,11,31062,0
11,1106982,1025.5,953.125,4,31062,1
11,1106983,1232.5,946.0,1,31063,0
11,1106984,1086.0,954.5,1,31063,1
11,1106985,986.5833129882812,950.875,12,31064,0
11,1106986,1025.5,953.125,4,31064,1
11,1106987,991.9545288085938,951.727294921875,11,31065,0
11,1106988,1025.5,953.125,4,31065,1
11,1106989,957.272705078125,951.1818237304688,11,31066,0
11,1106990,976.0,956.25,2,31066,1
11,1106991,1067.8333740234375,948.0,3,31067,0
11,1106992,1232.5,946.0,1,31067,1
11,1106993,1108.0,949.0,1,31067,2
11,1106994,1042.0,951.0,1,31067,3
11,1106995,1108.0,949.0,1,31068,0
11,1106996,1004.272705078125,951.5,11,31068,1
11,1106997,1042.0,951.0,1,31068,2
11,1106998,991.9545288085938,951.727294921875,11,31069,0
11,1106999,1025.5,953.125,4,31069,1
11,1107000,941.5625,949.75,8,31070,0
11,1107001,976.0,956.25,2,31070,1
11,1107002,986.5833129882812,950.875,12,31071,0
11,1107003,1025.5,953.125,4,31071,1
11,1107004,986.5833129882812,950.875,12,31072,0
11,1107005,976.0,956.25,2,31072,1
11,1107006,1108.0,949.0,1,31072,2
11,1107007,787.0,913.5,2,31073,0
11,1107008,987.0,955.5,1,31073,1
11,1107009,1004.272705078125,951.5,11,31074,0
11,1107010,1042.0,951.0,1,31074,1
11,1107011,1108.0,949.0,1,31074,2
11,1107012,872.7999877929688,933.0999755859375,5,31075,0
11,1107013,976.0,956.25,2,31075,1
11,1107014,966.6666870117188,950.7916870117188,12,31076,0
11,1107015,976.0,956.25,2,31076,1
11,1107016,1108.0,949.0,1,31076,2
11,1107017,976.0,956.25,2,31077,0
11,1107018,941.2916870117188,945.6666870117188,12,31077,1
11,1107019,1015.7777709960938,952.611083984375,9,31078,0
11,1107020,1042.0,951.0,1,31078,1
11,1107021,1108.0,949.0,1,31078,2
11,1107022,993.0,953.0,1,31078,3
11,1107023,986.5833129882812,950.875,12,31079,0
11,1107024,1025.5,953.125,4,31079,1
11,1107025,1042.0,951.0,1,31080,0
11,1107026,1020.5,952.5,8,31080,1
11,1107027,1108.0,949.0,1,31080,2
11,1107028,993.0,953.0,1,31080,3
11,1107029,976.0,956.25,2,31081,0
11,1107030,957.272705078125,951.1818237304688,11,31081,1
21,1106981,991.9545288085938,951.727294921875,11,31062,0
21,1106982,1025.5,953.125,4,31062,1
21,1106983,1232.5,946.0,1,31063,0
21,1106984,1086.0,954.5,1,31063,1
21,1106985,986.5833129882812,950.875,12,31064,0
21,1106986,1025.5,953.125,4,31064,1
21,1106987,991.9545288085938,951.727294921875,11,31065,0
21,1106988,1025.5,953.125,4,31065,1
21,1106989,957.272705078125,951.1818237304688,11,31066,0
21,1106990,976.0,956.25,2,31066,1
21,1106991,1067.8333740234375,948.0,3,31067,0
21,1106992,1232.5,946.0,1,31067,1
21,1106993,1108.0,949.0,1,31067,2
21,1106994,1042.0,951.0,1,31067,3
21,1106995,1108.0,949.0,1,31068,0
21,1106996,1004.272705078125,951.5,11,31068,1
21,1106997,1042.0,951.0,1,31068,2
21,1106998,991.9545288085938,951.727294921875,11,31069,0
21,1106999,1025.5,953.125,4,31069,1
21,1107000,941.5625,949.75,8,31070,0
21,1107001,976.0,956.25,2,31070,1
21,1107002,986.5833129882812,950.875,12,31071,0
21,1107003,1025.5,953.125,4,31071,1
21,1107004,986.5833129882812,950.875,12,31072,0
21,1107005,976.0,956.25,2,31072,1
21,1107006,1108.0,949.0,1,31072,2
21,1107007,787.0,913.5,2,31073,0
21,1107008,987.0,955.5,1,31073,1
21,1107009,1004.272705078125,951.5,11,31074,0
21,1107010,1042.0,951.0,1,31074,1
21,1107011,1108.0,949.0,1,31074,2
21,1107012,872.7999877929688,933.0999755859375,5,31075,0
21,1107013,976.0,956.25,2,31075,1
21,1107014,966.6666870117188,950.7916870117188,12,31076,0
21,1107015,976.0,956.25,2,31076,1
21,1107016,1108.0,949.0,1,31076,2
21,1107017,976.0,956.25,2,31077,0
21,1107018,941.2916870117188,945.6666870117188,12,31077,1
21,1107019,1015.7777709960938,952.611083984375,9,31078,0
21,1107020,1042.0,951.0,1,31078,1
21,1107021,1108.0,949.0,1,31078,2
21,1107022,993.0,953.0,1,31078,3
21,1107023,986.5833129882812,950.875,12,31079,0
21,1107024,1025.5,953.125,4,31079,1
21,1107025,1042.0,951.0,1,31080,0
21,1107026,1020.5,952.5,8,31080,1
21,1107027,1108.0,949.0,1,31080,2
21,1107028,993.0,953.0,1,31080,3
21,1107029,976.0,956.25,2,31081,0
21,1107030,957.272705078125,951.1818237304688,11,31081,1
31,1106981,991.9545288085938,951.727294921875,11,31062,0
31,1106982,1025.5,953.125,4,31062,1
31,1106983,1232.5,946.0,1,31063,0
31,1106984,1086.0,954.5,1,31063,1
31,1106985,986.5833129882812,950.875,12,31064,0
31,1106986,1025.5,953.125,4,31064,1
31,1106987,991.9545288085938,951.727294921875,11,31065,0
31,1106988,1025.5,953.125,4,31065,1
31,1106989,957.272705078125,951.1818237304688,11,31066,0
31,1106990,976.0,956.25,2,31066,1
31,1106991,1067.8333740234375,948.0,3,31067,0
31,1106992,1232.5,946.0,1,31067,1
31,1106993,1108.0,949.0,1,31067,2
31,1106994,1042.0,951.0,1,31067,3
31,1106995,1108.0,949.0,1,31068,0
31,1106996,1004.272705078125,951.5,11,31068,1
31,1106997,1042.0,951.0,1,31068,2
31,1106998,991.9545288085938,951.727294921875,11,31069,0
31,1106999,1025.5,953.125,4,31069,1
31,1107000,941.5625,949.75,8,31070,0
31,1107001,976.0,956.25,2,31070,1
31,1107002,986.5833129882812,950.875,12,31071,0
31,1107003,1025.5,953.125,4,31071,1
31,1107004,986.5833129882812,950.875,12,31072,0
31,1107005,976.0,956.25,2,31072,1
31,1107006,1108.0,949.0,1,31072,2
31,1107007,787.0,913.5,2,31073,0
31,1107008,987.0,955.5,1,31073,1
31,1107009,1004.272705078125,951.5,11,31074,0
31,1107010,1042.0,951.0,1,31074,1
31,1107011,1108.0,949.0,1,31074,2
31,1107012,872.7999877929688,933.0999755859375,5,31075,0
31,1107013,976.0,956.25,2,31075,1
31,1107014,966.6666870117188,950.7916870117188,12,31076,0
31,1107015,976.0,956.25,2,31076,1
31,1107016,1108.0,949.0,1,31076,2
31,1107017,976.0,956.25,2,31077,0
31,1107018,941.2916870117188,945.6666870117188,12,31077,1
31,1107019,1015.7777709960938,952.611083984375,9,31078,0
31,1107020,1042.0,951.0,1,31078,1
31,1107021,1108.0,949.0,1,31078,2
31,1107022,993.0,953.0,1,31078,3
31,1107023,986.5833129882812,950.875,12,31079,0
31,1107024,1025.5,953.125,4,31079,1
31,1107025,1042.0,951.0,1,31080,0
31,1107026,1020.5,952.5,8,31080,1
31,1107027,1108.0,949.0,1,31080,2
31,1107028,993.0,953.0,1,31080,3
31,1107029,976.0,956.25,2,31081,0
31,1107030,957.272705078125,951.1818237304688,11,31081,1
41,1106981,991.9545288085938,951.727294921875,11,31062,0
41,1106982,1025.5,953.125,4,31062,1
41,1106983,1232.5,946.0,1,31063,0
41,1106984,1086.0,954.5,1,31063,1
41,1106985,986.5833129882812,950.875,12,31064,0
41,1106986,1025.5,953.125,4,31064,1
41,1106987,991.9545288085938,951.727294921875,11,31065,0
41,1106988,1025.5,953.125,4,31065,1
41,1106989,957.272705078125,951.1818237304688,11,31066,0
41,1106990,976.0,956.25,2,31066,1
41,1106991,1067.8333740234375,948.0,3,31067,0
41,1106992,1232.5,946.0,1,31067,1
41,1106993,1108.0,949.0,1,31067,2
41,1106994,1042.0,951.0,1,31067,3
41,1106995,1108.0,949.0,1,31068,0
41,1106996,1004.272705078125,951.5,11,31068,1
41,1106997,1042.0,951.0,1,31068,2
41,1106998,991.9545288085938,951.727294921875,11,31069,0
41,1106999,1025.5,953.125,4,31069,1
41,1107000,941.5625,949.75,8,31070,0
41,1107001,976.0,956.25,2,31070,1
41,1107002,986.5833129882812,950.875,12,31071,0
41,1107003,1025.5,953.125,4,31071,1
41,1107004,986.5833129882812,950.875,12,31072,0
41,1107005,976.0,956.25,2,31072,1
41,1107006,1108.0,949.0,1,31072,2
41,1107007,787.0,913.5,2,31073,0
41,1107008,987.0,955.5,1,31073,1
41,1107009,1004.272705078125,951.5,11,31074,0
41,1107010,1042.0,951.0,1,31074,1
41,1107011,1108.0,949.0,1,31074,2
41,1107012,872.7999877929688,933.0999755859375,5,31075,0
41,1107013,976.0,956.25,2,31075,1
41,1107014,966.6666870117188,950.7916870117188,12,31076,0
41,1107015,976.0,956.25,2,31076,1
41,1107016,1108.0,949.0,1,31076,2
41,1107017,976.0,956.25,2,31077,0
41,1107018,941.2916870117188,945.6666870117188,12,31077,1
41,1107019,1015.7777709960938,952.611083984375,9,31078,0
41,1107020,1042.0,951.0,1,31078,1
41,1107021,1108.0,949.0,1,31078,2
41,1107022,993.0,953.0,1,31078,3
41,1107023,986.5833129882812,950.875,12,31079,0
41,1107024,1025.5,953.125,4,31079,1
41,1107025,1042.0,951.0,1,31080,0
41,1107026,1020.5,952.5,8,31080,1
41,1107027,1108.0,949.0,1,31080,2
41,1107028,993.0,953.0,1,31080,3
41,1107029,976.0,956.25,2,31081,0
41,1107030,957.272705078125,951.1818237304688,11,31081,1
51,1106981,991.9545288085938,951.727294921875,11,31062,0
51,1106982,1025.5,953.125,4,31062,1
51,1106983,1232.5,946.0,1,31063,0
51,1106984,1086.0,954.5,1,31063,1
51,1106985,986.5833129882812,950.875,12,31064,0
51,1106986,1025.5,953.125,4,31064,1
51,1106987,991.9545288085938,951.727294921875,11,31065,0
51,1106988,1025.5,953.125,4,31065,1
51,1106989,957.272705078125,951.1818237304688,11,31066,0
51,1106990,976.0,956.25,2,31066,1
51,1106991,1067.8333740234375,948.0,3,31067,0
51,1106992,1232.5,946.0,1,31067,1
51,1106993,1108.0,949.0,1,31067,2
51,1106994,1042.0,951.0,1,31067,3
51,1106995,1108.0,949.0,1,31068,0
51,1106996,1004.272705078125,951.5,11,31068,1
51,1106997,1042.0,951.0,1,31068,2
51,1106998,991.9545288085938,951.727294921875,11,31069,0
51,1106999,1025.5,953.125,4,31069,1
51,1107000,941.5625,949.75,8,31070,0
51,1107001,976.0,956.25,2,31070,1
51,1107002,986.5833129882812,950.875,12,31071,0
51,1107003,1025.5,953.125,4,31071,1
51,1107004,986.5833129882812,950.875,12,31072,0
51,1107005,976.0,956.25,2,31072,1
51,1107006,1108.0,949.0,1,31072,2
51,1107007,787.0,913.5,2,31073,0
51,1107008,987.0,955.5,1,31073,1
51,1107009,1004.272705078125,951.5,11,31074,0
51,1107010,1042.0,951.0,1,31074,1
51,1107011,1108.0,949.0,1,31074,2
51,1107012,872.7999877929688,933.0999755859375,5,31075,0
51,1107013,976.0,956.25,2,31075,1
51,1107014,966.6666870117188,950.7916870117188,12,31076,0
51,1107015,976.0,956.25,2,31076,1
51,1107016,1108.0,949.0,1,31076,2
51,1107017,976.0,956.25,2,31077,0
51,1107018,941.2916870117188,945.6666870117188,12,31077,1
51,1107019,1015.7777709960938,952.611083984375,9,31078,0
51,1107020,1042.0,951.0,1,31078,1
51,1107021,1108.0,949.0,1,31078,2
51,1107022,993.0,953.0,1,31078,3
51,1107023,986.5833129882812,950.875,12,31079,0
51,1107024,1025.5,953.125,4,31079,1
51,1107025,1042.0,951.0,1,31080,0
51,1107026,1020.5,952.5,8,31080,1
51,1107027,1108.0,949.0,1,31080,2
51,1107028,993.0,953.0,1,31080,3
51,1107029,976.0,956.25,2,31081,0
51,1107030,957.272705078125,951.1818237304688,11,31081,1
61,1106981,991.9545288085938,951.727294921875,11,31062,0
61,1106982,1025.5,953.125,4,31062,1
61,1106983,1232.5,946.0,1,31063,0
61,1106984,1086.0,954.5,1,31063,1
61,1106985,986.5833129882812,950.875,12,31064,0
61,1106986,1025.5,953.125,4,31064,1
61,1106987,991.9545288085938,951.727294921875,11,31065,0
61,1106988,1025.5,953.125,4,31065,1
61,1106989,957.272705078125,951.1818237304688,11,31066,0
61,1106990,976.0,956.25,2,31066,1
61,1106991,1067.8333740234375,948.0,3,31067,0
61,1106992,1232.5,946.0,1,31067,1
61,1106993,1108.0,949.0,1,31067,2
61,1106994,1042.0,951.0,1,31067,3
61,1106995,1108.0,949.0,1,31068,0
61,1106996,1004.272705078125,951.5,11,31068,1
61,1106997,1042.0,951.0,1,31068,2
61,1106998,991.9545288085938,951.727294921875,11,31069,0
61,1106999,1025.5,953.125,4,31069,1
61,1107000,941.5625,949.75,8,31070,0
61,1107001,976.0,956.25,2,31070,1
61,1107002,986.5833129882812,950.875,12,31071,0
61,1107003,1025.5,953.125,4,31071,1
61,1107004,986.5833129882812,950.875,12,31072,0
61,1107005,976.0,956.25,2,31072,1
61,1107006,1108.0,949.0,1,31072,2
61,1107007,787.0,913.5,2,31073,0
61,1107008,987.0,955.5,1,31073,1
61,1107009,1004.272705078125,951.5,11,31074,0
61,1107010,1042.0,951.0,1,31074,1
61,1107011,1108.0,949.0,1,31074,2
61,1107012,872.7999877929688,933.0999755859375,5,31075,0
61,1107013,976.0,956.25,2,31075,1
61,1107014,966.6666870117188,950.7916870117188,12,31076,0
61,1107015,976.0,956.25,2,31076,1
61,1107016,1108.0,949.0,1,31076,2
61,1107017,976.0,956.25,2,31077,0
61,1107018,941.2916870117188,945.6666870117188,12,31077,1
61,1107019,1015.7777709960938,952.611083984375,9,31078,0
61,1107020,1042.0,951.0,1,31078,1
61,1107021,1108.0,949.0,1,31078,2
61,1107022,993.0,953.0,1,31078,3
61,1107023,986.5833129882812,950.875,12,31079,0
61,1107024,1025.5,953.125,4,31079,1
61,1107025,1042.0,951.0,1,31080,0
61,1107026,1020.5,952.5,8,31080,1
61,1107027,1108.0,949.0,1,31080,2
61,1107028,993.0,953.0,1,31080,3
61,1107029,976.0,956.25,2,31081,0
61,1107030,957.272705078125,951.1818237304688,11,31081,1
71,1106981,991.9545288085938,951.727294921875,11,31062,0
71,1106982,1025.5,953.125,4,31062,1
71,1106983,1232.5,946.0,1,31063,0
71,1106984,1086.0,954.5,1,31063,1
71,1106985,986.5833129882812,950.875,12,31064,0
71,1106986,1025.5,953.125,4,31064,1
71,1106987,991.9545288085938,951.727294921875,11,31065,0
71,1106988,1025.5,953.125,4,31065,1
71,1106989,957.272705078125,951.1818237304688,11,31066,0
71,1106990,976.0,956.25,2,31066,1
71,1106991,1067.8333740234375,948.0,3,31067,0
71,1106992,1232.5,946.0,1,31067,1
71,1106993,1108.0,949.0,1,31067,2
71,1106994,1042.0,951.0,1,31067,3
71,1106995,1108.0,949.0,1,31068,0
71,1106996,1004.272705078125,951.5,11,31068,1
71,1106997,1042.0,951.0,1,31068,2
71,1106998,991.9545288085938,951.727294921875,11,31069,0
71,1106999,1025.5,953.125,4,31069,1
71,1107000,941.5625,949.75,8,31070,0
71,1107001,976.0,956.25,2,31070,1
71,1107002,986.5833129882812,950.875,12,31071,0
71,1107003,1025.5,953.125,4,31071,1
71,1107004,986.5833129882812,950.875,12,31072,0
71,1107005,976.0,956.25,2,31072,1
71,1107006,1108.0,949.0,1,31072,2
71,1107007,787.0,913.5,2,31073,0
71,1107008,987.0,955.5,1,31073,1
71,1107009,1004.272705078125,951.5,11,31074,0
71,1107010,1042.0,951.0,1,31074,1
71,1107011,1108.0,949.0,1,31074,2
71,1107012,872.7999877929688,933.0999755859375,5,31075,0
71,1107013,976.0,956.25,2,31075,1
71,1107014,966.6666870117188,950.7916870117188,12,31076,0
71,1107015,976.0,956.25,2,31076,1
71,1107016,1108.0,949.0,1,31076,2
71,1107017,976.0,956.25,2,31077,0
71,1107018,941.2916870117188,945.6666870117188,12,31077,1
71,1107019,1015.7777709960938,952.611083984375,9,31078,0
71,1107020,1042.0,951.0,1,31078,1
71,1107021,1108.0,949.0,1,31078,2
71,1107022,993.0,953.0,1,31078,3
71,1107023,986.5833129882812,950.875,12,31079,0
71,1107024,1025.5,953.125,4,31079,1
71,1107025,1042.0,951.0,1,31080,0
71,1107026,1020.5,952.5,8,31080,1
71,1107027,1108.0,949.0,1,31080,2
71,1107028,993.0,953.0,1,31080,3
71,1107029,976.0,956.25,2,31081,0
71,1107030,957.272705078125,951.1818237304688,11,31081,1
81,1106981,991.9545288085938,951.727294921875,11,31062,0
81,1106982,1025.5,953.125,4,31062,1
81,1106983,1232.5,946.0,1,31063,0
81,1106984,1086.0,954.5,1,31063,1
81,1106985,986.5833129882812,950.875,12,31064,0
81,1106986,1025.5,953.125,4,31064,1
81,1106987,991.9545288085938,951.727294921875,11,31065,0
81,1106988,1025.5,953.125,4,31065,1
81,1106989,957.272705078125,951.1818237304688,11,31066,0
81,1106990,976.0,956.25,2,31066,1
81,1106991,1067.8333740234375,948.0,3,31067,0
81,1106992,1232.5,946.0,1,31067,1
81,1106993,1108.0,949.0,1,31067,2
81,1106994,1042.0,951.0,1,31067,3
81,1106995,1108.0,949.0,1,31068,0
81,1106996,1004.272705078125,951.5,11,31068,1
81,1106997,1042.0,951.0,1,31068,2
81,1106998,991.9545288085938,951.727294921875,11,31069,0
81,1106999,1025.5,953.125,4,31069,1
81,1107000,941.5625,949.75,8,31070,0
81,1107001,976.0,956.25,2,31070,1
81,1107002,986.5833129882812,950.875,12,31071,0
81,1107003,1025.5,953.125,4,31071,1
81,1107004,986.5833129882812,950.875,12,31072,0
81,1107005,976.0,956.25,2,31072,1
81,1107006,1108.0,949.0,1,31072,2
81,1107007,787.0,913.5,2,31073,0
81,1107008,987.0,955.5,1,31073,1
81,1107009,1004.272705078125,951.5,11,31074,0
81,1107010,1042.0,951.0,1,31074,1
81,1107011,1108.0,949.0,1,31074,2
81,1107012,872.7999877929688,933.0999755859375,5,31075,0
81,1107013,976.0,956.25,2,31075,1
81,1107014,966.6666870117188,950.7916870117188,12,31076,0
81,1107015,976.0,956.25,2,31076,1
81,1107016,1108.0,949.0,1,31076,2
81,1107017,976.0,956.25,2,31077,0
81,1107018,941.2916870117188,945.6666870117188,12,31077,1
81,1107019,1015.7777709960938,952.611083984375,9,31078,0
81,1107020,1042.0,951.0,1,31078,1
81,1107021,1108.0,949.0,1,31078,2
81,1107022,993.0,953.0,1,31078,3
81,1107023,986.5833129882812,950.875,12,31079,0
81,1107024,1025.5,953.125,4,31079,1
81,1107025,1042.0,951.0,1,31080,0
81,1107026,1020.5,952.5,8,31080,1
81,1107027,1108.0,949.0,1,31080,2
81,1107028,993.0,953.0,1,31080,3
81,1107029,976.0,956.25,2,31081,0
81,1107030,957.272705078125,951.1818237304688,11,31081,1
91,1106981,991.9545288085938,951.727294921875,11,31062,0
91,1106982,1025.5,953.125,4,31062,1
91,1106983,1232.5,946.0,1,31063,0
91,1106984,1086.0,954.5,1,31063,1
91,1106985,986.5833129882812,950.875,12,31064,0
91,1106986,1025.5,953.125,4,31064,1
91,1106987,991.9545288085938,951.727294921875,11,31065,0
91,1106988,1025.5,953.125,4,31065,1
91,1106989,957.272705078125,951.1818237304688,11,31066,0
91,1106990,976.0,956.25,2,31066,1
91,1106991,1067.8333740234375,948.0,3,31067,0
91,1106992,1232.5,946.0,1,31067,1
91,1106993,1108.0,949.0,1,31067,2
91,1106994,1042.0,951.0,1,31067,3
91,1106995,1108.0,949.0,1,31068,0
91,1106996,1004.272705078125,951.5,11,31068,1
91,1106997,1042.0,951.0,1,31068,2
91,1106998,991.9545288085938,951.727294921875,11,31069,0
91,1106999,1025.5,953.125,4,31069,1
91,1107000,941.5625,949.75,8,31070,0
91,1107001,976.0,956.25,2,31070,1
91,1107002,986.5833129882812,950.875,12,31071,0
91,1107003,1025.5,953.125,4,31071,1
91,1107004,986.5833129882812,950.875,12,31072,0
91,1107005,976.0,956.25,2,31072,1
91,1107006,1108.0,949.0,1,31072,2
91,1107007,787.0,913.5,2,31073,0
91,1107008,987.0,955.5,1,31073,1
91,1107009,1004.272705078125,951.5,11,31074,0
91,1107010,1042.0,951.0,1,31074,1
91,1107011,1108.0,949.0,1,31074,2
91,1107012,872.7999877929688,933.0999755859375,5,31075,0
91,1107013,976.0,956.25,2,31075,1
91,1107014,966.6666870117188,950.7916870117188,12,31076,0
91,1107015,976.0,956.25,2,31076,1
91,1107016,1108.0,949.0,1,31076,2
91,1107017,976.0,956.25,2,31077,0
91,1107018,941.2916870117188,945.6666870117188,12,31077,1
91,1107019,1015.7777709960938,952.611083984375,9,31078,0
91,1107020,1042.0,951.0,1,31078,1
91,1107021,1108.0,949.0,1,31078,2
91,1107022,993.0,953.0,1,31078,3
91,1107023,986.5833129882812,950.875,12,31079,0
91,1107024,1025.5,953.125,4,31079,1
91,1107025,1042.0,951.0,1,31080,0
91,1107026,1020.5,952.5,8,31080,1
91,1107027,1108.0,949.0,1,31080,2
91,1107028,993.0,953.0,1,31080,3
91,1107029,976.0,956.25,2,31081,0
91,1107030,957.272705078125,951.1818237304688,11,31081,1
101,1106981,991.2670288085938,951.727294921875,8,31062,0
101,1106982,1028.5,953.4249877929688,5,31062,1
101,1106983,1221.5,946.5,1,31063,0
101,1106984,1119.5,950.0,1,31063,1
101,1106985,986.6943969726562,950.486083984375,9,31064,0
101,1106986,1028.25,953.625,4,31064,1
101,1106987,991.2670288085938,951.727294921875,8,31065,0
101,1106988,1028.5,953.4249877929688,5,31065,1
101,1106989,958.835205078125,951.3693237304688,8,31066,0
101,1106990,978.1666870117188,956.9166870117188,3,31066,1
101,1106991,1084.5833740234375,943.0,2,31067,0
101,1106992,1221.5,946.5,1,31067,1
101,1106993,1104.5,949.0,1,31067,2
101,1106994,1046.0,951.0,1,31067,3
101,1106995,1104.5,949.0,1,31068,0
101,1106996,1004.897705078125,951.625,8,31068,1
101,1106997,1046.0,950.75,2,31068,2
101,1106998,991.2670288085938,951.727294921875,8,31069,0
101,1106999,1028.5,953.4249877929688,5,31069,1
101,1107000,942.3125,949.0,6,31070,0
101,1107001,979.0,956.9166870117188,3,31070,1
101,1107002,986.6943969726562,950.486083984375,9,31071,0
101,1107003,1028.25,953.625,4,31071,1
101,1107004,986.6943969726562,950.486083984375,9,31072,0
101,1107005,979.0,956.9166870117188,3,31072,1
101,1107006,1104.5,949.0,1,31072,2
101,1107007,792.0,915.5,2,31073,0
101,1107008,985.5,955.5,1,31073,1
101,1107009,1004.897705078125,951.625,8,31074,0
101,1107010,1046.0,950.75,2,31074,1
101,1107011,1104.5,949.0,1,31074,2
101,1107012,875.1749877929688,933.0999755859375,4,31075,0
101,1107013,975.75,956.75,2,31075,1
101,1107014,967.0,951.2916870117188,9,31076,0
101,1107015,979.0,956.9166870117188,3,31076,1
101,1107016,1104.5,949.0,1,31076,2
101,1107017,980.0,957.0,4,31077,0
101,1107018,941.24169921875,945.9166870117188,10,31077,1
101,1107019,1021.2777709960938,950.9682006835938,7,31078,0
101,1107020,1046.0,951.0,1,31078,1
101,1107021,1104.5,949.0,1,31078,2
101,1107022,993.75,953.25,2,31078,3
101,1107023,986.6943969726562,950.486083984375,9,31079,0
101,1107024,1028.25,953.625,4,31079,1
101,1107025,1046.0,951.0,1,31080,0
101,1107026,1027.0,950.5833129882812,6,31080,1
101,1107027,1104.5,949.0,1,31080,2
101,1107028,993.75,953.25,2,31080,3
101,1107029,978.1666870117188,956.9166870117188,3,31081,0
101,1107030,958.835205078125,951.3693237304688,8,31081,1
111,1106981,991.2670288085938,951.727294921875,8,31062,0
111,1106982,1028.5,953.4249877929688,6,31062,1
111,1106983,1221.5,946.5,1,31063,0
111,1106984,1119.5,950.0,1,31063,1
111,1106985,986.6943969726562,950.486083984375,10,31064,0
111,1106986,1028.25,953.625,6,31064,1
111,1106987,991.2670288085938,951.727294921875,8,31065,0
111,1106988,1028.5,953.4249877929688,6,31065,1
111,1106989,958.835205078125,951.3693237304688,8,31066,0
111,1106990,978.1666870117188,956.9166870117188,3,31066,1
111,1106991,1084.5833740234375,943.0,2,31067,0
111,1106992,1221.5,946.5,1,31067,1
111,1106993,1104.5,949.0,1,31067,2
111,1106994,1046.0,951.0,2,31067,3
111,1106995,1104.5,949.0,1,31068,0
111,1106996,1004.897705078125,951.625,9,31068,1
111,1106997,1046.0,950.75,2,31068,2
111,1106998,991.2670288085938,951.727294921875,8,31069,0
111,1106999,1028.5,953.4249877929688,6,31069,1
111,1107000,942.3125,949.0,6,31070,0
111,1107001,979.0,956.9166870117188,3,31070,1
111,1107002,986.6943969726562,950.486083984375,10,31071,0
111,1107003,1028.25,953.625,6,31071,1
111,1107004,986.6943969726562,950.486083984375,9,31072,0
111,1107005,979.0,956.9166870117188,5,31072,1
111,1107006,1104.5,949.0,1,31072,2
111,1107007,792.0,915.5,2,31073,0
111,1107008,985.5,955.5,1,31073,1
111,1107009,1004.897705078125,951.625,9,31074,0
111,1107010,1046.0,950.75,2,31074,1
111,1107011,1104.5,949.0,1,31074,2
111,1107012,875.1749877929688,933.0999755859375,4,31075,0
111,1107013,975.75,956.75,3,31075,1
111,1107014,967.0,951.2916870117188,9,31076,0
111,1107015,979.0,956.9166870117188,4,31076,1
111,1107016,1104.5,949.0,1,31076,2
111,1107017,980.0,957.0,4,31077,0
111,1107018,941.24169921875,945.9166870117188,10,31077,1
111,1107019,1021.2777709960938,950.9682006835938,7,31078,0
111,1107020,1046.0,951.0,2,31078,1
111,1107021,1104.5,949.0,1,31078,2
111,1107022,993.75,953.25,2,31078,3
111,1107023,986.6943969726562,950.486083984375,10,31079,0
111,1107024,1028.25,953.625,6,31079,1
111,1107025,1046.0,951.0,2,31080,0
111,1107026,1027.0,950.5833129882812,6,31080,1
111,1107027,1104.5,949.0,1,31080,2
111,1107028,993.75,953.25,2,31080,3
111,1107029,978.1666870117188,956.9166870117188,3,31081,0
111,1107030,958.835205078125,951.3693237304688,8,31081,1
121,1106981,991.2670288085938,951.727294921875,8,31062,0
121,1106982,1028.5,953.4249877929688,7,31062,1
121,1106983,1221.5,946.5,1,31063,0
121,1106984,1119.5,950.0,1,31063,1
121,1106985,986.6943969726562,950.486083984375,10,31064,0
121,1106986,1028.25,953.625,6,31064,1
121,1106987,991.2670288085938,951.727294921875,8,31065,0
121,1106988,1028.5,953.4249877929688,7,31065,1
121,1106989,958.835205078125,951.3693237304688,8,31066,0
121,1106990,978.1666870117188,956.9166870117188,4,31066,1
121,1106991,1084.5833740234375,943.0,2,31067,0
121,1106992,1221.5,946.5,1,31067,1
121,1106993,1104.5,949.0,1,31067,2
121,1106994,1046.0,951.0,2,31067,3
121,1106995,1104.5,949.0,1,31068,0
121,1106996,1004.897705078125,951.625,9,31068,1
121,1106997,1046.0,950.75,2,31068,2
121,1106998,991.2670288085938,951.727294921875,8,31069,0
121,1106999,1028.5,953.4249877929688,7,31069,1
121,1107000,942.3125,949.0,7,31070,0
121,1107001,979.0,956.9166870117188,3,31070,1
121,1107002,986.6943969726562,950.486083984375,10,31071,0
121,1107003,1028.25,953.625,6,31071,1
121,1107004,986.6943969726562,950.486083984375,9,31072,0
121,1107005,979.0,956.9166870117188,5,31072,1
121,1107006,1104.5,949.0,1,31072,2
121,1107007,792.0,915.5,2,31073,0
121,1107008,985.5,955.5,1,31073,1
121,1107009,1004.897705078125,951.625,9,31074,0
121,1107010,1046.0,950.75,2,31074,1
121,1107011,1104.5,949.0,1,31074,2
121,1107012,875.1749877929688,933.0999755859375,4,31075,0
121,1107013,975.75,956.75,3,31075,1
121,1107014,967.0,951.2916870117188,9,31076,0
121,1107015,979.0,956.9166870117188,4,31076,1
121,1107016,1104.5,949.0,1,31076,2
121,1107017,980.0,957.0,4,31077,0
121,1107018,941.24169921875,945.9166870117188,10,31077,1
121,1107019,1021.2777709960938,950.9682006835938,7,31078,0
121,1107020,1046.0,951.0,2,31078,1
121,1107021,1104.5,949.0,1,31078,2
121,1107022,993.75,953.25,2,31078,3
121,1107023,986.6943969726562,950.486083984375,10,31079,0
121,1107024,1028.25,953.625,6,31079,1
121,1107025,1046.0,951.0,2,31080,0
121,1107026,1027.0,950.5833129882812,6,31080,1
121,1107027,1104.5,949.0,1,31080,2
121,1107028,993.75,953.25,2,31080,3
121,1107029,978.1666870117188,956.9166870117188,4,31081,0
121,1107030,958.835205078125,951.3693237304688,8,31081,1
131,1106981,991.2670288085938,951.727294921875,8,31062,0
131,1106982,1028.5,953.4249877929688,7,31062,1
131,1106983,1221.5,946.5,1,31063,0
131,1106984,1119.5,950.0,1,31063,1
131,1106985,986.6943969726562,950.486083984375,10,31064,0
131,1106986,1028.25,953.625,6,31064,1
131,1106987,991.2670288085938,951.727294921875,8,31065,0
131,1106988,1028.5,953.4249877929688,7,31065,1
131,1106989,958.835205078125,951.3693237304688,8,31066,0
131,1106990,978.1666870117188,956.9166870117188,4,31066,1
131,1106991,1084.5833740234375,943.0,2,31067,0
131,1106992,1221.5,946.5,1,31067,1
131,1106993,1104.5,949.0,1,31067,2
131,1106994,1046.0,951.0,2,31067,3
131,1106995,1104.5,949.0,1,31068,0
131,1106996,1004.897705078125,951.625,9,31068,1
131,1106997,1046.0,950.75,2,31068,2
131,1106998,991.2670288085938,951.727294921875,8,31069,0
131,1106999,1028.5,953.4249877929688,7,31069,1
131,1107000,942.3125,949.0,7,31070,0
131,1107001,979.0,956.9166870117188,3,31070,1
131,1107002,986.6943969726562,950.486083984375,10,31071,0
131,1107003,1028.25,953.625,6,31071,1
131,1107004,986.6943969726562,950.486083984375,9,31072,0
131,1107005,979.0,956.9166870117188,5,31072,1
131,1107006,1104.5,949.0,1,31072,2
131,1107007,792.0,915.5,2,31073,0
131,1107008,985.5,955.5,1,31073,1
131,1107009,1004.897705078125,951.625,9,31074,0
131,1107010,1046.0,950.75,2,31074,1
131,1107011,1104.5,949.0,1,31074,2
131,1107012,875.1749877929688,933.0999755859375,4,31075,0
131,1107013,975.75,956.75,3,31075,1
131,1107014,967.0,951.2916870117188,9,31076,0
131,1107015,979.0,956.9166870117188,4,31076,1
131,1107016,1104.5,949.0,1,31076,2
131,1107017,980.0,957.0,4,31077,0
131,1107018,941.24169921875,945.9166870117188,10,31077,1
131,1107019,1021.2777709960938,950.9682006835938,7,31078,0
131,1107020,1046.0,951.0,2,31078,1
131,1107021,1104.5,949.0,1,31078,2
131,1107022,993.75,953.25,2,31078,3
131,1107023,986.6943969726562,950.486083984375,10,31079,0
131,1107024,1028.25,953.625,6,31079,1
131,1107025,1046.0,951.0,2,31080,0
131,1107026,1027.0,950.5833129882812,6,31080,1
131,1107027,1104.5,949.0,1,31080,2
131,1107028,993.75,953.25,2,31080,3
131,1107029,978.1666870117188,956.9166870117188,4,31081,0
131,1107030,958.835205078125,951.3693237304688,8,31081,1
141,1106981,991.2670288085938,951.727294921875,8,31062,0
141,1106982,1028.5,953.4249877929688,7,31062,1
141,1106983,1221.5,946.5,1,31063,0
141,1106984,1119.5,950.0,1,31063,1
141,1106985,986.6943969726562,950.486083984375,10,31064,0
141,1106986,1028.25,953.625,6,31064,1
141,1106987,991.2670288085938,951.727294921875,8,31065,0
141,1106988,1028.5,953.4249877929688,7,31065,1
141,1106989,958.835205078125,951.3693237304688,8,31066,0
141,1106990,978.1666870117188,956.9166870117188,4,31066,1
141,1106991,1084.5833740234375,943.0,2,31067,0
141,1106992,1221.5,946.5,1,31067,1
141,1106993,1104.5,949.0,1,31067,2
141,1106994,1046.0,951.0,2,31067,3
141,1106995,1104.5,949.0,1,31068,0
141,1106996,1004.897705078125,951.625,9,31068,1
141,1106997,1046.0,950.75,2,31068,2
141,1106998,991.2670288085938,951.727294921875,8,31069,0
141,1106999,1028.5,953.4249877929688,7,31069,1
141,1107000,942.3125,949.0,7,31070,0
141,1107001,979.0,956.9166870117188,3,31070,1
141,1107002,986.6943969726562,950.486083984375,10,31071,0
141,1107003,1028.25,953.625,6,31071,1
141,1107004,986.6943969726562,950.486083984375,9,31072,0
141,1107005,979.0,956.9166870117188,5,31072,1
141,1107006,1104.5,949.0,1,31072,2
141,1107007,792.0,915.5,2,31073,0
141,1107008,985.5,955.5,1,31073,1
141,1107009,1004.897705078125,951.625,9,31074,0
141,1107010,1046.0,950.75,2,31074,1
141,1107011,1104.5,949.0,1,31074,2
141,1107012,875.1749877929688,933.0999755859375,4,31075,0
141,1107013,975.75,956.75,3,31075,1
141,1107014,967.0,951.2916870117188,9,31076,0
141,1107015,979.0,956.9166870117188,4,31076,1
141,1107016,1104.5,949.0,1,31076,2
141,1107017,980.0,957.0,4,31077,0
141,1107018,941.24169921875,945.9166870117188,10,31077,1
141,1107019,1021.2777709960938,950.9682006835938,7,31078,0
141,1107020,1046.0,951.0,2,31078,1
141,1107021,1104.5,949.0,1,31078,2
141,1107022,993.75,953.25,2,31078,3
141,1107023,986.6943969726562,950.486083984375,10,31079,0
141,1107024,1028.25,953.625,6,31079,1
141,1107025,1046.0,951.0,2,31080,0
141,1107026,1027.0,950.5833129882812,6,31080,1
141,1107027,1104.5,949.0,1,31080,2
141,1107028,993.75,953.25,2,31080,3
141,1107029,978.1666870117188,956.9166870117188,4,31081,0
141,1107030,958.835205078125,951.3693237304688,8,31081,1
151,1106981,991.2670288085938,951.727294921875,8,31062,0
151,1106982,1028.5,953.4249877929688,7,31062,1
151,1106983,1221.5,946.5,1,31063,0
151,1106984,1119.5,950.0,1,31063,1
151,1106985,986.6943969726562,950.486083984375,10,31064,0
151,1106986,1028.25,953.625,6,31064,1
151,1106987,991.2670288085938,951.727294921875,8,31065,0
151,1106988,1028.5,953.4249877929688,7,31065,1
151,1106989,958.835205078125,951.3693237304688,8,31066,0
151,1106990,978.1666870117188,956.9166870117188,4,31066,1
151,1106991,1084.5833740234375,943.0,2,31067,0
151,1106992,1221.5,946.5,1,31067,1
151,1106993,1104.5,949.0,1,31067,2
151,1106994,1046.0,951.0,2,31067,3
151,1106995,1104.5,949.0,1,31068,0
151,1106996,1004.897705078125,951.625,9,31068,1
151,1106997,1046.0,950.75,2,31068,2
151,1106998,991.2670288085938,951.727294921875,8,31069,0
151,1106999,1028.5,953.4249877929688,7,31069,1
151,1107000,942.3125,949.0,7,31070,0
151,1107001,979.0,956.9166870117188,3,31070,1
151,1107002,986.6943969726562,950.486083984375,10,31071,0
151,1107003,1028.25,953.625,6,31071,1
151,1107004,986.6943969726562,950.486083984375,9,31072,0
151,1107005,979.0,956.9166870117188,5,31072,1
151,1107006,1104.5,949.0,1,31072,2
151,1107007,792.0,915.5,2,31073,0
151,1107008,985.5,955.5,1,31073,1
151,1107009,1004.897705078125,951.625,9,31074,0
151,1107010,1046.0,950.75,2,31074,1
151,1107011,1104.5,949.0,1,31074,2
151,1107012,875.1749877929688,933.0999755859375,4,31075,0
151,1107013,975.75,956.75,3,31075,1
151,1107014,967.0,951.2916870117188,9,31076,0
151,1107015,979.0,956.9166870117188,4,31076,1
151,1107016,1104.5,949.0,1,31076,2
151,1107017,980.0,957.0,4,31077,0
151,1107018,941.24169921875,945.9166870117188,10,31077,1
151,1107019,1021.2777709960938,950.9682006835938,7,31078,0
151,1107020,1046.0,951.0,2,31078,1
151,1107021,1104.5,949.0,1,31078,2
151,1107022,993.75,953.25,2,31078,3
151,1107023,986.6943969726562,950.486083984375,10,31079,0
151,1107024,1028.25,953.625,6,31079,1
151,1107025,1046.0,951.0,2,31080,0
151,1107026,1027.0,950.5833129882812,6,31080,1
151,1107027,1104.5,949.0,1,31080,2
151,1107028,993.75,953.25,2,31080,3
151,1107029,978.1666870117188,956.9166870117188,4,31081,0
151,1107030,958.835205078125,951.3693237304688,8,31081,1
161,1106981,991.2670288085938,951.727294921875,8,31062,0
161,1106982,1028.5,953.4249877929688,7,31062,1
161,1106983,1221.5,946.5,1,31063,0
161,1106984,1119.5,950.0,1,31063,1
161,1106985,986.6943969726562,950.486083984375,10,31064,0
161,1106986,1028.25,953.625,6,31064,1
161,1106987,991.2670288085938,951.727294921875,8,31065,0
161,1106988,1028.5,953.4249877929688,7,31065,1
161,1106989,958.835205078125,951.3693237304688,8,31066,0
161,1106990,978.1666870117188,956.9166870117188,4,31066,1
161,1106991,1084.5833740234375,943.0,2,31067,0
161,1106992,1221.5,946.5,1,31067,1
161,1106993,1104.5,949.0,1,31067,2
161,1106994,1046.0,951.0,2,31067,3
161,1106995,1104.5,949.0,1,31068,0
161,1106996,1004.897705078125,951.625,9,31068,1
161,1106997,1046.0,950.75,2,31068,2
161,1106998,991.2670288085938,951.727294921875,8,31069,0
161,1106999,1028.5,953.4249877929688,7,31069,1
161,1107000,942.3125,949.0,7,31070,0
161,1107001,979.0,956.9166870117188,3,31070,1
161,1107002,986.6943969726562,950.486083984375,10,31071,0
161,1107003,1028.25,953.625,6,31071,1
161,1107004,986.6943969726562,950.486083984375,9,31072,0
161,1107005,979.0,956.9166870117188,5,31072,1
161,1107006,1104.5,949.0,1,31072,2
161,1107007,792.0,915.5,2,31073,0
161,1107008,985.5,955.5,1,31073,1
161,1107009,1004.897705078125,951.625,9,31074,0
161,1107010,1046.0,950.75,2,31074,1
161,1107011,1104.5,949.0,1,31074,2
161,1107012,875.1749877929688,933.0999755859375,4,31075,0
161,1107013,975.75,956.75,3,31075,1
161,1107014,967.0,951.2916870117188,9,31076,0
161,1107015,979.0,956.9166870117188,4,31076,1
161,1107016,1104.5,949.0,1,31076,2
161,1107017,980.0,957.0,4,31077,0
161,1107018,941.24169921875,945.9166870117188,10,31077,1
161,1107019,1021.2777709960938,950.9682006835938,7,31078,0
161,1107020,1046.0,951.0,2,31078,1
161,1107021,1104.5,949.0,1,31078,2
161,1107022,993.75,953.25,2,31078,3
161,1107023,986.6943969726562,950.486083984375,10,31079,0
161,1107024,1028.25,953.625,6,31079,1
161,1107025,1046.0,951.0,2,31080,0
161,1107026,1027.0,950.5833129882812,6,31080,1
161,1107027,1104.5,949.0,1,31080,2
161,1107028,993.75,953.25,2,31080,3
161,1107029,978.1666870117188,956.9166870117188,4,31081,0
161,1107030,958.835205078125,951.3693237304688,8,31081,1
171,1106981,991.2670288085938,951.727294921875,8,31062,0
171,1106982,1028.5,953.4249877929688,7,31062,1
171,1106983,1221.5,946.5,1,31063,0
171,1106984,1119.5,950.0,1,31063,1
171,1106985,986.6943969726562,950.486083984375,10,31064,0
171,1106986,1028.25,953.625,6,31064,1
171,1106987,991.2670288085938,951.727294921875,8,31065,0
171,1106988,1028.5,953.4249877929688,7,31065,1
171,1106989,958.835205078125,951.3693237304688,8,31066,0
171,1106990,978.1666870117188,956.9166870117188,4,31066,1
171,1106991,1084.5833740234375,943.0,2,31067,0
171,1106992,1221.5,946.5,1,31067,1
171,1106993,1104.5,949.0,1,31067,2
171,1106994,1046.0,951.0,2,31067,3
171,1106995,1104.5,949.0,1,31068,0
171,1106996,1004.897705078125,951.625,9,31068,1
171,1106997,1046.0,950.75,2,31068,2
171,1106998,991.2670288085938,951.727294921875,8,31069,0
171,1106999,1028.5,953.4249877929688,7,31069,1
171,1107000,942.3125,949.0,7,31070,0
171,1107001,979.0,956.9166870117188,3,31070,1
171,1107002,986.6943969726562,950.486083984375,10,31071,0
171,1107003,1028.25,953.625,6,31071,1
171,1107004,986.6943969726562,950.486083984375,9,31072,0
171,1107005,979.0,956.9166870117188,5,31072,1
171,1107006,1104.5,949.0,1,31072,2
171,1107007,792.0,915.5,2,31073,0
171,1107008,985.5,955.5,1,31073,1
171,1107009,1004.897705078125,951.625,9,31074,0
171,1107010,1046.0,950.75,2,31074,1
171,1107011,1104.5,949.0,1,31074,2
171,1107012,875.1749877929688,933.0999755859375,4,31075,0
171,1107013,975.75,956.75,3,31075,1
171,1107014,967.0,951.2916870117188,9,31076,0
171,1107015,979.0,956.9166870117188,4,31076,1
171,1107016,1104.5,949.0,1,31076,2
171,1107017,980.0,957.0,4,31077,0
171,1107018,941.24169921875,945.9166870117188,10,31077,1
171,1107019,1021.2777709960938,950.9682006835938,7,31078,0
171,1107020,1046.0,951.0,2,31078,1
171,1107021,1104.5,949.0,1,31078,2
171,1107022,993.75,953.25,2,31078,3
171,1107023,986.6943969726562,950.486083984375,10,31079,0
171,1107024,1028.25,953.625,6,31079,1
171,1107025,1046.0,951.0,2,31080,0
171,1107026,1027.0,950.5833129882812,6,31080,1
171,1107027,1104.5,949.0,1,31080,2
171,1107028,993.75,953.25,2,31080,3
171,1107029,978.1666870117188,956.9166870117188,4,31081,0
171,1107030,958.835205078125,951.3693237304688,8,31081,1
181,1106981,991.2670288085938,951.727294921875,8,31062,0
181,1106982,1028.5,953.4249877929688,7,31062,1
181,1106983,1221.5,946.5,1,31063,0
181,1106984,1119.5,950.0,1,31063,1
181,1106985,986.6943969726562,950.486083984375,10,31064,0
181,1106986,1028.25,953.625,6,31064,1
181,1106987,991.2670288085938,951.727294921875,8,31065,0
181,1106988,1028.5,953.4249877929688,7,31065,1
181,1106989,958.835205078125,951.3693237304688,8,31066,0
181,1106990,978.1666870117188,956.9166870117188,4,31066,1
181,1106991,1084.5833740234375,943.0,2,31067,0
181,1106992,1221.5,946.5,1,31067,1
181,1106993,1104.5,949.0,1,31067,2
181,1106994,1046.0,951.0,2,31067,3
181,1106995,1104.5,949.0,1,31068,0
181,1106996,1004.897705078125,951.625,9,31068,1
181,1106997,1046.0,950.75,2,31068,2
181,1106998,991.2670288085938,951.727294921875,8,31069,0
181,1106999,1028.5,953.4249877929688,7,31069,1
181,1107000,942.3125,949.0,7,31070,0
181,1107001,979.0,956.9166870117188,3,31070,1
181,1107002,986.6943969726562,950.486083984375,10,31071,0
181,1107003,1028.25,953.625,6,31071,1
181,1107004,986.6943969726562,950.486083984375,9,31072,0
181,1107005,979.0,956.9166870117188,5,31072,1
181,1107006,1104.5,949.0,1,31072,2
181,1107007,792.0,915.5,2,31073,0
181,1107008,985.5,955.5,1,31073,1
181,1107009,1004.897705078125,951.625,9,31074,0
181,1107010,1046.0,950.75,2,31074,1
181,1107011,1104.5,949.0,1,31074,2
181,1107012,875.1749877929688,933.0999755859375,4,31075,0
181,1107013,975.75,956.75,3,31075,1
181,1107014,967.0,951.2916870117188,9,31076,0
181,1107015,979.0,956.9166870117188,4,31076,1
181,1107016,1104.5,949.0,1,31076,2
181,1107017,980.0,957.0,4,31077,0
181,1107018,941.24169921875,945.9166870117188,10,31077,1
181,1107019,1021.2777709960938,950.9682006835938,7,31078,0
181,1107020,1046.0,951.0,2,31078,1
181,1107021,1104.5,949.0,1,31078,2
181,1107022,993.75,953.25,2,31078,3
181,1107023,986.6943969726562,950.486083984375,10,31079,0
181,1107024,1028.25,953.625,6,31079,1
181,1107025,1046.0,951.0,2,31080,0
181,1107026,1027.0,950.5833129882812,6,31080,1
181,1107027,1104.5,949.0,1,31080,2
181,1107028,993.75,953.25,2,31080,3
181,1107029,978.1666870117188,956.9166870117188,4,31081,0
181,1107030,958.835205078125,951.3693237304688,8,31081,1
191,1106981,991.2670288085938,951.727294921875,8,31062,0
191,1106982,1028.5,953.4249877929688,7,31062,1
191,1106983,1221.5,946.5,1,31063,0
191,1106984,1119.5,950.0,1,31063,1
191,1106985,986.6943969726562,950.486083984375,10,31064,0
191,1106986,1028.25,953.625,6,31064,1
191,1106987,991.2670288085938,951.727294921875,8,31065,0
191,1106988,1028.5,953.4249877929688,7,31065,1
191,1106989,958.835205078125,951.3693237304688,8,31066,0
191,1106990,978.1666870117188,956.9166870117188,4,31066,1
191,1106991,1084.5833740234375,943.0,2,31067,0
191,1106992,1221.5,946.5,1,31067,1
191,1106993,1104.5,949.0,1,31067,2
191,1106994,1046.0,951.0,2,31067,3
191,1106995,1104.5,949.0,1,31068,0
191,1106996,1004.897705078125,951.625,9,31068,1
191,1106997,1046.0,950.75,2,31068,2
191,1106998,991.2670288085938,951.727294921875,8,31069,0
191,1106999,1028.5,953.4249877929688,7,31069,1
191,1107000,942.3125,949.0,7,31070,0
191,1107001,979.0,956.9166870117188,3,31070,1
191,1107002,986.6943969726562,950.486083984375,10,31071,0
191,1107003,1028.25,953.625,6,31071,1
191,1107004,986.6943969726562,950.486083984375,9,31072,0
191,1107005,979.0,956.9166870117188,5,31072,1
191,1107006,1104.5,949.0,1,31072,2
191,1107007,792.0,915.5,2,31073,0
191,1107008,985.5,955.5,1,31073,1
191,1107009,1004.897705078125,951.625,9,31074,0
191,1107010,1046.0,950.75,2,31074,1
191,1107011,1104.5,949.0,1,31074,2
191,1107012,875.1749877929688,933.0999755859375,4,31075,0
191,1107013,975.75,956.75,3,31075,1
191,1107014,967.0,951.2916870117188,10,31076,0
191,1107015,979.0,956.9166870117188,4,31076,1
191,1107016,1104.5,949.0,1,31076,2
191,1107017,980.0,957.0,4,31077,0
191,1107018,941.24169921875,945.9166870117188,10,31077,1
191,1107019,1021.2777709960938,950.9682006835938,7,31078,0
191,1107020,1046.0,951.0,2,31078,1
191,1107021,1104.5,949.0,1,31078,2
191,1107022,993.75,953.25,2,31078,3
191,1107023,986.6943969726562,950.486083984375,10,31079,0
191,1107024,1028.25,953.625,6,31079,1
191,1107025,1046.0,951.0,2,31080,0
191,1107026,1027.0,950.5833129882812,6,31080,1
191,1107027,1104.5,949.0,1,31080,2
191,1107028,993.75,953.25,2,31080,3
191,1107029,978.1666870117188,956.9166870117188,4,31081,0
191,1107030,958.835205078125,951.3693237304688,8,31081,1
201,1106981,1000.7114868164062,953.6162109375,9,31062,0
201,1106982,1033.5,954.3416748046875,6,31062,1
201,1106983,1221.5,947.0,1,31063,0
201,1106984,1187.5,952.0,1,31063,1
201,1106985,986.7568969726562,950.736083984375,8,31064,0
201,1106986,1035.5833740234375,954.875,6,31064,1
201,1106987,1000.7114868164062,953.6162109375,9,31065,0
201,1106988,1033.5,954.3416748046875,6,31065,1
201,1106989,957.9780883789062,951.7979125976562,7,31066,0
201,1106990,973.7916870117188,956.7916870117188,4,31066,1
201,1106991,1143.3333740234375,947.5,2,31067,0
201,1106992,1221.5,947.0,1,31067,1
201,1106993,1100.0,949.0,1,31067,2
201,1106994,1080.5,957.25,2,31067,3
201,1106995,1127.6666259765625,953.3333129882812,3,31068,0
201,1106996,1013.4691162109375,953.1964111328125,7,31068,1
201,1106997,1047.0,950.5,2,31068,2
201,1106998,1000.7114868164062,953.6162109375,9,31069,0
201,1106999,1033.5,954.3416748046875,6,31069,1
201,1107000,940.6458129882812,949.25,6,31070,0
201,1107001,978.125,957.0416870117188,4,31070,1
201,1107002,986.7568969726562,950.736083984375,8,31071,0
201,1107003,1035.5833740234375,954.875,6,31071,1
201,1107004,997.6943969726562,952.7717895507812,7,31072,0
201,1107005,986.5,958.7916870117188,4,31072,1
201,1107006,1105.3333740234375,949.0,3,31072,2
201,1107007,788.75,916.75,2,31073,0
201,1107008,969.0,955.0,1,31073,1
201,1107009,1013.4691162109375,953.1964111328125,7,31074,0
201,1107010,1047.0,950.5,2,31074,1
201,1107011,1127.6666259765625,953.3333129882812,3,31074,2
201,1107012,872.4249877929688,933.7249755859375,4,31075,0
201,1107013,969.0,956.0,2,31075,1
201,1107014,967.1875,951.6666870117188,8,31076,0
201,1107015,988.7999877929688,959.4166870117188,5,31076,1
201,1107016,1108.5,949.25,2,31076,2
201,1107017,975.7000122070312,957.0,5,31077,0
201,1107018,943.30419921875,946.2916870117188,8,31077,1
201,1107019,1043.977783203125,953.0681762695312,5,31078,0
201,1107020,1080.5,957.25,2,31078,1
201,1107021,1105.3333740234375,949.0,3,31078,2
201,1107022,994.75,954.25,2,31078,3
201,1107023,986.7568969726562,950.736083984375,8,31079,0
201,1107024,1035.5833740234375,954.875,6,31079,1
201,1107025,1080.5,957.25,2,31080,0
201,1107026,1055.625,953.0833129882812,4,31080,1
201,1107027,1105.3333740234375,949.0,3,31080,2
201,1107028,994.75,954.25,2,31080,3
201,1107029,973.7916870117188,956.7916870117188,4,31081,0
201,1107030,957.9780883789062,951.7979125976562,7,31081,1
221,1107031,1032.5714111328125,955.2142944335938,7,31082,0
221,1107032,1140.5,957.5,1,31082,1
221,1107033,992.0,955.5,2,31082,2
221,1107034,994.75,950.25,2,31082,3
221,1107035,984.0,956.5,1,31082,4
221,1107036,1140.5,957.5,1,31083,0
221,1107037,1053.5714111328125,950.8571166992188,7,31083,1
221,1107038,988.5,947.0,1,31083,2
221,1107039,1206.0,949.0,2,31084,0
221,1107040,1158.0,924.5,1,31084,1
221,1107041,1002.625,955.0,8,31085,0
221,1107042,981.5,956.1666870117188,3,31085,1
221,1107043,1140.5,957.5,1,31085,2
221,1107044,994.75,950.25,2,31085,3
221,1107045,984.0,956.5,1,31085,4
221,1107046,1018.3125,954.875,8,31086,0
221,1107047,1006.0,956.0,1,31086,1
221,1107048,1140.5,957.5,1,31086,2
221,1107049,994.75,950.25,2,31086,3
221,1107050,984.0,956.5,1,31086,4
221,1107051,981.5,956.1666870117188,3,31087,0
221,1107052,829.5,951.5,1,31087,1
221,1107053,971.4166870117188,954.75,6,31087,2
221,1107054,994.75,950.25,2,31087,3
221,1107055,984.0,956.5,1,31087,4
221,1107056,981.5,956.1666870117188,3,31088,0
221,1107057,1002.625,955.0,8,31088,1
221,1107058,994.75,950.25,2,31088,2
221,1107059,984.0,956.5,1,31088,3
221,1107060,515.0,958.5,2,31089,0
221,1107061,1002.625,955.0,8,31090,0
221,1107062,994.75,950.25,2,31090,1
221,1107063,981.5,956.1666870117188,3,31090,2
221,1107064,1140.5,957.5,1,31090,3
221,1107065,984.0,956.5,1,31090,4
221,1107066,653.5,960.5,1,31091,0
221,1107067,919.625,950.625,4,31092,0
221,1107068,969.25,956.25,2,31092,1
221,1107069,829.5,951.5,1,31092,2
221,1107070,984.0,956.5,1,31092,3
221,1107071,988.5,947.0,1,31092,4
221,1107072,515.0,958.5,2,31093,0
221,1107073,829.5,951.5,1,31093,1
221,1107074,994.75,950.25,2,31094,0
221,1107075,1002.625,955.0,8,31094,1
221,1107076,981.5,956.1666870117188,3,31094,2
221,1107077,984.0,956.5,1,31094,3
221,1107078,1018.3125,954.875,8,31095,0
221,1107079,994.75,950.25,2,31095,1
221,1107080,1140.5,957.5,1,31095,2
221,1107081,1006.0,956.0,1,31095,3
221,1107082,901.25,947.75,2,31096,0
221,1107083,978.0,955.0,1,31096,1
221,1107084,829.5,951.5,1,31096,2
221,1107085,1120.5,939.0,2,31097,0
221,1107086,1324.75,935.75,2,31097,1
221,1107087,1184.1666259765625,951.8333129882812,3,31097,2
221,1107088,981.5,956.1666870117188,3,31098,0
221,1107089,829.5,951.5,1,31098,1
221,1107090,965.25,953.4375,8,31098,2
221,1107091,984.0,956.5,1,31098,3
221,1107092,994.75,950.25,2,31098,4
221,1107093,991.25,954.5625,8,31099,0
221,1107094,984.0,956.5,1,31099,1
221,1107095,994.75,950.25,2,31099,2
221,1107096,981.5,956.1666870117188,3,31099,3
221,1107097,1002.625,955.0,8,31100,0
221,1107098,984.0,956.5,1,31100,1
221,1107099,994.75,950.25,2,31100,2
221,1107100,981.5,956.1666870117188,3,31100,3
221,1107101,829.5,951.5,1,31101,0
221,1107102,969.25,956.25,2,31101,1
221,1107103,527.5,959.0,1,31101,2
221,1107104,984.0,956.5,1,31101,3
221,1107105,920.0,950.0,3,31101,4
221,1107106,1324.75,935.75,2,31102,0
221,1107107,1158.0,924.5,1,31102,1
221,1107108,984.0,956.5,1,31103,0
221,1107109,988.5,954.5625,8,31103,1
221,1107110,994.75,950.25,2,31103,2
221,1107111,981.5,956.1666870117188,3,31103,3
221,1107112,829.5,951.5,1,31103,4
221,1107113,1074.9000244140625,948.2999877929688,5,31104,0
221,1107114,1140.5,957.5,1,31104,1
221,1107115,971.4166870117188,954.75,6,31105,0
221,1107116,994.75,950.25,2,31105,1
221,1107117,981.5,956.1666870117188,3,31105,2
221,1107118,829.5,951.5,1,31105,3
221,1107119,984.0,956.5,1,31105,4
221,1107120,994.75,950.25,2,31106,0
221,1107121,995.7777709960938,954.6666870117188,9,31106,1
221,1107122,1140.5,957.5,1,31106,2
221,1107123,981.5,956.1666870117188,3,31106,3
221,1107124,984.0,956.5,1,31106,4
221,1107125,1206.0,949.0,2,31107,0
221,1107126,1312.0,947.5,1,31107,1
221,1107127,1158.0,924.5,1,31107,2
221,1107128,1324.75,935.75,2,31108,0
221,1107129,1158.0,924.5,1,31108,1
221,1107130,1201.0,950.0,1,31108,2
231,1107031,1032.5714111328125,955.2142944335938,7,31082,0
231,1107032,1140.5,957.5,1,31082,1
231,1107033,992.0,955.5,2,31082,2
231,1107034,994.75,950.25,2,31082,3
231,1107035,984.0,956.5,1,31082,4
231,1107036,1140.5,957.5,1,31083,0
231,1107037,1053.5714111328125,950.8571166992188,7,31083,1
231,1107038,988.5,947.0,1,31083,2
231,1107039,1206.0,949.0,2,31084,0
231,1107040,1158.0,924.5,1,31084,1
231,1107041,1002.625,955.0,8,31085,0
231,1107042,981.5,956.1666870117188,3,31085,1
231,1107043,1140.5,957.5,1,31085,2
231,1107044,994.75,950.25,2,31085,3
231,1107045,984.0,956.5,1,31085,4
231,1107046,1018.3125,954.875,8,31086,0
231,1107047,1006.0,956.0,1,31086,1
231,1107048,1140.5,957.5,1,31086,2
231,1107049,994.75,950.25,2,31086,3
231,1107050,984.0,956.5,1,31086,4
231,1107051,981.5,956.1666870117188,3,31087,0
231,1107052,829.5,951.5,1,31087,1
231,1107053,971.4166870117188,954.75,6,31087,2
231,1107054,994.75,950.25,2,31087,3
231,1107055,984.0,956.5,1,31087,4
231,1107056,981.5,956.1666870117188,3,31088,0
231,1107057,1002.625,955.0,8,31088,1
231,1107058,994.75,950.25,2,31088,2
231,1107059,984.0,956.5,1,31088,3
231,1107060,515.0,958.5,2,31089,0
231,1107061,1002.625,955.0,8,31090,0
231,1107062,994.75,950.25,2,31090,1
231,1107063,981.5,956.1666870117188,3,31090,2
231,1107064,1140.5,957.5,1,31090,3
231,1107065,984.0,956.5,1,31090,4
231,1107066,653.5,960.5,1,31091,0
231,1107067,919.625,950.625,4,31092,0
231,1107068,969.25,956.25,2,31092,1
231,1107069,829.5,951.5,1,31092,2
231,1107070,984.0,956.5,1,31092,3
231,1107071,988.5,947.0,1,31092,4
231,1107072,515.0,958.5,2,31093,0
231,1107073,829.5,951.5,1,31093,1
231,1107074,994.75,950.25,2,31094,0
231,1107075,1002.625,955.0,8,31094,1
231,1107076,981.5,956.1666870117188,3,31094,2
231,1107077,984.0,956.5,1,31094,3
231,1107078,1018.3125,954.875,8,31095,0
231,1107079,994.75,950.25,2,31095,1
231,1107080,1140.5,957.5,1,31095,2
231,1107081,1006.0,956.0,1,31095,3
231,1107082,901.25,947.75,2,31096,0
231,1107083,978.0,955.0,1,31096,1
231,1107084,829.5,951.5,1,31096,2
231,1107085,1120.5,939.0,2,31097,0
231,1107086,1324.75,935.75,2,31097,1
231,1107087,1184.1666259765625,951.8333129882812,3,31097,2
231,1107088,981.5,956.1666870117188,3,31098,0
231,1107089,829.5,951.5,1,31098,1
231,1107090,965.25,953.4375,8,31098,2
231,1107091,984.0,956.5,1,31098,3
231,1107092,994.75,950.25,2,31098,4
231,1107093,991.25,954.5625,8,31099,0
231,1107094,984.0,956.5,1,31099,1
231,1107095,994.75,950.25,2,31099,2
231,1107096,981.5,956.1666870117188,3,31099,3
231,1107097,1002.625,955.0,8,31100,0
231,1107098,984.0,956.5,1,31100,1
231,1107099,994.75,950.25,2,31100,2
231,1107100,981.5,956.1666870117188,3,31100,3
231,1107101,829.5,951.5,1,31101,0
231,1107102,969.25,956.25,2,31101,1
231,1107103,527.5,959.0,1,31101,2
231,1107104,984.0,956.5,1,31101,3
231,1107105,920.0,950.0,3,31101,4
231,1107106,1324.75,935.75,2,31102,0
231,1107107,1158.0,924.5,1,31102,1
231,1107108,984.0,956.5,1,31103,0
231,1107109,988.5,954.5625,8,31103,1
231,1107110,994.75,950.25,2,31103,2
231,1107111,981.5,956.1666870117188,3,31103,3
231,1107112,829.5,951.5,1,31103,4
231,1107113,1074.9000244140625,948.2999877929688,5,31104,0
231,1107114,1140.5,957.5,1,31104,1
231,1107115,971.4166870117188,954.75,6,31105,0
231,1107116,994.75,950.25,2,31105,1
231,1107117,981.5,956.1666870117188,3,31105,2
231,1107118,829.5,951.5,1,31105,3
231,1107119,984.0,956.5,1,31105,4
231,1107120,994.75,950.25,2,31106,0
231,1107121,995.7777709960938,954.6666870117188,9,31106,1
231,1107122,1140.5,957.5,1,31106,2
231,1107123,981.5,956.1666870117188,3,31106,3
231,1107124,984.0,956.5,1,31106,4
231,1107125,1206.0,949.0,2,31107,0
231,1107126,1312.0,947.5,1,31107,1
231,1107127,1158.0,924.5,1,31107,2
231,1107128,1324.75,935.75,2,31108,0
231,1107129,1158.0,924.5,1,31108,1
231,1107130,1201.0,950.0,1,31108,2
241,1107031,1032.5714111328125,955.2142944335938,7,31082,0
241,1107032,1140.5,957.5,1,31082,1
241,1107033,992.0,955.5,2,31082,2
241,1107034,994.75,950.25,2,31082,3
241,1107035,984.0,956.5,1,31082,4
241,1107036,1140.5,957.5,1,31083,0
241,1107037,1053.5714111328125,950.8571166992188,7,31083,1
241,1107038,988.5,947.0,1,31083,2
241,1107039,1206.0,949.0,2,31084,0
241,1107040,1158.0,924.5,1,31084,1
241,1107041,1002.625,955.0,8,31085,0
241,1107042,981.5,956.1666870117188,3,31085,1
241,1107043,1140.5,957.5,1,31085,2
241,1107044,994.75,950.25,2,31085,3
241,1107045,984.0,956.5,1,31085,4
241,1107046,1018.3125,954.875,8,31086,0
241,1107047,1006.0,956.0,1,31086,1
241,1107048,1140.5,957.5,1,31086,2
241,1107049,994.75,950.25,2,31086,3
241,1107050,984.0,956.5,1,31086,4
241,1107051,981.5,956.1666870117188,3,31087,0
241,1107052,829.5,951.5,1,31087,1
241,1107053,971.4166870117188,954.75,6,31087,2
241,1107054,994.75,950.25,2,31087,3
241,1107055,984.0,956.5,1,31087,4
241,1107056,981.5,956.1666870117188,3,31088,0
241,1107057,1002.625,955.0,8,31088,1
241,1107058,994.75,950.25,2,31088,2
241,1107059,984.0,956.5,1,31088,3
241,1107060,515.0,958.5,2,31089,0
241,1107061,1002.625,955.0,8,31090,0
241,1107062,994.75,950.25,2,31090,1
241,1107063,981.5,956.1666870117188,3,31090,2
241,1107064,1140.5,957.5,1,31090,3
241,1107065,984.0,956.5,1,31090,4
241,1107066,653.5,960.5,1,31091,0
241,1107067,919.625,950.625,4,31092,0
241,1107068,969.25,956.25,2,31092,1
241,1107069,829.5,951.5,1,31092,2
241,1107070,984.0,956.5,1,31092,3
241,1107071,988.5,947.0,1,31092,4
241,1107072,515.0,958.5,2,31093,0
241,1107073,829.5,951.5,1,31093,1
241,1107074,994.75,950.25,2,31094,0
241,1107075,1002.625,955.0,8,31094,1
241,1107076,981.5,956.1666870117188,3,31094,2
241,1107077,984.0,956.5,1,31094,3
241,1107078,1018.3125,954.875,8,31095,0
241,1107079,994.75,950.25,2,31095,1
241,1107080,1140.5,957.5,1,31095,2
241,1107081,1006.0,956.0,1,31095,3
241,1107082,901.25,947.75,2,31096,0
241,1107083,978.0,955.0,1,31096,1
241,1107084,829.5,951.5,1,31096,2
241,1107085,1120.5,939.0,2,31097,0
241,1107086,1324.75,935.75,2,31097,1
241,1107087,1184.1666259765625,951.8333129882812,3,31097,2
241,1107088,981.5,956.1666870117188,3,31098,0
241,1107089,829.5,951.5,1,31098,1
241,1107090,965.25,953.4375,8,31098,2
241,1107091,984.0,956.5,1,31098,3
241,1107092,994.75,950.25,2,31098,4
241,1107093,991.25,954.5625,8,31099,0
241,1107094,984.0,956.5,1,31099,1
241,1107095,994.75,950.25,2,31099,2
241,1107096,981.5,956.1666870117188,3,31099,3
241,1107097,1002.625,955.0,8,31100,0
241,1107098,984.0,956.5,1,31100,1
241,1107099,994.75,950.25,2,31100,2
241,1107100,981.5,956.1666870117188,3,31100,3
241,1107101,829.5,951.5,1,31101,0
241,1107102,969.25,956.25,2,31101,1
241,1107103,527.5,959.0,1,31101,2
241,1107104,984.0,956.5,1,31101,3
241,1107105,920.0,950.0,3,31101,4
241,1107106,1324.75,935.75,2,31102,0
241,1107107,1158.0,924.5,1,31102,1
241,1107108,984.0,956.5,1,31103,0
241,1107109,988.5,954.5625,8,31103,1
241,1107110,994.75,950.25,2,31103,2
241,1107111,981.5,956.1666870117188,3,31103,3
241,1107112,829.5,951.5,1,31103,4
241,1107113,1074.9000244140625,948.2999877929688,5,31104,0
241,1107114,1140.5,957.5,1,31104,1
241,1107115,971.4166870117188,954.75,6,31105,0
241,1107116,994.75,950.25,2,31105,1
241,1107117,981.5,956.1666870117188,3,31105,2
241,1107118,829.5,951.5,1,31105,3
241,1107119,984.0,956.5,1,31105,4
241,1107120,994.75,950.25,2,31106,0
241,1107121,995.7777709960938,954.6666870117188,9,31106,1
241,1107122,1140.5,957.5,1,31106,2
241,1107123,981.5,956.1666870117188,3,31106,3
241,1107124,984.0,956.5,1,31106,4
241,1107125,1206.0,949.0,2,31107,0
241,1107126,1312.0,947.5,1,31107,1
241,1107127,1158.0,924.5,1,31107,2
241,1107128,1324.75,935.75,2,31108,0
241,1107129,1158.0,924.5,1,31108,1
241,1107130,1201.0,950.0,1,31108,2
251,1107031,1032.5714111328125,955.2142944335938,7,31082,0
251,1107032,1140.5,957.5,1,31082,1
251,1107033,992.0,955.5,2,31082,2
251,1107034,994.75,950.25,2,31082,3
251,1107035,984.0,956.5,1,31082,4
251,1107036,1140.5,957.5,1,31083,0
251,1107037,1053.5714111328125,950.8571166992188,7,31083,1
251,1107038,988.5,947.0,1,31083,2
251,1107039,1206.0,949.0,2,31084,0
251,1107040,1158.0,924.5,1,31084,1
251,1107041,1002.625,955.0,8,31085,0
251,1107042,981.5,956.1666870117188,3,31085,1
251,1107043,1140.5,957.5,1,31085,2
251,1107044,994.75,950.25,2,31085,3
251,1107045,984.0,956.5,1,31085,4
251,1107046,1018.3125,954.875,8,31086,0
251,1107047,1006.0,956.0,1,31086,1
251,1107048,1140.5,957.5,1,31086,2
251,1107049,994.75,950.25,2,31086,3
251,1107050,984.0,956.5,1,31086,4
251,1107051,981.5,956.1666870117188,3,31087,0
251,1107052,829.5,951.5,1,31087,1
251,1107053,971.4166870117188,954.75,6,31087,2
251,1107054,994.75,950.25,2,31087,3
251,1107055,984.0,956.5,1,31087,4
251,1107056,981.5,956.1666870117188,3,31088,0
251,1107057,1002.625,955.0,8,31088,1
251,1107058,994.75,950.25,2,31088,2
251,1107059,984.0,956.5,1,31088,3
251,1107060,515.0,958.5,2,31089,0
251,1107061,1002.625,955.0,8,31090,0
251,1107062,994.75,950.25,2,31090,1
251,1107063,981.5,956.1666870117188,3,31090,2
251,1107064,1140.5,957.5,1,31090,3
251,1107065,984.0,956.5,1,31090,4
251,1107066,653.5,960.5,1,31091,0
251,1107067,919.625,950.625,4,31092,0
251,1107068,969.25,956.25,2,31092,1
251,1107069,829.5,951.5,1,31092,2
251,1107070,984.0,956.5,1,31092,3
251,1107071,988.5,947.0,1,31092,4
251,1107072,515.0,958.5,2,31093,0
251,1107073,829.5,951.5,1,31093,1
251,1107074,994.75,950.25,2,31094,0
251,1107075,1002.625,955.0,8,31094,1
251,1107076,981.5,956.1666870117188,3,31094,2
251,1107077,984.0,956.5,1,31094,3
251,1107078,1018.3125,954.875,8,31095,0
251,1107079,994.75,950.25,2,31095,1
251,1107080,1140.5,957.5,1,31095,2
251,1107081,1006.0,956.0,1,31095,3
251,1107082,901.25,947.75,2,31096,0
251,1107083,978.0,955.0,1,31096,1
251,1107084,829.5,951.5,1,31096,2
251,1107085,1120.5,939.0,2,31097,0
251,1107086,1324.75,935.75,2,31097,1
251,1107087,1184.1666259765625,951.8333129882812,3,31097,2
251,1107088,981.5,956.1666870117188,3,31098,0
251,1107089,829.5,951.5,1,31098,1
251,1107090,965.25,953.4375,8,31098,2
251,1107091,984.0,956.5,1,31098,3
251,1107092,994.75,950.25,2,31098,4
251,1107093,991.25,954.5625,8,31099,0
251,1107094,984.0,956.5,1,31099,1
251,1107095,994.75,950.25,2,31099,2
251,1107096,981.5,956.1666870117188,3,31099,3
251,1107097,1002.625,955.0,8,31100,0
251,1107098,984.0,956.5,1,31100,1
251,1107099,994.75,950.25,2,31100,2
251,1107100,981.5,956.1666870117188,3,31100,3
251,1107101,829.5,951.5,1,31101,0
251,1107102,969.25,956.25,2,31101,1
251,1107103,527.5,959.0,1,31101,2
251,1107104,984.0,956.5,1,31101,3
251,1107105,920.0,950.0,3,31101,4
251,1107106,1324.75,935.75,2,31102,0
251,1107107,1158.0,924.5,1,31102,1
251,1107108,984.0,956.5,1,31103,0
251,1107109,988.5,954.5625,8,31103,1
251,1107110,994.75,950.25,2,31103,2
251,1107111,981.5,956.1666870117188,3,31103,3
251,1107112,829.5,951.5,1,31103,4
251,1107113,1074.9000244140625,948.2999877929688,5,31104,0
251,1107114,1140.5,957.5,1,31104,1
251,1107115,971.4166870117188,954.75,6,31105,0
251,1107116,994.75,950.25,2,31105,1
251,1107117,981.5,956.1666870117188,3,31105,2
251,1107118,829.5,951.5,1,31105,3
251,1107119,984.0,956.5,1,31105,4
251,1107120,994.75,950.25,2,31106,0
251,1107121,995.7777709960938,954.6666870117188,9,31106,1
251,1107122,1140.5,957.5,1,31106,2
251,1107123,981.5,956.1666870117188,3,31106,3
251,1107124,984.0,956.5,1,31106,4
251,1107125,1206.0,949.0,2,31107,0
251,1107126,1312.0,947.5,1,31107,1
251,1107127,1158.0,924.5,1,31107,2
251,1107128,1324.75,935.75,2,31108,0
251,1107129,1158.0,924.5,1,31108,1
251,1107130,1201.0,950.0,1,31108,2
261,1107031,1032.5714111328125,955.2142944335938,7,31082,0
261,1107032,1140.5,957.5,1,31082,1
261,1107033,992.0,955.5,2,31082,2
261,1107034,994.75,950.25,2,31082,3
261,1107035,984.0,956.5,1,31082,4
261,1107036,1140.5,957.5,1,31083,0
261,1107037,1053.5714111328125,950.8571166992188,7,31083,1
261,1107038,988.5,947.0,1,31083,2
261,1107039,1206.0,949.0,2,31084,0
261,1107040,1158.0,924.5,1,31084,1
261,1107041,1002.625,955.0,8,31085,0
261,1107042,981.5,956.1666870117188,3,31085,1
261,1107043,1140.5,957.5,1,31085,2
261,1107044,994.75,950.25,2,31085,3
261,1107045,984.0,956.5,1,31085,4
261,1107046,1018.3125,954.875,8,31086,0
261,1107047,1006.0,956.0,1,31086,1
261,1107048,1140.5,957.5,1,31086,2
261,1107049,994.75,950.25,2,31086,3
261,1107050,984.0,956.5,1,31086,4
261,1107051,981.5,956.1666870117188,3,31087,0
261,1107052,829.5,951.5,1,31087,1
261,1107053,971.4166870117188,954.75,6,31087,2
261,1107054,994.75,950.25,2,31087,3
261,1107055,984.0,956.5,1,31087,4
261,1107056,981.5,956.1666870117188,3,31088,0
261,1107057,1002.625,955.0,8,31088,1
261,1107058,994.75,950.25,2,31088,2
261,1107059,984.0,956.5,1,31088,3
261,1107060,515.0,958.5,2,31089,0
261,1107061,1002.625,955.0,8,31090,0
261,1107062,994.75,950.25,2,31090,1
261,1107063,981.5,956.1666870117188,3,31090,2
261,1107064,1140.5,957.5,1,31090,3
261,1107065,984.0,956.5,1,31090,4
261,1107066,653.5,960.5,1,31091,0
261,1107067,919.625,950.625,4,31092,0
261,1107068,969.25,956.25,2,31092,1
261,1107069,829.5,951.5,1,31092,2
261,1107070,984.0,956.5,1,31092,3
261,1107071,988.5,947.0,1,31092,4
261,1107072,515.0,958.5,2,31093,0
261,1107073,829.5,951.5,1,31093,1
261,1107074,994.75,950.25,2,31094,0
261,1107075,1002.625,955.0,8,31094,1
261,1107076,981.5,956.1666870117188,3,31094,2
261,1107077,984.0,956.5,1,31094,3
261,1107078,1018.3125,954.875,8,31095,0
261,1107079,994.75,950.25,2,31095,1
261,1107080,1140.5,957.5,1,31095,2
261,1107081,1006.0,956.0,1,31095,3
261,1107082,901.25,947.75,2,31096,0
261,1107083,978.0,955.0,1,31096,1
261,1107084,829.5,951.5,1,31096,2
261,1107085,1120.5,939.0,2,31097,0
261,1107086,1324.75,935.75,2,31097,1
261,1107087,1184.1666259765625,951.8333129882812,3,31097,2
261,1107088,981.5,956.1666870117188,3,31098,0
261,1107089,829.5,951.5,1,31098,1
261,1107090,965.25,953.4375,8,31098,2
261,1107091,984.0,956.5,1,31098,3
261,1107092,994.75,950.25,2,31098,4
261,1107093,991.25,954.5625,8,31099,0
261,1107094,984.0,956.5,1,31099,1
261,1107095,994.75,950.25,2,31099,2
261,1107096,981.5,956.1666870117188,3,31099,3
261,1107097,1002.625,955.0,8,31100,0
261,1107098,984.0,956.5,1,31100,1
261,1107099,994.75,950.25,2,31100,2
261,1107100,981.5,956.1666870117188,3,31100,3
261,1107101,829.5,951.5,1,31101,0
261,1107102,969.25,956.25,2,31101,1
261,1107103,527.5,959.0,1,31101,2
261,1107104,984.0,956.5,1,31101,3
261,1107105,920.0,950.0,3,31101,4
261,1107106,1324.75,935.75,2,31102,0
261,1107107,1158.0,924.5,1,31102,1
261,1107108,984.0,956.5,1,31103,0
261,1107109,988.5,954.5625,8,31103,1
261,1107110,994.75,950.25,2,31103,2
261,1107111,981.5,956.1666870117188,3,31103,3
261,1107112,829.5,951.5,1,31103,4
261,1107113,1074.9000244140625,948.2999877929688,5,31104,0
261,1107114,1140.5,957.5,1,31104,1
261,1107115,971.4166870117188,954.75,6,31105,0
261,1107116,994.75,950.25,2,31105,1
261,1107117,981.5,956.1666870117188,3,31105,2
261,1107118,829.5,951.5,1,31105,3
261,1107119,984.0,956.5,1,31105,4
261,1107120,994.75,950.25,2,31106,0
261,1107121,995.7777709960938,954.6666870117188,9,31106,1
261,1107122,1140.5,957.5,1,31106,2
261,1107123,981.5,956.1666870117188,3,31106,3
261,1107124,984.0,956.5,1,31106,4
261,1107125,1206.0,949.0,2,31107,0
261,1107126,1312.0,947.5,1,31107,1
261,1107127,1158.0,924.5,1,31107,2
261,1107128,1324.75,935.75,2,31108,0
261,1107129,1158.0,924.5,1,31108,1
261,1107130,1201.0,950.0,1,31108,2
271,1107031,1032.5714111328125,955.2142944335938,7,31082,0
271,1107032,1140.5,957.5,1,31082,1
271,1107033,992.0,955.5,2,31082,2
271,1107034,994.75,950.25,2,31082,3
271,1107035,984.0,956.5,1,31082,4
271,1107036,1140.5,957.5,1,31083,0
271,1107037,1053.5714111328125,950.8571166992188,7,31083,1
271,1107038,988.5,947.0,1,31083,2
271,1107039,1206.0,949.0,2,31084,0
271,1107040,1158.0,924.5,1,31084,1
271,1107041,1002.625,955.0,8,31085,0
271,1107042,981.5,956.1666870117188,3,31085,1
271,1107043,1140.5,957.5,1,31085,2
271,1107044,994.75,950.25,2,31085,3
271,1107045,984.0,956.5,1,31085,4
271,1107046,1018.3125,954.875,8,31086,0
271,1107047,1006.0,956.0,1,31086,1
271,1107048,1140.5,957.5,1,31086,2
271,1107049,994.75,950.25,2,31086,3
271,1107050,984.0,956.5,1,31086,4
271,1107051,981.5,956.1666870117188,3,31087,0
271,1107052,829.5,951.5,1,31087,1
271,1107053,971.4166870117188,954.75,6,31087,2
271,1107054,994.75,950.25,2,31087,3
271,1107055,984.0,956.5,1,31087,4
271,1107056,981.5,956.1666870117188,3,31088,0
271,1107057,1002.625,955.0,8,31088,1
271,1107058,994.75,950.25,2,31088,2
271,1107059,984.0,956.5,1,31088,3
271,1107060,515.0,958.5,2,31089,0
271,1107061,1002.625,955.0,8,31090,0
271,1107062,994.75,950.25,2,31090,1
271,1107063,981.5,956.1666870117188,3,31090,2
271,1107064,1140.5,957.5,1,31090,3
271,1107065,984.0,956.5,1,31090,4
271,1107066,653.5,960.5,1,31091,0
271,1107067,919.625,950.625,4,31092,0
271,1107068,969.25,956.25,2,31092,1
271,1107069,829.5,951.5,1,31092,2
271,1107070,984.0,956.5,1,31092,3
271,1107071,988.5,947.0,1,31092,4
271,1107072,515.0,958.5,2,31093,0
271,1107073,829.5,951.5,1,31093,1
271,1107074,994.75,950.25,2,31094,0
271,1107075,1002.625,955.0,8,31094,1
271,1107076,981.5,956.1666870117188,3,31094,2
271,1107077,984.0,956.5,1,31094,3
271,1107078,1018.3125,954.875,8,31095,0
271,1107079,994.75,950.25,2,31095,1
271,1107080,1140.5,957.5,1,31095,2
271,1107081,1006.0,956.0,1,31095,3
271,1107082,901.25,947.75,2,31096,0
271,1107083,978.0,955.0,1,31096,1
271,1107084,829.5,951.5,1,31096,2
271,1107085,1120.5,939.0,2,31097,0
271,1107086,1324.75,935.75,2,31097,1
271,1107087,1184.1666259765625,951.8333129882812,3,31097,2
271,1107088,981.5,956.1666870117188,3,31098,0
271,1107089,829.5,951.5,1,31098,1
271,1107090,965.25,953.4375,8,31098,2
271,1107091,984.0,956.5,1,31098,3
271,1107092,994.75,950.25,2,31098,4
271,1107093,991.25,954.5625,8,31099,0
271,1107094,984.0,956.5,1,31099,1
271,1107095,994.75,950.25,2,31099,2
271,1107096,981.5,956.1666870117188,3,31099,3
271,1107097,1002.625,955.0,8,31100,0
271,1107098,984.0,956.5,1,31100,1
271,1107099,994.75,950.25,2,31100,2
271,1107100,981.5,956.1666870117188,3,31100,3
271,1107101,829.5,951.5,1,31101,0
271,1107102,969.25,956.25,2,31101,1
271,1107103,527.5,959.0,1,31101,2
271,1107104,984.0,956.5,1,31101,3
271,1107105,920.0,950.0,3,31101,4
271,1107106,1324.75,935.75,2,31102,0
271,1107107,1158.0,924.5,1,31102,1
271,1107108,984.0,956.5,1,31103,0
271,1107109,988.5,954.5625,8,31103,1
271,1107110,994.75,950.25,2,31103,2
271,1107111,981.5,956.1666870117188,3,31103,3
271,1107112,829.5,951.5,1,31103,4
271,1107113,1074.9000244140625,948.2999877929688,5,31104,0
271,1107114,1140.5,957.5,1,31104,1
271,1107115,971.4166870117188,954.75,6,31105,0
271,1107116,994.75,950.25,2,31105,1
271,1107117,981.5,956.1666870117188,3,31105,2
271,1107118,829.5,951.5,1,31105,3
271,1107119,984.0,956.5,1,31105,4
271,1107120,994.75,950.25,2,31106,0
271,1107121,995.7777709960938,954.6666870117188,9,31106,1
271,1107122,1140.5,957.5,1,31106,2
271,1107123,981.5,956.1666870117188,3,31106,3
271,1107124,984.0,956.5,1,31106,4
271,1107125,1206.0,949.0,2,31107,0
271,1107126,1312.0,947.5,1,31107,1
271,1107127,1158.0,924.5,1,31107,2
271,1107128,1324.75,935.75,2,31108,0
271,1107129,1158.0,924.5,1,31108,1
271,1107130,1201.0,950.0,1,31108,2
281,1107031,1032.5714111328125,955.2142944335938,7,31082,0
281,1107032,1140.5,957.5,1,31082,1
281,1107033,992.0,955.5,2,31082,2
281,1107034,994.75,950.25,2,31082,3
281,1107035,984.0,956.5,1,31082,4
281,1107036,1140.5,957.5,1,31083,0
281,1107037,1053.5714111328125,950.8571166992188,7,31083,1
281,1107038,988.5,947.0,1,31083,2
281,1107039,1206.0,949.0,2,31084,0
281,1107040,1158.0,924.5,1,31084,1
281,1107041,1002.625,955.0,8,31085,0
281,1107042,981.5,956.1666870117188,3,31085,1
281,1107043,1140.5,957.5,1,31085,2
281,1107044,994.75,950.25,2,31085,3
281,1107045,984.0,956.5,1,31085,4
281,1107046,1018.3125,954.875,8,31086,0
281,1107047,1006.0,956.0,1,31086,1
281,1107048,1140.5,957.5,1,31086,2
281,1107049,994.75,950.25,2,31086,3
281,1107050,984.0,956.5,1,31086,4
281,1107051,981.5,956.1666870117188,3,31087,0
281,1107052,829.5,951.5,1,31087,1
281,1107053,971.4166870117188,954.75,6,31087,2
281,1107054,994.75,950.25,2,31087,3
281,1107055,984.0,956.5,1,31087,4
281,1107056,981.5,956.1666870117188,3,31088,0
281,1107057,1002.625,955.0,8,31088,1
281,1107058,994.75,950.25,2,31088,2
281,1107059,984.0,956.5,1,31088,3
281,1107060,515.0,958.5,2,31089,0
281,1107061,1002.625,955.0,8,31090,0
281,1107062,994.75,950.25,2,31090,1
281,1107063,981.5,956.1666870117188,3,31090,2
281,1107064,1140.5,957.5,1,31090,3
281,1107065,984.0,956.5,1,31090,4
281,1107066,653.5,960.5,1,31091,0
281,1107067,919.625,950.625,4,31092,0
281,1107068,969.25,956.25,2,31092,1
281,1107069,829.5,951.5,1,31092,2
281,1107070,984.0,956.5,1,31092,3
281,1107071,988.5,947.0,1,31092,4
281,1107072,515.0,958.5,2,31093,0
281,1107073,829.5,951.5,1,31093,1
281,1107074,994.75,950.25,2,31094,0
281,1107075,1002.625,955.0,8,31094,1
281,1107076,981.5,956.1666870117188,3,31094,2
281,1107077,984.0,956.5,1,31094,3
281,1107078,1018.3125,954.875,8,31095,0
281,1107079,994.75,950.25,2,31095,1
281,1107080,1140.5,957.5,1,31095,2
281,1107081,1006.0,956.0,1,31095,3
281,1107082,901.25,947.75,2,31096,0
281,1107083,978.0,955.0,1,31096,1
281,1107084,829.5,951.5,1,31096,2
281,1107085,1120.5,939.0,2,31097,0
281,1107086,1324.75,935.75,2,31097,1
281,1107087,1184.1666259765625,951.8333129882812,3,31097,2
281,1107088,981.5,956.1666870117188,3,31098,0
281,1107089,829.5,951.5,1,31098,1
281,1107090,965.25,953.4375,8,31098,2
281,1107091,984.0,956.5,1,31098,3
281,1107092,994.75,950.25,2,31098,4
281,1107093,991.25,954.5625,8,31099,0
281,1107094,984.0,956.5,1,31099,1
281,1107095,994.75,950.25,2,31099,2
281,1107096,981.5,956.1666870117188,3,31099,3
281,1107097,1002.625,955.0,8,31100,0
281,1107098,984.0,956.5,1,31100,1
281,1107099,994.75,950.25,2,31100,2
281,1107100,981.5,956.1666870117188,3,31100,3
281,1107101,829.5,951.5,1,31101,0
281,1107102,969.25,956.25,2,31101,1
281,1107103,527.5,959.0,1,31101,2
281,1107104,984.0,956.5,1,31101,3
281,1107105,920.0,950.0,3,31101,4
281,1107106,1324.75,935.75,2,31102,0
281,1107107,1158.0,924.5,1,31102,1
281,1107108,984.0,956.5,1,31103,0
281,1107109,988.5,954.5625,8,31103,1
281,1107110,994.75,950.25,2,31103,2
281,1107111,981.5,956.1666870117188,3,31103,3
281,1107112,829.5,951.5,1,31103,4
281,1107113,1074.9000244140625,948.2999877929688,5,31104,0
281,1107114,1140.5,957.5,1,31104,1
281,1107115,971.4166870117188,954.75,6,31105,0
281,1107116,994.75,950.25,2,31105,1
281,1107117,981.5,956.1666870117188,3,31105,2
281,1107118,829.5,951.5,1,31105,3
281,1107119,984.0,956.5,1,31105,4
281,1107120,994.75,950.25,2,31106,0
281,1107121,995.7777709960938,954.6666870117188,9,31106,1
281,1107122,1140.5,957.5,1,31106,2
281,1107123,981.5,956.1666870117188,3,31106,3
281,1107124,984.0,956.5,1,31106,4
281,1107125,1206.0,949.0,2,31107,0
281,1107126,1312.0,947.5,1,31107,1
281,1107127,1158.0,924.5,1,31107,2
281,1107128,1324.75,935.75,2,31108,0
281,1107129,1158.0,924.5,1,31108,1
281,1107130,1201.0,950.0,1,31108,2
291,1107031,1032.5714111328125,955.2142944335938,7,31082,0
291,1107032,1140.5,957.5,1,31082,1
291,1107033,992.0,955.5,2,31082,2
291,1107034,994.75,950.25,2,31082,3
291,1107035,984.0,956.5,1,31082,4
291,1107036,1140.5,957.5,1,31083,0
291,1107037,1053.5714111328125,950.8571166992188,7,31083,1
291,1107038,988.5,947.0,1,31083,2
291,1107039,1206.0,949.0,2,31084,0
291,1107040,1158.0,924.5,1,31084,1
291,1107041,1002.625,955.0,8,31085,0
291,1107042,981.5,956.1666870117188,3,31085,1
291,1107043,1140.5,957.5,1,31085,2
291,1107044,994.75,950.25,2,31085,3
291,1107045,984.0,956.5,1,31085,4
291,1107046,1018.3125,954.875,8,31086,0
291,1107047,1006.0,956.0,1,31086,1
291,1107048,1140.5,957.5,1,31086,2
291,1107049,994.75,950.25,2,31086,3
291,1107050,984.0,956.5,1,31086,4
291,1107051,981.5,956.1666870117188,3,31087,0
291,1107052,829.5,951.5,1,31087,1
291,1107053,971.4166870117188,954.75,6,31087,2
291,1107054,994.75,950.25,2,31087,3
291,1107055,984.0,956.5,1,31087,4
291,1107056,981.5,956.1666870117188,3,31088,0
291,1107057,1002.625,955.0,8,31088,1
291,1107058,994.75,950.25,2,31088,2
291,1107059,984.0,956.5,1,31088,3
291,1107060,515.0,958.5,2,31089,0
291,1107061,1002.625,955.0,8,31090,0
291,1107062,994.75,950.25,2,31090,1
291,1107063,981.5,956.1666870117188,3,31090,2
291,1107064,1140.5,957.5,1,31090,3
291,1107065,984.0,956.5,1,31090,4
291,1107066,653.5,960.5,1,31091,0
291,1107067,919.625,950.625,4,31092,0
291,1107068,969.25,956.25,2,31092,1
291,1107069,829.5,951.5,1,31092,2
291,1107070,984.0,956.5,1,31092,3
291,1107071,988.5,947.0,1,31092,4
291,1107072,515.0,958.5,2,31093,0
291,1107073,829.5,951.5,1,31093,1
291,1107074,994.75,950.25,2,31094,0
291,1107075,1002.625,955.0,8,31094,1
291,1107076,981.5,956.1666870117188,3,31094,2
291,1107077,984.0,956.5,1,31094,3
291,1107078,1018.3125,954.875,8,31095,0
291,1107079,994.75,950.25,2,31095,1
291,1107080,1140.5,957.5,1,31095,2
291,1107081,1006.0,956.0,1,31095,3
291,1107082,901.25,947.75,2,31096,0
291,1107083,978.0,955.0,1,31096,1
291,1107084,829.5,951.5,1,31096,2
291,1107085,1120.5,939.0,2,31097,0
291,1107086,1324.75,935.75,2,31097,1
291,1107087,1184.1666259765625,951.8333129882812,3,31097,2
291,1107088,981.5,956.1666870117188,3,31098,0
291,1107089,829.5,951.5,1,31098,1
291,1107090,965.25,953.4375,8,31098,2
291,1107091,984.0,956.5,1,31098,3
291,1107092,994.75,950.25,2,31098,4
291,1107093,991.25,954.5625,8,31099,0
291,1107094,984.0,956.5,1,31099,1
291,1107095,994.75,950.25,2,31099,2
291,1107096,981.5,956.1666870117188,3,31099,3
291,1107097,1002.625,955.0,8,31100,0
291,1107098,984.0,956.5,1,31100,1
291,1107099,994.75,950.25,2,31100,2
291,1107100,981.5,956.1666870117188,3,31100,3
291,1107101,829.5,951.5,1,31101,0
291,1107102,969.25,956.25,2,31101,1
291,1107103,527.5,959.0,1,31101,2
291,1107104,984.0,956.5,1,31101,3
291,1107105,920.0,950.0,3,31101,4
291,1107106,1324.75,935.75,2,31102,0
291,1107107,1158.0,924.5,1,31102,1
291,1107108,984.0,956.5,1,31103,0
291,1107109,988.5,954.5625,8,31103,1
291,1107110,994.75,950.25,2,31103,2
291,1107111,981.5,956.1666870117188,3,31103,3
291,1107112,829.5,951.5,1,31103,4
291,1107113,1074.9000244140625,948.2999877929688,5,31104,0
291,1107114,1140.5,957.5,1,31104,1
291,1107115,971.4166870117188,954.75,6,31105,0
291,1107116,994.75,950.25,2,31105,1
291,1107117,981.5,956.1666870117188,3,31105,2
291,1107118,829.5,951.5,1,31105,3
291,1107119,984.0,956.5,1,31105,4
291,1107120,994.75,950.25,2,31106,0
291,1107121,995.7777709960938,954.6666870117188,9,31106,1
291,1107122,1140.5,957.5,1,31106,2
291,1107123,981.5,956.1666870117188,3,31106,3
291,1107124,984.0,956.5,1,31106,4
291,1107125,1206.0,949.0,2,31107,0
291,1107126,1312.0,947.5,1,31107,1
291,1107127,1158.0,924.5,1,31107,2
291,1107128,1324.75,935.75,2,31108,0
291,1107129,1158.0,924.5,1,31108,1
291,1107130,1201.0,950.0,1,31108,2
301,1107031,1032.5714111328125,955.2142944335938,7,31082,0
301,1107032,1140.5,957.5,1,31082,1
301,1107033,992.0,955.5,2,31082,2
301,1107034,994.75,950.25,2,31082,3
301,1107035,984.0,956.5,1,31082,4
301,1107036,1140.5,957.5,1,31083,0
301,1107037,1053.5714111328125,950.8571166992188,7,31083,1
301,1107038,988.5,947.0,1,31083,2
301,1107039,1206.0,949.0,2,31084,0
301,1107040,1158.0,924.5,1,31084,1
301,1107041,1002.625,955.0,8,31085,0
301,1107042,981.5,956.1666870117188,3,31085,1
301,1107043,1140.5,957.5,1,31085,2
301,1107044,994.75,950.25,2,31085,3
301,1107045,984.0,956.5,1,31085,4
301,1107046,1018.3125,954.875,8,31086,0
301,1107047,1006.0,956.0,1,31086,1
301,1107048,1140.5,957.5,1,31086,2
301,1107049,994.75,950.25,2,31086,3
301,1107050,984.0,956.5,1,31086,4
301,1107051,981.5,956.1666870117188,3,31087,0
301,1107052,829.5,951.5,1,31087,1
301,1107053,971.4166870117188,954.75,6,31087,2
301,1107054,994.75,950.25,2,31087,3
301,1107055,984.0,956.5,1,31087,4
301,1107056,981.5,956.1666870117188,3,31088,0
301,1107057,1002.625,955.0,8,31088,1
301,1107058,994.75,950.25,2,31088,2
301,1107059,984.0,956.5,1,31088,3
301,1107060,515.0,958.5,2,31089,0
301,1107061,1002.625,955.0,8,31090,0
301,1107062,994.75,950.25,2,31090,1
301,1107063,981.5,956.1666870117188,3,31090,2
301,1107064,1140.5,957.5,1,31090,3
301,1107065,984.0,956.5,1,31090,4
301,1107066,653.5,960.5,1,31091,0
301,1107067,919.625,950.625,4,31092,0
301,1107068,969.25,956.25,2,31092,1
301,1107069,829.5,951.5,1,31092,2
301,1107070,984.0,956.5,1,31092,3
301,1107071,988.5,947.0,1,31092,4
301,1107072,515.0,958.5,2,31093,0
301,1107073,829.5,951.5,1,31093,1
301,1107074,994.75,950.25,2,31094,0
301,1107075,1002.625,955.0,8,31094,1
301,1107076,981.5,956.1666870117188,3,31094,2
301,1107077,984.0,956.5,1,31094,3
301,1107078,1018.3125,954.875,8,31095,0
301,1107079,994.75,950.25,2,31095,1
301,1107080,1140.5,957.5,1,31095,2
301,1107081,1006.0,956.0,1,31095,3
301,1107082,901.25,947.75,2,31096,0
301,1107083,978.0,955.0,1,31096,1
301,1107084,829.5,951.5,1,31096,2
301,1107085,1120.5,939.0,2,31097,0
301,1107086,1324.75,935.75,2,31097,1
301,1107087,1184.1666259765625,951.8333129882812,3,31097,2
301,1107088,981.5,956.1666870117188,3,31098,0
301,1107089,829.5,951.5,1,31098,1
301,1107090,965.25,953.4375,8,31098,2
301,1107091,984.0,956.5,1,31098,3
301,1107092,994.75,950.25,2,31098,4
301,1107093,991.25,954.5625,8,31099,0
301,1107094,984.0,956.5,1,31099,1
301,1107095,994.75,950.25,2,31099,2
301,1107096,981.5,956.1666870117188,3,31099,3
301,1107097,1002.625,955.0,8,31100,0
301,1107098,984.0,956.5,1,31100,1
301,1107099,994.75,950.25,2,31100,2
301,1107100,981.5,956.1666870117188,3,31100,3
301,1107101,829.5,951.5,1,31101,0
301,1107102,969.25,956.25,2,31101,1
301,1107103,527.5,959.0,1,31101,2
301,1107104,984.0,956.5,1,31101,3
301,1107105,920.0,950.0,3,31101,4
301,1107106,1324.75,935.75,2,31102,0
301,1107107,1158.0,924.5,1,31102,1
301,1107108,984.0,956.5,1,31103,0
301,1107109,988.5,954.5625,8,31103,1
301,1107110,994.75,950.25,2,31103,2
301,1107111,981.5,956.1666870117188,3,31103,3
301,1107112,829.5,951.5,1,31103,4
301,1107113,1074.9000244140625,948.2999877929688,5,31104,0
301,1107114,1140.5,957.5,1,31104,1
301,1107115,971.4166870117188,954.75,6,31105,0
301,1107116,994.75,950.25,2,31105,1
301,1107117,981.5,956.1666870117188,3,31105,2
301,1107118,829.5,951.5,1,31105,3
301,1107119,984.0,956.5,1,31105,4
301,1107120,994.75,950.25,2,31106,0
301,1107121,995.7777709960938,954.6666870117188,9,31106,1
301,1107122,1140.5,957.5,1,31106,2
301,1107123,981.5,956.1666870117188,3,31106,3
301,1107124,984.0,956.5,1,31106,4
301,1107125,1206.0,949.0,2,31107,0
301,1107126,1312.0,947.5,1,31107,1
301,1107127,1158.0,924.5,1,31107,2
301,1107128,1324.75,935.75,2,31108,0
301,1107129,1158.0,924.5,1,31108,1
301,1107130,1201.0,950.0,1,31108,2
311,1107031,1029.3714599609375,956.0142822265625,5,31082,0
311,1107032,1136.5,956.5,1,31082,1
311,1107033,991.5,955.75,2,31082,2
311,1107034,996.125,951.125,4,31082,3
311,1107035,982.0,956.5,1,31082,4
311,1107036,1139.25,957.75,2,31083,0
311,1107037,1053.971435546875,951.1571044921875,5,31083,1
311,1107038,987.5,949.0,1,31083,2
311,1107039,1206.5,949.75,2,31084,0
311,1107040,1159.0,926.0,1,31084,1
311,1107041,999.2083129882812,955.5,6,31085,0
311,1107042,981.0,956.4166870117188,2,31085,1
311,1107043,1136.5,956.5,1,31085,2
311,1107044,995.75,951.25,3,31085,3
311,1107045,982.0,956.5,1,31085,4
311,1107046,1015.8125,955.7916870117188,6,31086,0
311,1107047,1008.6666870117188,955.8333129882812,3,31086,1
311,1107048,1136.5,956.5,1,31086,2
311,1107049,994.5,951.75,2,31086,3
311,1107050,982.0,956.5,1,31086,4
311,1107051,981.0,956.4166870117188,2,31087,0
311,1107052,806.0,950.5,1,31087,1
311,1107053,964.1666870117188,956.5,4,31087,2
311,1107054,994.5833129882812,951.25,3,31087,3
311,1107055,982.0,956.5,1,31087,4
311,1107056,981.0,956.4166870117188,2,31088,0
311,1107057,999.2083129882812,955.5,6,31088,1
311,1107058,995.75,951.25,3,31088,2
311,1107059,982.0,956.5,1,31088,3
311,1107060,507.25,959.5,2,31089,0
311,1107061,999.2083129882812,955.5,6,31090,0
311,1107062,995.75,951.25,3,31090,1
311,1107063,981.0,956.4166870117188,2,31090,2
311,1107064,1136.5,956.5,1,31090,3
311,1107065,982.0,956.5,1,31090,4
311,1107066,627.0,957.5,1,31091,0
311,1107067,913.4583129882812,953.125,3,31092,0
311,1107068,967.25,956.5,2,31092,1
311,1107069,806.0,950.5,1,31092,2
311,1107070,982.0,956.5,1,31092,3
311,1107071,987.5,949.0,1,31092,4
311,1107072,507.25,959.5,2,31093,0
311,1107073,806.0,950.5,1,31093,1
311,1107074,995.75,951.25,3,31094,0
311,1107075,999.2083129882812,955.5,6,31094,1
311,1107076,981.0,956.4166870117188,2,31094,2
311,1107077,982.0,956.5,1,31094,3
311,1107078,1015.8125,955.7916870117188,6,31095,0
311,1107079,994.5,951.75,2,31095,1
311,1107080,1136.5,956.5,1,31095,2
311,1107081,1008.6666870117188,955.8333129882812,3,31095,3
311,1107082,891.75,951.25,2,31096,0
311,1107083,974.5,955.5,1,31096,1
311,1107084,806.0,950.5,1,31096,2
311,1107085,1121.75,940.5,2,31097,0
311,1107086,1321.4166259765625,935.9166870117188,3,31097,1
311,1107087,1182.1666259765625,951.8333129882812,2,31097,2
311,1107088,981.0,956.4166870117188,2,31098,0
311,1107089,806.0,950.5,1,31098,1
311,1107090,962.1666870117188,954.7708129882812,6,31098,2
311,1107091,982.0,956.5,1,31098,3
311,1107092,994.5833129882812,951.25,3,31098,4
311,1107093,984.0833129882812,956.0625,6,31099,0
311,1107094,982.0,956.5,1,31099,1
311,1107095,995.4166870117188,951.4166870117188,3,31099,2
311,1107096,981.0,956.4166870117188,2,31099,3
311,1107097,999.2083129882812,955.5,6,31100,0
311,1107098,982.0,956.5,1,31100,1
311,1107099,995.75,951.25,3,31100,2
311,1107100,981.0,956.4166870117188,2,31100,3
311,1107101,806.0,950.5,1,31101,0
311,1107102,967.25,956.5,2,31101,1
311,1107103,521.5,960.5,1,31101,2
311,1107104,982.0,956.5,1,31101,3
311,1107105,910.5,953.5,2,31101,4
311,1107106,1319.25,935.75,2,31102,0
311,1107107,1159.0,926.0,1,31102,1
311,1107108,982.0,956.5,1,31103,0
311,1107109,983.25,956.0625,6,31103,1
311,1107110,994.5,951.75,2,31103,2
311,1107111,981.0,956.4166870117188,2,31103,3
311,1107112,806.0,950.5,1,31103,4
311,1107113,1072.7750244140625,949.1749877929688,4,31104,0
311,1107114,1139.25,957.75,2,31104,1
311,1107115,964.1666870117188,956.5,4,31105,0
311,1107116,994.5833129882812,951.25,3,31105,1
311,1107117,981.0,956.4166870117188,2,31105,2
311,1107118,806.0,950.5,1,31105,3
311,1107119,982.0,956.5,1,31105,4
311,1107120,994.5,951.75,2,31106,0
311,1107121,991.7777709960938,955.952392578125,7,31106,1
311,1107122,1136.5,956.5,1,31106,2
311,1107123,981.0,956.4166870117188,2,31106,3
311,1107124,982.0,956.5,1,31106,4
311,1107125,1206.5,949.75,2,31107,0
311,1107126,1306.0,950.0,1,31107,1
311,1107127,1159.0,926.0,1,31107,2
311,1107128,1319.25,935.75,2,31108,0
311,1107129,1159.0,926.0,1,31108,1
311,1107130,1202.0,950.5,1,31108,2
321,1107031,1029.3714599609375,956.0142822265625,5,31082,0
321,1107032,1136.5,956.5,1,31082,1
321,1107033,991.5,955.75,2,31082,2
321,1107034,996.125,951.125,4,31082,3
321,1107035,982.0,956.5,1,31082,4
321,1107036,1139.25,957.75,2,31083,0
321,1107037,1053.971435546875,951.1571044921875,6,31083,1
321,1107038,987.5,949.0,1,31083,2
321,1107039,1206.5,949.75,2,31084,0
321,1107040,1159.0,926.0,1,31084,1
321,1107041,999.2083129882812,955.5,6,31085,0
321,1107042,981.0,956.4166870117188,2,31085,1
321,1107043,1136.5,956.5,1,31085,2
321,1107044,995.75,951.25,5,31085,3
321,1107045,982.0,956.5,1,31085,4
321,1107046,1015.8125,955.7916870117188,6,31086,0
321,1107047,1008.6666870117188,955.8333129882812,3,31086,1
321,1107048,1136.5,956.5,1,31086,2
321,1107049,994.5,951.75,2,31086,3
321,1107050,982.0,956.5,1,31086,4
321,1107051,981.0,956.4166870117188,2,31087,0
321,1107052,806.0,950.5,1,31087,1
321,1107053,964.1666870117188,956.5,4,31087,2
321,1107054,994.5833129882812,951.25,3,31087,3
321,1107055,982.0,956.5,1,31087,4
321,1107056,981.0,956.4166870117188,2,31088,0
321,1107057,999.2083129882812,955.5,6,31088,1
321,1107058,995.75,951.25,5,31088,2
321,1107059,982.0,956.5,1,31088,3
321,1107060,507.25,959.5,2,31089,0
321,1107061,999.2083129882812,955.5,6,31090,0
321,1107062,995.75,951.25,5,31090,1
321,1107063,981.0,956.4166870117188,2,31090,2
321,1107064,1136.5,956.5,1,31090,3
321,1107065,982.0,956.5,1,31090,4
321,1107066,627.0,957.5,1,31091,0
321,1107067,913.4583129882812,953.125,3,31092,0
321,1107068,967.25,956.5,2,31092,1
321,1107069,806.0,950.5,1,31092,2
321,1107070,982.0,956.5,1,31092,3
321,1107071,987.5,949.0,1,31092,4
321,1107072,507.25,959.5,2,31093,0
321,1107073,806.0,950.5,1,31093,1
321,1107074,995.75,951.25,5,31094,0
321,1107075,999.2083129882812,955.5,6,31094,1
321,1107076,981.0,956.4166870117188,2,31094,2
321,1107077,982.0,956.5,1,31094,3
321,1107078,1015.8125,955.7916870117188,6,31095,0
321,1107079,994.5,951.75,2,31095,1
321,1107080,1136.5,956.5,1,31095,2
321,1107081,1008.6666870117188,955.8333129882812,3,31095,3
321,1107082,891.75,951.25,2,31096,0
321,1107083,974.5,955.5,1,31096,1
321,1107084,806.0,950.5,1,31096,2
321,1107085,1121.75,940.5,2,31097,0
321,1107086,1321.4166259765625,935.9166870117188,3,31097,1
321,1107087,1182.1666259765625,951.8333129882812,2,31097,2
321,1107088,981.0,956.4166870117188,2,31098,0
321,1107089,806.0,950.5,1,31098,1
321,1107090,962.1666870117188,954.7708129882812,6,31098,2
321,1107091,982.0,956.5,1,31098,3
321,1107092,994.5833129882812,951.25,3,31098,4
321,1107093,984.0833129882812,956.0625,6,31099,0
321,1107094,982.0,956.5,1,31099,1
321,1107095,995.4166870117188,951.4166870117188,3,31099,2
321,1107096,981.0,956.4166870117188,2,31099,3
321,1107097,999.2083129882812,955.5,6,31100,0
321,1107098,982.0,956.5,1,31100,1
321,1107099,995.75,951.25,5,31100,2
321,1107100,981.0,956.4166870117188,2,31100,3
321,1107101,806.0,950.5,1,31101,0
321,1107102,967.25,956.5,2,31101,1
321,1107103,521.5,960.5,1,31101,2
321,1107104,982.0,956.5,1,31101,3
321,1107105,910.5,953.5,2,31101,4
321,1107106,1319.25,935.75,2,31102,0
321,1107107,1159.0,926.0,1,31102,1
321,1107108,982.0,956.5,1,31103,0
321,1107109,983.25,956.0625,6,31103,1
321,1107110,994.5,951.75,2,31103,2
321,1107111,981.0,956.4166870117188,2,31103,3
321,1107112,806.0,950.5,1,31103,4
321,1107113,1072.7750244140625,949.1749877929688,4,31104,0
321,1107114,1139.25,957.75,2,31104,1
321,1107115,964.1666870117188,956.5,4,31105,0
321,1107116,994.5833129882812,951.25,3,31105,1
321,1107117,981.0,956.4166870117188,2,31105,2
321,1107118,806.0,950.5,1,31105,3
321,1107119,982.0,956.5,1,31105,4
321,1107120,994.5,951.75,2,31106,0
321,1107121,991.7777709960938,955.952392578125,7,31106,1
321,1107122,1136.5,956.5,1,31106,2
321,1107123,981.0,956.4166870117188,2,31106,3
321,1107124,982.0,956.5,1,31106,4
321,1107125,1206.5,949.75,2,31107,0
321,1107126,1306.0,950.0,1,31107,1
321,1107127,1159.0,926.0,1,31107,2
321,1107128,1319.25,935.75,2,31108,0
321,1107129,1159.0,926.0,1,31108,1
321,1107130,1202.0,950.5,1,31108,2
331,1107031,1029.3714599609375,956.0142822265625,5,31082,0
331,1107032,1136.5,956.5,1,31082,1
331,1107033,991.5,955.75,2,31082,2
331,1107034,996.125,951.125,4,31082,3
331,1107035,982.0,956.5,1,31082,4
331,1107036,1139.25,957.75,2,31083,0
331,1107037,1053.971435546875,951.1571044921875,6,31083,1
331,1107038,987.5,949.0,1,31083,2
331,1107039,1206.5,949.75,2,31084,0
331,1107040,1159.0,926.0,1,31084,1
331,1107041,999.2083129882812,955.5,6,31085,0
331,1107042,981.0,956.4166870117188,2,31085,1
331,1107043,1136.5,956.5,1,31085,2
331,1107044,995.75,951.25,5,31085,3
331,1107045,982.0,956.5,1,31085,4
331,1107046,1015.8125,955.7916870117188,6,31086,0
331,1107047,1008.6666870117188,955.8333129882812,3,31086,1
331,1107048,1136.5,956.5,1,31086,2
331,1107049,994.5,951.75,2,31086,3
331,1107050,982.0,956.5,1,31086,4
331,1107051,981.0,956.4166870117188,2,31087,0
331,1107052,806.0,950.5,1,31087,1
331,1107053,964.1666870117188,956.5,4,31087,2
331,1107054,994.5833129882812,951.25,4,31087,3
331,1107055,982.0,956.5,1,31087,4
331,1107056,981.0,956.4166870117188,2,31088,0
331,1107057,999.2083129882812,955.5,6,31088,1
331,1107058,995.75,951.25,5,31088,2
331,1107059,982.0,956.5,1,31088,3
331,1107060,507.25,959.5,2,31089,0
331,1107061,999.2083129882812,955.5,6,31090,0
331,1107062,995.75,951.25,5,31090,1
331,1107063,981.0,956.4166870117188,2,31090,2
331,1107064,1136.5,956.5,1,31090,3
331,1107065,982.0,956.5,1,31090,4
331,1107066,627.0,957.5,1,31091,0
331,1107067,913.4583129882812,953.125,3,31092,0
331,1107068,967.25,956.5,2,31092,1
331,1107069,806.0,950.5,1,31092,2
331,1107070,982.0,956.5,1,31092,3
331,1107071,987.5,949.0,1,31092,4
331,1107072,507.25,959.5,2,31093,0
331,1107073,806.0,950.5,1,31093,1
331,1107074,995.75,951.25,5,31094,0
331,1107075,999.2083129882812,955.5,6,31094,1
331,1107076,981.0,956.4166870117188,2,31094,2
331,1107077,982.0,956.5,1,31094,3
331,1107078,1015.8125,955.7916870117188,6,31095,0
331,1107079,994.5,951.75,2,31095,1
331,1107080,1136.5,956.5,1,31095,2
331,1107081,1008.6666870117188,955.8333129882812,3,31095,3
331,1107082,891.75,951.25,2,31096,0
331,1107083,974.5,955.5,1,31096,1
331,1107084,806.0,950.5,1,31096,2
331,1107085,1121.75,940.5,2,31097,0
331,1107086,1321.4166259765625,935.9166870117188,3,31097,1
331,1107087,1182.1666259765625,951.8333129882812,2,31097,2
331,1107088,981.0,956.4166870117188,2,31098,0
331,1107089,806.0,950.5,1,31098,1
331,1107090,962.1666870117188,954.7708129882812,6,31098,2
331,1107091,982.0,956.5,1,31098,3
331,1107092,994.5833129882812,951.25,4,31098,4
331,1107093,984.0833129882812,956.0625,6,31099,0
331,1107094,982.0,956.5,1,31099,1
331,1107095,995.4166870117188,951.4166870117188,5,31099,2
331,1107096,981.0,956.4166870117188,2,31099,3
331,1107097,999.2083129882812,955.5,6,31100,0
331,1107098,982.0,956.5,1,31100,1
331,1107099,995.75,951.25,5,31100,2
331,1107100,981.0,956.4166870117188,2,31100,3
331,1107101,806.0,950.5,1,31101,0
331,1107102,967.25,956.5,2,31101,1
331,1107103,521.5,960.5,1,31101,2
331,1107104,982.0,956.5,1,31101,3
331,1107105,910.5,953.5,2,31101,4
331,1107106,1319.25,935.75,2,31102,0
331,1107107,1159.0,926.0,1,31102,1
331,1107108,982.0,956.5,1,31103,0
331,1107109,983.25,956.0625,6,31103,1
331,1107110,994.5,951.75,3,31103,2
331,1107111,981.0,956.4166870117188,2,31103,3
331,1107112,806.0,950.5,1,31103,4
331,1107113,1072.7750244140625,949.1749877929688,4,31104,0
331,1107114,1139.25,957.75,2,31104,1
331,1107115,964.1666870117188,956.5,4,31105,0
331,1107116,994.5833129882812,951.25,4,31105,1
331,1107117,981.0,956.4166870117188,2,31105,2
331,1107118,806.0,950.5,1,31105,3
331,1107119,982.0,956.5,1,31105,4
331,1107120,994.5,951.75,3,31106,0
331,1107121,991.7777709960938,955.952392578125,7,31106,1
331,1107122,1136.5,956.5,1,31106,2
331,1107123,981.0,956.4166870117188,2,31106,3
331,1107124,982.0,956.5,1,31106,4
331,1107125,1206.5,949.75,2,31107,0
331,1107126,1306.0,950.0,1,31107,1
331,1107127,1159.0,926.0,1,31107,2
331,1107128,1319.25,935.75,2,31108,0
331,1107129,1159.0,926.0,1,31108,1
331,1107130,1202.0,950.5,1,31108,2
341,1107031,1029.3714599609375,956.0142822265625,5,31082,0
341,1107032,1136.5,956.5,1,31082,1
341,1107033,991.5,955.75,2,31082,2
341,1107034,996.125,951.125,4,31082,3
341,1107035,982.0,956.5,1,31082,4
341,1107036,1139.25,957.75,2,31083,0
341,1107037,1053.971435546875,951.1571044921875,6,31083,1
341,1107038,987.5,949.0,1,31083,2
341,1107039,1206.5,949.75,2,31084,0
341,1107040,1159.0,926.0,1,31084,1
341,1107041,999.2083129882812,955.5,6,31085,0
341,1107042,981.0,956.4166870117188,2,31085,1
341,1107043,1136.5,956.5,1,31085,2
341,1107044,995.75,951.25,5,31085,3
341,1107045,982.0,956.5,1,31085,4
341,1107046,1015.8125,955.7916870117188,6,31086,0
341,1107047,1008.6666870117188,955.8333129882812,3,31086,1
341,1107048,1136.5,956.5,1,31086,2
341,1107049,994.5,951.75,2,31086,3
341,1107050,982.0,956.5,1,31086,4
341,1107051,981.0,956.4166870117188,2,31087,0
341,1107052,806.0,950.5,1,31087,1
341,1107053,964.1666870117188,956.5,4,31087,2
341,1107054,994.5833129882812,951.25,4,31087,3
341,1107055,982.0,956.5,1,31087,4
341,1107056,981.0,956.4166870117188,2,31088,0
341,1107057,999.2083129882812,955.5,6,31088,1
341,1107058,995.75,951.25,5,31088,2
341,1107059,982.0,956.5,1,31088,3
341,1107060,507.25,959.5,2,31089,0
341,1107061,999.2083129882812,955.5,6,31090,0
341,1107062,995.75,951.25,5,31090,1
341,1107063,981.0,956.4166870117188,2,31090,2
341,1107064,1136.5,956.5,1,31090,3
341,1107065,982.0,956.5,1,31090,4
341,1107066,627.0,957.5,1,31091,0
341,1107067,913.4583129882812,953.125,3,31092,0
341,1107068,967.25,956.5,2,31092,1
341,1107069,806.0,950.5,1,31092,2
341,1107070,982.0,956.5,1,31092,3
341,1107071,987.5,949.0,1,31092,4
341,1107072,507.25,959.5,2,31093,0
341,1107073,806.0,950.5,1,31093,1
341,1107074,995.75,951.25,5,31094,0
341,1107075,999.2083129882812,955.5,6,31094,1
341,1107076,981.0,956.4166870117188,2,31094,2
341,1107077,982.0,956.5,1,31094,3
341,1107078,1015.8125,955.7916870117188,6,31095,0
341,1107079,994.5,951.75,2,31095,1
341,1107080,1136.5,956.5,1,31095,2
341,1107081,1008.6666870117188,955.8333129882812,3,31095,3
341,1107082,891.75,951.25,2,31096,0
341,1107083,974.5,955.5,1,31096,1
341,1107084,806.0,950.5,1,31096,2
341,1107085,1121.75,940.5,2,31097,0
341,1107086,1321.4166259765625,935.9166870117188,3,31097,1
341,1107087,1182.1666259765625,951.8333129882812,2,31097,2
341,1107088,981.0,956.4166870117188,2,31098,0
341,1107089,806.0,950.5,1,31098,1
341,1107090,962.1666870117188,954.7708129882812,6,31098,2
341,1107091,982.0,956.5,1,31098,3
341,1107092,994.5833129882812,951.25,4,31098,4
341,1107093,984.0833129882812,956.0625,6,31099,0
341,1107094,982.0,956.5,1,31099,1
341,1107095,995.4166870117188,951.4166870117188,5,31099,2
341,1107096,981.0,956.4166870117188,2,31099,3
341,1107097,999.2083129882812,955.5,6,31100,0
341,1107098,982.0,956.5,1,31100,1
341,1107099,995.75,951.25,5,31100,2
341,1107100,981.0,956.4166870117188,2,31100,3
341,1107101,806.0,950.5,1,31101,0
341,1107102,967.25,956.5,2,31101,1
341,1107103,521.5,960.5,1,31101,2
341,1107104,982.0,956.5,1,31101,3
341,1107105,910.5,953.5,2,31101,4
341,1107106,1319.25,935.75,2,31102,0
341,1107107,1159.0,926.0,1,31102,1
341,1107108,982.0,956.5,1,31103,0
341,1107109,983.25,956.0625,6,31103,1
341,1107110,994.5,951.75,3,31103,2
341,1107111,981.0,956.4166870117188,2,31103,3
341,1107112,806.0,950.5,1,31103,4
341,1107113,1072.7750244140625,949.1749877929688,4,31104,0
341,1107114,1139.25,957.75,2,31104,1
341,1107115,964.1666870117188,956.5,4,31105,0
341,1107116,994.5833129882812,951.25,4,31105,1
341,1107117,981.0,956.4166870117188,2,31105,2
341,1107118,806.0,950.5,1,31105,3
341,1107119,982.0,956.5,1,31105,4
341,1107120,994.5,951.75,3,31106,0
341,1107121,991.7777709960938,955.952392578125,7,31106,1
341,1107122,1136.5,956.5,1,31106,2
341,1107123,981.0,956.4166870117188,2,31106,3
341,1107124,982.0,956.5,1,31106,4
341,1107125,1206.5,949.75,2,31107,0
341,1107126,1306.0,950.0,1,31107,1
341,1107127,1159.0,926.0,1,31107,2
341,1107128,1319.25,935.75,2,31108,0
341,1107129,1159.0,926.0,1,31108,1
341,1107130,1202.0,950.5,1,31108,2
351,1107031,1029.3714599609375,956.0142822265625,5,31082,0
351,1107032,1136.5,956.5,1,31082,1
351,1107033,991.5,955.75,2,31082,2
351,1107034,996.125,951.125,4,31082,3
351,1107035,982.0,956.5,1,31082,4
351,1107036,1139.25,957.75,2,31083,0
351,1107037,1053.971435546875,951.1571044921875,6,31083,1
351,1107038,987.5,949.0,1,31083,2
351,1107039,1206.5,949.75,2,31084,0
351,1107040,1159.0,926.0,1,31084,1
351,1107041,999.2083129882812,955.5,6,31085,0
351,1107042,981.0,956.4166870117188,2,31085,1
351,1107043,1136.5,956.5,1,31085,2
351,1107044,995.75,951.25,5,31085,3
351,1107045,982.0,956.5,1,31085,4
351,1107046,1015.8125,955.7916870117188,6,31086,0
351,1107047,1008.6666870117188,955.8333129882812,3,31086,1
351,1107048,1136.5,956.5,1,31086,2
351,1107049,994.5,951.75,2,31086,3
351,1107050,982.0,956.5,1,31086,4
351,1107051,981.0,956.4166870117188,2,31087,0
351,1107052,806.0,950.5,1,31087,1
351,1107053,964.1666870117188,956.5,4,31087,2
351,1107054,994.5833129882812,951.25,4,31087,3
351,1107055,982.0,956.5,1,31087,4
351,1107056,981.0,956.4166870117188,2,31088,0
351,1107057,999.2083129882812,955.5,6,31088,1
351,1107058,995.75,951.25,5,31088,2
351,1107059,982.0,956.5,1,31088,3
351,1107060,507.25,959.5,2,31089,0
351,1107061,999.2083129882812,955.5,6,31090,0
351,1107062,995.75,951.25,5,31090,1
351,1107063,981.0,956.4166870117188,2,31090,2
351,1107064,1136.5,956.5,1,31090,3
351,1107065,982.0,956.5,1,31090,4
351,1107066,627.0,957.5,1,31091,0
351,1107067,913.4583129882812,953.125,3,31092,0
351,1107068,967.25,956.5,2,31092,1
351,1107069,806.0,950.5,1,31092,2
351,1107070,982.0,956.5,1,31092,3
351,1107071,987.5,949.0,1,31092,4
351,1107072,507.25,959.5,2,31093,0
351,1107073,806.0,950.5,1,31093,1
351,1107074,995.75,951.25,5,31094,0
351,1107075,999.2083129882812,955.5,6,31094,1
351,1107076,981.0,956.4166870117188,2,31094,2
351,1107077,982.0,956.5,1,31094,3
351,1107078,1015.8125,955.7916870117188,6,31095,0
351,1107079,994.5,951.75,2,31095,1
351,1107080,1136.5,956.5,1,31095,2
351,1107081,1008.6666870117188,955.8333129882812,3,31095,3
351,1107082,891.75,951.25,2,31096,0
351,1107083,974.5,955.5,1,31096,1
351,1107084,806.0,950.5,1,31096,2
351,1107085,1121.75,940.5,2,31097,0
351,1107086,1321.4166259765625,935.9166870117188,3,31097,1
351,1107087,1182.1666259765625,951.8333129882812,2,31097,2
351,1107088,981.0,956.4166870117188,2,31098,0
351,1107089,806.0,950.5,1,31098,1
351,1107090,962.1666870117188,954.7708129882812,6,31098,2
351,1107091,982.0,956.5,1,31098,3
351,1107092,994.5833129882812,951.25,4,31098,4
351,1107093,984.0833129882812,956.0625,6,31099,0
351,1107094,982.0,956.5,1,31099,1
351,1107095,995.4166870117188,951.4166870117188,5,31099,2
351,1107096,981.0,956.4166870117188,2,31099,3
351,1107097,999.2083129882812,955.5,6,31100,0
351,1107098,982.0,956.5,1,31100,1
351,1107099,995.75,951.25,5,31100,2
351,1107100,981.0,956.4166870117188,2,31100,3
351,1107101,806.0,950.5,1,31101,0
351,1107102,967.25,956.5,2,31101,1
351,1107103,521.5,960.5,1,31101,2
351,1107104,982.0,956.5,1,31101,3
351,1107105,910.5,953.5,2,31101,4
351,1107106,1319.25,935.75,2,31102,0
351,1107107,1159.0,926.0,1,31102,1
351,1107108,982.0,956.5,1,31103,0
351,1107109,983.25,956.0625,6,31103,1
351,1107110,994.5,951.75,3,31103,2
351,1107111,981.0,956.4166870117188,2,31103,3
351,1107112,806.0,950.5,1,31103,4
351,1107113,1072.7750244140625,949.1749877929688,4,31104,0
351,1107114,1139.25,957.75,2,31104,1
351,1107115,964.1666870117188,956.5,4,31105,0
351,1107116,994.5833129882812,951.25,4,31105,1
351,1107117,981.0,956.4166870117188,2,31105,2
351,1107118,806.0,950.5,1,31105,3
351,1107119,982.0,956.5,1,31105,4
351,1107120,994.5,951.75,3,31106,0
351,1107121,991.7777709960938,955.952392578125,7,31106,1
351,1107122,1136.5,956.5,1,31106,2
351,1107123,981.0,956.4166870117188,2,31106,3
351,1107124,982.0,956.5,1,31106,4
351,1107125,1206.5,949.75,2,31107,0
351,1107126,1306.0,950.0,1,31107,1
351,1107127,1159.0,926.0,1,31107,2
351,1107128,1319.25,935.75,2,31108,0
351,1107129,1159.0,926.0,1,31108,1
351,1107130,1202.0,950.5,1,31108,2
361,1107031,1029.3714599609375,956.0142822265625,5,31082,0
361,1107032,1136.5,956.5,1,31082,1
361,1107033,991.5,955.75,2,31082,2
361,1107034,996.125,951.125,4,31082,3
361,1107035,982.0,956.5,1,31082,4
361,1107036,1139.25,957.75,2,31083,0
361,1107037,1053.971435546875,951.1571044921875,6,31083,1
361,1107038,987.5,949.0,1,31083,2
361,1107039,1206.5,949.75,2,31084,0
361,1107040,1159.0,926.0,1,31084,1
361,1107041,999.2083129882812,955.5,6,31085,0
361,1107042,981.0,956.4166870117188,2,31085,1
361,1107043,1136.5,956.5,1,31085,2
361,1107044,995.75,951.25,5,31085,3
361,1107045,982.0,956.5,1,31085,4
361,1107046,1015.8125,955.7916870117188,6,31086,0
361,1107047,1008.6666870117188,955.8333129882812,3,31086,1
361,1107048,1136.5,956.5,1,31086,2
361,1107049,994.5,951.75,2,31086,3
361,1107050,982.0,956.5,1,31086,4
361,1107051,981.0,956.4166870117188,2,31087,0
361,1107052,806.0,950.5,1,31087,1
361,1107053,964.1666870117188,956.5,4,31087,2
361,1107054,994.5833129882812,951.25,4,31087,3
361,1107055,982.0,956.5,1,31087,4
361,1107056,981.0,956.4166870117188,2,31088,0
361,1107057,999.2083129882812,955.5,6,31088,1
361,1107058,995.75,951.25,5,31088,2
361,1107059,982.0,956.5,1,31088,3
361,1107060,507.25,959.5,2,31089,0
361,1107061,999.2083129882812,955.5,6,31090,0
361,1107062,995.75,951.25,5,31090,1
361,1107063,981.0,956.4166870117188,2,31090,2
361,1107064,1136.5,956.5,1,31090,3
361,1107065,982.0,956.5,1,31090,4
361,1107066,627.0,957.5,1,31091,0
361,1107067,913.4583129882812,953.125,3,31092,0
361,1107068,967.25,956.5,2,31092,1
361,1107069,806.0,950.5,1,31092,2
361,1107070,982.0,956.5,1,31092,3
361,1107071,987.5,949.0,1,31092,4
361,1107072,507.25,959.5,2,31093,0
361,1107073,806.0,950.5,1,31093,1
361,1107074,995.75,951.25,5,31094,0
361,1107075,999.2083129882812,955.5,6,31094,1
361,1107076,981.0,956.4166870117188,2,31094,2
361,1107077,982.0,956.5,1,31094,3
361,1107078,1015.8125,955.7916870117188,6,31095,0
361,1107079,994.5,951.75,2,31095,1
361,1107080,1136.5,956.5,1,31095,2
361,1107081,1008.6666870117188,955.8333129882812,3,31095,3
361,1107082,891.75,951.25,2,31096,0
361,1107083,974.5,955.5,1,31096,1
361,1107084,806.0,950.5,1,31096,2
361,1107085,1121.75,940.5,2,31097,0
361,1107086,1321.4166259765625,935.9166870117188,3,31097,1
361,1107087,1182.1666259765625,951.8333129882812,2,31097,2
361,1107088,981.0,956.4166870117188,2,31098,0
361,1107089,806.0,950.5,1,31098,1
361,1107090,962.1666870117188,954.7708129882812,6,31098,2
361,1107091,982.0,956.5,1,31098,3
361,1107092,994.5833129882812,951.25,4,31098,4
361,1107093,984.0833129882812,956.0625,6,31099,0
361,1107094,982.0,956.5,1,31099,1
361,1107095,995.4166870117188,951.4166870117188,5,31099,2
361,1107096,981.0,956.4166870117188,2,31099,3
361,1107097,999.2083129882812,955.5,6,31100,0
361,1107098,982.0,956.5,1,31100,1
361,1107099,995.75,951.25,5,31100,2
361,1107100,981.0,956.4166870117188,2,31100,3
361,1107101,806.0,950.5,1,31101,0
361,1107102,967.25,956.5,2,31101,1
361,1107103,521.5,960.5,1,31101,2
361,1107104,982.0,956.5,1,31101,3
361,1107105,910.5,953.5,2,31101,4
361,1107106,1319.25,935.75,2,31102,0
361,1107107,1159.0,926.0,1,31102,1
361,1107108,982.0,956.5,1,31103,0
361,1107109,983.25,956.0625,6,31103,1
361,1107110,994.5,951.75,3,31103,2
361,1107111,981.0,956.4166870117188,2,31103,3
361,1107112,806.0,950.5,1,31103,4
361,1107113,1072.7750244140625,949.1749877929688,4,31104,0
361,1107114,1139.25,957.75,2,31104,1
361,1107115,964.1666870117188,956.5,4,31105,0
361,1107116,994.5833129882812,951.25,4,31105,1
361,1107117,981.0,956.4166870117188,2,31105,2
361,1107118,806.0,950.5,1,31105,3
361,1107119,982.0,956.5,1,31105,4
361,1107120,994.5,951.75,3,31106,0
361,1107121,991.7777709960938,955.952392578125,7,31106,1
361,1107122,1136.5,956.5,1,31106,2
361,1107123,981.0,956.4166870117188,2,31106,3
361,1107124,982.0,956.5,1,31106,4
361,1107125,1206.5,949.75,2,31107,0
361,1107126,1306.0,950.0,1,31107,1
361,1107127,1159.0,926.0,1,31107,2
361,1107128,1319.25,935.75,2,31108,0
361,1107129,1159.0,926.0,1,31108,1
361,1107130,1202.0,950.5,1,31108,2
371,1107031,1029.3714599609375,956.0142822265625,5,31082,0
371,1107032,1136.5,956.5,1,31082,1
371,1107033,991.5,955.75,2,31082,2
371,1107034,996.125,951.125,4,31082,3
371,1107035,982.0,956.5,1,31082,4
371,1107036,1139.25,957.75,2,31083,0
371,1107037,1053.971435546875,951.1571044921875,6,31083,1
371,1107038,987.5,949.0,1,31083,2
371,1107039,1206.5,949.75,2,31084,0
371,1107040,1159.0,926.0,1,31084,1
371,1107041,999.2083129882812,955.5,6,31085,0
371,1107042,981.0,956.4166870117188,2,31085,1
371,1107043,1136.5,956.5,1,31085,2
371,1107044,995.75,951.25,5,31085,3
371,1107045,982.0,956.5,1,31085,4
371,1107046,1015.8125,955.7916870117188,6,31086,0
371,1107047,1008.6666870117188,955.8333129882812,3,31086,1
371,1107048,1136.5,956.5,1,31086,2
371,1107049,994.5,951.75,2,31086,3
371,1107050,982.0,956.5,1,31086,4
371,1107051,981.0,956.4166870117188,2,31087,0
371,1107052,806.0,950.5,1,31087,1
371,1107053,964.1666870117188,956.5,5,31087,2
371,1107054,994.5833129882812,951.25,4,31087,3
371,1107055,982.0,956.5,1,31087,4
371,1107056,981.0,956.4166870117188,2,31088,0
371,1107057,999.2083129882812,955.5,6,31088,1
371,1107058,995.75,951.25,5,31088,2
371,1107059,982.0,956.5,1,31088,3
371,1107060,507.25,959.5,2,31089,0
371,1107061,999.2083129882812,955.5,6,31090,0
371,1107062,995.75,951.25,5,31090,1
371,1107063,981.0,956.4166870117188,2,31090,2
371,1107064,1136.5,956.5,1,31090,3
371,1107065,982.0,956.5,1,31090,4
371,1107066,627.0,957.5,1,31091,0
371,1107067,913.4583129882812,953.125,3,31092,0
371,1107068,967.25,956.5,2,31092,1
371,1107069,806.0,950.5,1,31092,2
371,1107070,982.0,956.5,1,31092,3
371,1107071,987.5,949.0,1,31092,4
371,1107072,507.25,959.5,2,31093,0
371,1107073,806.0,950.5,1,31093,1
371,1107074,995.75,951.25,5,31094,0
371,1107075,999.2083129882812,955.5,6,31094,1
371,1107076,981.0,956.4166870117188,2,31094,2
371,1107077,982.0,956.5,1,31094,3
371,1107078,1015.8125,955.7916870117188,6,31095,0
371,1107079,994.5,951.75,2,31095,1
371,1107080,1136.5,956.5,1,31095,2
371,1107081,1008.6666870117188,955.8333129882812,3,31095,3
371,1107082,891.75,951.25,2,31096,0
371,1107083,974.5,955.5,1,31096,1
371,1107084,806.0,950.5,1,31096,2
371,1107085,1121.75,940.5,2,31097,0
371,1107086,1321.4166259765625,935.9166870117188,3,31097,1
371,1107087,1182.1666259765625,951.8333129882812,2,31097,2
371,1107088,981.0,956.4166870117188,2,31098,0
371,1107089,806.0,950.5,1,31098,1
371,1107090,962.1666870117188,954.7708129882812,6,31098,2
371,1107091,982.0,956.5,1,31098,3
371,1107092,994.5833129882812,951.25,4,31098,4
371,1107093,984.0833129882812,956.0625,6,31099,0
371,1107094,982.0,956.5,1,31099,1
371,1107095,995.4166870117188,951.4166870117188,5,31099,2
371,1107096,981.0,956.4166870117188,2,31099,3
371,1107097,999.2083129882812,955.5,6,31100,0
371,1107098,982.0,956.5,1,31100,1
371,1107099,995.75,951.25,5,31100,2
371,1107100,981.0,956.4166870117188,2,31100,3
371,1107101,806.0,950.5,1,31101,0
371,1107102,967.25,956.5,2,31101,1
371,1107103,521.5,960.5,1,31101,2
371,1107104,982.0,956.5,1,31101,3
371,1107105,910.5,953.5,2,31101,4
371,1107106,1319.25,935.75,2,31102,0
371,1107107,1159.0,926.0,1,31102,1
371,1107108,982.0,956.5,1,31103,0
371,1107109,983.25,956.0625,6,31103,1
371,1107110,994.5,951.75,3,31103,2
371,1107111,981.0,956.4166870117188,3,31103,3
371,1107112,806.0,950.5,1,31103,4
371,1107113,1072.7750244140625,949.1749877929688,4,31104,0
371,1107114,1139.25,957.75,2,31104,1
371,1107115,964.1666870117188,956.5,5,31105,0
371,1107116,994.5833129882812,951.25,4,31105,1
371,1107117,981.0,956.4166870117188,2,31105,2
371,1107118,806.0,950.5,1,31105,3
371,1107119,982.0,956.5,1,31105,4
371,1107120,994.5,951.75,3,31106,0
371,1107121,991.7777709960938,955.952392578125,7,31106,1
371,1107122,1136.5,956.5,1,31106,2
371,1107123,981.0,956.4166870117188,3,31106,3
371,1107124,982.0,956.5,1,31106,4
371,1107125,1206.5,949.75,2,31107,0
371,1107126,1306.0,950.0,1,31107,1
371,1107127,1159.0,926.0,1,31107,2
371,1107128,1319.25,935.75,2,31108,0
371,1107129,1159.0,926.0,1,31108,1
371,1107130,1202.0,950.5,1,31108,2
381,1107031,1029.3714599609375,956.0142822265625,5,31082,0
381,1107032,1136.5,956.5,1,31082,1
381,1107033,991.5,955.75,2,31082,2
381,1107034,996.125,951.125,4,31082,3
381,1107035,982.0,956.5,1,31082,4
381,1107036,1139.25,957.75,2,31083,0
381,1107037,1053.971435546875,951.1571044921875,6,31083,1
381,1107038,987.5,949.0,1,31083,2
381,1107039,1206.5,949.75,2,31084,0
381,1107040,1159.0,926.0,1,31084,1
381,1107041,999.2083129882812,955.5,6,31085,0
381,1107042,981.0,956.4166870117188,2,31085,1
381,1107043,1136.5,956.5,1,31085,2
381,1107044,995.75,951.25,5,31085,3
381,1107045,982.0,956.5,1,31085,4
381,1107046,1015.8125,955.7916870117188,6,31086,0
381,1107047,1008.6666870117188,955.8333129882812,3,31086,1
381,1107048,1136.5,956.5,1,31086,2
381,1107049,994.5,951.75,2,31086,3
381,1107050,982.0,956.5,1,31086,4
381,1107051,981.0,956.4166870117188,2,31087,0
381,1107052,806.0,950.5,1,31087,1
381,1107053,964.1666870117188,956.5,5,31087,2
381,1107054,994.5833129882812,951.25,4,31087,3
381,1107055,982.0,956.5,1,31087,4
381,1107056,981.0,956.4166870117188,2,31088,0
381,1107057,999.2083129882812,955.5,6,31088,1
381,1107058,995.75,951.25,5,31088,2
381,1107059,982.0,956.5,1,31088,3
381,1107060,507.25,959.5,2,31089,0
381,1107061,999.2083129882812,955.5,6,31090,0
381,1107062,995.75,951.25,5,31090,1
381,1107063,981.0,956.4166870117188,2,31090,2
381,1107064,1136.5,956.5,1,31090,3
381,1107065,982.0,956.5,1,31090,4
381,1107066,627.0,957.5,1,31091,0
381,1107067,913.4583129882812,953.125,3,31092,0
381,1107068,967.25,956.5,2,31092,1
381,1107069,806.0,950.5,1,31092,2
381,1107070,982.0,956.5,1,31092,3
381,1107071,987.5,949.0,1,31092,4
381,1107072,507.25,959.5,2,31093,0
381,1107073,806.0,950.5,1,31093,1
381,1107074,995.75,951.25,5,31094,0
381,1107075,999.2083129882812,955.5,6,31094,1
381,1107076,981.0,956.4166870117188,2,31094,2
381,1107077,982.0,956.5,1,31094,3
381,1107078,1015.8125,955.7916870117188,6,31095,0
381,1107079,994.5,951.75,2,31095,1
381,1107080,1136.5,956.5,1,31095,2
381,1107081,1008.6666870117188,955.8333129882812,3,31095,3
381,1107082,891.75,951.25,2,31096,0
381,1107083,974.5,955.5,1,31096,1
381,1107084,806.0,950.5,1,31096,2
381,1107085,1121.75,940.5,2,31097,0
381,1107086,1321.4166259765625,935.9166870117188,3,31097,1
381,1107087,1182.1666259765625,951.8333129882812,2,31097,2
381,1107088,981.0,956.4166870117188,2,31098,0
381,1107089,806.0,950.5,1,31098,1
381,1107090,962.1666870117188,954.7708129882812,6,31098,2
381,1107091,982.0,956.5,1,31098,3
381,1107092,994.5833129882812,951.25,4,31098,4
381,1107093,984.0833129882812,956.0625,6,31099,0
381,1107094,982.0,956.5,1,31099,1
381,1107095,995.4166870117188,951.4166870117188,5,31099,2
381,1107096,981.0,956.4166870117188,2,31099,3
381,1107097,999.2083129882812,955.5,6,31100,0
381,1107098,982.0,956.5,1,31100,1
381,1107099,995.75,951.25,5,31100,2
381,1107100,981.0,956.4166870117188,2,31100,3
381,1107101,806.0,950.5,1,31101,0
381,1107102,967.25,956.5,2,31101,1
381,1107103,521.5,960.5,1,31101,2
381,1107104,982.0,956.5,1,31101,3
381,1107105,910.5,953.5,2,31101,4
381,1107106,1319.25,935.75,2,31102,0
381,1107107,1159.0,926.0,1,31102,1
381,1107108,982.0,956.5,1,31103,0
381,1107109,983.25,956.0625,6,31103,1
381,1107110,994.5,951.75,3,31103,2
381,1107111,981.0,956.4166870117188,3,31103,3
381,1107112,806.0,950.5,1,31103,4
381,1107113,1072.7750244140625,949.1749877929688,4,31104,0
381,1107114,1139.25,957.75,2,31104,1
381,1107115,964.1666870117188,956.5,5,31105,0
381,1107116,994.5833129882812,951.25,4,31105,1
381,1107117,981.0,956.4166870117188,2,31105,2
381,1107118,806.0,950.5,1,31105,3
381,1107119,982.0,956.5,1,31105,4
381,1107120,994.5,951.75,3,31106,0
381,1107121,991.7777709960938,955.952392578125,7,31106,1
381,1107122,1136.5,956.5,1,31106,2
381,1107123,981.0,956.4166870117188,3,31106,3
381,1107124,982.0,956.5,1,31106,4
381,1107125,1206.5,949.75,2,31107,0
381,1107126,1306.0,950.0,1,31107,1
381,1107127,1159.0,926.0,1,31107,2
381,1107128,1319.25,935.75,2,31108,0
381,1107129,1159.0,926.0,1,31108,1
381,1107130,1202.0,950.5,1,31108,2
391,1107031,1029.3714599609375,956.0142822265625,5,31082,0
391,1107032,1136.5,956.5,1,31082,1
391,1107033,991.5,955.75,2,31082,2
391,1107034,996.125,951.125,4,31082,3
391,1107035,982.0,956.5,1,31082,4
391,1107036,1139.25,957.75,2,31083,0
391,1107037,1053.971435546875,951.1571044921875,6,31083,1
391,1107038,987.5,949.0,1,31083,2
391,1107039,1206.5,949.75,2,31084,0
391,1107040,1159.0,926.0,1,31084,1
391,1107041,999.2083129882812,955.5,6,31085,0
391,1107042,981.0,956.4166870117188,2,31085,1
391,1107043,1136.5,956.5,1,31085,2
391,1107044,995.75,951.25,5,31085,3
391,1107045,982.0,956.5,1,31085,4
391,1107046,1015.8125,955.7916870117188,6,31086,0
391,1107047,1008.6666870117188,955.8333129882812,3,31086,1
391,1107048,1136.5,956.5,1,31086,2
391,1107049,994.5,951.75,2,31086,3
391,1107050,982.0,956.5,1,31086,4
391,1107051,981.0,956.4166870117188,2,31087,0
391,1107052,806.0,950.5,1,31087,1
391,1107053,964.1666870117188,956.5,5,31087,2
391,1107054,994.5833129882812,951.25,4,31087,3
391,1107055,982.0,956.5,1,31087,4
391,1107056,981.0,956.4166870117188,2,31088,0
391,1107057,999.2083129882812,955.5,6,31088,1
391,1107058,995.75,951.25,5,31088,2
391,1107059,982.0,956.5,1,31088,3
391,1107060,507.25,959.5,2,31089,0
391,1107061,999.2083129882812,955.5,6,31090,0
391,1107062,995.75,951.25,5,31090,1
391,1107063,981.0,956.4166870117188,2,31090,2
391,1107064,1136.5,956.5,1,31090,3
391,1107065,982.0,956.5,1,31090,4
391,1107066,627.0,957.5,1,31091,0
391,1107067,913.4583129882812,953.125,3,31092,0
391,1107068,967.25,956.5,2,31092,1
391,1107069,806.0,950.5,1,31092,2
391,1107070,982.0,956.5,1,31092,3
391,1107071,987.5,949.0,1,31092,4
391,1107072,507.25,959.5,2,31093,0
391,1107073,806.0,950.5,1,31093,1
391,1107074,995.75,951.25,5,31094,0
391,1107075,999.2083129882812,955.5,6,31094,1
391,1107076,981.0,956.4166870117188,2,31094,2
391,1107077,982.0,956.5,1,31094,3
391,1107078,1015.8125,955.7916870117188,6,31095,0
391,1107079,994.5,951.75,2,31095,1
391,1107080,1136.5,956.5,1,31095,2
391,1107081,1008.6666870117188,955.8333129882812,3,31095,3
391,1107082,891.75,951.25,2,31096,0
391,1107083,974.5,955.5,1,31096,1
391,1107084,806.0,950.5,1,31096,2
391,1107085,1121.75,940.5,2,31097,0
391,1107086,1321.4166259765625,935.9166870117188,3,31097,1
391,1107087,1182.1666259765625,951.8333129882812,2,31097,2
391,1107088,981.0,956.4166870117188,2,31098,0
391,1107089,806.0,950.5,1,31098,1
391,1107090,962.1666870117188,954.7708129882812,6,31098,2
391,1107091,982.0,956.5,1,31098,3
391,1107092,994.5833129882812,951.25,4,31098,4
391,1107093,984.0833129882812,956.0625,6,31099,0
391,1107094,982.0,956.5,1,31099,1
391,1107095,995.4166870117188,951.4166870117188,5,31099,2
391,1107096,981.0,956.4166870117188,2,31099,3
391,1107097,999.2083129882812,955.5,6,31100,0
391,1107098,982.0,956.5,1,31100,1
391,1107099,995.75,951.25,5,31100,2
391,1107100,981.0,956.4166870117188,2,31100,3
391,1107101,806.0,950.5,1,31101,0
391,1107102,967.25,956.5,2,31101,1
391,1107103,521.5,960.5,1,31101,2
391,1107104,982.0,956.5,1,31101,3
391,1107105,910.5,953.5,2,31101,4
391,1107106,1319.25,935.75,2,31102,0
391,1107107,1159.0,926.0,1,31102,1
391,1107108,982.0,956.5,1,31103,0
391,1107109,983.25,956.0625,6,31103,1
391,1107110,994.5,951.75,3,31103,2
391,1107111,981.0,956.4166870117188,3,31103,3
391,1107112,806.0,950.5,1,31103,4
391,1107113,1072.7750244140625,949.1749877929688,4,31104,0
391,1107114,1139.25,957.75,2,31104,1
391,1107115,964.1666870117188,956.5,5,31105,0
391,1107116,994.5833129882812,951.25,4,31105,1
391,1107117,981.0,956.4166870117188,2,31105,2
391,1107118,806.0,950.5,1,31105,3
391,1107119,982.0,956.5,1,31105,4
391,1107120,994.5,951.75,3,31106,0
391,1107121,991.7777709960938,955.952392578125,7,31106,1
391,1107122,1136.5,956.5,1,31106,2
391,1107123,981.0,956.4166870117188,3,31106,3
391,1107124,982.0,956.5,1,31106,4
391,1107125,1206.5,949.75,2,31107,0
391,1107126,1306.0,950.0,1,31107,1
391,1107127,1159.0,926.0,1,31107,2
391,1107128,1319.25,935.75,2,31108,0
391,1107129,1159.0,926.0,1,31108,1
391,1107130,1202.0,950.5,1,31108,2
401,1107031,1029.3714599609375,956.0142822265625,5,31082,0
401,1107032,1136.5,956.5,1,31082,1
401,1107033,991.5,955.75,2,31082,2
401,1107034,996.125,951.125,4,31082,3
401,1107035,982.0,956.5,1,31082,4
401,1107036,1139.25,957.75,2,31083,0
401,1107037,1053.971435546875,951.1571044921875,6,31083,1
401,1107038,987.5,949.0,1,31083,2
401,1107039,1206.5,949.75,2,31084,0
401,1107040,1159.0,926.0,1,31084,1
401,1107041,999.2083129882812,955.5,6,31085,0
401,1107042,981.0,956.4166870117188,2,31085,1
401,1107043,1136.5,956.5,1,31085,2
401,1107044,995.75,951.25,5,31085,3
401,1107045,982.0,956.5,1,31085,4
401,1107046,1015.8125,955.7916870117188,6,31086,0
401,1107047,1008.6666870117188,955.8333129882812,3,31086,1
401,1107048,1136.5,956.5,1,31086,2
401,1107049,994.5,951.75,2,31086,3
401,1107050,982.0,956.5,1,31086,4
401,1107051,981.0,956.4166870117188,2,31087,0
401,1107052,806.0,950.5,1,31087,1
401,1107053,964.1666870117188,956.5,5,31087,2
401,1107054,994.5833129882812,951.25,4,31087,3
401,1107055,982.0,956.5,1,31087,4
401,1107056,981.0,956.4166870117188,2,31088,0
401,1107057,999.2083129882812,955.5,6,31088,1
401,1107058,995.75,951.25,5,31088,2
401,1107059,982.0,956.5,1,31088,3
401,1107060,507.25,959.5,2,31089,0
401,1107061,999.2083129882812,955.5,6,31090,0
401,1107062,995.75,951.25,5,31090,1
401,1107063,981.0,956.4166870117188,2,31090,2
401,1107064,1136.5,956.5,1,31090,3
401,1107065,982.0,956.5,1,31090,4
401,1107066,627.0,957.5,1,31091,0
401,1107067,913.4583129882812,953.125,3,31092,0
401,1107068,967.25,956.5,2,31092,1
401,1107069,806.0,950.5,1,31092,2
401,1107070,982.0,956.5,1,31092,3
401,1107071,987.5,949.0,1,31092,4
401,1107072,507.25,959.5,2,31093,0
401,1107073,806.0,950.5,1,31093,1
401,1107074,995.75,951.25,5,31094,0
401,1107075,999.2083129882812,955.5,6,31094,1
401,1107076,981.0,956.4166870117188,2,31094,2
401,1107077,982.0,956.5,1,31094,3
401,1107078,1015.8125,955.7916870117188,6,31095,0
401,1107079,994.5,951.75,2,31095,1
401,1107080,1136.5,956.5,1,31095,2
401,1107081,1008.6666870117188,955.8333129882812,3,31095,3
401,1107082,891.75,951.25,2,31096,0
401,1107083,974.5,955.5,1,31096,1
401,1107084,806.0,950.5,1,31096,2
401,1107085,1121.75,940.5,2,31097,0
401,1107086,1321.4166259765625,935.9166870117188,3,31097,1
401,1107087,1182.1666259765625,951.8333129882812,2,31097,2
401,1107088,981.0,956.4166870117188,2,31098,0
401,1107089,806.0,950.5,1,31098,1
401,1107090,962.1666870117188,954.7708129882812,6,31098,2
401,1107091,982.0,956.5,1,31098,3
401,1107092,994.5833129882812,951.25,4,31098,4
401,1107093,984.0833129882812,956.0625,6,31099,0
401,1107094,982.0,956.5,1,31099,1
401,1107095,995.4166870117188,951.4166870117188,5,31099,2
401,1107096,981.0,956.4166870117188,2,31099,3
401,1107097,999.2083129882812,955.5,6,31100,0
401,1107098,982.0,956.5,1,31100,1
401,1107099,995.75,951.25,5,31100,2
401,1107100,981.0,956.4166870117188,2,31100,3
401,1107101,806.0,950.5,1,31101,0
401,1107102,967.25,956.5,2,31101,1
401,1107103,521.5,960.5,1,31101,2
401,1107104,982.0,956.5,1,31101,3
401,1107105,910.5,953.5,2,31101,4
401,1107106,1319.25,935.75,2,31102,0
401,1107107,1159.0,926.0,1,31102,1
401,1107108,982.0,956.5,1,31103,0
401,1107109,983.25,956.0625,6,31103,1
401,1107110,994.5,951.75,3,31103,2
401,1107111,981.0,956.4166870117188,3,31103,3
401,1107112,806.0,950.5,1,31103,4
401,1107113,1072.7750244140625,949.1749877929688,4,31104,0
401,1107114,1139.25,957.75,2,31104,1
401,1107115,964.1666870117188,956.5,5,31105,0
401,1107116,994.5833129882812,951.25,4,31105,1
401,1107117,981.0,956.4166870117188,2,31105,2
401,1107118,806.0,950.5,1,31105,3
401,1107119,982.0,956.5,1,31105,4
401,1107120,994.5,951.75,3,31106,0
401,1107121,991.7777709960938,955.952392578125,7,31106,1
401,1107122,1136.5,956.5,1,31106,2
401,1107123,981.0,956.4166870117188,3,31106,3
401,1107124,982.0,956.5,1,31106,4
401,1107125,1206.5,949.75,2,31107,0
401,1107126,1306.0,950.0,1,31107,1
401,1107127,1159.0,926.0,1,31107,2
401,1107128,1319.25,935.75,2,31108,0
401,1107129,1159.0,926.0,1,31108,1
401,1107130,1202.0,950.5,1,31108,2
411,1107031,1033.3714599609375,955.5142822265625,5,31082,0
411,1107032,1131.0,955.5,1,31082,1
411,1107033,993.6666870117188,954.5833129882812,3,31082,2
411,1107034,994.4583129882812,952.2916870117188,3,31082,3
411,1107035,977.5,955.5,1,31082,4
411,1107036,1143.25,957.0833129882812,3,31083,0
411,1107037,1056.271484375,950.55712890625,5,31083,1
411,1107038,992.0,947.0,1,31083,2
411,1107039,1204.5,949.0,2,31084,0
411,1107040,1156.5,923.5,1,31084,1
411,1107041,1001.00830078125,955.4000244140625,5,31085,0
411,1107042,976.25,954.9166870117188,2,31085,1
411,1107043,1131.0,955.5,1,31085,2
411,1107044,998.3333129882812,951.0833129882812,6,31085,3
411,1107045,977.5,955.5,1,31085,4
411,1107046,1015.8125,955.6917114257812,5,31086,0
411,1107047,1012.6666870117188,956.0,3,31086,1
411,1107048,1131.0,955.5,1,31086,2
411,1107049,996.75,951.5,2,31086,3
411,1107050,987.75,955.75,2,31086,4
411,1107051,976.25,954.9166870117188,2,31087,0
411,1107052,735.5,954.0,1,31087,1
411,1107053,963.0416870117188,956.5,4,31087,2
411,1107054,994.5833129882812,952.25,3,31087,3
411,1107055,982.0,955.0,2,31087,4
411,1107056,976.25,954.9166870117188,2,31088,0
411,1107057,1001.00830078125,955.4000244140625,5,31088,1
411,1107058,998.3333129882812,951.0833129882812,6,31088,2
411,1107059,977.5,955.5,1,31088,3
411,1107060,500.5,959.5,2,31089,0
411,1107061,1001.00830078125,955.4000244140625,5,31090,0
411,1107062,998.3333129882812,951.0833129882812,6,31090,1
411,1107063,976.25,954.9166870117188,2,31090,2
411,1107064,1131.0,955.5,1,31090,3
411,1107065,977.5,955.5,1,31090,4
411,1107066,718.5,910.5,1,31091,0
411,1107067,911.2083129882812,953.125,2,31092,0
411,1107068,961.75,955.5,2,31092,1
411,1107069,735.5,954.0,1,31092,2
411,1107070,977.5,955.5,1,31092,3
411,1107071,992.0,947.0,1,31092,4
411,1107072,500.5,959.5,2,31093,0
411,1107073,735.5,954.0,1,31093,1
411,1107074,998.3333129882812,951.0833129882812,6,31094,0
411,1107075,1001.00830078125,955.4000244140625,5,31094,1
411,1107076,976.25,954.9166870117188,2,31094,2
411,1107077,977.5,955.5,1,31094,3
411,1107078,1015.8125,955.6917114257812,5,31095,0
411,1107079,996.75,951.5,2,31095,1
411,1107080,1141.75,955.75,2,31095,2
411,1107081,1012.6666870117188,956.0,3,31095,3
411,1107082,889.5,951.25,2,31096,0
411,1107083,962.0,953.5,1,31096,1
411,1107084,735.5,954.0,1,31096,2
411,1107085,1120.75,939.5,2,31097,0
411,1107086,1319.9166259765625,935.6666870117188,2,31097,1
411,1107087,1179.1666259765625,951.3333129882812,2,31097,2
411,1107088,976.25,954.9166870117188,2,31098,0
411,1107089,773.25,952.75,2,31098,1
411,1107090,966.7916870117188,954.6458129882812,4,31098,2
411,1107091,982.0,955.0,2,31098,3
411,1107092,994.5833129882812,952.25,3,31098,4
411,1107093,984.9833374023438,955.7625122070312,5,31099,0
411,1107094,977.5,955.5,1,31099,1
411,1107095,995.3167114257812,951.7166748046875,5,31099,2
411,1107096,976.25,954.9166870117188,2,31099,3
411,1107097,1001.00830078125,955.4000244140625,5,31100,0
411,1107098,977.5,955.5,1,31100,1
411,1107099,998.3333129882812,951.0833129882812,6,31100,2
411,1107100,976.25,954.9166870117188,2,31100,3
411,1107101,735.5,954.0,1,31101,0
411,1107102,961.75,955.5,2,31101,1
411,1107103,516.0,960.5,1,31101,2
411,1107104,977.5,955.5,1,31101,3
411,1107105,908.25,953.5,2,31101,4
411,1107106,1318.0,936.5,2,31102,0
411,1107107,1156.5,923.5,1,31102,1
411,1107108,977.5,955.5,1,31103,0
411,1107109,984.6666870117188,955.8125,6,31103,1
411,1107110,994.8333129882812,951.9166870117188,3,31103,2
411,1107111,982.75,955.1666870117188,2,31103,3
411,1107112,735.5,954.0,1,31103,4
411,1107113,1077.441650390625,947.50830078125,3,31104,0
411,1107114,1136.75,957.5,2,31104,1
411,1107115,963.0416870117188,956.5,4,31105,0
411,1107116,994.5833129882812,952.25,3,31105,1
411,1107117,976.25,954.9166870117188,2,31105,2
411,1107118,735.5,954.0,1,31105,3
411,1107119,982.0,955.0,2,31105,4
411,1107120,994.8333129882812,951.9166870117188,3,31106,0
411,1107121,992.9920654296875,955.6666870117188,7,31106,1
411,1107122,1131.0,955.5,1,31106,2
411,1107123,982.75,955.1666870117188,2,31106,3
411,1107124,977.5,955.5,1,31106,4
411,1107125,1204.5,949.0,2,31107,0
411,1107126,1303.0,950.5,1,31107,1
411,1107127,1156.5,923.5,1,31107,2
411,1107128,1318.0,936.5,2,31108,0
411,1107129,1156.5,923.5,1,31108,1
411,1107130,1198.5,949.0,1,31108,2
431,1107131,1030.875,953.25,4,31109,0
431,1107132,1001.25,954.3333129882812,6,31109,1
431,1107133,681.5,954.0,1,31109,2
431,1107134,1151.0,955.0,2,31110,0
431,1107135,1288.9166259765625,945.9166870117188,6,31110,1
431,1107136,1018.7857055664062,954.3571166992188,7,31111,0
431,1107137,681.5,954.0,1,31111,1
431,1107138,1358.5,943.5,1,31111,2
431,1107139,1030.875,953.25,4,31111,3
431,1107140,1001.25,954.3333129882812,6,31112,0
431,1107141,681.5,954.0,1,31112,1
431,1107142,1022.0999755859375,953.9000244140625,5,31112,2
431,1107143,926.5,952.625,4,31113,0
431,1107144,681.5,954.0,1,31113,1
431,1107145,483.5,937.0,1,31113,2
431,1107146,287.5,762.5,1,31113,3
431,1107147,962.9166870117188,954.0,6,31113,4
431,1107148,1288.9166259765625,945.9166870117188,6,31114,0
431,1107149,1034.5,948.0,1,31114,1
431,1107150,1123.6666259765625,954.5,3,31114,2
431,1107151,1027.0,954.5999755859375,5,31115,0
431,1107152,1012.6666870117188,953.8333129882812,6,31115,1
431,1107153,1288.9166259765625,945.9166870117188,6,31116,0
431,1107154,1178.0,955.5,1,31116,1
431,1107155,364.0,961.5,1,31117,0
431,1107156,1022.0999755859375,953.9000244140625,5,31118,0
431,1107157,995.7857055664062,954.0714111328125,7,31118,1
431,1107158,681.5,954.0,1,31118,2
431,1107159,433.0,958.0,1,31119,0
431,1107160,483.5,937.0,1,31119,1
431,1107161,1012.6666870117188,953.8333129882812,6,31120,0
431,1107162,995.7857055664062,954.0714111328125,7,31120,1
431,1107163,681.5,954.0,1,31120,2
431,1107164,1022.0999755859375,953.9000244140625,5,31121,0
431,1107165,1358.5,943.5,1,31121,1
431,1107166,1056.300048828125,954.5,5,31121,2
431,1107167,978.0714111328125,953.0714111328125,7,31122,0
431,1107168,681.5,954.0,1,31122,1
431,1107169,976.8571166992188,953.8571166992188,7,31122,2
431,1107170,1288.9166259765625,945.9166870117188,6,31123,0
431,1107171,1151.0,955.0,2,31123,1
431,1107172,920.6666870117188,951.8333129882812,3,31124,0
431,1107173,909.5,951.8333129882812,3,31124,1
431,1107174,681.5,954.0,1,31124,2
431,1107175,483.5,937.0,1,31124,3
431,1107176,287.5,762.5,1,31124,4
431,1107177,951.7000122070312,953.7999877929688,5,31125,0
431,1107178,944.5999755859375,953.5,5,31125,1
431,1107179,681.5,954.0,1,31125,2
431,1107180,483.5,937.0,1,31125,3
431,1107181,287.5,762.5,1,31125,4
431,1107182,991.5,953.8333129882812,6,31126,0
431,1107183,970.6428833007812,953.5714111328125,7,31126,1
431,1107184,681.5,954.0,1,31126,2
431,1107185,1304.5,945.7000122070312,5,31127,0
431,1107186,1178.0,955.5,1,31127,1
431,1107187,937.25,953.0,4,31128,0
431,1107188,926.5,952.625,4,31128,1
431,1107189,681.5,954.0,1,31128,2
431,1107190,483.5,937.0,1,31128,3
431,1107191,287.5,762.5,1,31128,4
431,1107192,1123.6666259765625,954.5,3,31129,0
431,1107193,1261.75,946.875,4,31129,1
431,1107194,1034.5,948.0,1,31129,2
431,1107195,909.5,951.8333129882812,3,31130,0
431,1107196,681.5,954.0,1,31130,1
431,1107197,483.5,937.0,1,31130,2
431,1107198,937.25,953.0,4,31130,3
431,1107199,1001.25,954.3333129882812,6,31131,0
431,1107200,681.5,954.0,1,31131,1
431,1107201,1022.0999755859375,953.9000244140625,5,31131,2
431,1107202,1285.5,946.4000244140625,5,31132,0
431,1107203,1151.0,955.0,2,31132,1
431,1107204,1288.9166259765625,945.9166870117188,6,31133,0
431,1107205,1151.0,955.0,2,31133,1
431,1107206,995.7857055664062,954.0714111328125,7,31134,0
431,1107207,681.5,954.0,1,31134,1
431,1107208,995.8333129882812,954.6666870117188,6,31134,2
431,1107209,681.5,954.0,1,31135,0
431,1107210,287.5,762.5,1,31135,1
431,1107211,978.0714111328125,953.0714111328125,7,31135,2
431,1107212,976.8571166992188,953.8571166992188,7,31135,3
431,1107213,483.5,937.0,1,31136,0
431,1107214,287.5,762.5,1,31136,1
431,1107215,928.0,951.25,2,31136,2
431,1107216,433.0,958.0,1,31136,3
431,1107217,920.6666870117188,951.8333129882812,3,31136,4
431,1107218,287.5,762.5,1,31137,0
431,1107219,963.0,952.5,1,31137,1
431,1107220,681.5,954.0,1,31137,2
431,1107221,483.5,937.0,1,31137,3
431,1107222,920.6666870117188,951.8333129882812,3,31137,4
441,1107131,1030.875,953.25,4,31109,0
441,1107132,1001.25,954.3333129882812,6,31109,1
441,1107133,681.5,954.0,1,31109,2
441,1107134,1151.0,955.0,2,31110,0
441,1107135,1288.9166259765625,945.9166870117188,6,31110,1
441,1107136,1018.7857055664062,954.3571166992188,7,31111,0
441,1107137,681.5,954.0,1,31111,1
441,1107138,1358.5,943.5,1,31111,2
441,1107139,1030.875,953.25,4,31111,3
441,1107140,1001.25,954.3333129882812,6,31112,0
441,1107141,681.5,954.0,1,31112,1
441,1107142,1022.0999755859375,953.9000244140625,5,31112,2
441,1107143,926.5,952.625,4,31113,0
441,1107144,681.5,954.0,1,31113,1
441,1107145,483.5,937.0,1,31113,2
441,1107146,287.5,762.5,1,31113,3
441,1107147,962.9166870117188,954.0,6,31113,4
441,1107148,1288.9166259765625,945.9166870117188,6,31114,0
441,1107149,1034.5,948.0,1,31114,1
441,1107150,1123.6666259765625,954.5,3,31114,2
441,1107151,1027.0,954.5999755859375,5,31115,0
441,1107152,1012.6666870117188,953.8333129882812,6,31115,1
441,1107153,1288.9166259765625,945.9166870117188,6,31116,0
441,1107154,1178.0,955.5,1,31116,1
441,1107155,364.0,961.5,1,31117,0
441,1107156,1022.0999755859375,953.9000244140625,5,31118,0
441,1107157,995.7857055664062,954.0714111328125,7,31118,1
441,1107158,681.5,954.0,1,31118,2
441,1107159,433.0,958.0,1,31119,0
441,1107160,483.5,937.0,1,31119,1
441,1107161,1012.6666870117188,953.8333129882812,6,31120,0
441,1107162,995.7857055664062,954.0714111328125,7,31120,1
441,1107163,681.5,954.0,1,31120,2
441,1107164,1022.0999755859375,953.9000244140625,5,31121,0
441,1107165,1358.5,943.5,1,31121,1
441,1107166,1056.300048828125,954.5,5,31121,2
441,1107167,978.0714111328125,953.0714111328125,7,31122,0
441,1107168,681.5,954.0,1,31122,1
441,1107169,976.8571166992188,953.8571166992188,7,31122,2
441,1107170,1288.9166259765625,945.9166870117188,6,31123,0
441,1107171,1151.0,955.0,2,31123,1
441,1107172,920.6666870117188,951.8333129882812,3,31124,0
441,1107173,909.5,951.8333129882812,3,31124,1
441,1107174,681.5,954.0,1,31124,2
441,1107175,483.5,937.0,1,31124,3
441,1107176,287.5,762.5,1,31124,4
441,1107177,951.7000122070312,953.7999877929688,5,31125,0
441,1107178,944.5999755859375,953.5,5,31125,1
441,1107179,681.5,954.0,1,31125,2
441,1107180,483.5,937.0,1,31125,3
441,1107181,287.5,762.5,1,31125,4
441,1107182,991.5,953.8333129882812,6,31126,0
441,1107183,970.6428833007812,953.5714111328125,7,31126,1
441,1107184,681.5,954.0,1,31126,2
441,1107185,1304.5,945.7000122070312,5,31127,0
441,1107186,1178.0,955.5,1,31127,1
441,1107187,937.25,953.0,4,31128,0
441,1107188,926.5,952.625,4,31128,1
441,1107189,681.5,954.0,1,31128,2
441,1107190,483.5,937.0,1,31128,3
441,1107191,287.5,762.5,1,31128,4
441,1107192,1123.6666259765625,954.5,3,31129,0
441,1107193,1261.75,946.875,4,31129,1
441,1107194,1034.5,948.0,1,31129,2
441,1107195,909.5,951.8333129882812,3,31130,0
441,1107196,681.5,954.0,1,31130,1
441,1107197,483.5,937.0,1,31130,2
441,1107198,937.25,953.0,4,31130,3
441,1107199,1001.25,954.3333129882812,6,31131,0
441,1107200,681.5,954.0,1,31131,1
441,1107201,1022.0999755859375,953.9000244140625,5,31131,2
441,1107202,1285.5,946.4000244140625,5,31132,0
441,1107203,1151.0,955.0,2,31132,1
441,1107204,1288.9166259765625,945.9166870117188,6,31133,0
441,1107205,1151.0,955.0,2,31133,1
441,1107206,995.7857055664062,954.0714111328125,7,31134,0
441,1107207,681.5,954.0,1,31134,1
441,1107208,995.8333129882812,954.6666870117188,6,31134,2
441,1107209,681.5,954.0,1,31135,0
441,1107210,287.5,762.5,1,31135,1
441,1107211,978.0714111328125,953.0714111328125,7,31135,2
441,1107212,976.8571166992188,953.8571166992188,7,31135,3
441,1107213,483.5,937.0,1,31136,0
441,1107214,287.5,762.5,1,31136,1
441,1107215,928.0,951.25,2,31136,2
441,1107216,433.0,958.0,1,31136,3
441,1107217,920.6666870117188,951.8333129882812,3,31136,4
441,1107218,287.5,762.5,1,31137,0
441,1107219,963.0,952.5,1,31137,1
441,1107220,681.5,954.0,1,31137,2
441,1107221,483.5,937.0,1,31137,3
441,1107222,920.6666870117188,951.8333129882812,3,31137,4
451,1107131,1030.875,953.25,4,31109,0
451,1107132,1001.25,954.3333129882812,6,31109,1
451,1107133,681.5,954.0,1,31109,2
451,1107134,1151.0,955.0,2,31110,0
451,1107135,1288.9166259765625,945.9166870117188,6,31110,1
451,1107136,1018.7857055664062,954.3571166992188,7,31111,0
451,1107137,681.5,954.0,1,31111,1
451,1107138,1358.5,943.5,1,31111,2
451,1107139,1030.875,953.25,4,31111,3
451,1107140,1001.25,954.3333129882812,6,31112,0
451,1107141,681.5,954.0,1,31112,1
451,1107142,1022.0999755859375,953.9000244140625,5,31112,2
451,1107143,926.5,952.625,4,31113,0
451,1107144,681.5,954.0,1,31113,1
451,1107145,483.5,937.0,1,31113,2
451,1107146,287.5,762.5,1,31113,3
451,1107147,962.9166870117188,954.0,6,31113,4
451,1107148,1288.9166259765625,945.9166870117188,6,31114,0
451,1107149,1034.5,948.0,1,31114,1
451,1107150,1123.6666259765625,954.5,3,31114,2
451,1107151,1027.0,954.5999755859375,5,31115,0
451,1107152,1012.6666870117188,953.8333129882812,6,31115,1
451,1107153,1288.9166259765625,945.9166870117188,6,31116,0
451,1107154,1178.0,955.5,1,31116,1
451,1107155,364.0,961.5,1,31117,0
451,1107156,1022.0999755859375,953.9000244140625,5,31118,0
451,1107157,995.7857055664062,954.0714111328125,7,31118,1
451,1107158,681.5,954.0,1,31118,2
451,1107159,433.0,958.0,1,31119,0
451,1107160,483.5,937.0,1,31119,1
451,1107161,1012.6666870117188,953.8333129882812,6,31120,0
451,1107162,995.7857055664062,954.0714111328125,7,31120,1
451,1107163,681.5,954.0,1,31120,2
451,1107164,1022.0999755859375,953.9000244140625,5,31121,0
451,1107165,1358.5,943.5,1,31121,1
451,1107166,1056.300048828125,954.5,5,31121,2
451,1107167,978.0714111328125,953.0714111328125,7,31122,0
451,1107168,681.5,954.0,1,31122,1
451,1107169,976.8571166992188,953.8571166992188,7,31122,2
451,1107170,1288.9166259765625,945.9166870117188,6,31123,0
451,1107171,1151.0,955.0,2,31123,1
451,1107172,920.6666870117188,951.8333129882812,3,31124,0
451,1107173,909.5,951.8333129882812,3,31124,1
451,1107174,681.5,954.0,1,31124,2
451,1107175,483.5,937.0,1,31124,3
451,1107176,287.5,762.5,1,31124,4
451,1107177,951.7000122070312,953.7999877929688,5,31125,0
451,1107178,944.5999755859375,953.5,5,31125,1
451,1107179,681.5,954.0,1,31125,2
451,1107180,483.5,937.0,1,31125,3
451,1107181,287.5,762.5,1,31125,4
451,1107182,991.5,953.8333129882812,6,31126,0
451,1107183,970.6428833007812,953.5714111328125,7,31126,1
451,1107184,681.5,954.0,1,31126,2
451,1107185,1304.5,945.7000122070312,5,31127,0
451,1107186,1178.0,955.5,1,31127,1
451,1107187,937.25,953.0,4,31128,0
451,1107188,926.5,952.625,4,31128,1
451,1107189,681.5,954.0,1,31128,2
451,1107190,483.5,937.0,1,31128,3
451,1107191,287.5,762.5,1,31128,4
451,1107192,1123.6666259765625,954.5,3,31129,0
451,1107193,1261.75,946.875,4,31129,1
451,1107194,1034.5,948.0,1,31129,2
451,1107195,909.5,951.8333129882812,3,31130,0
451,1107196,681.5,954.0,1,31130,1
451,1107197,483.5,937.0,1,31130,2
451,1107198,937.25,953.0,4,31130,3
451,1107199,1001.25,954.3333129882812,6,31131,0
451,1107200,681.5,954.0,1,31131,1
451,1107201,1022.0999755859375,953.9000244140625,5,31131,2
451,1107202,1285.5,946.4000244140625,5,31132,0
451,1107203,1151.0,955.0,2,31132,1
451,1107204,1288.9166259765625,945.9166870117188,6,31133,0
451,1107205,1151.0,955.0,2,31133,1
451,1107206,995.7857055664062,954.0714111328125,7,31134,0
451,1107207,681.5,954.0,1,31134,1
451,1107208,995.8333129882812,954.6666870117188,6,31134,2
451,1107209,681.5,954.0,1,31135,0
451,1107210,287.5,762.5,1,31135,1
451,1107211,978.0714111328125,953.0714111328125,7,31135,2
451,1107212,976.8571166992188,953.8571166992188,7,31135,3
451,1107213,483.5,937.0,1,31136,0
451,1107214,287.5,762.5,1,31136,1
451,1107215,928.0,951.25,2,31136,2
451,1107216,433.0,958.0,1,31136,3
451,1107217,920.6666870117188,951.8333129882812,3,31136,4
451,1107218,287.5,762.5,1,31137,0
451,1107219,963.0,952.5,1,31137,1
451,1107220,681.5,954.0,1,31137,2
451,1107221,483.5,937.0,1,31137,3
451,1107222,920.6666870117188,951.8333129882812,3,31137,4
461,1107131,1030.875,953.25,4,31109,0
461,1107132,1001.25,954.3333129882812,6,31109,1
461,1107133,681.5,954.0,1,31109,2
461,1107134,1151.0,955.0,2,31110,0
461,1107135,1288.9166259765625,945.9166870117188,6,31110,1
461,1107136,1018.7857055664062,954.3571166992188,7,31111,0
461,1107137,681.5,954.0,1,31111,1
461,1107138,1358.5,943.5,1,31111,2
461,1107139,1030.875,953.25,4,31111,3
461,1107140,1001.25,954.3333129882812,6,31112,0
461,1107141,681.5,954.0,1,31112,1
461,1107142,1022.0999755859375,953.9000244140625,5,31112,2
461,1107143,926.5,952.625,4,31113,0
461,1107144,681.5,954.0,1,31113,1
461,1107145,483.5,937.0,1,31113,2
461,1107146,287.5,762.5,1,31113,3
461,1107147,962.9166870117188,954.0,6,31113,4
461,1107148,1288.9166259765625,945.9166870117188,6,31114,0
461,1107149,1034.5,948.0,1,31114,1
461,1107150,1123.6666259765625,954.5,3,31114,2
461,1107151,1027.0,954.5999755859375,5,31115,0
461,1107152,1012.6666870117188,953.8333129882812,6,31115,1
461,1107153,1288.9166259765625,945.9166870117188,6,31116,0
461,1107154,1178.0,955.5,1,31116,1
461,1107155,364.0,961.5,1,31117,0
461,1107156,1022.0999755859375,953.9000244140625,5,31118,0
461,1107157,995.7857055664062,954.0714111328125,7,31118,1
461,1107158,681.5,954.0,1,31118,2
461,1107159,433.0,958.0,1,31119,0
461,1107160,483.5,937.0,1,31119,1
461,1107161,1012.6666870117188,953.8333129882812,6,31120,0
461,1107162,995.7857055664062,954.0714111328125,7,31120,1
461,1107163,681.5,954.0,1,31120,2
461,1107164,1022.0999755859375,953.9000244140625,5,31121,0
461,1107165,1358.5,943.5,1,31121,1
461,1107166,1056.300048828125,954.5,5,31121,2
461,1107167,978.0714111328125,953.0714111328125,7,31122,0
461,1107168,681.5,954.0,1,31122,1
461,1107169,976.8571166992188,953.8571166992188,7,31122,2
461,1107170,1288.9166259765625,945.9166870117188,6,31123,0
461,1107171,1151.0,955.0,2,31123,1
461,1107172,920.6666870117188,951.8333129882812,3,31124,0
461,1107173,909.5,951.8333129882812,3,31124,1
461,1107174,681.5,954.0,1,31124,2
461,1107175,483.5,937.0,1,31124,3
461,1107176,287.5,762.5,1,31124,4
461,1107177,951.7000122070312,953.7999877929688,5,31125,0
461,1107178,944.5999755859375,953.5,5,31125,1
461,1107179,681.5,954.0,1,31125,2
461,1107180,483.5,937.0,1,31125,3
461,1107181,287.5,762.5,1,31125,4
461,1107182,991.5,953.8333129882812,6,31126,0
461,1107183,970.6428833007812,953.5714111328125,7,31126,1
461,1107184,681.5,954.0,1,31126,2
461,1107185,1304.5,945.7000122070312,5,31127,0
461,1107186,1178.0,955.5,1,31127,1
461,1107187,937.25,953.0,4,31128,0
461,1107188,926.5,952.625,4,31128,1
461,1107189,681.5,954.0,1,31128,2
461,1107190,483.5,937.0,1,31128,3
461,1107191,287.5,762.5,1,31128,4
461,1107192,1123.6666259765625,954.5,3,31129,0
461,1107193,1261.75,946.875,4,31129,1
461,1107194,1034.5,948.0,1,31129,2
461,1107195,909.5,951.8333129882812,3,31130,0
461,1107196,681.5,954.0,1,31130,1
461,1107197,483.5,937.0,1,31130,2
461,1107198,937.25,953.0,4,31130,3
461,1107199,1001.25,954.3333129882812,6,31131,0
461,1107200,681.5,954.0,1,31131,1
461,1107201,1022.0999755859375,953.9000244140625,5,31131,2
461,1107202,1285.5,946.4000244140625,5,31132,0
461,1107203,1151.0,955.0,2,31132,1
461,1107204,1288.9166259765625,945.9166870117188,6,31133,0
461,1107205,1151.0,955.0,2,31133,1
461,1107206,995.7857055664062,954.0714111328125,7,31134,0
461,1107207,681.5,954.0,1,31134,1
461,1107208,995.8333129882812,954.6666870117188,6,31134,2
461,1107209,681.5,954.0,1,31135,0
461,1107210,287.5,762.5,1,31135,1
461,1107211,978.0714111328125,953.0714111328125,7,31135,2
461,1107212,976.8571166992188,953.8571166992188,7,31135,3
461,1107213,483.5,937.0,1,31136,0
461,1107214,287.5,762.5,1,31136,1
461,1107215,928.0,951.25,2,31136,2
461,1107216,433.0,958.0,1,31136,3
461,1107217,920.6666870117188,951.8333129882812,3,31136,4
461,1107218,287.5,762.5,1,31137,0
461,1107219,963.0,952.5,1,31137,1
461,1107220,681.5,954.0,1,31137,2
461,1107221,483.5,937.0,1,31137,3
461,1107222,920.6666870117188,951.8333129882812,3,31137,4
471,1107131,1030.875,953.25,4,31109,0
471,1107132,1001.25,954.3333129882812,6,31109,1
471,1107133,681.5,954.0,1,31109,2
471,1107134,1151.0,955.0,2,31110,0
471,1107135,1288.9166259765625,945.9166870117188,6,31110,1
471,1107136,1018.7857055664062,954.3571166992188,7,31111,0
471,1107137,681.5,954.0,1,31111,1
471,1107138,1358.5,943.5,1,31111,2
471,1107139,1030.875,953.25,4,31111,3
471,1107140,1001.25,954.3333129882812,6,31112,0
471,1107141,681.5,954.0,1,31112,1
471,1107142,1022.0999755859375,953.9000244140625,5,31112,2
471,1107143,926.5,952.625,4,31113,0
471,1107144,681.5,954.0,1,31113,1
471,1107145,483.5,937.0,1,31113,2
471,1107146,287.5,762.5,1,31113,3
471,1107147,962.9166870117188,954.0,6,31113,4
471,1107148,1288.9166259765625,945.9166870117188,6,31114,0
471,1107149,1034.5,948.0,1,31114,1
471,1107150,1123.6666259765625,954.5,3,31114,2
471,1107151,1027.0,954.5999755859375,5,31115,0
471,1107152,1012.6666870117188,953.8333129882812,6,31115,1
471,1107153,1288.9166259765625,945.9166870117188,6,31116,0
471,1107154,1178.0,955.5,1,31116,1
471,1107155,364.0,961.5,1,31117,0
471,1107156,1022.0999755859375,953.9000244140625,5,31118,0
471,1107157,995.7857055664062,954.0714111328125,7,31118,1
471,1107158,681.5,954.0,1,31118,2
471,1107159,433.0,958.0,1,31119,0
471,1107160,483.5,937.0,1,31119,1
471,1107161,1012.6666870117188,953.8333129882812,6,31120,0
471,1107162,995.7857055664062,954.0714111328125,7,31120,1
471,1107163,681.5,954.0,1,31120,2
471,1107164,1022.0999755859375,953.9000244140625,5,31121,0
471,1107165,1358.5,943.5,1,31121,1
471,1107166,1056.300048828125,954.5,5,31121,2
471,1107167,978.0714111328125,953.0714111328125,7,31122,0
471,1107168,681.5,954.0,1,31122,1
471,1107169,976.8571166992188,953.8571166992188,7,31122,2
471,1107170,1288.9166259765625,945.9166870117188,6,31123,0
471,1107171,1151.0,955.0,2,31123,1
471,1107172,920.6666870117188,951.8333129882812,3,31124,0
471,1107173,909.5,951.8333129882812,3,31124,1
471,1107174,681.5,954.0,1,31124,2
471,1107175,483.5,937.0,1,31124,3
471,1107176,287.5,762.5,1,31124,4
471,1107177,951.7000122070312,953.7999877929688,5,31125,0
471,1107178,944.5999755859375,953.5,5,31125,1
471,1107179,681.5,954.0,1,31125,2
471,1107180,483.5,937.0,1,31125,3
471,1107181,287.5,762.5,1,31125,4
471,1107182,991.5,953.8333129882812,6,31126,0
471,1107183,970.6428833007812,953.5714111328125,7,31126,1
471,1107184,681.5,954.0,1,31126,2
471,1107185,1304.5,945.7000122070312,5,31127,0
471,1107186,1178.0,955.5,1,31127,1
471,1107187,937.25,953.0,4,31128,0
471,1107188,926.5,952.625,4,31128,1
471,1107189,681.5,954.0,1,31128,2
471,1107190,483.5,937.0,1,31128,3
471,1107191,287.5,762.5,1,31128,4
471,1107192,1123.6666259765625,954.5,3,31129,0
471,1107193,1261.75,946.875,4,31129,1
471,1107194,1034.5,948.0,1,31129,2
471,1107195,909.5,951.8333129882812,3,31130,0
471,1107196,681.5,954.0,1,31130,1
471,1107197,483.5,937.0,1,31130,2
471,1107198,937.25,953.0,4,31130,3
471,1107199,1001.25,954.3333129882812,6,31131,0
471,1107200,681.5,954.0,1,31131,1
471,1107201,1022.0999755859375,953.9000244140625,5,31131,2
471,1107202,1285.5,946.4000244140625,5,31132,0
471,1107203,1151.0,955.0,2,31132,1
471,1107204,1288.9166259765625,945.9166870117188,6,31133,0
471,1107205,1151.0,955.0,2,31133,1
471,1107206,995.7857055664062,954.0714111328125,7,31134,0
471,1107207,681.5,954.0,1,31134,1
471,1107208,995.8333129882812,954.6666870117188,6,31134,2
471,1107209,681.5,954.0,1,31135,0
471,1107210,287.5,762.5,1,31135,1
471,1107211,978.0714111328125,953.0714111328125,7,31135,2
471,1107212,976.8571166992188,953.8571166992188,7,31135,3
471,1107213,483.5,937.0,1,31136,0
471,1107214,287.5,762.5,1,31136,1
471,1107215,928.0,951.25,2,31136,2
471,1107216,433.0,958.0,1,31136,3
471,1107217,920.6666870117188,951.8333129882812,3,31136,4
471,1107218,287.5,762.5,1,31137,0
471,1107219,963.0,952.5,1,31137,1
471,1107220,681.5,954.0,1,31137,2
471,1107221,483.5,937.0,1,31137,3
471,1107222,920.6666870117188,951.8333129882812,3,31137,4
481,1107131,1030.875,953.25,4,31109,0
481,1107132,1001.25,954.3333129882812,6,31109,1
481,1107133,681.5,954.0,1,31109,2
481,1107134,1151.0,955.0,2,31110,0
481,1107135,1288.9166259765625,945.9166870117188,6,31110,1
481,1107136,1018.7857055664062,954.3571166992188,7,31111,0
481,1107137,681.5,954.0,1,31111,1
481,1107138,1358.5,943.5,1,31111,2
481,1107139,1030.875,953.25,4,31111,3
481,1107140,1001.25,954.3333129882812,6,31112,0
481,1107141,681.5,954.0,1,31112,1
481,1107142,1022.0999755859375,953.9000244140625,5,31112,2
481,1107143,926.5,952.625,4,31113,0
481,1107144,681.5,954.0,1,31113,1
481,1107145,483.5,937.0,1,31113,2
481,1107146,287.5,762.5,1,31113,3
481,1107147,962.9166870117188,954.0,6,31113,4
481,1107148,1288.9166259765625,945.9166870117188,6,31114,0
481,1107149,1034.5,948.0,1,31114,1
481,1107150,1123.6666259765625,954.5,3,31114,2
481,1107151,1027.0,954.5999755859375,5,31115,0
481,1107152,1012.6666870117188,953.8333129882812,6,31115,1
481,1107153,1288.9166259765625,945.9166870117188,6,31116,0
481,1107154,1178.0,955.5,1,31116,1
481,1107155,364.0,961.5,1,31117,0
481,1107156,1022.0999755859375,953.9000244140625,5,31118,0
481,1107157,995.7857055664062,954.0714111328125,7,31118,1
481,1107158,681.5,954.0,1,31118,2
481,1107159,433.0,958.0,1,31119,0
481,1107160,483.5,937.0,1,31119,1
481,1107161,1012.6666870117188,953.8333129882812,6,31120,0
481,1107162,995.7857055664062,954.0714111328125,7,31120,1
481,1107163,681.5,954.0,1,31120,2
481,1107164,1022.0999755859375,953.9000244140625,5,31121,0
481,1107165,1358.5,943.5,1,31121,1
481,1107166,1056.300048828125,954.5,5,31121,2
481,1107167,978.0714111328125,953.0714111328125,7,31122,0
481,1107168,681.5,954.0,1,31122,1
481,1107169,976.8571166992188,953.8571166992188,7,31122,2
481,1107170,1288.9166259765625,945.9166870117188,6,31123,0
481,1107171,1151.0,955.0,2,31123,1
481,1107172,920.6666870117188,951.8333129882812,3,31124,0
481,1107173,909.5,951.8333129882812,3,31124,1
481,1107174,681.5,954.0,1,31124,2
481,1107175,483.5,937.0,1,31124,3
481,1107176,287.5,762.5,1,31124,4
481,1107177,951.7000122070312,953.7999877929688,5,31125,0
481,1107178,944.5999755859375,953.5,5,31125,1
481,1107179,681.5,954.0,1,31125,2
481,1107180,483.5,937.0,1,31125,3
481,1107181,287.5,762.5,1,31125,4
481,1107182,991.5,953.8333129882812,6,31126,0
481,1107183,970.6428833007812,953.5714111328125,7,31126,1
481,1107184,681.5,954.0,1,31126,2
481,1107185,1304.5,945.7000122070312,5,31127,0
481,1107186,1178.0,955.5,1,31127,1
481,1107187,937.25,953.0,4,31128,0
481,1107188,926.5,952.625,4,31128,1
481,1107189,681.5,954.0,1,31128,2
481,1107190,483.5,937.0,1,31128,3
481,1107191,287.5,762.5,1,31128,4
481,1107192,1123.6666259765625,954.5,3,31129,0
481,1107193,1261.75,946.875,4,31129,1
481,1107194,1034.5,948.0,1,31129,2
481,1107195,909.5,951.8333129882812,3,31130,0
481,1107196,681.5,954.0,1,31130,1
481,1107197,483.5,937.0,1,31130,2
481,1107198,937.25,953.0,4,31130,3
481,1107199,1001.25,954.3333129882812,6,31131,0
481,1107200,681.5,954.0,1,31131,1
481,1107201,1022.0999755859375,953.9000244140625,5,31131,2
481,1107202,1285.5,946.4000244140625,5,31132,0
481,1107203,1151.0,955.0,2,31132,1
481,1107204,1288.9166259765625,945.9166870117188,6,31133,0
481,1107205,1151.0,955.0,2,31133,1
481,1107206,995.7857055664062,954.0714111328125,7,31134,0
481,1107207,681.5,954.0,1,31134,1
481,1107208,995.8333129882812,954.6666870117188,6,31134,2
481,1107209,681.5,954.0,1,31135,0
481,1107210,287.5,762.5,1,31135,1
481,1107211,978.0714111328125,953.0714111328125,7,31135,2
481,1107212,976.8571166992188,953.8571166992188,7,31135,3
481,1107213,483.5,937.0,1,31136,0
481,1107214,287.5,762.5,1,31136,1
481,1107215,928.0,951.25,2,31136,2
481,1107216,433.0,958.0,1,31136,3
481,1107217,920.6666870117188,951.8333129882812,3,31136,4
481,1107218,287.5,762.5,1,31137,0
481,1107219,963.0,952.5,1,31137,1
481,1107220,681.5,954.0,1,31137,2
481,1107221,483.5,937.0,1,31137,3
481,1107222,920.6666870117188,951.8333129882812,3,31137,4
491,1107131,1030.875,953.25,4,31109,0
491,1107132,1001.25,954.3333129882812,6,31109,1
491,1107133,681.5,954.0,1,31109,2
491,1107134,1151.0,955.0,2,31110,0
491,1107135,1288.9166259765625,945.9166870117188,6,31110,1
491,1107136,1018.7857055664062,954.3571166992188,7,31111,0
491,1107137,681.5,954.0,1,31111,1
491,1107138,1358.5,943.5,1,31111,2
491,1107139,1030.875,953.25,4,31111,3
491,1107140,1001.25,954.3333129882812,6,31112,0
491,1107141,681.5,954.0,1,31112,1
491,1107142,1022.0999755859375,953.9000244140625,5,31112,2
491,1107143,926.5,952.625,4,31113,0
491,1107144,681.5,954.0,1,31113,1
491,1107145,483.5,937.0,1,31113,2
491,1107146,287.5,762.5,1,31113,3
491,1107147,962.9166870117188,954.0,6,31113,4
491,1107148,1288.9166259765625,945.9166870117188,6,31114,0
491,1107149,1034.5,948.0,1,31114,1
491,1107150,1123.6666259765625,954.5,3,31114,2
491,1107151,1027.0,954.5999755859375,5,31115,0
491,1107152,1012.6666870117188,953.8333129882812,6,31115,1
491,1107153,1288.9166259765625,945.9166870117188,6,31116,0
491,1107154,1178.0,955.5,1,31116,1
491,1107155,364.0,961.5,1,31117,0
491,1107156,1022.0999755859375,953.9000244140625,5,31118,0
491,1107157,995.7857055664062,954.0714111328125,7,31118,1
491,1107158,681.5,954.0,1,31118,2
491,1107159,433.0,958.0,1,31119,0
491,1107160,483.5,937.0,1,31119,1
491,1107161,1012.6666870117188,953.8333129882812,6,31120,0
491,1107162,995.7857055664062,954.0714111328125,7,31120,1
491,1107163,681.5,954.0,1,31120,2
491,1107164,1022.0999755859375,953.9000244140625,5,31121,0
491,1107165,1358.5,943.5,1,31121,1
491,1107166,1056.300048828125,954.5,5,31121,2
491,1107167,978.0714111328125,953.0714111328125,7,31122,0
491,1107168,681.5,954.0,1,31122,1
491,1107169,976.8571166992188,953.8571166992188,7,31122,2
491,1107170,1288.9166259765625,945.9166870117188,6,31123,0
491,1107171,1151.0,955.0,2,31123,1
491,1107172,920.6666870117188,951.8333129882812,3,31124,0
491,1107173,909.5,951.8333129882812,3,31124,1
491,1107174,681.5,954.0,1,31124,2
491,1107175,483.5,937.0,1,31124,3
491,1107176,287.5,762.5,1,31124,4
491,1107177,951.7000122070312,953.7999877929688,5,31125,0
491,1107178,944.5999755859375,953.5,5,31125,1
491,1107179,681.5,954.0,1,31125,2
491,1107180,483.5,937.0,1,31125,3
491,1107181,287.5,762.5,1,31125,4
491,1107182,991.5,953.8333129882812,6,31126,0
491,1107183,970.6428833007812,953.5714111328125,7,31126,1
491,1107184,681.5,954.0,1,31126,2
491,1107185,1304.5,945.7000122070312,5,31127,0
491,1107186,1178.0,955.5,1,31127,1
491,1107187,937.25,953.0,4,31128,0
491,1107188,926.5,952.625,4,31128,1
491,1107189,681.5,954.0,1,31128,2
491,1107190,483.5,937.0,1,31128,3
491,1107191,287.5,762.5,1,31128,4
491,1107192,1123.6666259765625,954.5,3,31129,0
491,1107193,1261.75,946.875,4,31129,1
491,1107194,1034.5,948.0,1,31129,2
491,1107195,909.5,951.8333129882812,3,31130,0
491,1107196,681.5,954.0,1,31130,1
491,1107197,483.5,937.0,1,31130,2
491,1107198,937.25,953.0,4,31130,3
491,1107199,1001.25,954.3333129882812,6,31131,0
491,1107200,681.5,954.0,1,31131,1
491,1107201,1022.0999755859375,953.9000244140625,5,31131,2
491,1107202,1285.5,946.4000244140625,5,31132,0
491,1107203,1151.0,955.0,2,31132,1
491,1107204,1288.9166259765625,945.9166870117188,6,31133,0
491,1107205,1151.0,955.0,2,31133,1
491,1107206,995.7857055664062,954.0714111328125,7,31134,0
491,1107207,681.5,954.0,1,31134,1
491,1107208,995.8333129882812,954.6666870117188,6,31134,2
491,1107209,681.5,954.0,1,31135,0
491,1107210,287.5,762.5,1,31135,1
491,1107211,978.0714111328125,953.0714111328125,7,31135,2
491,1107212,976.8571166992188,953.8571166992188,7,31135,3
491,1107213,483.5,937.0,1,31136,0
491,1107214,287.5,762.5,1,31136,1
491,1107215,928.0,951.25,2,31136,2
491,1107216,433.0,958.0,1,31136,3
491,1107217,920.6666870117188,951.8333129882812,3,31136,4
491,1107218,287.5,762.5,1,31137,0
491,1107219,963.0,952.5,1,31137,1
491,1107220,681.5,954.0,1,31137,2
491,1107221,483.5,937.0,1,31137,3
491,1107222,920.6666870117188,951.8333129882812,3,31137,4
501,1107131,1030.875,953.25,4,31109,0
501,1107132,1001.25,954.3333129882812,6,31109,1
501,1107133,681.5,954.0,1,31109,2
501,1107134,1151.0,955.0,2,31110,0
501,1107135,1288.9166259765625,945.9166870117188,6,31110,1
501,1107136,1018.7857055664062,954.3571166992188,7,31111,0
501,1107137,681.5,954.0,1,31111,1
501,1107138,1358.5,943.5,1,31111,2
501,1107139,1030.875,953.25,4,31111,3
501,1107140,1001.25,954.3333129882812,6,31112,0
501,1107141,681.5,954.0,1,31112,1
501,1107142,1022.0999755859375,953.9000244140625,5,31112,2
501,1107143,926.5,952.625,4,31113,0
501,1107144,681.5,954.0,1,31113,1
501,1107145,483.5,937.0,1,31113,2
501,1107146,287.5,762.5,1,31113,3
501,1107147,962.9166870117188,954.0,6,31113,4
501,1107148,1288.9166259765625,945.9166870117188,6,31114,0
501,1107149,1034.5,948.0,1,31114,1
501,1107150,1123.6666259765625,954.5,3,31114,2
501,1107151,1027.0,954.5999755859375,5,31115,0
501,1107152,1012.6666870117188,953.8333129882812,6,31115,1
501,1107153,1288.9166259765625,945.9166870117188,6,31116,0
501,1107154,1178.0,955.5,1,31116,1
501,1107155,364.0,961.5,1,31117,0
501,1107156,1022.0999755859375,953.9000244140625,5,31118,0
501,1107157,995.7857055664062,954.0714111328125,7,31118,1
501,1107158,681.5,954.0,1,31118,2
501,1107159,433.0,958.0,1,31119,0
501,1107160,483.5,937.0,1,31119,1
501,1107161,1012.6666870117188,953.8333129882812,6,31120,0
501,1107162,995.7857055664062,954.0714111328125,7,31120,1
501,1107163,681.5,954.0,1,31120,2
501,1107164,1022.0999755859375,953.9000244140625,5,31121,0
501,1107165,1358.5,943.5,1,31121,1
501,1107166,1056.300048828125,954.5,5,31121,2
501,1107167,978.0714111328125,953.0714111328125,7,31122,0
501,1107168,681.5,954.0,1,31122,1
501,1107169,976.8571166992188,953.8571166992188,7,31122,2
501,1107170,1288.9166259765625,945.9166870117188,6,31123,0
501,1107171,1151.0,955.0,2,31123,1
501,1107172,920.6666870117188,951.8333129882812,3,31124,0
501,1107173,909.5,951.8333129882812,3,31124,1
501,1107174,681.5,954.0,1,31124,2
501,1107175,483.5,937.0,1,31124,3
501,1107176,287.5,762.5,1,31124,4
501,1107177,951.7000122070312,953.7999877929688,5,31125,0
501,1107178,944.5999755859375,953.5,5,31125,1
501,1107179,681.5,954.0,1,31125,2
501,1107180,483.5,937.0,1,31125,3
501,1107181,287.5,762.5,1,31125,4
501,1107182,991.5,953.8333129882812,6,31126,0
501,1107183,970.6428833007812,953.5714111328125,7,31126,1
501,1107184,681.5,954.0,1,31126,2
501,1107185,1304.5,945.7000122070312,5,31127,0
501,1107186,1178.0,955.5,1,31127,1
501,1107187,937.25,953.0,4,31128,0
501,1107188,926.5,952.625,4,31128,1
501,1107189,681.5,954.0,1,31128,2
501,1107190,483.5,937.0,1,31128,3
501,1107191,287.5,762.5,1,31128,4
501,1107192,1123.6666259765625,954.5,3,31129,0
501,1107193,1261.75,946.875,4,31129,1
501,1107194,1034.5,948.0,1,31129,2
501,1107195,909.5,951.8333129882812,3,31130,0
501,1107196,681.5,954.0,1,31130,1
501,1107197,483.5,937.0,1,31130,2
501,1107198,937.25,953.0,4,31130,3
501,1107199,1001.25,954.3333129882812,6,31131,0
501,1107200,681.5,954.0,1,31131,1
501,1107201,1022.0999755859375,953.9000244140625,5,31131,2
501,1107202,1285.5,946.4000244140625,5,31132,0
501,1107203,1151.0,955.0,2,31132,1
501,1107204,1288.9166259765625,945.9166870117188,6,31133,0
501,1107205,1151.0,955.0,2,31133,1
501,1107206,995.7857055664062,954.0714111328125,7,31134,0
501,1107207,681.5,954.0,1,31134,1
501,1107208,995.8333129882812,954.6666870117188,6,31134,2
501,1107209,681.5,954.0,1,31135,0
501,1107210,287.5,762.5,1,31135,1
501,1107211,978.0714111328125,953.0714111328125,7,31135,2
501,1107212,976.8571166992188,953.8571166992188,7,31135,3
501,1107213,483.5,937.0,1,31136,0
501,1107214,287.5,762.5,1,31136,1
501,1107215,928.0,951.25,2,31136,2
501,1107216,433.0,958.0,1,31136,3
501,1107217,920.6666870117188,951.8333129882812,3,31136,4
501,1107218,287.5,762.5,1,31137,0
501,1107219,963.0,952.5,1,31137,1
501,1107220,681.5,954.0,1,31137,2
501,1107221,483.5,937.0,1,31137,3
501,1107222,920.6666870117188,951.8333129882812,3,31137,4
511,1107131,1030.875,953.25,4,31109,0
511,1107132,1001.25,954.3333129882812,6,31109,1
511,1107133,681.5,954.0,1,31109,2
511,1107134,1151.0,955.0,2,31110,0
511,1107135,1288.9166259765625,945.9166870117188,6,31110,1
511,1107136,1018.7857055664062,954.3571166992188,7,31111,0
511,1107137,681.5,954.0,1,31111,1
511,1107138,1358.5,943.5,1,31111,2
511,1107139,1030.875,953.25,4,31111,3
511,1107140,1001.25,954.3333129882812,6,31112,0
511,1107141,681.5,954.0,1,31112,1
511,1107142,1022.0999755859375,953.9000244140625,5,31112,2
511,1107143,926.5,952.625,4,31113,0
511,1107144,681.5,954.0,1,31113,1
511,1107145,483.5,937.0,1,31113,2
511,1107146,287.5,762.5,1,31113,3
511,1107147,962.9166870117188,954.0,6,31113,4
511,1107148,1288.9166259765625,945.9166870117188,6,31114,0
511,1107149,1034.5,948.0,1,31114,1
511,1107150,1123.6666259765625,954.5,3,31114,2
511,1107151,1027.0,954.5999755859375,5,31115,0
511,1107152,1012.6666870117188,953.8333129882812,6,31115,1
511,1107153,1288.9166259765625,945.9166870117188,6,31116,0
511,1107154,1178.0,955.5,1,31116,1
511,1107155,364.0,961.5,1,31117,0
511,1107156,1022.0999755859375,953.9000244140625,5,31118,0
511,1107157,995.7857055664062,954.0714111328125,7,31118,1
511,1107158,681.5,954.0,1,31118,2
511,1107159,433.0,958.0,1,31119,0
511,1107160,483.5,937.0,1,31119,1
511,1107161,1012.6666870117188,953.8333129882812,6,31120,0
511,1107162,995.7857055664062,954.0714111328125,7,31120,1
511,1107163,681.5,954.0,1,31120,2
511,1107164,1022.0999755859375,953.9000244140625,5,31121,0
511,1107165,1358.5,943.5,1,31121,1
511,1107166,1056.300048828125,954.5,5,31121,2
511,1107167,978.0714111328125,953.0714111328125,7,31122,0
511,1107168,681.5,954.0,1,31122,1
511,1107169,976.8571166992188,953.8571166992188,7,31122,2
511,1107170,1288.9166259765625,945.9166870117188,6,31123,0
511,1107171,1151.0,955.0,2,31123,1
511,1107172,920.6666870117188,951.8333129882812,3,31124,0
511,1107173,909.5,951.8333129882812,3,31124,1
511,1107174,681.5,954.0,1,31124,2
511,1107175,483.5,937.0,1,31124,3
511,1107176,287.5,762.5,1,31124,4
511,1107177,951.7000122070312,953.7999877929688,5,31125,0
511,1107178,944.5999755859375,953.5,5,31125,1
511,1107179,681.5,954.0,1,31125,2
511,1107180,483.5,937.0,1,31125,3
511,1107181,287.5,762.5,1,31125,4
511,1107182,991.5,953.8333129882812,6,31126,0
511,1107183,970.6428833007812,953.5714111328125,7,31126,1
511,1107184,681.5,954.0,1,31126,2
511,1107185,1304.5,945.7000122070312,5,31127,0
511,1107186,1178.0,955.5,1,31127,1
511,1107187,937.25,953.0,4,31128,0
511,1107188,926.5,952.625,4,31128,1
511,1107189,681.5,954.0,1,31128,2
511,1107190,483.5,937.0,1,31128,3
511,1107191,287.5,762.5,1,31128,4
511,1107192,1123.6666259765625,954.5,3,31129,0
511,1107193,1261.75,946.875,4,31129,1
511,1107194,1034.5,948.0,1,31129,2
511,1107195,909.5,951.8333129882812,3,31130,0
511,1107196,681.5,954.0,1,31130,1
511,1107197,483.5,937.0,1,31130,2
511,1107198,937.25,953.0,4,31130,3
511,1107199,1001.25,954.3333129882812,6,31131,0
511,1107200,681.5,954.0,1,31131,1
511,1107201,1022.0999755859375,953.9000244140625,5,31131,2
511,1107202,1285.5,946.4000244140625,5,31132,0
511,1107203,1151.0,955.0,2,31132,1
511,1107204,1288.9166259765625,945.9166870117188,6,31133,0
511,1107205,1151.0,955.0,2,31133,1
511,1107206,995.7857055664062,954.0714111328125,7,31134,0
511,1107207,681.5,954.0,1,31134,1
511,1107208,995.8333129882812,954.6666870117188,6,31134,2
511,1107209,681.5,954.0,1,31135,0
511,1107210,287.5,762.5,1,31135,1
511,1107211,978.0714111328125,953.0714111328125,7,31135,2
511,1107212,976.8571166992188,953.8571166992188,7,31135,3
511,1107213,483.5,937.0,1,31136,0
511,1107214,287.5,762.5,1,31136,1
511,1107215,928.0,951.25,2,31136,2
511,1107216,433.0,958.0,1,31136,3
511,1107217,920.6666870117188,951.8333129882812,3,31136,4
511,1107218,287.5,762.5,1,31137,0
511,1107219,963.0,952.5,1,31137,1
511,1107220,681.5,954.0,1,31137,2
511,1107221,483.5,937.0,1,31137,3
511,1107222,920.6666870117188,951.8333129882812,3,31137,4
521,1107131,1036.4749755859375,952.8499755859375,5,31109,0
521,1107132,1000.625,955.0833129882812,4,31109,1
521,1107133,697.5,955.0,1,31109,2
521,1107134,1152.0,955.5,2,31110,0
521,1107135,1279.2916259765625,945.9166870117188,4,31110,1
521,1107136,1020.6857299804688,954.9570922851562,5,31111,0
521,1107137,697.5,955.0,1,31111,1
521,1107138,1347.0,943.0,1,31111,2
521,1107139,1035.875,952.625,4,31111,3
521,1107140,1000.625,955.0833129882812,4,31112,0
521,1107141,697.5,955.0,1,31112,1
521,1107142,1025.0999755859375,953.5667114257812,6,31112,2
521,1107143,929.3333129882812,953.125,3,31113,0
521,1107144,697.5,955.0,1,31113,1
521,1107145,504.5,937.0,1,31113,2
521,1107146,291.0,771.0,1,31113,3
521,1107147,960.9166870117188,953.625,4,31113,4
521,1107148,1281.5166015625,946.11669921875,5,31114,0
521,1107149,1042.0,945.5,1,31114,1
521,1107150,1125.6666259765625,955.75,2,31114,2
521,1107151,1026.375,955.3499755859375,4,31115,0
521,1107152,1013.5667114257812,953.3333129882812,5,31115,1
521,1107153,1279.2916259765625,945.9166870117188,4,31116,0
521,1107154,1179.5,956.5,1,31116,1
521,1107155,361.0,960.0,1,31117,0
521,1107156,1023.5999755859375,953.6000366210938,5,31118,0
521,1107157,996.2857055664062,954.3713989257812,5,31118,1
521,1107158,697.5,955.0,1,31118,2
521,1107159,429.5,958.5,1,31119,0
521,1107160,504.5,937.0,1,31119,1
521,1107161,1013.0667114257812,953.5333251953125,5,31120,0
521,1107162,996.2857055664062,954.3713989257812,5,31120,1
521,1107163,697.5,955.0,1,31120,2
521,1107164,1024.0999755859375,953.4000244140625,5,31121,0
521,1107165,1347.0,943.0,1,31121,1
521,1107166,1055.800048828125,955.125,4,31121,2
521,1107167,976.5714111328125,953.5714111328125,5,31122,0
521,1107168,697.5,955.0,1,31122,1
521,1107169,975.1904296875,953.6904296875,6,31122,2
521,1107170,1279.2916259765625,945.9166870117188,4,31123,0
521,1107171,1152.0,955.5,2,31123,1
521,1107172,910.1666870117188,951.0833129882812,2,31124,0
521,1107173,913.75,952.3333129882812,2,31124,1
521,1107174,697.5,955.0,1,31124,2
521,1107175,504.5,937.0,1,31124,3
521,1107176,291.0,771.0,1,31124,4
521,1107177,946.7000122070312,953.5,5,31125,0
521,1107178,945.9749755859375,953.5,4,31125,1
521,1107179,697.5,955.0,1,31125,2
521,1107180,504.5,937.0,1,31125,3
521,1107181,291.0,771.0,1,31125,4
521,1107182,991.4000244140625,953.5333251953125,5,31126,0
521,1107183,970.5429077148438,953.471435546875,5,31126,1
521,1107184,697.5,955.0,1,31126,2
521,1107185,1294.75,945.5750122070312,4,31127,0
521,1107186,1179.5,956.5,1,31127,1
521,1107187,926.9166870117188,952.5,3,31128,0
521,1107188,929.3333129882812,953.125,3,31128,1
521,1107189,697.5,955.0,1,31128,2
521,1107190,504.5,937.0,1,31128,3
521,1107191,291.0,771.0,1,31128,4
521,1107192,1125.6666259765625,955.75,2,31129,0
521,1107193,1254.875,947.125,4,31129,1
521,1107194,1042.0,945.5,1,31129,2
521,1107195,913.75,952.3333129882812,2,31130,0
521,1107196,697.5,955.0,1,31130,1
521,1107197,504.5,937.0,1,31130,2
521,1107198,926.9166870117188,952.5,3,31130,3
521,1107199,1000.625,955.0833129882812,4,31131,0
521,1107200,697.5,955.0,1,31131,1
521,1107201,1025.0999755859375,953.5667114257812,6,31131,2
521,1107202,1275.875,946.4000244140625,4,31132,0
521,1107203,1152.0,955.5,2,31132,1
521,1107204,1279.2916259765625,945.9166870117188,4,31133,0
521,1107205,1152.0,955.5,2,31133,1
521,1107206,996.2857055664062,954.3713989257812,5,31134,0
521,1107207,697.5,955.0,1,31134,1
521,1107208,994.9332885742188,954.7666625976562,5,31134,2
521,1107209,697.5,955.0,1,31135,0
521,1107210,291.0,771.0,1,31135,1
521,1107211,976.5714111328125,953.5714111328125,5,31135,2
521,1107212,975.1904296875,953.6904296875,6,31135,3
521,1107213,504.5,937.0,1,31136,0
521,1107214,291.0,771.0,1,31136,1
521,1107215,925.5,951.25,2,31136,2
521,1107216,429.5,958.5,1,31136,3
521,1107217,910.1666870117188,951.0833129882812,2,31136,4
521,1107218,291.0,771.0,1,31137,0
521,1107219,957.5,952.0,1,31137,1
521,1107220,697.5,955.0,1,31137,2
521,1107221,504.5,937.0,1,31137,3
521,1107222,910.1666870117188,951.0833129882812,2,31137,4
531,1107131,1036.4749755859375,952.8499755859375,5,31109,0
531,1107132,1000.625,955.0833129882812,5,31109,1
531,1107133,697.5,955.0,1,31109,2
531,1107134,1152.0,955.5,3,31110,0
531,1107135,1279.2916259765625,945.9166870117188,4,31110,1
531,1107136,1020.6857299804688,954.9570922851562,6,31111,0
531,1107137,697.5,955.0,1,31111,1
531,1107138,1347.0,943.0,1,31111,2
531,1107139,1035.875,952.625,4,31111,3
531,1107140,1000.625,955.0833129882812,5,31112,0
531,1107141,697.5,955.0,1,31112,1
531,1107142,1025.0999755859375,953.5667114257812,6,31112,2
531,1107143,929.3333129882812,953.125,6,31113,0
531,1107144,697.5,955.0,1,31113,1
531,1107145,504.5,937.0,1,31113,2
531,1107146,291.0,771.0,1,31113,3
531,1107147,960.9166870117188,953.625,4,31113,4
531,1107148,1281.5166015625,946.11669921875,5,31114,0
531,1107149,1042.0,945.5,1,31114,1
531,1107150,1125.6666259765625,955.75,2,31114,2
531,1107151,1026.375,955.3499755859375,5,31115,0
531,1107152,1013.5667114257812,953.3333129882812,6,31115,1
531,1107153,1279.2916259765625,945.9166870117188,4,31116,0
531,1107154,1179.5,956.5,2,31116,1
531,1107155,361.0,960.0,1,31117,0
531,1107156,1023.5999755859375,953.6000366210938,5,31118,0
531,1107157,996.2857055664062,954.3713989257812,6,31118,1
531,1107158,697.5,955.0,1,31118,2
531,1107159,429.5,958.5,1,31119,0
531,1107160,504.5,937.0,1,31119,1
531,1107161,1013.0667114257812,953.5333251953125,5,31120,0
531,1107162,996.2857055664062,954.3713989257812,7,31120,1
531,1107163,697.5,955.0,1,31120,2
531,1107164,1024.0999755859375,953.4000244140625,5,31121,0
531,1107165,1347.0,943.0,1,31121,1
531,1107166,1055.800048828125,955.125,5,31121,2
531,1107167,976.5714111328125,953.5714111328125,6,31122,0
531,1107168,697.5,955.0,1,31122,1
531,1107169,975.1904296875,953.6904296875,6,31122,2
531,1107170,1279.2916259765625,945.9166870117188,4,31123,0
531,1107171,1152.0,955.5,3,31123,1
531,1107172,910.1666870117188,951.0833129882812,3,31124,0
531,1107173,913.75,952.3333129882812,3,31124,1
531,1107174,697.5,955.0,1,31124,2
531,1107175,504.5,937.0,1,31124,3
531,1107176,291.0,771.0,1,31124,4
531,1107177,946.7000122070312,953.5,5,31125,0
531,1107178,945.9749755859375,953.5,4,31125,1
531,1107179,697.5,955.0,1,31125,2
531,1107180,504.5,937.0,1,31125,3
531,1107181,291.0,771.0,1,31125,4
531,1107182,991.4000244140625,953.5333251953125,6,31126,0
531,1107183,970.5429077148438,953.471435546875,6,31126,1
531,1107184,697.5,955.0,1,31126,2
531,1107185,1294.75,945.5750122070312,4,31127,0
531,1107186,1179.5,956.5,1,31127,1
531,1107187,926.9166870117188,952.5,4,31128,0
531,1107188,929.3333129882812,953.125,4,31128,1
531,1107189,697.5,955.0,1,31128,2
531,1107190,504.5,937.0,1,31128,3
531,1107191,291.0,771.0,1,31128,4
531,1107192,1125.6666259765625,955.75,2,31129,0
531,1107193,1254.875,947.125,4,31129,1
531,1107194,1042.0,945.5,1,31129,2
531,1107195,913.75,952.3333129882812,3,31130,0
531,1107196,697.5,955.0,1,31130,1
531,1107197,504.5,937.0,1,31130,2
531,1107198,926.9166870117188,952.5,4,31130,3
531,1107199,1000.625,955.0833129882812,5,31131,0
531,1107200,697.5,955.0,1,31131,1
531,1107201,1025.0999755859375,953.5667114257812,6,31131,2
531,1107202,1275.875,946.4000244140625,4,31132,0
531,1107203,1152.0,955.5,2,31132,1
531,1107204,1279.2916259765625,945.9166870117188,4,31133,0
531,1107205,1152.0,955.5,3,31133,1
531,1107206,996.2857055664062,954.3713989257812,6,31134,0
531,1107207,697.5,955.0,1,31134,1
531,1107208,994.9332885742188,954.7666625976562,6,31134,2
531,1107209,697.5,955.0,1,31135,0
531,1107210,291.0,771.0,1,31135,1
531,1107211,976.5714111328125,953.5714111328125,6,31135,2
531,1107212,975.1904296875,953.6904296875,6,31135,3
531,1107213,504.5,937.0,1,31136,0
531,1107214,291.0,771.0,1,31136,1
531,1107215,925.5,951.25,2,31136,2
531,1107216,429.5,958.5,1,31136,3
531,1107217,910.1666870117188,951.0833129882812,3,31136,4
531,1107218,291.0,771.0,1,31137,0
531,1107219,957.5,952.0,1,31137,1
531,1107220,697.5,955.0,1,31137,2
531,1107221,504.5,937.0,1,31137,3
531,1107222,910.1666870117188,951.0833129882812,3,31137,4
541,1107131,1036.4749755859375,952.8499755859375,5,31109,0
541,1107132,1000.625,955.0833129882812,5,31109,1
541,1107133,697.5,955.0,1,31109,2
541,1107134,1152.0,955.5,4,31110,0
541,1107135,1279.2916259765625,945.9166870117188,4,31110,1
541,1107136,1020.6857299804688,954.9570922851562,6,31111,0
541,1107137,697.5,955.0,1,31111,1
541,1107138,1347.0,943.0,1,31111,2
541,1107139,1035.875,952.625,5,31111,3
541,1107140,1000.625,955.0833129882812,5,31112,0
541,1107141,697.5,955.0,1,31112,1
541,1107142,1025.0999755859375,953.5667114257812,6,31112,2
541,1107143,929.3333129882812,953.125,6,31113,0
541,1107144,697.5,955.0,1,31113,1
541,1107145,504.5,937.0,1,31113,2
541,1107146,291.0,771.0,1,31113,3
541,1107147,960.9166870117188,953.625,4,31113,4
541,1107148,1281.5166015625,946.11669921875,5,31114,0
541,1107149,1042.0,945.5,1,31114,1
541,1107150,1125.6666259765625,955.75,3,31114,2
541,1107151,1026.375,955.3499755859375,5,31115,0
541,1107152,1013.5667114257812,953.3333129882812,6,31115,1
541,1107153,1279.2916259765625,945.9166870117188,4,31116,0
541,1107154,1179.5,956.5,3,31116,1
541,1107155,361.0,960.0,1,31117,0
541,1107156,1023.5999755859375,953.6000366210938,5,31118,0
541,1107157,996.2857055664062,954.3713989257812,6,31118,1
541,1107158,697.5,955.0,1,31118,2
541,1107159,429.5,958.5,1,31119,0
541,1107160,504.5,937.0,1,31119,1
541,1107161,1013.0667114257812,953.5333251953125,5,31120,0
541,1107162,996.2857055664062,954.3713989257812,7,31120,1
541,1107163,697.5,955.0,1,31120,2
541,1107164,1024.0999755859375,953.4000244140625,5,31121,0
541,1107165,1347.0,943.0,1,31121,1
541,1107166,1055.800048828125,955.125,5,31121,2
541,1107167,976.5714111328125,953.5714111328125,6,31122,0
541,1107168,697.5,955.0,1,31122,1
541,1107169,975.1904296875,953.6904296875,6,31122,2
541,1107170,1279.2916259765625,945.9166870117188,4,31123,0
541,1107171,1152.0,955.5,4,31123,1
541,1107172,910.1666870117188,951.0833129882812,3,31124,0
541,1107173,913.75,952.3333129882812,3,31124,1
541,1107174,697.5,955.0,1,31124,2
541,1107175,504.5,937.0,1,31124,3
541,1107176,291.0,771.0,1,31124,4
541,1107177,946.7000122070312,953.5,5,31125,0
541,1107178,945.9749755859375,953.5,4,31125,1
541,1107179,697.5,955.0,2,31125,2
541,1107180,504.5,937.0,1,31125,3
541,1107181,291.0,771.0,1,31125,4
541,1107182,991.4000244140625,953.5333251953125,6,31126,0
541,1107183,970.5429077148438,953.471435546875,6,31126,1
541,1107184,697.5,955.0,1,31126,2
541,1107185,1294.75,945.5750122070312,4,31127,0
541,1107186,1179.5,956.5,2,31127,1
541,1107187,926.9166870117188,952.5,4,31128,0
541,1107188,929.3333129882812,953.125,4,31128,1
541,1107189,697.5,955.0,1,31128,2
541,1107190,504.5,937.0,1,31128,3
541,1107191,291.0,771.0,1,31128,4
541,1107192,1125.6666259765625,955.75,3,31129,0
541,1107193,1254.875,947.125,4,31129,1
541,1107194,1042.0,945.5,1,31129,2
541,1107195,913.75,952.3333129882812,3,31130,0
541,1107196,697.5,955.0,1,31130,1
541,1107197,504.5,937.0,1,31130,2
541,1107198,926.9166870117188,952.5,4,31130,3
541,1107199,1000.625,955.0833129882812,5,31131,0
541,1107200,697.5,955.0,1,31131,1
541,1107201,1025.0999755859375,953.5667114257812,6,31131,2
541,1107202,1275.875,946.4000244140625,4,31132,0
541,1107203,1152.0,955.5,3,31132,1
541,1107204,1279.2916259765625,945.9166870117188,4,31133,0
541,1107205,1152.0,955.5,4,31133,1
541,1107206,996.2857055664062,954.3713989257812,6,31134,0
541,1107207,697.5,955.0,1,31134,1
541,1107208,994.9332885742188,954.7666625976562,6,31134,2
541,1107209,697.5,955.0,1,31135,0
541,1107210,291.0,771.0,1,31135,1
541,1107211,976.5714111328125,953.5714111328125,6,31135,2
541,1107212,975.1904296875,953.6904296875,6,31135,3
541,1107213,504.5,937.0,1,31136,0
541,1107214,291.0,771.0,1,31136,1
541,1107215,925.5,951.25,2,31136,2
541,1107216,429.5,958.5,1,31136,3
541,1107217,910.1666870117188,951.0833129882812,3,31136,4
541,1107218,291.0,771.0,1,31137,0
541,1107219,957.5,952.0,1,31137,1
541,1107220,697.5,955.0,1,31137,2
541,1107221,504.5,937.0,1,31137,3
541,1107222,910.1666870117188,951.0833129882812,3,31137,4
551,1107131,1036.4749755859375,952.8499755859375,5,31109,0
551,1107132,1000.625,955.0833129882812,5,31109,1
551,1107133,697.5,955.0,1,31109,2
551,1107134,1152.0,955.5,4,31110,0
551,1107135,1279.2916259765625,945.9166870117188,4,31110,1
551,1107136,1020.6857299804688,954.9570922851562,6,31111,0
551,1107137,697.5,955.0,1,31111,1
551,1107138,1347.0,943.0,1,31111,2
551,1107139,1035.875,952.625,5,31111,3
551,1107140,1000.625,955.0833129882812,5,31112,0
551,1107141,697.5,955.0,1,31112,1
551,1107142,1025.0999755859375,953.5667114257812,6,31112,2
551,1107143,929.3333129882812,953.125,6,31113,0
551,1107144,697.5,955.0,1,31113,1
551,1107145,504.5,937.0,1,31113,2
551,1107146,291.0,771.0,1,31113,3
551,1107147,960.9166870117188,953.625,4,31113,4
551,1107148,1281.5166015625,946.11669921875,6,31114,0
551,1107149,1042.0,945.5,1,31114,1
551,1107150,1125.6666259765625,955.75,3,31114,2
551,1107151,1026.375,955.3499755859375,5,31115,0
551,1107152,1013.5667114257812,953.3333129882812,6,31115,1
551,1107153,1279.2916259765625,945.9166870117188,4,31116,0
551,1107154,1179.5,956.5,3,31116,1
551,1107155,361.0,960.0,1,31117,0
551,1107156,1023.5999755859375,953.6000366210938,5,31118,0
551,1107157,996.2857055664062,954.3713989257812,6,31118,1
551,1107158,697.5,955.0,1,31118,2
551,1107159,429.5,958.5,1,31119,0
551,1107160,504.5,937.0,1,31119,1
551,1107161,1013.0667114257812,953.5333251953125,5,31120,0
551,1107162,996.2857055664062,954.3713989257812,7,31120,1
551,1107163,697.5,955.0,1,31120,2
551,1107164,1024.0999755859375,953.4000244140625,5,31121,0
551,1107165,1347.0,943.0,1,31121,1
551,1107166,1055.800048828125,955.125,5,31121,2
551,1107167,976.5714111328125,953.5714111328125,7,31122,0
551,1107168,697.5,955.0,1,31122,1
551,1107169,975.1904296875,953.6904296875,6,31122,2
551,1107170,1279.2916259765625,945.9166870117188,4,31123,0
551,1107171,1152.0,955.5,4,31123,1
551,1107172,910.1666870117188,951.0833129882812,3,31124,0
551,1107173,913.75,952.3333129882812,3,31124,1
551,1107174,697.5,955.0,1,31124,2
551,1107175,504.5,937.0,1,31124,3
551,1107176,291.0,771.0,1,31124,4
551,1107177,946.7000122070312,953.5,5,31125,0
551,1107178,945.9749755859375,953.5,4,31125,1
551,1107179,697.5,955.0,2,31125,2
551,1107180,504.5,937.0,1,31125,3
551,1107181,291.0,771.0,1,31125,4
551,1107182,991.4000244140625,953.5333251953125,6,31126,0
551,1107183,970.5429077148438,953.471435546875,6,31126,1
551,1107184,697.5,955.0,1,31126,2
551,1107185,1294.75,945.5750122070312,4,31127,0
551,1107186,1179.5,956.5,2,31127,1
551,1107187,926.9166870117188,952.5,4,31128,0
551,1107188,929.3333129882812,953.125,4,31128,1
551,1107189,697.5,955.0,1,31128,2
551,1107190,504.5,937.0,1,31128,3
551,1107191,291.0,771.0,1,31128,4
551,1107192,1125.6666259765625,955.75,3,31129,0
551,1107193,1254.875,947.125,4,31129,1
551,1107194,1042.0,945.5,1,31129,2
551,1107195,913.75,952.3333129882812,3,31130,0
551,1107196,697.5,955.0,1,31130,1
551,1107197,504.5,937.0,1,31130,2
551,1107198,926.9166870117188,952.5,4,31130,3
551,1107199,1000.625,955.0833129882812,5,31131,0
551,1107200,697.5,955.0,1,31131,1
551,1107201,1025.0999755859375,953.5667114257812,6,31131,2
551,1107202,1275.875,946.4000244140625,4,31132,0
551,1107203,1152.0,955.5,3,31132,1
551,1107204,1279.2916259765625,945.9166870117188,4,31133,0
551,1107205,1152.0,955.5,4,31133,1
551,1107206,996.2857055664062,954.3713989257812,6,31134,0
551,1107207,697.5,955.0,1,31134,1
551,1107208,994.9332885742188,954.7666625976562,6,31134,2
551,1107209,697.5,955.0,1,31135,0
551,1107210,291.0,771.0,1,31135,1
551,1107211,976.5714111328125,953.5714111328125,7,31135,2
551,1107212,975.1904296875,953.6904296875,6,31135,3
551,1107213,504.5,937.0,1,31136,0
551,1107214,291.0,771.0,1,31136,1
551,1107215,925.5,951.25,2,31136,2
551,1107216,429.5,958.5,1,31136,3
551,1107217,910.1666870117188,951.0833129882812,3,31136,4
551,1107218,291.0,771.0,1,31137,0
551,1107219,957.5,952.0,1,31137,1
551,1107220,697.5,955.0,1,31137,2
551,1107221,504.5,937.0,1,31137,3
551,1107222,910.1666870117188,951.0833129882812,3,31137,4
561,1107131,1036.4749755859375,952.8499755859375,5,31109,0
561,1107132,1000.625,955.0833129882812,5,31109,1
561,1107133,697.5,955.0,1,31109,2
561,1107134,1152.0,955.5,4,31110,0
561,1107135,1279.2916259765625,945.9166870117188,4,31110,1
561,1107136,1020.6857299804688,954.9570922851562,6,31111,0
561,1107137,697.5,955.0,1,31111,1
561,1107138,1347.0,943.0,1,31111,2
561,1107139,1035.875,952.625,5,31111,3
561,1107140,1000.625,955.0833129882812,5,31112,0
561,1107141,697.5,955.0,1,31112,1
561,1107142,1025.0999755859375,953.5667114257812,6,31112,2
561,1107143,929.3333129882812,953.125,6,31113,0
561,1107144,697.5,955.0,1,31113,1
561,1107145,504.5,937.0,1,31113,2
561,1107146,291.0,771.0,1,31113,3
561,1107147,960.9166870117188,953.625,4,31113,4
561,1107148,1281.5166015625,946.11669921875,6,31114,0
561,1107149,1042.0,945.5,1,31114,1
561,1107150,1125.6666259765625,955.75,3,31114,2
561,1107151,1026.375,955.3499755859375,5,31115,0
561,1107152,1013.5667114257812,953.3333129882812,6,31115,1
561,1107153,1279.2916259765625,945.9166870117188,4,31116,0
561,1107154,1179.5,956.5,3,31116,1
561,1107155,361.0,960.0,1,31117,0
561,1107156,1023.5999755859375,953.6000366210938,5,31118,0
561,1107157,996.2857055664062,954.3713989257812,6,31118,1
561,1107158,697.5,955.0,1,31118,2
561,1107159,429.5,958.5,1,31119,0
561,1107160,504.5,937.0,1,31119,1
561,1107161,1013.0667114257812,953.5333251953125,5,31120,0
561,1107162,996.2857055664062,954.3713989257812,7,31120,1
561,1107163,697.5,955.0,1,31120,2
561,1107164,1024.0999755859375,953.4000244140625,5,31121,0
561,1107165,1347.0,943.0,1,31121,1
561,1107166,1055.800048828125,955.125,5,31121,2
561,1107167,976.5714111328125,953.5714111328125,7,31122,0
561,1107168,697.5,955.0,2,31122,1
561,1107169,975.1904296875,953.6904296875,6,31122,2
561,1107170,1279.2916259765625,945.9166870117188,4,31123,0
561,1107171,1152.0,955.5,4,31123,1
561,1107172,910.1666870117188,951.0833129882812,3,31124,0
561,1107173,913.75,952.3333129882812,3,31124,1
561,1107174,697.5,955.0,1,31124,2
561,1107175,504.5,937.0,1,31124,3
561,1107176,291.0,771.0,1,31124,4
561,1107177,946.7000122070312,953.5,5,31125,0
561,1107178,945.9749755859375,953.5,4,31125,1
561,1107179,697.5,955.0,2,31125,2
561,1107180,504.5,937.0,1,31125,3
561,1107181,291.0,771.0,1,31125,4
561,1107182,991.4000244140625,953.5333251953125,6,31126,0
561,1107183,970.5429077148438,953.471435546875,6,31126,1
561,1107184,697.5,955.0,1,31126,2
561,1107185,1294.75,945.5750122070312,4,31127,0
561,1107186,1179.5,956.5,2,31127,1
561,1107187,926.9166870117188,952.5,4,31128,0
561,1107188,929.3333129882812,953.125,4,31128,1
561,1107189,697.5,955.0,1,31128,2
561,1107190,504.5,937.0,1,31128,3
561,1107191,291.0,771.0,1,31128,4
561,1107192,1125.6666259765625,955.75,3,31129,0
561,1107193,1254.875,947.125,4,31129,1
561,1107194,1042.0,945.5,1,31129,2
561,1107195,913.75,952.3333129882812,3,31130,0
561,1107196,697.5,955.0,1,31130,1
561,1107197,504.5,937.0,1,31130,2
561,1107198,926.9166870117188,952.5,4,31130,3
561,1107199,1000.625,955.0833129882812,5,31131,0
561,1107200,697.5,955.0,1,31131,1
561,1107201,1025.0999755859375,953.5667114257812,6,31131,2
561,1107202,1275.875,946.4000244140625,4,31132,0
561,1107203,1152.0,955.5,3,31132,1
561,1107204,1279.2916259765625,945.9166870117188,4,31133,0
561,1107205,1152.0,955.5,4,31133,1
561,1107206,996.2857055664062,954.3713989257812,6,31134,0
561,1107207,697.5,955.0,2,31134,1
561,1107208,994.9332885742188,954.7666625976562,6,31134,2
561,1107209,697.5,955.0,2,31135,0
561,1107210,291.0,771.0,1,31135,1
561,1107211,976.5714111328125,953.5714111328125,7,31135,2
561,1107212,975.1904296875,953.6904296875,6,31135,3
561,1107213,504.5,937.0,1,31136,0
561,1107214,291.0,771.0,1,31136,1
561,1107215,925.5,951.25,2,31136,2
561,1107216,429.5,958.5,1,31136,3
561,1107217,910.1666870117188,951.0833129882812,3,31136,4
561,1107218,291.0,771.0,1,31137,0
561,1107219,957.5,952.0,1,31137,1
561,1107220,697.5,955.0,1,31137,2
561,1107221,504.5,937.0,1,31137,3
561,1107222,910.1666870117188,951.0833129882812,3,31137,4
571,1107131,1036.4749755859375,952.8499755859375,5,31109,0
571,1107132,1000.625,955.0833129882812,5,31109,1
571,1107133,697.5,955.0,1,31109,2
571,1107134,1152.0,955.5,4,31110,0
571,1107135,1279.2916259765625,945.9166870117188,4,31110,1
571,1107136,1020.6857299804688,954.9570922851562,6,31111,0
571,1107137,697.5,955.0,1,31111,1
571,1107138,1347.0,943.0,1,31111,2
571,1107139,1035.875,952.625,5,31111,3
571,1107140,1000.625,955.0833129882812,5,31112,0
571,1107141,697.5,955.0,1,31112,1
571,1107142,1025.0999755859375,953.5667114257812,6,31112,2
571,1107143,929.3333129882812,953.125,6,31113,0
571,1107144,697.5,955.0,1,31113,1
571,1107145,504.5,937.0,1,31113,2
571,1107146,291.0,771.0,1,31113,3
571,1107147,960.9166870117188,953.625,4,31113,4
571,1107148,1281.5166015625,946.11669921875,6,31114,0
571,1107149,1042.0,945.5,1,31114,1
571,1107150,1125.6666259765625,955.75,3,31114,2
571,1107151,1026.375,955.3499755859375,5,31115,0
571,1107152,1013.5667114257812,953.3333129882812,6,31115,1
571,1107153,1279.2916259765625,945.9166870117188,4,31116,0
571,1107154,1179.5,956.5,3,31116,1
571,1107155,361.0,960.0,1,31117,0
571,1107156,1023.5999755859375,953.6000366210938,5,31118,0
571,1107157,996.2857055664062,954.3713989257812,6,31118,1
571,1107158,697.5,955.0,1,31118,2
571,1107159,429.5,958.5,1,31119,0
571,1107160,504.5,937.0,1,31119,1
571,1107161,1013.0667114257812,953.5333251953125,5,31120,0
571,1107162,996.2857055664062,954.3713989257812,7,31120,1
571,1107163,697.5,955.0,1,31120,2
571,1107164,1024.0999755859375,953.4000244140625,5,31121,0
571,1107165,1347.0,943.0,1,31121,1
571,1107166,1055.800048828125,955.125,5,31121,2
571,1107167,976.5714111328125,953.5714111328125,7,31122,0
571,1107168,697.5,955.0,2,31122,1
571,1107169,975.1904296875,953.6904296875,6,31122,2
571,1107170,1279.2916259765625,945.9166870117188,4,31123,0
571,1107171,1152.0,955.5,4,31123,1
571,1107172,910.1666870117188,951.0833129882812,3,31124,0
571,1107173,913.75,952.3333129882812,3,31124,1
571,1107174,697.5,955.0,1,31124,2
571,1107175,504.5,937.0,1,31124,3
571,1107176,291.0,771.0,1,31124,4
571,1107177,946.7000122070312,953.5,5,31125,0
571,1107178,945.9749755859375,953.5,4,31125,1
571,1107179,697.5,955.0,2,31125,2
571,1107180,504.5,937.0,1,31125,3
571,1107181,291.0,771.0,1,31125,4
571,1107182,991.4000244140625,953.5333251953125,6,31126,0
571,1107183,970.5429077148438,953.471435546875,6,31126,1
571,1107184,697.5,955.0,1,31126,2
571,1107185,1294.75,945.5750122070312,4,31127,0
571,1107186,1179.5,956.5,2,31127,1
571,1107187,926.9166870117188,952.5,4,31128,0
571,1107188,929.3333129882812,953.125,4,31128,1
571,1107189,697.5,955.0,1,31128,2
571,1107190,504.5,937.0,1,31128,3
571,1107191,291.0,771.0,1,31128,4
571,1107192,1125.6666259765625,955.75,3,31129,0
571,1107193,1254.875,947.125,4,31129,1
571,1107194,1042.0,945.5,1,31129,2
571,1107195,913.75,952.3333129882812,3,31130,0
571,1107196,697.5,955.0,1,31130,1
571,1107197,504.5,937.0,1,31130,2
571,1107198,926.9166870117188,952.5,4,31130,3
571,1107199,1000.625,955.0833129882812,5,31131,0
571,1107200,697.5,955.0,1,31131,1
571,1107201,1025.0999755859375,953.5667114257812,6,31131,2
571,1107202,1275.875,946.4000244140625,4,31132,0
571,1107203,1152.0,955.5,3,31132,1
571,1107204,1279.2916259765625,945.9166870117188,4,31133,0
571,1107205,1152.0,955.5,4,31133,1
571,1107206,996.2857055664062,954.3713989257812,6,31134,0
571,1107207,697.5,955.0,2,31134,1
571,1107208,994.9332885742188,954.7666625976562,6,31134,2
571,1107209,697.5,955.0,2,31135,0
571,1107210,291.0,771.0,1,31135,1
571,1107211,976.5714111328125,953.5714111328125,7,31135,2
571,1107212,975.1904296875,953.6904296875,6,31135,3
571,1107213,504.5,937.0,1,31136,0
571,1107214,291.0,771.0,1,31136,1
571,1107215,925.5,951.25,2,31136,2
571,1107216,429.5,958.5,1,31136,3
571,1107217,910.1666870117188,951.0833129882812,3,31136,4
571,1107218,291.0,771.0,1,31137,0
571,1107219,957.5,952.0,1,31137,1
571,1107220,697.5,955.0,1,31137,2
571,1107221,504.5,937.0,1,31137,3
571,1107222,910.1666870117188,951.0833129882812,3,31137,4
581,1107131,1036.4749755859375,952.8499755859375,5,31109,0
581,1107132,1000.625,955.0833129882812,5,31109,1
581,1107133,697.5,955.0,1,31109,2
581,1107134,1152.0,955.5,4,31110,0
581,1107135,1279.2916259765625,945.9166870117188,4,31110,1
581,1107136,1020.6857299804688,954.9570922851562,6,31111,0
581,1107137,697.5,955.0,1,31111,1
581,1107138,1347.0,943.0,1,31111,2
581,1107139,1035.875,952.625,5,31111,3
581,1107140,1000.625,955.0833129882812,5,31112,0
581,1107141,697.5,955.0,1,31112,1
581,1107142,1025.0999755859375,953.5667114257812,6,31112,2
581,1107143,929.3333129882812,953.125,6,31113,0
581,1107144,697.5,955.0,1,31113,1
581,1107145,504.5,937.0,1,31113,2
581,1107146,291.0,771.0,1,31113,3
581,1107147,960.9166870117188,953.625,4,31113,4
581,1107148,1281.5166015625,946.11669921875,6,31114,0
581,1107149,1042.0,945.5,1,31114,1
581,1107150,1125.6666259765625,955.75,3,31114,2
581,1107151,1026.375,955.3499755859375,5,31115,0
581,1107152,1013.5667114257812,953.3333129882812,6,31115,1
581,1107153,1279.2916259765625,945.9166870117188,4,31116,0
581,1107154,1179.5,956.5,3,31116,1
581,1107155,361.0,960.0,1,31117,0
581,1107156,1023.5999755859375,953.6000366210938,5,31118,0
581,1107157,996.2857055664062,954.3713989257812,6,31118,1
581,1107158,697.5,955.0,1,31118,2
581,1107159,429.5,958.5,1,31119,0
581,1107160,504.5,937.0,1,31119,1
581,1107161,1013.0667114257812,953.5333251953125,5,31120,0
581,1107162,996.2857055664062,954.3713989257812,7,31120,1
581,1107163,697.5,955.0,1,31120,2
581,1107164,1024.0999755859375,953.4000244140625,5,31121,0
581,1107165,1347.0,943.0,1,31121,1
581,1107166,1055.800048828125,955.125,5,31121,2
581,1107167,976.5714111328125,953.5714111328125,7,31122,0
581,1107168,697.5,955.0,2,31122,1
581,1107169,975.1904296875,953.6904296875,6,31122,2
581,1107170,1279.2916259765625,945.9166870117188,4,31123,0
581,1107171,1152.0,955.5,4,31123,1
581,1107172,910.1666870117188,951.0833129882812,3,31124,0
581,1107173,913.75,952.3333129882812,3,31124,1
581,1107174,697.5,955.0,1,31124,2
581,1107175,504.5,937.0,1,31124,3
581,1107176,291.0,771.0,1,31124,4
581,1107177,946.7000122070312,953.5,5,31125,0
581,1107178,945.9749755859375,953.5,4,31125,1
581,1107179,697.5,955.0,2,31125,2
581,1107180,504.5,937.0,1,31125,3
581,1107181,291.0,771.0,1,31125,4
581,1107182,991.4000244140625,953.5333251953125,6,31126,0
581,1107183,970.5429077148438,953.471435546875,6,31126,1
581,1107184,697.5,955.0,1,31126,2
581,1107185,1294.75,945.5750122070312,4,31127,0
581,1107186,1179.5,956.5,2,31127,1
581,1107187,926.9166870117188,952.5,4,31128,0
581,1107188,929.3333129882812,953.125,4,31128,1
581,1107189,697.5,955.0,1,31128,2
581,1107190,504.5,937.0,1,31128,3
581,1107191,291.0,771.0,1,31128,4
581,1107192,1125.6666259765625,955.75,3,31129,0
581,1107193,1254.875,947.125,4,31129,1
581,1107194,1042.0,945.5,1,31129,2
581,1107195,913.75,952.3333129882812,3,31130,0
581,1107196,697.5,955.0,1,31130,1
581,1107197,504.5,937.0,1,31130,2
581,1107198,926.9166870117188,952.5,4,31130,3
581,1107199,1000.625,955.0833129882812,5,31131,0
581,1107200,697.5,955.0,1,31131,1
581,1107201,1025.0999755859375,953.5667114257812,6,31131,2
581,1107202,1275.875,946.4000244140625,4,31132,0
581,1107203,1152.0,955.5,3,31132,1
581,1107204,1279.2916259765625,945.9166870117188,4,31133,0
581,1107205,1152.0,955.5,4,31133,1
581,1107206,996.2857055664062,954.3713989257812,6,31134,0
581,1107207,697.5,955.0,2,31134,1
581,1107208,994.9332885742188,954.7666625976562,6,31134,2
581,1107209,697.5,955.0,2,31135,0
581,1107210,291.0,771.0,1,31135,1
581,1107211,976.5714111328125,953.5714111328125,7,31135,2
581,1107212,975.1904296875,953.6904296875,6,31135,3
581,1107213,504.5,937.0,1,31136,0
581,1107214,291.0,771.0,1,31136,1
581,1107215,925.5,951.25,2,31136,2
581,1107216,429.5,958.5,1,31136,3
581,1107217,910.1666870117188,951.0833129882812,3,31136,4
581,1107218,291.0,771.0,1,31137,0
581,1107219,957.5,952.0,1,31137,1
581,1107220,697.5,955.0,1,31137,2
581,1107221,504.5,937.0,1,31137,3
581,1107222,910.1666870117188,951.0833129882812,3,31137,4
591,1107131,1036.4749755859375,952.8499755859375,5,31109,0
591,1107132,1000.625,955.0833129882812,5,31109,1
591,1107133,697.5,955.0,1,31109,2
591,1107134,1152.0,955.5,4,31110,0
591,1107135,1279.2916259765625,945.9166870117188,4,31110,1
591,1107136,1020.6857299804688,954.9570922851562,6,31111,0
591,1107137,697.5,955.0,1,31111,1
591,1107138,1347.0,943.0,1,31111,2
591,1107139,1035.875,952.625,5,31111,3
591,1107140,1000.625,955.0833129882812,5,31112,0
591,1107141,697.5,955.0,1,31112,1
591,1107142,1025.0999755859375,953.5667114257812,6,31112,2
591,1107143,929.3333129882812,953.125,6,31113,0
591,1107144,697.5,955.0,1,31113,1
591,1107145,504.5,937.0,1,31113,2
591,1107146,291.0,771.0,1,31113,3
591,1107147,960.9166870117188,953.625,4,31113,4
591,1107148,1281.5166015625,946.11669921875,6,31114,0
591,1107149,1042.0,945.5,1,31114,1
591,1107150,1125.6666259765625,955.75,3,31114,2
591,1107151,1026.375,955.3499755859375,5,31115,0
591,1107152,1013.5667114257812,953.3333129882812,6,31115,1
591,1107153,1279.2916259765625,945.9166870117188,4,31116,0
591,1107154,1179.5,956.5,3,31116,1
591,1107155,361.0,960.0,1,31117,0
591,1107156,1023.5999755859375,953.6000366210938,5,31118,0
591,1107157,996.2857055664062,954.3713989257812,6,31118,1
591,1107158,697.5,955.0,1,31118,2
591,1107159,429.5,958.5,1,31119,0
591,1107160,504.5,937.0,1,31119,1
591,1107161,1013.0667114257812,953.5333251953125,5,31120,0
591,1107162,996.2857055664062,954.3713989257812,7,31120,1
591,1107163,697.5,955.0,1,31120,2
591,1107164,1024.0999755859375,953.4000244140625,5,31121,0
591,1107165,1347.0,943.0,1,31121,1
591,1107166,1055.800048828125,955.125,5,31121,2
591,1107167,976.5714111328125,953.5714111328125,7,31122,0
591,1107168,697.5,955.0,2,31122,1
591,1107169,975.1904296875,953.6904296875,6,31122,2
591,1107170,1279.2916259765625,945.9166870117188,4,31123,0
591,1107171,1152.0,955.5,4,31123,1
591,1107172,910.1666870117188,951.0833129882812,3,31124,0
591,1107173,913.75,952.3333129882812,3,31124,1
591,1107174,697.5,955.0,1,31124,2
591,1107175,504.5,937.0,1,31124,3
591,1107176,291.0,771.0,1,31124,4
591,1107177,946.7000122070312,953.5,5,31125,0
591,1107178,945.9749755859375,953.5,4,31125,1
591,1107179,697.5,955.0,2,31125,2
591,1107180,504.5,937.0,1,31125,3
591,1107181,291.0,771.0,1,31125,4
591,1107182,991.4000244140625,953.5333251953125,6,31126,0
591,1107183,970.5429077148438,953.471435546875,6,31126,1
591,1107184,697.5,955.0,1,31126,2
591,1107185,1294.75,945.5750122070312,4,31127,0
591,1107186,1179.5,956.5,2,31127,1
591,1107187,926.9166870117188,952.5,4,31128,0
591,1107188,929.3333129882812,953.125,4,31128,1
591,1107189,697.5,955.0,1,31128,2
591,1107190,504.5,937.0,1,31128,3
591,1107191,291.0,771.0,1,31128,4
591,1107192,1125.6666259765625,955.75,3,31129,0
591,1107193,1254.875,947.125,4,31129,1
591,1107194,1042.0,945.5,1,31129,2
591,1107195,913.75,952.3333129882812,3,31130,0
591,1107196,697.5,955.0,1,31130,1
591,1107197,504.5,937.0,1,31130,2
591,1107198,926.9166870117188,952.5,4,31130,3
591,1107199,1000.625,955.0833129882812,5,31131,0
591,1107200,697.5,955.0,1,31131,1
591,1107201,1025.0999755859375,953.5667114257812,6,31131,2
591,1107202,1275.875,946.4000244140625,4,31132,0
591,1107203,1152.0,955.5,3,31132,1
591,1107204,1279.2916259765625,945.9166870117188,4,31133,0
591,1107205,1152.0,955.5,4,31133,1
591,1107206,996.2857055664062,954.3713989257812,6,31134,0
591,1107207,697.5,955.0,2,31134,1
591,1107208,994.9332885742188,954.7666625976562,6,31134,2
591,1107209,697.5,955.0,2,31135,0
591,1107210,291.0,771.0,1,31135,1
591,1107211,976.5714111328125,953.5714111328125,7,31135,2
591,1107212,975.1904296875,953.6904296875,6,31135,3
591,1107213,504.5,937.0,1,31136,0
591,1107214,291.0,771.0,1,31136,1
591,1107215,925.5,951.25,2,31136,2
591,1107216,429.5,958.5,1,31136,3
591,1107217,910.1666870117188,951.0833129882812,3,31136,4
591,1107218,291.0,771.0,1,31137,0
591,1107219,957.5,952.0,1,31137,1
591,1107220,697.5,955.0,1,31137,2
591,1107221,504.5,937.0,1,31137,3
591,1107222,910.1666870117188,951.0833129882812,3,31137,4
601,1107131,1036.4749755859375,952.8499755859375,5,31109,0
601,1107132,1000.625,955.0833129882812,5,31109,1
601,1107133,697.5,955.0,1,31109,2
601,1107134,1152.0,955.5,4,31110,0
601,1107135,1279.2916259765625,945.9166870117188,4,31110,1
601,1107136,1020.6857299804688,954.9570922851562,6,31111,0
601,1107137,697.5,955.0,1,31111,1
601,1107138,1347.0,943.0,1,31111,2
601,1107139,1035.875,952.625,5,31111,3
601,1107140,1000.625,955.0833129882812,5,31112,0
601,1107141,697.5,955.0,1,31112,1
601,1107142,1025.0999755859375,953.5667114257812,6,31112,2
601,1107143,929.3333129882812,953.125,6,31113,0
601,1107144,697.5,955.0,1,31113,1
601,1107145,504.5,937.0,1,31113,2
601,1107146,291.0,771.0,1,31113,3
601,1107147,960.9166870117188,953.625,4,31113,4
601,1107148,1281.5166015625,946.11669921875,6,31114,0
601,1107149,1042.0,945.5,1,31114,1
601,1107150,1125.6666259765625,955.75,3,31114,2
601,1107151,1026.375,955.3499755859375,5,31115,0
601,1107152,1013.5667114257812,953.3333129882812,6,31115,1
601,1107153,1279.2916259765625,945.9166870117188,4,31116,0
601,1107154,1179.5,956.5,3,31116,1
601,1107155,361.0,960.0,1,31117,0
601,1107156,1023.5999755859375,953.6000366210938,5,31118,0
601,1107157,996.2857055664062,954.3713989257812,6,31118,1
601,1107158,697.5,955.0,1,31118,2
601,1107159,429.5,958.5,1,31119,0
601,1107160,504.5,937.0,1,31119,1
601,1107161,1013.0667114257812,953.5333251953125,5,31120,0
601,1107162,996.2857055664062,954.3713989257812,7,31120,1
601,1107163,697.5,955.0,1,31120,2
601,1107164,1024.0999755859375,953.4000244140625,5,31121,0
601,1107165,1347.0,943.0,1,31121,1
601,1107166,1055.800048828125,955.125,5,31121,2
601,1107167,976.5714111328125,953.5714111328125,7,31122,0
601,1107168,697.5,955.0,2,31122,1
601,1107169,975.1904296875,953.6904296875,6,31122,2
601,1107170,1279.2916259765625,945.9166870117188,4,31123,0
601,1107171,1152.0,955.5,4,31123,1
601,1107172,910.1666870117188,951.0833129882812,3,31124,0
601,1107173,913.75,952.3333129882812,3,31124,1
601,1107174,697.5,955.0,1,31124,2
601,1107175,504.5,937.0,1,31124,3
601,1107176,291.0,771.0,1,31124,4
601,1107177,946.7000122070312,953.5,5,31125,0
601,1107178,945.9749755859375,953.5,4,31125,1
601,1107179,697.5,955.0,2,31125,2
601,1107180,504.5,937.0,1,31125,3
601,1107181,291.0,771.0,1,31125,4
601,1107182,991.4000244140625,953.5333251953125,6,31126,0
601,1107183,970.5429077148438,953.471435546875,6,31126,1
601,1107184,697.5,955.0,1,31126,2
601,1107185,1294.75,945.5750122070312,4,31127,0
601,1107186,1179.5,956.5,2,31127,1
601,1107187,926.9166870117188,952.5,4,31128,0
601,1107188,929.3333129882812,953.125,4,31128,1
601,1107189,697.5,955.0,1,31128,2
601,1107190,504.5,937.0,1,31128,3
601,1107191,291.0,771.0,1,31128,4
601,1107192,1125.6666259765625,955.75,3,31129,0
601,1107193,1254.875,947.125,4,31129,1
601,1107194,1042.0,945.5,1,31129,2
601,1107195,913.75,952.3333129882812,3,31130,0
601,1107196,697.5,955.0,1,31130,1
601,1107197,504.5,937.0,1,31130,2
601,1107198,926.9166870117188,952.5,4,31130,3
601,1107199,1000.625,955.0833129882812,5,31131,0
601,1107200,697.5,955.0,1,31131,1
601,1107201,1025.0999755859375,953.5667114257812,6,31131,2
601,1107202,1275.875,946.4000244140625,4,31132,0
601,1107203,1152.0,955.5,3,31132,1
601,1107204,1279.2916259765625,945.9166870117188,4,31133,0
601,1107205,1152.0,955.5,4,31133,1
601,1107206,996.2857055664062,954.3713989257812,6,31134,0
601,1107207,697.5,955.0,2,31134,1
601,1107208,994.9332885742188,954.7666625976562,6,31134,2
601,1107209,697.5,955.0,2,31135,0
601,1107210,291.0,771.0,1,31135,1
601,1107211,976.5714111328125,953.5714111328125,7,31135,2
601,1107212,975.1904296875,953.6904296875,6,31135,3
601,1107213,504.5,937.0,1,31136,0
601,1107214,291.0,771.0,1,31136,1
601,1107215,925.5,951.25,2,31136,2
601,1107216,429.5,958.5,1,31136,3
601,1107217,910.1666870117188,951.0833129882812,3,31136,4
601,1107218,291.0,771.0,1,31137,0
601,1107219,957.5,952.0,1,31137,1
601,1107220,697.5,955.0,1,31137,2
601,1107221,504.5,937.0,1,31137,3
601,1107222,910.1666870117188,951.0833129882812,3,31137,4
611,1107131,1036.4749755859375,952.8499755859375,5,31109,0
611,1107132,1000.625,955.0833129882812,5,31109,1
611,1107133,697.5,955.0,1,31109,2
611,1107134,1152.0,955.5,4,31110,0
611,1107135,1279.2916259765625,945.9166870117188,4,31110,1
611,1107136,1020.6857299804688,954.9570922851562,6,31111,0
611,1107137,697.5,955.0,1,31111,1
611,1107138,1347.0,943.0,1,31111,2
611,1107139,1035.875,952.625,5,31111,3
611,1107140,1000.625,955.0833129882812,5,31112,0
611,1107141,697.5,955.0,1,31112,1
611,1107142,1025.0999755859375,953.5667114257812,6,31112,2
611,1107143,929.3333129882812,953.125,6,31113,0
611,1107144,697.5,955.0,1,31113,1
611,1107145,504.5,937.0,1,31113,2
611,1107146,291.0,771.0,1,31113,3
611,1107147,960.9166870117188,953.625,4,31113,4
611,1107148,1281.5166015625,946.11669921875,6,31114,0
611,1107149,1042.0,945.5,1,31114,1
611,1107150,1125.6666259765625,955.75,3,31114,2
611,1107151,1026.375,955.3499755859375,5,31115,0
611,1107152,1013.5667114257812,953.3333129882812,6,31115,1
611,1107153,1279.2916259765625,945.9166870117188,4,31116,0
611,1107154,1179.5,956.5,3,31116,1
611,1107155,361.0,960.0,1,31117,0
611,1107156,1023.5999755859375,953.6000366210938,5,31118,0
611,1107157,996.2857055664062,954.3713989257812,6,31118,1
611,1107158,697.5,955.0,1,31118,2
611,1107159,429.5,958.5,1,31119,0
611,1107160,504.5,937.0,1,31119,1
611,1107161,1013.0667114257812,953.5333251953125,5,31120,0
611,1107162,996.2857055664062,954.3713989257812,7,31120,1
611,1107163,697.5,955.0,1,31120,2
611,1107164,1024.0999755859375,953.4000244140625,5,31121,0
611,1107165,1347.0,943.0,1,31121,1
611,1107166,1055.800048828125,955.125,5,31121,2
611,1107167,976.5714111328125,953.5714111328125,7,31122,0
611,1107168,697.5,955.0,2,31122,1
611,1107169,975.1904296875,953.6904296875,6,31122,2
611,1107170,1279.2916259765625,945.9166870117188,4,31123,0
611,1107171,1152.0,955.5,4,31123,1
611,1107172,910.1666870117188,951.0833129882812,3,31124,0
611,1107173,913.75,952.3333129882812,3,31124,1
611,1107174,697.5,955.0,1,31124,2
611,1107175,504.5,937.0,1,31124,3
611,1107176,291.0,771.0,1,31124,4
611,1107177,946.7000122070312,953.5,5,31125,0
611,1107178,945.9749755859375,953.5,4,31125,1
611,1107179,697.5,955.0,2,31125,2
611,1107180,504.5,937.0,1,31125,3
611,1107181,291.0,771.0,1,31125,4
611,1107182,991.4000244140625,953.5333251953125,6,31126,0
611,1107183,970.5429077148438,953.471435546875,6,31126,1
611,1107184,697.5,955.0,1,31126,2
611,1107185,1294.75,945.5750122070312,4,31127,0
611,1107186,1179.5,956.5,2,31127,1
611,1107187,926.9166870117188,952.5,4,31128,0
611,1107188,929.3333129882812,953.125,4,31128,1
611,1107189,697.5,955.0,1,31128,2
611,1107190,504.5,937.0,1,31128,3
611,1107191,291.0,771.0,1,31128,4
611,1107192,1125.6666259765625,955.75,3,31129,0
611,1107193,1254.875,947.125,4,31129,1
611,1107194,1042.0,945.5,1,31129,2
611,1107195,913.75,952.3333129882812,3,31130,0
611,1107196,697.5,955.0,1,31130,1
611,1107197,504.5,937.0,1,31130,2
611,1107198,926.9166870117188,952.5,4,31130,3
611,1107199,1000.625,955.0833129882812,5,31131,0
611,1107200,697.5,955.0,1,31131,1
611,1107201,1025.0999755859375,953.5667114257812,6,31131,2
611,1107202,1275.875,946.4000244140625,4,31132,0
611,1107203,1152.0,955.5,3,31132,1
611,1107204,1279.2916259765625,945.9166870117188,4,31133,0
611,1107205,1152.0,955.5,4,31133,1
611,1107206,996.2857055664062,954.3713989257812,6,31134,0
611,1107207,697.5,955.0,2,31134,1
611,1107208,994.9332885742188,954.7666625976562,6,31134,2
611,1107209,697.5,955.0,2,31135,0
611,1107210,291.0,771.0,1,31135,1
611,1107211,976.5714111328125,953.5714111328125,7,31135,2
611,1107212,975.1904296875,953.6904296875,6,31135,3
611,1107213,504.5,937.0,1,31136,0
611,1107214,291.0,771.0,1,31136,1
611,1107215,925.5,951.25,2,31136,2
611,1107216,429.5,958.5,1,31136,3
611,1107217,910.1666870117188,951.0833129882812,3,31136,4
611,1107218,291.0,771.0,1,31137,0
611,1107219,957.5,952.0,1,31137,1
611,1107220,697.5,955.0,1,31137,2
611,1107221,504.5,937.0,1,31137,3
611,1107222,910.1666870117188,951.0833129882812,3,31137,4
621,1107131,1049.4749755859375,945.8499755859375,5,31109,0
621,1107132,992.625,954.6832885742188,5,31109,1
621,1107133,699.5,954.5,1,31109,2
621,1107134,1146.8333740234375,954.1666870117188,3,31110,0
621,1107135,1277.4166259765625,945.7916870117188,4,31110,1
621,1107136,1009.5607299804688,955.5820922851562,4,31111,0
621,1107137,699.5,954.5,1,31111,1
621,1107138,1338.0,942.5,1,31111,2
621,1107139,1047.574951171875,945.4249877929688,5,31111,3
621,1107140,994.375,954.5833129882812,6,31112,0
621,1107141,699.5,954.5,1,31112,1
621,1107142,1035.5,945.5667114257812,5,31112,2
621,1107143,916.9332885742188,952.8250122070312,5,31113,0
621,1107144,693.5,955.5,2,31113,1
621,1107145,538.0,930.5,1,31113,2
621,1107146,287.0,769.5,1,31113,3
621,1107147,963.4166870117188,953.125,3,31113,4
621,1107148,1277.4166259765625,945.11669921875,5,31114,0
621,1107149,1096.0,912.0,1,31114,1
621,1107150,1103.9166259765625,956.75,2,31114,2
621,1107151,1020.5416870117188,954.9332885742188,6,31115,0
621,1107152,1020.9667358398438,945.7333374023438,5,31115,1
621,1107153,1277.4166259765625,945.7916870117188,4,31116,0
621,1107154,1174.3333740234375,955.1666870117188,3,31116,1
621,1107155,345.5,961.0,1,31117,0
621,1107156,1024.5999755859375,947.2667236328125,6,31118,0
621,1107157,988.2857055664062,954.7463989257812,4,31118,1
621,1107158,699.5,954.5,1,31118,2
621,1107159,422.0,956.5,1,31119,0
621,1107160,538.0,930.5,1,31119,1
621,1107161,1015.1500244140625,948.1166381835938,6,31120,0
621,1107162,987.7857055664062,953.4713745117188,5,31120,1
621,1107163,699.5,954.5,1,31120,2
621,1107164,1034.5,945.4000244140625,5,31121,0
621,1107165,1338.0,942.5,1,31121,1
621,1107166,1047.7000732421875,954.625,5,31121,2
621,1107167,964.67138671875,954.3713989257812,5,31122,0
621,1107168,693.5,955.5,2,31122,1
621,1107169,977.6904296875,953.0654296875,4,31122,2
621,1107170,1277.4166259765625,945.7916870117188,4,31123,0
621,1107171,1146.8333740234375,954.1666870117188,3,31123,1
621,1107172,909.1666870117188,949.8333129882812,2,31124,0
621,1107173,903.5,952.8333129882812,2,31124,1
621,1107174,685.1666870117188,956.3333129882812,3,31124,2
621,1107175,538.0,930.5,1,31124,3
621,1107176,287.0,769.5,1,31124,4
621,1107177,945.0,952.4000244140625,5,31125,0
621,1107178,929.4749755859375,955.1666870117188,3,31125,1
621,1107179,697.5,954.0,3,31125,2
621,1107180,538.0,930.5,1,31125,3
621,1107181,287.0,769.5,1,31125,4
621,1107182,1006.0250244140625,944.6583251953125,4,31126,0
621,1107183,960.4429321289062,954.5714111328125,5,31126,1
621,1107184,699.5,954.5,1,31126,2
621,1107185,1291.75,945.5750122070312,3,31127,0
621,1107186,1174.3333740234375,955.1666870117188,3,31127,1
621,1107187,923.9166870117188,950.375,4,31128,0
621,1107188,912.0,954.625,3,31128,1
621,1107189,694.75,955.25,2,31128,2
621,1107190,538.0,930.5,1,31128,3
621,1107191,287.0,769.5,1,31128,4
621,1107192,1103.9166259765625,956.75,2,31129,0
621,1107193,1252.75,945.75,4,31129,1
621,1107194,1096.0,912.0,1,31129,2
621,1107195,903.5,952.8333129882812,2,31130,0
621,1107196,685.1666870117188,956.3333129882812,3,31130,1
621,1107197,538.0,930.5,1,31130,2
621,1107198,922.75,949.6666870117188,3,31130,3
621,1107199,994.375,954.5833129882812,6,31131,0
621,1107200,699.5,954.5,1,31131,1
621,1107201,1035.5,945.5667114257812,5,31131,2
621,1107202,1274.0,946.2750244140625,4,31132,0
621,1107203,1145.5,953.0,2,31132,1
621,1107204,1277.4166259765625,945.7916870117188,4,31133,0
621,1107205,1146.8333740234375,954.1666870117188,3,31133,1
621,1107206,983.202392578125,954.9547119140625,6,31134,0
621,1107207,693.5,955.5,2,31134,1
621,1107208,997.5166015625,952.5166625976562,6,31134,2
621,1107209,693.5,955.5,2,31135,0
621,1107210,287.0,769.5,1,31135,1
621,1107211,964.67138671875,954.3713989257812,5,31135,2
621,1107212,977.6904296875,953.0654296875,4,31135,3
621,1107213,538.0,930.5,1,31136,0
621,1107214,287.0,769.5,1,31136,1
621,1107215,898.25,954.0,2,31136,2
621,1107216,422.0,956.5,1,31136,3
621,1107217,909.1666870117188,949.8333129882812,2,31136,4
621,1107218,287.0,769.5,1,31137,0
621,1107219,926.0,955.5,1,31137,1
621,1107220,694.75,955.25,2,31137,2
621,1107221,538.0,930.5,1,31137,3
621,1107222,909.1666870117188,949.8333129882812,2,31137,4
641,1107223,1210.375,956.625,4,31138,0
641,1107224,1146.0999755859375,953.7999877929688,5,31138,1
641,1107225,989.4444580078125,953.8333129882812,9,31139,0
641,1107226,1093.0,952.1666870117188,3,31139,1
641,1107227,980.9375,954.125,8,31140,0
641,1107228,1093.0,952.1666870117188,3,31140,1
641,1107229,1093.0,952.1666870117188,3,31141,0
641,1107230,1013.0908813476562,954.0,11,31141,1
641,1107231,1146.0999755859375,953.7999877929688,5,31142,0
641,1107232,1191.0,955.0999755859375,5,31142,1
641,1107233,1138.300048828125,956.2000122070312,5,31143,0
641,1107234,1026.875,954.2083129882812,12,31143,1
641,1107235,1083.8333740234375,953.9166870117188,6,31144,0
641,1107236,1159.3333740234375,955.5,6,31144,1
641,1107237,302.5,961.5,1,31145,0
641,1107238,980.9375,954.125,8,31146,0
641,1107239,1093.0,952.1666870117188,3,31146,1
641,1107240,989.4444580078125,953.8333129882812,9,31147,0
641,1107241,1093.0,952.1666870117188,3,31147,1
641,1107242,1210.375,956.625,4,31148,0
641,1107243,1146.0999755859375,953.7999877929688,5,31148,1
641,1107244,777.0,948.1666870117188,3,31149,0
641,1107245,849.75,949.75,2,31149,1
641,1107246,777.0,948.1666870117188,3,31150,0
641,1107247,849.75,949.75,2,31150,1
641,1107248,1225.6666259765625,958.8333129882812,3,31151,0
641,1107249,1146.0999755859375,953.7999877929688,5,31151,1
641,1107250,849.75,949.75,2,31152,0
641,1107251,777.0,948.1666870117188,3,31152,1
641,1107252,1118.75,954.375,4,31153,0
641,1107253,1191.0,955.0999755859375,5,31153,1
641,1107254,1093.0,952.1666870117188,3,31154,0
641,1107255,989.4444580078125,953.8333129882812,9,31154,1
641,1107256,1118.75,954.375,4,31155,0
641,1107257,1210.375,956.625,4,31155,1
641,1107258,1255.5,951.5,1,31156,0
641,1107259,1085.0,951.5,1,31156,1
641,1107260,1225.6666259765625,958.8333129882812,3,31156,2
641,1107261,980.9375,954.125,8,31157,0
641,1107262,1093.0,952.1666870117188,3,31157,1
641,1107263,980.9375,954.125,8,31158,0
641,1107264,1093.0,952.1666870117188,3,31158,1
641,1107265,964.0,953.4444580078125,9,31159,0
641,1107266,1093.0,952.1666870117188,3,31159,1
641,1107267,807.5,949.75,2,31159,2
641,1107268,777.0,948.1666870117188,3,31160,0
641,1107269,828.5,948.0,1,31160,1
641,1107270,980.9375,954.125,8,31161,0
641,1107271,1093.0,952.1666870117188,3,31161,1
651,1107223,1210.375,956.625,4,31138,0
651,1107224,1146.0999755859375,953.7999877929688,5,31138,1
651,1107225,989.4444580078125,953.8333129882812,9,31139,0
651,1107226,1093.0,952.1666870117188,3,31139,1
651,1107227,980.9375,954.125,8,31140,0
651,1107228,1093.0,952.1666870117188,3,31140,1
651,1107229,1093.0,952.1666870117188,3,31141,0
651,1107230,1013.0908813476562,954.0,11,31141,1
651,1107231,1146.0999755859375,953.7999877929688,5,31142,0
651,1107232,1191.0,955.0999755859375,5,31142,1
651,1107233,1138.300048828125,956.2000122070312,5,31143,0
651,1107234,1026.875,954.2083129882812,12,31143,1
651,1107235,1083.8333740234375,953.9166870117188,6,31144,0
651,1107236,1159.3333740234375,955.5,6,31144,1
651,1107237,302.5,961.5,1,31145,0
651,1107238,980.9375,954.125,8,31146,0
651,1107239,1093.0,952.1666870117188,3,31146,1
651,1107240,989.4444580078125,953.8333129882812,9,31147,0
651,1107241,1093.0,952.1666870117188,3,31147,1
651,1107242,1210.375,956.625,4,31148,0
651,1107243,1146.0999755859375,953.7999877929688,5,31148,1
651,1107244,777.0,948.1666870117188,3,31149,0
651,1107245,849.75,949.75,2,31149,1
651,1107246,777.0,948.1666870117188,3,31150,0
651,1107247,849.75,949.75,2,31150,1
651,1107248,1225.6666259765625,958.8333129882812,3,31151,0
651,1107249,1146.0999755859375,953.7999877929688,5,31151,1
651,1107250,849.75,949.75,2,31152,0
651,1107251,777.0,948.1666870117188,3,31152,1
651,1107252,1118.75,954.375,4,31153,0
651,1107253,1191.0,955.0999755859375,5,31153,1
651,1107254,1093.0,952.1666870117188,3,31154,0
651,1107255,989.4444580078125,953.8333129882812,9,31154,1
651,1107256,1118.75,954.375,4,31155,0
651,1107257,1210.375,956.625,4,31155,1
651,1107258,1255.5,951.5,1,31156,0
651,1107259,1085.0,951.5,1,31156,1
651,1107260,1225.6666259765625,958.8333129882812,3,31156,2
651,1107261,980.9375,954.125,8,31157,0
651,1107262,1093.0,952.1666870117188,3,31157,1
651,1107263,980.9375,954.125,8,31158,0
651,1107264,1093.0,952.1666870117188,3,31158,1
651,1107265,964.0,953.4444580078125,9,31159,0
651,1107266,1093.0,952.1666870117188,3,31159,1
651,1107267,807.5,949.75,2,31159,2
651,1107268,777.0,948.1666870117188,3,31160,0
651,1107269,828.5,948.0,1,31160,1
651,1107270,980.9375,954.125,8,31161,0
651,1107271,1093.0,952.1666870117188,3,31161,1
661,1107223,1210.375,956.625,4,31138,0
661,1107224,1146.0999755859375,953.7999877929688,5,31138,1
661,1107225,989.4444580078125,953.8333129882812,9,31139,0
661,1107226,1093.0,952.1666870117188,3,31139,1
661,1107227,980.9375,954.125,8,31140,0
661,1107228,1093.0,952.1666870117188,3,31140,1
661,1107229,1093.0,952.1666870117188,3,31141,0
661,1107230,1013.0908813476562,954.0,11,31141,1
661,1107231,1146.0999755859375,953.7999877929688,5,31142,0
661,1107232,1191.0,955.0999755859375,5,31142,1
661,1107233,1138.300048828125,956.2000122070312,5,31143,0
661,1107234,1026.875,954.2083129882812,12,31143,1
661,1107235,1083.8333740234375,953.9166870117188,6,31144,0
661,1107236,1159.3333740234375,955.5,6,31144,1
661,1107237,302.5,961.5,1,31145,0
661,1107238,980.9375,954.125,8,31146,0
661,1107239,1093.0,952.1666870117188,3,31146,1
661,1107240,989.4444580078125,953.8333129882812,9,31147,0
661,1107241,1093.0,952.1666870117188,3,31147,1
661,1107242,1210.375,956.625,4,31148,0
661,1107243,1146.0999755859375,953.7999877929688,5,31148,1
661,1107244,777.0,948.1666870117188,3,31149,0
661,1107245,849.75,949.75,2,31149,1
661,1107246,777.0,948.1666870117188,3,31150,0
661,1107247,849.75,949.75,2,31150,1
661,1107248,1225.6666259765625,958.8333129882812,3,31151,0
661,1107249,1146.0999755859375,953.7999877929688,5,31151,1
661,1107250,849.75,949.75,2,31152,0
661,1107251,777.0,948.1666870117188,3,31152,1
661,1107252,1118.75,954.375,4,31153,0
661,1107253,1191.0,955.0999755859375,5,31153,1
661,1107254,1093.0,952.1666870117188,3,31154,0
661,1107255,989.4444580078125,953.8333129882812,9,31154,1
661,1107256,1118.75,954.375,4,31155,0
661,1107257,1210.375,956.625,4,31155,1
661,1107258,1255.5,951.5,1,31156,0
661,1107259,1085.0,951.5,1,31156,1
661,1107260,1225.6666259765625,958.8333129882812,3,31156,2
661,1107261,980.9375,954.125,8,31157,0
661,1107262,1093.0,952.1666870117188,3,31157,1
661,1107263,980.9375,954.125,8,31158,0
661,1107264,1093.0,952.1666870117188,3,31158,1
661,1107265,964.0,953.4444580078125,9,31159,0
661,1107266,1093.0,952.1666870117188,3,31159,1
661,1107267,807.5,949.75,2,31159,2
661,1107268,777.0,948.1666870117188,3,31160,0
661,1107269,828.5,948.0,1,31160,1
661,1107270,980.9375,954.125,8,31161,0
661,1107271,1093.0,952.1666870117188,3,31161,1
671,1107223,1210.375,956.625,4,31138,0
671,1107224,1146.0999755859375,953.7999877929688,5,31138,1
671,1107225,989.4444580078125,953.8333129882812,9,31139,0
671,1107226,1093.0,952.1666870117188,3,31139,1
671,1107227,980.9375,954.125,8,31140,0
671,1107228,1093.0,952.1666870117188,3,31140,1
671,1107229,1093.0,952.1666870117188,3,31141,0
671,1107230,1013.0908813476562,954.0,11,31141,1
671,1107231,1146.0999755859375,953.7999877929688,5,31142,0
671,1107232,1191.0,955.0999755859375,5,31142,1
671,1107233,1138.300048828125,956.2000122070312,5,31143,0
671,1107234,1026.875,954.2083129882812,12,31143,1
671,1107235,1083.8333740234375,953.9166870117188,6,31144,0
671,1107236,1159.3333740234375,955.5,6,31144,1
671,1107237,302.5,961.5,1,31145,0
671,1107238,980.9375,954.125,8,31146,0
671,1107239,1093.0,952.1666870117188,3,31146,1
671,1107240,989.4444580078125,953.8333129882812,9,31147,0
671,1107241,1093.0,952.1666870117188,3,31147,1
671,1107242,1210.375,956.625,4,31148,0
671,1107243,1146.0999755859375,953.7999877929688,5,31148,1
671,1107244,777.0,948.1666870117188,3,31149,0
671,1107245,849.75,949.75,2,31149,1
671,1107246,777.0,948.1666870117188,3,31150,0
671,1107247,849.75,949.75,2,31150,1
671,1107248,1225.6666259765625,958.8333129882812,3,31151,0
671,1107249,1146.0999755859375,953.7999877929688,5,31151,1
671,1107250,849.75,949.75,2,31152,0
671,1107251,777.0,948.1666870117188,3,31152,1
671,1107252,1118.75,954.375,4,31153,0
671,1107253,1191.0,955.0999755859375,5,31153,1
671,1107254,1093.0,952.1666870117188,3,31154,0
671,1107255,989.4444580078125,953.8333129882812,9,31154,1
671,1107256,1118.75,954.375,4,31155,0
671,1107257,1210.375,956.625,4,31155,1
671,1107258,1255.5,951.5,1,31156,0
671,1107259,1085.0,951.5,1,31156,1
671,1107260,1225.6666259765625,958.8333129882812,3,31156,2
671,1107261,980.9375,954.125,8,31157,0
671,1107262,1093.0,952.1666870117188,3,31157,1
671,1107263,980.9375,954.125,8,31158,0
671,1107264,1093.0,952.1666870117188,3,31158,1
671,1107265,964.0,953.4444580078125,9,31159,0
671,1107266,1093.0,952.1666870117188,3,31159,1
671,1107267,807.5,949.75,2,31159,2
671,1107268,777.0,948.1666870117188,3,31160,0
671,1107269,828.5,948.0,1,31160,1
671,1107270,980.9375,954.125,8,31161,0
671,1107271,1093.0,952.1666870117188,3,31161,1
681,1107223,1210.375,956.625,4,31138,0
681,1107224,1146.0999755859375,953.7999877929688,5,31138,1
681,1107225,989.4444580078125,953.8333129882812,9,31139,0
681,1107226,1093.0,952.1666870117188,3,31139,1
681,1107227,980.9375,954.125,8,31140,0
681,1107228,1093.0,952.1666870117188,3,31140,1
681,1107229,1093.0,952.1666870117188,3,31141,0
681,1107230,1013.0908813476562,954.0,11,31141,1
681,1107231,1146.0999755859375,953.7999877929688,5,31142,0
681,1107232,1191.0,955.0999755859375,5,31142,1
681,1107233,1138.300048828125,956.2000122070312,5,31143,0
681,1107234,1026.875,954.2083129882812,12,31143,1
681,1107235,1083.8333740234375,953.9166870117188,6,31144,0
681,1107236,1159.3333740234375,955.5,6,31144,1
681,1107237,302.5,961.5,1,31145,0
681,1107238,980.9375,954.125,8,31146,0
681,1107239,1093.0,952.1666870117188,3,31146,1
681,1107240,989.4444580078125,953.8333129882812,9,31147,0
681,1107241,1093.0,952.1666870117188,3,31147,1
681,1107242,1210.375,956.625,4,31148,0
681,1107243,1146.0999755859375,953.7999877929688,5,31148,1
681,1107244,777.0,948.1666870117188,3,31149,0
681,1107245,849.75,949.75,2,31149,1
681,1107246,777.0,948.1666870117188,3,31150,0
681,1107247,849.75,949.75,2,31150,1
681,1107248,1225.6666259765625,958.8333129882812,3,31151,0
681,1107249,1146.0999755859375,953.7999877929688,5,31151,1
681,1107250,849.75,949.75,2,31152,0
681,1107251,777.0,948.1666870117188,3,31152,1
681,1107252,1118.75,954.375,4,31153,0
681,1107253,1191.0,955.0999755859375,5,31153,1
681,1107254,1093.0,952.1666870117188,3,31154,0
681,1107255,989.4444580078125,953.8333129882812,9,31154,1
681,1107256,1118.75,954.375,4,31155,0
681,1107257,1210.375,956.625,4,31155,1
681,1107258,1255.5,951.5,1,31156,0
681,1107259,1085.0,951.5,1,31156,1
681,1107260,1225.6666259765625,958.8333129882812,3,31156,2
681,1107261,980.9375,954.125,8,31157,0
681,1107262,1093.0,952.1666870117188,3,31157,1
681,1107263,980.9375,954.125,8,31158,0
681,1107264,1093.0,952.1666870117188,3,31158,1
681,1107265,964.0,953.4444580078125,9,31159,0
681,1107266,1093.0,952.1666870117188,3,31159,1
681,1107267,807.5,949.75,2,31159,2
681,1107268,777.0,948.1666870117188,3,31160,0
681,1107269,828.5,948.0,1,31160,1
681,1107270,980.9375,954.125,8,31161,0
681,1107271,1093.0,952.1666870117188,3,31161,1
691,1107223,1210.375,956.625,4,31138,0
691,1107224,1146.0999755859375,953.7999877929688,5,31138,1
691,1107225,989.4444580078125,953.8333129882812,9,31139,0
691,1107226,1093.0,952.1666870117188,3,31139,1
691,1107227,980.9375,954.125,8,31140,0
691,1107228,1093.0,952.1666870117188,3,31140,1
691,1107229,1093.0,952.1666870117188,3,31141,0
691,1107230,1013.0908813476562,954.0,11,31141,1
691,1107231,1146.0999755859375,953.7999877929688,5,31142,0
691,1107232,1191.0,955.0999755859375,5,31142,1
691,1107233,1138.300048828125,956.2000122070312,5,31143,0
691,1107234,1026.875,954.2083129882812,12,31143,1
691,1107235,1083.8333740234375,953.9166870117188,6,31144,0
691,1107236,1159.3333740234375,955.5,6,31144,1
691,1107237,302.5,961.5,1,31145,0
691,1107238,980.9375,954.125,8,31146,0
691,1107239,1093.0,952.1666870117188,3,31146,1
691,1107240,989.4444580078125,953.8333129882812,9,31147,0
691,1107241,1093.0,952.1666870117188,3,31147,1
691,1107242,1210.375,956.625,4,31148,0
691,1107243,1146.0999755859375,953.7999877929688,5,31148,1
691,1107244,777.0,948.1666870117188,3,31149,0
691,1107245,849.75,949.75,2,31149,1
691,1107246,777.0,948.1666870117188,3,31150,0
691,1107247,849.75,949.75,2,31150,1
691,1107248,1225.6666259765625,958.8333129882812,3,31151,0
691,1107249,1146.0999755859375,953.7999877929688,5,31151,1
691,1107250,849.75,949.75,2,31152,0
691,1107251,777.0,948.1666870117188,3,31152,1
691,1107252,1118.75,954.375,4,31153,0
691,1107253,1191.0,955.0999755859375,5,31153,1
691,1107254,1093.0,952.1666870117188,3,31154,0
691,1107255,989.4444580078125,953.8333129882812,9,31154,1
691,1107256,1118.75,954.375,4,31155,0
691,1107257,1210.375,956.625,4,31155,1
691,1107258,1255.5,951.5,1,31156,0
691,1107259,1085.0,951.5,1,31156,1
691,1107260,1225.6666259765625,958.8333129882812,3,31156,2
691,1107261,980.9375,954.125,8,31157,0
691,1107262,1093.0,952.1666870117188,3,31157,1
691,1107263,980.9375,954.125,8,31158,0
691,1107264,1093.0,952.1666870117188,3,31158,1
691,1107265,964.0,953.4444580078125,9,31159,0
691,1107266,1093.0,952.1666870117188,3,31159,1
691,1107267,807.5,949.75,2,31159,2
691,1107268,777.0,948.1666870117188,3,31160,0
691,1107269,828.5,948.0,1,31160,1
691,1107270,980.9375,954.125,8,31161,0
691,1107271,1093.0,952.1666870117188,3,31161,1
701,1107223,1210.375,956.625,4,31138,0
701,1107224,1146.0999755859375,953.7999877929688,5,31138,1
701,1107225,989.4444580078125,953.8333129882812,9,31139,0
701,1107226,1093.0,952.1666870117188,3,31139,1
701,1107227,980.9375,954.125,8,31140,0
701,1107228,1093.0,952.1666870117188,3,31140,1
701,1107229,1093.0,952.1666870117188,3,31141,0
701,1107230,1013.0908813476562,954.0,11,31141,1
701,1107231,1146.0999755859375,953.7999877929688,5,31142,0
701,1107232,1191.0,955.0999755859375,5,31142,1
701,1107233,1138.300048828125,956.2000122070312,5,31143,0
701,1107234,1026.875,954.2083129882812,12,31143,1
701,1107235,1083.8333740234375,953.9166870117188,6,31144,0
701,1107236,1159.3333740234375,955.5,6,31144,1
701,1107237,302.5,961.5,1,31145,0
701,1107238,980.9375,954.125,8,31146,0
701,1107239,1093.0,952.1666870117188,3,31146,1
701,1107240,989.4444580078125,953.8333129882812,9,31147,0
701,1107241,1093.0,952.1666870117188,3,31147,1
701,1107242,1210.375,956.625,4,31148,0
701,1107243,1146.0999755859375,953.7999877929688,5,31148,1
701,1107244,777.0,948.1666870117188,3,31149,0
701,1107245,849.75,949.75,2,31149,1
701,1107246,777.0,948.1666870117188,3,31150,0
701,1107247,849.75,949.75,2,31150,1
701,1107248,1225.6666259765625,958.8333129882812,3,31151,0
701,1107249,1146.0999755859375,953.7999877929688,5,31151,1
701,1107250,849.75,949.75,2,31152,0
701,1107251,777.0,948.1666870117188,3,31152,1
701,1107252,1118.75,954.375,4,31153,0
701,1107253,1191.0,955.0999755859375,5,31153,1
701,1107254,1093.0,952.1666870117188,3,31154,0
701,1107255,989.4444580078125,953.8333129882812,9,31154,1
701,1107256,1118.75,954.375,4,31155,0
701,1107257,1210.375,956.625,4,31155,1
701,1107258,1255.5,951.5,1,31156,0
701,1107259,1085.0,951.5,1,31156,1
701,1107260,1225.6666259765625,958.8333129882812,3,31156,2
701,1107261,980.9375,954.125,8,31157,0
701,1107262,1093.0,952.1666870117188,3,31157,1
701,1107263,980.9375,954.125,8,31158,0
701,1107264,1093.0,952.1666870117188,3,31158,1
701,1107265,964.0,953.4444580078125,9,31159,0
701,1107266,1093.0,952.1666870117188,3,31159,1
701,1107267,807.5,949.75,2,31159,2
701,1107268,777.0,948.1666870117188,3,31160,0
701,1107269,828.5,948.0,1,31160,1
701,1107270,980.9375,954.125,8,31161,0
701,1107271,1093.0,952.1666870117188,3,31161,1
711,1107223,1210.375,956.625,4,31138,0
711,1107224,1146.0999755859375,953.7999877929688,5,31138,1
711,1107225,989.4444580078125,953.8333129882812,9,31139,0
711,1107226,1093.0,952.1666870117188,3,31139,1
711,1107227,980.9375,954.125,8,31140,0
711,1107228,1093.0,952.1666870117188,3,31140,1
711,1107229,1093.0,952.1666870117188,3,31141,0
711,1107230,1013.0908813476562,954.0,11,31141,1
711,1107231,1146.0999755859375,953.7999877929688,5,31142,0
711,1107232,1191.0,955.0999755859375,5,31142,1
711,1107233,1138.300048828125,956.2000122070312,5,31143,0
711,1107234,1026.875,954.2083129882812,12,31143,1
711,1107235,1083.8333740234375,953.9166870117188,6,31144,0
711,1107236,1159.3333740234375,955.5,6,31144,1
711,1107237,302.5,961.5,1,31145,0
711,1107238,980.9375,954.125,8,31146,0
711,1107239,1093.0,952.1666870117188,3,31146,1
711,1107240,989.4444580078125,953.8333129882812,9,31147,0
711,1107241,1093.0,952.1666870117188,3,31147,1
711,1107242,1210.375,956.625,4,31148,0
711,1107243,1146.0999755859375,953.7999877929688,5,31148,1
711,1107244,777.0,948.1666870117188,3,31149,0
711,1107245,849.75,949.75,2,31149,1
711,1107246,777.0,948.1666870117188,3,31150,0
711,1107247,849.75,949.75,2,31150,1
711,1107248,1225.6666259765625,958.8333129882812,3,31151,0
711,1107249,1146.0999755859375,953.7999877929688,5,31151,1
711,1107250,849.75,949.75,2,31152,0
711,1107251,777.0,948.1666870117188,3,31152,1
711,1107252,1118.75,954.375,4,31153,0
711,1107253,1191.0,955.0999755859375,5,31153,1
711,1107254,1093.0,952.1666870117188,3,31154,0
711,1107255,989.4444580078125,953.8333129882812,9,31154,1
711,1107256,1118.75,954.375,4,31155,0
711,1107257,1210.375,956.625,4,31155,1
711,1107258,1255.5,951.5,1,31156,0
711,1107259,1085.0,951.5,1,31156,1
711,1107260,1225.6666259765625,958.8333129882812,3,31156,2
711,1107261,980.9375,954.125,8,31157,0
711,1107262,1093.0,952.1666870117188,3,31157,1
711,1107263,980.9375,954.125,8,31158,0
711,1107264,1093.0,952.1666870117188,3,31158,1
711,1107265,964.0,953.4444580078125,9,31159,0
711,1107266,1093.0,952.1666870117188,3,31159,1
711,1107267,807.5,949.75,2,31159,2
711,1107268,777.0,948.1666870117188,3,31160,0
711,1107269,828.5,948.0,1,31160,1
711,1107270,980.9375,954.125,8,31161,0
711,1107271,1093.0,952.1666870117188,3,31161,1
721,1107223,1210.375,956.625,4,31138,0
721,1107224,1146.0999755859375,953.7999877929688,5,31138,1
721,1107225,989.4444580078125,953.8333129882812,9,31139,0
721,1107226,1093.0,952.1666870117188,3,31139,1
721,1107227,980.9375,954.125,8,31140,0
721,1107228,1093.0,952.1666870117188,3,31140,1
721,1107229,1093.0,952.1666870117188,3,31141,0
721,1107230,1013.0908813476562,954.0,11,31141,1
721,1107231,1146.0999755859375,953.7999877929688,5,31142,0
721,1107232,1191.0,955.0999755859375,5,31142,1
721,1107233,1138.300048828125,956.2000122070312,5,31143,0
721,1107234,1026.875,954.2083129882812,12,31143,1
721,1107235,1083.8333740234375,953.9166870117188,6,31144,0
721,1107236,1159.3333740234375,955.5,6,31144,1
721,1107237,302.5,961.5,1,31145,0
721,1107238,980.9375,954.125,8,31146,0
721,1107239,1093.0,952.1666870117188,3,31146,1
721,1107240,989.4444580078125,953.8333129882812,9,31147,0
721,1107241,1093.0,952.1666870117188,3,31147,1
721,1107242,1210.375,956.625,4,31148,0
721,1107243,1146.0999755859375,953.7999877929688,5,31148,1
721,1107244,777.0,948.1666870117188,3,31149,0
721,1107245,849.75,949.75,2,31149,1
721,1107246,777.0,948.1666870117188,3,31150,0
721,1107247,849.75,949.75,2,31150,1
721,1107248,1225.6666259765625,958.8333129882812,3,31151,0
721,1107249,1146.0999755859375,953.7999877929688,5,31151,1
721,1107250,849.75,949.75,2,31152,0
721,1107251,777.0,948.1666870117188,3,31152,1
721,1107252,1118.75,954.375,4,31153,0
721,1107253,1191.0,955.0999755859375,5,31153,1
721,1107254,1093.0,952.1666870117188,3,31154,0
721,1107255,989.4444580078125,953.8333129882812,9,31154,1
721,1107256,1118.75,954.375,4,31155,0
721,1107257,1210.375,956.625,4,31155,1
721,1107258,1255.5,951.5,1,31156,0
721,1107259,1085.0,951.5,1,31156,1
721,1107260,1225.6666259765625,958.8333129882812,3,31156,2
721,1107261,980.9375,954.125,8,31157,0
721,1107262,1093.0,952.1666870117188,3,31157,1
721,1107263,980.9375,954.125,8,31158,0
721,1107264,1093.0,952.1666870117188,3,31158,1
721,1107265,964.0,953.4444580078125,9,31159,0
721,1107266,1093.0,952.1666870117188,3,31159,1
721,1107267,807.5,949.75,2,31159,2
721,1107268,777.0,948.1666870117188,3,31160,0
721,1107269,828.5,948.0,1,31160,1
721,1107270,980.9375,954.125,8,31161,0
721,1107271,1093.0,952.1666870117188,3,31161,1
731,1107223,1208.625,956.375,4,31138,0
731,1107224,1160.8499755859375,954.0499877929688,4,31138,1
731,1107225,992.2301635742188,954.1190185546875,7,31139,0
731,1107226,1091.0,952.5,3,31139,1
731,1107227,982.2708129882812,954.2916870117188,6,31140,0
731,1107228,1091.5,952.6666870117188,3,31140,1
731,1107229,1092.4000244140625,952.5667114257812,5,31141,0
731,1107230,1018.7783813476562,954.3125,8,31141,1
731,1107231,1160.8499755859375,954.0499877929688,4,31142,0
731,1107232,1188.300048828125,955.0,5,31142,1
731,1107233,1137.800048828125,956.2000122070312,5,31143,0
731,1107234,1031.675048828125,954.50830078125,10,31143,1
731,1107235,1093.3333740234375,954.4166870117188,4,31144,0
731,1107236,1159.2333984375,955.2000122070312,5,31144,1
731,1107237,292.5,961.5,1,31145,0
731,1107238,982.2708129882812,954.2916870117188,6,31146,0
731,1107239,1091.5,952.6666870117188,3,31146,1
731,1107240,992.2301635742188,954.1190185546875,7,31147,0
731,1107241,1091.0,952.5,3,31147,1
731,1107242,1208.625,956.375,4,31148,0
731,1107243,1160.8499755859375,954.0499877929688,4,31148,1
731,1107244,777.25,949.6666870117188,2,31149,0
731,1107245,855.5,946.5,2,31149,1
731,1107246,777.25,949.6666870117188,2,31150,0
731,1107247,855.5,946.5,2,31150,1
731,1107248,1226.333251953125,958.1666259765625,3,31151,0
731,1107249,1160.8499755859375,954.0499877929688,4,31151,1
731,1107250,855.5,946.5,2,31152,0
731,1107251,777.25,949.6666870117188,2,31152,1
731,1107252,1131.75,954.875,3,31153,0
731,1107253,1188.300048828125,955.0,5,31153,1
731,1107254,1091.0,952.5,3,31154,0
731,1107255,992.2301635742188,954.1190185546875,7,31154,1
731,1107256,1131.75,954.875,3,31155,0
731,1107257,1208.625,956.375,4,31155,1
731,1107258,1275.5,951.0,1,31156,0
731,1107259,1115.0,952.0,1,31156,1
731,1107260,1226.1666259765625,957.5833129882812,2,31156,2
731,1107261,982.2708129882812,954.2916870117188,6,31157,0
731,1107262,1091.5,952.6666870117188,3,31157,1
731,1107263,982.2708129882812,954.2916870117188,6,31158,0
731,1107264,1091.5,952.6666870117188,3,31158,1
731,1107265,964.4285888671875,952.8015747070312,7,31159,0
731,1107266,1093.75,952.4166870117188,4,31159,1
731,1107267,794.25,949.0,2,31159,2
731,1107268,777.25,949.6666870117188,2,31160,0
731,1107269,832.0,941.5,1,31160,1
731,1107270,982.2708129882812,954.2916870117188,6,31161,0
731,1107271,1091.5,952.6666870117188,3,31161,1
741,1107223,1208.625,956.375,4,31138,0
741,1107224,1160.8499755859375,954.0499877929688,5,31138,1
741,1107225,992.2301635742188,954.1190185546875,9,31139,0
741,1107226,1091.0,952.5,3,31139,1
741,1107227,982.2708129882812,954.2916870117188,8,31140,0
741,1107228,1091.5,952.6666870117188,3,31140,1
741,1107229,1092.4000244140625,952.5667114257812,5,31141,0
741,1107230,1018.7783813476562,954.3125,9,31141,1
741,1107231,1160.8499755859375,954.0499877929688,5,31142,0
741,1107232,1188.300048828125,955.0,5,31142,1
741,1107233,1137.800048828125,956.2000122070312,6,31143,0
741,1107234,1031.675048828125,954.50830078125,11,31143,1
741,1107235,1093.3333740234375,954.4166870117188,7,31144,0
741,1107236,1159.2333984375,955.2000122070312,5,31144,1
741,1107237,292.5,961.5,1,31145,0
741,1107238,982.2708129882812,954.2916870117188,8,31146,0
741,1107239,1091.5,952.6666870117188,3,31146,1
741,1107240,992.2301635742188,954.1190185546875,9,31147,0
741,1107241,1091.0,952.5,3,31147,1
741,1107242,1208.625,956.375,4,31148,0
741,1107243,1160.8499755859375,954.0499877929688,5,31148,1
741,1107244,777.25,949.6666870117188,2,31149,0
741,1107245,855.5,946.5,2,31149,1
741,1107246,777.25,949.6666870117188,2,31150,0
741,1107247,855.5,946.5,2,31150,1
741,1107248,1226.333251953125,958.1666259765625,3,31151,0
741,1107249,1160.8499755859375,954.0499877929688,5,31151,1
741,1107250,855.5,946.5,2,31152,0
741,1107251,777.25,949.6666870117188,2,31152,1
741,1107252,1131.75,954.875,4,31153,0
741,1107253,1188.300048828125,955.0,5,31153,1
741,1107254,1091.0,952.5,3,31154,0
741,1107255,992.2301635742188,954.1190185546875,9,31154,1
741,1107256,1131.75,954.875,4,31155,0
741,1107257,1208.625,956.375,4,31155,1
741,1107258,1275.5,951.0,1,31156,0
741,1107259,1115.0,952.0,1,31156,1
741,1107260,1226.1666259765625,957.5833129882812,3,31156,2
741,1107261,982.2708129882812,954.2916870117188,8,31157,0
741,1107262,1091.5,952.6666870117188,3,31157,1
741,1107263,982.2708129882812,954.2916870117188,8,31158,0
741,1107264,1091.5,952.6666870117188,3,31158,1
741,1107265,964.4285888671875,952.8015747070312,7,31159,0
741,1107266,1093.75,952.4166870117188,5,31159,1
741,1107267,794.25,949.0,2,31159,2
741,1107268,777.25,949.6666870117188,2,31160,0
741,1107269,832.0,941.5,1,31160,1
741,1107270,982.2708129882812,954.2916870117188,8,31161,0
741,1107271,1091.5,952.6666870117188,3,31161,1
751,1107223,1208.625,956.375,4,31138,0
751,1107224,1160.8499755859375,954.0499877929688,5,31138,1
751,1107225,992.2301635742188,954.1190185546875,9,31139,0
751,1107226,1091.0,952.5,3,31139,1
751,1107227,982.2708129882812,954.2916870117188,8,31140,0
751,1107228,1091.5,952.6666870117188,3,31140,1
751,1107229,1092.4000244140625,952.5667114257812,5,31141,0
751,1107230,1018.7783813476562,954.3125,9,31141,1
751,1107231,1160.8499755859375,954.0499877929688,5,31142,0
751,1107232,1188.300048828125,955.0,5,31142,1
751,1107233,1137.800048828125,956.2000122070312,6,31143,0
751,1107234,1031.675048828125,954.50830078125,11,31143,1
751,1107235,1093.3333740234375,954.4166870117188,7,31144,0
751,1107236,1159.2333984375,955.2000122070312,5,31144,1
751,1107237,292.5,961.5,1,31145,0
751,1107238,982.2708129882812,954.2916870117188,8,31146,0
751,1107239,1091.5,952.6666870117188,3,31146,1
751,1107240,992.2301635742188,954.1190185546875,9,31147,0
751,1107241,1091.0,952.5,3,31147,1
751,1107242,1208.625,956.375,4,31148,0
751,1107243,1160.8499755859375,954.0499877929688,5,31148,1
751,1107244,777.25,949.6666870117188,2,31149,0
751,1107245,855.5,946.5,2,31149,1
751,1107246,777.25,949.6666870117188,2,31150,0
751,1107247,855.5,946.5,2,31150,1
751,1107248,1226.333251953125,958.1666259765625,3,31151,0
751,1107249,1160.8499755859375,954.0499877929688,5,31151,1
751,1107250,855.5,946.5,2,31152,0
751,1107251,777.25,949.6666870117188,2,31152,1
751,1107252,1131.75,954.875,4,31153,0
751,1107253,1188.300048828125,955.0,5,31153,1
751,1107254,1091.0,952.5,3,31154,0
751,1107255,992.2301635742188,954.1190185546875,9,31154,1
751,1107256,1131.75,954.875,4,31155,0
751,1107257,1208.625,956.375,4,31155,1
751,1107258,1275.5,951.0,1,31156,0
751,1107259,1115.0,952.0,1,31156,1
751,1107260,1226.1666259765625,957.5833129882812,3,31156,2
751,1107261,982.2708129882812,954.2916870117188,8,31157,0
751,1107262,1091.5,952.6666870117188,3,31157,1
751,1107263,982.2708129882812,954.2916870117188,8,31158,0
751,1107264,1091.5,952.6666870117188,3,31158,1
751,1107265,964.4285888671875,952.8015747070312,7,31159,0
751,1107266,1093.75,952.4166870117188,5,31159,1
751,1107267,794.25,949.0,2,31159,2
751,1107268,777.25,949.6666870117188,2,31160,0
751,1107269,832.0,941.5,1,31160,1
751,1107270,982.2708129882812,954.2916870117188,8,31161,0
751,1107271,1091.5,952.6666870117188,3,31161,1
761,1107223,1208.625,956.375,4,31138,0
761,1107224,1160.8499755859375,954.0499877929688,5,31138,1
761,1107225,992.2301635742188,954.1190185546875,9,31139,0
761,1107226,1091.0,952.5,3,31139,1
761,1107227,982.2708129882812,954.2916870117188,8,31140,0
761,1107228,1091.5,952.6666870117188,3,31140,1
761,1107229,1092.4000244140625,952.5667114257812,5,31141,0
761,1107230,1018.7783813476562,954.3125,9,31141,1
761,1107231,1160.8499755859375,954.0499877929688,5,31142,0
761,1107232,1188.300048828125,955.0,5,31142,1
761,1107233,1137.800048828125,956.2000122070312,6,31143,0
761,1107234,1031.675048828125,954.50830078125,11,31143,1
761,1107235,1093.3333740234375,954.4166870117188,7,31144,0
761,1107236,1159.2333984375,955.2000122070312,5,31144,1
761,1107237,292.5,961.5,1,31145,0
761,1107238,982.2708129882812,954.2916870117188,8,31146,0
761,1107239,1091.5,952.6666870117188,3,31146,1
761,1107240,992.2301635742188,954.1190185546875,9,31147,0
761,1107241,1091.0,952.5,3,31147,1
761,1107242,1208.625,956.375,4,31148,0
761,1107243,1160.8499755859375,954.0499877929688,5,31148,1
761,1107244,777.25,949.6666870117188,2,31149,0
761,1107245,855.5,946.5,2,31149,1
761,1107246,777.25,949.6666870117188,2,31150,0
761,1107247,855.5,946.5,2,31150,1
761,1107248,1226.333251953125,958.1666259765625,3,31151,0
761,1107249,1160.8499755859375,954.0499877929688,5,31151,1
761,1107250,855.5,946.5,2,31152,0
761,1107251,777.25,949.6666870117188,2,31152,1
761,1107252,1131.75,954.875,4,31153,0
761,1107253,1188.300048828125,955.0,5,31153,1
761,1107254,1091.0,952.5,3,31154,0
761,1107255,992.2301635742188,954.1190185546875,9,31154,1
761,1107256,1131.75,954.875,4,31155,0
761,1107257,1208.625,956.375,4,31155,1
761,1107258,1275.5,951.0,1,31156,0
761,1107259,1115.0,952.0,1,31156,1
761,1107260,1226.1666259765625,957.5833129882812,3,31156,2
761,1107261,982.2708129882812,954.2916870117188,8,31157,0
761,1107262,1091.5,952.6666870117188,3,31157,1
761,1107263,982.2708129882812,954.2916870117188,8,31158,0
761,1107264,1091.5,952.6666870117188,3,31158,1
761,1107265,964.4285888671875,952.8015747070312,7,31159,0
761,1107266,1093.75,952.4166870117188,5,31159,1
761,1107267,794.25,949.0,2,31159,2
761,1107268,777.25,949.6666870117188,2,31160,0
761,1107269,832.0,941.5,1,31160,1
761,1107270,982.2708129882812,954.2916870117188,8,31161,0
761,1107271,1091.5,952.6666870117188,3,31161,1
771,1107223,1208.625,956.375,4,31138,0
771,1107224,1160.8499755859375,954.0499877929688,5,31138,1
771,1107225,992.2301635742188,954.1190185546875,9,31139,0
771,1107226,1091.0,952.5,3,31139,1
771,1107227,982.2708129882812,954.2916870117188,8,31140,0
771,1107228,1091.5,952.6666870117188,3,31140,1
771,1107229,1092.4000244140625,952.5667114257812,5,31141,0
771,1107230,1018.7783813476562,954.3125,9,31141,1
771,1107231,1160.8499755859375,954.0499877929688,5,31142,0
771,1107232,1188.300048828125,955.0,5,31142,1
771,1107233,1137.800048828125,956.2000122070312,6,31143,0
771,1107234,1031.675048828125,954.50830078125,11,31143,1
771,1107235,1093.3333740234375,954.4166870117188,7,31144,0
771,1107236,1159.2333984375,955.2000122070312,5,31144,1
771,1107237,292.5,961.5,1,31145,0
771,1107238,982.2708129882812,954.2916870117188,8,31146,0
771,1107239,1091.5,952.6666870117188,3,31146,1
771,1107240,992.2301635742188,954.1190185546875,9,31147,0
771,1107241,1091.0,952.5,3,31147,1
771,1107242,1208.625,956.375,4,31148,0
771,1107243,1160.8499755859375,954.0499877929688,5,31148,1
771,1107244,777.25,949.6666870117188,2,31149,0
771,1107245,855.5,946.5,2,31149,1
771,1107246,777.25,949.6666870117188,2,31150,0
771,1107247,855.5,946.5,2,31150,1
771,1107248,1226.333251953125,958.1666259765625,3,31151,0
771,1107249,1160.8499755859375,954.0499877929688,5,31151,1
771,1107250,855.5,946.5,2,31152,0
771,1107251,777.25,949.6666870117188,2,31152,1
771,1107252,1131.75,954.875,4,31153,0
771,1107253,1188.300048828125,955.0,5,31153,1
771,1107254,1091.0,952.5,3,31154,0
771,1107255,992.2301635742188,954.1190185546875,9,31154,1
771,1107256,1131.75,954.875,4,31155,0
771,1107257,1208.625,956.375,4,31155,1
771,1107258,1275.5,951.0,1,31156,0
771,1107259,1115.0,952.0,1,31156,1
771,1107260,1226.1666259765625,957.5833129882812,3,31156,2
771,1107261,982.2708129882812,954.2916870117188,8,31157,0
771,1107262,1091.5,952.6666870117188,3,31157,1
771,1107263,982.2708129882812,954.2916870117188,8,31158,0
771,1107264,1091.5,952.6666870117188,3,31158,1
771,1107265,964.4285888671875,952.8015747070312,7,31159,0
771,1107266,1093.75,952.4166870117188,5,31159,1
771,1107267,794.25,949.0,2,31159,2
771,1107268,777.25,949.6666870117188,2,31160,0
771,1107269,832.0,941.5,1,31160,1
771,1107270,982.2708129882812,954.2916870117188,8,31161,0
771,1107271,1091.5,952.6666870117188,3,31161,1
781,1107223,1208.625,956.375,4,31138,0
781,1107224,1160.8499755859375,954.0499877929688,5,31138,1
781,1107225,992.2301635742188,954.1190185546875,9,31139,0
781,1107226,1091.0,952.5,3,31139,1
781,1107227,982.2708129882812,954.2916870117188,8,31140,0
781,1107228,1091.5,952.6666870117188,3,31140,1
781,1107229,1092.4000244140625,952.5667114257812,5,31141,0
781,1107230,1018.7783813476562,954.3125,9,31141,1
781,1107231,1160.8499755859375,954.0499877929688,5,31142,0
781,1107232,1188.300048828125,955.0,5,31142,1
781,1107233,1137.800048828125,956.2000122070312,6,31143,0
781,1107234,1031.675048828125,954.50830078125,11,31143,1
781,1107235,1093.3333740234375,954.4166870117188,7,31144,0
781,1107236,1159.2333984375,955.2000122070312,5,31144,1
781,1107237,292.5,961.5,1,31145,0
781,1107238,982.2708129882812,954.2916870117188,8,31146,0
781,1107239,1091.5,952.6666870117188,3,31146,1
781,1107240,992.2301635742188,954.1190185546875,9,31147,0
781,1107241,1091.0,952.5,3,31147,1
781,1107242,1208.625,956.375,4,31148,0
781,1107243,1160.8499755859375,954.0499877929688,5,31148,1
781,1107244,777.25,949.6666870117188,2,31149,0
781,1107245,855.5,946.5,2,31149,1
781,1107246,777.25,949.6666870117188,2,31150,0
781,1107247,855.5,946.5,2,31150,1
781,1107248,1226.333251953125,958.1666259765625,3,31151,0
781,1107249,1160.8499755859375,954.0499877929688,5,31151,1
781,1107250,855.5,946.5,2,31152,0
781,1107251,777.25,949.6666870117188,2,31152,1
781,1107252,1131.75,954.875,4,31153,0
781,1107253,1188.300048828125,955.0,5,31153,1
781,1107254,1091.0,952.5,3,31154,0
781,1107255,992.2301635742188,954.1190185546875,9,31154,1
781,1107256,1131.75,954.875,4,31155,0
781,1107257,1208.625,956.375,4,31155,1
781,1107258,1275.5,951.0,1,31156,0
781,1107259,1115.0,952.0,1,31156,1
781,1107260,1226.1666259765625,957.5833129882812,3,31156,2
781,1107261,982.2708129882812,954.2916870117188,8,31157,0
781,1107262,1091.5,952.6666870117188,3,31157,1
781,1107263,982.2708129882812,954.2916870117188,8,31158,0
781,1107264,1091.5,952.6666870117188,3,31158,1
781,1107265,964.4285888671875,952.8015747070312,7,31159,0
781,1107266,1093.75,952.4166870117188,5,31159,1
781,1107267,794.25,949.0,2,31159,2
781,1107268,777.25,949.6666870117188,2,31160,0
781,1107269,832.0,941.5,1,31160,1
781,1107270,982.2708129882812,954.2916870117188,8,31161,0
781,1107271,1091.5,952.6666870117188,3,31161,1
791,1107223,1208.625,956.375,4,31138,0
791,1107224,1160.8499755859375,954.0499877929688,5,31138,1
791,1107225,992.2301635742188,954.1190185546875,9,31139,0
791,1107226,1091.0,952.5,3,31139,1
791,1107227,982.2708129882812,954.2916870117188,8,31140,0
791,1107228,1091.5,952.6666870117188,3,31140,1
791,1107229,1092.4000244140625,952.5667114257812,5,31141,0
791,1107230,1018.7783813476562,954.3125,9,31141,1
791,1107231,1160.8499755859375,954.0499877929688,5,31142,0
791,1107232,1188.300048828125,955.0,5,31142,1
791,1107233,1137.800048828125,956.2000122070312,6,31143,0
791,1107234,1031.675048828125,954.50830078125,11,31143,1
791,1107235,1093.3333740234375,954.4166870117188,7,31144,0
791,1107236,1159.2333984375,955.2000122070312,5,31144,1
791,1107237,292.5,961.5,1,31145,0
791,1107238,982.2708129882812,954.2916870117188,8,31146,0
791,1107239,1091.5,952.6666870117188,3,31146,1
791,1107240,992.2301635742188,954.1190185546875,9,31147,0
791,1107241,1091.0,952.5,3,31147,1
791,1107242,1208.625,956.375,4,31148,0
791,1107243,1160.8499755859375,954.0499877929688,5,31148,1
791,1107244,777.25,949.6666870117188,2,31149,0
791,1107245,855.5,946.5,2,31149,1
791,1107246,777.25,949.6666870117188,2,31150,0
791,1107247,855.5,946.5,2,31150,1
791,1107248,1226.333251953125,958.1666259765625,3,31151,0
791,1107249,1160.8499755859375,954.0499877929688,5,31151,1
791,1107250,855.5,946.5,2,31152,0
791,1107251,777.25,949.6666870117188,2,31152,1
791,1107252,1131.75,954.875,4,31153,0
791,1107253,1188.300048828125,955.0,5,31153,1
791,1107254,1091.0,952.5,3,31154,0
791,1107255,992.2301635742188,954.1190185546875,9,31154,1
791,1107256,1131.75,954.875,4,31155,0
791,1107257,1208.625,956.375,4,31155,1
791,1107258,1275.5,951.0,1,31156,0
791,1107259,1115.0,952.0,1,31156,1
791,1107260,1226.1666259765625,957.5833129882812,3,31156,2
791,1107261,982.2708129882812,954.2916870117188,8,31157,0
791,1107262,1091.5,952.6666870117188,3,31157,1
791,1107263,982.2708129882812,954.2916870117188,8,31158,0
791,1107264,1091.5,952.6666870117188,3,31158,1
791,1107265,964.4285888671875,952.8015747070312,7,31159,0
791,1107266,1093.75,952.4166870117188,5,31159,1
791,1107267,794.25,949.0,2,31159,2
791,1107268,777.25,949.6666870117188,2,31160,0
791,1107269,832.0,941.5,1,31160,1
791,1107270,982.2708129882812,954.2916870117188,8,31161,0
791,1107271,1091.5,952.6666870117188,3,31161,1
801,1107223,1208.625,956.375,4,31138,0
801,1107224,1160.8499755859375,954.0499877929688,5,31138,1
801,1107225,992.2301635742188,954.1190185546875,9,31139,0
801,1107226,1091.0,952.5,3,31139,1
801,1107227,982.2708129882812,954.2916870117188,8,31140,0
801,1107228,1091.5,952.6666870117188,3,31140,1
801,1107229,1092.4000244140625,952.5667114257812,5,31141,0
801,1107230,1018.7783813476562,954.3125,9,31141,1
801,1107231,1160.8499755859375,954.0499877929688,5,31142,0
801,1107232,1188.300048828125,955.0,5,31142,1
801,1107233,1137.800048828125,956.2000122070312,6,31143,0
801,1107234,1031.675048828125,954.50830078125,11,31143,1
801,1107235,1093.3333740234375,954.4166870117188,7,31144,0
801,1107236,1159.2333984375,955.2000122070312,5,31144,1
801,1107237,292.5,961.5,1,31145,0
801,1107238,982.2708129882812,954.2916870117188,8,31146,0
801,1107239,1091.5,952.6666870117188,3,31146,1
801,1107240,992.2301635742188,954.1190185546875,9,31147,0
801,1107241,1091.0,952.5,3,31147,1
801,1107242,1208.625,956.375,4,31148,0
801,1107243,1160.8499755859375,954.0499877929688,5,31148,1
801,1107244,777.25,949.6666870117188,2,31149,0
801,1107245,855.5,946.5,2,31149,1
801,1107246,777.25,949.6666870117188,2,31150,0
801,1107247,855.5,946.5,2,31150,1
801,1107248,1226.333251953125,958.1666259765625,3,31151,0
801,1107249,1160.8499755859375,954.0499877929688,5,31151,1
801,1107250,855.5,946.5,2,31152,0
801,1107251,777.25,949.6666870117188,2,31152,1
801,1107252,1131.75,954.875,4,31153,0
801,1107253,1188.300048828125,955.0,5,31153,1
801,1107254,1091.0,952.5,3,31154,0
801,1107255,992.2301635742188,954.1190185546875,9,31154,1
801,1107256,1131.75,954.875,4,31155,0
801,1107257,1208.625,956.375,4,31155,1
801,1107258,1275.5,951.0,1,31156,0
801,1107259,1115.0,952.0,1,31156,1
801,1107260,1226.1666259765625,957.5833129882812,3,31156,2
801,1107261,982.2708129882812,954.2916870117188,8,31157,0
801,1107262,1091.5,952.6666870117188,3,31157,1
801,1107263,982.2708129882812,954.2916870117188,8,31158,0
801,1107264,1091.5,952.6666870117188,3,31158,1
801,1107265,964.4285888671875,952.8015747070312,7,31159,0
801,1107266,1093.75,952.4166870117188,5,31159,1
801,1107267,794.25,949.0,2,31159,2
801,1107268,777.25,949.6666870117188,2,31160,0
801,1107269,832.0,941.5,1,31160,1
801,1107270,982.2708129882812,954.2916870117188,8,31161,0
801,1107271,1091.5,952.6666870117188,3,31161,1
811,1107223,1208.625,956.375,4,31138,0
811,1107224,1160.8499755859375,954.0499877929688,5,31138,1
811,1107225,992.2301635742188,954.1190185546875,9,31139,0
811,1107226,1091.0,952.5,3,31139,1
811,1107227,982.2708129882812,954.2916870117188,8,31140,0
811,1107228,1091.5,952.6666870117188,3,31140,1
811,1107229,1092.4000244140625,952.5667114257812,5,31141,0
811,1107230,1018.7783813476562,954.3125,9,31141,1
811,1107231,1160.8499755859375,954.0499877929688,5,31142,0
811,1107232,1188.300048828125,955.0,5,31142,1
811,1107233,1137.800048828125,956.2000122070312,6,31143,0
811,1107234,1031.675048828125,954.50830078125,11,31143,1
811,1107235,1093.3333740234375,954.4166870117188,7,31144,0
811,1107236,1159.2333984375,955.2000122070312,5,31144,1
811,1107237,292.5,961.5,1,31145,0
811,1107238,982.2708129882812,954.2916870117188,8,31146,0
811,1107239,1091.5,952.6666870117188,3,31146,1
811,1107240,992.2301635742188,954.1190185546875,9,31147,0
811,1107241,1091.0,952.5,3,31147,1
811,1107242,1208.625,956.375,4,31148,0
811,1107243,1160.8499755859375,954.0499877929688,5,31148,1
811,1107244,777.25,949.6666870117188,2,31149,0
811,1107245,855.5,946.5,2,31149,1
811,1107246,777.25,949.6666870117188,2,31150,0
811,1107247,855.5,946.5,2,31150,1
811,1107248,1226.333251953125,958.1666259765625,3,31151,0
811,1107249,1160.8499755859375,954.0499877929688,5,31151,1
811,1107250,855.5,946.5,2,31152,0
811,1107251,777.25,949.6666870117188,2,31152,1
811,1107252,1131.75,954.875,4,31153,0
811,1107253,1188.300048828125,955.0,5,31153,1
811,1107254,1091.0,952.5,3,31154,0
811,1107255,992.2301635742188,954.1190185546875,9,31154,1
811,1107256,1131.75,954.875,4,31155,0
811,1107257,1208.625,956.375,4,31155,1
811,1107258,1275.5,951.0,1,31156,0
811,1107259,1115.0,952.0,1,31156,1
811,1107260,1226.1666259765625,957.5833129882812,3,31156,2
811,1107261,982.2708129882812,954.2916870117188,8,31157,0
811,1107262,1091.5,952.6666870117188,3,31157,1
811,1107263,982.2708129882812,954.2916870117188,8,31158,0
811,1107264,1091.5,952.6666870117188,3,31158,1
811,1107265,964.4285888671875,952.8015747070312,7,31159,0
811,1107266,1093.75,952.4166870117188,5,31159,1
811,1107267,794.25,949.0,2,31159,2
811,1107268,777.25,949.6666870117188,2,31160,0
811,1107269,832.0,941.5,1,31160,1
811,1107270,982.2708129882812,954.2916870117188,8,31161,0
811,1107271,1091.5,952.6666870117188,3,31161,1
821,1107223,1208.625,956.375,4,31138,0
821,1107224,1160.8499755859375,954.0499877929688,5,31138,1
821,1107225,992.2301635742188,954.1190185546875,9,31139,0
821,1107226,1091.0,952.5,3,31139,1
821,1107227,982.2708129882812,954.2916870117188,8,31140,0
821,1107228,1091.5,952.6666870117188,3,31140,1
821,1107229,1092.4000244140625,952.5667114257812,5,31141,0
821,1107230,1018.7783813476562,954.3125,9,31141,1
821,1107231,1160.8499755859375,954.0499877929688,5,31142,0
821,1107232,1188.300048828125,955.0,5,31142,1
821,1107233,1137.800048828125,956.2000122070312,6,31143,0
821,1107234,1031.675048828125,954.50830078125,11,31143,1
821,1107235,1093.3333740234375,954.4166870117188,7,31144,0
821,1107236,1159.2333984375,955.2000122070312,5,31144,1
821,1107237,292.5,961.5,1,31145,0
821,1107238,982.2708129882812,954.2916870117188,8,31146,0
821,1107239,1091.5,952.6666870117188,3,31146,1
821,1107240,992.2301635742188,954.1190185546875,9,31147,0
821,1107241,1091.0,952.5,3,31147,1
821,1107242,1208.625,956.375,4,31148,0
821,1107243,1160.8499755859375,954.0499877929688,5,31148,1
821,1107244,777.25,949.6666870117188,2,31149,0
821,1107245,855.5,946.5,2,31149,1
821,1107246,777.25,949.6666870117188,2,31150,0
821,1107247,855.5,946.5,2,31150,1
821,1107248,1226.333251953125,958.1666259765625,3,31151,0
821,1107249,1160.8499755859375,954.0499877929688,5,31151,1
821,1107250,855.5,946.5,2,31152,0
821,1107251,777.25,949.6666870117188,2,31152,1
821,1107252,1131.75,954.875,4,31153,0
821,1107253,1188.300048828125,955.0,5,31153,1
821,1107254,1091.0,952.5,3,31154,0
821,1107255,992.2301635742188,954.1190185546875,9,31154,1
821,1107256,1131.75,954.875,4,31155,0
821,1107257,1208.625,956.375,4,31155,1
821,1107258,1275.5,951.0,1,31156,0
821,1107259,1115.0,952.0,1,31156,1
821,1107260,1226.1666259765625,957.5833129882812,3,31156,2
821,1107261,982.2708129882812,954.2916870117188,8,31157,0
821,1107262,1091.5,952.6666870117188,3,31157,1
821,1107263,982.2708129882812,954.2916870117188,8,31158,0
821,1107264,1091.5,952.6666870117188,3,31158,1
821,1107265,964.4285888671875,952.8015747070312,7,31159,0
821,1107266,1093.75,952.4166870117188,5,31159,1
821,1107267,794.25,949.0,2,31159,2
821,1107268,777.25,949.6666870117188,2,31160,0
821,1107269,832.0,941.5,1,31160,1
821,1107270,982.2708129882812,954.2916870117188,8,31161,0
821,1107271,1091.5,952.6666870117188,3,31161,1
831,1107223,1216.125,957.125,4,31138,0
831,1107224,1182.1500244140625,954.6499633789062,5,31138,1
831,1107225,993.3551635742188,953.8690185546875,8,31139,0
831,1107226,1091.875,952.625,4,31139,1
831,1107227,980.985107421875,953.8630981445312,7,31140,0
831,1107228,1090.125,952.2916870117188,4,31140,1
831,1107229,1092.6500244140625,952.5667114257812,6,31141,0
831,1107230,1025.0640869140625,953.7410888671875,7,31141,1
831,1107231,1182.1500244140625,954.6499633789062,5,31142,0
831,1107232,1193.300048828125,955.5,5,31142,1
831,1107233,1141.1334228515625,957.36669921875,6,31143,0
831,1107234,1032.987548828125,954.25830078125,8,31143,1
831,1107235,1101.119140625,955.0595703125,7,31144,0
831,1107236,1159.9833984375,955.0750122070312,4,31144,1
831,1107237,280.0,963.0,1,31145,0
831,1107238,980.985107421875,953.8630981445312,7,31146,0
831,1107239,1090.125,952.2916870117188,4,31146,1
831,1107240,993.3551635742188,953.8690185546875,8,31147,0
831,1107241,1091.875,952.625,4,31147,1
831,1107242,1216.125,957.125,4,31148,0
831,1107243,1182.1500244140625,954.6499633789062,5,31148,1
831,1107244,741.75,943.1666870117188,2,31149,0
831,1107245,814.25,916.75,2,31149,1
831,1107246,741.75,943.1666870117188,2,31150,0
831,1107247,814.25,916.75,2,31150,1
831,1107248,1228.583251953125,958.1666259765625,2,31151,0
831,1107249,1188.2249755859375,955.0499877929688,4,31151,1
831,1107250,814.25,916.75,2,31152,0
831,1107251,741.75,943.1666870117188,2,31152,1
831,1107252,1147.75,956.125,4,31153,0
831,1107253,1193.300048828125,955.5,5,31153,1
831,1107254,1091.875,952.625,4,31154,0
831,1107255,993.3551635742188,953.8690185546875,8,31154,1
831,1107256,1147.75,956.125,4,31155,0
831,1107257,1216.125,957.125,4,31155,1
831,1107258,1318.0,949.0,1,31156,0
831,1107259,1140.75,951.75,2,31156,1
831,1107260,1224.6666259765625,956.8333129882812,2,31156,2
831,1107261,980.985107421875,953.8630981445312,7,31157,0
831,1107262,1090.125,952.2916870117188,4,31157,1
831,1107263,980.985107421875,953.8630981445312,7,31158,0
831,1107264,1090.125,952.2916870117188,4,31158,1
831,1107265,946.1286010742188,940.3015747070312,5,31159,0
831,1107266,1091.4166259765625,952.0,6,31159,1
831,1107267,700.75,931.0,2,31159,2
831,1107268,741.75,943.1666870117188,2,31160,0
831,1107269,743.0,881.0,1,31160,1
831,1107270,980.985107421875,953.8630981445312,7,31161,0
831,1107271,1090.125,952.2916870117188,4,31161,1
851,1107272,1339.5,947.0,1,31162,0
851,1107273,1134.5,955.0,1,31162,1
851,1107274,1150.25,950.75,2,31162,2
851,1107275,1235.0,979.0,1,31162,3
851,1107276,1134.5,955.0,1,31163,0
851,1107277,1005.0,956.0,1,31163,1
851,1107278,1339.5,947.0,1,31163,2
851,1107279,1091.125,953.5,4,31163,3
851,1107280,997.6666870117188,955.3333129882812,6,31164,0
851,1107281,987.0833129882812,954.1666870117188,6,31164,1
851,1107282,1005.5999755859375,955.4000244140625,5,31165,0
851,1107283,997.6666870117188,955.3333129882812,6,31165,1
851,1107284,1134.5,955.0,1,31165,2
851,1107285,997.6666870117188,955.3333129882812,6,31166,0
851,1107286,1134.5,955.0,1,31166,1
851,1107287,1005.5999755859375,955.4000244140625,5,31166,2
851,1107288,997.6666870117188,955.3333129882812,6,31167,0
851,1107289,987.0833129882812,954.1666870117188,6,31167,1
851,1107290,997.6666870117188,955.3333129882812,6,31168,0
851,1107291,987.0833129882812,954.1666870117188,6,31168,1
851,1107292,1409.0,634.5,1,31169,0
851,1107293,976.0,953.5,1,31169,1
851,1107294,997.6666870117188,955.3333129882812,6,31170,0
851,1107295,1409.0,634.5,1,31170,1
851,1107296,974.2000122070312,953.9000244140625,5,31170,2
851,1107297,1150.25,950.75,2,31171,0
851,1107298,1272.25,996.5,2,31171,1
851,1107299,1339.5,947.0,1,31171,2
851,1107300,1134.5,955.0,1,31171,3
851,1107301,1272.25,996.5,2,31172,0
851,1107302,1339.5,947.0,1,31172,1
851,1107303,1174.0,961.5,1,31172,2
851,1107304,974.2000122070312,953.9000244140625,5,31173,0
851,1107305,997.6666870117188,955.3333129882812,6,31173,1
851,1107306,1272.25,996.5,2,31174,0
851,1107307,1174.0,961.5,1,31174,1
851,1107308,997.6666870117188,955.3333129882812,6,31175,0
851,1107309,1005.5999755859375,955.4000244140625,5,31175,1
851,1107310,1005.5999755859375,955.4000244140625,5,31176,0
851,1107311,997.6666870117188,955.3333129882812,6,31176,1
851,1107312,1012.5,955.125,4,31177,0
851,1107313,1134.5,955.0,1,31177,1
851,1107314,1002.0,955.7000122070312,5,31177,2
851,1107315,936.25,952.25,2,31178,0
851,1107316,995.375,955.25,4,31178,1
851,1107317,1005.5999755859375,955.4000244140625,5,31179,0
851,1107318,997.6666870117188,955.3333129882812,6,31179,1
851,1107319,1150.25,950.75,2,31180,0
851,1107320,1339.5,947.0,1,31180,1
851,1107321,1134.5,955.0,1,31180,2
851,1107322,587.0,957.0,1,31181,0
861,1107272,1339.5,947.0,1,31162,0
861,1107273,1134.5,955.0,1,31162,1
861,1107274,1150.25,950.75,2,31162,2
861,1107275,1235.0,979.0,1,31162,3
861,1107276,1134.5,955.0,1,31163,0
861,1107277,1005.0,956.0,1,31163,1
861,1107278,1339.5,947.0,1,31163,2
861,1107279,1091.125,953.5,4,31163,3
861,1107280,997.6666870117188,955.3333129882812,6,31164,0
861,1107281,987.0833129882812,954.1666870117188,6,31164,1
861,1107282,1005.5999755859375,955.4000244140625,5,31165,0
861,1107283,997.6666870117188,955.3333129882812,6,31165,1
861,1107284,1134.5,955.0,1,31165,2
861,1107285,997.6666870117188,955.3333129882812,6,31166,0
861,1107286,1134.5,955.0,1,31166,1
861,1107287,1005.5999755859375,955.4000244140625,5,31166,2
861,1107288,997.6666870117188,955.3333129882812,6,31167,0
861,1107289,987.0833129882812,954.1666870117188,6,31167,1
861,1107290,997.6666870117188,955.3333129882812,6,31168,0
861,1107291,987.0833129882812,954.1666870117188,6,31168,1
861,1107292,1409.0,634.5,1,31169,0
861,1107293,976.0,953.5,1,31169,1
861,1107294,997.6666870117188,955.3333129882812,6,31170,0
861,1107295,1409.0,634.5,1,31170,1
861,1107296,974.2000122070312,953.9000244140625,5,31170,2
861,1107297,1150.25,950.75,2,31171,0
861,1107298,1272.25,996.5,2,31171,1
861,1107299,1339.5,947.0,1,31171,2
861,1107300,1134.5,955.0,1,31171,3
861,1107301,1272.25,996.5,2,31172,0
861,1107302,1339.5,947.0,1,31172,1
861,1107303,1174.0,961.5,1,31172,2
861,1107304,974.2000122070312,953.9000244140625,5,31173,0
861,1107305,997.6666870117188,955.3333129882812,6,31173,1
861,1107306,1272.25,996.5,2,31174,0
861,1107307,1174.0,961.5,1,31174,1
861,1107308,997.6666870117188,955.3333129882812,6,31175,0
861,1107309,1005.5999755859375,955.4000244140625,5,31175,1
861,1107310,1005.5999755859375,955.4000244140625,5,31176,0
861,1107311,997.6666870117188,955.3333129882812,6,31176,1
861,1107312,1012.5,955.125,4,31177,0
861,1107313,1134.5,955.0,1,31177,1
861,1107314,1002.0,955.7000122070312,5,31177,2
861,1107315,936.25,952.25,2,31178,0
861,1107316,995.375,955.25,4,31178,1
861,1107317,1005.5999755859375,955.4000244140625,5,31179,0
861,1107318,997.6666870117188,955.3333129882812,6,31179,1
861,1107319,1150.25,950.75,2,31180,0
861,1107320,1339.5,947.0,1,31180,1
861,1107321,1134.5,955.0,1,31180,2
861,1107322,587.0,957.0,1,31181,0
871,1107272,1339.5,947.0,1,31162,0
871,1107273,1134.5,955.0,1,31162,1
871,1107274,1150.25,950.75,2,31162,2
871,1107275,1235.0,979.0,1,31162,3
871,1107276,1134.5,955.0,1,31163,0
871,1107277,1005.0,956.0,1,31163,1
871,1107278,1339.5,947.0,1,31163,2
871,1107279,1091.125,953.5,4,31163,3
871,1107280,997.6666870117188,955.3333129882812,6,31164,0
871,1107281,987.0833129882812,954.1666870117188,6,31164,1
871,1107282,1005.5999755859375,955.4000244140625,5,31165,0
871,1107283,997.6666870117188,955.3333129882812,6,31165,1
871,1107284,1134.5,955.0,1,31165,2
871,1107285,997.6666870117188,955.3333129882812,6,31166,0
871,1107286,1134.5,955.0,1,31166,1
871,1107287,1005.5999755859375,955.4000244140625,5,31166,2
871,1107288,997.6666870117188,955.3333129882812,6,31167,0
871,1107289,987.0833129882812,954.1666870117188,6,31167,1
871,1107290,997.6666870117188,955.3333129882812,6,31168,0
871,1107291,987.0833129882812,954.1666870117188,6,31168,1
871,1107292,1409.0,634.5,1,31169,0
871,1107293,976.0,953.5,1,31169,1
871,1107294,997.6666870117188,955.3333129882812,6,31170,0
871,1107295,1409.0,634.5,1,31170,1
871,1107296,974.2000122070312,953.9000244140625,5,31170,2
871,1107297,1150.25,950.75,2,31171,0
871,1107298,1272.25,996.5,2,31171,1
871,1107299,1339.5,947.0,1,31171,2
871,1107300,1134.5,955.0,1,31171,3
871,1107301,1272.25,996.5,2,31172,0
871,1107302,1339.5,947.0,1,31172,1
871,1107303,1174.0,961.5,1,31172,2
871,1107304,974.2000122070312,953.9000244140625,5,31173,0
871,1107305,997.6666870117188,955.3333129882812,6,31173,1
871,1107306,1272.25,996.5,2,31174,0
871,1107307,1174.0,961.5,1,31174,1
871,1107308,997.6666870117188,955.3333129882812,6,31175,0
871,1107309,1005.5999755859375,955.4000244140625,5,31175,1
871,1107310,1005.5999755859375,955.4000244140625,5,31176,0
871,1107311,997.6666870117188,955.3333129882812,6,31176,1
871,1107312,1012.5,955.125,4,31177,0
871,1107313,1134.5,955.0,1,31177,1
871,1107314,1002.0,955.7000122070312,5,31177,2
871,1107315,936.25,952.25,2,31178,0
871,1107316,995.375,955.25,4,31178,1
871,1107317,1005.5999755859375,955.4000244140625,5,31179,0
871,1107318,997.6666870117188,955.3333129882812,6,31179,1
871,1107319,1150.25,950.75,2,31180,0
871,1107320,1339.5,947.0,1,31180,1
871,1107321,1134.5,955.0,1,31180,2
871,1107322,587.0,957.0,1,31181,0
881,1107272,1339.5,947.0,1,31162,0
881,1107273,1134.5,955.0,1,31162,1
881,1107274,1150.25,950.75,2,31162,2
881,1107275,1235.0,979.0,1,31162,3
881,1107276,1134.5,955.0,1,31163,0
881,1107277,1005.0,956.0,1,31163,1
881,1107278,1339.5,947.0,1,31163,2
881,1107279,1091.125,953.5,4,31163,3
881,1107280,997.6666870117188,955.3333129882812,6,31164,0
881,1107281,987.0833129882812,954.1666870117188,6,31164,1
881,1107282,1005.5999755859375,955.4000244140625,5,31165,0
881,1107283,997.6666870117188,955.3333129882812,6,31165,1
881,1107284,1134.5,955.0,1,31165,2
881,1107285,997.6666870117188,955.3333129882812,6,31166,0
881,1107286,1134.5,955.0,1,31166,1
881,1107287,1005.5999755859375,955.4000244140625,5,31166,2
881,1107288,997.6666870117188,955.3333129882812,6,31167,0
881,1107289,987.0833129882812,954.1666870117188,6,31167,1
881,1107290,997.6666870117188,955.3333129882812,6,31168,0
881,1107291,987.0833129882812,954.1666870117188,6,31168,1
881,1107292,1409.0,634.5,1,31169,0
881,1107293,976.0,953.5,1,31169,1
881,1107294,997.6666870117188,955.3333129882812,6,31170,0
881,1107295,1409.0,634.5,1,31170,1
881,1107296,974.2000122070312,953.9000244140625,5,31170,2
881,1107297,1150.25,950.75,2,31171,0
881,1107298,1272.25,996.5,2,31171,1
881,1107299,1339.5,947.0,1,31171,2
881,1107300,1134.5,955.0,1,31171,3
881,1107301,1272.25,996.5,2,31172,0
881,1107302,1339.5,947.0,1,31172,1
881,1107303,1174.0,961.5,1,31172,2
881,1107304,974.2000122070312,953.9000244140625,5,31173,0
881,1107305,997.6666870117188,955.3333129882812,6,31173,1
881,1107306,1272.25,996.5,2,31174,0
881,1107307,1174.0,961.5,1,31174,1
881,1107308,997.6666870117188,955.3333129882812,6,31175,0
881,1107309,1005.5999755859375,955.4000244140625,5,31175,1
881,1107310,1005.5999755859375,955.4000244140625,5,31176,0
881,1107311,997.6666870117188,955.3333129882812,6,31176,1
881,1107312,1012.5,955.125,4,31177,0
881,1107313,1134.5,955.0,1,31177,1
881,1107314,1002.0,955.7000122070312,5,31177,2
881,1107315,936.25,952.25,2,31178,0
881,1107316,995.375,955.25,4,31178,1
881,1107317,1005.5999755859375,955.4000244140625,5,31179,0
881,1107318,997.6666870117188,955.3333129882812,6,31179,1
881,1107319,1150.25,950.75,2,31180,0
881,1107320,1339.5,947.0,1,31180,1
881,1107321,1134.5,955.0,1,31180,2
881,1107322,587.0,957.0,1,31181,0
891,1107272,1339.5,947.0,1,31162,0
891,1107273,1134.5,955.0,1,31162,1
891,1107274,1150.25,950.75,2,31162,2
891,1107275,1235.0,979.0,1,31162,3
891,1107276,1134.5,955.0,1,31163,0
891,1107277,1005.0,956.0,1,31163,1
891,1107278,1339.5,947.0,1,31163,2
891,1107279,1091.125,953.5,4,31163,3
891,1107280,997.6666870117188,955.3333129882812,6,31164,0
891,1107281,987.0833129882812,954.1666870117188,6,31164,1
891,1107282,1005.5999755859375,955.4000244140625,5,31165,0
891,1107283,997.6666870117188,955.3333129882812,6,31165,1
891,1107284,1134.5,955.0,1,31165,2
891,1107285,997.6666870117188,955.3333129882812,6,31166,0
891,1107286,1134.5,955.0,1,31166,1
891,1107287,1005.5999755859375,955.4000244140625,5,31166,2
891,1107288,997.6666870117188,955.3333129882812,6,31167,0
891,1107289,987.0833129882812,954.1666870117188,6,31167,1
891,1107290,997.6666870117188,955.3333129882812,6,31168,0
891,1107291,987.0833129882812,954.1666870117188,6,31168,1
891,1107292,1409.0,634.5,1,31169,0
891,1107293,976.0,953.5,1,31169,1
891,1107294,997.6666870117188,955.3333129882812,6,31170,0
891,1107295,1409.0,634.5,1,31170,1
891,1107296,974.2000122070312,953.9000244140625,5,31170,2
891,1107297,1150.25,950.75,2,31171,0
891,1107298,1272.25,996.5,2,31171,1
891,1107299,1339.5,947.0,1,31171,2
891,1107300,1134.5,955.0,1,31171,3
891,1107301,1272.25,996.5,2,31172,0
891,1107302,1339.5,947.0,1,31172,1
891,1107303,1174.0,961.5,1,31172,2
891,1107304,974.2000122070312,953.9000244140625,5,31173,0
891,1107305,997.6666870117188,955.3333129882812,6,31173,1
891,1107306,1272.25,996.5,2,31174,0
891,1107307,1174.0,961.5,1,31174,1
891,1107308,997.6666870117188,955.3333129882812,6,31175,0
891,1107309,1005.5999755859375,955.4000244140625,5,31175,1
891,1107310,1005.5999755859375,955.4000244140625,5,31176,0
891,1107311,997.6666870117188,955.3333129882812,6,31176,1
891,1107312,1012.5,955.125,4,31177,0
891,1107313,1134.5,955.0,1,31177,1
891,1107314,1002.0,955.7000122070312,5,31177,2
891,1107315,936.25,952.25,2,31178,0
891,1107316,995.375,955.25,4,31178,1
891,1107317,1005.5999755859375,955.4000244140625,5,31179,0
891,1107318,997.6666870117188,955.3333129882812,6,31179,1
891,1107319,1150.25,950.75,2,31180,0
891,1107320,1339.5,947.0,1,31180,1
891,1107321,1134.5,955.0,1,31180,2
891,1107322,587.0,957.0,1,31181,0
901,1107272,1339.5,947.0,1,31162,0
901,1107273,1134.5,955.0,1,31162,1
901,1107274,1150.25,950.75,2,31162,2
901,1107275,1235.0,979.0,1,31162,3
901,1107276,1134.5,955.0,1,31163,0
901,1107277,1005.0,956.0,1,31163,1
901,1107278,1339.5,947.0,1,31163,2
901,1107279,1091.125,953.5,4,31163,3
901,1107280,997.6666870117188,955.3333129882812,6,31164,0
901,1107281,987.0833129882812,954.1666870117188,6,31164,1
901,1107282,1005.5999755859375,955.4000244140625,5,31165,0
901,1107283,997.6666870117188,955.3333129882812,6,31165,1
901,1107284,1134.5,955.0,1,31165,2
901,1107285,997.6666870117188,955.3333129882812,6,31166,0
901,1107286,1134.5,955.0,1,31166,1
901,1107287,1005.5999755859375,955.4000244140625,5,31166,2
901,1107288,997.6666870117188,955.3333129882812,6,31167,0
901,1107289,987.0833129882812,954.1666870117188,6,31167,1
901,1107290,997.6666870117188,955.3333129882812,6,31168,0
901,1107291,987.0833129882812,954.1666870117188,6,31168,1
901,1107292,1409.0,634.5,1,31169,0
901,1107293,976.0,953.5,1,31169,1
901,1107294,997.6666870117188,955.3333129882812,6,31170,0
901,1107295,1409.0,634.5,1,31170,1
901,1107296,974.2000122070312,953.9000244140625,5,31170,2
901,1107297,1150.25,950.75,2,31171,0
901,1107298,1272.25,996.5,2,31171,1
901,1107299,1339.5,947.0,1,31171,2
901,1107300,1134.5,955.0,1,31171,3
901,1107301,1272.25,996.5,2,31172,0
901,1107302,1339.5,947.0,1,31172,1
901,1107303,1174.0,961.5,1,31172,2
901,1107304,974.2000122070312,953.9000244140625,5,31173,0
901,1107305,997.6666870117188,955.3333129882812,6,31173,1
901,1107306,1272.25,996.5,2,31174,0
901,1107307,1174.0,961.5,1,31174,1
901,1107308,997.6666870117188,955.3333129882812,6,31175,0
901,1107309,1005.5999755859375,955.4000244140625,5,31175,1
901,1107310,1005.5999755859375,955.4000244140625,5,31176,0
901,1107311,997.6666870117188,955.3333129882812,6,31176,1
901,1107312,1012.5,955.125,4,31177,0
901,1107313,1134.5,955.0,1,31177,1
901,1107314,1002.0,955.7000122070312,5,31177,2
901,1107315,936.25,952.25,2,31178,0
901,1107316,995.375,955.25,4,31178,1
901,1107317,1005.5999755859375,955.4000244140625,5,31179,0
901,1107318,997.6666870117188,955.3333129882812,6,31179,1
901,1107319,1150.25,950.75,2,31180,0
901,1107320,1339.5,947.0,1,31180,1
901,1107321,1134.5,955.0,1,31180,2
901,1107322,587.0,957.0,1,31181,0
911,1107272,1339.5,947.0,1,31162,0
911,1107273,1134.5,955.0,1,31162,1
911,1107274,1150.25,950.75,2,31162,2
911,1107275,1235.0,979.0,1,31162,3
911,1107276,1134.5,955.0,1,31163,0
911,1107277,1005.0,956.0,1,31163,1
911,1107278,1339.5,947.0,1,31163,2
911,1107279,1091.125,953.5,4,31163,3
911,1107280,997.6666870117188,955.3333129882812,6,31164,0
911,1107281,987.0833129882812,954.1666870117188,6,31164,1
911,1107282,1005.5999755859375,955.4000244140625,5,31165,0
911,1107283,997.6666870117188,955.3333129882812,6,31165,1
911,1107284,1134.5,955.0,1,31165,2
911,1107285,997.6666870117188,955.3333129882812,6,31166,0
911,1107286,1134.5,955.0,1,31166,1
911,1107287,1005.5999755859375,955.4000244140625,5,31166,2
911,1107288,997.6666870117188,955.3333129882812,6,31167,0
911,1107289,987.0833129882812,954.1666870117188,6,31167,1
911,1107290,997.6666870117188,955.3333129882812,6,31168,0
911,1107291,987.0833129882812,954.1666870117188,6,31168,1
911,1107292,1409.0,634.5,1,31169,0
911,1107293,976.0,953.5,1,31169,1
911,1107294,997.6666870117188,955.3333129882812,6,31170,0
911,1107295,1409.0,634.5,1,31170,1
911,1107296,974.2000122070312,953.9000244140625,5,31170,2
911,1107297,1150.25,950.75,2,31171,0
911,1107298,1272.25,996.5,2,31171,1
911,1107299,1339.5,947.0,1,31171,2
911,1107300,1134.5,955.0,1,31171,3
911,1107301,1272.25,996.5,2,31172,0
911,1107302,1339.5,947.0,1,31172,1
911,1107303,1174.0,961.5,1,31172,2
911,1107304,974.2000122070312,953.9000244140625,5,31173,0
911,1107305,997.6666870117188,955.3333129882812,6,31173,1
911,1107306,1272.25,996.5,2,31174,0
911,1107307,1174.0,961.5,1,31174,1
911,1107308,997.6666870117188,955.3333129882812,6,31175,0
911,1107309,1005.5999755859375,955.4000244140625,5,31175,1
911,1107310,1005.5999755859375,955.4000244140625,5,31176,0
911,1107311,997.6666870117188,955.3333129882812,6,31176,1
911,1107312,1012.5,955.125,4,31177,0
911,1107313,1134.5,955.0,1,31177,1
911,1107314,1002.0,955.7000122070312,5,31177,2
911,1107315,936.25,952.25,2,31178,0
911,1107316,995.375,955.25,4,31178,1
911,1107317,1005.5999755859375,955.4000244140625,5,31179,0
911,1107318,997.6666870117188,955.3333129882812,6,31179,1
911,1107319,1150.25,950.75,2,31180,0
911,1107320,1339.5,947.0,1,31180,1
911,1107321,1134.5,955.0,1,31180,2
911,1107322,587.0,957.0,1,31181,0
921,1107272,1339.5,947.0,1,31162,0
921,1107273,1134.5,955.0,1,31162,1
921,1107274,1150.25,950.75,2,31162,2
921,1107275,1235.0,979.0,1,31162,3
921,1107276,1134.5,955.0,1,31163,0
921,1107277,1005.0,956.0,1,31163,1
921,1107278,1339.5,947.0,1,31163,2
921,1107279,1091.125,953.5,4,31163,3
921,1107280,997.6666870117188,955.3333129882812,6,31164,0
921,1107281,987.0833129882812,954.1666870117188,6,31164,1
921,1107282,1005.5999755859375,955.4000244140625,5,31165,0
921,1107283,997.6666870117188,955.3333129882812,6,31165,1
921,1107284,1134.5,955.0,1,31165,2
921,1107285,997.6666870117188,955.3333129882812,6,31166,0
921,1107286,1134.5,955.0,1,31166,1
921,1107287,1005.5999755859375,955.4000244140625,5,31166,2
921,1107288,997.6666870117188,955.3333129882812,6,31167,0
921,1107289,987.0833129882812,954.1666870117188,6,31167,1
921,1107290,997.6666870117188,955.3333129882812,6,31168,0
921,1107291,987.0833129882812,954.1666870117188,6,31168,1
921,1107292,1409.0,634.5,1,31169,0
921,1107293,976.0,953.5,1,31169,1
921,1107294,997.6666870117188,955.3333129882812,6,31170,0
921,1107295,1409.0,634.5,1,31170,1
921,1107296,974.2000122070312,953.9000244140625,5,31170,2
921,1107297,1150.25,950.75,2,31171,0
921,1107298,1272.25,996.5,2,31171,1
921,1107299,1339.5,947.0,1,31171,2
921,1107300,1134.5,955.0,1,31171,3
921,1107301,1272.25,996.5,2,31172,0
921,1107302,1339.5,947.0,1,31172,1
921,1107303,1174.0,961.5,1,31172,2
921,1107304,974.2000122070312,953.9000244140625,5,31173,0
921,1107305,997.6666870117188,955.3333129882812,6,31173,1
921,1107306,1272.25,996.5,2,31174,0
921,1107307,1174.0,961.5,1,31174,1
921,1107308,997.6666870117188,955.3333129882812,6,31175,0
921,1107309,1005.5999755859375,955.4000244140625,5,31175,1
921,1107310,1005.5999755859375,955.4000244140625,5,31176,0
921,1107311,997.6666870117188,955.3333129882812,6,31176,1
921,1107312,1012.5,955.125,4,31177,0
921,1107313,1134.5,955.0,1,31177,1
921,1107314,1002.0,955.7000122070312,5,31177,2
921,1107315,936.25,952.25,2,31178,0
921,1107316,995.375,955.25,4,31178,1
921,1107317,1005.5999755859375,955.4000244140625,5,31179,0
921,1107318,997.6666870117188,955.3333129882812,6,31179,1
921,1107319,1150.25,950.75,2,31180,0
921,1107320,1339.5,947.0,1,31180,1
921,1107321,1134.5,955.0,1,31180,2
921,1107322,587.0,957.0,1,31181,0
931,1107272,1339.5,947.0,1,31162,0
931,1107273,1134.5,955.0,1,31162,1
931,1107274,1150.25,950.75,2,31162,2
931,1107275,1235.0,979.0,1,31162,3
931,1107276,1134.5,955.0,1,31163,0
931,1107277,1005.0,956.0,1,31163,1
931,1107278,1339.5,947.0,1,31163,2
931,1107279,1091.125,953.5,4,31163,3
931,1107280,997.6666870117188,955.3333129882812,6,31164,0
931,1107281,987.0833129882812,954.1666870117188,6,31164,1
931,1107282,1005.5999755859375,955.4000244140625,5,31165,0
931,1107283,997.6666870117188,955.3333129882812,6,31165,1
931,1107284,1134.5,955.0,1,31165,2
931,1107285,997.6666870117188,955.3333129882812,6,31166,0
931,1107286,1134.5,955.0,1,31166,1
931,1107287,1005.5999755859375,955.4000244140625,5,31166,2
931,1107288,997.6666870117188,955.3333129882812,6,31167,0
931,1107289,987.0833129882812,954.1666870117188,6,31167,1
931,1107290,997.6666870117188,955.3333129882812,6,31168,0
931,1107291,987.0833129882812,954.1666870117188,6,31168,1
931,1107292,1409.0,634.5,1,31169,0
931,1107293,976.0,953.5,1,31169,1
931,1107294,997.6666870117188,955.3333129882812,6,31170,0
931,1107295,1409.0,634.5,1,31170,1
931,1107296,974.2000122070312,953.9000244140625,5,31170,2
931,1107297,1150.25,950.75,2,31171,0
931,1107298,1272.25,996.5,2,31171,1
931,1107299,1339.5,947.0,1,31171,2
931,1107300,1134.5,955.0,1,31171,3
931,1107301,1272.25,996.5,2,31172,0
931,1107302,1339.5,947.0,1,31172,1
931,1107303,1174.0,961.5,1,31172,2
931,1107304,974.2000122070312,953.9000244140625,5,31173,0
931,1107305,997.6666870117188,955.3333129882812,6,31173,1
931,1107306,1272.25,996.5,2,31174,0
931,1107307,1174.0,961.5,1,31174,1
931,1107308,997.6666870117188,955.3333129882812,6,31175,0
931,1107309,1005.5999755859375,955.4000244140625,5,31175,1
931,1107310,1005.5999755859375,955.4000244140625,5,31176,0
931,1107311,997.6666870117188,955.3333129882812,6,31176,1
931,1107312,1012.5,955.125,4,31177,0
931,1107313,1134.5,955.0,1,31177,1
931,1107314,1002.0,955.7000122070312,5,31177,2
931,1107315,936.25,952.25,2,31178,0
931,1107316,995.375,955.25,4,31178,1
931,1107317,1005.5999755859375,955.4000244140625,5,31179,0
931,1107318,997.6666870117188,955.3333129882812,6,31179,1
931,1107319,1150.25,950.75,2,31180,0
931,1107320,1339.5,947.0,1,31180,1
931,1107321,1134.5,955.0,1,31180,2
931,1107322,587.0,957.0,1,31181,0
941,1107272,1327.5,948.0,1,31162,0
941,1107273,1131.0,954.0,1,31162,1
941,1107274,1165.25,952.25,2,31162,2
941,1107275,1244.5,982.5,1,31162,3
941,1107276,1131.0,954.0,1,31163,0
941,1107277,1011.0,956.25,2,31163,1
941,1107278,1327.5,948.0,1,31163,2
941,1107279,1101.125,955.1666870117188,3,31163,3
941,1107280,999.5833740234375,955.0833129882812,6,31164,0
941,1107281,987.7083129882812,954.7916870117188,4,31164,1
941,1107282,1005.9749755859375,955.9000244140625,4,31165,0
941,1107283,999.5667114257812,954.9332885742188,5,31165,1
941,1107284,1131.0,954.0,1,31165,2
941,1107285,999.5667114257812,954.9332885742188,5,31166,0
941,1107286,1131.0,954.0,1,31166,1
941,1107287,1005.9749755859375,955.9000244140625,4,31166,2
941,1107288,999.5833740234375,955.0833129882812,6,31167,0
941,1107289,987.7083129882812,954.7916870117188,4,31167,1
941,1107290,999.5833740234375,955.0833129882812,6,31168,0
941,1107291,987.7083129882812,954.7916870117188,4,31168,1
941,1107292,1414.5,636.5,1,31169,0
941,1107293,972.0,952.0,1,31169,1
941,1107294,999.5667114257812,954.9332885742188,5,31170,0
941,1107295,1414.5,636.5,1,31170,1
941,1107296,975.3250122070312,954.1500244140625,4,31170,2
941,1107297,1165.25,952.25,2,31171,0
941,1107298,1273.5,996.25,2,31171,1
941,1107299,1327.5,948.0,1,31171,2
941,1107300,1131.0,954.0,1,31171,3
941,1107301,1273.5,996.25,2,31172,0
941,1107302,1327.5,948.0,1,31172,1
941,1107303,1189.5,964.5,1,31172,2
941,1107304,975.3250122070312,954.1500244140625,4,31173,0
941,1107305,999.5667114257812,954.9332885742188,5,31173,1
941,1107306,1273.5,996.25,2,31174,0
941,1107307,1189.5,964.5,1,31174,1
941,1107308,999.5667114257812,954.9332885742188,5,31175,0
941,1107309,1005.9749755859375,955.9000244140625,4,31175,1
941,1107310,1005.9749755859375,955.9000244140625,4,31176,0
941,1107311,999.5667114257812,954.9332885742188,5,31176,1
941,1107312,1014.3333129882812,955.7916870117188,3,31177,0
941,1107313,1131.0,954.0,1,31177,1
941,1107314,1003.9000244140625,955.9000244140625,5,31177,2
941,1107315,937.0,952.5,2,31178,0
941,1107316,993.5416870117188,954.9166870117188,3,31178,1
941,1107317,1005.9749755859375,955.9000244140625,4,31179,0
941,1107318,999.5667114257812,954.9332885742188,5,31179,1
941,1107319,1165.25,952.25,2,31180,0
941,1107320,1327.5,948.0,1,31180,1
941,1107321,1131.0,954.0,1,31180,2
941,1107322,583.5,957.0,1,31181,0
951,1107272,1327.5,948.0,1,31162,0
951,1107273,1131.0,954.0,1,31162,1
951,1107274,1165.25,952.25,2,31162,2
951,1107275,1244.5,982.5,1,31162,3
951,1107276,1131.0,954.0,1,31163,0
951,1107277,1011.0,956.25,2,31163,1
951,1107278,1327.5,948.0,1,31163,2
951,1107279,1101.125,955.1666870117188,3,31163,3
951,1107280,999.5833740234375,955.0833129882812,6,31164,0
951,1107281,987.7083129882812,954.7916870117188,6,31164,1
951,1107282,1005.9749755859375,955.9000244140625,5,31165,0
951,1107283,999.5667114257812,954.9332885742188,6,31165,1
951,1107284,1131.0,954.0,1,31165,2
951,1107285,999.5667114257812,954.9332885742188,6,31166,0
951,1107286,1131.0,954.0,1,31166,1
951,1107287,1005.9749755859375,955.9000244140625,5,31166,2
951,1107288,999.5833740234375,955.0833129882812,6,31167,0
951,1107289,987.7083129882812,954.7916870117188,6,31167,1
951,1107290,999.5833740234375,955.0833129882812,6,31168,0
951,1107291,987.7083129882812,954.7916870117188,6,31168,1
951,1107292,1414.5,636.5,1,31169,0
951,1107293,972.0,952.0,1,31169,1
951,1107294,999.5667114257812,954.9332885742188,5,31170,0
951,1107295,1414.5,636.5,1,31170,1
951,1107296,975.3250122070312,954.1500244140625,5,31170,2
951,1107297,1165.25,952.25,2,31171,0
951,1107298,1273.5,996.25,2,31171,1
951,1107299,1327.5,948.0,1,31171,2
951,1107300,1131.0,954.0,1,31171,3
951,1107301,1273.5,996.25,2,31172,0
951,1107302,1327.5,948.0,1,31172,1
951,1107303,1189.5,964.5,1,31172,2
951,1107304,975.3250122070312,954.1500244140625,5,31173,0
951,1107305,999.5667114257812,954.9332885742188,5,31173,1
951,1107306,1273.5,996.25,2,31174,0
951,1107307,1189.5,964.5,1,31174,1
951,1107308,999.5667114257812,954.9332885742188,6,31175,0
951,1107309,1005.9749755859375,955.9000244140625,5,31175,1
951,1107310,1005.9749755859375,955.9000244140625,5,31176,0
951,1107311,999.5667114257812,954.9332885742188,6,31176,1
951,1107312,1014.3333129882812,955.7916870117188,3,31177,0
951,1107313,1131.0,954.0,1,31177,1
951,1107314,1003.9000244140625,955.9000244140625,6,31177,2
951,1107315,937.0,952.5,3,31178,0
951,1107316,993.5416870117188,954.9166870117188,3,31178,1
951,1107317,1005.9749755859375,955.9000244140625,5,31179,0
951,1107318,999.5667114257812,954.9332885742188,6,31179,1
951,1107319,1165.25,952.25,2,31180,0
951,1107320,1327.5,948.0,1,31180,1
951,1107321,1131.0,954.0,1,31180,2
951,1107322,583.5,957.0,1,31181,0
961,1107272,1327.5,948.0,1,31162,0
961,1107273,1131.0,954.0,1,31162,1
961,1107274,1165.25,952.25,2,31162,2
961,1107275,1244.5,982.5,1,31162,3
961,1107276,1131.0,954.0,1,31163,0
961,1107277,1011.0,956.25,2,31163,1
961,1107278,1327.5,948.0,1,31163,2
961,1107279,1101.125,955.1666870117188,3,31163,3
961,1107280,999.5833740234375,955.0833129882812,6,31164,0
961,1107281,987.7083129882812,954.7916870117188,6,31164,1
961,1107282,1005.9749755859375,955.9000244140625,5,31165,0
961,1107283,999.5667114257812,954.9332885742188,6,31165,1
961,1107284,1131.0,954.0,1,31165,2
961,1107285,999.5667114257812,954.9332885742188,6,31166,0
961,1107286,1131.0,954.0,1,31166,1
961,1107287,1005.9749755859375,955.9000244140625,5,31166,2
961,1107288,999.5833740234375,955.0833129882812,6,31167,0
961,1107289,987.7083129882812,954.7916870117188,6,31167,1
961,1107290,999.5833740234375,955.0833129882812,6,31168,0
961,1107291,987.7083129882812,954.7916870117188,6,31168,1
961,1107292,1414.5,636.5,1,31169,0
961,1107293,972.0,952.0,1,31169,1
961,1107294,999.5667114257812,954.9332885742188,5,31170,0
961,1107295,1414.5,636.5,1,31170,1
961,1107296,975.3250122070312,954.1500244140625,6,31170,2
961,1107297,1165.25,952.25,2,31171,0
961,1107298,1273.5,996.25,2,31171,1
961,1107299,1327.5,948.0,1,31171,2
961,1107300,1131.0,954.0,1,31171,3
961,1107301,1273.5,996.25,2,31172,0
961,1107302,1327.5,948.0,1,31172,1
961,1107303,1189.5,964.5,1,31172,2
961,1107304,975.3250122070312,954.1500244140625,6,31173,0
961,1107305,999.5667114257812,954.9332885742188,5,31173,1
961,1107306,1273.5,996.25,2,31174,0
961,1107307,1189.5,964.5,1,31174,1
961,1107308,999.5667114257812,954.9332885742188,6,31175,0
961,1107309,1005.9749755859375,955.9000244140625,5,31175,1
961,1107310,1005.9749755859375,955.9000244140625,5,31176,0
961,1107311,999.5667114257812,954.9332885742188,6,31176,1
961,1107312,1014.3333129882812,955.7916870117188,3,31177,0
961,1107313,1131.0,954.0,1,31177,1
961,1107314,1003.9000244140625,955.9000244140625,6,31177,2
961,1107315,937.0,952.5,3,31178,0
961,1107316,993.5416870117188,954.9166870117188,3,31178,1
961,1107317,1005.9749755859375,955.9000244140625,5,31179,0
961,1107318,999.5667114257812,954.9332885742188,6,31179,1
961,1107319,1165.25,952.25,2,31180,0
961,1107320,1327.5,948.0,1,31180,1
961,1107321,1131.0,954.0,1,31180,2
961,1107322,583.5,957.0,1,31181,0
971,1107272,1327.5,948.0,1,31162,0
971,1107273,1131.0,954.0,1,31162,1
971,1107274,1165.25,952.25,2,31162,2
971,1107275,1244.5,982.5,1,31162,3
971,1107276,1131.0,954.0,1,31163,0
971,1107277,1011.0,956.25,2,31163,1
971,1107278,1327.5,948.0,1,31163,2
971,1107279,1101.125,955.1666870117188,3,31163,3
971,1107280,999.5833740234375,955.0833129882812,6,31164,0
971,1107281,987.7083129882812,954.7916870117188,6,31164,1
971,1107282,1005.9749755859375,955.9000244140625,5,31165,0
971,1107283,999.5667114257812,954.9332885742188,6,31165,1
971,1107284,1131.0,954.0,1,31165,2
971,1107285,999.5667114257812,954.9332885742188,6,31166,0
971,1107286,1131.0,954.0,1,31166,1
971,1107287,1005.9749755859375,955.9000244140625,5,31166,2
971,1107288,999.5833740234375,955.0833129882812,6,31167,0
971,1107289,987.7083129882812,954.7916870117188,6,31167,1
971,1107290,999.5833740234375,955.0833129882812,6,31168,0
971,1107291,987.7083129882812,954.7916870117188,6,31168,1
971,1107292,1414.5,636.5,1,31169,0
971,1107293,972.0,952.0,1,31169,1
971,1107294,999.5667114257812,954.9332885742188,5,31170,0
971,1107295,1414.5,636.5,1,31170,1
971,1107296,975.3250122070312,954.1500244140625,6,31170,2
971,1107297,1165.25,952.25,2,31171,0
971,1107298,1273.5,996.25,2,31171,1
971,1107299,1327.5,948.0,1,31171,2
971,1107300,1131.0,954.0,1,31171,3
971,1107301,1273.5,996.25,2,31172,0
971,1107302,1327.5,948.0,1,31172,1
971,1107303,1189.5,964.5,1,31172,2
971,1107304,975.3250122070312,954.1500244140625,6,31173,0
971,1107305,999.5667114257812,954.9332885742188,5,31173,1
971,1107306,1273.5,996.25,2,31174,0
971,1107307,1189.5,964.5,1,31174,1
971,1107308,999.5667114257812,954.9332885742188,6,31175,0
971,1107309,1005.9749755859375,955.9000244140625,5,31175,1
971,1107310,1005.9749755859375,955.9000244140625,5,31176,0
971,1107311,999.5667114257812,954.9332885742188,6,31176,1
971,1107312,1014.3333129882812,955.7916870117188,3,31177,0
971,1107313,1131.0,954.0,1,31177,1
971,1107314,1003.9000244140625,955.9000244140625,6,31177,2
971,1107315,937.0,952.5,3,31178,0
971,1107316,993.5416870117188,954.9166870117188,3,31178,1
971,1107317,1005.9749755859375,955.9000244140625,5,31179,0
971,1107318,999.5667114257812,954.9332885742188,6,31179,1
971,1107319,1165.25,952.25,2,31180,0
971,1107320,1327.5,948.0,1,31180,1
971,1107321,1131.0,954.0,1,31180,2
971,1107322,583.5,957.0,1,31181,0
981,1107272,1327.5,948.0,1,31162,0
981,1107273,1131.0,954.0,1,31162,1
981,1107274,1165.25,952.25,2,31162,2
981,1107275,1244.5,982.5,1,31162,3
981,1107276,1131.0,954.0,1,31163,0
981,1107277,1011.0,956.25,2,31163,1
981,1107278,1327.5,948.0,1,31163,2
981,1107279,1101.125,955.1666870117188,3,31163,3
981,1107280,999.5833740234375,955.0833129882812,6,31164,0
981,1107281,987.7083129882812,954.7916870117188,6,31164,1
981,1107282,1005.9749755859375,955.9000244140625,5,31165,0
981,1107283,999.5667114257812,954.9332885742188,6,31165,1
981,1107284,1131.0,954.0,1,31165,2
981,1107285,999.5667114257812,954.9332885742188,6,31166,0
981,1107286,1131.0,954.0,1,31166,1
981,1107287,1005.9749755859375,955.9000244140625,5,31166,2
981,1107288,999.5833740234375,955.0833129882812,6,31167,0
981,1107289,987.7083129882812,954.7916870117188,6,31167,1
981,1107290,999.5833740234375,955.0833129882812,6,31168,0
981,1107291,987.7083129882812,954.7916870117188,6,31168,1
981,1107292,1414.5,636.5,1,31169,0
981,1107293,972.0,952.0,1,31169,1
981,1107294,999.5667114257812,954.9332885742188,5,31170,0
981,1107295,1414.5,636.5,1,31170,1
981,1107296,975.3250122070312,954.1500244140625,6,31170,2
981,1107297,1165.25,952.25,2,31171,0
981,1107298,1273.5,996.25,2,31171,1
981,1107299,1327.5,948.0,1,31171,2
981,1107300,1131.0,954.0,1,31171,3
981,1107301,1273.5,996.25,2,31172,0
981,1107302,1327.5,948.0,1,31172,1
981,1107303,1189.5,964.5,1,31172,2
981,1107304,975.3250122070312,954.1500244140625,6,31173,0
981,1107305,999.5667114257812,954.9332885742188,5,31173,1
981,1107306,1273.5,996.25,2,31174,0
981,1107307,1189.5,964.5,1,31174,1
981,1107308,999.5667114257812,954.9332885742188,6,31175,0
981,1107309,1005.9749755859375,955.9000244140625,5,31175,1
981,1107310,1005.9749755859375,955.9000244140625,5,31176,0
981,1107311,999.5667114257812,954.9332885742188,6,31176,1
981,1107312,1014.3333129882812,955.7916870117188,3,31177,0
981,1107313,1131.0,954.0,1,31177,1
981,1107314,1003.9000244140625,955.9000244140625,6,31177,2
981,1107315,937.0,952.5,3,31178,0
981,1107316,993.5416870117188,954.9166870117188,3,31178,1
981,1107317,1005.9749755859375,955.9000244140625,5,31179,0
981,1107318,999.5667114257812,954.9332885742188,6,31179,1
981,1107319,1165.25,952.25,2,31180,0
981,1107320,1327.5,948.0,1,31180,1
981,1107321,1131.0,954.0,1,31180,2
981,1107322,583.5,957.0,1,31181,0
991,1107272,1327.5,948.0,1,31162,0
991,1107273,1131.0,954.0,1,31162,1
991,1107274,1165.25,952.25,2,31162,2
991,1107275,1244.5,982.5,1,31162,3
991,1107276,1131.0,954.0,1,31163,0
991,1107277,1011.0,956.25,2,31163,1
991,1107278,1327.5,948.0,1,31163,2
991,1107279,1101.125,955.1666870117188,3,31163,3
991,1107280,999.5833740234375,955.0833129882812,6,31164,0
991,1107281,987.7083129882812,954.7916870117188,6,31164,1
991,1107282,1005.9749755859375,955.9000244140625,5,31165,0
991,1107283,999.5667114257812,954.9332885742188,6,31165,1
991,1107284,1131.0,954.0,1,31165,2
991,1107285,999.5667114257812,954.9332885742188,6,31166,0
991,1107286,1131.0,954.0,1,31166,1
991,1107287,1005.9749755859375,955.9000244140625,5,31166,2
991,1107288,999.5833740234375,955.0833129882812,6,31167,0
991,1107289,987.7083129882812,954.7916870117188,6,31167,1
991,1107290,999.5833740234375,955.0833129882812,6,31168,0
991,1107291,987.7083129882812,954.7916870117188,6,31168,1
991,1107292,1414.5,636.5,1,31169,0
991,1107293,972.0,952.0,1,31169,1
991,1107294,999.5667114257812,954.9332885742188,5,31170,0
991,1107295,1414.5,636.5,1,31170,1
991,1107296,975.3250122070312,954.1500244140625,6,31170,2
991,1107297,1165.25,952.25,2,31171,0
991,1107298,1273.5,996.25,2,31171,1
991,1107299,1327.5,948.0,1,31171,2
991,1107300,1131.0,954.0,1,31171,3
991,1107301,1273.5,996.25,2,31172,0
991,1107302,1327.5,948.0,1,31172,1
991,1107303,1189.5,964.5,1,31172,2
991,1107304,975.3250122070312,954.1500244140625,6,31173,0
991,1107305,999.5667114257812,954.9332885742188,5,31173,1
991,1107306,1273.5,996.25,2,31174,0
991,1107307,1189.5,964.5,1,31174,1
991,1107308,999.5667114257812,954.9332885742188,6,31175,0
991,1107309,1005.9749755859375,955.9000244140625,5,31175,1
991,1107310,1005.9749755859375,955.9000244140625,5,31176,0
991,1107311,999.5667114257812,954.9332885742188,6,31176,1
991,1107312,1014.3333129882812,955.7916870117188,3,31177,0
991,1107313,1131.0,954.0,1,31177,1
991,1107314,1003.9000244140625,955.9000244140625,6,31177,2
991,1107315,937.0,952.5,3,31178,0
991,1107316,993.5416870117188,954.9166870117188,3,31178,1
991,1107317,1005.9749755859375,955.9000244140625,5,31179,0
991,1107318,999.5667114257812,954.9332885742188,6,31179,1
991,1107319,1165.25,952.25,2,31180,0
991,1107320,1327.5,948.0,1,31180,1
991,1107321,1131.0,954.0,1,31180,2
991,1107322,583.5,957.0,1,31181,0
1001,1107272,1327.5,948.0,1,31162,0
1001,1107273,1131.0,954.0,1,31162,1
1001,1107274,1165.25,952.25,2,31162,2
1001,1107275,1244.5,982.5,1,31162,3
1001,1107276,1131.0,954.0,1,31163,0
1001,1107277,1011.0,956.25,2,31163,1
1001,1107278,1327.5,948.0,1,31163,2
1001,1107279,1101.125,955.1666870117188,3,31163,3
1001,1107280,999.5833740234375,955.0833129882812,6,31164,0
1001,1107281,987.7083129882812,954.7916870117188,6,31164,1
1001,1107282,1005.9749755859375,955.9000244140625,5,31165,0
1001,1107283,999.5667114257812,954.9332885742188,6,31165,1
1001,1107284,1131.0,954.0,1,31165,2
1001,1107285,999.5667114257812,954.9332885742188,6,31166,0
1001,1107286,1131.0,954.0,1,31166,1
1001,1107287,1005.9749755859375,955.9000244140625,5,31166,2
1001,1107288,999.5833740234375,955.0833129882812,6,31167,0
1001,1107289,987.7083129882812,954.7916870117188,6,31167,1
1001,1107290,999.5833740234375,955.0833129882812,6,31168,0
1001,1107291,987.7083129882812,954.7916870117188,6,31168,1
1001,1107292,1414.5,636.5,1,31169,0
1001,1107293,972.0,952.0,1,31169,1
1001,1107294,999.5667114257812,954.9332885742188,5,31170,0
1001,1107295,1414.5,636.5,1,31170,1
1001,1107296,975.3250122070312,954.1500244140625,6,31170,2
1001,1107297,1165.25,952.25,2,31171,0
1001,1107298,1273.5,996.25,2,31171,1
1001,1107299,1327.5,948.0,1,31171,2
1001,1107300,1131.0,954.0,1,31171,3
1001,1107301,1273.5,996.25,2,31172,0
1001,1107302,1327.5,948.0,1,31172,1
1001,1107303,1189.5,964.5,1,31172,2
1001,1107304,975.3250122070312,954.1500244140625,6,31173,0
1001,1107305,999.5667114257812,954.9332885742188,5,31173,1
1001,1107306,1273.5,996.25,2,31174,0
1001,1107307,1189.5,964.5,1,31174,1
1001,1107308,999.5667114257812,954.9332885742188,6,31175,0
1001,1107309,1005.9749755859375,955.9000244140625,5,31175,1
1001,1107310,1005.9749755859375,955.9000244140625,5,31176,0
1001,1107311,999.5667114257812,954.9332885742188,6,31176,1
1001,1107312,1014.3333129882812,955.7916870117188,3,31177,0
1001,1107313,1131.0,954.0,1,31177,1
1001,1107314,1003.9000244140625,955.9000244140625,6,31177,2
1001,1107315,937.0,952.5,3,31178,0
1001,1107316,993.5416870117188,954.9166870117188,3,31178,1
1001,1107317,1005.9749755859375,955.9000244140625,5,31179,0
1001,1107318,999.5667114257812,954.9332885742188,6,31179,1
1001,1107319,1165.25,952.25,2,31180,0
1001,1107320,1327.5,948.0,1,31180,1
1001,1107321,1131.0,954.0,1,31180,2
1001,1107322,583.5,957.0,1,31181,0
1011,1107272,1327.5,948.0,1,31162,0
1011,1107273,1131.0,954.0,1,31162,1
1011,1107274,1165.25,952.25,2,31162,2
1011,1107275,1244.5,982.5,1,31162,3
1011,1107276,1131.0,954.0,1,31163,0
1011,1107277,1011.0,956.25,2,31163,1
1011,1107278,1327.5,948.0,1,31163,2
1011,1107279,1101.125,955.1666870117188,3,31163,3
1011,1107280,999.5833740234375,955.0833129882812,6,31164,0
1011,1107281,987.7083129882812,954.7916870117188,6,31164,1
1011,1107282,1005.9749755859375,955.9000244140625,5,31165,0
1011,1107283,999.5667114257812,954.9332885742188,6,31165,1
1011,1107284,1131.0,954.0,1,31165,2
1011,1107285,999.5667114257812,954.9332885742188,6,31166,0
1011,1107286,1131.0,954.0,1,31166,1
1011,1107287,1005.9749755859375,955.9000244140625,5,31166,2
1011,1107288,999.5833740234375,955.0833129882812,6,31167,0
1011,1107289,987.7083129882812,954.7916870117188,6,31167,1
1011,1107290,999.5833740234375,955.0833129882812,6,31168,0
1011,1107291,987.7083129882812,954.7916870117188,6,31168,1
1011,1107292,1414.5,636.5,1,31169,0
1011,1107293,972.0,952.0,1,31169,1
1011,1107294,999.5667114257812,954.9332885742188,5,31170,0
1011,1107295,1414.5,636.5,1,31170,1
1011,1107296,975.3250122070312,954.1500244140625,6,31170,2
1011,1107297,1165.25,952.25,2,31171,0
1011,1107298,1273.5,996.25,2,31171,1
1011,1107299,1327.5,948.0,1,31171,2
1011,1107300,1131.0,954.0,1,31171,3
1011,1107301,1273.5,996.25,2,31172,0
1011,1107302,1327.5,948.0,1,31172,1
1011,1107303,1189.5,964.5,1,31172,2
1011,1107304,975.3250122070312,954.1500244140625,6,31173,0
1011,1107305,999.5667114257812,954.9332885742188,5,31173,1
1011,1107306,1273.5,996.25,2,31174,0
1011,1107307,1189.5,964.5,1,31174,1
1011,1107308,999.5667114257812,954.9332885742188,6,31175,0
1011,1107309,1005.9749755859375,955.9000244140625,5,31175,1
1011,1107310,1005.9749755859375,955.9000244140625,5,31176,0
1011,1107311,999.5667114257812,954.9332885742188,6,31176,1
1011,1107312,1014.3333129882812,955.7916870117188,3,31177,0
1011,1107313,1131.0,954.0,1,31177,1
1011,1107314,1003.9000244140625,955.9000244140625,6,31177,2
1011,1107315,937.0,952.5,3,31178,0
1011,1107316,993.5416870117188,954.9166870117188,3,31178,1
1011,1107317,1005.9749755859375,955.9000244140625,5,31179,0
1011,1107318,999.5667114257812,954.9332885742188,6,31179,1
1011,1107319,1165.25,952.25,2,31180,0
1011,1107320,1327.5,948.0,1,31180,1
1011,1107321,1131.0,954.0,1,31180,2
1011,1107322,583.5,957.0,1,31181,0
1021,1107272,1327.5,948.0,1,31162,0
1021,1107273,1131.0,954.0,1,31162,1
1021,1107274,1165.25,952.25,2,31162,2
1021,1107275,1244.5,982.5,1,31162,3
1021,1107276,1131.0,954.0,1,31163,0
1021,1107277,1011.0,956.25,2,31163,1
1021,1107278,1327.5,948.0,1,31163,2
1021,1107279,1101.125,955.1666870117188,3,31163,3
1021,1107280,999.5833740234375,955.0833129882812,6,31164,0
1021,1107281,987.7083129882812,954.7916870117188,6,31164,1
1021,1107282,1005.9749755859375,955.9000244140625,5,31165,0
1021,1107283,999.5667114257812,954.9332885742188,6,31165,1
1021,1107284,1131.0,954.0,1,31165,2
1021,1107285,999.5667114257812,954.9332885742188,6,31166,0
1021,1107286,1131.0,954.0,1,31166,1
1021,1107287,1005.9749755859375,955.9000244140625,5,31166,2
1021,1107288,999.5833740234375,955.0833129882812,6,31167,0
1021,1107289,987.7083129882812,954.7916870117188,6,31167,1
1021,1107290,999.5833740234375,955.0833129882812,6,31168,0
1021,1107291,987.7083129882812,954.7916870117188,6,31168,1
1021,1107292,1414.5,636.5,1,31169,0
1021,1107293,972.0,952.0,1,31169,1
1021,1107294,999.5667114257812,954.9332885742188,5,31170,0
1021,1107295,1414.5,636.5,1,31170,1
1021,1107296,975.3250122070312,954.1500244140625,6,31170,2
1021,1107297,1165.25,952.25,2,31171,0
1021,1107298,1273.5,996.25,2,31171,1
1021,1107299,1327.5,948.0,1,31171,2
1021,1107300,1131.0,954.0,1,31171,3
1021,1107301,1273.5,996.25,2,31172,0
1021,1107302,1327.5,948.0,1,31172,1
1021,1107303,1189.5,964.5,1,31172,2
1021,1107304,975.3250122070312,954.1500244140625,6,31173,0
1021,1107305,999.5667114257812,954.9332885742188,5,31173,1
1021,1107306,1273.5,996.25,2,31174,0
1021,1107307,1189.5,964.5,1,31174,1
1021,1107308,999.5667114257812,954.9332885742188,6,31175,0
1021,1107309,1005.9749755859375,955.9000244140625,5,31175,1
1021,1107310,1005.9749755859375,955.9000244140625,5,31176,0
1021,1107311,999.5667114257812,954.9332885742188,6,31176,1
1021,1107312,1014.3333129882812,955.7916870117188,3,31177,0
1021,1107313,1131.0,954.0,1,31177,1
1021,1107314,1003.9000244140625,955.9000244140625,6,31177,2
1021,1107315,937.0,952.5,3,31178,0
1021,1107316,993.5416870117188,954.9166870117188,3,31178,1
1021,1107317,1005.9749755859375,955.9000244140625,5,31179,0
1021,1107318,999.5667114257812,954.9332885742188,6,31179,1
1021,1107319,1165.25,952.25,2,31180,0
1021,1107320,1327.5,948.0,1,31180,1
1021,1107321,1131.0,954.0,1,31180,2
1021,1107322,583.5,957.0,1,31181,0
1031,1107272,1327.5,948.0,1,31162,0
1031,1107273,1131.0,954.0,1,31162,1
1031,1107274,1165.25,952.25,2,31162,2
1031,1107275,1244.5,982.5,1,31162,3
1031,1107276,1131.0,954.0,1,31163,0
1031,1107277,1011.0,956.25,2,31163,1
1031,1107278,1327.5,948.0,1,31163,2
1031,1107279,1101.125,955.1666870117188,3,31163,3
1031,1107280,999.5833740234375,955.0833129882812,6,31164,0
1031,1107281,987.7083129882812,954.7916870117188,6,31164,1
1031,1107282,1005.9749755859375,955.9000244140625,5,31165,0
1031,1107283,999.5667114257812,954.9332885742188,6,31165,1
1031,1107284,1131.0,954.0,1,31165,2
1031,1107285,999.5667114257812,954.9332885742188,6,31166,0
1031,1107286,1131.0,954.0,1,31166,1
1031,1107287,1005.9749755859375,955.9000244140625,5,31166,2
1031,1107288,999.5833740234375,955.0833129882812,6,31167,0
1031,1107289,987.7083129882812,954.7916870117188,6,31167,1
1031,1107290,999.5833740234375,955.0833129882812,6,31168,0
1031,1107291,987.7083129882812,954.7916870117188,6,31168,1
1031,1107292,1414.5,636.5,1,31169,0
1031,1107293,972.0,952.0,1,31169,1
1031,1107294,999.5667114257812,954.9332885742188,5,31170,0
1031,1107295,1414.5,636.5,1,31170,1
1031,1107296,975.3250122070312,954.1500244140625,6,31170,2
1031,1107297,1165.25,952.25,2,31171,0
1031,1107298,1273.5,996.25,2,31171,1
1031,1107299,1327.5,948.0,1,31171,2
1031,1107300,1131.0,954.0,1,31171,3
1031,1107301,1273.5,996.25,2,31172,0
1031,1107302,1327.5,948.0,1,31172,1
1031,1107303,1189.5,964.5,1,31172,2
1031,1107304,975.3250122070312,954.1500244140625,6,31173,0
1031,1107305,999.5667114257812,954.9332885742188,5,31173,1
1031,1107306,1273.5,996.25,2,31174,0
1031,1107307,1189.5,964.5,1,31174,1
1031,1107308,999.5667114257812,954.9332885742188,6,31175,0
1031,1107309,1005.9749755859375,955.9000244140625,5,31175,1
1031,1107310,1005.9749755859375,955.9000244140625,5,31176,0
1031,1107311,999.5667114257812,954.9332885742188,6,31176,1
1031,1107312,1014.3333129882812,955.7916870117188,3,31177,0
1031,1107313,1131.0,954.0,1,31177,1
1031,1107314,1003.9000244140625,955.9000244140625,6,31177,2
1031,1107315,937.0,952.5,3,31178,0
1031,1107316,993.5416870117188,954.9166870117188,3,31178,1
1031,1107317,1005.9749755859375,955.9000244140625,5,31179,0
1031,1107318,999.5667114257812,954.9332885742188,6,31179,1
1031,1107319,1165.25,952.25,2,31180,0
1031,1107320,1327.5,948.0,1,31180,1
1031,1107321,1131.0,954.0,1,31180,2
1031,1107322,583.5,957.0,1,31181,0
1041,1107272,1321.0,947.0,1,31162,0
1041,1107273,1125.0,953.5,1,31162,1
1041,1107274,1181.25,945.0,2,31162,2
1041,1107275,1238.0,979.0,1,31162,3
1041,1107276,1125.0,953.5,1,31163,0
1041,1107277,1013.25,956.75,2,31163,1
1041,1107278,1321.0,947.0,1,31163,2
1041,1107279,1121.875,949.1666870117188,2,31163,3
1041,1107280,999.4583740234375,954.8333129882812,4,31164,0
1041,1107281,983.2916259765625,954.625,6,31164,1
1041,1107282,1001.074951171875,955.800048828125,5,31165,0
1041,1107283,999.0667114257812,954.63330078125,5,31165,1
1041,1107284,1129.5,953.25,2,31165,2
1041,1107285,999.0667114257812,954.63330078125,5,31166,0
1041,1107286,1129.5,953.25,2,31166,1
1041,1107287,1001.074951171875,955.800048828125,5,31166,2
1041,1107288,999.4583740234375,954.8333129882812,4,31167,0
1041,1107289,983.2916259765625,954.625,6,31167,1
1041,1107290,999.4583740234375,954.8333129882812,4,31168,0
1041,1107291,983.2916259765625,954.625,6,31168,1
1041,1107292,1412.5,640.0,1,31169,0
1041,1107293,965.5,950.0,1,31169,1
1041,1107294,999.4417114257812,954.6832885742188,4,31170,0
1041,1107295,1412.5,640.0,1,31170,1
1041,1107296,969.8250122070312,953.9000244140625,4,31170,2
1041,1107297,1181.25,945.0,2,31171,0
1041,1107298,1265.0,992.75,2,31171,1
1041,1107299,1321.0,947.0,1,31171,2
1041,1107300,1125.0,953.5,1,31171,3
1041,1107301,1265.0,992.75,2,31172,0
1041,1107302,1321.0,947.0,1,31172,1
1041,1107303,1178.5,961.0,1,31172,2
1041,1107304,969.8250122070312,953.9000244140625,4,31173,0
1041,1107305,999.4417114257812,954.6832885742188,4,31173,1
1041,1107306,1265.0,992.75,2,31174,0
1041,1107307,1178.5,961.0,1,31174,1
1041,1107308,999.0667114257812,954.63330078125,5,31175,0
1041,1107309,1001.074951171875,955.800048828125,5,31175,1
1041,1107310,1001.074951171875,955.800048828125,5,31176,0
1041,1107311,999.0667114257812,954.63330078125,5,31176,1
1041,1107312,1013.5,955.4583740234375,3,31177,0
1041,1107313,1131.3333740234375,953.6666870117188,3,31177,1
1041,1107314,998.4000244140625,955.9000244140625,4,31177,2
1041,1107315,930.0,952.3333129882812,3,31178,0
1041,1107316,991.875,954.5833740234375,3,31178,1
1041,1107317,1001.074951171875,955.800048828125,5,31179,0
1041,1107318,999.0667114257812,954.63330078125,5,31179,1
1041,1107319,1181.25,945.0,2,31180,0
1041,1107320,1321.0,947.0,1,31180,1
1041,1107321,1125.0,953.5,1,31180,2
1041,1107322,568.0,956.0,1,31181,0
1061,1107323,1024.0,952.7999877929688,5,31182,0
1061,1107324,1022.0999755859375,956.9000244140625,5,31182,1
1061,1107325,875.5,946.5,1,31182,2
1061,1107326,1010.5714111328125,953.7857055664062,7,31183,0
1061,1107327,1022.0999755859375,956.9000244140625,5,31183,1
1061,1107328,875.5,946.5,1,31183,2
1061,1107329,1298.8333740234375,974.6666870117188,3,31184,0
1061,1107330,1644.0,933.5,1,31184,1
1061,1107331,1010.5714111328125,953.7857055664062,7,31185,0
1061,1107332,1022.0999755859375,956.9000244140625,5,31185,1
1061,1107333,875.5,946.5,1,31185,2
1061,1107334,1022.0999755859375,956.9000244140625,5,31186,0
1061,1107335,875.5,946.5,1,31186,1
1061,1107336,1256.5,986.5,2,31186,2
1061,1107337,1019.25,953.5,6,31186,3
1061,1107338,1022.0999755859375,956.9000244140625,5,31187,0
1061,1107339,1290.5,996.5,1,31187,1
1061,1107340,1050.8333740234375,953.3333129882812,3,31187,2
1061,1107341,1006.5,953.75,2,31187,3
1061,1107342,1644.0,933.5,1,31188,0
1061,1107343,1298.8333740234375,974.6666870117188,3,31188,1
1061,1107344,1022.0999755859375,956.9000244140625,5,31189,0
1061,1107345,1290.5,996.5,1,31189,1
1061,1107346,1050.8333740234375,953.3333129882812,3,31189,2
1061,1107347,1006.5,953.75,2,31189,3
1061,1107348,933.375,952.375,4,31190,0
1061,1107349,875.5,946.5,1,31190,1
1061,1107350,875.5,946.5,1,31191,0
1061,1107351,1022.8333129882812,957.0,3,31191,1
1061,1107352,981.5,953.388916015625,9,31191,2
1061,1107353,879.75,952.0,2,31192,0
1061,1107354,875.5,946.5,1,31192,1
1061,1107355,1270.3333740234375,993.0,3,31193,0
1061,1107356,1029.6666259765625,955.8333129882812,3,31193,1
1061,1107357,1296.75,980.125,4,31194,0
1061,1107358,1644.0,933.5,1,31194,1
1061,1107359,978.2857055664062,953.9285888671875,7,31195,0
1061,1107360,1009.5,959.5,1,31195,1
1061,1107361,875.5,946.5,1,31195,2
1061,1107362,1296.75,980.125,4,31196,0
1061,1107363,1644.0,933.5,1,31196,1
1061,1107364,1047.0,954.0,1,31196,2
1061,1107365,1022.0999755859375,956.9000244140625,5,31197,0
1061,1107366,875.5,946.5,1,31197,1
1061,1107367,1010.5714111328125,953.7857055664062,7,31197,2
1061,1107368,995.75,954.4166870117188,6,31198,0
1061,1107369,1022.0999755859375,956.9000244140625,5,31198,1
1061,1107370,875.5,946.5,1,31198,2
1061,1107371,993.4375,953.4375,8,31199,0
1061,1107372,1022.0999755859375,956.9000244140625,5,31199,1
1061,1107373,875.5,946.5,1,31199,2
1061,1107374,1010.5714111328125,953.7857055664062,7,31200,0
1061,1107375,1028.25,956.75,2,31200,1
1061,1107376,875.5,946.5,1,31200,2
1061,1107377,1022.0999755859375,956.9000244140625,5,31201,0
1061,1107378,875.5,946.5,1,31201,1
1061,1107379,1050.8333740234375,953.3333129882812,3,31201,2
1061,1107380,1006.5,953.75,2,31201,3
1061,1107381,500.5,957.5,1,31202,0
1071,1107323,1024.0,952.7999877929688,5,31182,0
1071,1107324,1022.0999755859375,956.9000244140625,5,31182,1
1071,1107325,875.5,946.5,1,31182,2
1071,1107326,1010.5714111328125,953.7857055664062,7,31183,0
1071,1107327,1022.0999755859375,956.9000244140625,5,31183,1
1071,1107328,875.5,946.5,1,31183,2
1071,1107329,1298.8333740234375,974.6666870117188,3,31184,0
1071,1107330,1644.0,933.5,1,31184,1
1071,1107331,1010.5714111328125,953.7857055664062,7,31185,0
1071,1107332,1022.0999755859375,956.9000244140625,5,31185,1
1071,1107333,875.5,946.5,1,31185,2
1071,1107334,1022.0999755859375,956.9000244140625,5,31186,0
1071,1107335,875.5,946.5,1,31186,1
1071,1107336,1256.5,986.5,2,31186,2
1071,1107337,1019.25,953.5,6,31186,3
1071,1107338,1022.0999755859375,956.9000244140625,5,31187,0
1071,1107339,1290.5,996.5,1,31187,1
1071,1107340,1050.8333740234375,953.3333129882812,3,31187,2
1071,1107341,1006.5,953.75,2,31187,3
1071,1107342,1644.0,933.5,1,31188,0
1071,1107343,1298.8333740234375,974.6666870117188,3,31188,1
1071,1107344,1022.0999755859375,956.9000244140625,5,31189,0
1071,1107345,1290.5,996.5,1,31189,1
1071,1107346,1050.8333740234375,953.3333129882812,3,31189,2
1071,1107347,1006.5,953.75,2,31189,3
1071,1107348,933.375,952.375,4,31190,0
1071,1107349,875.5,946.5,1,31190,1
1071,1107350,875.5,946.5,1,31191,0
1071,1107351,1022.8333129882812,957.0,3,31191,1
1071,1107352,981.5,953.388916015625,9,31191,2
1071,1107353,879.75,952.0,2,31192,0
1071,1107354,875.5,946.5,1,31192,1
1071,1107355,1270.3333740234375,993.0,3,31193,0
1071,1107356,1029.6666259765625,955.8333129882812,3,31193,1
1071,1107357,1296.75,980.125,4,31194,0
1071,1107358,1644.0,933.5,1,31194,1
1071,1107359,978.2857055664062,953.9285888671875,7,31195,0
1071,1107360,1009.5,959.5,1,31195,1
1071,1107361,875.5,946.5,1,31195,2
1071,1107362,1296.75,980.125,4,31196,0
1071,1107363,1644.0,933.5,1,31196,1
1071,1107364,1047.0,954.0,1,31196,2
1071,1107365,1022.0999755859375,956.9000244140625,5,31197,0
1071,1107366,875.5,946.5,1,31197,1
1071,1107367,1010.5714111328125,953.7857055664062,7,31197,2
1071,1107368,995.75,954.4166870117188,6,31198,0
1071,1107369,1022.0999755859375,956.9000244140625,5,31198,1
1071,1107370,875.5,946.5,1,31198,2
1071,1107371,993.4375,953.4375,8,31199,0
1071,1107372,1022.0999755859375,956.9000244140625,5,31199,1
1071,1107373,875.5,946.5,1,31199,2
1071,1107374,1010.5714111328125,953.7857055664062,7,31200,0
1071,1107375,1028.25,956.75,2,31200,1
1071,1107376,875.5,946.5,1,31200,2
1071,1107377,1022.0999755859375,956.9000244140625,5,31201,0
1071,1107378,875.5,946.5,1,31201,1
1071,1107379,1050.8333740234375,953.3333129882812,3,31201,2
1071,1107380,1006.5,953.75,2,31201,3
1071,1107381,500.5,957.5,1,31202,0
1081,1107323,1024.0,952.7999877929688,5,31182,0
1081,1107324,1022.0999755859375,956.9000244140625,5,31182,1
1081,1107325,875.5,946.5,1,31182,2
1081,1107326,1010.5714111328125,953.7857055664062,7,31183,0
1081,1107327,1022.0999755859375,956.9000244140625,5,31183,1
1081,1107328,875.5,946.5,1,31183,2
1081,1107329,1298.8333740234375,974.6666870117188,3,31184,0
1081,1107330,1644.0,933.5,1,31184,1
1081,1107331,1010.5714111328125,953.7857055664062,7,31185,0
1081,1107332,1022.0999755859375,956.9000244140625,5,31185,1
1081,1107333,875.5,946.5,1,31185,2
1081,1107334,1022.0999755859375,956.9000244140625,5,31186,0
1081,1107335,875.5,946.5,1,31186,1
1081,1107336,1256.5,986.5,2,31186,2
1081,1107337,1019.25,953.5,6,31186,3
1081,1107338,1022.0999755859375,956.9000244140625,5,31187,0
1081,1107339,1290.5,996.5,1,31187,1
1081,1107340,1050.8333740234375,953.3333129882812,3,31187,2
1081,1107341,1006.5,953.75,2,31187,3
1081,1107342,1644.0,933.5,1,31188,0
1081,1107343,1298.8333740234375,974.6666870117188,3,31188,1
1081,1107344,1022.0999755859375,956.9000244140625,5,31189,0
1081,1107345,1290.5,996.5,1,31189,1
1081,1107346,1050.8333740234375,953.3333129882812,3,31189,2
1081,1107347,1006.5,953.75,2,31189,3
1081,1107348,933.375,952.375,4,31190,0
1081,1107349,875.5,946.5,1,31190,1
1081,1107350,875.5,946.5,1,31191,0
1081,1107351,1022.8333129882812,957.0,3,31191,1
1081,1107352,981.5,953.388916015625,9,31191,2
1081,1107353,879.75,952.0,2,31192,0
1081,1107354,875.5,946.5,1,31192,1
1081,1107355,1270.3333740234375,993.0,3,31193,0
1081,1107356,1029.6666259765625,955.8333129882812,3,31193,1
1081,1107357,1296.75,980.125,4,31194,0
1081,1107358,1644.0,933.5,1,31194,1
1081,1107359,978.2857055664062,953.9285888671875,7,31195,0
1081,1107360,1009.5,959.5,1,31195,1
1081,1107361,875.5,946.5,1,31195,2
1081,1107362,1296.75,980.125,4,31196,0
1081,1107363,1644.0,933.5,1,31196,1
1081,1107364,1047.0,954.0,1,31196,2
1081,1107365,1022.0999755859375,956.9000244140625,5,31197,0
1081,1107366,875.5,946.5,1,31197,1
1081,1107367,1010.5714111328125,953.7857055664062,7,31197,2
1081,1107368,995.75,954.4166870117188,6,31198,0
1081,1107369,1022.0999755859375,956.9000244140625,5,31198,1
1081,1107370,875.5,946.5,1,31198,2
1081,1107371,993.4375,953.4375,8,31199,0
1081,1107372,1022.0999755859375,956.9000244140625,5,31199,1
1081,1107373,875.5,946.5,1,31199,2
1081,1107374,1010.5714111328125,953.7857055664062,7,31200,0
1081,1107375,1028.25,956.75,2,31200,1
1081,1107376,875.5,946.5,1,31200,2
1081,1107377,1022.0999755859375,956.9000244140625,5,31201,0
1081,1107378,875.5,946.5,1,31201,1
1081,1107379,1050.8333740234375,953.3333129882812,3,31201,2
1081,1107380,1006.5,953.75,2,31201,3
1081,1107381,500.5,957.5,1,31202,0
1091,1107323,1024.0,952.7999877929688,5,31182,0
1091,1107324,1022.0999755859375,956.9000244140625,5,31182,1
1091,1107325,875.5,946.5,1,31182,2
1091,1107326,1010.5714111328125,953.7857055664062,7,31183,0
1091,1107327,1022.0999755859375,956.9000244140625,5,31183,1
1091,1107328,875.5,946.5,1,31183,2
1091,1107329,1298.8333740234375,974.6666870117188,3,31184,0
1091,1107330,1644.0,933.5,1,31184,1
1091,1107331,1010.5714111328125,953.7857055664062,7,31185,0
1091,1107332,1022.0999755859375,956.9000244140625,5,31185,1
1091,1107333,875.5,946.5,1,31185,2
1091,1107334,1022.0999755859375,956.9000244140625,5,31186,0
1091,1107335,875.5,946.5,1,31186,1
1091,1107336,1256.5,986.5,2,31186,2
1091,1107337,1019.25,953.5,6,31186,3
1091,1107338,1022.0999755859375,956.9000244140625,5,31187,0
1091,1107339,1290.5,996.5,1,31187,1
1091,1107340,1050.8333740234375,953.3333129882812,3,31187,2
1091,1107341,1006.5,953.75,2,31187,3
1091,1107342,1644.0,933.5,1,31188,0
1091,1107343,1298.8333740234375,974.6666870117188,3,31188,1
1091,1107344,1022.0999755859375,956.9000244140625,5,31189,0
1091,1107345,1290.5,996.5,1,31189,1
1091,1107346,1050.8333740234375,953.3333129882812,3,31189,2
1091,1107347,1006.5,953.75,2,31189,3
1091,1107348,933.375,952.375,4,31190,0
1091,1107349,875.5,946.5,1,31190,1
1091,1107350,875.5,946.5,1,31191,0
1091,1107351,1022.8333129882812,957.0,3,31191,1
1091,1107352,981.5,953.388916015625,9,31191,2
1091,1107353,879.75,952.0,2,31192,0
1091,1107354,875.5,946.5,1,31192,1
1091,1107355,1270.3333740234375,993.0,3,31193,0
1091,1107356,1029.6666259765625,955.8333129882812,3,31193,1
1091,1107357,1296.75,980.125,4,31194,0
1091,1107358,1644.0,933.5,1,31194,1
1091,1107359,978.2857055664062,953.9285888671875,7,31195,0
1091,1107360,1009.5,959.5,1,31195,1
1091,1107361,875.5,946.5,1,31195,2
1091,1107362,1296.75,980.125,4,31196,0
1091,1107363,1644.0,933.5,1,31196,1
1091,1107364,1047.0,954.0,1,31196,2
1091,1107365,1022.0999755859375,956.9000244140625,5,31197,0
1091,1107366,875.5,946.5,1,31197,1
1091,1107367,1010.5714111328125,953.7857055664062,7,31197,2
1091,1107368,995.75,954.4166870117188,6,31198,0
1091,1107369,1022.0999755859375,956.9000244140625,5,31198,1
1091,1107370,875.5,946.5,1,31198,2
1091,1107371,993.4375,953.4375,8,31199,0
1091,1107372,1022.0999755859375,956.9000244140625,5,31199,1
1091,1107373,875.5,946.5,1,31199,2
1091,1107374,1010.5714111328125,953.7857055664062,7,31200,0
1091,1107375,1028.25,956.75,2,31200,1
1091,1107376,875.5,946.5,1,31200,2
1091,1107377,1022.0999755859375,956.9000244140625,5,31201,0
1091,1107378,875.5,946.5,1,31201,1
1091,1107379,1050.8333740234375,953.3333129882812,3,31201,2
1091,1107380,1006.5,953.75,2,31201,3
1091,1107381,500.5,957.5,1,31202,0
1101,1107323,1024.0,952.7999877929688,5,31182,0
1101,1107324,1022.0999755859375,956.9000244140625,5,31182,1
1101,1107325,875.5,946.5,1,31182,2
1101,1107326,1010.5714111328125,953.7857055664062,7,31183,0
1101,1107327,1022.0999755859375,956.9000244140625,5,31183,1
1101,1107328,875.5,946.5,1,31183,2
1101,1107329,1298.8333740234375,974.6666870117188,3,31184,0
1101,1107330,1644.0,933.5,1,31184,1
1101,1107331,1010.5714111328125,953.7857055664062,7,31185,0
1101,1107332,1022.0999755859375,956.9000244140625,5,31185,1
1101,1107333,875.5,946.5,1,31185,2
1101,1107334,1022.0999755859375,956.9000244140625,5,31186,0
1101,1107335,875.5,946.5,1,31186,1
1101,1107336,1256.5,986.5,2,31186,2
1101,1107337,1019.25,953.5,6,31186,3
1101,1107338,1022.0999755859375,956.9000244140625,5,31187,0
1101,1107339,1290.5,996.5,1,31187,1
1101,1107340,1050.8333740234375,953.3333129882812,3,31187,2
1101,1107341,1006.5,953.75,2,31187,3
1101,1107342,1644.0,933.5,1,31188,0
1101,1107343,1298.8333740234375,974.6666870117188,3,31188,1
1101,1107344,1022.0999755859375,956.9000244140625,5,31189,0
1101,1107345,1290.5,996.5,1,31189,1
1101,1107346,1050.8333740234375,953.3333129882812,3,31189,2
1101,1107347,1006.5,953.75,2,31189,3
1101,1107348,933.375,952.375,4,31190,0
1101,1107349,875.5,946.5,1,31190,1
1101,1107350,875.5,946.5,1,31191,0
1101,1107351,1022.8333129882812,957.0,3,31191,1
1101,1107352,981.5,953.388916015625,9,31191,2
1101,1107353,879.75,952.0,2,31192,0
1101,1107354,875.5,946.5,1,31192,1
1101,1107355,1270.3333740234375,993.0,3,31193,0
1101,1107356,1029.6666259765625,955.8333129882812,3,31193,1
1101,1107357,1296.75,980.125,4,31194,0
1101,1107358,1644.0,933.5,1,31194,1
1101,1107359,978.2857055664062,953.9285888671875,7,31195,0
1101,1107360,1009.5,959.5,1,31195,1
1101,1107361,875.5,946.5,1,31195,2
1101,1107362,1296.75,980.125,4,31196,0
1101,1107363,1644.0,933.5,1,31196,1
1101,1107364,1047.0,954.0,1,31196,2
1101,1107365,1022.0999755859375,956.9000244140625,5,31197,0
1101,1107366,875.5,946.5,1,31197,1
1101,1107367,1010.5714111328125,953.7857055664062,7,31197,2
1101,1107368,995.75,954.4166870117188,6,31198,0
1101,1107369,1022.0999755859375,956.9000244140625,5,31198,1
1101,1107370,875.5,946.5,1,31198,2
1101,1107371,993.4375,953.4375,8,31199,0
1101,1107372,1022.0999755859375,956.9000244140625,5,31199,1
1101,1107373,875.5,946.5,1,31199,2
1101,1107374,1010.5714111328125,953.7857055664062,7,31200,0
1101,1107375,1028.25,956.75,2,31200,1
1101,1107376,875.5,946.5,1,31200,2
1101,1107377,1022.0999755859375,956.9000244140625,5,31201,0
1101,1107378,875.5,946.5,1,31201,1
1101,1107379,1050.8333740234375,953.3333129882812,3,31201,2
1101,1107380,1006.5,953.75,2,31201,3
1101,1107381,500.5,957.5,1,31202,0
1111,1107323,1024.0,952.7999877929688,5,31182,0
1111,1107324,1022.0999755859375,956.9000244140625,5,31182,1
1111,1107325,875.5,946.5,1,31182,2
1111,1107326,1010.5714111328125,953.7857055664062,7,31183,0
1111,1107327,1022.0999755859375,956.9000244140625,5,31183,1
1111,1107328,875.5,946.5,1,31183,2
1111,1107329,1298.8333740234375,974.6666870117188,3,31184,0
1111,1107330,1644.0,933.5,1,31184,1
1111,1107331,1010.5714111328125,953.7857055664062,7,31185,0
1111,1107332,1022.0999755859375,956.9000244140625,5,31185,1
1111,1107333,875.5,946.5,1,31185,2
1111,1107334,1022.0999755859375,956.9000244140625,5,31186,0
1111,1107335,875.5,946.5,1,31186,1
1111,1107336,1256.5,986.5,2,31186,2
1111,1107337,1019.25,953.5,6,31186,3
1111,1107338,1022.0999755859375,956.9000244140625,5,31187,0
1111,1107339,1290.5,996.5,1,31187,1
1111,1107340,1050.8333740234375,953.3333129882812,3,31187,2
1111,1107341,1006.5,953.75,2,31187,3
1111,1107342,1644.0,933.5,1,31188,0
1111,1107343,1298.8333740234375,974.6666870117188,3,31188,1
1111,1107344,1022.0999755859375,956.9000244140625,5,31189,0
1111,1107345,1290.5,996.5,1,31189,1
1111,1107346,1050.8333740234375,953.3333129882812,3,31189,2
1111,1107347,1006.5,953.75,2,31189,3
1111,1107348,933.375,952.375,4,31190,0
1111,1107349,875.5,946.5,1,31190,1
1111,1107350,875.5,946.5,1,31191,0
1111,1107351,1022.8333129882812,957.0,3,31191,1
1111,1107352,981.5,953.388916015625,9,31191,2
1111,1107353,879.75,952.0,2,31192,0
1111,1107354,875.5,946.5,1,31192,1
1111,1107355,1270.3333740234375,993.0,3,31193,0
1111,1107356,1029.6666259765625,955.8333129882812,3,31193,1
1111,1107357,1296.75,980.125,4,31194,0
1111,1107358,1644.0,933.5,1,31194,1
1111,1107359,978.2857055664062,953.9285888671875,7,31195,0
1111,1107360,1009.5,959.5,1,31195,1
1111,1107361,875.5,946.5,1,31195,2
1111,1107362,1296.75,980.125,4,31196,0
1111,1107363,1644.0,933.5,1,31196,1
1111,1107364,1047.0,954.0,1,31196,2
1111,1107365,1022.0999755859375,956.9000244140625,5,31197,0
1111,1107366,875.5,946.5,1,31197,1
1111,1107367,1010.5714111328125,953.7857055664062,7,31197,2
1111,1107368,995.75,954.4166870117188,6,31198,0
1111,1107369,1022.0999755859375,956.9000244140625,5,31198,1
1111,1107370,875.5,946.5,1,31198,2
1111,1107371,993.4375,953.4375,8,31199,0
1111,1107372,1022.0999755859375,956.9000244140625,5,31199,1
1111,1107373,875.5,946.5,1,31199,2
1111,1107374,1010.5714111328125,953.7857055664062,7,31200,0
1111,1107375,1028.25,956.75,2,31200,1
1111,1107376,875.5,946.5,1,31200,2
1111,1107377,1022.0999755859375,956.9000244140625,5,31201,0
1111,1107378,875.5,946.5,1,31201,1
1111,1107379,1050.8333740234375,953.3333129882812,3,31201,2
1111,1107380,1006.5,953.75,2,31201,3
1111,1107381,500.5,957.5,1,31202,0
1121,1107323,1024.0,952.7999877929688,5,31182,0
1121,1107324,1022.0999755859375,956.9000244140625,5,31182,1
1121,1107325,875.5,946.5,1,31182,2
1121,1107326,1010.5714111328125,953.7857055664062,7,31183,0
1121,1107327,1022.0999755859375,956.9000244140625,5,31183,1
1121,1107328,875.5,946.5,1,31183,2
1121,1107329,1298.8333740234375,974.6666870117188,3,31184,0
1121,1107330,1644.0,933.5,1,31184,1
1121,1107331,1010.5714111328125,953.7857055664062,7,31185,0
1121,1107332,1022.0999755859375,956.9000244140625,5,31185,1
1121,1107333,875.5,946.5,1,31185,2
1121,1107334,1022.0999755859375,956.9000244140625,5,31186,0
1121,1107335,875.5,946.5,1,31186,1
1121,1107336,1256.5,986.5,2,31186,2
1121,1107337,1019.25,953.5,6,31186,3
1121,1107338,1022.0999755859375,956.9000244140625,5,31187,0
1121,1107339,1290.5,996.5,1,31187,1
1121,1107340,1050.8333740234375,953.3333129882812,3,31187,2
1121,1107341,1006.5,953.75,2,31187,3
1121,1107342,1644.0,933.5,1,31188,0
1121,1107343,1298.8333740234375,974.6666870117188,3,31188,1
1121,1107344,1022.0999755859375,956.9000244140625,5,31189,0
1121,1107345,1290.5,996.5,1,31189,1
1121,1107346,1050.8333740234375,953.3333129882812,3,31189,2
1121,1107347,1006.5,953.75,2,31189,3
1121,1107348,933.375,952.375,4,31190,0
1121,1107349,875.5,946.5,1,31190,1
1121,1107350,875.5,946.5,1,31191,0
1121,1107351,1022.8333129882812,957.0,3,31191,1
1121,1107352,981.5,953.388916015625,9,31191,2
1121,1107353,879.75,952.0,2,31192,0
1121,1107354,875.5,946.5,1,31192,1
1121,1107355,1270.3333740234375,993.0,3,31193,0
1121,1107356,1029.6666259765625,955.8333129882812,3,31193,1
1121,1107357,1296.75,980.125,4,31194,0
1121,1107358,1644.0,933.5,1,31194,1
1121,1107359,978.2857055664062,953.9285888671875,7,31195,0
1121,1107360,1009.5,959.5,1,31195,1
1121,1107361,875.5,946.5,1,31195,2
1121,1107362,1296.75,980.125,4,31196,0
1121,1107363,1644.0,933.5,1,31196,1
1121,1107364,1047.0,954.0,1,31196,2
1121,1107365,1022.0999755859375,956.9000244140625,5,31197,0
1121,1107366,875.5,946.5,1,31197,1
1121,1107367,1010.5714111328125,953.7857055664062,7,31197,2
1121,1107368,995.75,954.4166870117188,6,31198,0
1121,1107369,1022.0999755859375,956.9000244140625,5,31198,1
1121,1107370,875.5,946.5,1,31198,2
1121,1107371,993.4375,953.4375,8,31199,0
1121,1107372,1022.0999755859375,956.9000244140625,5,31199,1
1121,1107373,875.5,946.5,1,31199,2
1121,1107374,1010.5714111328125,953.7857055664062,7,31200,0
1121,1107375,1028.25,956.75,2,31200,1
1121,1107376,875.5,946.5,1,31200,2
1121,1107377,1022.0999755859375,956.9000244140625,5,31201,0
1121,1107378,875.5,946.5,1,31201,1
1121,1107379,1050.8333740234375,953.3333129882812,3,31201,2
1121,1107380,1006.5,953.75,2,31201,3
1121,1107381,500.5,957.5,1,31202,0
1131,1107323,1024.0,952.7999877929688,5,31182,0
1131,1107324,1022.0999755859375,956.9000244140625,5,31182,1
1131,1107325,875.5,946.5,1,31182,2
1131,1107326,1010.5714111328125,953.7857055664062,7,31183,0
1131,1107327,1022.0999755859375,956.9000244140625,5,31183,1
1131,1107328,875.5,946.5,1,31183,2
1131,1107329,1298.8333740234375,974.6666870117188,3,31184,0
1131,1107330,1644.0,933.5,1,31184,1
1131,1107331,1010.5714111328125,953.7857055664062,7,31185,0
1131,1107332,1022.0999755859375,956.9000244140625,5,31185,1
1131,1107333,875.5,946.5,1,31185,2
1131,1107334,1022.0999755859375,956.9000244140625,5,31186,0
1131,1107335,875.5,946.5,1,31186,1
1131,1107336,1256.5,986.5,2,31186,2
1131,1107337,1019.25,953.5,6,31186,3
1131,1107338,1022.0999755859375,956.9000244140625,5,31187,0
1131,1107339,1290.5,996.5,1,31187,1
1131,1107340,1050.8333740234375,953.3333129882812,3,31187,2
1131,1107341,1006.5,953.75,2,31187,3
1131,1107342,1644.0,933.5,1,31188,0
1131,1107343,1298.8333740234375,974.6666870117188,3,31188,1
1131,1107344,1022.0999755859375,956.9000244140625,5,31189,0
1131,1107345,1290.5,996.5,1,31189,1
1131,1107346,1050.8333740234375,953.3333129882812,3,31189,2
1131,1107347,1006.5,953.75,2,31189,3
1131,1107348,933.375,952.375,4,31190,0
1131,1107349,875.5,946.5,1,31190,1
1131,1107350,875.5,946.5,1,31191,0
1131,1107351,1022.8333129882812,957.0,3,31191,1
1131,1107352,981.5,953.388916015625,9,31191,2
1131,1107353,879.75,952.0,2,31192,0
1131,1107354,875.5,946.5,1,31192,1
1131,1107355,1270.3333740234375,993.0,3,31193,0
1131,1107356,1029.6666259765625,955.8333129882812,3,31193,1
1131,1107357,1296.75,980.125,4,31194,0
1131,1107358,1644.0,933.5,1,31194,1
1131,1107359,978.2857055664062,953.9285888671875,7,31195,0
1131,1107360,1009.5,959.5,1,31195,1
1131,1107361,875.5,946.5,1,31195,2
1131,1107362,1296.75,980.125,4,31196,0
1131,1107363,1644.0,933.5,1,31196,1
1131,1107364,1047.0,954.0,1,31196,2
1131,1107365,1022.0999755859375,956.9000244140625,5,31197,0
1131,1107366,875.5,946.5,1,31197,1
1131,1107367,1010.5714111328125,953.7857055664062,7,31197,2
1131,1107368,995.75,954.4166870117188,6,31198,0
1131,1107369,1022.0999755859375,956.9000244140625,5,31198,1
1131,1107370,875.5,946.5,1,31198,2
1131,1107371,993.4375,953.4375,8,31199,0
1131,1107372,1022.0999755859375,956.9000244140625,5,31199,1
1131,1107373,875.5,946.5,1,31199,2
1131,1107374,1010.5714111328125,953.7857055664062,7,31200,0
1131,1107375,1028.25,956.75,2,31200,1
1131,1107376,875.5,946.5,1,31200,2
1131,1107377,1022.0999755859375,956.9000244140625,5,31201,0
1131,1107378,875.5,946.5,1,31201,1
1131,1107379,1050.8333740234375,953.3333129882812,3,31201,2
1131,1107380,1006.5,953.75,2,31201,3
1131,1107381,500.5,957.5,1,31202,0
1141,1107323,1024.0,952.7999877929688,5,31182,0
1141,1107324,1022.0999755859375,956.9000244140625,5,31182,1
1141,1107325,875.5,946.5,1,31182,2
1141,1107326,1010.5714111328125,953.7857055664062,7,31183,0
1141,1107327,1022.0999755859375,956.9000244140625,5,31183,1
1141,1107328,875.5,946.5,1,31183,2
1141,1107329,1298.8333740234375,974.6666870117188,3,31184,0
1141,1107330,1644.0,933.5,1,31184,1
1141,1107331,1010.5714111328125,953.7857055664062,7,31185,0
1141,1107332,1022.0999755859375,956.9000244140625,5,31185,1
1141,1107333,875.5,946.5,1,31185,2
1141,1107334,1022.0999755859375,956.9000244140625,5,31186,0
1141,1107335,875.5,946.5,1,31186,1
1141,1107336,1256.5,986.5,2,31186,2
1141,1107337,1019.25,953.5,6,31186,3
1141,1107338,1022.0999755859375,956.9000244140625,5,31187,0
1141,1107339,1290.5,996.5,1,31187,1
1141,1107340,1050.8333740234375,953.3333129882812,3,31187,2
1141,1107341,1006.5,953.75,2,31187,3
1141,1107342,1644.0,933.5,1,31188,0
1141,1107343,1298.8333740234375,974.6666870117188,3,31188,1
1141,1107344,1022.0999755859375,956.9000244140625,5,31189,0
1141,1107345,1290.5,996.5,1,31189,1
1141,1107346,1050.8333740234375,953.3333129882812,3,31189,2
1141,1107347,1006.5,953.75,2,31189,3
1141,1107348,933.375,952.375,4,31190,0
1141,1107349,875.5,946.5,1,31190,1
1141,1107350,875.5,946.5,1,31191,0
1141,1107351,1022.8333129882812,957.0,3,31191,1
1141,1107352,981.5,953.388916015625,9,31191,2
1141,1107353,879.75,952.0,2,31192,0
1141,1107354,875.5,946.5,1,31192,1
1141,1107355,1270.3333740234375,993.0,3,31193,0
1141,1107356,1029.6666259765625,955.8333129882812,3,31193,1
1141,1107357,1296.75,980.125,4,31194,0
1141,1107358,1644.0,933.5,1,31194,1
1141,1107359,978.2857055664062,953.9285888671875,7,31195,0
1141,1107360,1009.5,959.5,1,31195,1
1141,1107361,875.5,946.5,1,31195,2
1141,1107362,1296.75,980.125,4,31196,0
1141,1107363,1644.0,933.5,1,31196,1
1141,1107364,1047.0,954.0,1,31196,2
1141,1107365,1022.0999755859375,956.9000244140625,5,31197,0
1141,1107366,875.5,946.5,1,31197,1
1141,1107367,1010.5714111328125,953.7857055664062,7,31197,2
1141,1107368,995.75,954.4166870117188,6,31198,0
1141,1107369,1022.0999755859375,956.9000244140625,5,31198,1
1141,1107370,875.5,946.5,1,31198,2
1141,1107371,993.4375,953.4375,8,31199,0
1141,1107372,1022.0999755859375,956.9000244140625,5,31199,1
1141,1107373,875.5,946.5,1,31199,2
1141,1107374,1010.5714111328125,953.7857055664062,7,31200,0
1141,1107375,1028.25,956.75,2,31200,1
1141,1107376,875.5,946.5,1,31200,2
1141,1107377,1022.0999755859375,956.9000244140625,5,31201,0
1141,1107378,875.5,946.5,1,31201,1
1141,1107379,1050.8333740234375,953.3333129882812,3,31201,2
1141,1107380,1006.5,953.75,2,31201,3
1141,1107381,500.5,957.5,1,31202,0
1151,1107323,1024.0,953.0,5,31182,0
1151,1107324,1023.2999877929688,957.1000366210938,5,31182,1
1151,1107325,893.0,947.0,1,31182,2
1151,1107326,1011.0714111328125,953.952392578125,6,31183,0
1151,1107327,1023.2999877929688,957.1000366210938,5,31183,1
1151,1107328,893.0,947.0,1,31183,2
1151,1107329,1294.3333740234375,974.9166870117188,2,31184,0
1151,1107330,1624.0,933.5,1,31184,1
1151,1107331,1011.0714111328125,953.952392578125,6,31185,0
1151,1107332,1023.2999877929688,957.1000366210938,5,31185,1
1151,1107333,893.0,947.0,1,31185,2
1151,1107334,1023.2999877929688,957.1000366210938,5,31186,0
1151,1107335,893.0,947.0,1,31186,1
1151,1107336,1247.0,984.5,2,31186,2
1151,1107337,1018.3499755859375,953.2999877929688,5,31186,3
1151,1107338,1023.3499755859375,956.9000244140625,4,31187,0
1151,1107339,1273.5,993.5,1,31187,1
1151,1107340,1050.3333740234375,952.6666259765625,3,31187,2
1151,1107341,1006.75,955.25,2,31187,3
1151,1107342,1624.0,933.5,1,31188,0
1151,1107343,1294.3333740234375,974.9166870117188,2,31188,1
1151,1107344,1023.3499755859375,956.9000244140625,4,31189,0
1151,1107345,1273.5,993.5,1,31189,1
1151,1107346,1050.3333740234375,952.6666259765625,3,31189,2
1151,1107347,1006.75,955.25,2,31189,3
1151,1107348,932.875,951.375,3,31190,0
1151,1107349,893.0,947.0,1,31190,1
1151,1107350,885.75,946.75,2,31191,0
1151,1107351,1022.8333129882812,957.5,2,31191,1
1151,1107352,981.125,953.138916015625,8,31191,2
1151,1107353,877.5,950.5,2,31192,0
1151,1107354,893.0,947.0,1,31192,1
1151,1107355,1257.8333740234375,989.75,2,31193,0
1151,1107356,1031.5,956.0,3,31193,1
1151,1107357,1291.0833740234375,979.125,3,31194,0
1151,1107358,1624.0,933.5,1,31194,1
1151,1107359,978.9857177734375,953.528564453125,5,31195,0
1151,1107360,1010.0,960.25,2,31195,1
1151,1107361,885.75,946.75,2,31195,2
1151,1107362,1291.0833740234375,979.125,3,31196,0
1151,1107363,1624.0,933.5,1,31196,1
1151,1107364,1048.0,954.5,1,31196,2
1151,1107365,1023.2999877929688,957.1000366210938,5,31197,0
1151,1107366,893.0,947.0,1,31197,1
1151,1107367,1011.0714111328125,953.952392578125,6,31197,2
1151,1107368,996.75,954.11669921875,5,31198,0
1151,1107369,1023.2999877929688,957.1000366210938,5,31198,1
1151,1107370,893.0,947.0,1,31198,2
1151,1107371,993.4375,953.2946166992188,7,31199,0
1151,1107372,1023.5,957.1000366210938,5,31199,1
1151,1107373,885.75,946.75,2,31199,2
1151,1107374,1010.5714111328125,953.8856811523438,5,31200,0
1151,1107375,1028.5833740234375,957.4166870117188,3,31200,1
1151,1107376,893.0,947.0,1,31200,2
1151,1107377,1023.3499755859375,956.9000244140625,4,31201,0
1151,1107378,893.0,947.0,1,31201,1
1151,1107379,1050.3333740234375,952.6666259765625,3,31201,2
1151,1107380,1006.75,955.25,2,31201,3
1151,1107381,493.5,958.0,1,31202,0
1161,1107323,1024.0,953.0,5,31182,0
1161,1107324,1023.2999877929688,957.1000366210938,5,31182,1
1161,1107325,893.0,947.0,1,31182,2
1161,1107326,1011.0714111328125,953.952392578125,7,31183,0
1161,1107327,1023.2999877929688,957.1000366210938,5,31183,1
1161,1107328,893.0,947.0,1,31183,2
1161,1107329,1294.3333740234375,974.9166870117188,2,31184,0
1161,1107330,1624.0,933.5,1,31184,1
1161,1107331,1011.0714111328125,953.952392578125,7,31185,0
1161,1107332,1023.2999877929688,957.1000366210938,5,31185,1
1161,1107333,893.0,947.0,1,31185,2
1161,1107334,1023.2999877929688,957.1000366210938,6,31186,0
1161,1107335,893.0,947.0,1,31186,1
1161,1107336,1247.0,984.5,2,31186,2
1161,1107337,1018.3499755859375,953.2999877929688,5,31186,3
1161,1107338,1023.3499755859375,956.9000244140625,5,31187,0
1161,1107339,1273.5,993.5,1,31187,1
1161,1107340,1050.3333740234375,952.6666259765625,3,31187,2
1161,1107341,1006.75,955.25,2,31187,3
1161,1107342,1624.0,933.5,1,31188,0
1161,1107343,1294.3333740234375,974.9166870117188,2,31188,1
1161,1107344,1023.3499755859375,956.9000244140625,5,31189,0
1161,1107345,1273.5,993.5,1,31189,1
1161,1107346,1050.3333740234375,952.6666259765625,3,31189,2
1161,1107347,1006.75,955.25,2,31189,3
1161,1107348,932.875,951.375,3,31190,0
1161,1107349,893.0,947.0,2,31190,1
1161,1107350,885.75,946.75,3,31191,0
1161,1107351,1022.8333129882812,957.5,2,31191,1
1161,1107352,981.125,953.138916015625,8,31191,2
1161,1107353,877.5,950.5,2,31192,0
1161,1107354,893.0,947.0,1,31192,1
1161,1107355,1257.8333740234375,989.75,2,31193,0
1161,1107356,1031.5,956.0,3,31193,1
1161,1107357,1291.0833740234375,979.125,3,31194,0
1161,1107358,1624.0,933.5,1,31194,1
1161,1107359,978.9857177734375,953.528564453125,5,31195,0
1161,1107360,1010.0,960.25,2,31195,1
1161,1107361,885.75,946.75,2,31195,2
1161,1107362,1291.0833740234375,979.125,3,31196,0
1161,1107363,1624.0,933.5,1,31196,1
1161,1107364,1048.0,954.5,2,31196,2
1161,1107365,1023.2999877929688,957.1000366210938,5,31197,0
1161,1107366,893.0,947.0,1,31197,1
1161,1107367,1011.0714111328125,953.952392578125,7,31197,2
1161,1107368,996.75,954.11669921875,5,31198,0
1161,1107369,1023.2999877929688,957.1000366210938,6,31198,1
1161,1107370,893.0,947.0,1,31198,2
1161,1107371,993.4375,953.2946166992188,7,31199,0
1161,1107372,1023.5,957.1000366210938,5,31199,1
1161,1107373,885.75,946.75,2,31199,2
1161,1107374,1010.5714111328125,953.8856811523438,5,31200,0
1161,1107375,1028.5833740234375,957.4166870117188,3,31200,1
1161,1107376,893.0,947.0,2,31200,2
1161,1107377,1023.3499755859375,956.9000244140625,5,31201,0
1161,1107378,893.0,947.0,1,31201,1
1161,1107379,1050.3333740234375,952.6666259765625,3,31201,2
1161,1107380,1006.75,955.25,2,31201,3
1161,1107381,493.5,958.0,1,31202,0
1171,1107323,1024.0,953.0,5,31182,0
1171,1107324,1023.2999877929688,957.1000366210938,5,31182,1
1171,1107325,893.0,947.0,1,31182,2
1171,1107326,1011.0714111328125,953.952392578125,7,31183,0
1171,1107327,1023.2999877929688,957.1000366210938,5,31183,1
1171,1107328,893.0,947.0,1,31183,2
1171,1107329,1294.3333740234375,974.9166870117188,2,31184,0
1171,1107330,1624.0,933.5,1,31184,1
1171,1107331,1011.0714111328125,953.952392578125,7,31185,0
1171,1107332,1023.2999877929688,957.1000366210938,5,31185,1
1171,1107333,893.0,947.0,1,31185,2
1171,1107334,1023.2999877929688,957.1000366210938,6,31186,0
1171,1107335,893.0,947.0,1,31186,1
1171,1107336,1247.0,984.5,2,31186,2
1171,1107337,1018.3499755859375,953.2999877929688,5,31186,3
1171,1107338,1023.3499755859375,956.9000244140625,5,31187,0
1171,1107339,1273.5,993.5,1,31187,1
1171,1107340,1050.3333740234375,952.6666259765625,3,31187,2
1171,1107341,1006.75,955.25,2,31187,3
1171,1107342,1624.0,933.5,1,31188,0
1171,1107343,1294.3333740234375,974.9166870117188,2,31188,1
1171,1107344,1023.3499755859375,956.9000244140625,5,31189,0
1171,1107345,1273.5,993.5,1,31189,1
1171,1107346,1050.3333740234375,952.6666259765625,3,31189,2
1171,1107347,1006.75,955.25,2,31189,3
1171,1107348,932.875,951.375,3,31190,0
1171,1107349,893.0,947.0,2,31190,1
1171,1107350,885.75,946.75,3,31191,0
1171,1107351,1022.8333129882812,957.5,2,31191,1
1171,1107352,981.125,953.138916015625,8,31191,2
1171,1107353,877.5,950.5,2,31192,0
1171,1107354,893.0,947.0,1,31192,1
1171,1107355,1257.8333740234375,989.75,2,31193,0
1171,1107356,1031.5,956.0,3,31193,1
1171,1107357,1291.0833740234375,979.125,3,31194,0
1171,1107358,1624.0,933.5,1,31194,1
1171,1107359,978.9857177734375,953.528564453125,5,31195,0
1171,1107360,1010.0,960.25,2,31195,1
1171,1107361,885.75,946.75,2,31195,2
1171,1107362,1291.0833740234375,979.125,3,31196,0
1171,1107363,1624.0,933.5,1,31196,1
1171,1107364,1048.0,954.5,2,31196,2
1171,1107365,1023.2999877929688,957.1000366210938,5,31197,0
1171,1107366,893.0,947.0,1,31197,1
1171,1107367,1011.0714111328125,953.952392578125,7,31197,2
1171,1107368,996.75,954.11669921875,5,31198,0
1171,1107369,1023.2999877929688,957.1000366210938,6,31198,1
1171,1107370,893.0,947.0,1,31198,2
1171,1107371,993.4375,953.2946166992188,7,31199,0
1171,1107372,1023.5,957.1000366210938,5,31199,1
1171,1107373,885.75,946.75,2,31199,2
1171,1107374,1010.5714111328125,953.8856811523438,5,31200,0
1171,1107375,1028.5833740234375,957.4166870117188,3,31200,1
1171,1107376,893.0,947.0,2,31200,2
1171,1107377,1023.3499755859375,956.9000244140625,5,31201,0
1171,1107378,893.0,947.0,1,31201,1
1171,1107379,1050.3333740234375,952.6666259765625,3,31201,2
1171,1107380,1006.75,955.25,2,31201,3
1171,1107381,493.5,958.0,1,31202,0
1181,1107323,1024.0,953.0,5,31182,0
1181,1107324,1023.2999877929688,957.1000366210938,5,31182,1
1181,1107325,893.0,947.0,1,31182,2
1181,1107326,1011.0714111328125,953.952392578125,7,31183,0
1181,1107327,1023.2999877929688,957.1000366210938,5,31183,1
1181,1107328,893.0,947.0,1,31183,2
1181,1107329,1294.3333740234375,974.9166870117188,2,31184,0
1181,1107330,1624.0,933.5,1,31184,1
1181,1107331,1011.0714111328125,953.952392578125,7,31185,0
1181,1107332,1023.2999877929688,957.1000366210938,5,31185,1
1181,1107333,893.0,947.0,1,31185,2
1181,1107334,1023.2999877929688,957.1000366210938,6,31186,0
1181,1107335,893.0,947.0,1,31186,1
1181,1107336,1247.0,984.5,2,31186,2
1181,1107337,1018.3499755859375,953.2999877929688,5,31186,3
1181,1107338,1023.3499755859375,956.9000244140625,5,31187,0
1181,1107339,1273.5,993.5,1,31187,1
1181,1107340,1050.3333740234375,952.6666259765625,3,31187,2
1181,1107341,1006.75,955.25,2,31187,3
1181,1107342,1624.0,933.5,1,31188,0
1181,1107343,1294.3333740234375,974.9166870117188,2,31188,1
1181,1107344,1023.3499755859375,956.9000244140625,5,31189,0
1181,1107345,1273.5,993.5,1,31189,1
1181,1107346,1050.3333740234375,952.6666259765625,3,31189,2
1181,1107347,1006.75,955.25,2,31189,3
1181,1107348,932.875,951.375,3,31190,0
1181,1107349,893.0,947.0,2,31190,1
1181,1107350,885.75,946.75,3,31191,0
1181,1107351,1022.8333129882812,957.5,2,31191,1
1181,1107352,981.125,953.138916015625,8,31191,2
1181,1107353,877.5,950.5,2,31192,0
1181,1107354,893.0,947.0,1,31192,1
1181,1107355,1257.8333740234375,989.75,2,31193,0
1181,1107356,1031.5,956.0,3,31193,1
1181,1107357,1291.0833740234375,979.125,3,31194,0
1181,1107358,1624.0,933.5,1,31194,1
1181,1107359,978.9857177734375,953.528564453125,5,31195,0
1181,1107360,1010.0,960.25,2,31195,1
1181,1107361,885.75,946.75,2,31195,2
1181,1107362,1291.0833740234375,979.125,3,31196,0
1181,1107363,1624.0,933.5,1,31196,1
1181,1107364,1048.0,954.5,2,31196,2
1181,1107365,1023.2999877929688,957.1000366210938,5,31197,0
1181,1107366,893.0,947.0,1,31197,1
1181,1107367,1011.0714111328125,953.952392578125,7,31197,2
1181,1107368,996.75,954.11669921875,5,31198,0
1181,1107369,1023.2999877929688,957.1000366210938,6,31198,1
1181,1107370,893.0,947.0,1,31198,2
1181,1107371,993.4375,953.2946166992188,7,31199,0
1181,1107372,1023.5,957.1000366210938,5,31199,1
1181,1107373,885.75,946.75,2,31199,2
1181,1107374,1010.5714111328125,953.8856811523438,5,31200,0
1181,1107375,1028.5833740234375,957.4166870117188,3,31200,1
1181,1107376,893.0,947.0,2,31200,2
1181,1107377,1023.3499755859375,956.9000244140625,5,31201,0
1181,1107378,893.0,947.0,1,31201,1
1181,1107379,1050.3333740234375,952.6666259765625,3,31201,2
1181,1107380,1006.75,955.25,2,31201,3
1181,1107381,493.5,958.0,1,31202,0
1191,1107323,1024.0,953.0,5,31182,0
1191,1107324,1023.2999877929688,957.1000366210938,5,31182,1
1191,1107325,893.0,947.0,1,31182,2
1191,1107326,1011.0714111328125,953.952392578125,7,31183,0
1191,1107327,1023.2999877929688,957.1000366210938,5,31183,1
1191,1107328,893.0,947.0,1,31183,2
1191,1107329,1294.3333740234375,974.9166870117188,2,31184,0
1191,1107330,1624.0,933.5,1,31184,1
1191,1107331,1011.0714111328125,953.952392578125,7,31185,0
1191,1107332,1023.2999877929688,957.1000366210938,5,31185,1
1191,1107333,893.0,947.0,1,31185,2
1191,1107334,1023.2999877929688,957.1000366210938,6,31186,0
1191,1107335,893.0,947.0,1,31186,1
1191,1107336,1247.0,984.5,2,31186,2
1191,1107337,1018.3499755859375,953.2999877929688,5,31186,3
1191,1107338,1023.3499755859375,956.9000244140625,5,31187,0
1191,1107339,1273.5,993.5,1,31187,1
1191,1107340,1050.3333740234375,952.6666259765625,3,31187,2
1191,1107341,1006.75,955.25,2,31187,3
1191,1107342,1624.0,933.5,1,31188,0
1191,1107343,1294.3333740234375,974.9166870117188,2,31188,1
1191,1107344,1023.3499755859375,956.9000244140625,5,31189,0
1191,1107345,1273.5,993.5,1,31189,1
1191,1107346,1050.3333740234375,952.6666259765625,3,31189,2
1191,1107347,1006.75,955.25,2,31189,3
1191,1107348,932.875,951.375,3,31190,0
1191,1107349,893.0,947.0,2,31190,1
1191,1107350,885.75,946.75,3,31191,0
1191,1107351,1022.8333129882812,957.5,2,31191,1
1191,1107352,981.125,953.138916015625,8,31191,2
1191,1107353,877.5,950.5,2,31192,0
1191,1107354,893.0,947.0,1,31192,1
1191,1107355,1257.8333740234375,989.75,3,31193,0
1191,1107356,1031.5,956.0,3,31193,1
1191,1107357,1291.0833740234375,979.125,3,31194,0
1191,1107358,1624.0,933.5,1,31194,1
1191,1107359,978.9857177734375,953.528564453125,5,31195,0
1191,1107360,1010.0,960.25,2,31195,1
1191,1107361,885.75,946.75,2,31195,2
1191,1107362,1291.0833740234375,979.125,3,31196,0
1191,1107363,1624.0,933.5,1,31196,1
1191,1107364,1048.0,954.5,2,31196,2
1191,1107365,1023.2999877929688,957.1000366210938,5,31197,0
1191,1107366,893.0,947.0,1,31197,1
1191,1107367,1011.0714111328125,953.952392578125,7,31197,2
1191,1107368,996.75,954.11669921875,5,31198,0
1191,1107369,1023.2999877929688,957.1000366210938,6,31198,1
1191,1107370,893.0,947.0,1,31198,2
1191,1107371,993.4375,953.2946166992188,7,31199,0
1191,1107372,1023.5,957.1000366210938,5,31199,1
1191,1107373,885.75,946.75,2,31199,2
1191,1107374,1010.5714111328125,953.8856811523438,5,31200,0
1191,1107375,1028.5833740234375,957.4166870117188,3,31200,1
1191,1107376,893.0,947.0,2,31200,2
1191,1107377,1023.3499755859375,956.9000244140625,5,31201,0
1191,1107378,893.0,947.0,1,31201,1
1191,1107379,1050.3333740234375,952.6666259765625,3,31201,2
1191,1107380,1006.75,955.25,2,31201,3
1191,1107381,493.5,958.0,1,31202,0
1201,1107323,1024.0,953.0,5,31182,0
1201,1107324,1023.2999877929688,957.1000366210938,5,31182,1
1201,1107325,893.0,947.0,1,31182,2
1201,1107326,1011.0714111328125,953.952392578125,7,31183,0
1201,1107327,1023.2999877929688,957.1000366210938,5,31183,1
1201,1107328,893.0,947.0,1,31183,2
1201,1107329,1294.3333740234375,974.9166870117188,2,31184,0
1201,1107330,1624.0,933.5,1,31184,1
1201,1107331,1011.0714111328125,953.952392578125,7,31185,0
1201,1107332,1023.2999877929688,957.1000366210938,5,31185,1
1201,1107333,893.0,947.0,1,31185,2
1201,1107334,1023.2999877929688,957.1000366210938,6,31186,0
1201,1107335,893.0,947.0,1,31186,1
1201,1107336,1247.0,984.5,2,31186,2
1201,1107337,1018.3499755859375,953.2999877929688,5,31186,3
1201,1107338,1023.3499755859375,956.9000244140625,5,31187,0
1201,1107339,1273.5,993.5,1,31187,1
1201,1107340,1050.3333740234375,952.6666259765625,3,31187,2
1201,1107341,1006.75,955.25,2,31187,3
1201,1107342,1624.0,933.5,1,31188,0
1201,1107343,1294.3333740234375,974.9166870117188,2,31188,1
1201,1107344,1023.3499755859375,956.9000244140625,5,31189,0
1201,1107345,1273.5,993.5,1,31189,1
1201,1107346,1050.3333740234375,952.6666259765625,3,31189,2
1201,1107347,1006.75,955.25,2,31189,3
1201,1107348,932.875,951.375,3,31190,0
1201,1107349,893.0,947.0,2,31190,1
1201,1107350,885.75,946.75,3,31191,0
1201,1107351,1022.8333129882812,957.5,2,31191,1
1201,1107352,981.125,953.138916015625,8,31191,2
1201,1107353,877.5,950.5,2,31192,0
1201,1107354,893.0,947.0,1,31192,1
1201,1107355,1257.8333740234375,989.75,3,31193,0
1201,1107356,1031.5,956.0,3,31193,1
1201,1107357,1291.0833740234375,979.125,3,31194,0
1201,1107358,1624.0,933.5,1,31194,1
1201,1107359,978.9857177734375,953.528564453125,5,31195,0
1201,1107360,1010.0,960.25,2,31195,1
1201,1107361,885.75,946.75,2,31195,2
1201,1107362,1291.0833740234375,979.125,3,31196,0
1201,1107363,1624.0,933.5,1,31196,1
1201,1107364,1048.0,954.5,2,31196,2
1201,1107365,1023.2999877929688,957.1000366210938,5,31197,0
1201,1107366,893.0,947.0,1,31197,1
1201,1107367,1011.0714111328125,953.952392578125,7,31197,2
1201,1107368,996.75,954.11669921875,5,31198,0
1201,1107369,1023.2999877929688,957.1000366210938,6,31198,1
1201,1107370,893.0,947.0,1,31198,2
1201,1107371,993.4375,953.2946166992188,7,31199,0
1201,1107372,1023.5,957.1000366210938,5,31199,1
1201,1107373,885.75,946.75,2,31199,2
1201,1107374,1010.5714111328125,953.8856811523438,5,31200,0
1201,1107375,1028.5833740234375,957.4166870117188,3,31200,1
1201,1107376,893.0,947.0,2,31200,2
1201,1107377,1023.3499755859375,956.9000244140625,5,31201,0
1201,1107378,893.0,947.0,1,31201,1
1201,1107379,1050.3333740234375,952.6666259765625,3,31201,2
1201,1107380,1006.75,955.25,2,31201,3
1201,1107381,493.5,958.0,1,31202,0
1211,1107323,1024.0,953.0,5,31182,0
1211,1107324,1023.2999877929688,957.1000366210938,5,31182,1
1211,1107325,893.0,947.0,1,31182,2
1211,1107326,1011.0714111328125,953.952392578125,7,31183,0
1211,1107327,1023.2999877929688,957.1000366210938,5,31183,1
1211,1107328,893.0,947.0,1,31183,2
1211,1107329,1294.3333740234375,974.9166870117188,2,31184,0
1211,1107330,1624.0,933.5,1,31184,1
1211,1107331,1011.0714111328125,953.952392578125,7,31185,0
1211,1107332,1023.2999877929688,957.1000366210938,5,31185,1
1211,1107333,893.0,947.0,1,31185,2
1211,1107334,1023.2999877929688,957.1000366210938,6,31186,0
1211,1107335,893.0,947.0,1,31186,1
1211,1107336,1247.0,984.5,2,31186,2
1211,1107337,1018.3499755859375,953.2999877929688,5,31186,3
1211,1107338,1023.3499755859375,956.9000244140625,5,31187,0
1211,1107339,1273.5,993.5,1,31187,1
1211,1107340,1050.3333740234375,952.6666259765625,3,31187,2
1211,1107341,1006.75,955.25,2,31187,3
1211,1107342,1624.0,933.5,1,31188,0
1211,1107343,1294.3333740234375,974.9166870117188,2,31188,1
1211,1107344,1023.3499755859375,956.9000244140625,5,31189,0
1211,1107345,1273.5,993.5,1,31189,1
1211,1107346,1050.3333740234375,952.6666259765625,3,31189,2
1211,1107347,1006.75,955.25,2,31189,3
1211,1107348,932.875,951.375,3,31190,0
1211,1107349,893.0,947.0,2,31190,1
1211,1107350,885.75,946.75,3,31191,0
1211,1107351,1022.8333129882812,957.5,2,31191,1
1211,1107352,981.125,953.138916015625,8,31191,2
1211,1107353,877.5,950.5,2,31192,0
1211,1107354,893.0,947.0,1,31192,1
1211,1107355,1257.8333740234375,989.75,3,31193,0
1211,1107356,1031.5,956.0,3,31193,1
1211,1107357,1291.0833740234375,979.125,3,31194,0
1211,1107358,1624.0,933.5,1,31194,1
1211,1107359,978.9857177734375,953.528564453125,5,31195,0
1211,1107360,1010.0,960.25,2,31195,1
1211,1107361,885.75,946.75,2,31195,2
1211,1107362,1291.0833740234375,979.125,3,31196,0
1211,1107363,1624.0,933.5,1,31196,1
1211,1107364,1048.0,954.5,2,31196,2
1211,1107365,1023.2999877929688,957.1000366210938,5,31197,0
1211,1107366,893.0,947.0,1,31197,1
1211,1107367,1011.0714111328125,953.952392578125,7,31197,2
1211,1107368,996.75,954.11669921875,5,31198,0
1211,1107369,1023.2999877929688,957.1000366210938,6,31198,1
1211,1107370,893.0,947.0,1,31198,2
1211,1107371,993.4375,953.2946166992188,7,31199,0
1211,1107372,1023.5,957.1000366210938,5,31199,1
1211,1107373,885.75,946.75,2,31199,2
1211,1107374,1010.5714111328125,953.8856811523438,5,31200,0
1211,1107375,1028.5833740234375,957.4166870117188,3,31200,1
1211,1107376,893.0,947.0,2,31200,2
1211,1107377,1023.3499755859375,956.9000244140625,5,31201,0
1211,1107378,893.0,947.0,1,31201,1
1211,1107379,1050.3333740234375,952.6666259765625,3,31201,2
1211,1107380,1006.75,955.25,2,31201,3
1211,1107381,493.5,958.0,1,31202,0
1221,1107323,1024.0,953.0,5,31182,0
1221,1107324,1023.2999877929688,957.1000366210938,5,31182,1
1221,1107325,893.0,947.0,1,31182,2
1221,1107326,1011.0714111328125,953.952392578125,7,31183,0
1221,1107327,1023.2999877929688,957.1000366210938,5,31183,1
1221,1107328,893.0,947.0,1,31183,2
1221,1107329,1294.3333740234375,974.9166870117188,2,31184,0
1221,1107330,1624.0,933.5,1,31184,1
1221,1107331,1011.0714111328125,953.952392578125,7,31185,0
1221,1107332,1023.2999877929688,957.1000366210938,5,31185,1
1221,1107333,893.0,947.0,1,31185,2
1221,1107334,1023.2999877929688,957.1000366210938,6,31186,0
1221,1107335,893.0,947.0,1,31186,1
1221,1107336,1247.0,984.5,2,31186,2
1221,1107337,1018.3499755859375,953.2999877929688,5,31186,3
1221,1107338,1023.3499755859375,956.9000244140625,5,31187,0
1221,1107339,1273.5,993.5,1,31187,1
1221,1107340,1050.3333740234375,952.6666259765625,3,31187,2
1221,1107341,1006.75,955.25,2,31187,3
1221,1107342,1624.0,933.5,1,31188,0
1221,1107343,1294.3333740234375,974.9166870117188,2,31188,1
1221,1107344,1023.3499755859375,956.9000244140625,5,31189,0
1221,1107345,1273.5,993.5,1,31189,1
1221,1107346,1050.3333740234375,952.6666259765625,3,31189,2
1221,1107347,1006.75,955.25,2,31189,3
1221,1107348,932.875,951.375,3,31190,0
1221,1107349,893.0,947.0,2,31190,1
1221,1107350,885.75,946.75,3,31191,0
1221,1107351,1022.8333129882812,957.5,2,31191,1
1221,1107352,981.125,953.138916015625,8,31191,2
1221,1107353,877.5,950.5,2,31192,0
1221,1107354,893.0,947.0,1,31192,1
1221,1107355,1257.8333740234375,989.75,3,31193,0
1221,1107356,1031.5,956.0,3,31193,1
1221,1107357,1291.0833740234375,979.125,3,31194,0
1221,1107358,1624.0,933.5,1,31194,1
1221,1107359,978.9857177734375,953.528564453125,5,31195,0
1221,1107360,1010.0,960.25,2,31195,1
1221,1107361,885.75,946.75,2,31195,2
1221,1107362,1291.0833740234375,979.125,3,31196,0
1221,1107363,1624.0,933.5,1,31196,1
1221,1107364,1048.0,954.5,2,31196,2
1221,1107365,1023.2999877929688,957.1000366210938,5,31197,0
1221,1107366,893.0,947.0,1,31197,1
1221,1107367,1011.0714111328125,953.952392578125,7,31197,2
1221,1107368,996.75,954.11669921875,5,31198,0
1221,1107369,1023.2999877929688,957.1000366210938,6,31198,1
1221,1107370,893.0,947.0,1,31198,2
1221,1107371,993.4375,953.2946166992188,7,31199,0
1221,1107372,1023.5,957.1000366210938,5,31199,1
1221,1107373,885.75,946.75,2,31199,2
1221,1107374,1010.5714111328125,953.8856811523438,5,31200,0
1221,1107375,1028.5833740234375,957.4166870117188,3,31200,1
1221,1107376,893.0,947.0,2,31200,2
1221,1107377,1023.3499755859375,956.9000244140625,5,31201,0
1221,1107378,893.0,947.0,1,31201,1
1221,1107379,1050.3333740234375,952.6666259765625,3,31201,2
1221,1107380,1006.75,955.25,2,31201,3
1221,1107381,493.5,958.0,1,31202,0
1231,1107323,1024.0,953.0,5,31182,0
1231,1107324,1023.2999877929688,957.1000366210938,5,31182,1
1231,1107325,893.0,947.0,1,31182,2
1231,1107326,1011.0714111328125,953.952392578125,7,31183,0
1231,1107327,1023.2999877929688,957.1000366210938,5,31183,1
1231,1107328,893.0,947.0,1,31183,2
1231,1107329,1294.3333740234375,974.9166870117188,2,31184,0
1231,1107330,1624.0,933.5,1,31184,1
1231,1107331,1011.0714111328125,953.952392578125,7,31185,0
1231,1107332,1023.2999877929688,957.1000366210938,5,31185,1
1231,1107333,893.0,947.0,1,31185,2
1231,1107334,1023.2999877929688,957.1000366210938,6,31186,0
1231,1107335,893.0,947.0,1,31186,1
1231,1107336,1247.0,984.5,2,31186,2
1231,1107337,1018.3499755859375,953.2999877929688,5,31186,3
1231,1107338,1023.3499755859375,956.9000244140625,5,31187,0
1231,1107339,1273.5,993.5,1,31187,1
1231,1107340,1050.3333740234375,952.6666259765625,3,31187,2
1231,1107341,1006.75,955.25,2,31187,3
1231,1107342,1624.0,933.5,1,31188,0
1231,1107343,1294.3333740234375,974.9166870117188,2,31188,1
1231,1107344,1023.3499755859375,956.9000244140625,5,31189,0
1231,1107345,1273.5,993.5,1,31189,1
1231,1107346,1050.3333740234375,952.6666259765625,3,31189,2
1231,1107347,1006.75,955.25,2,31189,3
1231,1107348,932.875,951.375,3,31190,0
1231,1107349,893.0,947.0,2,31190,1
1231,1107350,885.75,946.75,3,31191,0
1231,1107351,1022.8333129882812,957.5,2,31191,1
1231,1107352,981.125,953.138916015625,8,31191,2
1231,1107353,877.5,950.5,2,31192,0
1231,1107354,893.0,947.0,1,31192,1
1231,1107355,1257.8333740234375,989.75,3,31193,0
1231,1107356,1031.5,956.0,3,31193,1
1231,1107357,1291.0833740234375,979.125,3,31194,0
1231,1107358,1624.0,933.5,1,31194,1
1231,1107359,978.9857177734375,953.528564453125,5,31195,0
1231,1107360,1010.0,960.25,2,31195,1
1231,1107361,885.75,946.75,2,31195,2
1231,1107362,1291.0833740234375,979.125,3,31196,0
1231,1107363,1624.0,933.5,1,31196,1
1231,1107364,1048.0,954.5,2,31196,2
1231,1107365,1023.2999877929688,957.1000366210938,5,31197,0
1231,1107366,893.0,947.0,1,31197,1
1231,1107367,1011.0714111328125,953.952392578125,7,31197,2
1231,1107368,996.75,954.11669921875,5,31198,0
1231,1107369,1023.2999877929688,957.1000366210938,6,31198,1
1231,1107370,893.0,947.0,1,31198,2
1231,1107371,993.4375,953.2946166992188,7,31199,0
1231,1107372,1023.5,957.1000366210938,5,31199,1
1231,1107373,885.75,946.75,2,31199,2
1231,1107374,1010.5714111328125,953.8856811523438,5,31200,0
1231,1107375,1028.5833740234375,957.4166870117188,3,31200,1
1231,1107376,893.0,947.0,2,31200,2
1231,1107377,1023.3499755859375,956.9000244140625,5,31201,0
1231,1107378,893.0,947.0,1,31201,1
1231,1107379,1050.3333740234375,952.6666259765625,3,31201,2
1231,1107380,1006.75,955.25,2,31201,3
1231,1107381,493.5,958.0,1,31202,0
1241,1107323,1024.0,953.0,5,31182,0
1241,1107324,1023.2999877929688,957.1000366210938,5,31182,1
1241,1107325,893.0,947.0,1,31182,2
1241,1107326,1011.0714111328125,953.952392578125,7,31183,0
1241,1107327,1023.2999877929688,957.1000366210938,5,31183,1
1241,1107328,893.0,947.0,1,31183,2
1241,1107329,1294.3333740234375,974.9166870117188,2,31184,0
1241,1107330,1624.0,933.5,1,31184,1
1241,1107331,1011.0714111328125,953.952392578125,7,31185,0
1241,1107332,1023.2999877929688,957.1000366210938,5,31185,1
1241,1107333,893.0,947.0,1,31185,2
1241,1107334,1023.2999877929688,957.1000366210938,6,31186,0
1241,1107335,893.0,947.0,1,31186,1
1241,1107336,1247.0,984.5,2,31186,2
1241,1107337,1018.3499755859375,953.2999877929688,5,31186,3
1241,1107338,1023.3499755859375,956.9000244140625,5,31187,0
1241,1107339,1273.5,993.5,1,31187,1
1241,1107340,1050.3333740234375,952.6666259765625,3,31187,2
1241,1107341,1006.75,955.25,2,31187,3
1241,1107342,1624.0,933.5,1,31188,0
1241,1107343,1294.3333740234375,974.9166870117188,2,31188,1
1241,1107344,1023.3499755859375,956.9000244140625,5,31189,0
1241,1107345,1273.5,993.5,1,31189,1
1241,1107346,1050.3333740234375,952.6666259765625,3,31189,2
1241,1107347,1006.75,955.25,2,31189,3
1241,1107348,932.875,951.375,3,31190,0
1241,1107349,893.0,947.0,2,31190,1
1241,1107350,885.75,946.75,3,31191,0
1241,1107351,1022.8333129882812,957.5,2,31191,1
1241,1107352,981.125,953.138916015625,8,31191,2
1241,1107353,877.5,950.5,2,31192,0
1241,1107354,893.0,947.0,1,31192,1
1241,1107355,1257.8333740234375,989.75,3,31193,0
1241,1107356,1031.5,956.0,3,31193,1
1241,1107357,1291.0833740234375,979.125,3,31194,0
1241,1107358,1624.0,933.5,1,31194,1
1241,1107359,978.9857177734375,953.528564453125,5,31195,0
1241,1107360,1010.0,960.25,2,31195,1
1241,1107361,885.75,946.75,2,31195,2
1241,1107362,1291.0833740234375,979.125,3,31196,0
1241,1107363,1624.0,933.5,1,31196,1
1241,1107364,1048.0,954.5,2,31196,2
1241,1107365,1023.2999877929688,957.1000366210938,5,31197,0
1241,1107366,893.0,947.0,1,31197,1
1241,1107367,1011.0714111328125,953.952392578125,7,31197,2
1241,1107368,996.75,954.11669921875,5,31198,0
1241,1107369,1023.2999877929688,957.1000366210938,6,31198,1
1241,1107370,893.0,947.0,1,31198,2
1241,1107371,993.4375,953.2946166992188,7,31199,0
1241,1107372,1023.5,957.1000366210938,5,31199,1
1241,1107373,885.75,946.75,2,31199,2
1241,1107374,1010.5714111328125,953.8856811523438,5,31200,0
1241,1107375,1028.5833740234375,957.4166870117188,3,31200,1
1241,1107376,893.0,947.0,2,31200,2
1241,1107377,1023.3499755859375,956.9000244140625,5,31201,0
1241,1107378,893.0,947.0,1,31201,1
1241,1107379,1050.3333740234375,952.6666259765625,3,31201,2
1241,1107380,1006.75,955.25,2,31201,3
1241,1107381,493.5,958.0,1,31202,0
1251,1107323,1016.625,952.0,4,31182,0
1251,1107324,1022.2999877929688,957.0000610351562,5,31182,1
1251,1107325,898.0,949.5,1,31182,2
1251,1107326,1001.471435546875,952.952392578125,5,31183,0
1251,1107327,1022.2166748046875,956.933349609375,6,31183,1
1251,1107328,898.0,949.5,1,31183,2
1251,1107329,1300.0833740234375,974.4166870117188,2,31184,0
1251,1107330,1610.5,935.5,1,31184,1
1251,1107331,1001.471435546875,952.952392578125,5,31185,0
1251,1107332,1022.2166748046875,956.933349609375,6,31185,1
1251,1107333,898.0,949.5,1,31185,2
1251,1107334,1021.5499877929688,956.8500366210938,6,31186,0
1251,1107335,898.0,949.5,1,31186,1
1251,1107336,1250.25,984.25,2,31186,2
1251,1107337,1012.75,952.7999877929688,5,31186,3
1251,1107338,1021.6832885742188,956.9000244140625,6,31187,0
1251,1107339,1272.0,993.5,1,31187,1
1251,1107340,1039.0833740234375,951.4166259765625,2,31187,2
1251,1107341,1004.5,954.75,2,31187,3
1251,1107342,1610.5,935.5,1,31188,0
1251,1107343,1300.0833740234375,974.4166870117188,2,31188,1
1251,1107344,1021.6832885742188,956.9000244140625,6,31189,0
1251,1107345,1272.0,993.5,1,31189,1
1251,1107346,1039.0833740234375,951.4166259765625,2,31189,2
1251,1107347,1004.5,954.75,2,31189,3
1251,1107348,922.375,951.625,2,31190,0
1251,1107349,887.8333129882812,946.8333129882812,3,31190,1
1251,1107350,880.75,947.25,5,31191,0
1251,1107351,1018.8333129882812,956.75,2,31191,1
1251,1107352,973.125,952.5556030273438,6,31191,2
1251,1107353,867.0,950.75,2,31192,0
1251,1107354,898.0,949.5,1,31192,1
1251,1107355,1258.5,989.25,3,31193,0
1251,1107356,1028.25,956.0,2,31193,1
1251,1107357,1293.416748046875,978.4583129882812,3,31194,0
1251,1107358,1610.5,935.5,1,31194,1
1251,1107359,968.7357177734375,953.403564453125,4,31195,0
1251,1107360,1010.5,959.5,2,31195,1
1251,1107361,880.75,947.0833129882812,3,31195,2
1251,1107362,1293.416748046875,978.4583129882812,3,31196,0
1251,1107363,1610.5,935.5,1,31196,1
1251,1107364,1042.0,954.25,2,31196,2
1251,1107365,1022.2166748046875,956.933349609375,6,31197,0
1251,1107366,898.0,949.5,1,31197,1
1251,1107367,1001.471435546875,952.952392578125,5,31197,2
1251,1107368,986.1500244140625,953.2166748046875,5,31198,0
1251,1107369,1023.7000122070312,956.9000244140625,5,31198,1
1251,1107370,898.0,949.5,1,31198,2
1251,1107371,992.0374755859375,953.1946411132812,5,31199,0
1251,1107372,1022.125,957.2250366210938,4,31199,1
1251,1107373,874.5,946.625,4,31199,2
1251,1107374,1000.4464111328125,953.0106811523438,4,31200,0
1251,1107375,1030.3333740234375,956.9166870117188,2,31200,1
1251,1107376,888.0,947.3333129882812,3,31200,2
1251,1107377,1021.6832885742188,956.9000244140625,6,31201,0
1251,1107378,898.0,949.5,1,31201,1
1251,1107379,1039.0833740234375,951.4166259765625,2,31201,2
1251,1107380,1004.5,954.75,2,31201,3
1251,1107381,482.0,958.0,1,31202,0
1271,1107382,993.7000122070312,952.7000122070312,5,31203,0
1271,1107383,1006.5,954.5,1,31203,1
1271,1107384,1191.5,946.5,1,31203,2
1271,1107385,990.25,948.75,2,31203,3
1271,1107386,976.0,957.5,1,31203,4
1271,1107387,1155.75,950.625,4,31204,0
1271,1107388,1191.5,946.5,1,31204,1
1271,1107389,1033.0999755859375,954.0999755859375,5,31205,0
1271,1107390,1006.5,954.5,1,31205,1
1271,1107391,1090.9000244140625,956.9000244140625,5,31205,2
1271,1107392,1006.5,954.5,1,31206,0
1271,1107393,990.25,948.75,2,31206,1
1271,1107394,993.7000122070312,952.7000122070312,5,31206,2
1271,1107395,976.0,957.5,1,31206,3
1271,1107396,1132.199951171875,951.0,5,31207,0
1271,1107397,1155.5,956.3333129882812,3,31207,1
1271,1107398,1119.625,956.75,4,31208,0
1271,1107399,1087.25,952.8125,8,31208,1
1271,1107400,1155.75,950.625,4,31209,0
1271,1107401,1155.5,956.3333129882812,3,31209,1
1271,1107402,932.3333129882812,944.1666870117188,3,31210,0
1271,1107403,893.5,943.5,1,31210,1
1271,1107404,976.0,957.5,1,31210,2
1271,1107405,952.25,947.625,4,31211,0
1271,1107406,965.1666870117188,951.3333129882812,3,31211,1
1271,1107407,976.0,957.5,1,31211,2
1271,1107408,1006.5,954.5,1,31211,3
1271,1107409,993.7000122070312,952.7000122070312,5,31212,0
1271,1107410,990.25,948.75,2,31212,1
1271,1107411,1191.5,946.5,1,31212,2
1271,1107412,976.0,957.5,1,31212,3
1271,1107413,1006.5,954.5,1,31212,4
1271,1107414,638.0,957.0,1,31213,0
1271,1107415,1155.5,956.3333129882812,3,31214,0
1271,1107416,1067.25,952.5,4,31214,1
1271,1107417,965.1666870117188,951.3333129882812,3,31215,0
1271,1107418,952.25,947.625,4,31215,1
1271,1107419,976.0,957.5,1,31215,2
1271,1107420,1006.5,954.5,1,31215,3
1271,1107421,1155.5,956.3333129882812,3,31216,0
1271,1107422,1106.875,952.25,4,31216,1
1271,1107423,1155.75,950.625,4,31217,0
1271,1107424,1175.5,955.25,2,31217,1
1271,1107425,990.25,948.75,2,31218,0
1271,1107426,1191.5,946.5,1,31218,1
1271,1107427,976.0,957.5,1,31218,2
1271,1107428,993.7000122070312,952.7000122070312,5,31218,3
1271,1107429,1006.5,954.5,1,31218,4
1271,1107430,932.3333129882812,944.1666870117188,3,31219,0
1271,1107431,893.5,943.5,1,31219,1
1271,1107432,976.0,957.5,1,31220,0
1271,1107433,983.375,951.625,4,31220,1
1271,1107434,1006.5,954.5,1,31220,2
1271,1107435,968.1666870117188,945.5,3,31220,3
1271,1107436,1018.75,955.0,4,31221,0
1271,1107437,1006.5,954.5,1,31221,1
1271,1107438,1106.3333740234375,954.3333129882812,3,31221,2
1271,1107439,362.0,959.5,1,31222,0
1281,1107382,993.7000122070312,952.7000122070312,5,31203,0
1281,1107383,1006.5,954.5,1,31203,1
1281,1107384,1191.5,946.5,1,31203,2
1281,1107385,990.25,948.75,2,31203,3
1281,1107386,976.0,957.5,1,31203,4
1281,1107387,1155.75,950.625,4,31204,0
1281,1107388,1191.5,946.5,1,31204,1
1281,1107389,1033.0999755859375,954.0999755859375,5,31205,0
1281,1107390,1006.5,954.5,1,31205,1
1281,1107391,1090.9000244140625,956.9000244140625,5,31205,2
1281,1107392,1006.5,954.5,1,31206,0
1281,1107393,990.25,948.75,2,31206,1
1281,1107394,993.7000122070312,952.7000122070312,5,31206,2
1281,1107395,976.0,957.5,1,31206,3
1281,1107396,1132.199951171875,951.0,5,31207,0
1281,1107397,1155.5,956.3333129882812,3,31207,1
1281,1107398,1119.625,956.75,4,31208,0
1281,1107399,1087.25,952.8125,8,31208,1
1281,1107400,1155.75,950.625,4,31209,0
1281,1107401,1155.5,956.3333129882812,3,31209,1
1281,1107402,932.3333129882812,944.1666870117188,3,31210,0
1281,1107403,893.5,943.5,1,31210,1
1281,1107404,976.0,957.5,1,31210,2
1281,1107405,952.25,947.625,4,31211,0
1281,1107406,965.1666870117188,951.3333129882812,3,31211,1
1281,1107407,976.0,957.5,1,31211,2
1281,1107408,1006.5,954.5,1,31211,3
1281,1107409,993.7000122070312,952.7000122070312,5,31212,0
1281,1107410,990.25,948.75,2,31212,1
1281,1107411,1191.5,946.5,1,31212,2
1281,1107412,976.0,957.5,1,31212,3
1281,1107413,1006.5,954.5,1,31212,4
1281,1107414,638.0,957.0,1,31213,0
1281,1107415,1155.5,956.3333129882812,3,31214,0
1281,1107416,1067.25,952.5,4,31214,1
1281,1107417,965.1666870117188,951.3333129882812,3,31215,0
1281,1107418,952.25,947.625,4,31215,1
1281,1107419,976.0,957.5,1,31215,2
1281,1107420,1006.5,954.5,1,31215,3
1281,1107421,1155.5,956.3333129882812,3,31216,0
1281,1107422,1106.875,952.25,4,31216,1
1281,1107423,1155.75,950.625,4,31217,0
1281,1107424,1175.5,955.25,2,31217,1
1281,1107425,990.25,948.75,2,31218,0
1281,1107426,1191.5,946.5,1,31218,1
1281,1107427,976.0,957.5,1,31218,2
1281,1107428,993.7000122070312,952.7000122070312,5,31218,3
1281,1107429,1006.5,954.5,1,31218,4
1281,1107430,932.3333129882812,944.1666870117188,3,31219,0
1281,1107431,893.5,943.5,1,31219,1
1281,1107432,976.0,957.5,1,31220,0
1281,1107433,983.375,951.625,4,31220,1
1281,1107434,1006.5,954.5,1,31220,2
1281,1107435,968.1666870117188,945.5,3,31220,3
1281,1107436,1018.75,955.0,4,31221,0
1281,1107437,1006.5,954.5,1,31221,1
1281,1107438,1106.3333740234375,954.3333129882812,3,31221,2
1281,1107439,362.0,959.5,1,31222,0
1291,1107382,993.7000122070312,952.7000122070312,5,31203,0
1291,1107383,1006.5,954.5,1,31203,1
1291,1107384,1191.5,946.5,1,31203,2
1291,1107385,990.25,948.75,2,31203,3
1291,1107386,976.0,957.5,1,31203,4
1291,1107387,1155.75,950.625,4,31204,0
1291,1107388,1191.5,946.5,1,31204,1
1291,1107389,1033.0999755859375,954.0999755859375,5,31205,0
1291,1107390,1006.5,954.5,1,31205,1
1291,1107391,1090.9000244140625,956.9000244140625,5,31205,2
1291,1107392,1006.5,954.5,1,31206,0
1291,1107393,990.25,948.75,2,31206,1
1291,1107394,993.7000122070312,952.7000122070312,5,31206,2
1291,1107395,976.0,957.5,1,31206,3
1291,1107396,1132.199951171875,951.0,5,31207,0
1291,1107397,1155.5,956.3333129882812,3,31207,1
1291,1107398,1119.625,956.75,4,31208,0
1291,1107399,1087.25,952.8125,8,31208,1
1291,1107400,1155.75,950.625,4,31209,0
1291,1107401,1155.5,956.3333129882812,3,31209,1
1291,1107402,932.3333129882812,944.1666870117188,3,31210,0
1291,1107403,893.5,943.5,1,31210,1
1291,1107404,976.0,957.5,1,31210,2
1291,1107405,952.25,947.625,4,31211,0
1291,1107406,965.1666870117188,951.3333129882812,3,31211,1
1291,1107407,976.0,957.5,1,31211,2
1291,1107408,1006.5,954.5,1,31211,3
1291,1107409,993.7000122070312,952.7000122070312,5,31212,0
1291,1107410,990.25,948.75,2,31212,1
1291,1107411,1191.5,946.5,1,31212,2
1291,1107412,976.0,957.5,1,31212,3
1291,1107413,1006.5,954.5,1,31212,4
1291,1107414,638.0,957.0,1,31213,0
1291,1107415,1155.5,956.3333129882812,3,31214,0
1291,1107416,1067.25,952.5,4,31214,1
1291,1107417,965.1666870117188,951.3333129882812,3,31215,0
1291,1107418,952.25,947.625,4,31215,1
1291,1107419,976.0,957.5,1,31215,2
1291,1107420,1006.5,954.5,1,31215,3
1291,1107421,1155.5,956.3333129882812,3,31216,0
1291,1107422,1106.875,952.25,4,31216,1
1291,1107423,1155.75,950.625,4,31217,0
1291,1107424,1175.5,955.25,2,31217,1
1291,1107425,990.25,948.75,2,31218,0
1291,1107426,1191.5,946.5,1,31218,1
1291,1107427,976.0,957.5,1,31218,2
1291,1107428,993.7000122070312,952.7000122070312,5,31218,3
1291,1107429,1006.5,954.5,1,31218,4
1291,1107430,932.3333129882812,944.1666870117188,3,31219,0
1291,1107431,893.5,943.5,1,31219,1
1291,1107432,976.0,957.5,1,31220,0
1291,1107433,983.375,951.625,4,31220,1
1291,1107434,1006.5,954.5,1,31220,2
1291,1107435,968.1666870117188,945.5,3,31220,3
1291,1107436,1018.75,955.0,4,31221,0
1291,1107437,1006.5,954.5,1,31221,1
1291,1107438,1106.3333740234375,954.3333129882812,3,31221,2
1291,1107439,362.0,959.5,1,31222,0
1301,1107382,993.7000122070312,952.7000122070312,5,31203,0
1301,1107383,1006.5,954.5,1,31203,1
1301,1107384,1191.5,946.5,1,31203,2
1301,1107385,990.25,948.75,2,31203,3
1301,1107386,976.0,957.5,1,31203,4
1301,1107387,1155.75,950.625,4,31204,0
1301,1107388,1191.5,946.5,1,31204,1
1301,1107389,1033.0999755859375,954.0999755859375,5,31205,0
1301,1107390,1006.5,954.5,1,31205,1
1301,1107391,1090.9000244140625,956.9000244140625,5,31205,2
1301,1107392,1006.5,954.5,1,31206,0
1301,1107393,990.25,948.75,2,31206,1
1301,1107394,993.7000122070312,952.7000122070312,5,31206,2
1301,1107395,976.0,957.5,1,31206,3
1301,1107396,1132.199951171875,951.0,5,31207,0
1301,1107397,1155.5,956.3333129882812,3,31207,1
1301,1107398,1119.625,956.75,4,31208,0
1301,1107399,1087.25,952.8125,8,31208,1
1301,1107400,1155.75,950.625,4,31209,0
1301,1107401,1155.5,956.3333129882812,3,31209,1
1301,1107402,932.3333129882812,944.1666870117188,3,31210,0
1301,1107403,893.5,943.5,1,31210,1
1301,1107404,976.0,957.5,1,31210,2
1301,1107405,952.25,947.625,4,31211,0
1301,1107406,965.1666870117188,951.3333129882812,3,31211,1
1301,1107407,976.0,957.5,1,31211,2
1301,1107408,1006.5,954.5,1,31211,3
1301,1107409,993.7000122070312,952.7000122070312,5,31212,0
1301,1107410,990.25,948.75,2,31212,1
1301,1107411,1191.5,946.5,1,31212,2
1301,1107412,976.0,957.5,1,31212,3
1301,1107413,1006.5,954.5,1,31212,4
1301,1107414,638.0,957.0,1,31213,0
1301,1107415,1155.5,956.3333129882812,3,31214,0
1301,1107416,1067.25,952.5,4,31214,1
1301,1107417,965.1666870117188,951.3333129882812,3,31215,0
1301,1107418,952.25,947.625,4,31215,1
1301,1107419,976.0,957.5,1,31215,2
1301,1107420,1006.5,954.5,1,31215,3
1301,1107421,1155.5,956.3333129882812,3,31216,0
1301,1107422,1106.875,952.25,4,31216,1
1301,1107423,1155.75,950.625,4,31217,0
1301,1107424,1175.5,955.25,2,31217,1
1301,1107425,990.25,948.75,2,31218,0
1301,1107426,1191.5,946.5,1,31218,1
1301,1107427,976.0,957.5,1,31218,2
1301,1107428,993.7000122070312,952.7000122070312,5,31218,3
1301,1107429,1006.5,954.5,1,31218,4
1301,1107430,932.3333129882812,944.1666870117188,3,31219,0
1301,1107431,893.5,943.5,1,31219,1
1301,1107432,976.0,957.5,1,31220,0
1301,1107433,983.375,951.625,4,31220,1
1301,1107434,1006.5,954.5,1,31220,2
1301,1107435,968.1666870117188,945.5,3,31220,3
1301,1107436,1018.75,955.0,4,31221,0
1301,1107437,1006.5,954.5,1,31221,1
1301,1107438,1106.3333740234375,954.3333129882812,3,31221,2
1301,1107439,362.0,959.5,1,31222,0
1311,1107382,993.7000122070312,952.7000122070312,5,31203,0
1311,1107383,1006.5,954.5,1,31203,1
1311,1107384,1191.5,946.5,1,31203,2
1311,1107385,990.25,948.75,2,31203,3
1311,1107386,976.0,957.5,1,31203,4
1311,1107387,1155.75,950.625,4,31204,0
1311,1107388,1191.5,946.5,1,31204,1
1311,1107389,1033.0999755859375,954.0999755859375,5,31205,0
1311,1107390,1006.5,954.5,1,31205,1
1311,1107391,1090.9000244140625,956.9000244140625,5,31205,2
1311,1107392,1006.5,954.5,1,31206,0
1311,1107393,990.25,948.75,2,31206,1
1311,1107394,993.7000122070312,952.7000122070312,5,31206,2
1311,1107395,976.0,957.5,1,31206,3
1311,1107396,1132.199951171875,951.0,5,31207,0
1311,1107397,1155.5,956.3333129882812,3,31207,1
1311,1107398,1119.625,956.75,4,31208,0
1311,1107399,1087.25,952.8125,8,31208,1
1311,1107400,1155.75,950.625,4,31209,0
1311,1107401,1155.5,956.3333129882812,3,31209,1
1311,1107402,932.3333129882812,944.1666870117188,3,31210,0
1311,1107403,893.5,943.5,1,31210,1
1311,1107404,976.0,957.5,1,31210,2
1311,1107405,952.25,947.625,4,31211,0
1311,1107406,965.1666870117188,951.3333129882812,3,31211,1
1311,1107407,976.0,957.5,1,31211,2
1311,1107408,1006.5,954.5,1,31211,3
1311,1107409,993.7000122070312,952.7000122070312,5,31212,0
1311,1107410,990.25,948.75,2,31212,1
1311,1107411,1191.5,946.5,1,31212,2
1311,1107412,976.0,957.5,1,31212,3
1311,1107413,1006.5,954.5,1,31212,4
1311,1107414,638.0,957.0,1,31213,0
1311,1107415,1155.5,956.3333129882812,3,31214,0
1311,1107416,1067.25,952.5,4,31214,1
1311,1107417,965.1666870117188,951.3333129882812,3,31215,0
1311,1107418,952.25,947.625,4,31215,1
1311,1107419,976.0,957.5,1,31215,2
1311,1107420,1006.5,954.5,1,31215,3
1311,1107421,1155.5,956.3333129882812,3,31216,0
1311,1107422,1106.875,952.25,4,31216,1
1311,1107423,1155.75,950.625,4,31217,0
1311,1107424,1175.5,955.25,2,31217,1
1311,1107425,990.25,948.75,2,31218,0
1311,1107426,1191.5,946.5,1,31218,1
1311,1107427,976.0,957.5,1,31218,2
1311,1107428,993.7000122070312,952.7000122070312,5,31218,3
1311,1107429,1006.5,954.5,1,31218,4
1311,1107430,932.3333129882812,944.1666870117188,3,31219,0
1311,1107431,893.5,943.5,1,31219,1
1311,1107432,976.0,957.5,1,31220,0
1311,1107433,983.375,951.625,4,31220,1
1311,1107434,1006.5,954.5,1,31220,2
1311,1107435,968.1666870117188,945.5,3,31220,3
1311,1107436,1018.75,955.0,4,31221,0
1311,1107437,1006.5,954.5,1,31221,1
1311,1107438,1106.3333740234375,954.3333129882812,3,31221,2
1311,1107439,362.0,959.5,1,31222,0
1321,1107382,993.7000122070312,952.7000122070312,5,31203,0
1321,1107383,1006.5,954.5,1,31203,1
1321,1107384,1191.5,946.5,1,31203,2
1321,1107385,990.25,948.75,2,31203,3
1321,1107386,976.0,957.5,1,31203,4
1321,1107387,1155.75,950.625,4,31204,0
1321,1107388,1191.5,946.5,1,31204,1
1321,1107389,1033.0999755859375,954.0999755859375,5,31205,0
1321,1107390,1006.5,954.5,1,31205,1
1321,1107391,1090.9000244140625,956.9000244140625,5,31205,2
1321,1107392,1006.5,954.5,1,31206,0
1321,1107393,990.25,948.75,2,31206,1
1321,1107394,993.7000122070312,952.7000122070312,5,31206,2
1321,1107395,976.0,957.5,1,31206,3
1321,1107396,1132.199951171875,951.0,5,31207,0
1321,1107397,1155.5,956.3333129882812,3,31207,1
1321,1107398,1119.625,956.75,4,31208,0
1321,1107399,1087.25,952.8125,8,31208,1
1321,1107400,1155.75,950.625,4,31209,0
1321,1107401,1155.5,956.3333129882812,3,31209,1
1321,1107402,932.3333129882812,944.1666870117188,3,31210,0
1321,1107403,893.5,943.5,1,31210,1
1321,1107404,976.0,957.5,1,31210,2
1321,1107405,952.25,947.625,4,31211,0
1321,1107406,965.1666870117188,951.3333129882812,3,31211,1
1321,1107407,976.0,957.5,1,31211,2
1321,1107408,1006.5,954.5,1,31211,3
1321,1107409,993.7000122070312,952.7000122070312,5,31212,0
1321,1107410,990.25,948.75,2,31212,1
1321,1107411,1191.5,946.5,1,31212,2
1321,1107412,976.0,957.5,1,31212,3
1321,1107413,1006.5,954.5,1,31212,4
1321,1107414,638.0,957.0,1,31213,0
1321,1107415,1155.5,956.3333129882812,3,31214,0
1321,1107416,1067.25,952.5,4,31214,1
1321,1107417,965.1666870117188,951.3333129882812,3,31215,0
1321,1107418,952.25,947.625,4,31215,1
1321,1107419,976.0,957.5,1,31215,2
1321,1107420,1006.5,954.5,1,31215,3
1321,1107421,1155.5,956.3333129882812,3,31216,0
1321,1107422,1106.875,952.25,4,31216,1
1321,1107423,1155.75,950.625,4,31217,0
1321,1107424,1175.5,955.25,2,31217,1
1321,1107425,990.25,948.75,2,31218,0
1321,1107426,1191.5,946.5,1,31218,1
1321,1107427,976.0,957.5,1,31218,2
1321,1107428,993.7000122070312,952.7000122070312,5,31218,3
1321,1107429,1006.5,954.5,1,31218,4
1321,1107430,932.3333129882812,944.1666870117188,3,31219,0
1321,1107431,893.5,943.5,1,31219,1
1321,1107432,976.0,957.5,1,31220,0
1321,1107433,983.375,951.625,4,31220,1
1321,1107434,1006.5,954.5,1,31220,2
1321,1107435,968.1666870117188,945.5,3,31220,3
1321,1107436,1018.75,955.0,4,31221,0
1321,1107437,1006.5,954.5,1,31221,1
1321,1107438,1106.3333740234375,954.3333129882812,3,31221,2
1321,1107439,362.0,959.5,1,31222,0
1331,1107382,993.7000122070312,952.7000122070312,5,31203,0
1331,1107383,1006.5,954.5,1,31203,1
1331,1107384,1191.5,946.5,1,31203,2
1331,1107385,990.25,948.75,2,31203,3
1331,1107386,976.0,957.5,1,31203,4
1331,1107387,1155.75,950.625,4,31204,0
1331,1107388,1191.5,946.5,1,31204,1
1331,1107389,1033.0999755859375,954.0999755859375,5,31205,0
1331,1107390,1006.5,954.5,1,31205,1
1331,1107391,1090.9000244140625,956.9000244140625,5,31205,2
1331,1107392,1006.5,954.5,1,31206,0
1331,1107393,990.25,948.75,2,31206,1
1331,1107394,993.7000122070312,952.7000122070312,5,31206,2
1331,1107395,976.0,957.5,1,31206,3
1331,1107396,1132.199951171875,951.0,5,31207,0
1331,1107397,1155.5,956.3333129882812,3,31207,1
1331,1107398,1119.625,956.75,4,31208,0
1331,1107399,1087.25,952.8125,8,31208,1
1331,1107400,1155.75,950.625,4,31209,0
1331,1107401,1155.5,956.3333129882812,3,31209,1
1331,1107402,932.3333129882812,944.1666870117188,3,31210,0
1331,1107403,893.5,943.5,1,31210,1
1331,1107404,976.0,957.5,1,31210,2
1331,1107405,952.25,947.625,4,31211,0
1331,1107406,965.1666870117188,951.3333129882812,3,31211,1
1331,1107407,976.0,957.5,1,31211,2
1331,1107408,1006.5,954.5,1,31211,3
1331,1107409,993.7000122070312,952.7000122070312,5,31212,0
1331,1107410,990.25,948.75,2,31212,1
1331,1107411,1191.5,946.5,1,31212,2
1331,1107412,976.0,957.5,1,31212,3
1331,1107413,1006.5,954.5,1,31212,4
1331,1107414,638.0,957.0,1,31213,0
1331,1107415,1155.5,956.3333129882812,3,31214,0
1331,1107416,1067.25,952.5,4,31214,1
1331,1107417,965.1666870117188,951.3333129882812,3,31215,0
1331,1107418,952.25,947.625,4,31215,1
1331,1107419,976.0,957.5,1,31215,2
1331,1107420,1006.5,954.5,1,31215,3
1331,1107421,1155.5,956.3333129882812,3,31216,0
1331,1107422,1106.875,952.25,4,31216,1
1331,1107423,1155.75,950.625,4,31217,0
1331,1107424,1175.5,955.25,2,31217,1
1331,1107425,990.25,948.75,2,31218,0
1331,1107426,1191.5,946.5,1,31218,1
1331,1107427,976.0,957.5,1,31218,2
1331,1107428,993.7000122070312,952.7000122070312,5,31218,3
1331,1107429,1006.5,954.5,1,31218,4
1331,1107430,932.3333129882812,944.1666870117188,3,31219,0
1331,1107431,893.5,943.5,1,31219,1
1331,1107432,976.0,957.5,1,31220,0
1331,1107433,983.375,951.625,4,31220,1
1331,1107434,1006.5,954.5,1,31220,2
1331,1107435,968.1666870117188,945.5,3,31220,3
1331,1107436,1018.75,955.0,4,31221,0
1331,1107437,1006.5,954.5,1,31221,1
1331,1107438,1106.3333740234375,954.3333129882812,3,31221,2
1331,1107439,362.0,959.5,1,31222,0
1341,1107382,993.7000122070312,952.7000122070312,5,31203,0
1341,1107383,1006.5,954.5,1,31203,1
1341,1107384,1191.5,946.5,1,31203,2
1341,1107385,990.25,948.75,2,31203,3
1341,1107386,976.0,957.5,1,31203,4
1341,1107387,1155.75,950.625,4,31204,0
1341,1107388,1191.5,946.5,1,31204,1
1341,1107389,1033.0999755859375,954.0999755859375,5,31205,0
1341,1107390,1006.5,954.5,1,31205,1
1341,1107391,1090.9000244140625,956.9000244140625,5,31205,2
1341,1107392,1006.5,954.5,1,31206,0
1341,1107393,990.25,948.75,2,31206,1
1341,1107394,993.7000122070312,952.7000122070312,5,31206,2
1341,1107395,976.0,957.5,1,31206,3
1341,1107396,1132.199951171875,951.0,5,31207,0
1341,1107397,1155.5,956.3333129882812,3,31207,1
1341,1107398,1119.625,956.75,4,31208,0
1341,1107399,1087.25,952.8125,8,31208,1
1341,1107400,1155.75,950.625,4,31209,0
1341,1107401,1155.5,956.3333129882812,3,31209,1
1341,1107402,932.3333129882812,944.1666870117188,3,31210,0
1341,1107403,893.5,943.5,1,31210,1
1341,1107404,976.0,957.5,1,31210,2
1341,1107405,952.25,947.625,4,31211,0
1341,1107406,965.1666870117188,951.3333129882812,3,31211,1
1341,1107407,976.0,957.5,1,31211,2
1341,1107408,1006.5,954.5,1,31211,3
1341,1107409,993.7000122070312,952.7000122070312,5,31212,0
1341,1107410,990.25,948.75,2,31212,1
1341,1107411,1191.5,946.5,1,31212,2
1341,1107412,976.0,957.5,1,31212,3
1341,1107413,1006.5,954.5,1,31212,4
1341,1107414,638.0,957.0,1,31213,0
1341,1107415,1155.5,956.3333129882812,3,31214,0
1341,1107416,1067.25,952.5,4,31214,1
1341,1107417,965.1666870117188,951.3333129882812,3,31215,0
1341,1107418,952.25,947.625,4,31215,1
1341,1107419,976.0,957.5,1,31215,2
1341,1107420,1006.5,954.5,1,31215,3
1341,1107421,1155.5,956.3333129882812,3,31216,0
1341,1107422,1106.875,952.25,4,31216,1
1341,1107423,1155.75,950.625,4,31217,0
1341,1107424,1175.5,955.25,2,31217,1
1341,1107425,990.25,948.75,2,31218,0
1341,1107426,1191.5,946.5,1,31218,1
1341,1107427,976.0,957.5,1,31218,2
1341,1107428,993.7000122070312,952.7000122070312,5,31218,3
1341,1107429,1006.5,954.5,1,31218,4
1341,1107430,932.3333129882812,944.1666870117188,3,31219,0
1341,1107431,893.5,943.5,1,31219,1
1341,1107432,976.0,957.5,1,31220,0
1341,1107433,983.375,951.625,4,31220,1
1341,1107434,1006.5,954.5,1,31220,2
1341,1107435,968.1666870117188,945.5,3,31220,3
1341,1107436,1018.75,955.0,4,31221,0
1341,1107437,1006.5,954.5,1,31221,1
1341,1107438,1106.3333740234375,954.3333129882812,3,31221,2
1341,1107439,362.0,959.5,1,31222,0
1351,1107382,993.7000122070312,952.7000122070312,5,31203,0
1351,1107383,1006.5,954.5,1,31203,1
1351,1107384,1191.5,946.5,1,31203,2
1351,1107385,990.25,948.75,2,31203,3
1351,1107386,976.0,957.5,1,31203,4
1351,1107387,1155.75,950.625,4,31204,0
1351,1107388,1191.5,946.5,1,31204,1
1351,1107389,1033.0999755859375,954.0999755859375,5,31205,0
1351,1107390,1006.5,954.5,1,31205,1
1351,1107391,1090.9000244140625,956.9000244140625,5,31205,2
1351,1107392,1006.5,954.5,1,31206,0
1351,1107393,990.25,948.75,2,31206,1
1351,1107394,993.7000122070312,952.7000122070312,5,31206,2
1351,1107395,976.0,957.5,1,31206,3
1351,1107396,1132.199951171875,951.0,5,31207,0
1351,1107397,1155.5,956.3333129882812,3,31207,1
1351,1107398,1119.625,956.75,4,31208,0
1351,1107399,1087.25,952.8125,8,31208,1
1351,1107400,1155.75,950.625,4,31209,0
1351,1107401,1155.5,956.3333129882812,3,31209,1
1351,1107402,932.3333129882812,944.1666870117188,3,31210,0
1351,1107403,893.5,943.5,1,31210,1
1351,1107404,976.0,957.5,1,31210,2
1351,1107405,952.25,947.625,4,31211,0
1351,1107406,965.1666870117188,951.3333129882812,3,31211,1
1351,1107407,976.0,957.5,1,31211,2
1351,1107408,1006.5,954.5,1,31211,3
1351,1107409,993.7000122070312,952.7000122070312,5,31212,0
1351,1107410,990.25,948.75,2,31212,1
1351,1107411,1191.5,946.5,1,31212,2
1351,1107412,976.0,957.5,1,31212,3
1351,1107413,1006.5,954.5,1,31212,4
1351,1107414,638.0,957.0,1,31213,0
1351,1107415,1155.5,956.3333129882812,3,31214,0
1351,1107416,1067.25,952.5,4,31214,1
1351,1107417,965.1666870117188,951.3333129882812,3,31215,0
1351,1107418,952.25,947.625,4,31215,1
1351,1107419,976.0,957.5,1,31215,2
1351,1107420,1006.5,954.5,1,31215,3
1351,1107421,1155.5,956.3333129882812,3,31216,0
1351,1107422,1106.875,952.25,4,31216,1
1351,1107423,1155.75,950.625,4,31217,0
1351,1107424,1175.5,955.25,2,31217,1
1351,1107425,990.25,948.75,2,31218,0
1351,1107426,1191.5,946.5,1,31218,1
1351,1107427,976.0,957.5,1,31218,2
1351,1107428,993.7000122070312,952.7000122070312,5,31218,3
1351,1107429,1006.5,954.5,1,31218,4
1351,1107430,932.3333129882812,944.1666870117188,3,31219,0
1351,1107431,893.5,943.5,1,31219,1
1351,1107432,976.0,957.5,1,31220,0
1351,1107433,983.375,951.625,4,31220,1
1351,1107434,1006.5,954.5,1,31220,2
1351,1107435,968.1666870117188,945.5,3,31220,3
1351,1107436,1018.75,955.0,4,31221,0
1351,1107437,1006.5,954.5,1,31221,1
1351,1107438,1106.3333740234375,954.3333129882812,3,31221,2
1351,1107439,362.0,959.5,1,31222,0
1361,1107382,1004.2000122070312,952.2000122070312,4,31203,0
1361,1107383,1007.0,954.0,2,31203,1
1361,1107384,1183.0,945.5,1,31203,2
1361,1107385,988.0,950.0,2,31203,3
1361,1107386,982.0,957.5,1,31203,4
1361,1107387,1170.5833740234375,949.625,3,31204,0
1361,1107388,1203.0,945.25,2,31204,1
1361,1107389,1050.7249755859375,953.3499755859375,4,31205,0
1361,1107390,1004.5,954.0,1,31205,1
1361,1107391,1090.2000732421875,956.4000244140625,5,31205,2
1361,1107392,1007.0,954.0,2,31206,0
1361,1107393,988.0,950.0,2,31206,1
1361,1107394,1004.2000122070312,952.2000122070312,4,31206,2
1361,1107395,982.0,957.5,1,31206,3
1361,1107396,1152.574951171875,950.0,4,31207,0
1361,1107397,1150.25,954.8333129882812,2,31207,1
1361,1107398,1119.425048828125,956.3499755859375,5,31208,0
1361,1107399,1106.3333740234375,951.8125,6,31208,1
1361,1107400,1170.5833740234375,949.625,3,31209,0
1361,1107401,1150.25,954.8333129882812,2,31209,1
1361,1107402,934.8333129882812,944.4166870117188,2,31210,0
1361,1107403,896.5,943.0,1,31210,1
1361,1107404,982.0,957.5,1,31210,2
1361,1107405,951.125,947.125,4,31211,0
1361,1107406,966.1666870117188,951.0833129882812,2,31211,1
1361,1107407,982.0,957.5,1,31211,2
1361,1107408,1004.5,954.0,1,31211,3
1361,1107409,1004.2000122070312,952.2000122070312,4,31212,0
1361,1107410,988.0,950.0,2,31212,1
1361,1107411,1183.0,945.5,1,31212,2
1361,1107412,982.0,957.5,1,31212,3
1361,1107413,1007.0,954.0,2,31212,4
1361,1107414,621.5,954.5,1,31213,0
1361,1107415,1150.25,954.8333129882812,2,31214,0
1361,1107416,1091.0833740234375,951.5,3,31214,1
1361,1107417,966.1666870117188,951.0833129882812,2,31215,0
1361,1107418,951.125,947.125,4,31215,1
1361,1107419,982.0,957.5,1,31215,2
1361,1107420,1004.5,954.0,1,31215,3
1361,1107421,1150.25,954.8333129882812,2,31216,0
1361,1107422,1132.2083740234375,950.9166870117188,3,31216,1
1361,1107423,1170.5833740234375,949.625,3,31217,0
1361,1107424,1170.25,953.75,2,31217,1
1361,1107425,988.0,950.0,2,31218,0
1361,1107426,1183.0,945.5,1,31218,1
1361,1107427,982.0,957.5,1,31218,2
1361,1107428,1004.2000122070312,952.2000122070312,4,31218,3
1361,1107429,1007.0,954.0,2,31218,4
1361,1107430,934.8333129882812,944.4166870117188,2,31219,0
1361,1107431,896.5,943.0,1,31219,1
1361,1107432,982.0,957.5,1,31220,0
1361,1107433,996.375,951.125,3,31220,1
1361,1107434,1004.5,954.0,1,31220,2
1361,1107435,971.0,945.3333129882812,3,31220,3
1361,1107436,1031.75,954.5,3,31221,0
1361,1107437,1007.0,954.0,2,31221,1
1361,1107438,1105.0833740234375,954.5833129882812,2,31221,2
1361,1107439,351.5,960.0,1,31222,0
1371,1107382,1004.2000122070312,952.2000122070312,4,31203,0
1371,1107383,1007.0,954.0,2,31203,1
1371,1107384,1183.0,945.5,1,31203,2
1371,1107385,988.0,950.0,2,31203,3
1371,1107386,982.0,957.5,1,31203,4
1371,1107387,1170.5833740234375,949.625,3,31204,0
1371,1107388,1203.0,945.25,2,31204,1
1371,1107389,1050.7249755859375,953.3499755859375,4,31205,0
1371,1107390,1004.5,954.0,1,31205,1
1371,1107391,1090.2000732421875,956.4000244140625,5,31205,2
1371,1107392,1007.0,954.0,2,31206,0
1371,1107393,988.0,950.0,2,31206,1
1371,1107394,1004.2000122070312,952.2000122070312,4,31206,2
1371,1107395,982.0,957.5,1,31206,3
1371,1107396,1152.574951171875,950.0,4,31207,0
1371,1107397,1150.25,954.8333129882812,2,31207,1
1371,1107398,1119.425048828125,956.3499755859375,5,31208,0
1371,1107399,1106.3333740234375,951.8125,7,31208,1
1371,1107400,1170.5833740234375,949.625,3,31209,0
1371,1107401,1150.25,954.8333129882812,2,31209,1
1371,1107402,934.8333129882812,944.4166870117188,2,31210,0
1371,1107403,896.5,943.0,2,31210,1
1371,1107404,982.0,957.5,1,31210,2
1371,1107405,951.125,947.125,4,31211,0
1371,1107406,966.1666870117188,951.0833129882812,2,31211,1
1371,1107407,982.0,957.5,1,31211,2
1371,1107408,1004.5,954.0,1,31211,3
1371,1107409,1004.2000122070312,952.2000122070312,4,31212,0
1371,1107410,988.0,950.0,2,31212,1
1371,1107411,1183.0,945.5,1,31212,2
1371,1107412,982.0,957.5,1,31212,3
1371,1107413,1007.0,954.0,2,31212,4
1371,1107414,621.5,954.5,1,31213,0
1371,1107415,1150.25,954.8333129882812,2,31214,0
1371,1107416,1091.0833740234375,951.5,3,31214,1
1371,1107417,966.1666870117188,951.0833129882812,2,31215,0
1371,1107418,951.125,947.125,4,31215,1
1371,1107419,982.0,957.5,1,31215,2
1371,1107420,1004.5,954.0,1,31215,3
1371,1107421,1150.25,954.8333129882812,2,31216,0
1371,1107422,1132.2083740234375,950.9166870117188,3,31216,1
1371,1107423,1170.5833740234375,949.625,3,31217,0
1371,1107424,1170.25,953.75,2,31217,1
1371,1107425,988.0,950.0,2,31218,0
1371,1107426,1183.0,945.5,1,31218,1
1371,1107427,982.0,957.5,1,31218,2
1371,1107428,1004.2000122070312,952.2000122070312,4,31218,3
1371,1107429,1007.0,954.0,2,31218,4
1371,1107430,934.8333129882812,944.4166870117188,2,31219,0
1371,1107431,896.5,943.0,2,31219,1
1371,1107432,982.0,957.5,1,31220,0
1371,1107433,996.375,951.125,3,31220,1
1371,1107434,1004.5,954.0,1,31220,2
1371,1107435,971.0,945.3333129882812,3,31220,3
1371,1107436,1031.75,954.5,4,31221,0
1371,1107437,1007.0,954.0,2,31221,1
1371,1107438,1105.0833740234375,954.5833129882812,2,31221,2
1371,1107439,351.5,960.0,1,31222,0
1381,1107382,1004.2000122070312,952.2000122070312,4,31203,0
1381,1107383,1007.0,954.0,2,31203,1
1381,1107384,1183.0,945.5,1,31203,2
1381,1107385,988.0,950.0,2,31203,3
1381,1107386,982.0,957.5,1,31203,4
1381,1107387,1170.5833740234375,949.625,3,31204,0
1381,1107388,1203.0,945.25,2,31204,1
1381,1107389,1050.7249755859375,953.3499755859375,5,31205,0
1381,1107390,1004.5,954.0,1,31205,1
1381,1107391,1090.2000732421875,956.4000244140625,5,31205,2
1381,1107392,1007.0,954.0,2,31206,0
1381,1107393,988.0,950.0,2,31206,1
1381,1107394,1004.2000122070312,952.2000122070312,4,31206,2
1381,1107395,982.0,957.5,1,31206,3
1381,1107396,1152.574951171875,950.0,5,31207,0
1381,1107397,1150.25,954.8333129882812,2,31207,1
1381,1107398,1119.425048828125,956.3499755859375,5,31208,0
1381,1107399,1106.3333740234375,951.8125,7,31208,1
1381,1107400,1170.5833740234375,949.625,4,31209,0
1381,1107401,1150.25,954.8333129882812,2,31209,1
1381,1107402,934.8333129882812,944.4166870117188,2,31210,0
1381,1107403,896.5,943.0,2,31210,1
1381,1107404,982.0,957.5,1,31210,2
1381,1107405,951.125,947.125,5,31211,0
1381,1107406,966.1666870117188,951.0833129882812,2,31211,1
1381,1107407,982.0,957.5,1,31211,2
1381,1107408,1004.5,954.0,1,31211,3
1381,1107409,1004.2000122070312,952.2000122070312,4,31212,0
1381,1107410,988.0,950.0,2,31212,1
1381,1107411,1183.0,945.5,1,31212,2
1381,1107412,982.0,957.5,1,31212,3
1381,1107413,1007.0,954.0,2,31212,4
1381,1107414,621.5,954.5,1,31213,0
1381,1107415,1150.25,954.8333129882812,2,31214,0
1381,1107416,1091.0833740234375,951.5,4,31214,1
1381,1107417,966.1666870117188,951.0833129882812,2,31215,0
1381,1107418,951.125,947.125,5,31215,1
1381,1107419,982.0,957.5,1,31215,2
1381,1107420,1004.5,954.0,1,31215,3
1381,1107421,1150.25,954.8333129882812,2,31216,0
1381,1107422,1132.2083740234375,950.9166870117188,4,31216,1
1381,1107423,1170.5833740234375,949.625,3,31217,0
1381,1107424,1170.25,953.75,2,31217,1
1381,1107425,988.0,950.0,2,31218,0
1381,1107426,1183.0,945.5,1,31218,1
1381,1107427,982.0,957.5,1,31218,2
1381,1107428,1004.2000122070312,952.2000122070312,4,31218,3
1381,1107429,1007.0,954.0,2,31218,4
1381,1107430,934.8333129882812,944.4166870117188,2,31219,0
1381,1107431,896.5,943.0,2,31219,1
1381,1107432,982.0,957.5,1,31220,0
1381,1107433,996.375,951.125,3,31220,1
1381,1107434,1004.5,954.0,2,31220,2
1381,1107435,971.0,945.3333129882812,3,31220,3
1381,1107436,1031.75,954.5,4,31221,0
1381,1107437,1007.0,954.0,2,31221,1
1381,1107438,1105.0833740234375,954.5833129882812,2,31221,2
1381,1107439,351.5,960.0,1,31222,0
1391,1107382,1004.2000122070312,952.2000122070312,4,31203,0
1391,1107383,1007.0,954.0,2,31203,1
1391,1107384,1183.0,945.5,1,31203,2
1391,1107385,988.0,950.0,2,31203,3
1391,1107386,982.0,957.5,1,31203,4
1391,1107387,1170.5833740234375,949.625,3,31204,0
1391,1107388,1203.0,945.25,2,31204,1
1391,1107389,1050.7249755859375,953.3499755859375,5,31205,0
1391,1107390,1004.5,954.0,1,31205,1
1391,1107391,1090.2000732421875,956.4000244140625,5,31205,2
1391,1107392,1007.0,954.0,2,31206,0
1391,1107393,988.0,950.0,2,31206,1
1391,1107394,1004.2000122070312,952.2000122070312,4,31206,2
1391,1107395,982.0,957.5,1,31206,3
1391,1107396,1152.574951171875,950.0,5,31207,0
1391,1107397,1150.25,954.8333129882812,2,31207,1
1391,1107398,1119.425048828125,956.3499755859375,5,31208,0
1391,1107399,1106.3333740234375,951.8125,7,31208,1
1391,1107400,1170.5833740234375,949.625,4,31209,0
1391,1107401,1150.25,954.8333129882812,2,31209,1
1391,1107402,934.8333129882812,944.4166870117188,2,31210,0
1391,1107403,896.5,943.0,2,31210,1
1391,1107404,982.0,957.5,1,31210,2
1391,1107405,951.125,947.125,5,31211,0
1391,1107406,966.1666870117188,951.0833129882812,2,31211,1
1391,1107407,982.0,957.5,1,31211,2
1391,1107408,1004.5,954.0,1,31211,3
1391,1107409,1004.2000122070312,952.2000122070312,4,31212,0
1391,1107410,988.0,950.0,2,31212,1
1391,1107411,1183.0,945.5,1,31212,2
1391,1107412,982.0,957.5,1,31212,3
1391,1107413,1007.0,954.0,2,31212,4
1391,1107414,621.5,954.5,1,31213,0
1391,1107415,1150.25,954.8333129882812,2,31214,0
1391,1107416,1091.0833740234375,951.5,4,31214,1
1391,1107417,966.1666870117188,951.0833129882812,2,31215,0
1391,1107418,951.125,947.125,5,31215,1
1391,1107419,982.0,957.5,1,31215,2
1391,1107420,1004.5,954.0,1,31215,3
1391,1107421,1150.25,954.8333129882812,2,31216,0
1391,1107422,1132.2083740234375,950.9166870117188,4,31216,1
1391,1107423,1170.5833740234375,949.625,3,31217,0
1391,1107424,1170.25,953.75,2,31217,1
1391,1107425,988.0,950.0,2,31218,0
1391,1107426,1183.0,945.5,1,31218,1
1391,1107427,982.0,957.5,1,31218,2
1391,1107428,1004.2000122070312,952.2000122070312,4,31218,3
1391,1107429,1007.0,954.0,2,31218,4
1391,1107430,934.8333129882812,944.4166870117188,2,31219,0
1391,1107431,896.5,943.0,2,31219,1
1391,1107432,982.0,957.5,1,31220,0
1391,1107433,996.375,951.125,3,31220,1
1391,1107434,1004.5,954.0,2,31220,2
1391,1107435,971.0,945.3333129882812,3,31220,3
1391,1107436,1031.75,954.5,4,31221,0
1391,1107437,1007.0,954.0,2,31221,1
1391,1107438,1105.0833740234375,954.5833129882812,2,31221,2
1391,1107439,351.5,960.0,1,31222,0
1401,1107382,1004.2000122070312,952.2000122070312,4,31203,0
1401,1107383,1007.0,954.0,2,31203,1
1401,1107384,1183.0,945.5,1,31203,2
1401,1107385,988.0,950.0,2,31203,3
1401,1107386,982.0,957.5,1,31203,4
1401,1107387,1170.5833740234375,949.625,3,31204,0
1401,1107388,1203.0,945.25,2,31204,1
1401,1107389,1050.7249755859375,953.3499755859375,5,31205,0
1401,1107390,1004.5,954.0,1,31205,1
1401,1107391,1090.2000732421875,956.4000244140625,5,31205,2
1401,1107392,1007.0,954.0,2,31206,0
1401,1107393,988.0,950.0,2,31206,1
1401,1107394,1004.2000122070312,952.2000122070312,4,31206,2
1401,1107395,982.0,957.5,1,31206,3
1401,1107396,1152.574951171875,950.0,5,31207,0
1401,1107397,1150.25,954.8333129882812,2,31207,1
1401,1107398,1119.425048828125,956.3499755859375,5,31208,0
1401,1107399,1106.3333740234375,951.8125,7,31208,1
1401,1107400,1170.5833740234375,949.625,4,31209,0
1401,1107401,1150.25,954.8333129882812,2,31209,1
1401,1107402,934.8333129882812,944.4166870117188,2,31210,0
1401,1107403,896.5,943.0,2,31210,1
1401,1107404,982.0,957.5,1,31210,2
1401,1107405,951.125,947.125,5,31211,0
1401,1107406,966.1666870117188,951.0833129882812,2,31211,1
1401,1107407,982.0,957.5,1,31211,2
1401,1107408,1004.5,954.0,1,31211,3
1401,1107409,1004.2000122070312,952.2000122070312,4,31212,0
1401,1107410,988.0,950.0,2,31212,1
1401,1107411,1183.0,945.5,1,31212,2
1401,1107412,982.0,957.5,1,31212,3
1401,1107413,1007.0,954.0,2,31212,4
1401,1107414,621.5,954.5,1,31213,0
1401,1107415,1150.25,954.8333129882812,2,31214,0
1401,1107416,1091.0833740234375,951.5,4,31214,1
1401,1107417,966.1666870117188,951.0833129882812,2,31215,0
1401,1107418,951.125,947.125,5,31215,1
1401,1107419,982.0,957.5,1,31215,2
1401,1107420,1004.5,954.0,1,31215,3
1401,1107421,1150.25,954.8333129882812,2,31216,0
1401,1107422,1132.2083740234375,950.9166870117188,4,31216,1
1401,1107423,1170.5833740234375,949.625,3,31217,0
1401,1107424,1170.25,953.75,2,31217,1
1401,1107425,988.0,950.0,2,31218,0
1401,1107426,1183.0,945.5,1,31218,1
1401,1107427,982.0,957.5,1,31218,2
1401,1107428,1004.2000122070312,952.2000122070312,4,31218,3
1401,1107429,1007.0,954.0,2,31218,4
1401,1107430,934.8333129882812,944.4166870117188,2,31219,0
1401,1107431,896.5,943.0,2,31219,1
1401,1107432,982.0,957.5,1,31220,0
1401,1107433,996.375,951.125,3,31220,1
1401,1107434,1004.5,954.0,2,31220,2
1401,1107435,971.0,945.3333129882812,3,31220,3
1401,1107436,1031.75,954.5,4,31221,0
1401,1107437,1007.0,954.0,2,31221,1
1401,1107438,1105.0833740234375,954.5833129882812,2,31221,2
1401,1107439,351.5,960.0,1,31222,0
1411,1107382,1004.2000122070312,952.2000122070312,4,31203,0
1411,1107383,1007.0,954.0,2,31203,1
1411,1107384,1183.0,945.5,1,31203,2
1411,1107385,988.0,950.0,2,31203,3
1411,1107386,982.0,957.5,1,31203,4
1411,1107387,1170.5833740234375,949.625,3,31204,0
1411,1107388,1203.0,945.25,2,31204,1
1411,1107389,1050.7249755859375,953.3499755859375,5,31205,0
1411,1107390,1004.5,954.0,1,31205,1
1411,1107391,1090.2000732421875,956.4000244140625,5,31205,2
1411,1107392,1007.0,954.0,2,31206,0
1411,1107393,988.0,950.0,2,31206,1
1411,1107394,1004.2000122070312,952.2000122070312,4,31206,2
1411,1107395,982.0,957.5,1,31206,3
1411,1107396,1152.574951171875,950.0,5,31207,0
1411,1107397,1150.25,954.8333129882812,2,31207,1
1411,1107398,1119.425048828125,956.3499755859375,5,31208,0
1411,1107399,1106.3333740234375,951.8125,7,31208,1
1411,1107400,1170.5833740234375,949.625,4,31209,0
1411,1107401,1150.25,954.8333129882812,2,31209,1
1411,1107402,934.8333129882812,944.4166870117188,2,31210,0
1411,1107403,896.5,943.0,2,31210,1
1411,1107404,982.0,957.5,1,31210,2
1411,1107405,951.125,947.125,5,31211,0
1411,1107406,966.1666870117188,951.0833129882812,2,31211,1
1411,1107407,982.0,957.5,1,31211,2
1411,1107408,1004.5,954.0,1,31211,3
1411,1107409,1004.2000122070312,952.2000122070312,4,31212,0
1411,1107410,988.0,950.0,2,31212,1
1411,1107411,1183.0,945.5,1,31212,2
1411,1107412,982.0,957.5,1,31212,3
1411,1107413,1007.0,954.0,2,31212,4
1411,1107414,621.5,954.5,1,31213,0
1411,1107415,1150.25,954.8333129882812,2,31214,0
1411,1107416,1091.0833740234375,951.5,4,31214,1
1411,1107417,966.1666870117188,951.0833129882812,2,31215,0
1411,1107418,951.125,947.125,5,31215,1
1411,1107419,982.0,957.5,1,31215,2
1411,1107420,1004.5,954.0,1,31215,3
1411,1107421,1150.25,954.8333129882812,2,31216,0
1411,1107422,1132.2083740234375,950.9166870117188,4,31216,1
1411,1107423,1170.5833740234375,949.625,3,31217,0
1411,1107424,1170.25,953.75,2,31217,1
1411,1107425,988.0,950.0,2,31218,0
1411,1107426,1183.0,945.5,1,31218,1
1411,1107427,982.0,957.5,1,31218,2
1411,1107428,1004.2000122070312,952.2000122070312,4,31218,3
1411,1107429,1007.0,954.0,2,31218,4
1411,1107430,934.8333129882812,944.4166870117188,2,31219,0
1411,1107431,896.5,943.0,2,31219,1
1411,1107432,982.0,957.5,1,31220,0
1411,1107433,996.375,951.125,3,31220,1
1411,1107434,1004.5,954.0,2,31220,2
1411,1107435,971.0,945.3333129882812,3,31220,3
1411,1107436,1031.75,954.5,4,31221,0
1411,1107437,1007.0,954.0,2,31221,1
1411,1107438,1105.0833740234375,954.5833129882812,2,31221,2
1411,1107439,351.5,960.0,1,31222,0
1421,1107382,1004.2000122070312,952.2000122070312,4,31203,0
1421,1107383,1007.0,954.0,2,31203,1
1421,1107384,1183.0,945.5,1,31203,2
1421,1107385,988.0,950.0,2,31203,3
1421,1107386,982.0,957.5,1,31203,4
1421,1107387,1170.5833740234375,949.625,3,31204,0
1421,1107388,1203.0,945.25,2,31204,1
1421,1107389,1050.7249755859375,953.3499755859375,5,31205,0
1421,1107390,1004.5,954.0,1,31205,1
1421,1107391,1090.2000732421875,956.4000244140625,5,31205,2
1421,1107392,1007.0,954.0,2,31206,0
1421,1107393,988.0,950.0,2,31206,1
1421,1107394,1004.2000122070312,952.2000122070312,4,31206,2
1421,1107395,982.0,957.5,1,31206,3
1421,1107396,1152.574951171875,950.0,5,31207,0
1421,1107397,1150.25,954.8333129882812,2,31207,1
1421,1107398,1119.425048828125,956.3499755859375,5,31208,0
1421,1107399,1106.3333740234375,951.8125,7,31208,1
1421,1107400,1170.5833740234375,949.625,4,31209,0
1421,1107401,1150.25,954.8333129882812,2,31209,1
1421,1107402,934.8333129882812,944.4166870117188,2,31210,0
1421,1107403,896.5,943.0,2,31210,1
1421,1107404,982.0,957.5,1,31210,2
1421,1107405,951.125,947.125,5,31211,0
1421,1107406,966.1666870117188,951.0833129882812,2,31211,1
1421,1107407,982.0,957.5,1,31211,2
1421,1107408,1004.5,954.0,1,31211,3
1421,1107409,1004.2000122070312,952.2000122070312,4,31212,0
1421,1107410,988.0,950.0,2,31212,1
1421,1107411,1183.0,945.5,1,31212,2
1421,1107412,982.0,957.5,1,31212,3
1421,1107413,1007.0,954.0,2,31212,4
1421,1107414,621.5,954.5,1,31213,0
1421,1107415,1150.25,954.8333129882812,2,31214,0
1421,1107416,1091.0833740234375,951.5,4,31214,1
1421,1107417,966.1666870117188,951.0833129882812,2,31215,0
1421,1107418,951.125,947.125,5,31215,1
1421,1107419,982.0,957.5,1,31215,2
1421,1107420,1004.5,954.0,1,31215,3
1421,1107421,1150.25,954.8333129882812,2,31216,0
1421,1107422,1132.2083740234375,950.9166870117188,4,31216,1
1421,1107423,1170.5833740234375,949.625,3,31217,0
1421,1107424,1170.25,953.75,2,31217,1
1421,1107425,988.0,950.0,2,31218,0
1421,1107426,1183.0,945.5,1,31218,1
1421,1107427,982.0,957.5,1,31218,2
1421,1107428,1004.2000122070312,952.2000122070312,4,31218,3
1421,1107429,1007.0,954.0,2,31218,4
1421,1107430,934.8333129882812,944.4166870117188,2,31219,0
1421,1107431,896.5,943.0,2,31219,1
1421,1107432,982.0,957.5,1,31220,0
1421,1107433,996.375,951.125,3,31220,1
1421,1107434,1004.5,954.0,2,31220,2
1421,1107435,971.0,945.3333129882812,3,31220,3
1421,1107436,1031.75,954.5,4,31221,0
1421,1107437,1007.0,954.0,2,31221,1
1421,1107438,1105.0833740234375,954.5833129882812,2,31221,2
1421,1107439,351.5,960.0,1,31222,0
1431,1107382,1004.2000122070312,952.2000122070312,4,31203,0
1431,1107383,1007.0,954.0,2,31203,1
1431,1107384,1183.0,945.5,1,31203,2
1431,1107385,988.0,950.0,2,31203,3
1431,1107386,982.0,957.5,1,31203,4
1431,1107387,1170.5833740234375,949.625,3,31204,0
1431,1107388,1203.0,945.25,2,31204,1
1431,1107389,1050.7249755859375,953.3499755859375,5,31205,0
1431,1107390,1004.5,954.0,1,31205,1
1431,1107391,1090.2000732421875,956.4000244140625,5,31205,2
1431,1107392,1007.0,954.0,2,31206,0
1431,1107393,988.0,950.0,2,31206,1
1431,1107394,1004.2000122070312,952.2000122070312,4,31206,2
1431,1107395,982.0,957.5,1,31206,3
1431,1107396,1152.574951171875,950.0,5,31207,0
1431,1107397,1150.25,954.8333129882812,2,31207,1
1431,1107398,1119.425048828125,956.3499755859375,5,31208,0
1431,1107399,1106.3333740234375,951.8125,7,31208,1
1431,1107400,1170.5833740234375,949.625,4,31209,0
1431,1107401,1150.25,954.8333129882812,2,31209,1
1431,1107402,934.8333129882812,944.4166870117188,2,31210,0
1431,1107403,896.5,943.0,2,31210,1
1431,1107404,982.0,957.5,1,31210,2
1431,1107405,951.125,947.125,5,31211,0
1431,1107406,966.1666870117188,951.0833129882812,2,31211,1
1431,1107407,982.0,957.5,1,31211,2
1431,1107408,1004.5,954.0,1,31211,3
1431,1107409,1004.2000122070312,952.2000122070312,4,31212,0
1431,1107410,988.0,950.0,2,31212,1
1431,1107411,1183.0,945.5,1,31212,2
1431,1107412,982.0,957.5,1,31212,3
1431,1107413,1007.0,954.0,2,31212,4
1431,1107414,621.5,954.5,1,31213,0
1431,1107415,1150.25,954.8333129882812,2,31214,0
1431,1107416,1091.0833740234375,951.5,4,31214,1
1431,1107417,966.1666870117188,951.0833129882812,2,31215,0
1431,1107418,951.125,947.125,5,31215,1
1431,1107419,982.0,957.5,1,31215,2
1431,1107420,1004.5,954.0,1,31215,3
1431,1107421,1150.25,954.8333129882812,2,31216,0
1431,1107422,1132.2083740234375,950.9166870117188,4,31216,1
1431,1107423,1170.5833740234375,949.625,3,31217,0
1431,1107424,1170.25,953.75,2,31217,1
1431,1107425,988.0,950.0,2,31218,0
1431,1107426,1183.0,945.5,1,31218,1
1431,1107427,982.0,957.5,1,31218,2
1431,1107428,1004.2000122070312,952.2000122070312,4,31218,3
1431,1107429,1007.0,954.0,2,31218,4
1431,1107430,934.8333129882812,944.4166870117188,2,31219,0
1431,1107431,896.5,943.0,2,31219,1
1431,1107432,982.0,957.5,1,31220,0
1431,1107433,996.375,951.125,3,31220,1
1431,1107434,1004.5,954.0,2,31220,2
1431,1107435,971.0,945.3333129882812,3,31220,3
1431,1107436,1031.75,954.5,4,31221,0
1431,1107437,1007.0,954.0,2,31221,1
1431,1107438,1105.0833740234375,954.5833129882812,2,31221,2
1431,1107439,351.5,960.0,1,31222,0
1441,1107382,1004.2000122070312,952.2000122070312,4,31203,0
1441,1107383,1007.0,954.0,2,31203,1
1441,1107384,1183.0,945.5,1,31203,2
1441,1107385,988.0,950.0,2,31203,3
1441,1107386,982.0,957.5,1,31203,4
1441,1107387,1170.5833740234375,949.625,3,31204,0
1441,1107388,1203.0,945.25,2,31204,1
1441,1107389,1050.7249755859375,953.3499755859375,5,31205,0
1441,1107390,1004.5,954.0,1,31205,1
1441,1107391,1090.2000732421875,956.4000244140625,5,31205,2
1441,1107392,1007.0,954.0,2,31206,0
1441,1107393,988.0,950.0,2,31206,1
1441,1107394,1004.2000122070312,952.2000122070312,4,31206,2
1441,1107395,982.0,957.5,1,31206,3
1441,1107396,1152.574951171875,950.0,5,31207,0
1441,1107397,1150.25,954.8333129882812,2,31207,1
1441,1107398,1119.425048828125,956.3499755859375,5,31208,0
1441,1107399,1106.3333740234375,951.8125,7,31208,1
1441,1107400,1170.5833740234375,949.625,4,31209,0
1441,1107401,1150.25,954.8333129882812,2,31209,1
1441,1107402,934.8333129882812,944.4166870117188,2,31210,0
1441,1107403,896.5,943.0,2,31210,1
1441,1107404,982.0,957.5,1,31210,2
1441,1107405,951.125,947.125,5,31211,0
1441,1107406,966.1666870117188,951.0833129882812,2,31211,1
1441,1107407,982.0,957.5,1,31211,2
1441,1107408,1004.5,954.0,1,31211,3
1441,1107409,1004.2000122070312,952.2000122070312,4,31212,0
1441,1107410,988.0,950.0,2,31212,1
1441,1107411,1183.0,945.5,1,31212,2
1441,1107412,982.0,957.5,1,31212,3
1441,1107413,1007.0,954.0,2,31212,4
1441,1107414,621.5,954.5,1,31213,0
1441,1107415,1150.25,954.8333129882812,2,31214,0
1441,1107416,1091.0833740234375,951.5,4,31214,1
1441,1107417,966.1666870117188,951.0833129882812,2,31215,0
1441,1107418,951.125,947.125,5,31215,1
1441,1107419,982.0,957.5,1,31215,2
1441,1107420,1004.5,954.0,1,31215,3
1441,1107421,1150.25,954.8333129882812,2,31216,0
1441,1107422,1132.2083740234375,950.9166870117188,4,31216,1
1441,1107423,1170.5833740234375,949.625,3,31217,0
1441,1107424,1170.25,953.75,2,31217,1
1441,1107425,988.0,950.0,2,31218,0
1441,1107426,1183.0,945.5,1,31218,1
1441,1107427,982.0,957.5,1,31218,2
1441,1107428,1004.2000122070312,952.2000122070312,4,31218,3
1441,1107429,1007.0,954.0,2,31218,4
1441,1107430,934.8333129882812,944.4166870117188,2,31219,0
1441,1107431,896.5,943.0,2,31219,1
1441,1107432,982.0,957.5,1,31220,0
1441,1107433,996.375,951.125,3,31220,1
1441,1107434,1004.5,954.0,2,31220,2
1441,1107435,971.0,945.3333129882812,3,31220,3
1441,1107436,1031.75,954.5,4,31221,0
1441,1107437,1007.0,954.0,2,31221,1
1441,1107438,1105.0833740234375,954.5833129882812,2,31221,2
1441,1107439,351.5,960.0,1,31222,0
1451,1107382,1004.2000122070312,952.2000122070312,4,31203,0
1451,1107383,1007.0,954.0,2,31203,1
1451,1107384,1183.0,945.5,1,31203,2
1451,1107385,988.0,950.0,2,31203,3
1451,1107386,982.0,957.5,1,31203,4
1451,1107387,1170.5833740234375,949.625,3,31204,0
1451,1107388,1203.0,945.25,2,31204,1
1451,1107389,1050.7249755859375,953.3499755859375,5,31205,0
1451,1107390,1004.5,954.0,1,31205,1
1451,1107391,1090.2000732421875,956.4000244140625,5,31205,2
1451,1107392,1007.0,954.0,2,31206,0
1451,1107393,988.0,950.0,2,31206,1
1451,1107394,1004.2000122070312,952.2000122070312,4,31206,2
1451,1107395,982.0,957.5,1,31206,3
1451,1107396,1152.574951171875,950.0,5,31207,0
1451,1107397,1150.25,954.8333129882812,2,31207,1
1451,1107398,1119.425048828125,956.3499755859375,5,31208,0
1451,1107399,1106.3333740234375,951.8125,7,31208,1
1451,1107400,1170.5833740234375,949.625,4,31209,0
1451,1107401,1150.25,954.8333129882812,2,31209,1
1451,1107402,934.8333129882812,944.4166870117188,2,31210,0
1451,1107403,896.5,943.0,2,31210,1
1451,1107404,982.0,957.5,1,31210,2
1451,1107405,951.125,947.125,5,31211,0
1451,1107406,966.1666870117188,951.0833129882812,2,31211,1
1451,1107407,982.0,957.5,1,31211,2
1451,1107408,1004.5,954.0,1,31211,3
1451,1107409,1004.2000122070312,952.2000122070312,4,31212,0
1451,1107410,988.0,950.0,2,31212,1
1451,1107411,1183.0,945.5,1,31212,2
1451,1107412,982.0,957.5,1,31212,3
1451,1107413,1007.0,954.0,2,31212,4
1451,1107414,621.5,954.5,1,31213,0
1451,1107415,1150.25,954.8333129882812,2,31214,0
1451,1107416,1091.0833740234375,951.5,4,31214,1
1451,1107417,966.1666870117188,951.0833129882812,2,31215,0
1451,1107418,951.125,947.125,5,31215,1
1451,1107419,982.0,957.5,1,31215,2
1451,1107420,1004.5,954.0,1,31215,3
1451,1107421,1150.25,954.8333129882812,2,31216,0
1451,1107422,1132.2083740234375,950.9166870117188,4,31216,1
1451,1107423,1170.5833740234375,949.625,3,31217,0
1451,1107424,1170.25,953.75,2,31217,1
1451,1107425,988.0,950.0,2,31218,0
1451,1107426,1183.0,945.5,1,31218,1
1451,1107427,982.0,957.5,1,31218,2
1451,1107428,1004.2000122070312,952.2000122070312,4,31218,3
1451,1107429,1007.0,954.0,2,31218,4
1451,1107430,934.8333129882812,944.4166870117188,2,31219,0
1451,1107431,896.5,943.0,2,31219,1
1451,1107432,982.0,957.5,1,31220,0
1451,1107433,996.375,951.125,3,31220,1
1451,1107434,1004.5,954.0,2,31220,2
1451,1107435,971.0,945.3333129882812,3,31220,3
1451,1107436,1031.75,954.5,4,31221,0
1451,1107437,1007.0,954.0,2,31221,1
1451,1107438,1105.0833740234375,954.5833129882812,2,31221,2
1451,1107439,351.5,960.0,1,31222,0
1461,1107382,1007.2000122070312,952.36669921875,3,31203,0
1461,1107383,1009.0,955.0,2,31203,1
1461,1107384,1176.0,946.5,1,31203,2
1461,1107385,989.0,949.5,3,31203,3
1461,1107386,979.5,959.0,1,31203,4
1461,1107387,1209.8333740234375,949.375,2,31204,0
1461,1107388,1231.0,944.75,2,31204,1
1461,1107389,1061.625,953.3499755859375,5,31205,0
1461,1107390,1002.5,955.0,1,31205,1
1461,1107391,1092.5001220703125,956.9000244140625,5,31205,2
1461,1107392,1009.0,955.0,2,31206,0
1461,1107393,989.0,949.5,3,31206,1
1461,1107394,1007.2000122070312,952.36669921875,3,31206,2
1461,1107395,979.5,959.0,1,31206,3
1461,1107396,1173.699951171875,950.125,4,31207,0
1461,1107397,1146.5,955.0833129882812,2,31207,1
1461,1107398,1120.425048828125,956.5999755859375,4,31208,0
1461,1107399,1132.933349609375,951.6124877929688,5,31208,1
1461,1107400,1196.0833740234375,949.625,3,31209,0
1461,1107401,1146.5,955.0833129882812,2,31209,1
1461,1107402,936.8333129882812,943.4166870117188,2,31210,0
1461,1107403,884.0,942.0,2,31210,1
1461,1107404,979.5,959.0,1,31210,2
1461,1107405,945.375,946.25,4,31211,0
1461,1107406,966.4166870117188,951.3333129882812,2,31211,1
1461,1107407,979.5,959.0,1,31211,2
1461,1107408,1004.75,954.25,2,31211,3
1461,1107409,1007.2000122070312,952.36669921875,3,31212,0
1461,1107410,989.0,949.5,3,31212,1
1461,1107411,1176.0,946.5,1,31212,2
1461,1107412,979.5,959.0,1,31212,3
1461,1107413,1009.0,955.0,2,31212,4
1461,1107414,564.5,918.0,1,31213,0
1461,1107415,1150.4166259765625,955.1666259765625,3,31214,0
1461,1107416,1113.416748046875,951.3333129882812,3,31214,1
1461,1107417,966.4166870117188,951.3333129882812,2,31215,0
1461,1107418,945.375,946.25,4,31215,1
1461,1107419,979.5,959.0,1,31215,2
1461,1107420,1004.75,954.25,2,31215,3
1461,1107421,1150.4166259765625,955.1666259765625,3,31216,0
1461,1107422,1157.7083740234375,950.9166870117188,3,31216,1
1461,1107423,1209.8333740234375,949.375,2,31217,0
1461,1107424,1166.5,954.0,2,31217,1
1461,1107425,989.0,949.5,3,31218,0
1461,1107426,1176.0,946.5,1,31218,1
1461,1107427,979.5,959.0,1,31218,2
1461,1107428,1007.2000122070312,952.36669921875,3,31218,3
1461,1107429,1009.0,955.0,2,31218,4
1461,1107430,936.8333129882812,943.4166870117188,2,31219,0
1461,1107431,884.0,942.0,2,31219,1
1461,1107432,979.5,959.0,1,31220,0
1461,1107433,999.625,951.625,2,31220,1
1461,1107434,1005.25,953.75,4,31220,2
1461,1107435,973.0,945.0833129882812,2,31220,3
1461,1107436,1034.5833740234375,954.8333129882812,3,31221,0
1461,1107437,1006.0,955.0,3,31221,1
1461,1107438,1104.3333740234375,954.8333129882812,2,31221,2
1461,1107439,333.0,960.0,1,31222,0
1481,1107440,999.6666870117188,954.8333129882812,3,31223,0
1481,1107441,1040.4375,955.25,8,31223,1
1481,1107442,1219.5,947.0,1,31224,0
1481,1107443,1094.0,951.5,1,31224,1
1481,1107444,1021.5,955.5999755859375,5,31225,0
1481,1107445,1023.25,954.0,4,31225,1
1481,1107446,999.5714111328125,955.0,7,31226,0
1481,1107447,999.6666870117188,954.8333129882812,3,31226,1
1481,1107448,999.5714111328125,955.0,7,31227,0
1481,1107449,1023.25,954.0,4,31227,1
1481,1107450,976.9166870117188,954.75,6,31228,0
1481,1107451,982.5,953.5,1,31228,1
1481,1107452,942.5,953.0,3,31229,0
1481,1107453,836.5,922.5,1,31229,1
1481,1107454,984.25,953.75,2,31229,2
1481,1107455,999.5714111328125,955.0,7,31230,0
1481,1107456,836.5,922.5,1,31230,1
1481,1107457,999.6666870117188,954.8333129882812,3,31230,2
1481,1107458,836.5,922.5,1,31231,0
1481,1107459,970.8333129882812,954.0,3,31231,1
1481,1107460,1088.6666259765625,954.6666870117188,3,31232,0
1481,1107461,1062.25,954.25,2,31232,1
1481,1107462,999.6666870117188,954.8333129882812,3,31233,0
1481,1107463,1002.7857055664062,955.1428833007812,7,31233,1
1481,1107464,1088.6666259765625,954.6666870117188,3,31234,0
1481,1107465,1062.25,954.25,2,31234,1
1481,1107466,1302.5,946.5,1,31235,0
1481,1107467,1653.5,883.0,1,31235,1
1481,1107468,1653.5,883.0,1,31236,0
1481,1107469,1094.0,951.5,1,31236,1
1481,1107470,1302.5,946.5,1,31236,2
1481,1107471,1040.4375,955.25,8,31237,0
1481,1107472,999.6666870117188,954.8333129882812,3,31237,1
1481,1107473,983.6428833007812,954.9285888671875,7,31238,0
1481,1107474,999.6666870117188,954.8333129882812,3,31238,1
1481,1107475,836.5,922.5,1,31238,2
1481,1107476,1094.0,951.5,1,31239,0
1481,1107477,1219.5,947.0,1,31239,1
1481,1107478,1082.625,954.375,4,31239,2
1481,1107479,1653.5,883.0,1,31239,3
1481,1107480,999.6666870117188,954.8333129882812,3,31240,0
1481,1107481,991.875,954.625,8,31240,1
1491,1107440,999.6666870117188,954.8333129882812,3,31223,0
1491,1107441,1040.4375,955.25,8,31223,1
1491,1107442,1219.5,947.0,1,31224,0
1491,1107443,1094.0,951.5,1,31224,1
1491,1107444,1021.5,955.5999755859375,5,31225,0
1491,1107445,1023.25,954.0,4,31225,1
1491,1107446,999.5714111328125,955.0,7,31226,0
1491,1107447,999.6666870117188,954.8333129882812,3,31226,1
1491,1107448,999.5714111328125,955.0,7,31227,0
1491,1107449,1023.25,954.0,4,31227,1
1491,1107450,976.9166870117188,954.75,6,31228,0
1491,1107451,982.5,953.5,1,31228,1
1491,1107452,942.5,953.0,3,31229,0
1491,1107453,836.5,922.5,1,31229,1
1491,1107454,984.25,953.75,2,31229,2
1491,1107455,999.5714111328125,955.0,7,31230,0
1491,1107456,836.5,922.5,1,31230,1
1491,1107457,999.6666870117188,954.8333129882812,3,31230,2
1491,1107458,836.5,922.5,1,31231,0
1491,1107459,970.8333129882812,954.0,3,31231,1
1491,1107460,1088.6666259765625,954.6666870117188,3,31232,0
1491,1107461,1062.25,954.25,2,31232,1
1491,1107462,999.6666870117188,954.8333129882812,3,31233,0
1491,1107463,1002.7857055664062,955.1428833007812,7,31233,1
1491,1107464,1088.6666259765625,954.6666870117188,3,31234,0
1491,1107465,1062.25,954.25,2,31234,1
1491,1107466,1302.5,946.5,1,31235,0
1491,1107467,1653.5,883.0,1,31235,1
1491,1107468,1653.5,883.0,1,31236,0
1491,1107469,1094.0,951.5,1,31236,1
1491,1107470,1302.5,946.5,1,31236,2
1491,1107471,1040.4375,955.25,8,31237,0
1491,1107472,999.6666870117188,954.8333129882812,3,31237,1
1491,1107473,983.6428833007812,954.9285888671875,7,31238,0
1491,1107474,999.6666870117188,954.8333129882812,3,31238,1
1491,1107475,836.5,922.5,1,31238,2
1491,1107476,1094.0,951.5,1,31239,0
1491,1107477,1219.5,947.0,1,31239,1
1491,1107478,1082.625,954.375,4,31239,2
1491,1107479,1653.5,883.0,1,31239,3
1491,1107480,999.6666870117188,954.8333129882812,3,31240,0
1491,1107481,991.875,954.625,8,31240,1
1501,1107440,999.6666870117188,954.8333129882812,3,31223,0
1501,1107441,1040.4375,955.25,8,31223,1
1501,1107442,1219.5,947.0,1,31224,0
1501,1107443,1094.0,951.5,1,31224,1
1501,1107444,1021.5,955.5999755859375,5,31225,0
1501,1107445,1023.25,954.0,4,31225,1
1501,1107446,999.5714111328125,955.0,7,31226,0
1501,1107447,999.6666870117188,954.8333129882812,3,31226,1
1501,1107448,999.5714111328125,955.0,7,31227,0
1501,1107449,1023.25,954.0,4,31227,1
1501,1107450,976.9166870117188,954.75,6,31228,0
1501,1107451,982.5,953.5,1,31228,1
1501,1107452,942.5,953.0,3,31229,0
1501,1107453,836.5,922.5,1,31229,1
1501,1107454,984.25,953.75,2,31229,2
1501,1107455,999.5714111328125,955.0,7,31230,0
1501,1107456,836.5,922.5,1,31230,1
1501,1107457,999.6666870117188,954.8333129882812,3,31230,2
1501,1107458,836.5,922.5,1,31231,0
1501,1107459,970.8333129882812,954.0,3,31231,1
1501,1107460,1088.6666259765625,954.6666870117188,3,31232,0
1501,1107461,1062.25,954.25,2,31232,1
1501,1107462,999.6666870117188,954.8333129882812,3,31233,0
1501,1107463,1002.7857055664062,955.1428833007812,7,31233,1
1501,1107464,1088.6666259765625,954.6666870117188,3,31234,0
1501,1107465,1062.25,954.25,2,31234,1
1501,1107466,1302.5,946.5,1,31235,0
1501,1107467,1653.5,883.0,1,31235,1
1501,1107468,1653.5,883.0,1,31236,0
1501,1107469,1094.0,951.5,1,31236,1
1501,1107470,1302.5,946.5,1,31236,2
1501,1107471,1040.4375,955.25,8,31237,0
1501,1107472,999.6666870117188,954.8333129882812,3,31237,1
1501,1107473,983.6428833007812,954.9285888671875,7,31238,0
1501,1107474,999.6666870117188,954.8333129882812,3,31238,1
1501,1107475,836.5,922.5,1,31238,2
1501,1107476,1094.0,951.5,1,31239,0
1501,1107477,1219.5,947.0,1,31239,1
1501,1107478,1082.625,954.375,4,31239,2
1501,1107479,1653.5,883.0,1,31239,3
1501,1107480,999.6666870117188,954.8333129882812,3,31240,0
1501,1107481,991.875,954.625,8,31240,1
1511,1107440,999.6666870117188,954.8333129882812,3,31223,0
1511,1107441,1040.4375,955.25,8,31223,1
1511,1107442,1219.5,947.0,1,31224,0
1511,1107443,1094.0,951.5,1,31224,1
1511,1107444,1021.5,955.5999755859375,5,31225,0
1511,1107445,1023.25,954.0,4,31225,1
1511,1107446,999.5714111328125,955.0,7,31226,0
1511,1107447,999.6666870117188,954.8333129882812,3,31226,1
1511,1107448,999.5714111328125,955.0,7,31227,0
1511,1107449,1023.25,954.0,4,31227,1
1511,1107450,976.9166870117188,954.75,6,31228,0
1511,1107451,982.5,953.5,1,31228,1
1511,1107452,942.5,953.0,3,31229,0
1511,1107453,836.5,922.5,1,31229,1
1511,1107454,984.25,953.75,2,31229,2
1511,1107455,999.5714111328125,955.0,7,31230,0
1511,1107456,836.5,922.5,1,31230,1
1511,1107457,999.6666870117188,954.8333129882812,3,31230,2
1511,1107458,836.5,922.5,1,31231,0
1511,1107459,970.8333129882812,954.0,3,31231,1
1511,1107460,1088.6666259765625,954.6666870117188,3,31232,0
1511,1107461,1062.25,954.25,2,31232,1
1511,1107462,999.6666870117188,954.8333129882812,3,31233,0
1511,1107463,1002.7857055664062,955.1428833007812,7,31233,1
1511,1107464,1088.6666259765625,954.6666870117188,3,31234,0
1511,1107465,1062.25,954.25,2,31234,1
1511,1107466,1302.5,946.5,1,31235,0
1511,1107467,1653.5,883.0,1,31235,1
1511,1107468,1653.5,883.0,1,31236,0
1511,1107469,1094.0,951.5,1,31236,1
1511,1107470,1302.5,946.5,1,31236,2
1511,1107471,1040.4375,955.25,8,31237,0
1511,1107472,999.6666870117188,954.8333129882812,3,31237,1
1511,1107473,983.6428833007812,954.9285888671875,7,31238,0
1511,1107474,999.6666870117188,954.8333129882812,3,31238,1
1511,1107475,836.5,922.5,1,31238,2
1511,1107476,1094.0,951.5,1,31239,0
1511,1107477,1219.5,947.0,1,31239,1
1511,1107478,1082.625,954.375,4,31239,2
1511,1107479,1653.5,883.0,1,31239,3
1511,1107480,999.6666870117188,954.8333129882812,3,31240,0
1511,1107481,991.875,954.625,8,31240,1
1521,1107440,999.6666870117188,954.8333129882812,3,31223,0
1521,1107441,1040.4375,955.25,8,31223,1
1521,1107442,1219.5,947.0,1,31224,0
1521,1107443,1094.0,951.5,1,31224,1
1521,1107444,1021.5,955.5999755859375,5,31225,0
1521,1107445,1023.25,954.0,4,31225,1
1521,1107446,999.5714111328125,955.0,7,31226,0
1521,1107447,999.6666870117188,954.8333129882812,3,31226,1
1521,1107448,999.5714111328125,955.0,7,31227,0
1521,1107449,1023.25,954.0,4,31227,1
1521,1107450,976.9166870117188,954.75,6,31228,0
1521,1107451,982.5,953.5,1,31228,1
1521,1107452,942.5,953.0,3,31229,0
1521,1107453,836.5,922.5,1,31229,1
1521,1107454,984.25,953.75,2,31229,2
1521,1107455,999.5714111328125,955.0,7,31230,0
1521,1107456,836.5,922.5,1,31230,1
1521,1107457,999.6666870117188,954.8333129882812,3,31230,2
1521,1107458,836.5,922.5,1,31231,0
1521,1107459,970.8333129882812,954.0,3,31231,1
1521,1107460,1088.6666259765625,954.6666870117188,3,31232,0
1521,1107461,1062.25,954.25,2,31232,1
1521,1107462,999.6666870117188,954.8333129882812,3,31233,0
1521,1107463,1002.7857055664062,955.1428833007812,7,31233,1
1521,1107464,1088.6666259765625,954.6666870117188,3,31234,0
1521,1107465,1062.25,954.25,2,31234,1
1521,1107466,1302.5,946.5,1,31235,0
1521,1107467,1653.5,883.0,1,31235,1
1521,1107468,1653.5,883.0,1,31236,0
1521,1107469,1094.0,951.5,1,31236,1
1521,1107470,1302.5,946.5,1,31236,2
1521,1107471,1040.4375,955.25,8,31237,0
1521,1107472,999.6666870117188,954.8333129882812,3,31237,1
1521,1107473,983.6428833007812,954.9285888671875,7,31238,0
1521,1107474,999.6666870117188,954.8333129882812,3,31238,1
1521,1107475,836.5,922.5,1,31238,2
1521,1107476,1094.0,951.5,1,31239,0
1521,1107477,1219.5,947.0,1,31239,1
1521,1107478,1082.625,954.375,4,31239,2
1521,1107479,1653.5,883.0,1,31239,3
1521,1107480,999.6666870117188,954.8333129882812,3,31240,0
1521,1107481,991.875,954.625,8,31240,1
1531,1107440,999.6666870117188,954.8333129882812,3,31223,0
1531,1107441,1040.4375,955.25,8,31223,1
1531,1107442,1219.5,947.0,1,31224,0
1531,1107443,1094.0,951.5,1,31224,1
1531,1107444,1021.5,955.5999755859375,5,31225,0
1531,1107445,1023.25,954.0,4,31225,1
1531,1107446,999.5714111328125,955.0,7,31226,0
1531,1107447,999.6666870117188,954.8333129882812,3,31226,1
1531,1107448,999.5714111328125,955.0,7,31227,0
1531,1107449,1023.25,954.0,4,31227,1
1531,1107450,976.9166870117188,954.75,6,31228,0
1531,1107451,982.5,953.5,1,31228,1
1531,1107452,942.5,953.0,3,31229,0
1531,1107453,836.5,922.5,1,31229,1
1531,1107454,984.25,953.75,2,31229,2
1531,1107455,999.5714111328125,955.0,7,31230,0
1531,1107456,836.5,922.5,1,31230,1
1531,1107457,999.6666870117188,954.8333129882812,3,31230,2
1531,1107458,836.5,922.5,1,31231,0
1531,1107459,970.8333129882812,954.0,3,31231,1
1531,1107460,1088.6666259765625,954.6666870117188,3,31232,0
1531,1107461,1062.25,954.25,2,31232,1
1531,1107462,999.6666870117188,954.8333129882812,3,31233,0
1531,1107463,1002.7857055664062,955.1428833007812,7,31233,1
1531,1107464,1088.6666259765625,954.6666870117188,3,31234,0
1531,1107465,1062.25,954.25,2,31234,1
1531,1107466,1302.5,946.5,1,31235,0
1531,1107467,1653.5,883.0,1,31235,1
1531,1107468,1653.5,883.0,1,31236,0
1531,1107469,1094.0,951.5,1,31236,1
1531,1107470,1302.5,946.5,1,31236,2
1531,1107471,1040.4375,955.25,8,31237,0
1531,1107472,999.6666870117188,954.8333129882812,3,31237,1
1531,1107473,983.6428833007812,954.9285888671875,7,31238,0
1531,1107474,999.6666870117188,954.8333129882812,3,31238,1
1531,1107475,836.5,922.5,1,31238,2
1531,1107476,1094.0,951.5,1,31239,0
1531,1107477,1219.5,947.0,1,31239,1
1531,1107478,1082.625,954.375,4,31239,2
1531,1107479,1653.5,883.0,1,31239,3
1531,1107480,999.6666870117188,954.8333129882812,3,31240,0
1531,1107481,991.875,954.625,8,31240,1
1541,1107440,999.6666870117188,954.8333129882812,3,31223,0
1541,1107441,1040.4375,955.25,8,31223,1
1541,1107442,1219.5,947.0,1,31224,0
1541,1107443,1094.0,951.5,1,31224,1
1541,1107444,1021.5,955.5999755859375,5,31225,0
1541,1107445,1023.25,954.0,4,31225,1
1541,1107446,999.5714111328125,955.0,7,31226,0
1541,1107447,999.6666870117188,954.8333129882812,3,31226,1
1541,1107448,999.5714111328125,955.0,7,31227,0
1541,1107449,1023.25,954.0,4,31227,1
1541,1107450,976.9166870117188,954.75,6,31228,0
1541,1107451,982.5,953.5,1,31228,1
1541,1107452,942.5,953.0,3,31229,0
1541,1107453,836.5,922.5,1,31229,1
1541,1107454,984.25,953.75,2,31229,2
1541,1107455,999.5714111328125,955.0,7,31230,0
1541,1107456,836.5,922.5,1,31230,1
1541,1107457,999.6666870117188,954.8333129882812,3,31230,2
1541,1107458,836.5,922.5,1,31231,0
1541,1107459,970.8333129882812,954.0,3,31231,1
1541,1107460,1088.6666259765625,954.6666870117188,3,31232,0
1541,1107461,1062.25,954.25,2,31232,1
1541,1107462,999.6666870117188,954.8333129882812,3,31233,0
1541,1107463,1002.7857055664062,955.1428833007812,7,31233,1
1541,1107464,1088.6666259765625,954.6666870117188,3,31234,0
1541,1107465,1062.25,954.25,2,31234,1
1541,1107466,1302.5,946.5,1,31235,0
1541,1107467,1653.5,883.0,1,31235,1
1541,1107468,1653.5,883.0,1,31236,0
1541,1107469,1094.0,951.5,1,31236,1
1541,1107470,1302.5,946.5,1,31236,2
1541,1107471,1040.4375,955.25,8,31237,0
1541,1107472,999.6666870117188,954.8333129882812,3,31237,1
1541,1107473,983.6428833007812,954.9285888671875,7,31238,0
1541,1107474,999.6666870117188,954.8333129882812,3,31238,1
1541,1107475,836.5,922.5,1,31238,2
1541,1107476,1094.0,951.5,1,31239,0
1541,1107477,1219.5,947.0,1,31239,1
1541,1107478,1082.625,954.375,4,31239,2
1541,1107479,1653.5,883.0,1,31239,3
1541,1107480,999.6666870117188,954.8333129882812,3,31240,0
1541,1107481,991.875,954.625,8,31240,1
1551,1107440,999.6666870117188,954.8333129882812,3,31223,0
1551,1107441,1040.4375,955.25,8,31223,1
1551,1107442,1219.5,947.0,1,31224,0
1551,1107443,1094.0,951.5,1,31224,1
1551,1107444,1021.5,955.5999755859375,5,31225,0
1551,1107445,1023.25,954.0,4,31225,1
1551,1107446,999.5714111328125,955.0,7,31226,0
1551,1107447,999.6666870117188,954.8333129882812,3,31226,1
1551,1107448,999.5714111328125,955.0,7,31227,0
1551,1107449,1023.25,954.0,4,31227,1
1551,1107450,976.9166870117188,954.75,6,31228,0
1551,1107451,982.5,953.5,1,31228,1
1551,1107452,942.5,953.0,3,31229,0
1551,1107453,836.5,922.5,1,31229,1
1551,1107454,984.25,953.75,2,31229,2
1551,1107455,999.5714111328125,955.0,7,31230,0
1551,1107456,836.5,922.5,1,31230,1
1551,1107457,999.6666870117188,954.8333129882812,3,31230,2
1551,1107458,836.5,922.5,1,31231,0
1551,1107459,970.8333129882812,954.0,3,31231,1
1551,1107460,1088.6666259765625,954.6666870117188,3,31232,0
1551,1107461,1062.25,954.25,2,31232,1
1551,1107462,999.6666870117188,954.8333129882812,3,31233,0
1551,1107463,1002.7857055664062,955.1428833007812,7,31233,1
1551,1107464,1088.6666259765625,954.6666870117188,3,31234,0
1551,1107465,1062.25,954.25,2,31234,1
1551,1107466,1302.5,946.5,1,31235,0
1551,1107467,1653.5,883.0,1,31235,1
1551,1107468,1653.5,883.0,1,31236,0
1551,1107469,1094.0,951.5,1,31236,1
1551,1107470,1302.5,946.5,1,31236,2
1551,1107471,1040.4375,955.25,8,31237,0
1551,1107472,999.6666870117188,954.8333129882812,3,31237,1
1551,1107473,983.6428833007812,954.9285888671875,7,31238,0
1551,1107474,999.6666870117188,954.8333129882812,3,31238,1
1551,1107475,836.5,922.5,1,31238,2
1551,1107476,1094.0,951.5,1,31239,0
1551,1107477,1219.5,947.0,1,31239,1
1551,1107478,1082.625,954.375,4,31239,2
1551,1107479,1653.5,883.0,1,31239,3
1551,1107480,999.6666870117188,954.8333129882812,3,31240,0
1551,1107481,991.875,954.625,8,31240,1
1561,1107440,999.6666870117188,954.8333129882812,3,31223,0
1561,1107441,1040.4375,955.25,8,31223,1
1561,1107442,1219.5,947.0,1,31224,0
1561,1107443,1094.0,951.5,1,31224,1
1561,1107444,1021.5,955.5999755859375,5,31225,0
1561,1107445,1023.25,954.0,4,31225,1
1561,1107446,999.5714111328125,955.0,7,31226,0
1561,1107447,999.6666870117188,954.8333129882812,3,31226,1
1561,1107448,999.5714111328125,955.0,7,31227,0
1561,1107449,1023.25,954.0,4,31227,1
1561,1107450,976.9166870117188,954.75,6,31228,0
1561,1107451,982.5,953.5,1,31228,1
1561,1107452,942.5,953.0,3,31229,0
1561,1107453,836.5,922.5,1,31229,1
1561,1107454,984.25,953.75,2,31229,2
1561,1107455,999.5714111328125,955.0,7,31230,0
1561,1107456,836.5,922.5,1,31230,1
1561,1107457,999.6666870117188,954.8333129882812,3,31230,2
1561,1107458,836.5,922.5,1,31231,0
1561,1107459,970.8333129882812,954.0,3,31231,1
1561,1107460,1088.6666259765625,954.6666870117188,3,31232,0
1561,1107461,1062.25,954.25,2,31232,1
1561,1107462,999.6666870117188,954.8333129882812,3,31233,0
1561,1107463,1002.7857055664062,955.1428833007812,7,31233,1
1561,1107464,1088.6666259765625,954.6666870117188,3,31234,0
1561,1107465,1062.25,954.25,2,31234,1
1561,1107466,1302.5,946.5,1,31235,0
1561,1107467,1653.5,883.0,1,31235,1
1561,1107468,1653.5,883.0,1,31236,0
1561,1107469,1094.0,951.5,1,31236,1
1561,1107470,1302.5,946.5,1,31236,2
1561,1107471,1040.4375,955.25,8,31237,0
1561,1107472,999.6666870117188,954.8333129882812,3,31237,1
1561,1107473,983.6428833007812,954.9285888671875,7,31238,0
1561,1107474,999.6666870117188,954.8333129882812,3,31238,1
1561,1107475,836.5,922.5,1,31238,2
1561,1107476,1094.0,951.5,1,31239,0
1561,1107477,1219.5,947.0,1,31239,1
1561,1107478,1082.625,954.375,4,31239,2
1561,1107479,1653.5,883.0,1,31239,3
1561,1107480,999.6666870117188,954.8333129882812,3,31240,0
1561,1107481,991.875,954.625,8,31240,1
1571,1107440,1001.6666870117188,954.8333129882812,2,31223,0
1571,1107441,1039.294677734375,955.3214111328125,7,31223,1
1571,1107442,1213.5,948.0,1,31224,0
1571,1107443,1112.5,949.5,1,31224,1
1571,1107444,1020.2000122070312,955.699951171875,5,31225,0
1571,1107445,1030.75,953.3333129882812,3,31225,1
1571,1107446,1000.3214111328125,955.0,6,31226,0
1571,1107447,1001.6666870117188,954.8333129882812,2,31226,1
1571,1107448,1000.3214111328125,955.0,6,31227,0
1571,1107449,1030.75,953.3333129882812,3,31227,1
1571,1107450,972.6666870117188,955.125,4,31228,0
1571,1107451,983.5,953.5,1,31228,1
1571,1107452,939.0,953.5,2,31229,0
1571,1107453,846.5,924.0,1,31229,1
1571,1107454,985.25,954.0,2,31229,2
1571,1107455,1000.3214111328125,955.0,6,31230,0
1571,1107456,846.5,924.0,1,31230,1
1571,1107457,1001.6666870117188,954.8333129882812,2,31230,2
1571,1107458,846.5,924.0,1,31231,0
1571,1107459,962.5833129882812,954.75,2,31231,1
1571,1107460,1090.4166259765625,953.9166870117188,2,31232,0
1571,1107461,1073.0,953.0,2,31232,1
1571,1107462,1001.6666870117188,954.8333129882812,2,31233,0
1571,1107463,999.3690185546875,955.3095703125,6,31233,1
1571,1107464,1090.4166259765625,953.9166870117188,2,31234,0
1571,1107465,1073.0,953.0,2,31234,1
1571,1107466,1308.5,946.5,1,31235,0
1571,1107467,1649.5,883.0,1,31235,1
1571,1107468,1649.5,883.0,1,31236,0
1571,1107469,1112.5,949.5,1,31236,1
1571,1107470,1308.5,946.5,1,31236,2
1571,1107471,1039.294677734375,955.3214111328125,7,31237,0
1571,1107472,1001.6666870117188,954.8333129882812,2,31237,1
1571,1107473,981.8928833007812,955.0119018554688,6,31238,0
1571,1107474,1001.6666870117188,954.8333129882812,2,31238,1
1571,1107475,846.5,924.0,1,31238,2
1571,1107476,1112.5,949.5,1,31239,0
1571,1107477,1213.5,948.0,1,31239,1
1571,1107478,1080.4583740234375,954.7083129882812,3,31239,2
1571,1107479,1649.5,883.0,1,31239,3
1571,1107480,1001.6666870117188,954.8333129882812,2,31240,0
1571,1107481,990.2321166992188,954.7678833007812,7,31240,1
1581,1107440,1001.6666870117188,954.8333129882812,3,31223,0
1581,1107441,1039.294677734375,955.3214111328125,8,31223,1
1581,1107442,1213.5,948.0,1,31224,0
1581,1107443,1112.5,949.5,1,31224,1
1581,1107444,1020.2000122070312,955.699951171875,5,31225,0
1581,1107445,1030.75,953.3333129882812,4,31225,1
1581,1107446,1000.3214111328125,955.0,7,31226,0
1581,1107447,1001.6666870117188,954.8333129882812,2,31226,1
1581,1107448,1000.3214111328125,955.0,7,31227,0
1581,1107449,1030.75,953.3333129882812,3,31227,1
1581,1107450,972.6666870117188,955.125,4,31228,0
1581,1107451,983.5,953.5,3,31228,1
1581,1107452,939.0,953.5,2,31229,0
1581,1107453,846.5,924.0,1,31229,1
1581,1107454,985.25,954.0,3,31229,2
1581,1107455,1000.3214111328125,955.0,7,31230,0
1581,1107456,846.5,924.0,1,31230,1
1581,1107457,1001.6666870117188,954.8333129882812,2,31230,2
1581,1107458,846.5,924.0,2,31231,0
1581,1107459,962.5833129882812,954.75,2,31231,1
1581,1107460,1090.4166259765625,953.9166870117188,3,31232,0
1581,1107461,1073.0,953.0,2,31232,1
1581,1107462,1001.6666870117188,954.8333129882812,3,31233,0
1581,1107463,999.3690185546875,955.3095703125,7,31233,1
1581,1107464,1090.4166259765625,953.9166870117188,3,31234,0
1581,1107465,1073.0,953.0,2,31234,1
1581,1107466,1308.5,946.5,1,31235,0
1581,1107467,1649.5,883.0,1,31235,1
1581,1107468,1649.5,883.0,1,31236,0
1581,1107469,1112.5,949.5,1,31236,1
1581,1107470,1308.5,946.5,1,31236,2
1581,1107471,1039.294677734375,955.3214111328125,8,31237,0
1581,1107472,1001.6666870117188,954.8333129882812,3,31237,1
1581,1107473,981.8928833007812,955.0119018554688,6,31238,0
1581,1107474,1001.6666870117188,954.8333129882812,4,31238,1
1581,1107475,846.5,924.0,1,31238,2
1581,1107476,1112.5,949.5,1,31239,0
1581,1107477,1213.5,948.0,1,31239,1
1581,1107478,1080.4583740234375,954.7083129882812,4,31239,2
1581,1107479,1649.5,883.0,1,31239,3
1581,1107480,1001.6666870117188,954.8333129882812,3,31240,0
1581,1107481,990.2321166992188,954.7678833007812,8,31240,1
1591,1107440,1001.6666870117188,954.8333129882812,3,31223,0
1591,1107441,1039.294677734375,955.3214111328125,8,31223,1
1591,1107442,1213.5,948.0,1,31224,0
1591,1107443,1112.5,949.5,1,31224,1
1591,1107444,1020.2000122070312,955.699951171875,5,31225,0
1591,1107445,1030.75,953.3333129882812,4,31225,1
1591,1107446,1000.3214111328125,955.0,7,31226,0
1591,1107447,1001.6666870117188,954.8333129882812,3,31226,1
1591,1107448,1000.3214111328125,955.0,8,31227,0
1591,1107449,1030.75,953.3333129882812,3,31227,1
1591,1107450,972.6666870117188,955.125,4,31228,0
1591,1107451,983.5,953.5,3,31228,1
1591,1107452,939.0,953.5,2,31229,0
1591,1107453,846.5,924.0,1,31229,1
1591,1107454,985.25,954.0,3,31229,2
1591,1107455,1000.3214111328125,955.0,7,31230,0
1591,1107456,846.5,924.0,1,31230,1
1591,1107457,1001.6666870117188,954.8333129882812,3,31230,2
1591,1107458,846.5,924.0,2,31231,0
1591,1107459,962.5833129882812,954.75,2,31231,1
1591,1107460,1090.4166259765625,953.9166870117188,3,31232,0
1591,1107461,1073.0,953.0,2,31232,1
1591,1107462,1001.6666870117188,954.8333129882812,3,31233,0
1591,1107463,999.3690185546875,955.3095703125,7,31233,1
1591,1107464,1090.4166259765625,953.9166870117188,3,31234,0
1591,1107465,1073.0,953.0,2,31234,1
1591,1107466,1308.5,946.5,1,31235,0
1591,1107467,1649.5,883.0,1,31235,1
1591,1107468,1649.5,883.0,1,31236,0
1591,1107469,1112.5,949.5,1,31236,1
1591,1107470,1308.5,946.5,1,31236,2
1591,1107471,1039.294677734375,955.3214111328125,8,31237,0
1591,1107472,1001.6666870117188,954.8333129882812,3,31237,1
1591,1107473,981.8928833007812,955.0119018554688,6,31238,0
1591,1107474,1001.6666870117188,954.8333129882812,4,31238,1
1591,1107475,846.5,924.0,1,31238,2
1591,1107476,1112.5,949.5,1,31239,0
1591,1107477,1213.5,948.0,1,31239,1
1591,1107478,1080.4583740234375,954.7083129882812,4,31239,2
1591,1107479,1649.5,883.0,1,31239,3
1591,1107480,1001.6666870117188,954.8333129882812,3,31240,0
1591,1107481,990.2321166992188,954.7678833007812,8,31240,1
1601,1107440,1001.6666870117188,954.8333129882812,3,31223,0
1601,1107441,1039.294677734375,955.3214111328125,8,31223,1
1601,1107442,1213.5,948.0,1,31224,0
1601,1107443,1112.5,949.5,1,31224,1
1601,1107444,1020.2000122070312,955.699951171875,5,31225,0
1601,1107445,1030.75,953.3333129882812,4,31225,1
1601,1107446,1000.3214111328125,955.0,7,31226,0
1601,1107447,1001.6666870117188,954.8333129882812,3,31226,1
1601,1107448,1000.3214111328125,955.0,8,31227,0
1601,1107449,1030.75,953.3333129882812,3,31227,1
1601,1107450,972.6666870117188,955.125,4,31228,0
1601,1107451,983.5,953.5,3,31228,1
1601,1107452,939.0,953.5,2,31229,0
1601,1107453,846.5,924.0,1,31229,1
1601,1107454,985.25,954.0,3,31229,2
1601,1107455,1000.3214111328125,955.0,7,31230,0
1601,1107456,846.5,924.0,1,31230,1
1601,1107457,1001.6666870117188,954.8333129882812,3,31230,2
1601,1107458,846.5,924.0,2,31231,0
1601,1107459,962.5833129882812,954.75,2,31231,1
1601,1107460,1090.4166259765625,953.9166870117188,3,31232,0
1601,1107461,1073.0,953.0,2,31232,1
1601,1107462,1001.6666870117188,954.8333129882812,3,31233,0
1601,1107463,999.3690185546875,955.3095703125,7,31233,1
1601,1107464,1090.4166259765625,953.9166870117188,3,31234,0
1601,1107465,1073.0,953.0,2,31234,1
1601,1107466,1308.5,946.5,1,31235,0
1601,1107467,1649.5,883.0,1,31235,1
1601,1107468,1649.5,883.0,1,31236,0
1601,1107469,1112.5,949.5,1,31236,1
1601,1107470,1308.5,946.5,1,31236,2
1601,1107471,1039.294677734375,955.3214111328125,8,31237,0
1601,1107472,1001.6666870117188,954.8333129882812,3,31237,1
1601,1107473,981.8928833007812,955.0119018554688,6,31238,0
1601,1107474,1001.6666870117188,954.8333129882812,4,31238,1
1601,1107475,846.5,924.0,1,31238,2
1601,1107476,1112.5,949.5,1,31239,0
1601,1107477,1213.5,948.0,1,31239,1
1601,1107478,1080.4583740234375,954.7083129882812,4,31239,2
1601,1107479,1649.5,883.0,1,31239,3
1601,1107480,1001.6666870117188,954.8333129882812,3,31240,0
1601,1107481,990.2321166992188,954.7678833007812,8,31240,1
1611,1107440,1001.6666870117188,954.8333129882812,3,31223,0
1611,1107441,1039.294677734375,955.3214111328125,8,31223,1
1611,1107442,1213.5,948.0,1,31224,0
1611,1107443,1112.5,949.5,1,31224,1
1611,1107444,1020.2000122070312,955.699951171875,5,31225,0
1611,1107445,1030.75,953.3333129882812,4,31225,1
1611,1107446,1000.3214111328125,955.0,7,31226,0
1611,1107447,1001.6666870117188,954.8333129882812,3,31226,1
1611,1107448,1000.3214111328125,955.0,8,31227,0
1611,1107449,1030.75,953.3333129882812,3,31227,1
1611,1107450,972.6666870117188,955.125,4,31228,0
1611,1107451,983.5,953.5,3,31228,1
1611,1107452,939.0,953.5,2,31229,0
1611,1107453,846.5,924.0,1,31229,1
1611,1107454,985.25,954.0,3,31229,2
1611,1107455,1000.3214111328125,955.0,7,31230,0
1611,1107456,846.5,924.0,1,31230,1
1611,1107457,1001.6666870117188,954.8333129882812,3,31230,2
1611,1107458,846.5,924.0,2,31231,0
1611,1107459,962.5833129882812,954.75,2,31231,1
1611,1107460,1090.4166259765625,953.9166870117188,3,31232,0
1611,1107461,1073.0,953.0,2,31232,1
1611,1107462,1001.6666870117188,954.8333129882812,3,31233,0
1611,1107463,999.3690185546875,955.3095703125,7,31233,1
1611,1107464,1090.4166259765625,953.9166870117188,3,31234,0
1611,1107465,1073.0,953.0,2,31234,1
1611,1107466,1308.5,946.5,1,31235,0
1611,1107467,1649.5,883.0,1,31235,1
1611,1107468,1649.5,883.0,1,31236,0
1611,1107469,1112.5,949.5,1,31236,1
1611,1107470,1308.5,946.5,1,31236,2
1611,1107471,1039.294677734375,955.3214111328125,8,31237,0
1611,1107472,1001.6666870117188,954.8333129882812,3,31237,1
1611,1107473,981.8928833007812,955.0119018554688,6,31238,0
1611,1107474,1001.6666870117188,954.8333129882812,4,31238,1
1611,1107475,846.5,924.0,1,31238,2
1611,1107476,1112.5,949.5,1,31239,0
1611,1107477,1213.5,948.0,1,31239,1
1611,1107478,1080.4583740234375,954.7083129882812,4,31239,2
1611,1107479,1649.5,883.0,1,31239,3
1611,1107480,1001.6666870117188,954.8333129882812,3,31240,0
1611,1107481,990.2321166992188,954.7678833007812,8,31240,1
1621,1107440,1001.6666870117188,954.8333129882812,3,31223,0
1621,1107441,1039.294677734375,955.3214111328125,8,31223,1
1621,1107442,1213.5,948.0,1,31224,0
1621,1107443,1112.5,949.5,1,31224,1
1621,1107444,1020.2000122070312,955.699951171875,5,31225,0
1621,1107445,1030.75,953.3333129882812,4,31225,1
1621,1107446,1000.3214111328125,955.0,7,31226,0
1621,1107447,1001.6666870117188,954.8333129882812,3,31226,1
1621,1107448,1000.3214111328125,955.0,8,31227,0
1621,1107449,1030.75,953.3333129882812,3,31227,1
1621,1107450,972.6666870117188,955.125,4,31228,0
1621,1107451,983.5,953.5,3,31228,1
1621,1107452,939.0,953.5,2,31229,0
1621,1107453,846.5,924.0,1,31229,1
1621,1107454,985.25,954.0,3,31229,2
1621,1107455,1000.3214111328125,955.0,7,31230,0
1621,1107456,846.5,924.0,1,31230,1
1621,1107457,1001.6666870117188,954.8333129882812,3,31230,2
1621,1107458,846.5,924.0,2,31231,0
1621,1107459,962.5833129882812,954.75,2,31231,1
1621,1107460,1090.4166259765625,953.9166870117188,3,31232,0
1621,1107461,1073.0,953.0,2,31232,1
1621,1107462,1001.6666870117188,954.8333129882812,3,31233,0
1621,1107463,999.3690185546875,955.3095703125,7,31233,1
1621,1107464,1090.4166259765625,953.9166870117188,3,31234,0
1621,1107465,1073.0,953.0,2,31234,1
1621,1107466,1308.5,946.5,1,31235,0
1621,1107467,1649.5,883.0,1,31235,1
1621,1107468,1649.5,883.0,1,31236,0
1621,1107469,1112.5,949.5,1,31236,1
1621,1107470,1308.5,946.5,1,31236,2
1621,1107471,1039.294677734375,955.3214111328125,8,31237,0
1621,1107472,1001.6666870117188,954.8333129882812,3,31237,1
1621,1107473,981.8928833007812,955.0119018554688,6,31238,0
1621,1107474,1001.6666870117188,954.8333129882812,4,31238,1
1621,1107475,846.5,924.0,1,31238,2
1621,1107476,1112.5,949.5,1,31239,0
1621,1107477,1213.5,948.0,1,31239,1
1621,1107478,1080.4583740234375,954.7083129882812,4,31239,2
1621,1107479,1649.5,883.0,1,31239,3
1621,1107480,1001.6666870117188,954.8333129882812,3,31240,0
1621,1107481,990.2321166992188,954.7678833007812,8,31240,1
1631,1107440,1001.6666870117188,954.8333129882812,3,31223,0
1631,1107441,1039.294677734375,955.3214111328125,8,31223,1
1631,1107442,1213.5,948.0,1,31224,0
1631,1107443,1112.5,949.5,1,31224,1
1631,1107444,1020.2000122070312,955.699951171875,5,31225,0
1631,1107445,1030.75,953.3333129882812,4,31225,1
1631,1107446,1000.3214111328125,955.0,7,31226,0
1631,1107447,1001.6666870117188,954.8333129882812,3,31226,1
1631,1107448,1000.3214111328125,955.0,8,31227,0
1631,1107449,1030.75,953.3333129882812,3,31227,1
1631,1107450,972.6666870117188,955.125,4,31228,0
1631,1107451,983.5,953.5,3,31228,1
1631,1107452,939.0,953.5,2,31229,0
1631,1107453,846.5,924.0,1,31229,1
1631,1107454,985.25,954.0,3,31229,2
1631,1107455,1000.3214111328125,955.0,7,31230,0
1631,1107456,846.5,924.0,1,31230,1
1631,1107457,1001.6666870117188,954.8333129882812,3,31230,2
1631,1107458,846.5,924.0,2,31231,0
1631,1107459,962.5833129882812,954.75,2,31231,1
1631,1107460,1090.4166259765625,953.9166870117188,3,31232,0
1631,1107461,1073.0,953.0,2,31232,1
1631,1107462,1001.6666870117188,954.8333129882812,3,31233,0
1631,1107463,999.3690185546875,955.3095703125,7,31233,1
1631,1107464,1090.4166259765625,953.9166870117188,3,31234,0
1631,1107465,1073.0,953.0,2,31234,1
1631,1107466,1308.5,946.5,1,31235,0
1631,1107467,1649.5,883.0,1,31235,1
1631,1107468,1649.5,883.0,1,31236,0
1631,1107469,1112.5,949.5,1,31236,1
1631,1107470,1308.5,946.5,1,31236,2
1631,1107471,1039.294677734375,955.3214111328125,8,31237,0
1631,1107472,1001.6666870117188,954.8333129882812,3,31237,1
1631,1107473,981.8928833007812,955.0119018554688,6,31238,0
1631,1107474,1001.6666870117188,954.8333129882812,4,31238,1
1631,1107475,846.5,924.0,1,31238,2
1631,1107476,1112.5,949.5,1,31239,0
1631,1107477,1213.5,948.0,1,31239,1
1631,1107478,1080.4583740234375,954.7083129882812,4,31239,2
1631,1107479,1649.5,883.0,1,31239,3
1631,1107480,1001.6666870117188,954.8333129882812,3,31240,0
1631,1107481,990.2321166992188,954.7678833007812,8,31240,1
1641,1107440,1001.6666870117188,954.8333129882812,3,31223,0
1641,1107441,1039.294677734375,955.3214111328125,8,31223,1
1641,1107442,1213.5,948.0,1,31224,0
1641,1107443,1112.5,949.5,1,31224,1
1641,1107444,1020.2000122070312,955.699951171875,5,31225,0
1641,1107445,1030.75,953.3333129882812,4,31225,1
1641,1107446,1000.3214111328125,955.0,7,31226,0
1641,1107447,1001.6666870117188,954.8333129882812,3,31226,1
1641,1107448,1000.3214111328125,955.0,8,31227,0
1641,1107449,1030.75,953.3333129882812,3,31227,1
1641,1107450,972.6666870117188,955.125,4,31228,0
1641,1107451,983.5,953.5,3,31228,1
1641,1107452,939.0,953.5,2,31229,0
1641,1107453,846.5,924.0,1,31229,1
1641,1107454,985.25,954.0,3,31229,2
1641,1107455,1000.3214111328125,955.0,7,31230,0
1641,1107456,846.5,924.0,1,31230,1
1641,1107457,1001.6666870117188,954.8333129882812,3,31230,2
1641,1107458,846.5,924.0,2,31231,0
1641,1107459,962.5833129882812,954.75,2,31231,1
1641,1107460,1090.4166259765625,953.9166870117188,3,31232,0
1641,1107461,1073.0,953.0,2,31232,1
1641,1107462,1001.6666870117188,954.8333129882812,3,31233,0
1641,1107463,999.3690185546875,955.3095703125,7,31233,1
1641,1107464,1090.4166259765625,953.9166870117188,3,31234,0
1641,1107465,1073.0,953.0,2,31234,1
1641,1107466,1308.5,946.5,1,31235,0
1641,1107467,1649.5,883.0,1,31235,1
1641,1107468,1649.5,883.0,1,31236,0
1641,1107469,1112.5,949.5,1,31236,1
1641,1107470,1308.5,946.5,1,31236,2
1641,1107471,1039.294677734375,955.3214111328125,8,31237,0
1641,1107472,1001.6666870117188,954.8333129882812,3,31237,1
1641,1107473,981.8928833007812,955.0119018554688,6,31238,0
1641,1107474,1001.6666870117188,954.8333129882812,4,31238,1
1641,1107475,846.5,924.0,1,31238,2
1641,1107476,1112.5,949.5,1,31239,0
1641,1107477,1213.5,948.0,1,31239,1
1641,1107478,1080.4583740234375,954.7083129882812,4,31239,2
1641,1107479,1649.5,883.0,1,31239,3
1641,1107480,1001.6666870117188,954.8333129882812,3,31240,0
1641,1107481,990.2321166992188,954.7678833007812,8,31240,1
1651,1107440,1001.6666870117188,954.8333129882812,3,31223,0
1651,1107441,1039.294677734375,955.3214111328125,8,31223,1
1651,1107442,1213.5,948.0,1,31224,0
1651,1107443,1112.5,949.5,1,31224,1
1651,1107444,1020.2000122070312,955.699951171875,5,31225,0
1651,1107445,1030.75,953.3333129882812,4,31225,1
1651,1107446,1000.3214111328125,955.0,7,31226,0
1651,1107447,1001.6666870117188,954.8333129882812,3,31226,1
1651,1107448,1000.3214111328125,955.0,8,31227,0
1651,1107449,1030.75,953.3333129882812,3,31227,1
1651,1107450,972.6666870117188,955.125,4,31228,0
1651,1107451,983.5,953.5,3,31228,1
1651,1107452,939.0,953.5,2,31229,0
1651,1107453,846.5,924.0,1,31229,1
1651,1107454,985.25,954.0,3,31229,2
1651,1107455,1000.3214111328125,955.0,7,31230,0
1651,1107456,846.5,924.0,1,31230,1
1651,1107457,1001.6666870117188,954.8333129882812,3,31230,2
1651,1107458,846.5,924.0,2,31231,0
1651,1107459,962.5833129882812,954.75,2,31231,1
1651,1107460,1090.4166259765625,953.9166870117188,3,31232,0
1651,1107461,1073.0,953.0,2,31232,1
1651,1107462,1001.6666870117188,954.8333129882812,3,31233,0
1651,1107463,999.3690185546875,955.3095703125,7,31233,1
1651,1107464,1090.4166259765625,953.9166870117188,3,31234,0
1651,1107465,1073.0,953.0,2,31234,1
1651,1107466,1308.5,946.5,1,31235,0
1651,1107467,1649.5,883.0,1,31235,1
1651,1107468,1649.5,883.0,1,31236,0
1651,1107469,1112.5,949.5,1,31236,1
1651,1107470,1308.5,946.5,1,31236,2
1651,1107471,1039.294677734375,955.3214111328125,8,31237,0
1651,1107472,1001.6666870117188,954.8333129882812,3,31237,1
1651,1107473,981.8928833007812,955.0119018554688,6,31238,0
1651,1107474,1001.6666870117188,954.8333129882812,4,31238,1
1651,1107475,846.5,924.0,1,31238,2
1651,1107476,1112.5,949.5,1,31239,0
1651,1107477,1213.5,948.0,1,31239,1
1651,1107478,1080.4583740234375,954.7083129882812,4,31239,2
1651,1107479,1649.5,883.0,1,31239,3
1651,1107480,1001.6666870117188,954.8333129882812,3,31240,0
1651,1107481,990.2321166992188,954.7678833007812,8,31240,1
1661,1107440,1001.6666870117188,954.8333129882812,3,31223,0
1661,1107441,1039.294677734375,955.3214111328125,8,31223,1
1661,1107442,1213.5,948.0,1,31224,0
1661,1107443,1112.5,949.5,1,31224,1
1661,1107444,1020.2000122070312,955.699951171875,5,31225,0
1661,1107445,1030.75,953.3333129882812,4,31225,1
1661,1107446,1000.3214111328125,955.0,7,31226,0
1661,1107447,1001.6666870117188,954.8333129882812,3,31226,1
1661,1107448,1000.3214111328125,955.0,8,31227,0
1661,1107449,1030.75,953.3333129882812,3,31227,1
1661,1107450,972.6666870117188,955.125,4,31228,0
1661,1107451,983.5,953.5,3,31228,1
1661,1107452,939.0,953.5,2,31229,0
1661,1107453,846.5,924.0,1,31229,1
1661,1107454,985.25,954.0,3,31229,2
1661,1107455,1000.3214111328125,955.0,7,31230,0
1661,1107456,846.5,924.0,1,31230,1
1661,1107457,1001.6666870117188,954.8333129882812,3,31230,2
1661,1107458,846.5,924.0,2,31231,0
1661,1107459,962.5833129882812,954.75,2,31231,1
1661,1107460,1090.4166259765625,953.9166870117188,3,31232,0
1661,1107461,1073.0,953.0,2,31232,1
1661,1107462,1001.6666870117188,954.8333129882812,3,31233,0
1661,1107463,999.3690185546875,955.3095703125,7,31233,1
1661,1107464,1090.4166259765625,953.9166870117188,3,31234,0
1661,1107465,1073.0,953.0,2,31234,1
1661,1107466,1308.5,946.5,1,31235,0
1661,1107467,1649.5,883.0,1,31235,1
1661,1107468,1649.5,883.0,1,31236,0
1661,1107469,1112.5,949.5,1,31236,1
1661,1107470,1308.5,946.5,1,31236,2
1661,1107471,1039.294677734375,955.3214111328125,8,31237,0
1661,1107472,1001.6666870117188,954.8333129882812,3,31237,1
1661,1107473,981.8928833007812,955.0119018554688,6,31238,0
1661,1107474,1001.6666870117188,954.8333129882812,4,31238,1
1661,1107475,846.5,924.0,1,31238,2
1661,1107476,1112.5,949.5,1,31239,0
1661,1107477,1213.5,948.0,1,31239,1
1661,1107478,1080.4583740234375,954.7083129882812,4,31239,2
1661,1107479,1649.5,883.0,1,31239,3
1661,1107480,1001.6666870117188,954.8333129882812,3,31240,0
1661,1107481,990.2321166992188,954.7678833007812,8,31240,1
1671,1107440,1000.5416870117188,954.9583129882812,4,31223,0
1671,1107441,1038.65185546875,955.0357055664062,7,31223,1
1671,1107442,1211.5,948.5,1,31224,0
1671,1107443,1237.0,901.5,1,31224,1
1671,1107444,1019.9500122070312,955.6166381835938,6,31225,0
1671,1107445,1074.0833740234375,937.3333129882812,3,31225,1
1671,1107446,997.8214111328125,955.2000122070312,5,31226,0
1671,1107447,1002.5416870117188,954.4583129882812,4,31226,1
1671,1107448,998.2380981445312,955.1666870117188,6,31227,0
1671,1107449,1061.0,940.8333129882812,4,31227,1
1671,1107450,964.3333740234375,954.625,3,31228,0
1671,1107451,982.125,953.625,4,31228,1
1671,1107452,932.75,952.5,2,31229,0
1671,1107453,845.0,927.0,1,31229,1
1671,1107454,981.25,953.75,2,31229,2
1671,1107455,997.8214111328125,955.2000122070312,5,31230,0
1671,1107456,845.0,927.0,1,31230,1
1671,1107457,1002.5416870117188,954.4583129882812,4,31230,2
1671,1107458,842.5,925.25,2,31231,0
1671,1107459,953.3333129882812,954.25,2,31231,1
1671,1107460,1090.9166259765625,952.9166870117188,2,31232,0
1671,1107461,1116.6666259765625,937.1666870117188,3,31232,1
1671,1107462,1000.3333740234375,955.0,3,31233,0
1671,1107463,997.8690185546875,955.0238647460938,7,31233,1
1671,1107464,1090.9166259765625,952.9166870117188,2,31234,0
1671,1107465,1116.6666259765625,937.1666870117188,3,31234,1
1671,1107466,1326.5,946.0,1,31235,0
1671,1107467,1648.5,885.5,1,31235,1
1671,1107468,1648.5,885.5,1,31236,0
1671,1107469,1237.0,901.5,1,31236,1
1671,1107470,1326.5,946.0,1,31236,2
1671,1107471,1038.65185546875,955.0357055664062,7,31237,0
1671,1107472,1000.5416870117188,954.9583129882812,4,31237,1
1671,1107473,979.9928588867188,954.4119262695312,5,31238,0
1671,1107474,1001.9166870117188,954.9583129882812,4,31238,1
1671,1107475,841.0,925.75,2,31238,2
1671,1107476,1174.0,925.25,2,31239,0
1671,1107477,1211.5,948.5,1,31239,1
1671,1107478,1079.291748046875,954.2083129882812,3,31239,2
1671,1107479,1648.5,885.5,1,31239,3
1671,1107480,999.7916870117188,954.8333129882812,4,31240,0
1671,1107481,988.7321166992188,954.482177734375,7,31240,1
