frame,cluster_id,x,y,cluster_size,source_sample_index,source_local_cluster_id
11,1120169,542.0,490.0,1,35591,0
11,1120170,923.0,520.5,1,35591,1
11,1120171,314.5,509.5,1,35591,2
11,1120172,882.5,359.0,1,35592,0
11,1120173,803.0,357.0,1,35592,1
11,1120174,1032.5,367.0,1,35592,2
11,1120175,848.0,509.25,2,35593,0
11,1120176,1623.0,491.0,1,35593,1
11,1120177,925.75,493.0,2,35593,2
11,1120178,572.3333129882812,420.1666564941406,3,35594,0
11,1120179,928.5,465.5,1,35594,1
11,1120180,1650.0,350.5,1,35595,0
11,1120181,1307.0,448.5,1,35596,0
11,1120182,1237.0,366.5,1,35596,1
11,1120183,1623.0,491.0,1,35597,0
11,1120184,803.6666870117188,493.8333435058594,3,35597,1
11,1120185,1237.0,366.5,1,35597,2
11,1120186,754.75,360.25,2,35598,0
11,1120187,729.0,319.0,1,35598,1
11,1120188,882.5,359.0,1,35598,2
11,1120189,715.0,463.0,1,35599,0
11,1120190,902.0,528.0,1,35599,1
11,1120191,1623.0,491.0,1,35599,2
11,1120192,928.5,465.5,1,35599,3
11,1120193,1032.5,367.0,1,35599,4
11,1120194,1237.0,366.5,1,35600,0
11,1120195,902.0,528.0,1,35600,1
11,1120196,1623.0,491.0,1,35600,2
11,1120197,1307.0,448.5,1,35600,3
11,1120198,572.3333129882812,420.1666564941406,3,35601,0
11,1120199,928.5,465.5,1,35601,1
11,1120200,1032.5,367.0,1,35601,2
11,1120201,572.3333129882812,420.1666564941406,3,35602,0
11,1120202,928.5,465.5,1,35602,1
11,1120203,1032.5,367.0,1,35602,2
11,1120204,314.5,509.5,1,35603,0
11,1120205,971.75,554.5,2,35603,1
11,1120206,542.0,490.0,1,35603,2
11,1120207,923.0,520.5,1,35604,0
11,1120208,542.0,490.0,1,35604,1
11,1120209,848.0,509.25,2,35604,2
11,1120210,314.5,509.5,1,35604,3
11,1120211,803.6666870117188,493.8333435058594,3,35605,0
11,1120212,1623.0,491.0,1,35605,1
11,1120213,1237.0,366.5,1,35605,2
11,1120214,923.0,520.5,1,35605,3
11,1120215,729.0,319.0,1,35606,0
11,1120216,754.75,360.25,2,35606,1
11,1120217,928.5,465.5,1,35607,0
11,1120218,645.2000122070312,442.79998779296875,5,35607,1
11,1120219,754.75,360.25,2,35608,0
11,1120220,729.0,319.0,1,35608,1
11,1120221,1020.5,588.5,1,35609,0
11,1120222,314.5,509.5,1,35609,1
11,1120223,1032.5,367.0,1,35610,0
11,1120224,882.5,359.0,1,35610,1
11,1120225,715.0,463.0,1,35610,2
11,1120226,551.5,421.75,2,35610,3
21,1120169,542.0,490.0,1,35591,0
21,1120170,923.0,520.5,1,35591,1
21,1120171,314.5,509.5,1,35591,2
21,1120172,882.5,359.0,1,35592,0
21,1120173,803.0,357.0,1,35592,1
21,1120174,1032.5,367.0,1,35592,2
21,1120175,848.0,509.25,2,35593,0
21,1120176,1623.0,491.0,1,35593,1
21,1120177,925.75,493.0,2,35593,2
21,1120178,572.3333129882812,420.1666564941406,3,35594,0
21,1120179,928.5,465.5,1,35594,1
21,1120180,1650.0,350.5,1,35595,0
21,1120181,1307.0,448.5,1,35596,0
21,1120182,1237.0,366.5,1,35596,1
21,1120183,1623.0,491.0,1,35597,0
21,1120184,803.6666870117188,493.8333435058594,3,35597,1
21,1120185,1237.0,366.5,1,35597,2
21,1120186,754.75,360.25,2,35598,0
21,1120187,729.0,319.0,1,35598,1
21,1120188,882.5,359.0,1,35598,2
21,1120189,715.0,463.0,1,35599,0
21,1120190,902.0,528.0,1,35599,1
21,1120191,1623.0,491.0,1,35599,2
21,1120192,928.5,465.5,1,35599,3
21,1120193,1032.5,367.0,1,35599,4
21,1120194,1237.0,366.5,1,35600,0
21,1120195,902.0,528.0,1,35600,1
21,1120196,1623.0,491.0,1,35600,2
21,1120197,1307.0,448.5,1,35600,3
21,1120198,572.3333129882812,420.1666564941406,3,35601,0
21,1120199,928.5,465.5,1,35601,1
21,1120200,1032.5,367.0,1,35601,2
21,1120201,572.3333129882812,420.1666564941406,3,35602,0
21,1120202,928.5,465.5,1,35602,1
21,1120203,1032.5,367.0,1,35602,2
21,1120204,314.5,509.5,1,35603,0
21,1120205,971.75,554.5,2,35603,1
21,1120206,542.0,490.0,1,35603,2
21,1120207,923.0,520.5,1,35604,0
21,1120208,542.0,490.0,1,35604,1
21,1120209,848.0,509.25,2,35604,2
21,1120210,314.5,509.5,1,35604,3
21,1120211,803.6666870117188,493.8333435058594,3,35605,0
21,1120212,1623.0,491.0,1,35605,1
21,1120213,1237.0,366.5,1,35605,2
21,1120214,923.0,520.5,1,35605,3
21,1120215,729.0,319.0,1,35606,0
21,1120216,754.75,360.25,2,35606,1
21,1120217,928.5,465.5,1,35607,0
21,1120218,645.2000122070312,442.79998779296875,5,35607,1
21,1120219,754.75,360.25,2,35608,0
21,1120220,729.0,319.0,1,35608,1
21,1120221,1020.5,588.5,1,35609,0
21,1120222,314.5,509.5,1,35609,1
21,1120223,1032.5,367.0,1,35610,0
21,1120224,882.5,359.0,1,35610,1
21,1120225,715.0,463.0,1,35610,2
21,1120226,551.5,421.75,2,35610,3
31,1120169,542.0,490.0,1,35591,0
31,1120170,923.0,520.5,1,35591,1
31,1120171,314.5,509.5,1,35591,2
31,1120172,882.5,359.0,1,35592,0
31,1120173,803.0,357.0,1,35592,1
31,1120174,1032.5,367.0,1,35592,2
31,1120175,848.0,509.25,2,35593,0
31,1120176,1623.0,491.0,1,35593,1
31,1120177,925.75,493.0,2,35593,2
31,1120178,572.3333129882812,420.1666564941406,3,35594,0
31,1120179,928.5,465.5,1,35594,1
31,1120180,1650.0,350.5,1,35595,0
31,1120181,1307.0,448.5,1,35596,0
31,1120182,1237.0,366.5,1,35596,1
31,1120183,1623.0,491.0,1,35597,0
31,1120184,803.6666870117188,493.8333435058594,3,35597,1
31,1120185,1237.0,366.5,1,35597,2
31,1120186,754.75,360.25,2,35598,0
31,1120187,729.0,319.0,1,35598,1
31,1120188,882.5,359.0,1,35598,2
31,1120189,715.0,463.0,1,35599,0
31,1120190,902.0,528.0,1,35599,1
31,1120191,1623.0,491.0,1,35599,2
31,1120192,928.5,465.5,1,35599,3
31,1120193,1032.5,367.0,1,35599,4
31,1120194,1237.0,366.5,1,35600,0
31,1120195,902.0,528.0,1,35600,1
31,1120196,1623.0,491.0,1,35600,2
31,1120197,1307.0,448.5,1,35600,3
31,1120198,572.3333129882812,420.1666564941406,3,35601,0
31,1120199,928.5,465.5,1,35601,1
31,1120200,1032.5,367.0,1,35601,2
31,1120201,572.3333129882812,420.1666564941406,3,35602,0
31,1120202,928.5,465.5,1,35602,1
31,1120203,1032.5,367.0,1,35602,2
31,1120204,314.5,509.5,1,35603,0
31,1120205,971.75,554.5,2,35603,1
31,1120206,542.0,490.0,1,35603,2
31,1120207,923.0,520.5,1,35604,0
31,1120208,542.0,490.0,1,35604,1
31,1120209,848.0,509.25,2,35604,2
31,1120210,314.5,509.5,1,35604,3
31,1120211,803.6666870117188,493.8333435058594,3,35605,0
31,1120212,1623.0,491.0,1,35605,1
31,1120213,1237.0,366.5,1,35605,2
31,1120214,923.0,520.5,1,35605,3
31,1120215,729.0,319.0,1,35606,0
31,1120216,754.75,360.25,2,35606,1
31,1120217,928.5,465.5,1,35607,0
31,1120218,645.2000122070312,442.79998779296875,5,35607,1
31,1120219,754.75,360.25,2,35608,0
31,1120220,729.0,319.0,1,35608,1
31,1120221,1020.5,588.5,1,35609,0
31,1120222,314.5,509.5,1,35609,1
31,1120223,1032.5,367.0,1,35610,0
31,1120224,882.5,359.0,1,35610,1
31,1120225,715.0,463.0,1,35610,2
31,1120226,551.5,421.75,2,35610,3
41,1120169,542.0,490.0,1,35591,0
41,1120170,923.0,520.5,1,35591,1
41,1120171,314.5,509.5,1,35591,2
41,1120172,882.5,359.0,1,35592,0
41,1120173,803.0,357.0,1,35592,1
41,1120174,1032.5,367.0,1,35592,2
41,1120175,848.0,509.25,2,35593,0
41,1120176,1623.0,491.0,1,35593,1
41,1120177,925.75,493.0,2,35593,2
41,1120178,572.3333129882812,420.1666564941406,3,35594,0
41,1120179,928.5,465.5,1,35594,1
41,1120180,1650.0,350.5,1,35595,0
41,1120181,1307.0,448.5,1,35596,0
41,1120182,1237.0,366.5,1,35596,1
41,1120183,1623.0,491.0,1,35597,0
41,1120184,803.6666870117188,493.8333435058594,3,35597,1
41,1120185,1237.0,366.5,1,35597,2
41,1120186,754.75,360.25,2,35598,0
41,1120187,729.0,319.0,1,35598,1
41,1120188,882.5,359.0,1,35598,2
41,1120189,715.0,463.0,1,35599,0
41,1120190,902.0,528.0,1,35599,1
41,1120191,1623.0,491.0,1,35599,2
41,1120192,928.5,465.5,1,35599,3
41,1120193,1032.5,367.0,1,35599,4
41,1120194,1237.0,366.5,1,35600,0
41,1120195,902.0,528.0,1,35600,1
41,1120196,1623.0,491.0,1,35600,2
41,1120197,1307.0,448.5,1,35600,3
41,1120198,572.3333129882812,420.1666564941406,3,35601,0
41,1120199,928.5,465.5,1,35601,1
41,1120200,1032.5,367.0,1,35601,2
41,1120201,572.3333129882812,420.1666564941406,3,35602,0
41,1120202,928.5,465.5,1,35602,1
41,1120203,1032.5,367.0,1,35602,2
41,1120204,314.5,509.5,1,35603,0
41,1120205,971.75,554.5,2,35603,1
41,1120206,542.0,490.0,1,35603,2
41,1120207,923.0,520.5,1,35604,0
41,1120208,542.0,490.0,1,35604,1
41,1120209,848.0,509.25,2,35604,2
41,1120210,314.5,509.5,1,35604,3
41,1120211,803.6666870117188,493.8333435058594,3,35605,0
41,1120212,1623.0,491.0,1,35605,1
41,1120213,1237.0,366.5,1,35605,2
41,1120214,923.0,520.5,1,35605,3
41,1120215,729.0,319.0,1,35606,0
41,1120216,754.75,360.25,2,35606,1
41,1120217,928.5,465.5,1,35607,0
41,1120218,645.2000122070312,442.79998779296875,5,35607,1
41,1120219,754.75,360.25,2,35608,0
41,1120220,729.0,319.0,1,35608,1
41,1120221,1020.5,588.5,1,35609,0
41,1120222,314.5,509.5,1,35609,1
41,1120223,1032.5,367.0,1,35610,0
41,1120224,882.5,359.0,1,35610,1
41,1120225,715.0,463.0,1,35610,2
41,1120226,551.5,421.75,2,35610,3
51,1120169,542.0,490.0,1,35591,0
51,1120170,923.0,520.5,1,35591,1
51,1120171,314.5,509.5,1,35591,2
51,1120172,882.5,359.0,1,35592,0
51,1120173,803.0,357.0,1,35592,1
51,1120174,1032.5,367.0,1,35592,2
51,1120175,848.0,509.25,2,35593,0
51,1120176,1623.0,491.0,1,35593,1
51,1120177,925.75,493.0,2,35593,2
51,1120178,572.3333129882812,420.1666564941406,3,35594,0
51,1120179,928.5,465.5,1,35594,1
51,1120180,1650.0,350.5,1,35595,0
51,1120181,1307.0,448.5,1,35596,0
51,1120182,1237.0,366.5,1,35596,1
51,1120183,1623.0,491.0,1,35597,0
51,1120184,803.6666870117188,493.8333435058594,3,35597,1
51,1120185,1237.0,366.5,1,35597,2
51,1120186,754.75,360.25,2,35598,0
51,1120187,729.0,319.0,1,35598,1
51,1120188,882.5,359.0,1,35598,2
51,1120189,715.0,463.0,1,35599,0
51,1120190,902.0,528.0,1,35599,1
51,1120191,1623.0,491.0,1,35599,2
51,1120192,928.5,465.5,1,35599,3
51,1120193,1032.5,367.0,1,35599,4
51,1120194,1237.0,366.5,1,35600,0
51,1120195,902.0,528.0,1,35600,1
51,1120196,1623.0,491.0,1,35600,2
51,1120197,1307.0,448.5,1,35600,3
51,1120198,572.3333129882812,420.1666564941406,3,35601,0
51,1120199,928.5,465.5,1,35601,1
51,1120200,1032.5,367.0,1,35601,2
51,1120201,572.3333129882812,420.1666564941406,3,35602,0
51,1120202,928.5,465.5,1,35602,1
51,1120203,1032.5,367.0,1,35602,2
51,1120204,314.5,509.5,1,35603,0
51,1120205,971.75,554.5,2,35603,1
51,1120206,542.0,490.0,1,35603,2
51,1120207,923.0,520.5,1,35604,0
51,1120208,542.0,490.0,1,35604,1
51,1120209,848.0,509.25,2,35604,2
51,1120210,314.5,509.5,1,35604,3
51,1120211,803.6666870117188,493.8333435058594,3,35605,0
51,1120212,1623.0,491.0,1,35605,1
51,1120213,1237.0,366.5,1,35605,2
51,1120214,923.0,520.5,1,35605,3
51,1120215,729.0,319.0,1,35606,0
51,1120216,754.75,360.25,2,35606,1
51,1120217,928.5,465.5,1,35607,0
51,1120218,645.2000122070312,442.79998779296875,5,35607,1
51,1120219,754.75,360.25,2,35608,0
51,1120220,729.0,319.0,1,35608,1
51,1120221,1020.5,588.5,1,35609,0
51,1120222,314.5,509.5,1,35609,1
51,1120223,1032.5,367.0,1,35610,0
51,1120224,882.5,359.0,1,35610,1
51,1120225,715.0,463.0,1,35610,2
51,1120226,551.5,421.75,2,35610,3
61,1120169,542.0,490.0,1,35591,0
61,1120170,923.0,520.5,1,35591,1
61,1120171,314.5,509.5,1,35591,2
61,1120172,882.5,359.0,1,35592,0
61,1120173,803.0,357.0,1,35592,1
61,1120174,1032.5,367.0,1,35592,2
61,1120175,848.0,509.25,2,35593,0
61,1120176,1623.0,491.0,1,35593,1
61,1120177,925.75,493.0,2,35593,2
61,1120178,572.3333129882812,420.1666564941406,3,35594,0
61,1120179,928.5,465.5,1,35594,1
61,1120180,1650.0,350.5,1,35595,0
61,1120181,1307.0,448.5,1,35596,0
61,1120182,1237.0,366.5,1,35596,1
61,1120183,1623.0,491.0,1,35597,0
61,1120184,803.6666870117188,493.8333435058594,3,35597,1
61,1120185,1237.0,366.5,1,35597,2
61,1120186,754.75,360.25,2,35598,0
61,1120187,729.0,319.0,1,35598,1
61,1120188,882.5,359.0,1,35598,2
61,1120189,715.0,463.0,1,35599,0
61,1120190,902.0,528.0,1,35599,1
61,1120191,1623.0,491.0,1,35599,2
61,1120192,928.5,465.5,1,35599,3
61,1120193,1032.5,367.0,1,35599,4
61,1120194,1237.0,366.5,1,35600,0
61,1120195,902.0,528.0,1,35600,1
61,1120196,1623.0,491.0,1,35600,2
61,1120197,1307.0,448.5,1,35600,3
61,1120198,572.3333129882812,420.1666564941406,3,35601,0
61,1120199,928.5,465.5,1,35601,1
61,1120200,1032.5,367.0,1,35601,2
61,1120201,572.3333129882812,420.1666564941406,3,35602,0
61,1120202,928.5,465.5,1,35602,1
61,1120203,1032.5,367.0,1,35602,2
61,1120204,314.5,509.5,1,35603,0
61,1120205,971.75,554.5,2,35603,1
61,1120206,542.0,490.0,1,35603,2
61,1120207,923.0,520.5,1,35604,0
61,1120208,542.0,490.0,1,35604,1
61,1120209,848.0,509.25,2,35604,2
61,1120210,314.5,509.5,1,35604,3
61,1120211,803.6666870117188,493.8333435058594,3,35605,0
61,1120212,1623.0,491.0,1,35605,1
61,1120213,1237.0,366.5,1,35605,2
61,1120214,923.0,520.5,1,35605,3
61,1120215,729.0,319.0,1,35606,0
61,1120216,754.75,360.25,2,35606,1
61,1120217,928.5,465.5,1,35607,0
61,1120218,645.2000122070312,442.79998779296875,5,35607,1
61,1120219,754.75,360.25,2,35608,0
61,1120220,729.0,319.0,1,35608,1
61,1120221,1020.5,588.5,1,35609,0
61,1120222,314.5,509.5,1,35609,1
61,1120223,1032.5,367.0,1,35610,0
61,1120224,882.5,359.0,1,35610,1
61,1120225,715.0,463.0,1,35610,2
61,1120226,551.5,421.75,2,35610,3
71,1120169,542.0,490.0,1,35591,0
71,1120170,923.0,520.5,1,35591,1
71,1120171,314.5,509.5,1,35591,2
71,1120172,882.5,359.0,1,35592,0
71,1120173,803.0,357.0,1,35592,1
71,1120174,1032.5,367.0,1,35592,2
71,1120175,848.0,509.25,2,35593,0
71,1120176,1623.0,491.0,1,35593,1
71,1120177,925.75,493.0,2,35593,2
71,1120178,572.3333129882812,420.1666564941406,3,35594,0
71,1120179,928.5,465.5,1,35594,1
71,1120180,1650.0,350.5,1,35595,0
71,1120181,1307.0,448.5,1,35596,0
71,1120182,1237.0,366.5,1,35596,1
71,1120183,1623.0,491.0,1,35597,0
71,1120184,803.6666870117188,493.8333435058594,3,35597,1
71,1120185,1237.0,366.5,1,35597,2
71,1120186,754.75,360.25,2,35598,0
71,1120187,729.0,319.0,1,35598,1
71,1120188,882.5,359.0,1,35598,2
71,1120189,715.0,463.0,1,35599,0
71,1120190,902.0,528.0,1,35599,1
71,1120191,1623.0,491.0,1,35599,2
71,1120192,928.5,465.5,1,35599,3
71,1120193,1032.5,367.0,1,35599,4
71,1120194,1237.0,366.5,1,35600,0
71,1120195,902.0,528.0,1,35600,1
71,1120196,1623.0,491.0,1,35600,2
71,1120197,1307.0,448.5,1,35600,3
71,1120198,572.3333129882812,420.1666564941406,3,35601,0
71,1120199,928.5,465.5,1,35601,1
71,1120200,1032.5,367.0,1,35601,2
71,1120201,572.3333129882812,420.1666564941406,3,35602,0
71,1120202,928.5,465.5,1,35602,1
71,1120203,1032.5,367.0,1,35602,2
71,1120204,314.5,509.5,1,35603,0
71,1120205,971.75,554.5,2,35603,1
71,1120206,542.0,490.0,1,35603,2
71,1120207,923.0,520.5,1,35604,0
71,1120208,542.0,490.0,1,35604,1
71,1120209,848.0,509.25,2,35604,2
71,1120210,314.5,509.5,1,35604,3
71,1120211,803.6666870117188,493.8333435058594,3,35605,0
71,1120212,1623.0,491.0,1,35605,1
71,1120213,1237.0,366.5,1,35605,2
71,1120214,923.0,520.5,1,35605,3
71,1120215,729.0,319.0,1,35606,0
71,1120216,754.75,360.25,2,35606,1
71,1120217,928.5,465.5,1,35607,0
71,1120218,645.2000122070312,442.79998779296875,5,35607,1
71,1120219,754.75,360.25,2,35608,0
71,1120220,729.0,319.0,1,35608,1
71,1120221,1020.5,588.5,1,35609,0
71,1120222,314.5,509.5,1,35609,1
71,1120223,1032.5,367.0,1,35610,0
71,1120224,882.5,359.0,1,35610,1
71,1120225,715.0,463.0,1,35610,2
71,1120226,551.5,421.75,2,35610,3
81,1120169,542.0,490.0,1,35591,0
81,1120170,923.0,520.5,1,35591,1
81,1120171,314.5,509.5,1,35591,2
81,1120172,882.5,359.0,1,35592,0
81,1120173,803.0,357.0,1,35592,1
81,1120174,1032.5,367.0,1,35592,2
81,1120175,848.0,509.25,2,35593,0
81,1120176,1623.0,491.0,1,35593,1
81,1120177,925.75,493.0,2,35593,2
81,1120178,572.3333129882812,420.1666564941406,3,35594,0
81,1120179,928.5,465.5,1,35594,1
81,1120180,1650.0,350.5,1,35595,0
81,1120181,1307.0,448.5,1,35596,0
81,1120182,1237.0,366.5,1,35596,1
81,1120183,1623.0,491.0,1,35597,0
81,1120184,803.6666870117188,493.8333435058594,3,35597,1
81,1120185,1237.0,366.5,1,35597,2
81,1120186,754.75,360.25,2,35598,0
81,1120187,729.0,319.0,1,35598,1
81,1120188,882.5,359.0,1,35598,2
81,1120189,715.0,463.0,1,35599,0
81,1120190,902.0,528.0,1,35599,1
81,1120191,1623.0,491.0,1,35599,2
81,1120192,928.5,465.5,1,35599,3
81,1120193,1032.5,367.0,1,35599,4
81,1120194,1237.0,366.5,1,35600,0
81,1120195,902.0,528.0,1,35600,1
81,1120196,1623.0,491.0,1,35600,2
81,1120197,1307.0,448.5,1,35600,3
81,1120198,572.3333129882812,420.1666564941406,3,35601,0
81,1120199,928.5,465.5,1,35601,1
81,1120200,1032.5,367.0,1,35601,2
81,1120201,572.3333129882812,420.1666564941406,3,35602,0
81,1120202,928.5,465.5,1,35602,1
81,1120203,1032.5,367.0,1,35602,2
81,1120204,314.5,509.5,1,35603,0
81,1120205,971.75,554.5,2,35603,1
81,1120206,542.0,490.0,1,35603,2
81,1120207,923.0,520.5,1,35604,0
81,1120208,542.0,490.0,1,35604,1
81,1120209,848.0,509.25,2,35604,2
81,1120210,314.5,509.5,1,35604,3
81,1120211,803.6666870117188,493.8333435058594,3,35605,0
81,1120212,1623.0,491.0,1,35605,1
81,1120213,1237.0,366.5,1,35605,2
81,1120214,923.0,520.5,1,35605,3
81,1120215,729.0,319.0,1,35606,0
81,1120216,754.75,360.25,2,35606,1
81,1120217,928.5,465.5,1,35607,0
81,1120218,645.2000122070312,442.79998779296875,5,35607,1
81,1120219,754.75,360.25,2,35608,0
81,1120220,729.0,319.0,1,35608,1
81,1120221,1020.5,588.5,1,35609,0
81,1120222,314.5,509.5,1,35609,1
81,1120223,1032.5,367.0,1,35610,0
81,1120224,882.5,359.0,1,35610,1
81,1120225,715.0,463.0,1,35610,2
81,1120226,551.5,421.75,2,35610,3
91,1120169,542.0,490.0,1,35591,0
91,1120170,923.0,520.5,1,35591,1
91,1120171,314.5,509.5,1,35591,2
91,1120172,882.5,359.0,1,35592,0
91,1120173,803.0,357.0,1,35592,1
91,1120174,1032.5,367.0,1,35592,2
91,1120175,848.0,509.25,2,35593,0
91,1120176,1623.0,491.0,1,35593,1
91,1120177,925.75,493.0,2,35593,2
91,1120178,572.3333129882812,420.1666564941406,3,35594,0
91,1120179,928.5,465.5,1,35594,1
91,1120180,1650.0,350.5,1,35595,0
91,1120181,1307.0,448.5,1,35596,0
91,1120182,1237.0,366.5,1,35596,1
91,1120183,1623.0,491.0,1,35597,0
91,1120184,803.6666870117188,493.8333435058594,3,35597,1
91,1120185,1237.0,366.5,1,35597,2
91,1120186,754.75,360.25,2,35598,0
91,1120187,729.0,319.0,1,35598,1
91,1120188,882.5,359.0,1,35598,2
91,1120189,715.0,463.0,1,35599,0
91,1120190,902.0,528.0,1,35599,1
91,1120191,1623.0,491.0,1,35599,2
91,1120192,928.5,465.5,1,35599,3
91,1120193,1032.5,367.0,1,35599,4
91,1120194,1237.0,366.5,1,35600,0
91,1120195,902.0,528.0,1,35600,1
91,1120196,1623.0,491.0,1,35600,2
91,1120197,1307.0,448.5,1,35600,3
91,1120198,572.3333129882812,420.1666564941406,3,35601,0
91,1120199,928.5,465.5,1,35601,1
91,1120200,1032.5,367.0,1,35601,2
91,1120201,572.3333129882812,420.1666564941406,3,35602,0
91,1120202,928.5,465.5,1,35602,1
91,1120203,1032.5,367.0,1,35602,2
91,1120204,314.5,509.5,1,35603,0
91,1120205,971.75,554.5,2,35603,1
91,1120206,542.0,490.0,1,35603,2
91,1120207,923.0,520.5,1,35604,0
91,1120208,542.0,490.0,1,35604,1
91,1120209,848.0,509.25,2,35604,2
91,1120210,314.5,509.5,1,35604,3
91,1120211,803.6666870117188,493.8333435058594,3,35605,0
91,1120212,1623.0,491.0,1,35605,1
91,1120213,1237.0,366.5,1,35605,2
91,1120214,923.0,520.5,1,35605,3
91,1120215,729.0,319.0,1,35606,0
91,1120216,754.75,360.25,2,35606,1
91,1120217,928.5,465.5,1,35607,0
91,1120218,645.2000122070312,442.79998779296875,5,35607,1
91,1120219,754.75,360.25,2,35608,0
91,1120220,729.0,319.0,1,35608,1
91,1120221,1020.5,588.5,1,35609,0
91,1120222,314.5,509.5,1,35609,1
91,1120223,1032.5,367.0,1,35610,0
91,1120224,882.5,359.0,1,35610,1
91,1120225,715.0,463.0,1,35610,2
91,1120226,551.5,421.75,2,35610,3
101,1120169,551.0,490.0,1,35591,0
101,1120170,885.0,519.0,1,35591,1
101,1120171,349.5,510.0,1,35591,2
101,1120172,898.5,359.0,1,35592,0
101,1120173,806.0,357.5,1,35592,1
101,1120174,1033.5,372.0,1,35592,2
101,1120175,869.25,507.0,2,35593,0
101,1120176,1587.0,488.0,1,35593,1
101,1120177,896.5,491.25,2,35593,2
101,1120178,596.0833129882812,420.9166564941406,2,35594,0
101,1120179,908.0,463.5,1,35594,1
101,1120180,1650.0,350.5,1,35595,0
101,1120181,1306.0,446.0,1,35596,0
101,1120182,1239.0,370.5,1,35596,1
101,1120183,1587.0,488.0,1,35597,0
101,1120184,821.1666870117188,490.0833435058594,2,35597,1
101,1120185,1239.0,370.5,1,35597,2
101,1120186,765.75,360.5,2,35598,0
101,1120187,729.0,319.0,1,35598,1
101,1120188,898.5,359.0,1,35598,2
101,1120189,740.5,460.5,1,35599,0
101,1120190,911.5,523.0,1,35599,1
101,1120191,1587.0,488.0,1,35599,2
101,1120192,908.0,463.5,1,35599,3
101,1120193,1033.5,372.0,1,35599,4
101,1120194,1239.0,370.5,1,35600,0
101,1120195,911.5,523.0,1,35600,1
101,1120196,1587.0,488.0,1,35600,2
101,1120197,1306.0,446.0,1,35600,3
101,1120198,596.0833129882812,420.9166564941406,2,35601,0
101,1120199,908.0,463.5,1,35601,1
101,1120200,1033.5,372.0,1,35601,2
101,1120201,596.0833129882812,420.9166564941406,2,35602,0
101,1120202,908.0,463.5,1,35602,1
101,1120203,1033.5,372.0,1,35602,2
101,1120204,349.5,510.0,1,35603,0
101,1120205,937.75,550.75,2,35603,1
101,1120206,551.0,490.0,1,35603,2
101,1120207,885.0,519.0,1,35604,0
101,1120208,551.0,490.0,1,35604,1
101,1120209,869.25,507.0,2,35604,2
101,1120210,349.5,510.0,1,35604,3
101,1120211,821.1666870117188,490.0833435058594,2,35605,0
101,1120212,1587.0,488.0,1,35605,1
101,1120213,1239.0,370.5,1,35605,2
101,1120214,885.0,519.0,1,35605,3
101,1120215,729.0,319.0,1,35606,0
101,1120216,765.75,360.5,2,35606,1
101,1120217,908.0,463.5,1,35607,0
101,1120218,671.0,442.8999938964844,5,35607,1
101,1120219,765.75,360.5,2,35608,0
101,1120220,729.0,319.0,1,35608,1
101,1120221,990.5,582.5,1,35609,0
101,1120222,349.5,510.0,1,35609,1
101,1120223,1033.5,372.0,1,35610,0
101,1120224,898.5,359.0,1,35610,1
101,1120225,740.5,460.5,1,35610,2
101,1120226,575.25,422.5,2,35610,3
111,1120169,551.0,490.0,1,35591,0
111,1120170,885.0,519.0,1,35591,1
111,1120171,349.5,510.0,1,35591,2
111,1120172,898.5,359.0,1,35592,0
111,1120173,806.0,357.5,1,35592,1
111,1120174,1033.5,372.0,1,35592,2
111,1120175,869.25,507.0,2,35593,0
111,1120176,1587.0,488.0,1,35593,1
111,1120177,896.5,491.25,2,35593,2
111,1120178,596.0833129882812,420.9166564941406,2,35594,0
111,1120179,908.0,463.5,1,35594,1
111,1120180,1650.0,350.5,1,35595,0
111,1120181,1306.0,446.0,1,35596,0
111,1120182,1239.0,370.5,1,35596,1
111,1120183,1587.0,488.0,1,35597,0
111,1120184,821.1666870117188,490.0833435058594,2,35597,1
111,1120185,1239.0,370.5,1,35597,2
111,1120186,765.75,360.5,2,35598,0
111,1120187,729.0,319.0,1,35598,1
111,1120188,898.5,359.0,1,35598,2
111,1120189,740.5,460.5,1,35599,0
111,1120190,911.5,523.0,1,35599,1
111,1120191,1587.0,488.0,1,35599,2
111,1120192,908.0,463.5,1,35599,3
111,1120193,1033.5,372.0,1,35599,4
111,1120194,1239.0,370.5,1,35600,0
111,1120195,911.5,523.0,1,35600,1
111,1120196,1587.0,488.0,1,35600,2
111,1120197,1306.0,446.0,1,35600,3
111,1120198,596.0833129882812,420.9166564941406,2,35601,0
111,1120199,908.0,463.5,1,35601,1
111,1120200,1033.5,372.0,1,35601,2
111,1120201,596.0833129882812,420.9166564941406,2,35602,0
111,1120202,908.0,463.5,1,35602,1
111,1120203,1033.5,372.0,1,35602,2
111,1120204,349.5,510.0,1,35603,0
111,1120205,937.75,550.75,2,35603,1
111,1120206,551.0,490.0,1,35603,2
111,1120207,885.0,519.0,1,35604,0
111,1120208,551.0,490.0,1,35604,1
111,1120209,869.25,507.0,2,35604,2
111,1120210,349.5,510.0,1,35604,3
111,1120211,821.1666870117188,490.0833435058594,2,35605,0
111,1120212,1587.0,488.0,1,35605,1
111,1120213,1239.0,370.5,1,35605,2
111,1120214,885.0,519.0,1,35605,3
111,1120215,729.0,319.0,1,35606,0
111,1120216,765.75,360.5,2,35606,1
111,1120217,908.0,463.5,1,35607,0
111,1120218,671.0,442.8999938964844,5,35607,1
111,1120219,765.75,360.5,2,35608,0
111,1120220,729.0,319.0,1,35608,1
111,1120221,990.5,582.5,1,35609,0
111,1120222,349.5,510.0,1,35609,1
111,1120223,1033.5,372.0,1,35610,0
111,1120224,898.5,359.0,1,35610,1
111,1120225,740.5,460.5,1,35610,2
111,1120226,575.25,422.5,2,35610,3
121,1120169,551.0,490.0,1,35591,0
121,1120170,885.0,519.0,1,35591,1
121,1120171,349.5,510.0,1,35591,2
121,1120172,898.5,359.0,1,35592,0
121,1120173,806.0,357.5,1,35592,1
121,1120174,1033.5,372.0,1,35592,2
121,1120175,869.25,507.0,2,35593,0
121,1120176,1587.0,488.0,1,35593,1
121,1120177,896.5,491.25,2,35593,2
121,1120178,596.0833129882812,420.9166564941406,2,35594,0
121,1120179,908.0,463.5,2,35594,1
121,1120180,1650.0,350.5,1,35595,0
121,1120181,1306.0,446.0,1,35596,0
121,1120182,1239.0,370.5,1,35596,1
121,1120183,1587.0,488.0,1,35597,0
121,1120184,821.1666870117188,490.0833435058594,2,35597,1
121,1120185,1239.0,370.5,1,35597,2
121,1120186,765.75,360.5,2,35598,0
121,1120187,729.0,319.0,1,35598,1
121,1120188,898.5,359.0,1,35598,2
121,1120189,740.5,460.5,1,35599,0
121,1120190,911.5,523.0,1,35599,1
121,1120191,1587.0,488.0,1,35599,2
121,1120192,908.0,463.5,1,35599,3
121,1120193,1033.5,372.0,1,35599,4
121,1120194,1239.0,370.5,1,35600,0
121,1120195,911.5,523.0,1,35600,1
121,1120196,1587.0,488.0,1,35600,2
121,1120197,1306.0,446.0,1,35600,3
121,1120198,596.0833129882812,420.9166564941406,2,35601,0
121,1120199,908.0,463.5,2,35601,1
121,1120200,1033.5,372.0,1,35601,2
121,1120201,596.0833129882812,420.9166564941406,2,35602,0
121,1120202,908.0,463.5,2,35602,1
121,1120203,1033.5,372.0,1,35602,2
121,1120204,349.5,510.0,1,35603,0
121,1120205,937.75,550.75,2,35603,1
121,1120206,551.0,490.0,1,35603,2
121,1120207,885.0,519.0,1,35604,0
121,1120208,551.0,490.0,1,35604,1
121,1120209,869.25,507.0,2,35604,2
121,1120210,349.5,510.0,1,35604,3
121,1120211,821.1666870117188,490.0833435058594,2,35605,0
121,1120212,1587.0,488.0,1,35605,1
121,1120213,1239.0,370.5,1,35605,2
121,1120214,885.0,519.0,1,35605,3
121,1120215,729.0,319.0,1,35606,0
121,1120216,765.75,360.5,2,35606,1
121,1120217,908.0,463.5,1,35607,0
121,1120218,671.0,442.8999938964844,5,35607,1
121,1120219,765.75,360.5,2,35608,0
121,1120220,729.0,319.0,1,35608,1
121,1120221,990.5,582.5,1,35609,0
121,1120222,349.5,510.0,1,35609,1
121,1120223,1033.5,372.0,1,35610,0
121,1120224,898.5,359.0,1,35610,1
121,1120225,740.5,460.5,1,35610,2
121,1120226,575.25,422.5,2,35610,3
131,1120169,551.0,490.0,1,35591,0
131,1120170,885.0,519.0,1,35591,1
131,1120171,349.5,510.0,1,35591,2
131,1120172,898.5,359.0,1,35592,0
131,1120173,806.0,357.5,1,35592,1
131,1120174,1033.5,372.0,1,35592,2
131,1120175,869.25,507.0,2,35593,0
131,1120176,1587.0,488.0,1,35593,1
131,1120177,896.5,491.25,2,35593,2
131,1120178,596.0833129882812,420.9166564941406,2,35594,0
131,1120179,908.0,463.5,2,35594,1
131,1120180,1650.0,350.5,1,35595,0
131,1120181,1306.0,446.0,1,35596,0
131,1120182,1239.0,370.5,1,35596,1
131,1120183,1587.0,488.0,1,35597,0
131,1120184,821.1666870117188,490.0833435058594,2,35597,1
131,1120185,1239.0,370.5,1,35597,2
131,1120186,765.75,360.5,2,35598,0
131,1120187,729.0,319.0,1,35598,1
131,1120188,898.5,359.0,1,35598,2
131,1120189,740.5,460.5,1,35599,0
131,1120190,911.5,523.0,1,35599,1
131,1120191,1587.0,488.0,1,35599,2
131,1120192,908.0,463.5,1,35599,3
131,1120193,1033.5,372.0,1,35599,4
131,1120194,1239.0,370.5,1,35600,0
131,1120195,911.5,523.0,1,35600,1
131,1120196,1587.0,488.0,1,35600,2
131,1120197,1306.0,446.0,1,35600,3
131,1120198,596.0833129882812,420.9166564941406,2,35601,0
131,1120199,908.0,463.5,2,35601,1
131,1120200,1033.5,372.0,1,35601,2
131,1120201,596.0833129882812,420.9166564941406,2,35602,0
131,1120202,908.0,463.5,2,35602,1
131,1120203,1033.5,372.0,1,35602,2
131,1120204,349.5,510.0,1,35603,0
131,1120205,937.75,550.75,2,35603,1
131,1120206,551.0,490.0,1,35603,2
131,1120207,885.0,519.0,1,35604,0
131,1120208,551.0,490.0,1,35604,1
131,1120209,869.25,507.0,2,35604,2
131,1120210,349.5,510.0,1,35604,3
131,1120211,821.1666870117188,490.0833435058594,2,35605,0
131,1120212,1587.0,488.0,1,35605,1
131,1120213,1239.0,370.5,1,35605,2
131,1120214,885.0,519.0,1,35605,3
131,1120215,729.0,319.0,1,35606,0
131,1120216,765.75,360.5,2,35606,1
131,1120217,908.0,463.5,1,35607,0
131,1120218,671.0,442.8999938964844,5,35607,1
131,1120219,765.75,360.5,2,35608,0
131,1120220,729.0,319.0,1,35608,1
131,1120221,990.5,582.5,1,35609,0
131,1120222,349.5,510.0,1,35609,1
131,1120223,1033.5,372.0,1,35610,0
131,1120224,898.5,359.0,1,35610,1
131,1120225,740.5,460.5,1,35610,2
131,1120226,575.25,422.5,2,35610,3
141,1120169,551.0,490.0,1,35591,0
141,1120170,885.0,519.0,1,35591,1
141,1120171,349.5,510.0,1,35591,2
141,1120172,898.5,359.0,1,35592,0
141,1120173,806.0,357.5,1,35592,1
141,1120174,1033.5,372.0,1,35592,2
141,1120175,869.25,507.0,2,35593,0
141,1120176,1587.0,488.0,1,35593,1
141,1120177,896.5,491.25,2,35593,2
141,1120178,596.0833129882812,420.9166564941406,2,35594,0
141,1120179,908.0,463.5,2,35594,1
141,1120180,1650.0,350.5,1,35595,0
141,1120181,1306.0,446.0,1,35596,0
141,1120182,1239.0,370.5,1,35596,1
141,1120183,1587.0,488.0,1,35597,0
141,1120184,821.1666870117188,490.0833435058594,2,35597,1
141,1120185,1239.0,370.5,1,35597,2
141,1120186,765.75,360.5,2,35598,0
141,1120187,729.0,319.0,1,35598,1
141,1120188,898.5,359.0,1,35598,2
141,1120189,740.5,460.5,1,35599,0
141,1120190,911.5,523.0,1,35599,1
141,1120191,1587.0,488.0,1,35599,2
141,1120192,908.0,463.5,1,35599,3
141,1120193,1033.5,372.0,1,35599,4
141,1120194,1239.0,370.5,1,35600,0
141,1120195,911.5,523.0,1,35600,1
141,1120196,1587.0,488.0,1,35600,2
141,1120197,1306.0,446.0,1,35600,3
141,1120198,596.0833129882812,420.9166564941406,2,35601,0
141,1120199,908.0,463.5,2,35601,1
141,1120200,1033.5,372.0,1,35601,2
141,1120201,596.0833129882812,420.9166564941406,2,35602,0
141,1120202,908.0,463.5,2,35602,1
141,1120203,1033.5,372.0,1,35602,2
141,1120204,349.5,510.0,1,35603,0
141,1120205,937.75,550.75,2,35603,1
141,1120206,551.0,490.0,1,35603,2
141,1120207,885.0,519.0,1,35604,0
141,1120208,551.0,490.0,1,35604,1
141,1120209,869.25,507.0,2,35604,2
141,1120210,349.5,510.0,1,35604,3
141,1120211,821.1666870117188,490.0833435058594,2,35605,0
141,1120212,1587.0,488.0,1,35605,1
141,1120213,1239.0,370.5,1,35605,2
141,1120214,885.0,519.0,1,35605,3
141,1120215,729.0,319.0,1,35606,0
141,1120216,765.75,360.5,2,35606,1
141,1120217,908.0,463.5,1,35607,0
141,1120218,671.0,442.8999938964844,5,35607,1
141,1120219,765.75,360.5,2,35608,0
141,1120220,729.0,319.0,1,35608,1
141,1120221,990.5,582.5,1,35609,0
141,1120222,349.5,510.0,1,35609,1
141,1120223,1033.5,372.0,1,35610,0
141,1120224,898.5,359.0,1,35610,1
141,1120225,740.5,460.5,1,35610,2
141,1120226,575.25,422.5,2,35610,3
151,1120169,551.0,490.0,1,35591,0
151,1120170,885.0,519.0,1,35591,1
151,1120171,349.5,510.0,1,35591,2
151,1120172,898.5,359.0,1,35592,0
151,1120173,806.0,357.5,1,35592,1
151,1120174,1033.5,372.0,1,35592,2
151,1120175,869.25,507.0,2,35593,0
151,1120176,1587.0,488.0,1,35593,1
151,1120177,896.5,491.25,2,35593,2
151,1120178,596.0833129882812,420.9166564941406,2,35594,0
151,1120179,908.0,463.5,2,35594,1
151,1120180,1650.0,350.5,1,35595,0
151,1120181,1306.0,446.0,1,35596,0
151,1120182,1239.0,370.5,1,35596,1
151,1120183,1587.0,488.0,1,35597,0
151,1120184,821.1666870117188,490.0833435058594,2,35597,1
151,1120185,1239.0,370.5,1,35597,2
151,1120186,765.75,360.5,2,35598,0
151,1120187,729.0,319.0,1,35598,1
151,1120188,898.5,359.0,1,35598,2
151,1120189,740.5,460.5,1,35599,0
151,1120190,911.5,523.0,1,35599,1
151,1120191,1587.0,488.0,1,35599,2
151,1120192,908.0,463.5,1,35599,3
151,1120193,1033.5,372.0,1,35599,4
151,1120194,1239.0,370.5,1,35600,0
151,1120195,911.5,523.0,1,35600,1
151,1120196,1587.0,488.0,1,35600,2
151,1120197,1306.0,446.0,1,35600,3
151,1120198,596.0833129882812,420.9166564941406,2,35601,0
151,1120199,908.0,463.5,2,35601,1
151,1120200,1033.5,372.0,1,35601,2
151,1120201,596.0833129882812,420.9166564941406,2,35602,0
151,1120202,908.0,463.5,2,35602,1
151,1120203,1033.5,372.0,1,35602,2
151,1120204,349.5,510.0,1,35603,0
151,1120205,937.75,550.75,2,35603,1
151,1120206,551.0,490.0,1,35603,2
151,1120207,885.0,519.0,1,35604,0
151,1120208,551.0,490.0,1,35604,1
151,1120209,869.25,507.0,2,35604,2
151,1120210,349.5,510.0,1,35604,3
151,1120211,821.1666870117188,490.0833435058594,2,35605,0
151,1120212,1587.0,488.0,1,35605,1
151,1120213,1239.0,370.5,1,35605,2
151,1120214,885.0,519.0,1,35605,3
151,1120215,729.0,319.0,1,35606,0
151,1120216,765.75,360.5,2,35606,1
151,1120217,908.0,463.5,1,35607,0
151,1120218,671.0,442.8999938964844,5,35607,1
151,1120219,765.75,360.5,2,35608,0
151,1120220,729.0,319.0,1,35608,1
151,1120221,990.5,582.5,1,35609,0
151,1120222,349.5,510.0,1,35609,1
151,1120223,1033.5,372.0,1,35610,0
151,1120224,898.5,359.0,1,35610,1
151,1120225,740.5,460.5,1,35610,2
151,1120226,575.25,422.5,2,35610,3
161,1120169,551.0,490.0,1,35591,0
161,1120170,885.0,519.0,1,35591,1
161,1120171,349.5,510.0,1,35591,2
161,1120172,898.5,359.0,1,35592,0
161,1120173,806.0,357.5,1,35592,1
161,1120174,1033.5,372.0,1,35592,2
161,1120175,869.25,507.0,2,35593,0
161,1120176,1587.0,488.0,1,35593,1
161,1120177,896.5,491.25,2,35593,2
161,1120178,596.0833129882812,420.9166564941406,2,35594,0
161,1120179,908.0,463.5,2,35594,1
161,1120180,1650.0,350.5,1,35595,0
161,1120181,1306.0,446.0,1,35596,0
161,1120182,1239.0,370.5,1,35596,1
161,1120183,1587.0,488.0,1,35597,0
161,1120184,821.1666870117188,490.0833435058594,2,35597,1
161,1120185,1239.0,370.5,1,35597,2
161,1120186,765.75,360.5,2,35598,0
161,1120187,729.0,319.0,1,35598,1
161,1120188,898.5,359.0,1,35598,2
161,1120189,740.5,460.5,1,35599,0
161,1120190,911.5,523.0,1,35599,1
161,1120191,1587.0,488.0,1,35599,2
161,1120192,908.0,463.5,1,35599,3
161,1120193,1033.5,372.0,1,35599,4
161,1120194,1239.0,370.5,1,35600,0
161,1120195,911.5,523.0,1,35600,1
161,1120196,1587.0,488.0,1,35600,2
161,1120197,1306.0,446.0,1,35600,3
161,1120198,596.0833129882812,420.9166564941406,2,35601,0
161,1120199,908.0,463.5,2,35601,1
161,1120200,1033.5,372.0,1,35601,2
161,1120201,596.0833129882812,420.9166564941406,2,35602,0
161,1120202,908.0,463.5,2,35602,1
161,1120203,1033.5,372.0,1,35602,2
161,1120204,349.5,510.0,1,35603,0
161,1120205,937.75,550.75,2,35603,1
161,1120206,551.0,490.0,1,35603,2
161,1120207,885.0,519.0,1,35604,0
161,1120208,551.0,490.0,1,35604,1
161,1120209,869.25,507.0,2,35604,2
161,1120210,349.5,510.0,1,35604,3
161,1120211,821.1666870117188,490.0833435058594,2,35605,0
161,1120212,1587.0,488.0,1,35605,1
161,1120213,1239.0,370.5,1,35605,2
161,1120214,885.0,519.0,1,35605,3
161,1120215,729.0,319.0,1,35606,0
161,1120216,765.75,360.5,2,35606,1
161,1120217,908.0,463.5,1,35607,0
161,1120218,671.0,442.8999938964844,5,35607,1
161,1120219,765.75,360.5,2,35608,0
161,1120220,729.0,319.0,1,35608,1
161,1120221,990.5,582.5,1,35609,0
161,1120222,349.5,510.0,1,35609,1
161,1120223,1033.5,372.0,1,35610,0
161,1120224,898.5,359.0,1,35610,1
161,1120225,740.5,460.5,1,35610,2
161,1120226,575.25,422.5,2,35610,3
171,1120169,551.0,490.0,1,35591,0
171,1120170,885.0,519.0,1,35591,1
171,1120171,349.5,510.0,1,35591,2
171,1120172,898.5,359.0,1,35592,0
171,1120173,806.0,357.5,1,35592,1
171,1120174,1033.5,372.0,1,35592,2
171,1120175,869.25,507.0,2,35593,0
171,1120176,1587.0,488.0,1,35593,1
171,1120177,896.5,491.25,2,35593,2
171,1120178,596.0833129882812,420.9166564941406,2,35594,0
171,1120179,908.0,463.5,2,35594,1
171,1120180,1650.0,350.5,1,35595,0
171,1120181,1306.0,446.0,1,35596,0
171,1120182,1239.0,370.5,1,35596,1
171,1120183,1587.0,488.0,1,35597,0
171,1120184,821.1666870117188,490.0833435058594,2,35597,1
171,1120185,1239.0,370.5,1,35597,2
171,1120186,765.75,360.5,2,35598,0
171,1120187,729.0,319.0,1,35598,1
171,1120188,898.5,359.0,1,35598,2
171,1120189,740.5,460.5,1,35599,0
171,1120190,911.5,523.0,1,35599,1
171,1120191,1587.0,488.0,1,35599,2
171,1120192,908.0,463.5,1,35599,3
171,1120193,1033.5,372.0,1,35599,4
171,1120194,1239.0,370.5,1,35600,0
171,1120195,911.5,523.0,1,35600,1
171,1120196,1587.0,488.0,1,35600,2
171,1120197,1306.0,446.0,1,35600,3
171,1120198,596.0833129882812,420.9166564941406,2,35601,0
171,1120199,908.0,463.5,2,35601,1
171,1120200,1033.5,372.0,1,35601,2
171,1120201,596.0833129882812,420.9166564941406,2,35602,0
171,1120202,908.0,463.5,2,35602,1
171,1120203,1033.5,372.0,1,35602,2
171,1120204,349.5,510.0,1,35603,0
171,1120205,937.75,550.75,2,35603,1
171,1120206,551.0,490.0,1,35603,2
171,1120207,885.0,519.0,1,35604,0
171,1120208,551.0,490.0,1,35604,1
171,1120209,869.25,507.0,2,35604,2
171,1120210,349.5,510.0,1,35604,3
171,1120211,821.1666870117188,490.0833435058594,2,35605,0
171,1120212,1587.0,488.0,1,35605,1
171,1120213,1239.0,370.5,1,35605,2
171,1120214,885.0,519.0,1,35605,3
171,1120215,729.0,319.0,1,35606,0
171,1120216,765.75,360.5,2,35606,1
171,1120217,908.0,463.5,1,35607,0
171,1120218,671.0,442.8999938964844,5,35607,1
171,1120219,765.75,360.5,2,35608,0
171,1120220,729.0,319.0,1,35608,1
171,1120221,990.5,582.5,1,35609,0
171,1120222,349.5,510.0,1,35609,1
171,1120223,1033.5,372.0,1,35610,0
171,1120224,898.5,359.0,1,35610,1
171,1120225,740.5,460.5,1,35610,2
171,1120226,575.25,422.5,2,35610,3
181,1120169,551.0,490.0,1,35591,0
181,1120170,885.0,519.0,1,35591,1
181,1120171,349.5,510.0,1,35591,2
181,1120172,898.5,359.0,1,35592,0
181,1120173,806.0,357.5,1,35592,1
181,1120174,1033.5,372.0,1,35592,2
181,1120175,869.25,507.0,2,35593,0
181,1120176,1587.0,488.0,1,35593,1
181,1120177,896.5,491.25,2,35593,2
181,1120178,596.0833129882812,420.9166564941406,2,35594,0
181,1120179,908.0,463.5,2,35594,1
181,1120180,1650.0,350.5,1,35595,0
181,1120181,1306.0,446.0,1,35596,0
181,1120182,1239.0,370.5,1,35596,1
181,1120183,1587.0,488.0,1,35597,0
181,1120184,821.1666870117188,490.0833435058594,2,35597,1
181,1120185,1239.0,370.5,1,35597,2
181,1120186,765.75,360.5,2,35598,0
181,1120187,729.0,319.0,1,35598,1
181,1120188,898.5,359.0,1,35598,2
181,1120189,740.5,460.5,1,35599,0
181,1120190,911.5,523.0,1,35599,1
181,1120191,1587.0,488.0,1,35599,2
181,1120192,908.0,463.5,1,35599,3
181,1120193,1033.5,372.0,1,35599,4
181,1120194,1239.0,370.5,1,35600,0
181,1120195,911.5,523.0,1,35600,1
181,1120196,1587.0,488.0,1,35600,2
181,1120197,1306.0,446.0,1,35600,3
181,1120198,596.0833129882812,420.9166564941406,2,35601,0
181,1120199,908.0,463.5,2,35601,1
181,1120200,1033.5,372.0,1,35601,2
181,1120201,596.0833129882812,420.9166564941406,2,35602,0
181,1120202,908.0,463.5,2,35602,1
181,1120203,1033.5,372.0,1,35602,2
181,1120204,349.5,510.0,1,35603,0
181,1120205,937.75,550.75,2,35603,1
181,1120206,551.0,490.0,1,35603,2
181,1120207,885.0,519.0,1,35604,0
181,1120208,551.0,490.0,1,35604,1
181,1120209,869.25,507.0,2,35604,2
181,1120210,349.5,510.0,1,35604,3
181,1120211,821.1666870117188,490.0833435058594,2,35605,0
181,1120212,1587.0,488.0,1,35605,1
181,1120213,1239.0,370.5,1,35605,2
181,1120214,885.0,519.0,1,35605,3
181,1120215,729.0,319.0,1,35606,0
181,1120216,765.75,360.5,2,35606,1
181,1120217,908.0,463.5,1,35607,0
181,1120218,671.0,442.8999938964844,5,35607,1
181,1120219,765.75,360.5,2,35608,0
181,1120220,729.0,319.0,1,35608,1
181,1120221,990.5,582.5,1,35609,0
181,1120222,349.5,510.0,1,35609,1
181,1120223,1033.5,372.0,1,35610,0
181,1120224,898.5,359.0,1,35610,1
181,1120225,740.5,460.5,1,35610,2
181,1120226,575.25,422.5,2,35610,3
191,1120169,551.0,490.0,1,35591,0
191,1120170,885.0,519.0,1,35591,1
191,1120171,349.5,510.0,1,35591,2
191,1120172,898.5,359.0,1,35592,0
191,1120173,806.0,357.5,1,35592,1
191,1120174,1033.5,372.0,1,35592,2
191,1120175,869.25,507.0,2,35593,0
191,1120176,1587.0,488.0,1,35593,1
191,1120177,896.5,491.25,2,35593,2
191,1120178,596.0833129882812,420.9166564941406,2,35594,0
191,1120179,908.0,463.5,2,35594,1
191,1120180,1650.0,350.5,1,35595,0
191,1120181,1306.0,446.0,1,35596,0
191,1120182,1239.0,370.5,1,35596,1
191,1120183,1587.0,488.0,1,35597,0
191,1120184,821.1666870117188,490.0833435058594,2,35597,1
191,1120185,1239.0,370.5,1,35597,2
191,1120186,765.75,360.5,2,35598,0
191,1120187,729.0,319.0,1,35598,1
191,1120188,898.5,359.0,1,35598,2
191,1120189,740.5,460.5,1,35599,0
191,1120190,911.5,523.0,1,35599,1
191,1120191,1587.0,488.0,1,35599,2
191,1120192,908.0,463.5,1,35599,3
191,1120193,1033.5,372.0,1,35599,4
191,1120194,1239.0,370.5,1,35600,0
191,1120195,911.5,523.0,1,35600,1
191,1120196,1587.0,488.0,1,35600,2
191,1120197,1306.0,446.0,1,35600,3
191,1120198,596.0833129882812,420.9166564941406,2,35601,0
191,1120199,908.0,463.5,2,35601,1
191,1120200,1033.5,372.0,1,35601,2
191,1120201,596.0833129882812,420.9166564941406,2,35602,0
191,1120202,908.0,463.5,2,35602,1
191,1120203,1033.5,372.0,1,35602,2
191,1120204,349.5,510.0,1,35603,0
191,1120205,937.75,550.75,2,35603,1
191,1120206,551.0,490.0,1,35603,2
191,1120207,885.0,519.0,1,35604,0
191,1120208,551.0,490.0,1,35604,1
191,1120209,869.25,507.0,2,35604,2
191,1120210,349.5,510.0,1,35604,3
191,1120211,821.1666870117188,490.0833435058594,2,35605,0
191,1120212,1587.0,488.0,1,35605,1
191,1120213,1239.0,370.5,1,35605,2
191,1120214,885.0,519.0,1,35605,3
191,1120215,729.0,319.0,1,35606,0
191,1120216,765.75,360.5,2,35606,1
191,1120217,908.0,463.5,1,35607,0
191,1120218,671.0,442.8999938964844,5,35607,1
191,1120219,765.75,360.5,2,35608,0
191,1120220,729.0,319.0,1,35608,1
191,1120221,990.5,582.5,1,35609,0
191,1120222,349.5,510.0,1,35609,1
191,1120223,1033.5,372.0,1,35610,0
191,1120224,898.5,359.0,1,35610,1
191,1120225,740.5,460.5,1,35610,2
191,1120226,575.25,422.5,2,35610,3
201,1120169,587.0,489.0,1,35591,0
201,1120170,883.0,520.0,1,35591,1
201,1120171,386.5,509.5,1,35591,2
201,1120172,915.5,359.0,1,35592,0
201,1120173,824.5,357.5,1,35592,1
201,1120174,1032.0,375.0,1,35592,2
201,1120175,895.25,505.25,2,35593,0
201,1120176,1557.0,486.0,1,35593,1
201,1120177,889.0,490.75,2,35593,2
201,1120178,622.0833129882812,421.6666564941406,2,35594,0
201,1120179,909.75,462.25,2,35594,1
201,1120180,1650.0,350.5,1,35595,0
201,1120181,1305.0,449.0,1,35596,0
201,1120182,1242.5,373.5,1,35596,1
201,1120183,1591.5,486.75,2,35597,0
201,1120184,838.9166870117188,487.3333435058594,2,35597,1
201,1120185,1242.5,373.5,1,35597,2
201,1120186,785.25,360.75,2,35598,0
201,1120187,718.0,320.5,1,35598,1
201,1120188,915.5,359.0,1,35598,2
201,1120189,763.0,458.0,1,35599,0
201,1120190,924.5,520.0,1,35599,1
201,1120191,1557.0,486.0,1,35599,2
201,1120192,895.0,461.5,1,35599,3
201,1120193,1032.0,375.0,1,35599,4
201,1120194,1242.5,373.5,1,35600,0
201,1120195,924.5,520.0,1,35600,1
201,1120196,1557.0,486.0,1,35600,2
201,1120197,1305.0,449.0,1,35600,3
201,1120198,622.0833129882812,421.6666564941406,2,35601,0
201,1120199,909.75,462.25,2,35601,1
201,1120200,1032.0,375.0,1,35601,2
201,1120201,622.0833129882812,421.6666564941406,2,35602,0
201,1120202,909.75,462.25,2,35602,1
201,1120203,1032.0,375.0,1,35602,2
201,1120204,386.5,509.5,1,35603,0
201,1120205,925.25,549.25,2,35603,1
201,1120206,587.0,489.0,1,35603,2
201,1120207,883.0,520.0,1,35604,0
201,1120208,587.0,489.0,1,35604,1
201,1120209,895.25,505.25,2,35604,2
201,1120210,386.5,509.5,1,35604,3
201,1120211,838.9166870117188,487.3333435058594,2,35605,0
201,1120212,1591.5,486.75,2,35605,1
201,1120213,1242.5,373.5,1,35605,2
201,1120214,883.0,520.0,1,35605,3
201,1120215,718.0,320.5,1,35606,0
201,1120216,785.25,360.75,2,35606,1
201,1120217,913.5,462.25,2,35607,0
201,1120218,697.5,442.5249938964844,4,35607,1
201,1120219,785.25,360.75,2,35608,0
201,1120220,718.0,320.5,1,35608,1
201,1120221,967.5,578.5,1,35609,0
201,1120222,386.5,509.5,1,35609,1
201,1120223,1032.0,375.0,1,35610,0
201,1120224,915.5,359.0,1,35610,1
201,1120225,763.0,458.0,1,35610,2
201,1120226,601.25,423.25,2,35610,3
221,1120227,708.5,483.5,1,35611,0
221,1120228,1556.5,488.0,1,35611,1
221,1120229,1272.0,449.5,1,35611,2
221,1120230,1071.5,457.5,1,35611,3
221,1120231,1072.5,447.5,2,35611,4
221,1120232,1791.5,638.5,1,35611,5
221,1120233,1660.5,666.0,1,35611,6
221,1120234,1036.5,437.0,1,35611,7
221,1120235,1215.5,361.5,1,35612,0
221,1120236,863.5,358.0,1,35612,1
221,1120237,993.0,361.0,1,35612,2
221,1120238,1556.5,488.0,1,35613,0
221,1120239,1272.0,449.5,1,35613,1
221,1120240,1047.75,484.25,2,35613,2
221,1120241,708.5,483.5,1,35613,3
221,1120242,985.5,419.0,1,35614,0
221,1120243,1253.75,434.25,2,35614,1
221,1120244,1072.5,447.5,2,35614,2
221,1120245,1036.5,437.0,1,35614,3
221,1120246,1650.0,350.5,1,35615,0
221,1120247,1270.875,436.125,4,35616,0
221,1120248,1047.75,484.25,2,35616,1
221,1120249,1027.0,452.5,1,35617,0
221,1120250,544.0,414.5,1,35617,1
221,1120251,1035.3333740234375,432.1666564941406,3,35617,2
221,1120252,708.5,483.5,1,35617,3
221,1120253,1036.5,437.0,1,35617,4
221,1120254,863.5,358.0,1,35618,0
221,1120255,1215.5,361.5,1,35618,1
221,1120256,1270.875,436.125,4,35619,0
221,1120257,1017.25,419.5,2,35619,1
221,1120258,1270.875,436.125,4,35620,0
221,1120259,1047.75,484.25,2,35620,1
221,1120260,708.5,483.5,1,35620,2
221,1120261,1556.5,488.0,1,35620,3
221,1120262,1791.5,638.5,1,35620,4
221,1120263,1660.5,666.0,1,35620,5
221,1120264,1060.25,438.75,2,35621,0
221,1120265,1253.75,434.25,2,35621,1
221,1120266,1072.5,447.5,2,35621,2
221,1120267,1036.5,437.0,1,35621,3
221,1120268,1791.5,638.5,1,35622,0
221,1120269,1660.5,666.0,1,35622,1
221,1120270,1024.0,511.0,1,35622,2
221,1120271,708.5,483.5,1,35622,3
221,1120272,1272.0,449.5,1,35622,4
221,1120273,1045.25,456.375,4,35623,0
221,1120274,708.5,483.5,1,35623,1
221,1120275,1556.5,488.0,1,35623,2
221,1120276,1288.0,438.0,2,35623,3
221,1120277,1072.5,447.5,2,35623,4
221,1120278,1047.75,484.25,2,35624,0
221,1120279,1556.5,488.0,1,35624,1
221,1120280,1288.0,438.0,2,35624,2
221,1120281,1660.5,666.0,1,35624,3
221,1120282,1791.5,638.5,1,35624,4
221,1120283,1118.0,442.5,1,35625,0
221,1120284,544.0,414.5,1,35625,1
221,1120285,281.5,501.0,1,35625,2
221,1120286,708.5,483.5,1,35625,3
221,1120287,1035.3333740234375,432.1666564941406,3,35625,4
221,1120288,1036.5,437.0,1,35625,5
221,1120289,281.5,501.0,1,35626,0
221,1120290,360.0,511.0,1,35626,1
221,1120291,958.0,566.0,1,35626,2
221,1120292,1118.0,442.5,1,35626,3
221,1120293,1270.875,436.125,4,35627,0
221,1120294,1017.25,419.5,2,35627,1
221,1120295,1660.5,666.0,1,35627,2
221,1120296,509.5,349.5,1,35628,0
221,1120297,676.0,328.5,1,35628,1
221,1120298,676.0,328.5,1,35629,0
221,1120299,474.75,331.5,2,35629,1
221,1120300,133.5,400.5,1,35629,2
221,1120301,544.0,414.5,1,35630,0
221,1120302,1072.5,447.5,2,35630,1
221,1120303,993.0,361.0,1,35631,0
221,1120304,1215.5,361.5,1,35631,1
221,1120305,360.0,511.0,1,35632,0
221,1120306,958.0,566.0,1,35632,1
221,1120307,281.5,501.0,1,35632,2
221,1120308,1036.5,437.0,1,35633,0
221,1120309,708.5,483.5,1,35633,1
221,1120310,1035.3333740234375,432.1666564941406,3,35633,2
221,1120311,1072.5,447.5,2,35633,3
221,1120312,197.0,333.5,1,35634,0
221,1120313,958.0,566.0,1,35635,0
221,1120314,360.0,511.0,1,35635,1
221,1120315,281.5,501.0,1,35635,2
221,1120316,440.0,313.5,1,35636,0
221,1120317,676.0,328.5,1,35636,1
221,1120318,133.5,400.5,1,35637,0
221,1120319,676.0,328.5,1,35637,1
221,1120320,1660.5,666.0,1,35638,0
221,1120321,1791.5,638.5,1,35638,1
221,1120322,708.5,483.5,1,35638,2
221,1120323,1261.75,444.25,2,35638,3
221,1120324,1024.0,511.0,1,35638,4
231,1120227,708.5,483.5,1,35611,0
231,1120228,1556.5,488.0,1,35611,1
231,1120229,1272.0,449.5,1,35611,2
231,1120230,1071.5,457.5,1,35611,3
231,1120231,1072.5,447.5,2,35611,4
231,1120232,1791.5,638.5,1,35611,5
231,1120233,1660.5,666.0,1,35611,6
231,1120234,1036.5,437.0,1,35611,7
231,1120235,1215.5,361.5,1,35612,0
231,1120236,863.5,358.0,1,35612,1
231,1120237,993.0,361.0,1,35612,2
231,1120238,1556.5,488.0,1,35613,0
231,1120239,1272.0,449.5,1,35613,1
231,1120240,1047.75,484.25,2,35613,2
231,1120241,708.5,483.5,1,35613,3
231,1120242,985.5,419.0,1,35614,0
231,1120243,1253.75,434.25,2,35614,1
231,1120244,1072.5,447.5,2,35614,2
231,1120245,1036.5,437.0,1,35614,3
231,1120246,1650.0,350.5,1,35615,0
231,1120247,1270.875,436.125,4,35616,0
231,1120248,1047.75,484.25,2,35616,1
231,1120249,1027.0,452.5,1,35617,0
231,1120250,544.0,414.5,1,35617,1
231,1120251,1035.3333740234375,432.1666564941406,3,35617,2
231,1120252,708.5,483.5,1,35617,3
231,1120253,1036.5,437.0,1,35617,4
231,1120254,863.5,358.0,1,35618,0
231,1120255,1215.5,361.5,1,35618,1
231,1120256,1270.875,436.125,4,35619,0
231,1120257,1017.25,419.5,2,35619,1
231,1120258,1270.875,436.125,4,35620,0
231,1120259,1047.75,484.25,2,35620,1
231,1120260,708.5,483.5,1,35620,2
231,1120261,1556.5,488.0,1,35620,3
231,1120262,1791.5,638.5,1,35620,4
231,1120263,1660.5,666.0,1,35620,5
231,1120264,1060.25,438.75,2,35621,0
231,1120265,1253.75,434.25,2,35621,1
231,1120266,1072.5,447.5,2,35621,2
231,1120267,1036.5,437.0,1,35621,3
231,1120268,1791.5,638.5,1,35622,0
231,1120269,1660.5,666.0,1,35622,1
231,1120270,1024.0,511.0,1,35622,2
231,1120271,708.5,483.5,1,35622,3
231,1120272,1272.0,449.5,1,35622,4
231,1120273,1045.25,456.375,4,35623,0
231,1120274,708.5,483.5,1,35623,1
231,1120275,1556.5,488.0,1,35623,2
231,1120276,1288.0,438.0,2,35623,3
231,1120277,1072.5,447.5,2,35623,4
231,1120278,1047.75,484.25,2,35624,0
231,1120279,1556.5,488.0,1,35624,1
231,1120280,1288.0,438.0,2,35624,2
231,1120281,1660.5,666.0,1,35624,3
231,1120282,1791.5,638.5,1,35624,4
231,1120283,1118.0,442.5,1,35625,0
231,1120284,544.0,414.5,1,35625,1
231,1120285,281.5,501.0,1,35625,2
231,1120286,708.5,483.5,1,35625,3
231,1120287,1035.3333740234375,432.1666564941406,3,35625,4
231,1120288,1036.5,437.0,1,35625,5
231,1120289,281.5,501.0,1,35626,0
231,1120290,360.0,511.0,1,35626,1
231,1120291,958.0,566.0,1,35626,2
231,1120292,1118.0,442.5,1,35626,3
231,1120293,1270.875,436.125,4,35627,0
231,1120294,1017.25,419.5,2,35627,1
231,1120295,1660.5,666.0,1,35627,2
231,1120296,509.5,349.5,1,35628,0
231,1120297,676.0,328.5,1,35628,1
231,1120298,676.0,328.5,1,35629,0
231,1120299,474.75,331.5,2,35629,1
231,1120300,133.5,400.5,1,35629,2
231,1120301,544.0,414.5,1,35630,0
231,1120302,1072.5,447.5,2,35630,1
231,1120303,993.0,361.0,1,35631,0
231,1120304,1215.5,361.5,1,35631,1
231,1120305,360.0,511.0,1,35632,0
231,1120306,958.0,566.0,1,35632,1
231,1120307,281.5,501.0,1,35632,2
231,1120308,1036.5,437.0,1,35633,0
231,1120309,708.5,483.5,1,35633,1
231,1120310,1035.3333740234375,432.1666564941406,3,35633,2
231,1120311,1072.5,447.5,2,35633,3
231,1120312,197.0,333.5,1,35634,0
231,1120313,958.0,566.0,1,35635,0
231,1120314,360.0,511.0,1,35635,1
231,1120315,281.5,501.0,1,35635,2
231,1120316,440.0,313.5,1,35636,0
231,1120317,676.0,328.5,1,35636,1
231,1120318,133.5,400.5,1,35637,0
231,1120319,676.0,328.5,1,35637,1
231,1120320,1660.5,666.0,1,35638,0
231,1120321,1791.5,638.5,1,35638,1
231,1120322,708.5,483.5,1,35638,2
231,1120323,1261.75,444.25,2,35638,3
231,1120324,1024.0,511.0,1,35638,4
241,1120227,708.5,483.5,1,35611,0
241,1120228,1556.5,488.0,1,35611,1
241,1120229,1272.0,449.5,1,35611,2
241,1120230,1071.5,457.5,1,35611,3
241,1120231,1072.5,447.5,2,35611,4
241,1120232,1791.5,638.5,1,35611,5
241,1120233,1660.5,666.0,1,35611,6
241,1120234,1036.5,437.0,1,35611,7
241,1120235,1215.5,361.5,1,35612,0
241,1120236,863.5,358.0,1,35612,1
241,1120237,993.0,361.0,1,35612,2
241,1120238,1556.5,488.0,1,35613,0
241,1120239,1272.0,449.5,1,35613,1
241,1120240,1047.75,484.25,2,35613,2
241,1120241,708.5,483.5,1,35613,3
241,1120242,985.5,419.0,1,35614,0
241,1120243,1253.75,434.25,2,35614,1
241,1120244,1072.5,447.5,2,35614,2
241,1120245,1036.5,437.0,1,35614,3
241,1120246,1650.0,350.5,1,35615,0
241,1120247,1270.875,436.125,4,35616,0
241,1120248,1047.75,484.25,2,35616,1
241,1120249,1027.0,452.5,1,35617,0
241,1120250,544.0,414.5,1,35617,1
241,1120251,1035.3333740234375,432.1666564941406,3,35617,2
241,1120252,708.5,483.5,1,35617,3
241,1120253,1036.5,437.0,1,35617,4
241,1120254,863.5,358.0,1,35618,0
241,1120255,1215.5,361.5,1,35618,1
241,1120256,1270.875,436.125,4,35619,0
241,1120257,1017.25,419.5,2,35619,1
241,1120258,1270.875,436.125,4,35620,0
241,1120259,1047.75,484.25,2,35620,1
241,1120260,708.5,483.5,1,35620,2
241,1120261,1556.5,488.0,1,35620,3
241,1120262,1791.5,638.5,1,35620,4
241,1120263,1660.5,666.0,1,35620,5
241,1120264,1060.25,438.75,2,35621,0
241,1120265,1253.75,434.25,2,35621,1
241,1120266,1072.5,447.5,2,35621,2
241,1120267,1036.5,437.0,1,35621,3
241,1120268,1791.5,638.5,1,35622,0
241,1120269,1660.5,666.0,1,35622,1
241,1120270,1024.0,511.0,1,35622,2
241,1120271,708.5,483.5,1,35622,3
241,1120272,1272.0,449.5,1,35622,4
241,1120273,1045.25,456.375,4,35623,0
241,1120274,708.5,483.5,1,35623,1
241,1120275,1556.5,488.0,1,35623,2
241,1120276,1288.0,438.0,2,35623,3
241,1120277,1072.5,447.5,2,35623,4
241,1120278,1047.75,484.25,2,35624,0
241,1120279,1556.5,488.0,1,35624,1
241,1120280,1288.0,438.0,2,35624,2
241,1120281,1660.5,666.0,1,35624,3
241,1120282,1791.5,638.5,1,35624,4
241,1120283,1118.0,442.5,1,35625,0
241,1120284,544.0,414.5,1,35625,1
241,1120285,281.5,501.0,1,35625,2
241,1120286,708.5,483.5,1,35625,3
241,1120287,1035.3333740234375,432.1666564941406,3,35625,4
241,1120288,1036.5,437.0,1,35625,5
241,1120289,281.5,501.0,1,35626,0
241,1120290,360.0,511.0,1,35626,1
241,1120291,958.0,566.0,1,35626,2
241,1120292,1118.0,442.5,1,35626,3
241,1120293,1270.875,436.125,4,35627,0
241,1120294,1017.25,419.5,2,35627,1
241,1120295,1660.5,666.0,1,35627,2
241,1120296,509.5,349.5,1,35628,0
241,1120297,676.0,328.5,1,35628,1
241,1120298,676.0,328.5,1,35629,0
241,1120299,474.75,331.5,2,35629,1
241,1120300,133.5,400.5,1,35629,2
241,1120301,544.0,414.5,1,35630,0
241,1120302,1072.5,447.5,2,35630,1
241,1120303,993.0,361.0,1,35631,0
241,1120304,1215.5,361.5,1,35631,1
241,1120305,360.0,511.0,1,35632,0
241,1120306,958.0,566.0,1,35632,1
241,1120307,281.5,501.0,1,35632,2
241,1120308,1036.5,437.0,1,35633,0
241,1120309,708.5,483.5,1,35633,1
241,1120310,1035.3333740234375,432.1666564941406,3,35633,2
241,1120311,1072.5,447.5,2,35633,3
241,1120312,197.0,333.5,1,35634,0
241,1120313,958.0,566.0,1,35635,0
241,1120314,360.0,511.0,1,35635,1
241,1120315,281.5,501.0,1,35635,2
241,1120316,440.0,313.5,1,35636,0
241,1120317,676.0,328.5,1,35636,1
241,1120318,133.5,400.5,1,35637,0
241,1120319,676.0,328.5,1,35637,1
241,1120320,1660.5,666.0,1,35638,0
241,1120321,1791.5,638.5,1,35638,1
241,1120322,708.5,483.5,1,35638,2
241,1120323,1261.75,444.25,2,35638,3
241,1120324,1024.0,511.0,1,35638,4
251,1120227,708.5,483.5,1,35611,0
251,1120228,1556.5,488.0,1,35611,1
251,1120229,1272.0,449.5,1,35611,2
251,1120230,1071.5,457.5,1,35611,3
251,1120231,1072.5,447.5,2,35611,4
251,1120232,1791.5,638.5,1,35611,5
251,1120233,1660.5,666.0,1,35611,6
251,1120234,1036.5,437.0,1,35611,7
251,1120235,1215.5,361.5,1,35612,0
251,1120236,863.5,358.0,1,35612,1
251,1120237,993.0,361.0,1,35612,2
251,1120238,1556.5,488.0,1,35613,0
251,1120239,1272.0,449.5,1,35613,1
251,1120240,1047.75,484.25,2,35613,2
251,1120241,708.5,483.5,1,35613,3
251,1120242,985.5,419.0,1,35614,0
251,1120243,1253.75,434.25,2,35614,1
251,1120244,1072.5,447.5,2,35614,2
251,1120245,1036.5,437.0,1,35614,3
251,1120246,1650.0,350.5,1,35615,0
251,1120247,1270.875,436.125,4,35616,0
251,1120248,1047.75,484.25,2,35616,1
251,1120249,1027.0,452.5,1,35617,0
251,1120250,544.0,414.5,1,35617,1
251,1120251,1035.3333740234375,432.1666564941406,3,35617,2
251,1120252,708.5,483.5,1,35617,3
251,1120253,1036.5,437.0,1,35617,4
251,1120254,863.5,358.0,1,35618,0
251,1120255,1215.5,361.5,1,35618,1
251,1120256,1270.875,436.125,4,35619,0
251,1120257,1017.25,419.5,2,35619,1
251,1120258,1270.875,436.125,4,35620,0
251,1120259,1047.75,484.25,2,35620,1
251,1120260,708.5,483.5,1,35620,2
251,1120261,1556.5,488.0,1,35620,3
251,1120262,1791.5,638.5,1,35620,4
251,1120263,1660.5,666.0,1,35620,5
251,1120264,1060.25,438.75,2,35621,0
251,1120265,1253.75,434.25,2,35621,1
251,1120266,1072.5,447.5,2,35621,2
251,1120267,1036.5,437.0,1,35621,3
251,1120268,1791.5,638.5,1,35622,0
251,1120269,1660.5,666.0,1,35622,1
251,1120270,1024.0,511.0,1,35622,2
251,1120271,708.5,483.5,1,35622,3
251,1120272,1272.0,449.5,1,35622,4
251,1120273,1045.25,456.375,4,35623,0
251,1120274,708.5,483.5,1,35623,1
251,1120275,1556.5,488.0,1,35623,2
251,1120276,1288.0,438.0,2,35623,3
251,1120277,1072.5,447.5,2,35623,4
251,1120278,1047.75,484.25,2,35624,0
251,1120279,1556.5,488.0,1,35624,1
251,1120280,1288.0,438.0,2,35624,2
251,1120281,1660.5,666.0,1,35624,3
251,1120282,1791.5,638.5,1,35624,4
251,1120283,1118.0,442.5,1,35625,0
251,1120284,544.0,414.5,1,35625,1
251,1120285,281.5,501.0,1,35625,2
251,1120286,708.5,483.5,1,35625,3
251,1120287,1035.3333740234375,432.1666564941406,3,35625,4
251,1120288,1036.5,437.0,1,35625,5
251,1120289,281.5,501.0,1,35626,0
251,1120290,360.0,511.0,1,35626,1
251,1120291,958.0,566.0,1,35626,2
251,1120292,1118.0,442.5,1,35626,3
251,1120293,1270.875,436.125,4,35627,0
251,1120294,1017.25,419.5,2,35627,1
251,1120295,1660.5,666.0,1,35627,2
251,1120296,509.5,349.5,1,35628,0
251,1120297,676.0,328.5,1,35628,1
251,1120298,676.0,328.5,1,35629,0
251,1120299,474.75,331.5,2,35629,1
251,1120300,133.5,400.5,1,35629,2
251,1120301,544.0,414.5,1,35630,0
251,1120302,1072.5,447.5,2,35630,1
251,1120303,993.0,361.0,1,35631,0
251,1120304,1215.5,361.5,1,35631,1
251,1120305,360.0,511.0,1,35632,0
251,1120306,958.0,566.0,1,35632,1
251,1120307,281.5,501.0,1,35632,2
251,1120308,1036.5,437.0,1,35633,0
251,1120309,708.5,483.5,1,35633,1
251,1120310,1035.3333740234375,432.1666564941406,3,35633,2
251,1120311,1072.5,447.5,2,35633,3
251,1120312,197.0,333.5,1,35634,0
251,1120313,958.0,566.0,1,35635,0
251,1120314,360.0,511.0,1,35635,1
251,1120315,281.5,501.0,1,35635,2
251,1120316,440.0,313.5,1,35636,0
251,1120317,676.0,328.5,1,35636,1
251,1120318,133.5,400.5,1,35637,0
251,1120319,676.0,328.5,1,35637,1
251,1120320,1660.5,666.0,1,35638,0
251,1120321,1791.5,638.5,1,35638,1
251,1120322,708.5,483.5,1,35638,2
251,1120323,1261.75,444.25,2,35638,3
251,1120324,1024.0,511.0,1,35638,4
261,1120227,708.5,483.5,1,35611,0
261,1120228,1556.5,488.0,1,35611,1
261,1120229,1272.0,449.5,1,35611,2
261,1120230,1071.5,457.5,1,35611,3
261,1120231,1072.5,447.5,2,35611,4
261,1120232,1791.5,638.5,1,35611,5
261,1120233,1660.5,666.0,1,35611,6
261,1120234,1036.5,437.0,1,35611,7
261,1120235,1215.5,361.5,1,35612,0
261,1120236,863.5,358.0,1,35612,1
261,1120237,993.0,361.0,1,35612,2
261,1120238,1556.5,488.0,1,35613,0
261,1120239,1272.0,449.5,1,35613,1
261,1120240,1047.75,484.25,2,35613,2
261,1120241,708.5,483.5,1,35613,3
261,1120242,985.5,419.0,1,35614,0
261,1120243,1253.75,434.25,2,35614,1
261,1120244,1072.5,447.5,2,35614,2
261,1120245,1036.5,437.0,1,35614,3
261,1120246,1650.0,350.5,1,35615,0
261,1120247,1270.875,436.125,4,35616,0
261,1120248,1047.75,484.25,2,35616,1
261,1120249,1027.0,452.5,1,35617,0
261,1120250,544.0,414.5,1,35617,1
261,1120251,1035.3333740234375,432.1666564941406,3,35617,2
261,1120252,708.5,483.5,1,35617,3
261,1120253,1036.5,437.0,1,35617,4
261,1120254,863.5,358.0,1,35618,0
261,1120255,1215.5,361.5,1,35618,1
261,1120256,1270.875,436.125,4,35619,0
261,1120257,1017.25,419.5,2,35619,1
261,1120258,1270.875,436.125,4,35620,0
261,1120259,1047.75,484.25,2,35620,1
261,1120260,708.5,483.5,1,35620,2
261,1120261,1556.5,488.0,1,35620,3
261,1120262,1791.5,638.5,1,35620,4
261,1120263,1660.5,666.0,1,35620,5
261,1120264,1060.25,438.75,2,35621,0
261,1120265,1253.75,434.25,2,35621,1
261,1120266,1072.5,447.5,2,35621,2
261,1120267,1036.5,437.0,1,35621,3
261,1120268,1791.5,638.5,1,35622,0
261,1120269,1660.5,666.0,1,35622,1
261,1120270,1024.0,511.0,1,35622,2
261,1120271,708.5,483.5,1,35622,3
261,1120272,1272.0,449.5,1,35622,4
261,1120273,1045.25,456.375,4,35623,0
261,1120274,708.5,483.5,1,35623,1
261,1120275,1556.5,488.0,1,35623,2
261,1120276,1288.0,438.0,2,35623,3
261,1120277,1072.5,447.5,2,35623,4
261,1120278,1047.75,484.25,2,35624,0
261,1120279,1556.5,488.0,1,35624,1
261,1120280,1288.0,438.0,2,35624,2
261,1120281,1660.5,666.0,1,35624,3
261,1120282,1791.5,638.5,1,35624,4
261,1120283,1118.0,442.5,1,35625,0
261,1120284,544.0,414.5,1,35625,1
261,1120285,281.5,501.0,1,35625,2
261,1120286,708.5,483.5,1,35625,3
261,1120287,1035.3333740234375,432.1666564941406,3,35625,4
261,1120288,1036.5,437.0,1,35625,5
261,1120289,281.5,501.0,1,35626,0
261,1120290,360.0,511.0,1,35626,1
261,1120291,958.0,566.0,1,35626,2
261,1120292,1118.0,442.5,1,35626,3
261,1120293,1270.875,436.125,4,35627,0
261,1120294,1017.25,419.5,2,35627,1
261,1120295,1660.5,666.0,1,35627,2
261,1120296,509.5,349.5,1,35628,0
261,1120297,676.0,328.5,1,35628,1
261,1120298,676.0,328.5,1,35629,0
261,1120299,474.75,331.5,2,35629,1
261,1120300,133.5,400.5,1,35629,2
261,1120301,544.0,414.5,1,35630,0
261,1120302,1072.5,447.5,2,35630,1
261,1120303,993.0,361.0,1,35631,0
261,1120304,1215.5,361.5,1,35631,1
261,1120305,360.0,511.0,1,35632,0
261,1120306,958.0,566.0,1,35632,1
261,1120307,281.5,501.0,1,35632,2
261,1120308,1036.5,437.0,1,35633,0
261,1120309,708.5,483.5,1,35633,1
261,1120310,1035.3333740234375,432.1666564941406,3,35633,2
261,1120311,1072.5,447.5,2,35633,3
261,1120312,197.0,333.5,1,35634,0
261,1120313,958.0,566.0,1,35635,0
261,1120314,360.0,511.0,1,35635,1
261,1120315,281.5,501.0,1,35635,2
261,1120316,440.0,313.5,1,35636,0
261,1120317,676.0,328.5,1,35636,1
261,1120318,133.5,400.5,1,35637,0
261,1120319,676.0,328.5,1,35637,1
261,1120320,1660.5,666.0,1,35638,0
261,1120321,1791.5,638.5,1,35638,1
261,1120322,708.5,483.5,1,35638,2
261,1120323,1261.75,444.25,2,35638,3
261,1120324,1024.0,511.0,1,35638,4
271,1120227,708.5,483.5,1,35611,0
271,1120228,1556.5,488.0,1,35611,1
271,1120229,1272.0,449.5,1,35611,2
271,1120230,1071.5,457.5,1,35611,3
271,1120231,1072.5,447.5,2,35611,4
271,1120232,1791.5,638.5,1,35611,5
271,1120233,1660.5,666.0,1,35611,6
271,1120234,1036.5,437.0,1,35611,7
271,1120235,1215.5,361.5,1,35612,0
271,1120236,863.5,358.0,1,35612,1
271,1120237,993.0,361.0,1,35612,2
271,1120238,1556.5,488.0,1,35613,0
271,1120239,1272.0,449.5,1,35613,1
271,1120240,1047.75,484.25,2,35613,2
271,1120241,708.5,483.5,1,35613,3
271,1120242,985.5,419.0,1,35614,0
271,1120243,1253.75,434.25,2,35614,1
271,1120244,1072.5,447.5,2,35614,2
271,1120245,1036.5,437.0,1,35614,3
271,1120246,1650.0,350.5,1,35615,0
271,1120247,1270.875,436.125,4,35616,0
271,1120248,1047.75,484.25,2,35616,1
271,1120249,1027.0,452.5,1,35617,0
271,1120250,544.0,414.5,1,35617,1
271,1120251,1035.3333740234375,432.1666564941406,3,35617,2
271,1120252,708.5,483.5,1,35617,3
271,1120253,1036.5,437.0,1,35617,4
271,1120254,863.5,358.0,1,35618,0
271,1120255,1215.5,361.5,1,35618,1
271,1120256,1270.875,436.125,4,35619,0
271,1120257,1017.25,419.5,2,35619,1
271,1120258,1270.875,436.125,4,35620,0
271,1120259,1047.75,484.25,2,35620,1
271,1120260,708.5,483.5,1,35620,2
271,1120261,1556.5,488.0,1,35620,3
271,1120262,1791.5,638.5,1,35620,4
271,1120263,1660.5,666.0,1,35620,5
271,1120264,1060.25,438.75,2,35621,0
271,1120265,1253.75,434.25,2,35621,1
271,1120266,1072.5,447.5,2,35621,2
271,1120267,1036.5,437.0,1,35621,3
271,1120268,1791.5,638.5,1,35622,0
271,1120269,1660.5,666.0,1,35622,1
271,1120270,1024.0,511.0,1,35622,2
271,1120271,708.5,483.5,1,35622,3
271,1120272,1272.0,449.5,1,35622,4
271,1120273,1045.25,456.375,4,35623,0
271,1120274,708.5,483.5,1,35623,1
271,1120275,1556.5,488.0,1,35623,2
271,1120276,1288.0,438.0,2,35623,3
271,1120277,1072.5,447.5,2,35623,4
271,1120278,1047.75,484.25,2,35624,0
271,1120279,1556.5,488.0,1,35624,1
271,1120280,1288.0,438.0,2,35624,2
271,1120281,1660.5,666.0,1,35624,3
271,1120282,1791.5,638.5,1,35624,4
271,1120283,1118.0,442.5,1,35625,0
271,1120284,544.0,414.5,1,35625,1
271,1120285,281.5,501.0,1,35625,2
271,1120286,708.5,483.5,1,35625,3
271,1120287,1035.3333740234375,432.1666564941406,3,35625,4
271,1120288,1036.5,437.0,1,35625,5
271,1120289,281.5,501.0,1,35626,0
271,1120290,360.0,511.0,1,35626,1
271,1120291,958.0,566.0,1,35626,2
271,1120292,1118.0,442.5,1,35626,3
271,1120293,1270.875,436.125,4,35627,0
271,1120294,1017.25,419.5,2,35627,1
271,1120295,1660.5,666.0,1,35627,2
271,1120296,509.5,349.5,1,35628,0
271,1120297,676.0,328.5,1,35628,1
271,1120298,676.0,328.5,1,35629,0
271,1120299,474.75,331.5,2,35629,1
271,1120300,133.5,400.5,1,35629,2
271,1120301,544.0,414.5,1,35630,0
271,1120302,1072.5,447.5,2,35630,1
271,1120303,993.0,361.0,1,35631,0
271,1120304,1215.5,361.5,1,35631,1
271,1120305,360.0,511.0,1,35632,0
271,1120306,958.0,566.0,1,35632,1
271,1120307,281.5,501.0,1,35632,2
271,1120308,1036.5,437.0,1,35633,0
271,1120309,708.5,483.5,1,35633,1
271,1120310,1035.3333740234375,432.1666564941406,3,35633,2
271,1120311,1072.5,447.5,2,35633,3
271,1120312,197.0,333.5,1,35634,0
271,1120313,958.0,566.0,1,35635,0
271,1120314,360.0,511.0,1,35635,1
271,1120315,281.5,501.0,1,35635,2
271,1120316,440.0,313.5,1,35636,0
271,1120317,676.0,328.5,1,35636,1
271,1120318,133.5,400.5,1,35637,0
271,1120319,676.0,328.5,1,35637,1
271,1120320,1660.5,666.0,1,35638,0
271,1120321,1791.5,638.5,1,35638,1
271,1120322,708.5,483.5,1,35638,2
271,1120323,1261.75,444.25,2,35638,3
271,1120324,1024.0,511.0,1,35638,4
281,1120227,708.5,483.5,1,35611,0
281,1120228,1556.5,488.0,1,35611,1
281,1120229,1272.0,449.5,1,35611,2
281,1120230,1071.5,457.5,1,35611,3
281,1120231,1072.5,447.5,2,35611,4
281,1120232,1791.5,638.5,1,35611,5
281,1120233,1660.5,666.0,1,35611,6
281,1120234,1036.5,437.0,1,35611,7
281,1120235,1215.5,361.5,1,35612,0
281,1120236,863.5,358.0,1,35612,1
281,1120237,993.0,361.0,1,35612,2
281,1120238,1556.5,488.0,1,35613,0
281,1120239,1272.0,449.5,1,35613,1
281,1120240,1047.75,484.25,2,35613,2
281,1120241,708.5,483.5,1,35613,3
281,1120242,985.5,419.0,1,35614,0
281,1120243,1253.75,434.25,2,35614,1
281,1120244,1072.5,447.5,2,35614,2
281,1120245,1036.5,437.0,1,35614,3
281,1120246,1650.0,350.5,1,35615,0
281,1120247,1270.875,436.125,4,35616,0
281,1120248,1047.75,484.25,2,35616,1
281,1120249,1027.0,452.5,1,35617,0
281,1120250,544.0,414.5,1,35617,1
281,1120251,1035.3333740234375,432.1666564941406,3,35617,2
281,1120252,708.5,483.5,1,35617,3
281,1120253,1036.5,437.0,1,35617,4
281,1120254,863.5,358.0,1,35618,0
281,1120255,1215.5,361.5,1,35618,1
281,1120256,1270.875,436.125,4,35619,0
281,1120257,1017.25,419.5,2,35619,1
281,1120258,1270.875,436.125,4,35620,0
281,1120259,1047.75,484.25,2,35620,1
281,1120260,708.5,483.5,1,35620,2
281,1120261,1556.5,488.0,1,35620,3
281,1120262,1791.5,638.5,1,35620,4
281,1120263,1660.5,666.0,1,35620,5
281,1120264,1060.25,438.75,2,35621,0
281,1120265,1253.75,434.25,2,35621,1
281,1120266,1072.5,447.5,2,35621,2
281,1120267,1036.5,437.0,1,35621,3
281,1120268,1791.5,638.5,1,35622,0
281,1120269,1660.5,666.0,1,35622,1
281,1120270,1024.0,511.0,1,35622,2
281,1120271,708.5,483.5,1,35622,3
281,1120272,1272.0,449.5,1,35622,4
281,1120273,1045.25,456.375,4,35623,0
281,1120274,708.5,483.5,1,35623,1
281,1120275,1556.5,488.0,1,35623,2
281,1120276,1288.0,438.0,2,35623,3
281,1120277,1072.5,447.5,2,35623,4
281,1120278,1047.75,484.25,2,35624,0
281,1120279,1556.5,488.0,1,35624,1
281,1120280,1288.0,438.0,2,35624,2
281,1120281,1660.5,666.0,1,35624,3
281,1120282,1791.5,638.5,1,35624,4
281,1120283,1118.0,442.5,1,35625,0
281,1120284,544.0,414.5,1,35625,1
281,1120285,281.5,501.0,1,35625,2
281,1120286,708.5,483.5,1,35625,3
281,1120287,1035.3333740234375,432.1666564941406,3,35625,4
281,1120288,1036.5,437.0,1,35625,5
281,1120289,281.5,501.0,1,35626,0
281,1120290,360.0,511.0,1,35626,1
281,1120291,958.0,566.0,1,35626,2
281,1120292,1118.0,442.5,1,35626,3
281,1120293,1270.875,436.125,4,35627,0
281,1120294,1017.25,419.5,2,35627,1
281,1120295,1660.5,666.0,1,35627,2
281,1120296,509.5,349.5,1,35628,0
281,1120297,676.0,328.5,1,35628,1
281,1120298,676.0,328.5,1,35629,0
281,1120299,474.75,331.5,2,35629,1
281,1120300,133.5,400.5,1,35629,2
281,1120301,544.0,414.5,1,35630,0
281,1120302,1072.5,447.5,2,35630,1
281,1120303,993.0,361.0,1,35631,0
281,1120304,1215.5,361.5,1,35631,1
281,1120305,360.0,511.0,1,35632,0
281,1120306,958.0,566.0,1,35632,1
281,1120307,281.5,501.0,1,35632,2
281,1120308,1036.5,437.0,1,35633,0
281,1120309,708.5,483.5,1,35633,1
281,1120310,1035.3333740234375,432.1666564941406,3,35633,2
281,1120311,1072.5,447.5,2,35633,3
281,1120312,197.0,333.5,1,35634,0
281,1120313,958.0,566.0,1,35635,0
281,1120314,360.0,511.0,1,35635,1
281,1120315,281.5,501.0,1,35635,2
281,1120316,440.0,313.5,1,35636,0
281,1120317,676.0,328.5,1,35636,1
281,1120318,133.5,400.5,1,35637,0
281,1120319,676.0,328.5,1,35637,1
281,1120320,1660.5,666.0,1,35638,0
281,1120321,1791.5,638.5,1,35638,1
281,1120322,708.5,483.5,1,35638,2
281,1120323,1261.75,444.25,2,35638,3
281,1120324,1024.0,511.0,1,35638,4
291,1120227,708.5,483.5,1,35611,0
291,1120228,1556.5,488.0,1,35611,1
291,1120229,1272.0,449.5,1,35611,2
291,1120230,1071.5,457.5,1,35611,3
291,1120231,1072.5,447.5,2,35611,4
291,1120232,1791.5,638.5,1,35611,5
291,1120233,1660.5,666.0,1,35611,6
291,1120234,1036.5,437.0,1,35611,7
291,1120235,1215.5,361.5,1,35612,0
291,1120236,863.5,358.0,1,35612,1
291,1120237,993.0,361.0,1,35612,2
291,1120238,1556.5,488.0,1,35613,0
291,1120239,1272.0,449.5,1,35613,1
291,1120240,1047.75,484.25,2,35613,2
291,1120241,708.5,483.5,1,35613,3
291,1120242,985.5,419.0,1,35614,0
291,1120243,1253.75,434.25,2,35614,1
291,1120244,1072.5,447.5,2,35614,2
291,1120245,1036.5,437.0,1,35614,3
291,1120246,1650.0,350.5,1,35615,0
291,1120247,1270.875,436.125,4,35616,0
291,1120248,1047.75,484.25,2,35616,1
291,1120249,1027.0,452.5,1,35617,0
291,1120250,544.0,414.5,1,35617,1
291,1120251,1035.3333740234375,432.1666564941406,3,35617,2
291,1120252,708.5,483.5,1,35617,3
291,1120253,1036.5,437.0,1,35617,4
291,1120254,863.5,358.0,1,35618,0
291,1120255,1215.5,361.5,1,35618,1
291,1120256,1270.875,436.125,4,35619,0
291,1120257,1017.25,419.5,2,35619,1
291,1120258,1270.875,436.125,4,35620,0
291,1120259,1047.75,484.25,2,35620,1
291,1120260,708.5,483.5,1,35620,2
291,1120261,1556.5,488.0,1,35620,3
291,1120262,1791.5,638.5,1,35620,4
291,1120263,1660.5,666.0,1,35620,5
291,1120264,1060.25,438.75,2,35621,0
291,1120265,1253.75,434.25,2,35621,1
291,1120266,1072.5,447.5,2,35621,2
291,1120267,1036.5,437.0,1,35621,3
291,1120268,1791.5,638.5,1,35622,0
291,1120269,1660.5,666.0,1,35622,1
291,1120270,1024.0,511.0,1,35622,2
291,1120271,708.5,483.5,1,35622,3
291,1120272,1272.0,449.5,1,35622,4
291,1120273,1045.25,456.375,4,35623,0
291,1120274,708.5,483.5,1,35623,1
291,1120275,1556.5,488.0,1,35623,2
291,1120276,1288.0,438.0,2,35623,3
291,1120277,1072.5,447.5,2,35623,4
291,1120278,1047.75,484.25,2,35624,0
291,1120279,1556.5,488.0,1,35624,1
291,1120280,1288.0,438.0,2,35624,2
291,1120281,1660.5,666.0,1,35624,3
291,1120282,1791.5,638.5,1,35624,4
291,1120283,1118.0,442.5,1,35625,0
291,1120284,544.0,414.5,1,35625,1
291,1120285,281.5,501.0,1,35625,2
291,1120286,708.5,483.5,1,35625,3
291,1120287,1035.3333740234375,432.1666564941406,3,35625,4
291,1120288,1036.5,437.0,1,35625,5
291,1120289,281.5,501.0,1,35626,0
291,1120290,360.0,511.0,1,35626,1
291,1120291,958.0,566.0,1,35626,2
291,1120292,1118.0,442.5,1,35626,3
291,1120293,1270.875,436.125,4,35627,0
291,1120294,1017.25,419.5,2,35627,1
291,1120295,1660.5,666.0,1,35627,2
291,1120296,509.5,349.5,1,35628,0
291,1120297,676.0,328.5,1,35628,1
291,1120298,676.0,328.5,1,35629,0
291,1120299,474.75,331.5,2,35629,1
291,1120300,133.5,400.5,1,35629,2
291,1120301,544.0,414.5,1,35630,0
291,1120302,1072.5,447.5,2,35630,1
291,1120303,993.0,361.0,1,35631,0
291,1120304,1215.5,361.5,1,35631,1
291,1120305,360.0,511.0,1,35632,0
291,1120306,958.0,566.0,1,35632,1
291,1120307,281.5,501.0,1,35632,2
291,1120308,1036.5,437.0,1,35633,0
291,1120309,708.5,483.5,1,35633,1
291,1120310,1035.3333740234375,432.1666564941406,3,35633,2
291,1120311,1072.5,447.5,2,35633,3
291,1120312,197.0,333.5,1,35634,0
291,1120313,958.0,566.0,1,35635,0
291,1120314,360.0,511.0,1,35635,1
291,1120315,281.5,501.0,1,35635,2
291,1120316,440.0,313.5,1,35636,0
291,1120317,676.0,328.5,1,35636,1
291,1120318,133.5,400.5,1,35637,0
291,1120319,676.0,328.5,1,35637,1
291,1120320,1660.5,666.0,1,35638,0
291,1120321,1791.5,638.5,1,35638,1
291,1120322,708.5,483.5,1,35638,2
291,1120323,1261.75,444.25,2,35638,3
291,1120324,1024.0,511.0,1,35638,4
301,1120227,708.5,483.5,1,35611,0
301,1120228,1556.5,488.0,1,35611,1
301,1120229,1272.0,449.5,1,35611,2
301,1120230,1071.5,457.5,1,35611,3
301,1120231,1072.5,447.5,2,35611,4
301,1120232,1791.5,638.5,1,35611,5
301,1120233,1660.5,666.0,1,35611,6
301,1120234,1036.5,437.0,1,35611,7
301,1120235,1215.5,361.5,1,35612,0
301,1120236,863.5,358.0,1,35612,1
301,1120237,993.0,361.0,1,35612,2
301,1120238,1556.5,488.0,1,35613,0
301,1120239,1272.0,449.5,1,35613,1
301,1120240,1047.75,484.25,2,35613,2
301,1120241,708.5,483.5,1,35613,3
301,1120242,985.5,419.0,1,35614,0
301,1120243,1253.75,434.25,2,35614,1
301,1120244,1072.5,447.5,2,35614,2
301,1120245,1036.5,437.0,1,35614,3
301,1120246,1650.0,350.5,1,35615,0
301,1120247,1270.875,436.125,4,35616,0
301,1120248,1047.75,484.25,2,35616,1
301,1120249,1027.0,452.5,1,35617,0
301,1120250,544.0,414.5,1,35617,1
301,1120251,1035.3333740234375,432.1666564941406,3,35617,2
301,1120252,708.5,483.5,1,35617,3
301,1120253,1036.5,437.0,1,35617,4
301,1120254,863.5,358.0,1,35618,0
301,1120255,1215.5,361.5,1,35618,1
301,1120256,1270.875,436.125,4,35619,0
301,1120257,1017.25,419.5,2,35619,1
301,1120258,1270.875,436.125,4,35620,0
301,1120259,1047.75,484.25,2,35620,1
301,1120260,708.5,483.5,1,35620,2
301,1120261,1556.5,488.0,1,35620,3
301,1120262,1791.5,638.5,1,35620,4
301,1120263,1660.5,666.0,1,35620,5
301,1120264,1060.25,438.75,2,35621,0
301,1120265,1253.75,434.25,2,35621,1
301,1120266,1072.5,447.5,2,35621,2
301,1120267,1036.5,437.0,1,35621,3
301,1120268,1791.5,638.5,1,35622,0
301,1120269,1660.5,666.0,1,35622,1
301,1120270,1024.0,511.0,1,35622,2
301,1120271,708.5,483.5,1,35622,3
301,1120272,1272.0,449.5,1,35622,4
301,1120273,1045.25,456.375,4,35623,0
301,1120274,708.5,483.5,1,35623,1
301,1120275,1556.5,488.0,1,35623,2
301,1120276,1288.0,438.0,2,35623,3
301,1120277,1072.5,447.5,2,35623,4
301,1120278,1047.75,484.25,2,35624,0
301,1120279,1556.5,488.0,1,35624,1
301,1120280,1288.0,438.0,2,35624,2
301,1120281,1660.5,666.0,1,35624,3
301,1120282,1791.5,638.5,1,35624,4
301,1120283,1118.0,442.5,1,35625,0
301,1120284,544.0,414.5,1,35625,1
301,1120285,281.5,501.0,1,35625,2
301,1120286,708.5,483.5,1,35625,3
301,1120287,1035.3333740234375,432.1666564941406,3,35625,4
301,1120288,1036.5,437.0,1,35625,5
301,1120289,281.5,501.0,1,35626,0
301,1120290,360.0,511.0,1,35626,1
301,1120291,958.0,566.0,1,35626,2
301,1120292,1118.0,442.5,1,35626,3
301,1120293,1270.875,436.125,4,35627,0
301,1120294,1017.25,419.5,2,35627,1
301,1120295,1660.5,666.0,1,35627,2
301,1120296,509.5,349.5,1,35628,0
301,1120297,676.0,328.5,1,35628,1
301,1120298,676.0,328.5,1,35629,0
301,1120299,474.75,331.5,2,35629,1
301,1120300,133.5,400.5,1,35629,2
301,1120301,544.0,414.5,1,35630,0
301,1120302,1072.5,447.5,2,35630,1
301,1120303,993.0,361.0,1,35631,0
301,1120304,1215.5,361.5,1,35631,1
301,1120305,360.0,511.0,1,35632,0
301,1120306,958.0,566.0,1,35632,1
301,1120307,281.5,501.0,1,35632,2
301,1120308,1036.5,437.0,1,35633,0
301,1120309,708.5,483.5,1,35633,1
301,1120310,1035.3333740234375,432.1666564941406,3,35633,2
301,1120311,1072.5,447.5,2,35633,3
301,1120312,197.0,333.5,1,35634,0
301,1120313,958.0,566.0,1,35635,0
301,1120314,360.0,511.0,1,35635,1
301,1120315,281.5,501.0,1,35635,2
301,1120316,440.0,313.5,1,35636,0
301,1120317,676.0,328.5,1,35636,1
301,1120318,133.5,400.5,1,35637,0
301,1120319,676.0,328.5,1,35637,1
301,1120320,1660.5,666.0,1,35638,0
301,1120321,1791.5,638.5,1,35638,1
301,1120322,708.5,483.5,1,35638,2
301,1120323,1261.75,444.25,2,35638,3
301,1120324,1024.0,511.0,1,35638,4
311,1120227,746.5,487.0,1,35611,0
311,1120228,1535.0,494.5,1,35611,1
311,1120229,1272.5,457.5,1,35611,2
311,1120230,1109.0,458.0,1,35611,3
311,1120231,1047.5,447.75,2,35611,4
311,1120232,1763.0,628.5,1,35611,5
311,1120233,1641.5,656.0,1,35611,6
311,1120234,1042.0,442.0,1,35611,7
311,1120235,1200.5,361.5,1,35612,0
311,1120236,883.0,358.0,1,35612,1
311,1120237,1014.0,361.0,1,35612,2
311,1120238,1535.0,494.5,1,35613,0
311,1120239,1272.5,457.5,1,35613,1
311,1120240,1085.25,484.5,2,35613,2
311,1120241,746.5,487.0,1,35613,3
311,1120242,1004.5,419.0,1,35614,0
311,1120243,1253.75,434.25,2,35614,1
311,1120244,1047.5,447.75,2,35614,2
311,1120245,1042.0,442.0,1,35614,3
311,1120246,1650.5,350.5,1,35615,0
311,1120247,1277.875,439.5,4,35616,0
311,1120248,1085.25,484.5,2,35616,1
311,1120249,1004.0,451.0,1,35617,0
311,1120250,559.0,417.0,1,35617,1
311,1120251,1063.5833740234375,432.4166564941406,2,35617,2
311,1120252,746.5,487.0,1,35617,3
311,1120253,1042.0,442.0,1,35617,4
311,1120254,883.0,358.0,1,35618,0
311,1120255,1200.5,361.5,1,35618,1
311,1120256,1277.875,439.5,4,35619,0
311,1120257,1039.75,419.5,2,35619,1
311,1120258,1277.875,439.5,4,35620,0
311,1120259,1085.25,484.5,2,35620,1
311,1120260,746.5,487.0,1,35620,2
311,1120261,1535.0,494.5,1,35620,3
311,1120262,1763.0,628.5,1,35620,4
311,1120263,1641.5,656.0,1,35620,5
311,1120264,1092.0,439.0,2,35621,0
311,1120265,1253.75,434.25,2,35621,1
311,1120266,1047.5,447.75,2,35621,2
311,1120267,1042.0,442.0,1,35621,3
311,1120268,1763.0,628.5,1,35622,0
311,1120269,1641.5,656.0,1,35622,1
311,1120270,1061.5,511.0,1,35622,2
311,1120271,746.5,487.0,1,35622,3
311,1120272,1272.5,457.5,1,35622,4
311,1120273,1068.25,458.0416564941406,3,35623,0
311,1120274,746.5,487.0,1,35623,1
311,1120275,1535.0,494.5,1,35623,2
311,1120276,1309.8333740234375,442.6666564941406,3,35623,3
311,1120277,1047.5,447.75,2,35623,4
311,1120278,1085.25,484.5,2,35624,0
311,1120279,1535.0,494.5,1,35624,1
311,1120280,1302.0,444.75,2,35624,2
311,1120281,1641.5,656.0,1,35624,3
311,1120282,1763.0,628.5,1,35624,4
311,1120283,1091.0,444.5,1,35625,0
311,1120284,559.0,417.0,1,35625,1
311,1120285,314.5,500.5,1,35625,2
311,1120286,746.5,487.0,1,35625,3
311,1120287,1063.5833740234375,432.4166564941406,2,35625,4
311,1120288,1042.0,442.0,1,35625,5
311,1120289,314.5,500.5,1,35626,0
311,1120290,391.5,513.5,1,35626,1
311,1120291,927.0,563.0,1,35626,2
311,1120292,1091.0,444.5,1,35626,3
311,1120293,1277.875,439.5,4,35627,0
311,1120294,1039.75,419.5,2,35627,1
311,1120295,1641.5,656.0,1,35627,2
311,1120296,519.0,348.5,1,35628,0
311,1120297,665.5,330.0,1,35628,1
311,1120298,665.5,330.0,1,35629,0
311,1120299,482.75,331.0,2,35629,1
311,1120300,153.5,398.5,1,35629,2
311,1120301,559.0,417.0,1,35630,0
311,1120302,1047.5,447.75,2,35630,1
311,1120303,1014.0,361.0,1,35631,0
311,1120304,1200.5,361.5,1,35631,1
311,1120305,391.5,513.5,1,35632,0
311,1120306,927.0,563.0,1,35632,1
311,1120307,314.5,500.5,1,35632,2
311,1120308,1042.0,442.0,1,35633,0
311,1120309,746.5,487.0,1,35633,1
311,1120310,1063.5833740234375,432.4166564941406,2,35633,2
311,1120311,1047.5,447.75,2,35633,3
311,1120312,191.0,335.0,1,35634,0
311,1120313,927.0,563.0,1,35635,0
311,1120314,391.5,513.5,1,35635,1
311,1120315,314.5,500.5,1,35635,2
311,1120316,446.5,313.5,1,35636,0
311,1120317,665.5,330.0,1,35636,1
311,1120318,153.5,398.5,1,35637,0
311,1120319,665.5,330.0,1,35637,1
311,1120320,1641.5,656.0,1,35638,0
311,1120321,1763.0,628.5,1,35638,1
311,1120322,746.5,487.0,1,35638,2
311,1120323,1260.75,448.25,2,35638,3
311,1120324,1061.5,511.0,1,35638,4
321,1120227,746.5,487.0,1,35611,0
321,1120228,1535.0,494.5,1,35611,1
321,1120229,1272.5,457.5,1,35611,2
321,1120230,1109.0,458.0,1,35611,3
321,1120231,1047.5,447.75,2,35611,4
321,1120232,1763.0,628.5,1,35611,5
321,1120233,1641.5,656.0,1,35611,6
321,1120234,1042.0,442.0,1,35611,7
321,1120235,1200.5,361.5,1,35612,0
321,1120236,883.0,358.0,1,35612,1
321,1120237,1014.0,361.0,1,35612,2
321,1120238,1535.0,494.5,1,35613,0
321,1120239,1272.5,457.5,1,35613,1
321,1120240,1085.25,484.5,2,35613,2
321,1120241,746.5,487.0,1,35613,3
321,1120242,1004.5,419.0,1,35614,0
321,1120243,1253.75,434.25,2,35614,1
321,1120244,1047.5,447.75,2,35614,2
321,1120245,1042.0,442.0,1,35614,3
321,1120246,1650.5,350.5,1,35615,0
321,1120247,1277.875,439.5,4,35616,0
321,1120248,1085.25,484.5,2,35616,1
321,1120249,1004.0,451.0,1,35617,0
321,1120250,559.0,417.0,1,35617,1
321,1120251,1063.5833740234375,432.4166564941406,2,35617,2
321,1120252,746.5,487.0,1,35617,3
321,1120253,1042.0,442.0,1,35617,4
321,1120254,883.0,358.0,1,35618,0
321,1120255,1200.5,361.5,1,35618,1
321,1120256,1277.875,439.5,4,35619,0
321,1120257,1039.75,419.5,2,35619,1
321,1120258,1277.875,439.5,4,35620,0
321,1120259,1085.25,484.5,2,35620,1
321,1120260,746.5,487.0,1,35620,2
321,1120261,1535.0,494.5,1,35620,3
321,1120262,1763.0,628.5,1,35620,4
321,1120263,1641.5,656.0,1,35620,5
321,1120264,1092.0,439.0,2,35621,0
321,1120265,1253.75,434.25,2,35621,1
321,1120266,1047.5,447.75,2,35621,2
321,1120267,1042.0,442.0,1,35621,3
321,1120268,1763.0,628.5,1,35622,0
321,1120269,1641.5,656.0,1,35622,1
321,1120270,1061.5,511.0,1,35622,2
321,1120271,746.5,487.0,1,35622,3
321,1120272,1272.5,457.5,1,35622,4
321,1120273,1068.25,458.0416564941406,3,35623,0
321,1120274,746.5,487.0,1,35623,1
321,1120275,1535.0,494.5,1,35623,2
321,1120276,1309.8333740234375,442.6666564941406,3,35623,3
321,1120277,1047.5,447.75,2,35623,4
321,1120278,1085.25,484.5,2,35624,0
321,1120279,1535.0,494.5,1,35624,1
321,1120280,1302.0,444.75,2,35624,2
321,1120281,1641.5,656.0,1,35624,3
321,1120282,1763.0,628.5,1,35624,4
321,1120283,1091.0,444.5,1,35625,0
321,1120284,559.0,417.0,1,35625,1
321,1120285,314.5,500.5,1,35625,2
321,1120286,746.5,487.0,1,35625,3
321,1120287,1063.5833740234375,432.4166564941406,2,35625,4
321,1120288,1042.0,442.0,1,35625,5
321,1120289,314.5,500.5,1,35626,0
321,1120290,391.5,513.5,1,35626,1
321,1120291,927.0,563.0,1,35626,2
321,1120292,1091.0,444.5,1,35626,3
321,1120293,1277.875,439.5,4,35627,0
321,1120294,1039.75,419.5,2,35627,1
321,1120295,1641.5,656.0,1,35627,2
321,1120296,519.0,348.5,1,35628,0
321,1120297,665.5,330.0,1,35628,1
321,1120298,665.5,330.0,1,35629,0
321,1120299,482.75,331.0,2,35629,1
321,1120300,153.5,398.5,1,35629,2
321,1120301,559.0,417.0,1,35630,0
321,1120302,1047.5,447.75,2,35630,1
321,1120303,1014.0,361.0,1,35631,0
321,1120304,1200.5,361.5,1,35631,1
321,1120305,391.5,513.5,1,35632,0
321,1120306,927.0,563.0,1,35632,1
321,1120307,314.5,500.5,1,35632,2
321,1120308,1042.0,442.0,1,35633,0
321,1120309,746.5,487.0,1,35633,1
321,1120310,1063.5833740234375,432.4166564941406,2,35633,2
321,1120311,1047.5,447.75,2,35633,3
321,1120312,191.0,335.0,1,35634,0
321,1120313,927.0,563.0,1,35635,0
321,1120314,391.5,513.5,1,35635,1
321,1120315,314.5,500.5,1,35635,2
321,1120316,446.5,313.5,1,35636,0
321,1120317,665.5,330.0,1,35636,1
321,1120318,153.5,398.5,1,35637,0
321,1120319,665.5,330.0,1,35637,1
321,1120320,1641.5,656.0,1,35638,0
321,1120321,1763.0,628.5,1,35638,1
321,1120322,746.5,487.0,1,35638,2
321,1120323,1260.75,448.25,2,35638,3
321,1120324,1061.5,511.0,1,35638,4
331,1120227,746.5,487.0,1,35611,0
331,1120228,1535.0,494.5,1,35611,1
331,1120229,1272.5,457.5,1,35611,2
331,1120230,1109.0,458.0,1,35611,3
331,1120231,1047.5,447.75,2,35611,4
331,1120232,1763.0,628.5,1,35611,5
331,1120233,1641.5,656.0,1,35611,6
331,1120234,1042.0,442.0,1,35611,7
331,1120235,1200.5,361.5,1,35612,0
331,1120236,883.0,358.0,1,35612,1
331,1120237,1014.0,361.0,1,35612,2
331,1120238,1535.0,494.5,1,35613,0
331,1120239,1272.5,457.5,1,35613,1
331,1120240,1085.25,484.5,2,35613,2
331,1120241,746.5,487.0,1,35613,3
331,1120242,1004.5,419.0,1,35614,0
331,1120243,1253.75,434.25,2,35614,1
331,1120244,1047.5,447.75,2,35614,2
331,1120245,1042.0,442.0,1,35614,3
331,1120246,1650.5,350.5,1,35615,0
331,1120247,1277.875,439.5,4,35616,0
331,1120248,1085.25,484.5,2,35616,1
331,1120249,1004.0,451.0,1,35617,0
331,1120250,559.0,417.0,1,35617,1
331,1120251,1063.5833740234375,432.4166564941406,2,35617,2
331,1120252,746.5,487.0,1,35617,3
331,1120253,1042.0,442.0,1,35617,4
331,1120254,883.0,358.0,1,35618,0
331,1120255,1200.5,361.5,1,35618,1
331,1120256,1277.875,439.5,4,35619,0
331,1120257,1039.75,419.5,2,35619,1
331,1120258,1277.875,439.5,4,35620,0
331,1120259,1085.25,484.5,2,35620,1
331,1120260,746.5,487.0,1,35620,2
331,1120261,1535.0,494.5,1,35620,3
331,1120262,1763.0,628.5,1,35620,4
331,1120263,1641.5,656.0,1,35620,5
331,1120264,1092.0,439.0,2,35621,0
331,1120265,1253.75,434.25,2,35621,1
331,1120266,1047.5,447.75,2,35621,2
331,1120267,1042.0,442.0,1,35621,3
331,1120268,1763.0,628.5,1,35622,0
331,1120269,1641.5,656.0,1,35622,1
331,1120270,1061.5,511.0,1,35622,2
331,1120271,746.5,487.0,1,35622,3
331,1120272,1272.5,457.5,1,35622,4
331,1120273,1068.25,458.0416564941406,3,35623,0
331,1120274,746.5,487.0,1,35623,1
331,1120275,1535.0,494.5,1,35623,2
331,1120276,1309.8333740234375,442.6666564941406,3,35623,3
331,1120277,1047.5,447.75,2,35623,4
331,1120278,1085.25,484.5,2,35624,0
331,1120279,1535.0,494.5,1,35624,1
331,1120280,1302.0,444.75,2,35624,2
331,1120281,1641.5,656.0,1,35624,3
331,1120282,1763.0,628.5,1,35624,4
331,1120283,1091.0,444.5,1,35625,0
331,1120284,559.0,417.0,1,35625,1
331,1120285,314.5,500.5,1,35625,2
331,1120286,746.5,487.0,1,35625,3
331,1120287,1063.5833740234375,432.4166564941406,2,35625,4
331,1120288,1042.0,442.0,1,35625,5
331,1120289,314.5,500.5,1,35626,0
331,1120290,391.5,513.5,1,35626,1
331,1120291,927.0,563.0,1,35626,2
331,1120292,1091.0,444.5,1,35626,3
331,1120293,1277.875,439.5,4,35627,0
331,1120294,1039.75,419.5,2,35627,1
331,1120295,1641.5,656.0,1,35627,2
331,1120296,519.0,348.5,1,35628,0
331,1120297,665.5,330.0,1,35628,1
331,1120298,665.5,330.0,1,35629,0
331,1120299,482.75,331.0,2,35629,1
331,1120300,153.5,398.5,1,35629,2
331,1120301,559.0,417.0,1,35630,0
331,1120302,1047.5,447.75,2,35630,1
331,1120303,1014.0,361.0,1,35631,0
331,1120304,1200.5,361.5,1,35631,1
331,1120305,391.5,513.5,1,35632,0
331,1120306,927.0,563.0,1,35632,1
331,1120307,314.5,500.5,1,35632,2
331,1120308,1042.0,442.0,1,35633,0
331,1120309,746.5,487.0,1,35633,1
331,1120310,1063.5833740234375,432.4166564941406,2,35633,2
331,1120311,1047.5,447.75,2,35633,3
331,1120312,191.0,335.0,1,35634,0
331,1120313,927.0,563.0,1,35635,0
331,1120314,391.5,513.5,1,35635,1
331,1120315,314.5,500.5,1,35635,2
331,1120316,446.5,313.5,1,35636,0
331,1120317,665.5,330.0,1,35636,1
331,1120318,153.5,398.5,1,35637,0
331,1120319,665.5,330.0,1,35637,1
331,1120320,1641.5,656.0,1,35638,0
331,1120321,1763.0,628.5,1,35638,1
331,1120322,746.5,487.0,1,35638,2
331,1120323,1260.75,448.25,2,35638,3
331,1120324,1061.5,511.0,1,35638,4
341,1120227,746.5,487.0,1,35611,0
341,1120228,1535.0,494.5,1,35611,1
341,1120229,1272.5,457.5,1,35611,2
341,1120230,1109.0,458.0,1,35611,3
341,1120231,1047.5,447.75,2,35611,4
341,1120232,1763.0,628.5,1,35611,5
341,1120233,1641.5,656.0,1,35611,6
341,1120234,1042.0,442.0,1,35611,7
341,1120235,1200.5,361.5,1,35612,0
341,1120236,883.0,358.0,1,35612,1
341,1120237,1014.0,361.0,1,35612,2
341,1120238,1535.0,494.5,1,35613,0
341,1120239,1272.5,457.5,1,35613,1
341,1120240,1085.25,484.5,2,35613,2
341,1120241,746.5,487.0,1,35613,3
341,1120242,1004.5,419.0,1,35614,0
341,1120243,1253.75,434.25,2,35614,1
341,1120244,1047.5,447.75,2,35614,2
341,1120245,1042.0,442.0,1,35614,3
341,1120246,1650.5,350.5,1,35615,0
341,1120247,1277.875,439.5,4,35616,0
341,1120248,1085.25,484.5,2,35616,1
341,1120249,1004.0,451.0,1,35617,0
341,1120250,559.0,417.0,1,35617,1
341,1120251,1063.5833740234375,432.4166564941406,2,35617,2
341,1120252,746.5,487.0,1,35617,3
341,1120253,1042.0,442.0,1,35617,4
341,1120254,883.0,358.0,1,35618,0
341,1120255,1200.5,361.5,1,35618,1
341,1120256,1277.875,439.5,4,35619,0
341,1120257,1039.75,419.5,2,35619,1
341,1120258,1277.875,439.5,4,35620,0
341,1120259,1085.25,484.5,2,35620,1
341,1120260,746.5,487.0,1,35620,2
341,1120261,1535.0,494.5,1,35620,3
341,1120262,1763.0,628.5,1,35620,4
341,1120263,1641.5,656.0,1,35620,5
341,1120264,1092.0,439.0,2,35621,0
341,1120265,1253.75,434.25,2,35621,1
341,1120266,1047.5,447.75,2,35621,2
341,1120267,1042.0,442.0,1,35621,3
341,1120268,1763.0,628.5,1,35622,0
341,1120269,1641.5,656.0,1,35622,1
341,1120270,1061.5,511.0,1,35622,2
341,1120271,746.5,487.0,1,35622,3
341,1120272,1272.5,457.5,1,35622,4
341,1120273,1068.25,458.0416564941406,3,35623,0
341,1120274,746.5,487.0,1,35623,1
341,1120275,1535.0,494.5,1,35623,2
341,1120276,1309.8333740234375,442.6666564941406,3,35623,3
341,1120277,1047.5,447.75,2,35623,4
341,1120278,1085.25,484.5,2,35624,0
341,1120279,1535.0,494.5,1,35624,1
341,1120280,1302.0,444.75,2,35624,2
341,1120281,1641.5,656.0,1,35624,3
341,1120282,1763.0,628.5,1,35624,4
341,1120283,1091.0,444.5,1,35625,0
341,1120284,559.0,417.0,1,35625,1
341,1120285,314.5,500.5,1,35625,2
341,1120286,746.5,487.0,1,35625,3
341,1120287,1063.5833740234375,432.4166564941406,2,35625,4
341,1120288,1042.0,442.0,1,35625,5
341,1120289,314.5,500.5,1,35626,0
341,1120290,391.5,513.5,1,35626,1
341,1120291,927.0,563.0,1,35626,2
341,1120292,1091.0,444.5,1,35626,3
341,1120293,1277.875,439.5,4,35627,0
341,1120294,1039.75,419.5,2,35627,1
341,1120295,1641.5,656.0,1,35627,2
341,1120296,519.0,348.5,1,35628,0
341,1120297,665.5,330.0,1,35628,1
341,1120298,665.5,330.0,1,35629,0
341,1120299,482.75,331.0,2,35629,1
341,1120300,153.5,398.5,1,35629,2
341,1120301,559.0,417.0,1,35630,0
341,1120302,1047.5,447.75,2,35630,1
341,1120303,1014.0,361.0,1,35631,0
341,1120304,1200.5,361.5,1,35631,1
341,1120305,391.5,513.5,1,35632,0
341,1120306,927.0,563.0,1,35632,1
341,1120307,314.5,500.5,1,35632,2
341,1120308,1042.0,442.0,1,35633,0
341,1120309,746.5,487.0,1,35633,1
341,1120310,1063.5833740234375,432.4166564941406,2,35633,2
341,1120311,1047.5,447.75,2,35633,3
341,1120312,191.0,335.0,1,35634,0
341,1120313,927.0,563.0,1,35635,0
341,1120314,391.5,513.5,1,35635,1
341,1120315,314.5,500.5,1,35635,2
341,1120316,446.5,313.5,1,35636,0
341,1120317,665.5,330.0,1,35636,1
341,1120318,153.5,398.5,1,35637,0
341,1120319,665.5,330.0,1,35637,1
341,1120320,1641.5,656.0,1,35638,0
341,1120321,1763.0,628.5,1,35638,1
341,1120322,746.5,487.0,1,35638,2
341,1120323,1260.75,448.25,2,35638,3
341,1120324,1061.5,511.0,1,35638,4
351,1120227,746.5,487.0,1,35611,0
351,1120228,1535.0,494.5,1,35611,1
351,1120229,1272.5,457.5,1,35611,2
351,1120230,1109.0,458.0,1,35611,3
351,1120231,1047.5,447.75,2,35611,4
351,1120232,1763.0,628.5,1,35611,5
351,1120233,1641.5,656.0,1,35611,6
351,1120234,1042.0,442.0,1,35611,7
351,1120235,1200.5,361.5,1,35612,0
351,1120236,883.0,358.0,1,35612,1
351,1120237,1014.0,361.0,1,35612,2
351,1120238,1535.0,494.5,1,35613,0
351,1120239,1272.5,457.5,1,35613,1
351,1120240,1085.25,484.5,2,35613,2
351,1120241,746.5,487.0,1,35613,3
351,1120242,1004.5,419.0,1,35614,0
351,1120243,1253.75,434.25,2,35614,1
351,1120244,1047.5,447.75,2,35614,2
351,1120245,1042.0,442.0,1,35614,3
351,1120246,1650.5,350.5,1,35615,0
351,1120247,1277.875,439.5,4,35616,0
351,1120248,1085.25,484.5,2,35616,1
351,1120249,1004.0,451.0,1,35617,0
351,1120250,559.0,417.0,1,35617,1
351,1120251,1063.5833740234375,432.4166564941406,2,35617,2
351,1120252,746.5,487.0,1,35617,3
351,1120253,1042.0,442.0,1,35617,4
351,1120254,883.0,358.0,1,35618,0
351,1120255,1200.5,361.5,1,35618,1
351,1120256,1277.875,439.5,4,35619,0
351,1120257,1039.75,419.5,2,35619,1
351,1120258,1277.875,439.5,4,35620,0
351,1120259,1085.25,484.5,2,35620,1
351,1120260,746.5,487.0,1,35620,2
351,1120261,1535.0,494.5,1,35620,3
351,1120262,1763.0,628.5,1,35620,4
351,1120263,1641.5,656.0,1,35620,5
351,1120264,1092.0,439.0,2,35621,0
351,1120265,1253.75,434.25,2,35621,1
351,1120266,1047.5,447.75,2,35621,2
351,1120267,1042.0,442.0,1,35621,3
351,1120268,1763.0,628.5,1,35622,0
351,1120269,1641.5,656.0,1,35622,1
351,1120270,1061.5,511.0,1,35622,2
351,1120271,746.5,487.0,1,35622,3
351,1120272,1272.5,457.5,1,35622,4
351,1120273,1068.25,458.0416564941406,3,35623,0
351,1120274,746.5,487.0,1,35623,1
351,1120275,1535.0,494.5,1,35623,2
351,1120276,1309.8333740234375,442.6666564941406,3,35623,3
351,1120277,1047.5,447.75,2,35623,4
351,1120278,1085.25,484.5,2,35624,0
351,1120279,1535.0,494.5,1,35624,1
351,1120280,1302.0,444.75,2,35624,2
351,1120281,1641.5,656.0,1,35624,3
351,1120282,1763.0,628.5,1,35624,4
351,1120283,1091.0,444.5,1,35625,0
351,1120284,559.0,417.0,1,35625,1
351,1120285,314.5,500.5,1,35625,2
351,1120286,746.5,487.0,1,35625,3
351,1120287,1063.5833740234375,432.4166564941406,2,35625,4
351,1120288,1042.0,442.0,1,35625,5
351,1120289,314.5,500.5,1,35626,0
351,1120290,391.5,513.5,1,35626,1
351,1120291,927.0,563.0,1,35626,2
351,1120292,1091.0,444.5,1,35626,3
351,1120293,1277.875,439.5,4,35627,0
351,1120294,1039.75,419.5,2,35627,1
351,1120295,1641.5,656.0,1,35627,2
351,1120296,519.0,348.5,1,35628,0
351,1120297,665.5,330.0,1,35628,1
351,1120298,665.5,330.0,1,35629,0
351,1120299,482.75,331.0,2,35629,1
351,1120300,153.5,398.5,1,35629,2
351,1120301,559.0,417.0,1,35630,0
351,1120302,1047.5,447.75,2,35630,1
351,1120303,1014.0,361.0,1,35631,0
351,1120304,1200.5,361.5,1,35631,1
351,1120305,391.5,513.5,1,35632,0
351,1120306,927.0,563.0,1,35632,1
351,1120307,314.5,500.5,1,35632,2
351,1120308,1042.0,442.0,1,35633,0
351,1120309,746.5,487.0,1,35633,1
351,1120310,1063.5833740234375,432.4166564941406,2,35633,2
351,1120311,1047.5,447.75,2,35633,3
351,1120312,191.0,335.0,1,35634,0
351,1120313,927.0,563.0,1,35635,0
351,1120314,391.5,513.5,1,35635,1
351,1120315,314.5,500.5,1,35635,2
351,1120316,446.5,313.5,1,35636,0
351,1120317,665.5,330.0,1,35636,1
351,1120318,153.5,398.5,1,35637,0
351,1120319,665.5,330.0,1,35637,1
351,1120320,1641.5,656.0,1,35638,0
351,1120321,1763.0,628.5,1,35638,1
351,1120322,746.5,487.0,1,35638,2
351,1120323,1260.75,448.25,2,35638,3
351,1120324,1061.5,511.0,1,35638,4
361,1120227,746.5,487.0,1,35611,0
361,1120228,1535.0,494.5,1,35611,1
361,1120229,1272.5,457.5,1,35611,2
361,1120230,1109.0,458.0,1,35611,3
361,1120231,1047.5,447.75,2,35611,4
361,1120232,1763.0,628.5,1,35611,5
361,1120233,1641.5,656.0,1,35611,6
361,1120234,1042.0,442.0,1,35611,7
361,1120235,1200.5,361.5,1,35612,0
361,1120236,883.0,358.0,1,35612,1
361,1120237,1014.0,361.0,1,35612,2
361,1120238,1535.0,494.5,1,35613,0
361,1120239,1272.5,457.5,1,35613,1
361,1120240,1085.25,484.5,2,35613,2
361,1120241,746.5,487.0,1,35613,3
361,1120242,1004.5,419.0,1,35614,0
361,1120243,1253.75,434.25,2,35614,1
361,1120244,1047.5,447.75,2,35614,2
361,1120245,1042.0,442.0,1,35614,3
361,1120246,1650.5,350.5,1,35615,0
361,1120247,1277.875,439.5,4,35616,0
361,1120248,1085.25,484.5,2,35616,1
361,1120249,1004.0,451.0,1,35617,0
361,1120250,559.0,417.0,1,35617,1
361,1120251,1063.5833740234375,432.4166564941406,2,35617,2
361,1120252,746.5,487.0,1,35617,3
361,1120253,1042.0,442.0,1,35617,4
361,1120254,883.0,358.0,1,35618,0
361,1120255,1200.5,361.5,1,35618,1
361,1120256,1277.875,439.5,4,35619,0
361,1120257,1039.75,419.5,2,35619,1
361,1120258,1277.875,439.5,4,35620,0
361,1120259,1085.25,484.5,2,35620,1
361,1120260,746.5,487.0,1,35620,2
361,1120261,1535.0,494.5,1,35620,3
361,1120262,1763.0,628.5,1,35620,4
361,1120263,1641.5,656.0,1,35620,5
361,1120264,1092.0,439.0,2,35621,0
361,1120265,1253.75,434.25,2,35621,1
361,1120266,1047.5,447.75,2,35621,2
361,1120267,1042.0,442.0,1,35621,3
361,1120268,1763.0,628.5,1,35622,0
361,1120269,1641.5,656.0,1,35622,1
361,1120270,1061.5,511.0,1,35622,2
361,1120271,746.5,487.0,1,35622,3
361,1120272,1272.5,457.5,1,35622,4
361,1120273,1068.25,458.0416564941406,3,35623,0
361,1120274,746.5,487.0,1,35623,1
361,1120275,1535.0,494.5,1,35623,2
361,1120276,1309.8333740234375,442.6666564941406,3,35623,3
361,1120277,1047.5,447.75,2,35623,4
361,1120278,1085.25,484.5,2,35624,0
361,1120279,1535.0,494.5,1,35624,1
361,1120280,1302.0,444.75,2,35624,2
361,1120281,1641.5,656.0,1,35624,3
361,1120282,1763.0,628.5,1,35624,4
361,1120283,1091.0,444.5,1,35625,0
361,1120284,559.0,417.0,1,35625,1
361,1120285,314.5,500.5,1,35625,2
361,1120286,746.5,487.0,1,35625,3
361,1120287,1063.5833740234375,432.4166564941406,2,35625,4
361,1120288,1042.0,442.0,1,35625,5
361,1120289,314.5,500.5,1,35626,0
361,1120290,391.5,513.5,1,35626,1
361,1120291,927.0,563.0,1,35626,2
361,1120292,1091.0,444.5,1,35626,3
361,1120293,1277.875,439.5,4,35627,0
361,1120294,1039.75,419.5,2,35627,1
361,1120295,1641.5,656.0,1,35627,2
361,1120296,519.0,348.5,1,35628,0
361,1120297,665.5,330.0,1,35628,1
361,1120298,665.5,330.0,1,35629,0
361,1120299,482.75,331.0,2,35629,1
361,1120300,153.5,398.5,1,35629,2
361,1120301,559.0,417.0,1,35630,0
361,1120302,1047.5,447.75,2,35630,1
361,1120303,1014.0,361.0,1,35631,0
361,1120304,1200.5,361.5,1,35631,1
361,1120305,391.5,513.5,1,35632,0
361,1120306,927.0,563.0,1,35632,1
361,1120307,314.5,500.5,1,35632,2
361,1120308,1042.0,442.0,1,35633,0
361,1120309,746.5,487.0,1,35633,1
361,1120310,1063.5833740234375,432.4166564941406,2,35633,2
361,1120311,1047.5,447.75,2,35633,3
361,1120312,191.0,335.0,1,35634,0
361,1120313,927.0,563.0,1,35635,0
361,1120314,391.5,513.5,1,35635,1
361,1120315,314.5,500.5,1,35635,2
361,1120316,446.5,313.5,1,35636,0
361,1120317,665.5,330.0,1,35636,1
361,1120318,153.5,398.5,1,35637,0
361,1120319,665.5,330.0,1,35637,1
361,1120320,1641.5,656.0,1,35638,0
361,1120321,1763.0,628.5,1,35638,1
361,1120322,746.5,487.0,1,35638,2
361,1120323,1260.75,448.25,2,35638,3
361,1120324,1061.5,511.0,1,35638,4
371,1120227,746.5,487.0,1,35611,0
371,1120228,1535.0,494.5,1,35611,1
371,1120229,1272.5,457.5,1,35611,2
371,1120230,1109.0,458.0,1,35611,3
371,1120231,1047.5,447.75,2,35611,4
371,1120232,1763.0,628.5,1,35611,5
371,1120233,1641.5,656.0,1,35611,6
371,1120234,1042.0,442.0,1,35611,7
371,1120235,1200.5,361.5,1,35612,0
371,1120236,883.0,358.0,1,35612,1
371,1120237,1014.0,361.0,1,35612,2
371,1120238,1535.0,494.5,1,35613,0
371,1120239,1272.5,457.5,1,35613,1
371,1120240,1085.25,484.5,2,35613,2
371,1120241,746.5,487.0,1,35613,3
371,1120242,1004.5,419.0,1,35614,0
371,1120243,1253.75,434.25,2,35614,1
371,1120244,1047.5,447.75,2,35614,2
371,1120245,1042.0,442.0,1,35614,3
371,1120246,1650.5,350.5,1,35615,0
371,1120247,1277.875,439.5,4,35616,0
371,1120248,1085.25,484.5,2,35616,1
371,1120249,1004.0,451.0,1,35617,0
371,1120250,559.0,417.0,1,35617,1
371,1120251,1063.5833740234375,432.4166564941406,2,35617,2
371,1120252,746.5,487.0,1,35617,3
371,1120253,1042.0,442.0,1,35617,4
371,1120254,883.0,358.0,1,35618,0
371,1120255,1200.5,361.5,1,35618,1
371,1120256,1277.875,439.5,4,35619,0
371,1120257,1039.75,419.5,2,35619,1
371,1120258,1277.875,439.5,4,35620,0
371,1120259,1085.25,484.5,2,35620,1
371,1120260,746.5,487.0,1,35620,2
371,1120261,1535.0,494.5,1,35620,3
371,1120262,1763.0,628.5,1,35620,4
371,1120263,1641.5,656.0,1,35620,5
371,1120264,1092.0,439.0,2,35621,0
371,1120265,1253.75,434.25,2,35621,1
371,1120266,1047.5,447.75,2,35621,2
371,1120267,1042.0,442.0,1,35621,3
371,1120268,1763.0,628.5,1,35622,0
371,1120269,1641.5,656.0,1,35622,1
371,1120270,1061.5,511.0,1,35622,2
371,1120271,746.5,487.0,1,35622,3
371,1120272,1272.5,457.5,1,35622,4
371,1120273,1068.25,458.0416564941406,3,35623,0
371,1120274,746.5,487.0,1,35623,1
371,1120275,1535.0,494.5,1,35623,2
371,1120276,1309.8333740234375,442.6666564941406,3,35623,3
371,1120277,1047.5,447.75,2,35623,4
371,1120278,1085.25,484.5,2,35624,0
371,1120279,1535.0,494.5,1,35624,1
371,1120280,1302.0,444.75,2,35624,2
371,1120281,1641.5,656.0,1,35624,3
371,1120282,1763.0,628.5,1,35624,4
371,1120283,1091.0,444.5,1,35625,0
371,1120284,559.0,417.0,1,35625,1
371,1120285,314.5,500.5,1,35625,2
371,1120286,746.5,487.0,1,35625,3
371,1120287,1063.5833740234375,432.4166564941406,2,35625,4
371,1120288,1042.0,442.0,1,35625,5
371,1120289,314.5,500.5,1,35626,0
371,1120290,391.5,513.5,1,35626,1
371,1120291,927.0,563.0,1,35626,2
371,1120292,1091.0,444.5,1,35626,3
371,1120293,1277.875,439.5,4,35627,0
371,1120294,1039.75,419.5,2,35627,1
371,1120295,1641.5,656.0,1,35627,2
371,1120296,519.0,348.5,1,35628,0
371,1120297,665.5,330.0,1,35628,1
371,1120298,665.5,330.0,1,35629,0
371,1120299,482.75,331.0,2,35629,1
371,1120300,153.5,398.5,1,35629,2
371,1120301,559.0,417.0,1,35630,0
371,1120302,1047.5,447.75,2,35630,1
371,1120303,1014.0,361.0,1,35631,0
371,1120304,1200.5,361.5,1,35631,1
371,1120305,391.5,513.5,1,35632,0
371,1120306,927.0,563.0,1,35632,1
371,1120307,314.5,500.5,1,35632,2
371,1120308,1042.0,442.0,1,35633,0
371,1120309,746.5,487.0,1,35633,1
371,1120310,1063.5833740234375,432.4166564941406,2,35633,2
371,1120311,1047.5,447.75,2,35633,3
371,1120312,191.0,335.0,1,35634,0
371,1120313,927.0,563.0,1,35635,0
371,1120314,391.5,513.5,1,35635,1
371,1120315,314.5,500.5,1,35635,2
371,1120316,446.5,313.5,1,35636,0
371,1120317,665.5,330.0,1,35636,1
371,1120318,153.5,398.5,1,35637,0
371,1120319,665.5,330.0,1,35637,1
371,1120320,1641.5,656.0,1,35638,0
371,1120321,1763.0,628.5,1,35638,1
371,1120322,746.5,487.0,1,35638,2
371,1120323,1260.75,448.25,2,35638,3
371,1120324,1061.5,511.0,1,35638,4
381,1120227,746.5,487.0,1,35611,0
381,1120228,1535.0,494.5,1,35611,1
381,1120229,1272.5,457.5,1,35611,2
381,1120230,1109.0,458.0,1,35611,3
381,1120231,1047.5,447.75,2,35611,4
381,1120232,1763.0,628.5,1,35611,5
381,1120233,1641.5,656.0,1,35611,6
381,1120234,1042.0,442.0,1,35611,7
381,1120235,1200.5,361.5,1,35612,0
381,1120236,883.0,358.0,1,35612,1
381,1120237,1014.0,361.0,1,35612,2
381,1120238,1535.0,494.5,1,35613,0
381,1120239,1272.5,457.5,1,35613,1
381,1120240,1085.25,484.5,2,35613,2
381,1120241,746.5,487.0,1,35613,3
381,1120242,1004.5,419.0,1,35614,0
381,1120243,1253.75,434.25,2,35614,1
381,1120244,1047.5,447.75,2,35614,2
381,1120245,1042.0,442.0,1,35614,3
381,1120246,1650.5,350.5,1,35615,0
381,1120247,1277.875,439.5,4,35616,0
381,1120248,1085.25,484.5,2,35616,1
381,1120249,1004.0,451.0,1,35617,0
381,1120250,559.0,417.0,1,35617,1
381,1120251,1063.5833740234375,432.4166564941406,2,35617,2
381,1120252,746.5,487.0,1,35617,3
381,1120253,1042.0,442.0,1,35617,4
381,1120254,883.0,358.0,1,35618,0
381,1120255,1200.5,361.5,1,35618,1
381,1120256,1277.875,439.5,4,35619,0
381,1120257,1039.75,419.5,2,35619,1
381,1120258,1277.875,439.5,4,35620,0
381,1120259,1085.25,484.5,2,35620,1
381,1120260,746.5,487.0,1,35620,2
381,1120261,1535.0,494.5,1,35620,3
381,1120262,1763.0,628.5,1,35620,4
381,1120263,1641.5,656.0,1,35620,5
381,1120264,1092.0,439.0,2,35621,0
381,1120265,1253.75,434.25,2,35621,1
381,1120266,1047.5,447.75,2,35621,2
381,1120267,1042.0,442.0,1,35621,3
381,1120268,1763.0,628.5,1,35622,0
381,1120269,1641.5,656.0,1,35622,1
381,1120270,1061.5,511.0,1,35622,2
381,1120271,746.5,487.0,1,35622,3
381,1120272,1272.5,457.5,1,35622,4
381,1120273,1068.25,458.0416564941406,3,35623,0
381,1120274,746.5,487.0,1,35623,1
381,1120275,1535.0,494.5,1,35623,2
381,1120276,1309.8333740234375,442.6666564941406,3,35623,3
381,1120277,1047.5,447.75,2,35623,4
381,1120278,1085.25,484.5,2,35624,0
381,1120279,1535.0,494.5,1,35624,1
381,1120280,1302.0,444.75,2,35624,2
381,1120281,1641.5,656.0,1,35624,3
381,1120282,1763.0,628.5,1,35624,4
381,1120283,1091.0,444.5,1,35625,0
381,1120284,559.0,417.0,1,35625,1
381,1120285,314.5,500.5,1,35625,2
381,1120286,746.5,487.0,1,35625,3
381,1120287,1063.5833740234375,432.4166564941406,2,35625,4
381,1120288,1042.0,442.0,1,35625,5
381,1120289,314.5,500.5,1,35626,0
381,1120290,391.5,513.5,1,35626,1
381,1120291,927.0,563.0,1,35626,2
381,1120292,1091.0,444.5,1,35626,3
381,1120293,1277.875,439.5,4,35627,0
381,1120294,1039.75,419.5,2,35627,1
381,1120295,1641.5,656.0,1,35627,2
381,1120296,519.0,348.5,1,35628,0
381,1120297,665.5,330.0,1,35628,1
381,1120298,665.5,330.0,1,35629,0
381,1120299,482.75,331.0,2,35629,1
381,1120300,153.5,398.5,1,35629,2
381,1120301,559.0,417.0,1,35630,0
381,1120302,1047.5,447.75,2,35630,1
381,1120303,1014.0,361.0,1,35631,0
381,1120304,1200.5,361.5,1,35631,1
381,1120305,391.5,513.5,1,35632,0
381,1120306,927.0,563.0,1,35632,1
381,1120307,314.5,500.5,1,35632,2
381,1120308,1042.0,442.0,1,35633,0
381,1120309,746.5,487.0,1,35633,1
381,1120310,1063.5833740234375,432.4166564941406,2,35633,2
381,1120311,1047.5,447.75,2,35633,3
381,1120312,191.0,335.0,1,35634,0
381,1120313,927.0,563.0,1,35635,0
381,1120314,391.5,513.5,1,35635,1
381,1120315,314.5,500.5,1,35635,2
381,1120316,446.5,313.5,1,35636,0
381,1120317,665.5,330.0,1,35636,1
381,1120318,153.5,398.5,1,35637,0
381,1120319,665.5,330.0,1,35637,1
381,1120320,1641.5,656.0,1,35638,0
381,1120321,1763.0,628.5,1,35638,1
381,1120322,746.5,487.0,1,35638,2
381,1120323,1260.75,448.25,2,35638,3
381,1120324,1061.5,511.0,1,35638,4
391,1120227,746.5,487.0,1,35611,0
391,1120228,1535.0,494.5,1,35611,1
391,1120229,1272.5,457.5,1,35611,2
391,1120230,1109.0,458.0,1,35611,3
391,1120231,1047.5,447.75,2,35611,4
391,1120232,1763.0,628.5,1,35611,5
391,1120233,1641.5,656.0,1,35611,6
391,1120234,1042.0,442.0,1,35611,7
391,1120235,1200.5,361.5,1,35612,0
391,1120236,883.0,358.0,1,35612,1
391,1120237,1014.0,361.0,1,35612,2
391,1120238,1535.0,494.5,1,35613,0
391,1120239,1272.5,457.5,1,35613,1
391,1120240,1085.25,484.5,2,35613,2
391,1120241,746.5,487.0,1,35613,3
391,1120242,1004.5,419.0,1,35614,0
391,1120243,1253.75,434.25,2,35614,1
391,1120244,1047.5,447.75,2,35614,2
391,1120245,1042.0,442.0,1,35614,3
391,1120246,1650.5,350.5,1,35615,0
391,1120247,1277.875,439.5,4,35616,0
391,1120248,1085.25,484.5,2,35616,1
391,1120249,1004.0,451.0,1,35617,0
391,1120250,559.0,417.0,1,35617,1
391,1120251,1063.5833740234375,432.4166564941406,2,35617,2
391,1120252,746.5,487.0,1,35617,3
391,1120253,1042.0,442.0,1,35617,4
391,1120254,883.0,358.0,1,35618,0
391,1120255,1200.5,361.5,1,35618,1
391,1120256,1277.875,439.5,4,35619,0
391,1120257,1039.75,419.5,2,35619,1
391,1120258,1277.875,439.5,4,35620,0
391,1120259,1085.25,484.5,2,35620,1
391,1120260,746.5,487.0,1,35620,2
391,1120261,1535.0,494.5,1,35620,3
391,1120262,1763.0,628.5,1,35620,4
391,1120263,1641.5,656.0,1,35620,5
391,1120264,1092.0,439.0,2,35621,0
391,1120265,1253.75,434.25,2,35621,1
391,1120266,1047.5,447.75,2,35621,2
391,1120267,1042.0,442.0,1,35621,3
391,1120268,1763.0,628.5,1,35622,0
391,1120269,1641.5,656.0,1,35622,1
391,1120270,1061.5,511.0,1,35622,2
391,1120271,746.5,487.0,1,35622,3
391,1120272,1272.5,457.5,1,35622,4
391,1120273,1068.25,458.0416564941406,3,35623,0
391,1120274,746.5,487.0,1,35623,1
391,1120275,1535.0,494.5,1,35623,2
391,1120276,1309.8333740234375,442.6666564941406,3,35623,3
391,1120277,1047.5,447.75,2,35623,4
391,1120278,1085.25,484.5,2,35624,0
391,1120279,1535.0,494.5,1,35624,1
391,1120280,1302.0,444.75,2,35624,2
391,1120281,1641.5,656.0,1,35624,3
391,1120282,1763.0,628.5,1,35624,4
391,1120283,1091.0,444.5,1,35625,0
391,1120284,559.0,417.0,1,35625,1
391,1120285,314.5,500.5,1,35625,2
391,1120286,746.5,487.0,1,35625,3
391,1120287,1063.5833740234375,432.4166564941406,2,35625,4
391,1120288,1042.0,442.0,1,35625,5
391,1120289,314.5,500.5,1,35626,0
391,1120290,391.5,513.5,1,35626,1
391,1120291,927.0,563.0,1,35626,2
391,1120292,1091.0,444.5,1,35626,3
391,1120293,1277.875,439.5,4,35627,0
391,1120294,1039.75,419.5,2,35627,1
391,1120295,1641.5,656.0,1,35627,2
391,1120296,519.0,348.5,1,35628,0
391,1120297,665.5,330.0,1,35628,1
391,1120298,665.5,330.0,1,35629,0
391,1120299,482.75,331.0,2,35629,1
391,1120300,153.5,398.5,1,35629,2
391,1120301,559.0,417.0,1,35630,0
391,1120302,1047.5,447.75,2,35630,1
391,1120303,1014.0,361.0,1,35631,0
391,1120304,1200.5,361.5,1,35631,1
391,1120305,391.5,513.5,1,35632,0
391,1120306,927.0,563.0,1,35632,1
391,1120307,314.5,500.5,1,35632,2
391,1120308,1042.0,442.0,1,35633,0
391,1120309,746.5,487.0,1,35633,1
391,1120310,1063.5833740234375,432.4166564941406,2,35633,2
391,1120311,1047.5,447.75,2,35633,3
391,1120312,191.0,335.0,1,35634,0
391,1120313,927.0,563.0,1,35635,0
391,1120314,391.5,513.5,1,35635,1
391,1120315,314.5,500.5,1,35635,2
391,1120316,446.5,313.5,1,35636,0
391,1120317,665.5,330.0,1,35636,1
391,1120318,153.5,398.5,1,35637,0
391,1120319,665.5,330.0,1,35637,1
391,1120320,1641.5,656.0,1,35638,0
391,1120321,1763.0,628.5,1,35638,1
391,1120322,746.5,487.0,1,35638,2
391,1120323,1260.75,448.25,2,35638,3
391,1120324,1061.5,511.0,1,35638,4
401,1120227,746.5,487.0,1,35611,0
401,1120228,1535.0,494.5,1,35611,1
401,1120229,1272.5,457.5,1,35611,2
401,1120230,1109.0,458.0,1,35611,3
401,1120231,1047.5,447.75,2,35611,4
401,1120232,1763.0,628.5,1,35611,5
401,1120233,1641.5,656.0,1,35611,6
401,1120234,1042.0,442.0,1,35611,7
401,1120235,1200.5,361.5,1,35612,0
401,1120236,883.0,358.0,1,35612,1
401,1120237,1014.0,361.0,1,35612,2
401,1120238,1535.0,494.5,1,35613,0
401,1120239,1272.5,457.5,1,35613,1
401,1120240,1085.25,484.5,2,35613,2
401,1120241,746.5,487.0,1,35613,3
401,1120242,1004.5,419.0,1,35614,0
401,1120243,1253.75,434.25,2,35614,1
401,1120244,1047.5,447.75,2,35614,2
401,1120245,1042.0,442.0,1,35614,3
401,1120246,1650.5,350.5,1,35615,0
401,1120247,1277.875,439.5,4,35616,0
401,1120248,1085.25,484.5,2,35616,1
401,1120249,1004.0,451.0,1,35617,0
401,1120250,559.0,417.0,1,35617,1
401,1120251,1063.5833740234375,432.4166564941406,2,35617,2
401,1120252,746.5,487.0,1,35617,3
401,1120253,1042.0,442.0,1,35617,4
401,1120254,883.0,358.0,1,35618,0
401,1120255,1200.5,361.5,1,35618,1
401,1120256,1277.875,439.5,4,35619,0
401,1120257,1039.75,419.5,2,35619,1
401,1120258,1277.875,439.5,4,35620,0
401,1120259,1085.25,484.5,2,35620,1
401,1120260,746.5,487.0,1,35620,2
401,1120261,1535.0,494.5,1,35620,3
401,1120262,1763.0,628.5,1,35620,4
401,1120263,1641.5,656.0,1,35620,5
401,1120264,1092.0,439.0,2,35621,0
401,1120265,1253.75,434.25,2,35621,1
401,1120266,1047.5,447.75,2,35621,2
401,1120267,1042.0,442.0,1,35621,3
401,1120268,1763.0,628.5,1,35622,0
401,1120269,1641.5,656.0,1,35622,1
401,1120270,1061.5,511.0,1,35622,2
401,1120271,746.5,487.0,1,35622,3
401,1120272,1272.5,457.5,1,35622,4
401,1120273,1068.25,458.0416564941406,3,35623,0
401,1120274,746.5,487.0,1,35623,1
401,1120275,1535.0,494.5,1,35623,2
401,1120276,1309.8333740234375,442.6666564941406,3,35623,3
401,1120277,1047.5,447.75,2,35623,4
401,1120278,1085.25,484.5,2,35624,0
401,1120279,1535.0,494.5,1,35624,1
401,1120280,1302.0,444.75,2,35624,2
401,1120281,1641.5,656.0,1,35624,3
401,1120282,1763.0,628.5,1,35624,4
401,1120283,1091.0,444.5,1,35625,0
401,1120284,559.0,417.0,1,35625,1
401,1120285,314.5,500.5,1,35625,2
401,1120286,746.5,487.0,1,35625,3
401,1120287,1063.5833740234375,432.4166564941406,2,35625,4
401,1120288,1042.0,442.0,1,35625,5
401,1120289,314.5,500.5,1,35626,0
401,1120290,391.5,513.5,1,35626,1
401,1120291,927.0,563.0,1,35626,2
401,1120292,1091.0,444.5,1,35626,3
401,1120293,1277.875,439.5,4,35627,0
401,1120294,1039.75,419.5,2,35627,1
401,1120295,1641.5,656.0,1,35627,2
401,1120296,519.0,348.5,1,35628,0
401,1120297,665.5,330.0,1,35628,1
401,1120298,665.5,330.0,1,35629,0
401,1120299,482.75,331.0,2,35629,1
401,1120300,153.5,398.5,1,35629,2
401,1120301,559.0,417.0,1,35630,0
401,1120302,1047.5,447.75,2,35630,1
401,1120303,1014.0,361.0,1,35631,0
401,1120304,1200.5,361.5,1,35631,1
401,1120305,391.5,513.5,1,35632,0
401,1120306,927.0,563.0,1,35632,1
401,1120307,314.5,500.5,1,35632,2
401,1120308,1042.0,442.0,1,35633,0
401,1120309,746.5,487.0,1,35633,1
401,1120310,1063.5833740234375,432.4166564941406,2,35633,2
401,1120311,1047.5,447.75,2,35633,3
401,1120312,191.0,335.0,1,35634,0
401,1120313,927.0,563.0,1,35635,0
401,1120314,391.5,513.5,1,35635,1
401,1120315,314.5,500.5,1,35635,2
401,1120316,446.5,313.5,1,35636,0
401,1120317,665.5,330.0,1,35636,1
401,1120318,153.5,398.5,1,35637,0
401,1120319,665.5,330.0,1,35637,1
401,1120320,1641.5,656.0,1,35638,0
401,1120321,1763.0,628.5,1,35638,1
401,1120322,746.5,487.0,1,35638,2
401,1120323,1260.75,448.25,2,35638,3
401,1120324,1061.5,511.0,1,35638,4
411,1120227,781.5,484.0,1,35611,0
411,1120228,1487.5,494.5,1,35611,1
411,1120229,1279.5,468.5,1,35611,2
411,1120230,1070.0,456.0,1,35611,3
411,1120231,1029.0,449.25,2,35611,4
411,1120232,1732.5,624.5,1,35611,5
411,1120233,1627.0,648.5,1,35611,6
411,1120234,1051.5,455.5,1,35611,7
411,1120235,1184.0,361.5,1,35612,0
411,1120236,902.0,358.0,1,35612,1
411,1120237,997.0,360.5,1,35612,2
411,1120238,1487.5,494.5,1,35613,0
411,1120239,1279.5,468.5,1,35613,1
411,1120240,1081.75,483.25,2,35613,2
411,1120241,781.5,484.0,1,35613,3
411,1120242,1021.0,418.0,1,35614,0
411,1120243,1235.5,436.5,2,35614,1
411,1120244,1029.0,449.25,2,35614,2
411,1120245,1051.5,455.5,1,35614,3
411,1120246,1651.0,350.5,1,35615,0
411,1120247,1268.0416259765625,444.6666564941406,3,35616,0
411,1120248,1081.75,483.25,2,35616,1
411,1120249,1001.5,451.0,1,35617,0
411,1120250,573.5,421.0,1,35617,1
411,1120251,1052.3333740234375,430.9166564941406,2,35617,2
411,1120252,781.5,484.0,1,35617,3
411,1120253,1051.5,455.5,1,35617,4
411,1120254,902.0,358.0,1,35618,0
411,1120255,1184.0,361.5,1,35618,1
411,1120256,1268.0416259765625,444.6666564941406,3,35619,0
411,1120257,1040.25,420.5,2,35619,1
411,1120258,1268.0416259765625,444.6666564941406,3,35620,0
411,1120259,1081.75,483.25,2,35620,1
411,1120260,781.5,484.0,1,35620,2
411,1120261,1487.5,494.5,1,35620,3
411,1120262,1732.5,624.5,1,35620,4
411,1120263,1627.0,648.5,1,35620,5
411,1120264,1064.75,439.5,2,35621,0
411,1120265,1235.5,436.5,2,35621,1
411,1120266,1029.0,449.25,2,35621,2
411,1120267,1051.5,455.5,1,35621,3
411,1120268,1732.5,624.5,1,35622,0
411,1120269,1627.0,648.5,1,35622,1
411,1120270,1093.5,510.5,1,35622,2
411,1120271,781.5,484.0,1,35622,3
411,1120272,1279.5,468.5,1,35622,4
411,1120273,1065.25,466.2916564941406,2,35623,0
411,1120274,781.5,484.0,1,35623,1
411,1120275,1487.5,494.5,1,35623,2
411,1120276,1293.8333740234375,447.1666564941406,2,35623,3
411,1120277,1029.0,449.25,2,35623,4
411,1120278,1081.75,483.25,2,35624,0
411,1120279,1487.5,494.5,1,35624,1
411,1120280,1330.0,453.0,2,35624,2
411,1120281,1627.0,648.5,1,35624,3
411,1120282,1732.5,624.5,1,35624,4
411,1120283,1056.5,447.5,1,35625,0
411,1120284,573.5,421.0,1,35625,1
411,1120285,350.0,500.5,1,35625,2
411,1120286,781.5,484.0,1,35625,3
411,1120287,1052.3333740234375,430.9166564941406,2,35625,4
411,1120288,1051.5,455.5,1,35625,5
411,1120289,350.0,500.5,1,35626,0
411,1120290,420.0,517.0,1,35626,1
411,1120291,908.5,560.5,1,35626,2
411,1120292,1056.5,447.5,1,35626,3
411,1120293,1268.0416259765625,444.6666564941406,3,35627,0
411,1120294,1040.25,420.5,2,35627,1
411,1120295,1627.0,648.5,1,35627,2
411,1120296,528.0,347.0,1,35628,0
411,1120297,649.0,331.0,1,35628,1
411,1120298,649.0,331.0,1,35629,0
411,1120299,490.75,330.25,2,35629,1
411,1120300,153.5,398.5,1,35629,2
411,1120301,573.5,421.0,1,35630,0
411,1120302,1029.0,449.25,2,35630,1
411,1120303,997.0,360.5,1,35631,0
411,1120304,1184.0,361.5,1,35631,1
411,1120305,420.0,517.0,1,35632,0
411,1120306,908.5,560.5,1,35632,1
411,1120307,350.0,500.5,1,35632,2
411,1120308,1051.5,455.5,1,35633,0
411,1120309,781.5,484.0,1,35633,1
411,1120310,1052.3333740234375,430.9166564941406,2,35633,2
411,1120311,1029.0,449.25,2,35633,3
411,1120312,181.0,335.5,1,35634,0
411,1120313,908.5,560.5,1,35635,0
411,1120314,420.0,517.0,1,35635,1
411,1120315,350.0,500.5,1,35635,2
411,1120316,453.5,313.5,1,35636,0
411,1120317,649.0,331.0,1,35636,1
411,1120318,153.5,398.5,1,35637,0
411,1120319,649.0,331.0,1,35637,1
411,1120320,1627.0,648.5,1,35638,0
411,1120321,1732.5,624.5,1,35638,1
411,1120322,781.5,484.0,1,35638,2
411,1120323,1255.5,455.5,2,35638,3
411,1120324,1093.5,510.5,1,35638,4
431,1120325,1476.0,487.0,1,35639,0
431,1120326,1756.5,510.0,1,35639,1
431,1120327,1051.5,505.0,1,35639,2
431,1120328,817.5,462.0,1,35639,3
431,1120329,1365.0,476.0,1,35639,4
431,1120330,970.5,360.0,1,35640,0
431,1120331,709.5,323.0,1,35640,1
431,1120332,577.0,312.5,1,35640,2
431,1120333,1112.5,532.0,1,35641,0
431,1120334,498.5,485.5,1,35641,1
431,1120335,777.25,487.0,2,35641,2
431,1120336,1051.5,505.0,1,35641,3
431,1120337,361.0,495.5,1,35641,4
431,1120338,1376.0,418.0,1,35642,0
431,1120339,737.0,512.0,1,35642,1
431,1120340,1376.5,422.5,1,35642,2
431,1120341,1650.0,350.5,1,35643,0
431,1120342,595.5,426.5,1,35644,0
431,1120343,1241.0,431.5,1,35644,1
431,1120344,1370.75,449.25,2,35644,2
431,1120345,1013.0,473.0,1,35644,3
431,1120346,777.25,487.0,2,35645,0
431,1120347,1376.0,418.0,1,35645,1
431,1120348,1147.0,471.5,5,35645,2
431,1120349,1370.75,449.25,2,35645,3
431,1120350,1253.0,361.5,1,35646,0
431,1120351,1242.5,359.5,1,35646,1
431,1120352,1222.25,447.0,2,35647,0
431,1120353,1365.0,476.0,1,35647,1
431,1120354,498.5,485.5,1,35647,2
431,1120355,595.5,426.5,1,35647,3
431,1120356,737.0,512.0,1,35647,4
431,1120357,1376.5,422.5,1,35648,0
431,1120358,1203.5,462.5,1,35648,1
431,1120359,1376.0,418.0,1,35648,2
431,1120360,595.5,426.5,1,35648,3
431,1120361,737.0,512.0,1,35648,4
431,1120362,1013.0,473.0,1,35649,0
431,1120363,498.5,485.5,1,35649,1
431,1120364,1051.5,505.0,1,35649,2
431,1120365,777.25,487.0,2,35649,3
431,1120366,595.5,426.5,1,35649,4
431,1120367,1365.0,476.0,1,35650,0
431,1120368,1222.25,447.0,2,35650,1
431,1120369,1051.5,505.0,1,35650,2
431,1120370,1476.0,487.0,1,35650,3
431,1120371,595.5,426.5,1,35650,4
431,1120372,737.0,512.0,1,35650,5
431,1120373,1756.5,510.0,1,35651,0
431,1120374,1051.5,505.0,1,35651,1
431,1120375,817.5,462.0,1,35651,2
431,1120376,1476.0,487.0,1,35651,3
431,1120377,498.5,485.5,1,35652,0
431,1120378,1062.75,502.5,2,35652,1
431,1120379,1241.0,431.5,1,35652,2
431,1120380,361.0,495.5,1,35652,3
431,1120381,1051.5,505.0,1,35653,0
431,1120382,1476.0,487.0,1,35653,1
431,1120383,1756.5,510.0,1,35653,2
431,1120384,1096.8333740234375,487.8333435058594,3,35653,3
431,1120385,1365.0,476.0,1,35653,4
431,1120386,1271.0,593.5,1,35653,5
431,1120387,1184.25,460.5,2,35654,0
431,1120388,777.25,487.0,2,35654,1
431,1120389,361.0,495.5,1,35654,2
431,1120390,1051.5,505.0,1,35654,3
431,1120391,709.5,323.0,1,35655,0
431,1120392,577.0,312.5,1,35655,1
431,1120393,970.5,360.0,1,35655,2
431,1120394,437.25,358.75,2,35656,0
431,1120395,777.25,487.0,2,35657,0
431,1120396,1476.0,487.0,1,35657,1
431,1120397,1756.5,510.0,1,35657,2
431,1120398,1096.8333740234375,487.8333435058594,3,35657,3
431,1120399,1242.5,359.5,1,35658,0
431,1120400,1253.0,361.5,1,35658,1
431,1120401,778.0,556.5,1,35659,0
431,1120402,361.0,495.5,1,35660,0
431,1120403,1138.75,495.25,2,35660,1
431,1120404,498.5,485.5,1,35660,2
431,1120405,577.0,312.5,1,35661,0
431,1120406,709.5,323.0,1,35661,1
431,1120407,970.5,360.0,1,35661,2
431,1120408,437.25,358.75,2,35662,0
431,1120409,1203.1666259765625,450.8333435058594,3,35663,0
431,1120410,1370.75,449.25,2,35663,1
431,1120411,737.0,512.0,1,35663,2
431,1120412,1271.0,593.5,1,35664,0
431,1120413,1051.5,505.0,1,35664,1
441,1120325,1476.0,487.0,1,35639,0
441,1120326,1756.5,510.0,1,35639,1
441,1120327,1051.5,505.0,1,35639,2
441,1120328,817.5,462.0,1,35639,3
441,1120329,1365.0,476.0,1,35639,4
441,1120330,970.5,360.0,1,35640,0
441,1120331,709.5,323.0,1,35640,1
441,1120332,577.0,312.5,1,35640,2
441,1120333,1112.5,532.0,1,35641,0
441,1120334,498.5,485.5,1,35641,1
441,1120335,777.25,487.0,2,35641,2
441,1120336,1051.5,505.0,1,35641,3
441,1120337,361.0,495.5,1,35641,4
441,1120338,1376.0,418.0,1,35642,0
441,1120339,737.0,512.0,1,35642,1
441,1120340,1376.5,422.5,1,35642,2
441,1120341,1650.0,350.5,1,35643,0
441,1120342,595.5,426.5,1,35644,0
441,1120343,1241.0,431.5,1,35644,1
441,1120344,1370.75,449.25,2,35644,2
441,1120345,1013.0,473.0,1,35644,3
441,1120346,777.25,487.0,2,35645,0
441,1120347,1376.0,418.0,1,35645,1
441,1120348,1147.0,471.5,5,35645,2
441,1120349,1370.75,449.25,2,35645,3
441,1120350,1253.0,361.5,1,35646,0
441,1120351,1242.5,359.5,1,35646,1
441,1120352,1222.25,447.0,2,35647,0
441,1120353,1365.0,476.0,1,35647,1
441,1120354,498.5,485.5,1,35647,2
441,1120355,595.5,426.5,1,35647,3
441,1120356,737.0,512.0,1,35647,4
441,1120357,1376.5,422.5,1,35648,0
441,1120358,1203.5,462.5,1,35648,1
441,1120359,1376.0,418.0,1,35648,2
441,1120360,595.5,426.5,1,35648,3
441,1120361,737.0,512.0,1,35648,4
441,1120362,1013.0,473.0,1,35649,0
441,1120363,498.5,485.5,1,35649,1
441,1120364,1051.5,505.0,1,35649,2
441,1120365,777.25,487.0,2,35649,3
441,1120366,595.5,426.5,1,35649,4
441,1120367,1365.0,476.0,1,35650,0
441,1120368,1222.25,447.0,2,35650,1
441,1120369,1051.5,505.0,1,35650,2
441,1120370,1476.0,487.0,1,35650,3
441,1120371,595.5,426.5,1,35650,4
441,1120372,737.0,512.0,1,35650,5
441,1120373,1756.5,510.0,1,35651,0
441,1120374,1051.5,505.0,1,35651,1
441,1120375,817.5,462.0,1,35651,2
441,1120376,1476.0,487.0,1,35651,3
441,1120377,498.5,485.5,1,35652,0
441,1120378,1062.75,502.5,2,35652,1
441,1120379,1241.0,431.5,1,35652,2
441,1120380,361.0,495.5,1,35652,3
441,1120381,1051.5,505.0,1,35653,0
441,1120382,1476.0,487.0,1,35653,1
441,1120383,1756.5,510.0,1,35653,2
441,1120384,1096.8333740234375,487.8333435058594,3,35653,3
441,1120385,1365.0,476.0,1,35653,4
441,1120386,1271.0,593.5,1,35653,5
441,1120387,1184.25,460.5,2,35654,0
441,1120388,777.25,487.0,2,35654,1
441,1120389,361.0,495.5,1,35654,2
441,1120390,1051.5,505.0,1,35654,3
441,1120391,709.5,323.0,1,35655,0
441,1120392,577.0,312.5,1,35655,1
441,1120393,970.5,360.0,1,35655,2
441,1120394,437.25,358.75,2,35656,0
441,1120395,777.25,487.0,2,35657,0
441,1120396,1476.0,487.0,1,35657,1
441,1120397,1756.5,510.0,1,35657,2
441,1120398,1096.8333740234375,487.8333435058594,3,35657,3
441,1120399,1242.5,359.5,1,35658,0
441,1120400,1253.0,361.5,1,35658,1
441,1120401,778.0,556.5,1,35659,0
441,1120402,361.0,495.5,1,35660,0
441,1120403,1138.75,495.25,2,35660,1
441,1120404,498.5,485.5,1,35660,2
441,1120405,577.0,312.5,1,35661,0
441,1120406,709.5,323.0,1,35661,1
441,1120407,970.5,360.0,1,35661,2
441,1120408,437.25,358.75,2,35662,0
441,1120409,1203.1666259765625,450.8333435058594,3,35663,0
441,1120410,1370.75,449.25,2,35663,1
441,1120411,737.0,512.0,1,35663,2
441,1120412,1271.0,593.5,1,35664,0
441,1120413,1051.5,505.0,1,35664,1
451,1120325,1476.0,487.0,1,35639,0
451,1120326,1756.5,510.0,1,35639,1
451,1120327,1051.5,505.0,1,35639,2
451,1120328,817.5,462.0,1,35639,3
451,1120329,1365.0,476.0,1,35639,4
451,1120330,970.5,360.0,1,35640,0
451,1120331,709.5,323.0,1,35640,1
451,1120332,577.0,312.5,1,35640,2
451,1120333,1112.5,532.0,1,35641,0
451,1120334,498.5,485.5,1,35641,1
451,1120335,777.25,487.0,2,35641,2
451,1120336,1051.5,505.0,1,35641,3
451,1120337,361.0,495.5,1,35641,4
451,1120338,1376.0,418.0,1,35642,0
451,1120339,737.0,512.0,1,35642,1
451,1120340,1376.5,422.5,1,35642,2
451,1120341,1650.0,350.5,1,35643,0
451,1120342,595.5,426.5,1,35644,0
451,1120343,1241.0,431.5,1,35644,1
451,1120344,1370.75,449.25,2,35644,2
451,1120345,1013.0,473.0,1,35644,3
451,1120346,777.25,487.0,2,35645,0
451,1120347,1376.0,418.0,1,35645,1
451,1120348,1147.0,471.5,5,35645,2
451,1120349,1370.75,449.25,2,35645,3
451,1120350,1253.0,361.5,1,35646,0
451,1120351,1242.5,359.5,1,35646,1
451,1120352,1222.25,447.0,2,35647,0
451,1120353,1365.0,476.0,1,35647,1
451,1120354,498.5,485.5,1,35647,2
451,1120355,595.5,426.5,1,35647,3
451,1120356,737.0,512.0,1,35647,4
451,1120357,1376.5,422.5,1,35648,0
451,1120358,1203.5,462.5,1,35648,1
451,1120359,1376.0,418.0,1,35648,2
451,1120360,595.5,426.5,1,35648,3
451,1120361,737.0,512.0,1,35648,4
451,1120362,1013.0,473.0,1,35649,0
451,1120363,498.5,485.5,1,35649,1
451,1120364,1051.5,505.0,1,35649,2
451,1120365,777.25,487.0,2,35649,3
451,1120366,595.5,426.5,1,35649,4
451,1120367,1365.0,476.0,1,35650,0
451,1120368,1222.25,447.0,2,35650,1
451,1120369,1051.5,505.0,1,35650,2
451,1120370,1476.0,487.0,1,35650,3
451,1120371,595.5,426.5,1,35650,4
451,1120372,737.0,512.0,1,35650,5
451,1120373,1756.5,510.0,1,35651,0
451,1120374,1051.5,505.0,1,35651,1
451,1120375,817.5,462.0,1,35651,2
451,1120376,1476.0,487.0,1,35651,3
451,1120377,498.5,485.5,1,35652,0
451,1120378,1062.75,502.5,2,35652,1
451,1120379,1241.0,431.5,1,35652,2
451,1120380,361.0,495.5,1,35652,3
451,1120381,1051.5,505.0,1,35653,0
451,1120382,1476.0,487.0,1,35653,1
451,1120383,1756.5,510.0,1,35653,2
451,1120384,1096.8333740234375,487.8333435058594,3,35653,3
451,1120385,1365.0,476.0,1,35653,4
451,1120386,1271.0,593.5,1,35653,5
451,1120387,1184.25,460.5,2,35654,0
451,1120388,777.25,487.0,2,35654,1
451,1120389,361.0,495.5,1,35654,2
451,1120390,1051.5,505.0,1,35654,3
451,1120391,709.5,323.0,1,35655,0
451,1120392,577.0,312.5,1,35655,1
451,1120393,970.5,360.0,1,35655,2
451,1120394,437.25,358.75,2,35656,0
451,1120395,777.25,487.0,2,35657,0
451,1120396,1476.0,487.0,1,35657,1
451,1120397,1756.5,510.0,1,35657,2
451,1120398,1096.8333740234375,487.8333435058594,3,35657,3
451,1120399,1242.5,359.5,1,35658,0
451,1120400,1253.0,361.5,1,35658,1
451,1120401,778.0,556.5,1,35659,0
451,1120402,361.0,495.5,1,35660,0
451,1120403,1138.75,495.25,2,35660,1
451,1120404,498.5,485.5,1,35660,2
451,1120405,577.0,312.5,1,35661,0
451,1120406,709.5,323.0,1,35661,1
451,1120407,970.5,360.0,1,35661,2
451,1120408,437.25,358.75,2,35662,0
451,1120409,1203.1666259765625,450.8333435058594,3,35663,0
451,1120410,1370.75,449.25,2,35663,1
451,1120411,737.0,512.0,1,35663,2
451,1120412,1271.0,593.5,1,35664,0
451,1120413,1051.5,505.0,1,35664,1
461,1120325,1476.0,487.0,1,35639,0
461,1120326,1756.5,510.0,1,35639,1
461,1120327,1051.5,505.0,1,35639,2
461,1120328,817.5,462.0,1,35639,3
461,1120329,1365.0,476.0,1,35639,4
461,1120330,970.5,360.0,1,35640,0
461,1120331,709.5,323.0,1,35640,1
461,1120332,577.0,312.5,1,35640,2
461,1120333,1112.5,532.0,1,35641,0
461,1120334,498.5,485.5,1,35641,1
461,1120335,777.25,487.0,2,35641,2
461,1120336,1051.5,505.0,1,35641,3
461,1120337,361.0,495.5,1,35641,4
461,1120338,1376.0,418.0,1,35642,0
461,1120339,737.0,512.0,1,35642,1
461,1120340,1376.5,422.5,1,35642,2
461,1120341,1650.0,350.5,1,35643,0
461,1120342,595.5,426.5,1,35644,0
461,1120343,1241.0,431.5,1,35644,1
461,1120344,1370.75,449.25,2,35644,2
461,1120345,1013.0,473.0,1,35644,3
461,1120346,777.25,487.0,2,35645,0
461,1120347,1376.0,418.0,1,35645,1
461,1120348,1147.0,471.5,5,35645,2
461,1120349,1370.75,449.25,2,35645,3
461,1120350,1253.0,361.5,1,35646,0
461,1120351,1242.5,359.5,1,35646,1
461,1120352,1222.25,447.0,2,35647,0
461,1120353,1365.0,476.0,1,35647,1
461,1120354,498.5,485.5,1,35647,2
461,1120355,595.5,426.5,1,35647,3
461,1120356,737.0,512.0,1,35647,4
461,1120357,1376.5,422.5,1,35648,0
461,1120358,1203.5,462.5,1,35648,1
461,1120359,1376.0,418.0,1,35648,2
461,1120360,595.5,426.5,1,35648,3
461,1120361,737.0,512.0,1,35648,4
461,1120362,1013.0,473.0,1,35649,0
461,1120363,498.5,485.5,1,35649,1
461,1120364,1051.5,505.0,1,35649,2
461,1120365,777.25,487.0,2,35649,3
461,1120366,595.5,426.5,1,35649,4
461,1120367,1365.0,476.0,1,35650,0
461,1120368,1222.25,447.0,2,35650,1
461,1120369,1051.5,505.0,1,35650,2
461,1120370,1476.0,487.0,1,35650,3
461,1120371,595.5,426.5,1,35650,4
461,1120372,737.0,512.0,1,35650,5
461,1120373,1756.5,510.0,1,35651,0
461,1120374,1051.5,505.0,1,35651,1
461,1120375,817.5,462.0,1,35651,2
461,1120376,1476.0,487.0,1,35651,3
461,1120377,498.5,485.5,1,35652,0
461,1120378,1062.75,502.5,2,35652,1
461,1120379,1241.0,431.5,1,35652,2
461,1120380,361.0,495.5,1,35652,3
461,1120381,1051.5,505.0,1,35653,0
461,1120382,1476.0,487.0,1,35653,1
461,1120383,1756.5,510.0,1,35653,2
461,1120384,1096.8333740234375,487.8333435058594,3,35653,3
461,1120385,1365.0,476.0,1,35653,4
461,1120386,1271.0,593.5,1,35653,5
461,1120387,1184.25,460.5,2,35654,0
461,1120388,777.25,487.0,2,35654,1
461,1120389,361.0,495.5,1,35654,2
461,1120390,1051.5,505.0,1,35654,3
461,1120391,709.5,323.0,1,35655,0
461,1120392,577.0,312.5,1,35655,1
461,1120393,970.5,360.0,1,35655,2
461,1120394,437.25,358.75,2,35656,0
461,1120395,777.25,487.0,2,35657,0
461,1120396,1476.0,487.0,1,35657,1
461,1120397,1756.5,510.0,1,35657,2
461,1120398,1096.8333740234375,487.8333435058594,3,35657,3
461,1120399,1242.5,359.5,1,35658,0
461,1120400,1253.0,361.5,1,35658,1
461,1120401,778.0,556.5,1,35659,0
461,1120402,361.0,495.5,1,35660,0
461,1120403,1138.75,495.25,2,35660,1
461,1120404,498.5,485.5,1,35660,2
461,1120405,577.0,312.5,1,35661,0
461,1120406,709.5,323.0,1,35661,1
461,1120407,970.5,360.0,1,35661,2
461,1120408,437.25,358.75,2,35662,0
461,1120409,1203.1666259765625,450.8333435058594,3,35663,0
461,1120410,1370.75,449.25,2,35663,1
461,1120411,737.0,512.0,1,35663,2
461,1120412,1271.0,593.5,1,35664,0
461,1120413,1051.5,505.0,1,35664,1
471,1120325,1476.0,487.0,1,35639,0
471,1120326,1756.5,510.0,1,35639,1
471,1120327,1051.5,505.0,1,35639,2
471,1120328,817.5,462.0,1,35639,3
471,1120329,1365.0,476.0,1,35639,4
471,1120330,970.5,360.0,1,35640,0
471,1120331,709.5,323.0,1,35640,1
471,1120332,577.0,312.5,1,35640,2
471,1120333,1112.5,532.0,1,35641,0
471,1120334,498.5,485.5,1,35641,1
471,1120335,777.25,487.0,2,35641,2
471,1120336,1051.5,505.0,1,35641,3
471,1120337,361.0,495.5,1,35641,4
471,1120338,1376.0,418.0,1,35642,0
471,1120339,737.0,512.0,1,35642,1
471,1120340,1376.5,422.5,1,35642,2
471,1120341,1650.0,350.5,1,35643,0
471,1120342,595.5,426.5,1,35644,0
471,1120343,1241.0,431.5,1,35644,1
471,1120344,1370.75,449.25,2,35644,2
471,1120345,1013.0,473.0,1,35644,3
471,1120346,777.25,487.0,2,35645,0
471,1120347,1376.0,418.0,1,35645,1
471,1120348,1147.0,471.5,5,35645,2
471,1120349,1370.75,449.25,2,35645,3
471,1120350,1253.0,361.5,1,35646,0
471,1120351,1242.5,359.5,1,35646,1
471,1120352,1222.25,447.0,2,35647,0
471,1120353,1365.0,476.0,1,35647,1
471,1120354,498.5,485.5,1,35647,2
471,1120355,595.5,426.5,1,35647,3
471,1120356,737.0,512.0,1,35647,4
471,1120357,1376.5,422.5,1,35648,0
471,1120358,1203.5,462.5,1,35648,1
471,1120359,1376.0,418.0,1,35648,2
471,1120360,595.5,426.5,1,35648,3
471,1120361,737.0,512.0,1,35648,4
471,1120362,1013.0,473.0,1,35649,0
471,1120363,498.5,485.5,1,35649,1
471,1120364,1051.5,505.0,1,35649,2
471,1120365,777.25,487.0,2,35649,3
471,1120366,595.5,426.5,1,35649,4
471,1120367,1365.0,476.0,1,35650,0
471,1120368,1222.25,447.0,2,35650,1
471,1120369,1051.5,505.0,1,35650,2
471,1120370,1476.0,487.0,1,35650,3
471,1120371,595.5,426.5,1,35650,4
471,1120372,737.0,512.0,1,35650,5
471,1120373,1756.5,510.0,1,35651,0
471,1120374,1051.5,505.0,1,35651,1
471,1120375,817.5,462.0,1,35651,2
471,1120376,1476.0,487.0,1,35651,3
471,1120377,498.5,485.5,1,35652,0
471,1120378,1062.75,502.5,2,35652,1
471,1120379,1241.0,431.5,1,35652,2
471,1120380,361.0,495.5,1,35652,3
471,1120381,1051.5,505.0,1,35653,0
471,1120382,1476.0,487.0,1,35653,1
471,1120383,1756.5,510.0,1,35653,2
471,1120384,1096.8333740234375,487.8333435058594,3,35653,3
471,1120385,1365.0,476.0,1,35653,4
471,1120386,1271.0,593.5,1,35653,5
471,1120387,1184.25,460.5,2,35654,0
471,1120388,777.25,487.0,2,35654,1
471,1120389,361.0,495.5,1,35654,2
471,1120390,1051.5,505.0,1,35654,3
471,1120391,709.5,323.0,1,35655,0
471,1120392,577.0,312.5,1,35655,1
471,1120393,970.5,360.0,1,35655,2
471,1120394,437.25,358.75,2,35656,0
471,1120395,777.25,487.0,2,35657,0
471,1120396,1476.0,487.0,1,35657,1
471,1120397,1756.5,510.0,1,35657,2
471,1120398,1096.8333740234375,487.8333435058594,3,35657,3
471,1120399,1242.5,359.5,1,35658,0
471,1120400,1253.0,361.5,1,35658,1
471,1120401,778.0,556.5,1,35659,0
471,1120402,361.0,495.5,1,35660,0
471,1120403,1138.75,495.25,2,35660,1
471,1120404,498.5,485.5,1,35660,2
471,1120405,577.0,312.5,1,35661,0
471,1120406,709.5,323.0,1,35661,1
471,1120407,970.5,360.0,1,35661,2
471,1120408,437.25,358.75,2,35662,0
471,1120409,1203.1666259765625,450.8333435058594,3,35663,0
471,1120410,1370.75,449.25,2,35663,1
471,1120411,737.0,512.0,1,35663,2
471,1120412,1271.0,593.5,1,35664,0
471,1120413,1051.5,505.0,1,35664,1
481,1120325,1476.0,487.0,1,35639,0
481,1120326,1756.5,510.0,1,35639,1
481,1120327,1051.5,505.0,1,35639,2
481,1120328,817.5,462.0,1,35639,3
481,1120329,1365.0,476.0,1,35639,4
481,1120330,970.5,360.0,1,35640,0
481,1120331,709.5,323.0,1,35640,1
481,1120332,577.0,312.5,1,35640,2
481,1120333,1112.5,532.0,1,35641,0
481,1120334,498.5,485.5,1,35641,1
481,1120335,777.25,487.0,2,35641,2
481,1120336,1051.5,505.0,1,35641,3
481,1120337,361.0,495.5,1,35641,4
481,1120338,1376.0,418.0,1,35642,0
481,1120339,737.0,512.0,1,35642,1
481,1120340,1376.5,422.5,1,35642,2
481,1120341,1650.0,350.5,1,35643,0
481,1120342,595.5,426.5,1,35644,0
481,1120343,1241.0,431.5,1,35644,1
481,1120344,1370.75,449.25,2,35644,2
481,1120345,1013.0,473.0,1,35644,3
481,1120346,777.25,487.0,2,35645,0
481,1120347,1376.0,418.0,1,35645,1
481,1120348,1147.0,471.5,5,35645,2
481,1120349,1370.75,449.25,2,35645,3
481,1120350,1253.0,361.5,1,35646,0
481,1120351,1242.5,359.5,1,35646,1
481,1120352,1222.25,447.0,2,35647,0
481,1120353,1365.0,476.0,1,35647,1
481,1120354,498.5,485.5,1,35647,2
481,1120355,595.5,426.5,1,35647,3
481,1120356,737.0,512.0,1,35647,4
481,1120357,1376.5,422.5,1,35648,0
481,1120358,1203.5,462.5,1,35648,1
481,1120359,1376.0,418.0,1,35648,2
481,1120360,595.5,426.5,1,35648,3
481,1120361,737.0,512.0,1,35648,4
481,1120362,1013.0,473.0,1,35649,0
481,1120363,498.5,485.5,1,35649,1
481,1120364,1051.5,505.0,1,35649,2
481,1120365,777.25,487.0,2,35649,3
481,1120366,595.5,426.5,1,35649,4
481,1120367,1365.0,476.0,1,35650,0
481,1120368,1222.25,447.0,2,35650,1
481,1120369,1051.5,505.0,1,35650,2
481,1120370,1476.0,487.0,1,35650,3
481,1120371,595.5,426.5,1,35650,4
481,1120372,737.0,512.0,1,35650,5
481,1120373,1756.5,510.0,1,35651,0
481,1120374,1051.5,505.0,1,35651,1
481,1120375,817.5,462.0,1,35651,2
481,1120376,1476.0,487.0,1,35651,3
481,1120377,498.5,485.5,1,35652,0
481,1120378,1062.75,502.5,2,35652,1
481,1120379,1241.0,431.5,1,35652,2
481,1120380,361.0,495.5,1,35652,3
481,1120381,1051.5,505.0,1,35653,0
481,1120382,1476.0,487.0,1,35653,1
481,1120383,1756.5,510.0,1,35653,2
481,1120384,1096.8333740234375,487.8333435058594,3,35653,3
481,1120385,1365.0,476.0,1,35653,4
481,1120386,1271.0,593.5,1,35653,5
481,1120387,1184.25,460.5,2,35654,0
481,1120388,777.25,487.0,2,35654,1
481,1120389,361.0,495.5,1,35654,2
481,1120390,1051.5,505.0,1,35654,3
481,1120391,709.5,323.0,1,35655,0
481,1120392,577.0,312.5,1,35655,1
481,1120393,970.5,360.0,1,35655,2
481,1120394,437.25,358.75,2,35656,0
481,1120395,777.25,487.0,2,35657,0
481,1120396,1476.0,487.0,1,35657,1
481,1120397,1756.5,510.0,1,35657,2
481,1120398,1096.8333740234375,487.8333435058594,3,35657,3
481,1120399,1242.5,359.5,1,35658,0
481,1120400,1253.0,361.5,1,35658,1
481,1120401,778.0,556.5,1,35659,0
481,1120402,361.0,495.5,1,35660,0
481,1120403,1138.75,495.25,2,35660,1
481,1120404,498.5,485.5,1,35660,2
481,1120405,577.0,312.5,1,35661,0
481,1120406,709.5,323.0,1,35661,1
481,1120407,970.5,360.0,1,35661,2
481,1120408,437.25,358.75,2,35662,0
481,1120409,1203.1666259765625,450.8333435058594,3,35663,0
481,1120410,1370.75,449.25,2,35663,1
481,1120411,737.0,512.0,1,35663,2
481,1120412,1271.0,593.5,1,35664,0
481,1120413,1051.5,505.0,1,35664,1
491,1120325,1476.0,487.0,1,35639,0
491,1120326,1756.5,510.0,1,35639,1
491,1120327,1051.5,505.0,1,35639,2
491,1120328,817.5,462.0,1,35639,3
491,1120329,1365.0,476.0,1,35639,4
491,1120330,970.5,360.0,1,35640,0
491,1120331,709.5,323.0,1,35640,1
491,1120332,577.0,312.5,1,35640,2
491,1120333,1112.5,532.0,1,35641,0
491,1120334,498.5,485.5,1,35641,1
491,1120335,777.25,487.0,2,35641,2
491,1120336,1051.5,505.0,1,35641,3
491,1120337,361.0,495.5,1,35641,4
491,1120338,1376.0,418.0,1,35642,0
491,1120339,737.0,512.0,1,35642,1
491,1120340,1376.5,422.5,1,35642,2
491,1120341,1650.0,350.5,1,35643,0
491,1120342,595.5,426.5,1,35644,0
491,1120343,1241.0,431.5,1,35644,1
491,1120344,1370.75,449.25,2,35644,2
491,1120345,1013.0,473.0,1,35644,3
491,1120346,777.25,487.0,2,35645,0
491,1120347,1376.0,418.0,1,35645,1
491,1120348,1147.0,471.5,5,35645,2
491,1120349,1370.75,449.25,2,35645,3
491,1120350,1253.0,361.5,1,35646,0
491,1120351,1242.5,359.5,1,35646,1
491,1120352,1222.25,447.0,2,35647,0
491,1120353,1365.0,476.0,1,35647,1
491,1120354,498.5,485.5,1,35647,2
491,1120355,595.5,426.5,1,35647,3
491,1120356,737.0,512.0,1,35647,4
491,1120357,1376.5,422.5,1,35648,0
491,1120358,1203.5,462.5,1,35648,1
491,1120359,1376.0,418.0,1,35648,2
491,1120360,595.5,426.5,1,35648,3
491,1120361,737.0,512.0,1,35648,4
491,1120362,1013.0,473.0,1,35649,0
491,1120363,498.5,485.5,1,35649,1
491,1120364,1051.5,505.0,1,35649,2
491,1120365,777.25,487.0,2,35649,3
491,1120366,595.5,426.5,1,35649,4
491,1120367,1365.0,476.0,1,35650,0
491,1120368,1222.25,447.0,2,35650,1
491,1120369,1051.5,505.0,1,35650,2
491,1120370,1476.0,487.0,1,35650,3
491,1120371,595.5,426.5,1,35650,4
491,1120372,737.0,512.0,1,35650,5
491,1120373,1756.5,510.0,1,35651,0
491,1120374,1051.5,505.0,1,35651,1
491,1120375,817.5,462.0,1,35651,2
491,1120376,1476.0,487.0,1,35651,3
491,1120377,498.5,485.5,1,35652,0
491,1120378,1062.75,502.5,2,35652,1
491,1120379,1241.0,431.5,1,35652,2
491,1120380,361.0,495.5,1,35652,3
491,1120381,1051.5,505.0,1,35653,0
491,1120382,1476.0,487.0,1,35653,1
491,1120383,1756.5,510.0,1,35653,2
491,1120384,1096.8333740234375,487.8333435058594,3,35653,3
491,1120385,1365.0,476.0,1,35653,4
491,1120386,1271.0,593.5,1,35653,5
491,1120387,1184.25,460.5,2,35654,0
491,1120388,777.25,487.0,2,35654,1
491,1120389,361.0,495.5,1,35654,2
491,1120390,1051.5,505.0,1,35654,3
491,1120391,709.5,323.0,1,35655,0
491,1120392,577.0,312.5,1,35655,1
491,1120393,970.5,360.0,1,35655,2
491,1120394,437.25,358.75,2,35656,0
491,1120395,777.25,487.0,2,35657,0
491,1120396,1476.0,487.0,1,35657,1
491,1120397,1756.5,510.0,1,35657,2
491,1120398,1096.8333740234375,487.8333435058594,3,35657,3
491,1120399,1242.5,359.5,1,35658,0
491,1120400,1253.0,361.5,1,35658,1
491,1120401,778.0,556.5,1,35659,0
491,1120402,361.0,495.5,1,35660,0
491,1120403,1138.75,495.25,2,35660,1
491,1120404,498.5,485.5,1,35660,2
491,1120405,577.0,312.5,1,35661,0
491,1120406,709.5,323.0,1,35661,1
491,1120407,970.5,360.0,1,35661,2
491,1120408,437.25,358.75,2,35662,0
491,1120409,1203.1666259765625,450.8333435058594,3,35663,0
491,1120410,1370.75,449.25,2,35663,1
491,1120411,737.0,512.0,1,35663,2
491,1120412,1271.0,593.5,1,35664,0
491,1120413,1051.5,505.0,1,35664,1
501,1120325,1476.0,487.0,1,35639,0
501,1120326,1756.5,510.0,1,35639,1
501,1120327,1051.5,505.0,1,35639,2
501,1120328,817.5,462.0,1,35639,3
501,1120329,1365.0,476.0,1,35639,4
501,1120330,970.5,360.0,1,35640,0
501,1120331,709.5,323.0,1,35640,1
501,1120332,577.0,312.5,1,35640,2
501,1120333,1112.5,532.0,1,35641,0
501,1120334,498.5,485.5,1,35641,1
501,1120335,777.25,487.0,2,35641,2
501,1120336,1051.5,505.0,1,35641,3
501,1120337,361.0,495.5,1,35641,4
501,1120338,1376.0,418.0,1,35642,0
501,1120339,737.0,512.0,1,35642,1
501,1120340,1376.5,422.5,1,35642,2
501,1120341,1650.0,350.5,1,35643,0
501,1120342,595.5,426.5,1,35644,0
501,1120343,1241.0,431.5,1,35644,1
501,1120344,1370.75,449.25,2,35644,2
501,1120345,1013.0,473.0,1,35644,3
501,1120346,777.25,487.0,2,35645,0
501,1120347,1376.0,418.0,1,35645,1
501,1120348,1147.0,471.5,5,35645,2
501,1120349,1370.75,449.25,2,35645,3
501,1120350,1253.0,361.5,1,35646,0
501,1120351,1242.5,359.5,1,35646,1
501,1120352,1222.25,447.0,2,35647,0
501,1120353,1365.0,476.0,1,35647,1
501,1120354,498.5,485.5,1,35647,2
501,1120355,595.5,426.5,1,35647,3
501,1120356,737.0,512.0,1,35647,4
501,1120357,1376.5,422.5,1,35648,0
501,1120358,1203.5,462.5,1,35648,1
501,1120359,1376.0,418.0,1,35648,2
501,1120360,595.5,426.5,1,35648,3
501,1120361,737.0,512.0,1,35648,4
501,1120362,1013.0,473.0,1,35649,0
501,1120363,498.5,485.5,1,35649,1
501,1120364,1051.5,505.0,1,35649,2
501,1120365,777.25,487.0,2,35649,3
501,1120366,595.5,426.5,1,35649,4
501,1120367,1365.0,476.0,1,35650,0
501,1120368,1222.25,447.0,2,35650,1
501,1120369,1051.5,505.0,1,35650,2
501,1120370,1476.0,487.0,1,35650,3
501,1120371,595.5,426.5,1,35650,4
501,1120372,737.0,512.0,1,35650,5
501,1120373,1756.5,510.0,1,35651,0
501,1120374,1051.5,505.0,1,35651,1
501,1120375,817.5,462.0,1,35651,2
501,1120376,1476.0,487.0,1,35651,3
501,1120377,498.5,485.5,1,35652,0
501,1120378,1062.75,502.5,2,35652,1
501,1120379,1241.0,431.5,1,35652,2
501,1120380,361.0,495.5,1,35652,3
501,1120381,1051.5,505.0,1,35653,0
501,1120382,1476.0,487.0,1,35653,1
501,1120383,1756.5,510.0,1,35653,2
501,1120384,1096.8333740234375,487.8333435058594,3,35653,3
501,1120385,1365.0,476.0,1,35653,4
501,1120386,1271.0,593.5,1,35653,5
501,1120387,1184.25,460.5,2,35654,0
501,1120388,777.25,487.0,2,35654,1
501,1120389,361.0,495.5,1,35654,2
501,1120390,1051.5,505.0,1,35654,3
501,1120391,709.5,323.0,1,35655,0
501,1120392,577.0,312.5,1,35655,1
501,1120393,970.5,360.0,1,35655,2
501,1120394,437.25,358.75,2,35656,0
501,1120395,777.25,487.0,2,35657,0
501,1120396,1476.0,487.0,1,35657,1
501,1120397,1756.5,510.0,1,35657,2
501,1120398,1096.8333740234375,487.8333435058594,3,35657,3
501,1120399,1242.5,359.5,1,35658,0
501,1120400,1253.0,361.5,1,35658,1
501,1120401,778.0,556.5,1,35659,0
501,1120402,361.0,495.5,1,35660,0
501,1120403,1138.75,495.25,2,35660,1
501,1120404,498.5,485.5,1,35660,2
501,1120405,577.0,312.5,1,35661,0
501,1120406,709.5,323.0,1,35661,1
501,1120407,970.5,360.0,1,35661,2
501,1120408,437.25,358.75,2,35662,0
501,1120409,1203.1666259765625,450.8333435058594,3,35663,0
501,1120410,1370.75,449.25,2,35663,1
501,1120411,737.0,512.0,1,35663,2
501,1120412,1271.0,593.5,1,35664,0
501,1120413,1051.5,505.0,1,35664,1
511,1120325,1476.0,487.0,1,35639,0
511,1120326,1756.5,510.0,1,35639,1
511,1120327,1051.5,505.0,1,35639,2
511,1120328,817.5,462.0,1,35639,3
511,1120329,1365.0,476.0,1,35639,4
511,1120330,970.5,360.0,1,35640,0
511,1120331,709.5,323.0,1,35640,1
511,1120332,577.0,312.5,1,35640,2
511,1120333,1112.5,532.0,1,35641,0
511,1120334,498.5,485.5,1,35641,1
511,1120335,777.25,487.0,2,35641,2
511,1120336,1051.5,505.0,1,35641,3
511,1120337,361.0,495.5,1,35641,4
511,1120338,1376.0,418.0,1,35642,0
511,1120339,737.0,512.0,1,35642,1
511,1120340,1376.5,422.5,1,35642,2
511,1120341,1650.0,350.5,1,35643,0
511,1120342,595.5,426.5,1,35644,0
511,1120343,1241.0,431.5,1,35644,1
511,1120344,1370.75,449.25,2,35644,2
511,1120345,1013.0,473.0,1,35644,3
511,1120346,777.25,487.0,2,35645,0
511,1120347,1376.0,418.0,1,35645,1
511,1120348,1147.0,471.5,5,35645,2
511,1120349,1370.75,449.25,2,35645,3
511,1120350,1253.0,361.5,1,35646,0
511,1120351,1242.5,359.5,1,35646,1
511,1120352,1222.25,447.0,2,35647,0
511,1120353,1365.0,476.0,1,35647,1
511,1120354,498.5,485.5,1,35647,2
511,1120355,595.5,426.5,1,35647,3
511,1120356,737.0,512.0,1,35647,4
511,1120357,1376.5,422.5,1,35648,0
511,1120358,1203.5,462.5,1,35648,1
511,1120359,1376.0,418.0,1,35648,2
511,1120360,595.5,426.5,1,35648,3
511,1120361,737.0,512.0,1,35648,4
511,1120362,1013.0,473.0,1,35649,0
511,1120363,498.5,485.5,1,35649,1
511,1120364,1051.5,505.0,1,35649,2
511,1120365,777.25,487.0,2,35649,3
511,1120366,595.5,426.5,1,35649,4
511,1120367,1365.0,476.0,1,35650,0
511,1120368,1222.25,447.0,2,35650,1
511,1120369,1051.5,505.0,1,35650,2
511,1120370,1476.0,487.0,1,35650,3
511,1120371,595.5,426.5,1,35650,4
511,1120372,737.0,512.0,1,35650,5
511,1120373,1756.5,510.0,1,35651,0
511,1120374,1051.5,505.0,1,35651,1
511,1120375,817.5,462.0,1,35651,2
511,1120376,1476.0,487.0,1,35651,3
511,1120377,498.5,485.5,1,35652,0
511,1120378,1062.75,502.5,2,35652,1
511,1120379,1241.0,431.5,1,35652,2
511,1120380,361.0,495.5,1,35652,3
511,1120381,1051.5,505.0,1,35653,0
511,1120382,1476.0,487.0,1,35653,1
511,1120383,1756.5,510.0,1,35653,2
511,1120384,1096.8333740234375,487.8333435058594,3,35653,3
511,1120385,1365.0,476.0,1,35653,4
511,1120386,1271.0,593.5,1,35653,5
511,1120387,1184.25,460.5,2,35654,0
511,1120388,777.25,487.0,2,35654,1
511,1120389,361.0,495.5,1,35654,2
511,1120390,1051.5,505.0,1,35654,3
511,1120391,709.5,323.0,1,35655,0
511,1120392,577.0,312.5,1,35655,1
511,1120393,970.5,360.0,1,35655,2
511,1120394,437.25,358.75,2,35656,0
511,1120395,777.25,487.0,2,35657,0
511,1120396,1476.0,487.0,1,35657,1
511,1120397,1756.5,510.0,1,35657,2
511,1120398,1096.8333740234375,487.8333435058594,3,35657,3
511,1120399,1242.5,359.5,1,35658,0
511,1120400,1253.0,361.5,1,35658,1
511,1120401,778.0,556.5,1,35659,0
511,1120402,361.0,495.5,1,35660,0
511,1120403,1138.75,495.25,2,35660,1
511,1120404,498.5,485.5,1,35660,2
511,1120405,577.0,312.5,1,35661,0
511,1120406,709.5,323.0,1,35661,1
511,1120407,970.5,360.0,1,35661,2
511,1120408,437.25,358.75,2,35662,0
511,1120409,1203.1666259765625,450.8333435058594,3,35663,0
511,1120410,1370.75,449.25,2,35663,1
511,1120411,737.0,512.0,1,35663,2
511,1120412,1271.0,593.5,1,35664,0
511,1120413,1051.5,505.0,1,35664,1
521,1120325,1457.0,491.5,1,35639,0
521,1120326,1726.5,511.0,1,35639,1
521,1120327,1086.5,505.0,1,35639,2
521,1120328,848.0,468.0,1,35639,3
521,1120329,1337.0,473.5,1,35639,4
521,1120330,952.5,359.5,1,35640,0
521,1120331,709.5,323.0,1,35640,1
521,1120332,584.5,312.0,1,35640,2
521,1120333,1069.5,530.0,1,35641,0
521,1120334,520.0,481.0,1,35641,1
521,1120335,804.0,488.25,2,35641,2
521,1120336,1086.5,505.0,1,35641,3
521,1120337,390.0,499.0,1,35641,4
521,1120338,1355.0,419.0,1,35642,0
521,1120339,760.0,508.5,1,35642,1
521,1120340,1352.0,423.0,1,35642,2
521,1120341,1650.0,350.5,1,35643,0
521,1120342,619.5,428.0,1,35644,0
521,1120343,1217.5,433.0,1,35644,1
521,1120344,1344.5,448.25,2,35644,2
521,1120345,994.5,471.0,1,35644,3
521,1120346,804.0,488.25,2,35645,0
521,1120347,1355.0,419.0,1,35645,1
521,1120348,1124.375,471.0,4,35645,2
521,1120349,1344.5,448.25,2,35645,3
521,1120350,1232.0,361.5,1,35646,0
521,1120351,1220.0,360.0,1,35646,1
521,1120352,1207.0,446.5,2,35647,0
521,1120353,1337.0,473.5,1,35647,1
521,1120354,520.0,481.0,1,35647,2
521,1120355,619.5,428.0,1,35647,3
521,1120356,760.0,508.5,1,35647,4
521,1120357,1352.0,423.0,1,35648,0
521,1120358,1196.5,460.0,1,35648,1
521,1120359,1355.0,419.0,1,35648,2
521,1120360,619.5,428.0,1,35648,3
521,1120361,760.0,508.5,1,35648,4
521,1120362,994.5,471.0,1,35649,0
521,1120363,520.0,481.0,1,35649,1
521,1120364,1086.5,505.0,1,35649,2
521,1120365,804.0,488.25,2,35649,3
521,1120366,619.5,428.0,1,35649,4
521,1120367,1337.0,473.5,1,35650,0
521,1120368,1207.0,446.5,2,35650,1
521,1120369,1086.5,505.0,1,35650,2
521,1120370,1457.0,491.5,1,35650,3
521,1120371,619.5,428.0,1,35650,4
521,1120372,760.0,508.5,1,35650,5
521,1120373,1726.5,511.0,1,35651,0
521,1120374,1086.5,505.0,1,35651,1
521,1120375,848.0,468.0,1,35651,2
521,1120376,1457.0,491.5,1,35651,3
521,1120377,520.0,481.0,1,35652,0
521,1120378,1032.0,500.5,2,35652,1
521,1120379,1217.5,433.0,1,35652,2
521,1120380,390.0,499.0,1,35652,3
521,1120381,1086.5,505.0,1,35653,0
521,1120382,1457.0,491.5,1,35653,1
521,1120383,1726.5,511.0,1,35653,2
521,1120384,1076.5833740234375,489.0833435058594,2,35653,3
521,1120385,1337.0,473.5,1,35653,4
521,1120386,1273.5,586.0,1,35653,5
521,1120387,1169.75,461.5,2,35654,0
521,1120388,804.0,488.25,2,35654,1
521,1120389,390.0,499.0,1,35654,2
521,1120390,1086.5,505.0,1,35654,3
521,1120391,709.5,323.0,1,35655,0
521,1120392,584.5,312.0,1,35655,1
521,1120393,952.5,359.5,1,35655,2
521,1120394,430.25,359.75,2,35656,0
521,1120395,804.0,488.25,2,35657,0
521,1120396,1457.0,491.5,1,35657,1
521,1120397,1726.5,511.0,1,35657,2
521,1120398,1076.5833740234375,489.0833435058594,2,35657,3
521,1120399,1220.0,360.0,1,35658,0
521,1120400,1232.0,361.5,1,35658,1
521,1120401,824.0,562.5,1,35659,0
521,1120402,390.0,499.0,1,35660,0
521,1120403,1106.25,496.5,2,35660,1
521,1120404,520.0,481.0,1,35660,2
521,1120405,584.5,312.0,1,35661,0
521,1120406,709.5,323.0,1,35661,1
521,1120407,952.5,359.5,1,35661,2
521,1120408,430.25,359.75,2,35662,0
521,1120409,1188.6666259765625,451.8333435058594,2,35663,0
521,1120410,1344.5,448.25,2,35663,1
521,1120411,760.0,508.5,1,35663,2
521,1120412,1273.5,586.0,1,35664,0
521,1120413,1086.5,505.0,1,35664,1
531,1120325,1457.0,491.5,1,35639,0
531,1120326,1726.5,511.0,1,35639,1
531,1120327,1086.5,505.0,1,35639,2
531,1120328,848.0,468.0,1,35639,3
531,1120329,1337.0,473.5,1,35639,4
531,1120330,952.5,359.5,1,35640,0
531,1120331,709.5,323.0,1,35640,1
531,1120332,584.5,312.0,1,35640,2
531,1120333,1069.5,530.0,1,35641,0
531,1120334,520.0,481.0,1,35641,1
531,1120335,804.0,488.25,2,35641,2
531,1120336,1086.5,505.0,1,35641,3
531,1120337,390.0,499.0,1,35641,4
531,1120338,1355.0,419.0,1,35642,0
531,1120339,760.0,508.5,1,35642,1
531,1120340,1352.0,423.0,1,35642,2
531,1120341,1650.0,350.5,1,35643,0
531,1120342,619.5,428.0,1,35644,0
531,1120343,1217.5,433.0,1,35644,1
531,1120344,1344.5,448.25,2,35644,2
531,1120345,994.5,471.0,1,35644,3
531,1120346,804.0,488.25,2,35645,0
531,1120347,1355.0,419.0,1,35645,1
531,1120348,1124.375,471.0,4,35645,2
531,1120349,1344.5,448.25,2,35645,3
531,1120350,1232.0,361.5,1,35646,0
531,1120351,1220.0,360.0,1,35646,1
531,1120352,1207.0,446.5,2,35647,0
531,1120353,1337.0,473.5,1,35647,1
531,1120354,520.0,481.0,1,35647,2
531,1120355,619.5,428.0,1,35647,3
531,1120356,760.0,508.5,1,35647,4
531,1120357,1352.0,423.0,1,35648,0
531,1120358,1196.5,460.0,1,35648,1
531,1120359,1355.0,419.0,1,35648,2
531,1120360,619.5,428.0,1,35648,3
531,1120361,760.0,508.5,1,35648,4
531,1120362,994.5,471.0,1,35649,0
531,1120363,520.0,481.0,1,35649,1
531,1120364,1086.5,505.0,1,35649,2
531,1120365,804.0,488.25,2,35649,3
531,1120366,619.5,428.0,1,35649,4
531,1120367,1337.0,473.5,1,35650,0
531,1120368,1207.0,446.5,2,35650,1
531,1120369,1086.5,505.0,1,35650,2
531,1120370,1457.0,491.5,1,35650,3
531,1120371,619.5,428.0,1,35650,4
531,1120372,760.0,508.5,1,35650,5
531,1120373,1726.5,511.0,1,35651,0
531,1120374,1086.5,505.0,1,35651,1
531,1120375,848.0,468.0,1,35651,2
531,1120376,1457.0,491.5,1,35651,3
531,1120377,520.0,481.0,1,35652,0
531,1120378,1032.0,500.5,2,35652,1
531,1120379,1217.5,433.0,1,35652,2
531,1120380,390.0,499.0,1,35652,3
531,1120381,1086.5,505.0,1,35653,0
531,1120382,1457.0,491.5,1,35653,1
531,1120383,1726.5,511.0,1,35653,2
531,1120384,1076.5833740234375,489.0833435058594,2,35653,3
531,1120385,1337.0,473.5,1,35653,4
531,1120386,1273.5,586.0,1,35653,5
531,1120387,1169.75,461.5,2,35654,0
531,1120388,804.0,488.25,2,35654,1
531,1120389,390.0,499.0,1,35654,2
531,1120390,1086.5,505.0,1,35654,3
531,1120391,709.5,323.0,1,35655,0
531,1120392,584.5,312.0,1,35655,1
531,1120393,952.5,359.5,1,35655,2
531,1120394,430.25,359.75,2,35656,0
531,1120395,804.0,488.25,3,35657,0
531,1120396,1457.0,491.5,1,35657,1
531,1120397,1726.5,511.0,1,35657,2
531,1120398,1076.5833740234375,489.0833435058594,2,35657,3
531,1120399,1220.0,360.0,1,35658,0
531,1120400,1232.0,361.5,1,35658,1
531,1120401,824.0,562.5,1,35659,0
531,1120402,390.0,499.0,1,35660,0
531,1120403,1106.25,496.5,2,35660,1
531,1120404,520.0,481.0,1,35660,2
531,1120405,584.5,312.0,1,35661,0
531,1120406,709.5,323.0,1,35661,1
531,1120407,952.5,359.5,1,35661,2
531,1120408,430.25,359.75,2,35662,0
531,1120409,1188.6666259765625,451.8333435058594,2,35663,0
531,1120410,1344.5,448.25,2,35663,1
531,1120411,760.0,508.5,1,35663,2
531,1120412,1273.5,586.0,1,35664,0
531,1120413,1086.5,505.0,1,35664,1
541,1120325,1457.0,491.5,1,35639,0
541,1120326,1726.5,511.0,1,35639,1
541,1120327,1086.5,505.0,1,35639,2
541,1120328,848.0,468.0,1,35639,3
541,1120329,1337.0,473.5,1,35639,4
541,1120330,952.5,359.5,1,35640,0
541,1120331,709.5,323.0,1,35640,1
541,1120332,584.5,312.0,1,35640,2
541,1120333,1069.5,530.0,1,35641,0
541,1120334,520.0,481.0,1,35641,1
541,1120335,804.0,488.25,2,35641,2
541,1120336,1086.5,505.0,1,35641,3
541,1120337,390.0,499.0,1,35641,4
541,1120338,1355.0,419.0,1,35642,0
541,1120339,760.0,508.5,1,35642,1
541,1120340,1352.0,423.0,1,35642,2
541,1120341,1650.0,350.5,1,35643,0
541,1120342,619.5,428.0,1,35644,0
541,1120343,1217.5,433.0,1,35644,1
541,1120344,1344.5,448.25,2,35644,2
541,1120345,994.5,471.0,1,35644,3
541,1120346,804.0,488.25,2,35645,0
541,1120347,1355.0,419.0,1,35645,1
541,1120348,1124.375,471.0,4,35645,2
541,1120349,1344.5,448.25,2,35645,3
541,1120350,1232.0,361.5,1,35646,0
541,1120351,1220.0,360.0,1,35646,1
541,1120352,1207.0,446.5,2,35647,0
541,1120353,1337.0,473.5,1,35647,1
541,1120354,520.0,481.0,1,35647,2
541,1120355,619.5,428.0,1,35647,3
541,1120356,760.0,508.5,1,35647,4
541,1120357,1352.0,423.0,1,35648,0
541,1120358,1196.5,460.0,1,35648,1
541,1120359,1355.0,419.0,1,35648,2
541,1120360,619.5,428.0,1,35648,3
541,1120361,760.0,508.5,1,35648,4
541,1120362,994.5,471.0,1,35649,0
541,1120363,520.0,481.0,1,35649,1
541,1120364,1086.5,505.0,1,35649,2
541,1120365,804.0,488.25,2,35649,3
541,1120366,619.5,428.0,1,35649,4
541,1120367,1337.0,473.5,1,35650,0
541,1120368,1207.0,446.5,2,35650,1
541,1120369,1086.5,505.0,1,35650,2
541,1120370,1457.0,491.5,1,35650,3
541,1120371,619.5,428.0,1,35650,4
541,1120372,760.0,508.5,1,35650,5
541,1120373,1726.5,511.0,1,35651,0
541,1120374,1086.5,505.0,1,35651,1
541,1120375,848.0,468.0,1,35651,2
541,1120376,1457.0,491.5,1,35651,3
541,1120377,520.0,481.0,1,35652,0
541,1120378,1032.0,500.5,2,35652,1
541,1120379,1217.5,433.0,1,35652,2
541,1120380,390.0,499.0,1,35652,3
541,1120381,1086.5,505.0,1,35653,0
541,1120382,1457.0,491.5,1,35653,1
541,1120383,1726.5,511.0,1,35653,2
541,1120384,1076.5833740234375,489.0833435058594,2,35653,3
541,1120385,1337.0,473.5,1,35653,4
541,1120386,1273.5,586.0,1,35653,5
541,1120387,1169.75,461.5,2,35654,0
541,1120388,804.0,488.25,2,35654,1
541,1120389,390.0,499.0,1,35654,2
541,1120390,1086.5,505.0,1,35654,3
541,1120391,709.5,323.0,1,35655,0
541,1120392,584.5,312.0,1,35655,1
541,1120393,952.5,359.5,1,35655,2
541,1120394,430.25,359.75,2,35656,0
541,1120395,804.0,488.25,3,35657,0
541,1120396,1457.0,491.5,1,35657,1
541,1120397,1726.5,511.0,1,35657,2
541,1120398,1076.5833740234375,489.0833435058594,2,35657,3
541,1120399,1220.0,360.0,1,35658,0
541,1120400,1232.0,361.5,1,35658,1
541,1120401,824.0,562.5,1,35659,0
541,1120402,390.0,499.0,1,35660,0
541,1120403,1106.25,496.5,2,35660,1
541,1120404,520.0,481.0,1,35660,2
541,1120405,584.5,312.0,1,35661,0
541,1120406,709.5,323.0,1,35661,1
541,1120407,952.5,359.5,1,35661,2
541,1120408,430.25,359.75,2,35662,0
541,1120409,1188.6666259765625,451.8333435058594,2,35663,0
541,1120410,1344.5,448.25,2,35663,1
541,1120411,760.0,508.5,1,35663,2
541,1120412,1273.5,586.0,1,35664,0
541,1120413,1086.5,505.0,1,35664,1
551,1120325,1457.0,491.5,1,35639,0
551,1120326,1726.5,511.0,1,35639,1
551,1120327,1086.5,505.0,1,35639,2
551,1120328,848.0,468.0,1,35639,3
551,1120329,1337.0,473.5,1,35639,4
551,1120330,952.5,359.5,1,35640,0
551,1120331,709.5,323.0,1,35640,1
551,1120332,584.5,312.0,1,35640,2
551,1120333,1069.5,530.0,1,35641,0
551,1120334,520.0,481.0,1,35641,1
551,1120335,804.0,488.25,2,35641,2
551,1120336,1086.5,505.0,1,35641,3
551,1120337,390.0,499.0,1,35641,4
551,1120338,1355.0,419.0,1,35642,0
551,1120339,760.0,508.5,1,35642,1
551,1120340,1352.0,423.0,1,35642,2
551,1120341,1650.0,350.5,1,35643,0
551,1120342,619.5,428.0,1,35644,0
551,1120343,1217.5,433.0,1,35644,1
551,1120344,1344.5,448.25,2,35644,2
551,1120345,994.5,471.0,1,35644,3
551,1120346,804.0,488.25,2,35645,0
551,1120347,1355.0,419.0,1,35645,1
551,1120348,1124.375,471.0,4,35645,2
551,1120349,1344.5,448.25,2,35645,3
551,1120350,1232.0,361.5,1,35646,0
551,1120351,1220.0,360.0,1,35646,1
551,1120352,1207.0,446.5,2,35647,0
551,1120353,1337.0,473.5,1,35647,1
551,1120354,520.0,481.0,1,35647,2
551,1120355,619.5,428.0,1,35647,3
551,1120356,760.0,508.5,1,35647,4
551,1120357,1352.0,423.0,1,35648,0
551,1120358,1196.5,460.0,1,35648,1
551,1120359,1355.0,419.0,1,35648,2
551,1120360,619.5,428.0,1,35648,3
551,1120361,760.0,508.5,1,35648,4
551,1120362,994.5,471.0,1,35649,0
551,1120363,520.0,481.0,1,35649,1
551,1120364,1086.5,505.0,1,35649,2
551,1120365,804.0,488.25,2,35649,3
551,1120366,619.5,428.0,1,35649,4
551,1120367,1337.0,473.5,1,35650,0
551,1120368,1207.0,446.5,2,35650,1
551,1120369,1086.5,505.0,1,35650,2
551,1120370,1457.0,491.5,1,35650,3
551,1120371,619.5,428.0,1,35650,4
551,1120372,760.0,508.5,1,35650,5
551,1120373,1726.5,511.0,1,35651,0
551,1120374,1086.5,505.0,1,35651,1
551,1120375,848.0,468.0,1,35651,2
551,1120376,1457.0,491.5,1,35651,3
551,1120377,520.0,481.0,1,35652,0
551,1120378,1032.0,500.5,2,35652,1
551,1120379,1217.5,433.0,1,35652,2
551,1120380,390.0,499.0,1,35652,3
551,1120381,1086.5,505.0,1,35653,0
551,1120382,1457.0,491.5,1,35653,1
551,1120383,1726.5,511.0,1,35653,2
551,1120384,1076.5833740234375,489.0833435058594,2,35653,3
551,1120385,1337.0,473.5,1,35653,4
551,1120386,1273.5,586.0,1,35653,5
551,1120387,1169.75,461.5,2,35654,0
551,1120388,804.0,488.25,2,35654,1
551,1120389,390.0,499.0,1,35654,2
551,1120390,1086.5,505.0,1,35654,3
551,1120391,709.5,323.0,1,35655,0
551,1120392,584.5,312.0,1,35655,1
551,1120393,952.5,359.5,1,35655,2
551,1120394,430.25,359.75,2,35656,0
551,1120395,804.0,488.25,3,35657,0
551,1120396,1457.0,491.5,1,35657,1
551,1120397,1726.5,511.0,1,35657,2
551,1120398,1076.5833740234375,489.0833435058594,2,35657,3
551,1120399,1220.0,360.0,1,35658,0
551,1120400,1232.0,361.5,1,35658,1
551,1120401,824.0,562.5,1,35659,0
551,1120402,390.0,499.0,1,35660,0
551,1120403,1106.25,496.5,2,35660,1
551,1120404,520.0,481.0,1,35660,2
551,1120405,584.5,312.0,1,35661,0
551,1120406,709.5,323.0,1,35661,1
551,1120407,952.5,359.5,1,35661,2
551,1120408,430.25,359.75,2,35662,0
551,1120409,1188.6666259765625,451.8333435058594,2,35663,0
551,1120410,1344.5,448.25,2,35663,1
551,1120411,760.0,508.5,1,35663,2
551,1120412,1273.5,586.0,1,35664,0
551,1120413,1086.5,505.0,1,35664,1
561,1120325,1457.0,491.5,1,35639,0
561,1120326,1726.5,511.0,1,35639,1
561,1120327,1086.5,505.0,1,35639,2
561,1120328,848.0,468.0,1,35639,3
561,1120329,1337.0,473.5,1,35639,4
561,1120330,952.5,359.5,1,35640,0
561,1120331,709.5,323.0,1,35640,1
561,1120332,584.5,312.0,1,35640,2
561,1120333,1069.5,530.0,1,35641,0
561,1120334,520.0,481.0,1,35641,1
561,1120335,804.0,488.25,2,35641,2
561,1120336,1086.5,505.0,1,35641,3
561,1120337,390.0,499.0,1,35641,4
561,1120338,1355.0,419.0,1,35642,0
561,1120339,760.0,508.5,1,35642,1
561,1120340,1352.0,423.0,1,35642,2
561,1120341,1650.0,350.5,1,35643,0
561,1120342,619.5,428.0,1,35644,0
561,1120343,1217.5,433.0,1,35644,1
561,1120344,1344.5,448.25,2,35644,2
561,1120345,994.5,471.0,1,35644,3
561,1120346,804.0,488.25,2,35645,0
561,1120347,1355.0,419.0,1,35645,1
561,1120348,1124.375,471.0,4,35645,2
561,1120349,1344.5,448.25,2,35645,3
561,1120350,1232.0,361.5,1,35646,0
561,1120351,1220.0,360.0,1,35646,1
561,1120352,1207.0,446.5,2,35647,0
561,1120353,1337.0,473.5,1,35647,1
561,1120354,520.0,481.0,1,35647,2
561,1120355,619.5,428.0,1,35647,3
561,1120356,760.0,508.5,1,35647,4
561,1120357,1352.0,423.0,1,35648,0
561,1120358,1196.5,460.0,1,35648,1
561,1120359,1355.0,419.0,1,35648,2
561,1120360,619.5,428.0,1,35648,3
561,1120361,760.0,508.5,1,35648,4
561,1120362,994.5,471.0,1,35649,0
561,1120363,520.0,481.0,1,35649,1
561,1120364,1086.5,505.0,1,35649,2
561,1120365,804.0,488.25,2,35649,3
561,1120366,619.5,428.0,1,35649,4
561,1120367,1337.0,473.5,1,35650,0
561,1120368,1207.0,446.5,2,35650,1
561,1120369,1086.5,505.0,1,35650,2
561,1120370,1457.0,491.5,1,35650,3
561,1120371,619.5,428.0,1,35650,4
561,1120372,760.0,508.5,1,35650,5
561,1120373,1726.5,511.0,1,35651,0
561,1120374,1086.5,505.0,1,35651,1
561,1120375,848.0,468.0,1,35651,2
561,1120376,1457.0,491.5,1,35651,3
561,1120377,520.0,481.0,1,35652,0
561,1120378,1032.0,500.5,2,35652,1
561,1120379,1217.5,433.0,1,35652,2
561,1120380,390.0,499.0,1,35652,3
561,1120381,1086.5,505.0,1,35653,0
561,1120382,1457.0,491.5,1,35653,1
561,1120383,1726.5,511.0,1,35653,2
561,1120384,1076.5833740234375,489.0833435058594,2,35653,3
561,1120385,1337.0,473.5,1,35653,4
561,1120386,1273.5,586.0,1,35653,5
561,1120387,1169.75,461.5,2,35654,0
561,1120388,804.0,488.25,2,35654,1
561,1120389,390.0,499.0,1,35654,2
561,1120390,1086.5,505.0,1,35654,3
561,1120391,709.5,323.0,1,35655,0
561,1120392,584.5,312.0,1,35655,1
561,1120393,952.5,359.5,1,35655,2
561,1120394,430.25,359.75,2,35656,0
561,1120395,804.0,488.25,3,35657,0
561,1120396,1457.0,491.5,1,35657,1
561,1120397,1726.5,511.0,1,35657,2
561,1120398,1076.5833740234375,489.0833435058594,2,35657,3
561,1120399,1220.0,360.0,1,35658,0
561,1120400,1232.0,361.5,1,35658,1
561,1120401,824.0,562.5,1,35659,0
561,1120402,390.0,499.0,1,35660,0
561,1120403,1106.25,496.5,2,35660,1
561,1120404,520.0,481.0,1,35660,2
561,1120405,584.5,312.0,1,35661,0
561,1120406,709.5,323.0,1,35661,1
561,1120407,952.5,359.5,1,35661,2
561,1120408,430.25,359.75,2,35662,0
561,1120409,1188.6666259765625,451.8333435058594,2,35663,0
561,1120410,1344.5,448.25,2,35663,1
561,1120411,760.0,508.5,1,35663,2
561,1120412,1273.5,586.0,1,35664,0
561,1120413,1086.5,505.0,1,35664,1
571,1120325,1457.0,491.5,1,35639,0
571,1120326,1726.5,511.0,1,35639,1
571,1120327,1086.5,505.0,1,35639,2
571,1120328,848.0,468.0,1,35639,3
571,1120329,1337.0,473.5,1,35639,4
571,1120330,952.5,359.5,1,35640,0
571,1120331,709.5,323.0,1,35640,1
571,1120332,584.5,312.0,1,35640,2
571,1120333,1069.5,530.0,1,35641,0
571,1120334,520.0,481.0,1,35641,1
571,1120335,804.0,488.25,2,35641,2
571,1120336,1086.5,505.0,1,35641,3
571,1120337,390.0,499.0,1,35641,4
571,1120338,1355.0,419.0,1,35642,0
571,1120339,760.0,508.5,1,35642,1
571,1120340,1352.0,423.0,1,35642,2
571,1120341,1650.0,350.5,1,35643,0
571,1120342,619.5,428.0,1,35644,0
571,1120343,1217.5,433.0,1,35644,1
571,1120344,1344.5,448.25,2,35644,2
571,1120345,994.5,471.0,1,35644,3
571,1120346,804.0,488.25,3,35645,0
571,1120347,1355.0,419.0,1,35645,1
571,1120348,1124.375,471.0,4,35645,2
571,1120349,1344.5,448.25,2,35645,3
571,1120350,1232.0,361.5,1,35646,0
571,1120351,1220.0,360.0,1,35646,1
571,1120352,1207.0,446.5,2,35647,0
571,1120353,1337.0,473.5,1,35647,1
571,1120354,520.0,481.0,1,35647,2
571,1120355,619.5,428.0,1,35647,3
571,1120356,760.0,508.5,1,35647,4
571,1120357,1352.0,423.0,1,35648,0
571,1120358,1196.5,460.0,1,35648,1
571,1120359,1355.0,419.0,1,35648,2
571,1120360,619.5,428.0,1,35648,3
571,1120361,760.0,508.5,1,35648,4
571,1120362,994.5,471.0,1,35649,0
571,1120363,520.0,481.0,1,35649,1
571,1120364,1086.5,505.0,1,35649,2
571,1120365,804.0,488.25,2,35649,3
571,1120366,619.5,428.0,1,35649,4
571,1120367,1337.0,473.5,1,35650,0
571,1120368,1207.0,446.5,2,35650,1
571,1120369,1086.5,505.0,1,35650,2
571,1120370,1457.0,491.5,1,35650,3
571,1120371,619.5,428.0,1,35650,4
571,1120372,760.0,508.5,1,35650,5
571,1120373,1726.5,511.0,1,35651,0
571,1120374,1086.5,505.0,1,35651,1
571,1120375,848.0,468.0,1,35651,2
571,1120376,1457.0,491.5,1,35651,3
571,1120377,520.0,481.0,1,35652,0
571,1120378,1032.0,500.5,2,35652,1
571,1120379,1217.5,433.0,1,35652,2
571,1120380,390.0,499.0,1,35652,3
571,1120381,1086.5,505.0,1,35653,0
571,1120382,1457.0,491.5,1,35653,1
571,1120383,1726.5,511.0,1,35653,2
571,1120384,1076.5833740234375,489.0833435058594,2,35653,3
571,1120385,1337.0,473.5,1,35653,4
571,1120386,1273.5,586.0,1,35653,5
571,1120387,1169.75,461.5,2,35654,0
571,1120388,804.0,488.25,2,35654,1
571,1120389,390.0,499.0,1,35654,2
571,1120390,1086.5,505.0,1,35654,3
571,1120391,709.5,323.0,1,35655,0
571,1120392,584.5,312.0,1,35655,1
571,1120393,952.5,359.5,1,35655,2
571,1120394,430.25,359.75,2,35656,0
571,1120395,804.0,488.25,3,35657,0
571,1120396,1457.0,491.5,1,35657,1
571,1120397,1726.5,511.0,1,35657,2
571,1120398,1076.5833740234375,489.0833435058594,2,35657,3
571,1120399,1220.0,360.0,1,35658,0
571,1120400,1232.0,361.5,1,35658,1
571,1120401,824.0,562.5,1,35659,0
571,1120402,390.0,499.0,1,35660,0
571,1120403,1106.25,496.5,2,35660,1
571,1120404,520.0,481.0,1,35660,2
571,1120405,584.5,312.0,1,35661,0
571,1120406,709.5,323.0,1,35661,1
571,1120407,952.5,359.5,1,35661,2
571,1120408,430.25,359.75,2,35662,0
571,1120409,1188.6666259765625,451.8333435058594,2,35663,0
571,1120410,1344.5,448.25,2,35663,1
571,1120411,760.0,508.5,1,35663,2
571,1120412,1273.5,586.0,1,35664,0
571,1120413,1086.5,505.0,1,35664,1
581,1120325,1457.0,491.5,1,35639,0
581,1120326,1726.5,511.0,1,35639,1
581,1120327,1086.5,505.0,1,35639,2
581,1120328,848.0,468.0,1,35639,3
581,1120329,1337.0,473.5,1,35639,4
581,1120330,952.5,359.5,1,35640,0
581,1120331,709.5,323.0,1,35640,1
581,1120332,584.5,312.0,1,35640,2
581,1120333,1069.5,530.0,1,35641,0
581,1120334,520.0,481.0,1,35641,1
581,1120335,804.0,488.25,2,35641,2
581,1120336,1086.5,505.0,1,35641,3
581,1120337,390.0,499.0,1,35641,4
581,1120338,1355.0,419.0,1,35642,0
581,1120339,760.0,508.5,1,35642,1
581,1120340,1352.0,423.0,1,35642,2
581,1120341,1650.0,350.5,1,35643,0
581,1120342,619.5,428.0,1,35644,0
581,1120343,1217.5,433.0,1,35644,1
581,1120344,1344.5,448.25,2,35644,2
581,1120345,994.5,471.0,1,35644,3
581,1120346,804.0,488.25,3,35645,0
581,1120347,1355.0,419.0,1,35645,1
581,1120348,1124.375,471.0,4,35645,2
581,1120349,1344.5,448.25,2,35645,3
581,1120350,1232.0,361.5,1,35646,0
581,1120351,1220.0,360.0,1,35646,1
581,1120352,1207.0,446.5,2,35647,0
581,1120353,1337.0,473.5,1,35647,1
581,1120354,520.0,481.0,1,35647,2
581,1120355,619.5,428.0,1,35647,3
581,1120356,760.0,508.5,1,35647,4
581,1120357,1352.0,423.0,1,35648,0
581,1120358,1196.5,460.0,1,35648,1
581,1120359,1355.0,419.0,1,35648,2
581,1120360,619.5,428.0,1,35648,3
581,1120361,760.0,508.5,1,35648,4
581,1120362,994.5,471.0,1,35649,0
581,1120363,520.0,481.0,1,35649,1
581,1120364,1086.5,505.0,1,35649,2
581,1120365,804.0,488.25,2,35649,3
581,1120366,619.5,428.0,1,35649,4
581,1120367,1337.0,473.5,1,35650,0
581,1120368,1207.0,446.5,2,35650,1
581,1120369,1086.5,505.0,1,35650,2
581,1120370,1457.0,491.5,1,35650,3
581,1120371,619.5,428.0,1,35650,4
581,1120372,760.0,508.5,1,35650,5
581,1120373,1726.5,511.0,1,35651,0
581,1120374,1086.5,505.0,1,35651,1
581,1120375,848.0,468.0,1,35651,2
581,1120376,1457.0,491.5,1,35651,3
581,1120377,520.0,481.0,1,35652,0
581,1120378,1032.0,500.5,2,35652,1
581,1120379,1217.5,433.0,1,35652,2
581,1120380,390.0,499.0,1,35652,3
581,1120381,1086.5,505.0,1,35653,0
581,1120382,1457.0,491.5,1,35653,1
581,1120383,1726.5,511.0,1,35653,2
581,1120384,1076.5833740234375,489.0833435058594,2,35653,3
581,1120385,1337.0,473.5,1,35653,4
581,1120386,1273.5,586.0,1,35653,5
581,1120387,1169.75,461.5,2,35654,0
581,1120388,804.0,488.25,2,35654,1
581,1120389,390.0,499.0,1,35654,2
581,1120390,1086.5,505.0,1,35654,3
581,1120391,709.5,323.0,1,35655,0
581,1120392,584.5,312.0,1,35655,1
581,1120393,952.5,359.5,1,35655,2
581,1120394,430.25,359.75,2,35656,0
581,1120395,804.0,488.25,3,35657,0
581,1120396,1457.0,491.5,1,35657,1
581,1120397,1726.5,511.0,1,35657,2
581,1120398,1076.5833740234375,489.0833435058594,2,35657,3
581,1120399,1220.0,360.0,1,35658,0
581,1120400,1232.0,361.5,1,35658,1
581,1120401,824.0,562.5,1,35659,0
581,1120402,390.0,499.0,1,35660,0
581,1120403,1106.25,496.5,2,35660,1
581,1120404,520.0,481.0,1,35660,2
581,1120405,584.5,312.0,1,35661,0
581,1120406,709.5,323.0,1,35661,1
581,1120407,952.5,359.5,1,35661,2
581,1120408,430.25,359.75,2,35662,0
581,1120409,1188.6666259765625,451.8333435058594,2,35663,0
581,1120410,1344.5,448.25,2,35663,1
581,1120411,760.0,508.5,2,35663,2
581,1120412,1273.5,586.0,1,35664,0
581,1120413,1086.5,505.0,1,35664,1
591,1120325,1457.0,491.5,1,35639,0
591,1120326,1726.5,511.0,1,35639,1
591,1120327,1086.5,505.0,1,35639,2
591,1120328,848.0,468.0,1,35639,3
591,1120329,1337.0,473.5,1,35639,4
591,1120330,952.5,359.5,1,35640,0
591,1120331,709.5,323.0,1,35640,1
591,1120332,584.5,312.0,1,35640,2
591,1120333,1069.5,530.0,1,35641,0
591,1120334,520.0,481.0,1,35641,1
591,1120335,804.0,488.25,2,35641,2
591,1120336,1086.5,505.0,1,35641,3
591,1120337,390.0,499.0,1,35641,4
591,1120338,1355.0,419.0,1,35642,0
591,1120339,760.0,508.5,1,35642,1
591,1120340,1352.0,423.0,1,35642,2
591,1120341,1650.0,350.5,1,35643,0
591,1120342,619.5,428.0,1,35644,0
591,1120343,1217.5,433.0,1,35644,1
591,1120344,1344.5,448.25,2,35644,2
591,1120345,994.5,471.0,1,35644,3
591,1120346,804.0,488.25,3,35645,0
591,1120347,1355.0,419.0,1,35645,1
591,1120348,1124.375,471.0,4,35645,2
591,1120349,1344.5,448.25,2,35645,3
591,1120350,1232.0,361.5,1,35646,0
591,1120351,1220.0,360.0,1,35646,1
591,1120352,1207.0,446.5,2,35647,0
591,1120353,1337.0,473.5,1,35647,1
591,1120354,520.0,481.0,1,35647,2
591,1120355,619.5,428.0,1,35647,3
591,1120356,760.0,508.5,1,35647,4
591,1120357,1352.0,423.0,1,35648,0
591,1120358,1196.5,460.0,1,35648,1
591,1120359,1355.0,419.0,1,35648,2
591,1120360,619.5,428.0,1,35648,3
591,1120361,760.0,508.5,1,35648,4
591,1120362,994.5,471.0,1,35649,0
591,1120363,520.0,481.0,1,35649,1
591,1120364,1086.5,505.0,1,35649,2
591,1120365,804.0,488.25,2,35649,3
591,1120366,619.5,428.0,1,35649,4
591,1120367,1337.0,473.5,1,35650,0
591,1120368,1207.0,446.5,2,35650,1
591,1120369,1086.5,505.0,1,35650,2
591,1120370,1457.0,491.5,1,35650,3
591,1120371,619.5,428.0,1,35650,4
591,1120372,760.0,508.5,1,35650,5
591,1120373,1726.5,511.0,1,35651,0
591,1120374,1086.5,505.0,1,35651,1
591,1120375,848.0,468.0,1,35651,2
591,1120376,1457.0,491.5,1,35651,3
591,1120377,520.0,481.0,1,35652,0
591,1120378,1032.0,500.5,2,35652,1
591,1120379,1217.5,433.0,1,35652,2
591,1120380,390.0,499.0,1,35652,3
591,1120381,1086.5,505.0,1,35653,0
591,1120382,1457.0,491.5,1,35653,1
591,1120383,1726.5,511.0,1,35653,2
591,1120384,1076.5833740234375,489.0833435058594,2,35653,3
591,1120385,1337.0,473.5,1,35653,4
591,1120386,1273.5,586.0,1,35653,5
591,1120387,1169.75,461.5,2,35654,0
591,1120388,804.0,488.25,2,35654,1
591,1120389,390.0,499.0,1,35654,2
591,1120390,1086.5,505.0,1,35654,3
591,1120391,709.5,323.0,1,35655,0
591,1120392,584.5,312.0,1,35655,1
591,1120393,952.5,359.5,1,35655,2
591,1120394,430.25,359.75,2,35656,0
591,1120395,804.0,488.25,3,35657,0
591,1120396,1457.0,491.5,1,35657,1
591,1120397,1726.5,511.0,1,35657,2
591,1120398,1076.5833740234375,489.0833435058594,2,35657,3
591,1120399,1220.0,360.0,1,35658,0
591,1120400,1232.0,361.5,1,35658,1
591,1120401,824.0,562.5,1,35659,0
591,1120402,390.0,499.0,1,35660,0
591,1120403,1106.25,496.5,2,35660,1
591,1120404,520.0,481.0,1,35660,2
591,1120405,584.5,312.0,1,35661,0
591,1120406,709.5,323.0,1,35661,1
591,1120407,952.5,359.5,1,35661,2
591,1120408,430.25,359.75,2,35662,0
591,1120409,1188.6666259765625,451.8333435058594,2,35663,0
591,1120410,1344.5,448.25,2,35663,1
591,1120411,760.0,508.5,2,35663,2
591,1120412,1273.5,586.0,1,35664,0
591,1120413,1086.5,505.0,1,35664,1
601,1120325,1457.0,491.5,1,35639,0
601,1120326,1726.5,511.0,1,35639,1
601,1120327,1086.5,505.0,1,35639,2
601,1120328,848.0,468.0,1,35639,3
601,1120329,1337.0,473.5,1,35639,4
601,1120330,952.5,359.5,1,35640,0
601,1120331,709.5,323.0,1,35640,1
601,1120332,584.5,312.0,1,35640,2
601,1120333,1069.5,530.0,1,35641,0
601,1120334,520.0,481.0,1,35641,1
601,1120335,804.0,488.25,2,35641,2
601,1120336,1086.5,505.0,1,35641,3
601,1120337,390.0,499.0,1,35641,4
601,1120338,1355.0,419.0,1,35642,0
601,1120339,760.0,508.5,1,35642,1
601,1120340,1352.0,423.0,1,35642,2
601,1120341,1650.0,350.5,1,35643,0
601,1120342,619.5,428.0,1,35644,0
601,1120343,1217.5,433.0,1,35644,1
601,1120344,1344.5,448.25,2,35644,2
601,1120345,994.5,471.0,1,35644,3
601,1120346,804.0,488.25,3,35645,0
601,1120347,1355.0,419.0,1,35645,1
601,1120348,1124.375,471.0,4,35645,2
601,1120349,1344.5,448.25,2,35645,3
601,1120350,1232.0,361.5,1,35646,0
601,1120351,1220.0,360.0,1,35646,1
601,1120352,1207.0,446.5,2,35647,0
601,1120353,1337.0,473.5,1,35647,1
601,1120354,520.0,481.0,1,35647,2
601,1120355,619.5,428.0,1,35647,3
601,1120356,760.0,508.5,1,35647,4
601,1120357,1352.0,423.0,1,35648,0
601,1120358,1196.5,460.0,1,35648,1
601,1120359,1355.0,419.0,1,35648,2
601,1120360,619.5,428.0,1,35648,3
601,1120361,760.0,508.5,1,35648,4
601,1120362,994.5,471.0,1,35649,0
601,1120363,520.0,481.0,1,35649,1
601,1120364,1086.5,505.0,1,35649,2
601,1120365,804.0,488.25,2,35649,3
601,1120366,619.5,428.0,1,35649,4
601,1120367,1337.0,473.5,1,35650,0
601,1120368,1207.0,446.5,2,35650,1
601,1120369,1086.5,505.0,1,35650,2
601,1120370,1457.0,491.5,1,35650,3
601,1120371,619.5,428.0,1,35650,4
601,1120372,760.0,508.5,1,35650,5
601,1120373,1726.5,511.0,1,35651,0
601,1120374,1086.5,505.0,1,35651,1
601,1120375,848.0,468.0,1,35651,2
601,1120376,1457.0,491.5,1,35651,3
601,1120377,520.0,481.0,1,35652,0
601,1120378,1032.0,500.5,2,35652,1
601,1120379,1217.5,433.0,1,35652,2
601,1120380,390.0,499.0,1,35652,3
601,1120381,1086.5,505.0,1,35653,0
601,1120382,1457.0,491.5,1,35653,1
601,1120383,1726.5,511.0,1,35653,2
601,1120384,1076.5833740234375,489.0833435058594,2,35653,3
601,1120385,1337.0,473.5,1,35653,4
601,1120386,1273.5,586.0,1,35653,5
601,1120387,1169.75,461.5,2,35654,0
601,1120388,804.0,488.25,2,35654,1
601,1120389,390.0,499.0,1,35654,2
601,1120390,1086.5,505.0,1,35654,3
601,1120391,709.5,323.0,1,35655,0
601,1120392,584.5,312.0,1,35655,1
601,1120393,952.5,359.5,1,35655,2
601,1120394,430.25,359.75,2,35656,0
601,1120395,804.0,488.25,3,35657,0
601,1120396,1457.0,491.5,1,35657,1
601,1120397,1726.5,511.0,1,35657,2
601,1120398,1076.5833740234375,489.0833435058594,2,35657,3
601,1120399,1220.0,360.0,1,35658,0
601,1120400,1232.0,361.5,1,35658,1
601,1120401,824.0,562.5,1,35659,0
601,1120402,390.0,499.0,1,35660,0
601,1120403,1106.25,496.5,2,35660,1
601,1120404,520.0,481.0,1,35660,2
601,1120405,584.5,312.0,1,35661,0
601,1120406,709.5,323.0,1,35661,1
601,1120407,952.5,359.5,1,35661,2
601,1120408,430.25,359.75,2,35662,0
601,1120409,1188.6666259765625,451.8333435058594,2,35663,0
601,1120410,1344.5,448.25,2,35663,1
601,1120411,760.0,508.5,2,35663,2
601,1120412,1273.5,586.0,1,35664,0
601,1120413,1086.5,505.0,1,35664,1
611,1120325,1457.0,491.5,1,35639,0
611,1120326,1726.5,511.0,1,35639,1
611,1120327,1086.5,505.0,1,35639,2
611,1120328,848.0,468.0,1,35639,3
611,1120329,1337.0,473.5,1,35639,4
611,1120330,952.5,359.5,1,35640,0
611,1120331,709.5,323.0,1,35640,1
611,1120332,584.5,312.0,1,35640,2
611,1120333,1069.5,530.0,1,35641,0
611,1120334,520.0,481.0,1,35641,1
611,1120335,804.0,488.25,2,35641,2
611,1120336,1086.5,505.0,1,35641,3
611,1120337,390.0,499.0,1,35641,4
611,1120338,1355.0,419.0,1,35642,0
611,1120339,760.0,508.5,1,35642,1
611,1120340,1352.0,423.0,1,35642,2
611,1120341,1650.0,350.5,1,35643,0
611,1120342,619.5,428.0,1,35644,0
611,1120343,1217.5,433.0,1,35644,1
611,1120344,1344.5,448.25,2,35644,2
611,1120345,994.5,471.0,1,35644,3
611,1120346,804.0,488.25,3,35645,0
611,1120347,1355.0,419.0,1,35645,1
611,1120348,1124.375,471.0,4,35645,2
611,1120349,1344.5,448.25,2,35645,3
611,1120350,1232.0,361.5,1,35646,0
611,1120351,1220.0,360.0,1,35646,1
611,1120352,1207.0,446.5,2,35647,0
611,1120353,1337.0,473.5,1,35647,1
611,1120354,520.0,481.0,1,35647,2
611,1120355,619.5,428.0,1,35647,3
611,1120356,760.0,508.5,1,35647,4
611,1120357,1352.0,423.0,1,35648,0
611,1120358,1196.5,460.0,1,35648,1
611,1120359,1355.0,419.0,1,35648,2
611,1120360,619.5,428.0,1,35648,3
611,1120361,760.0,508.5,1,35648,4
611,1120362,994.5,471.0,1,35649,0
611,1120363,520.0,481.0,1,35649,1
611,1120364,1086.5,505.0,1,35649,2
611,1120365,804.0,488.25,2,35649,3
611,1120366,619.5,428.0,1,35649,4
611,1120367,1337.0,473.5,1,35650,0
611,1120368,1207.0,446.5,2,35650,1
611,1120369,1086.5,505.0,1,35650,2
611,1120370,1457.0,491.5,1,35650,3
611,1120371,619.5,428.0,1,35650,4
611,1120372,760.0,508.5,1,35650,5
611,1120373,1726.5,511.0,1,35651,0
611,1120374,1086.5,505.0,1,35651,1
611,1120375,848.0,468.0,1,35651,2
611,1120376,1457.0,491.5,1,35651,3
611,1120377,520.0,481.0,1,35652,0
611,1120378,1032.0,500.5,2,35652,1
611,1120379,1217.5,433.0,1,35652,2
611,1120380,390.0,499.0,1,35652,3
611,1120381,1086.5,505.0,1,35653,0
611,1120382,1457.0,491.5,1,35653,1
611,1120383,1726.5,511.0,1,35653,2
611,1120384,1076.5833740234375,489.0833435058594,2,35653,3
611,1120385,1337.0,473.5,1,35653,4
611,1120386,1273.5,586.0,1,35653,5
611,1120387,1169.75,461.5,2,35654,0
611,1120388,804.0,488.25,2,35654,1
611,1120389,390.0,499.0,1,35654,2
611,1120390,1086.5,505.0,1,35654,3
611,1120391,709.5,323.0,1,35655,0
611,1120392,584.5,312.0,1,35655,1
611,1120393,952.5,359.5,1,35655,2
611,1120394,430.25,359.75,2,35656,0
611,1120395,804.0,488.25,3,35657,0
611,1120396,1457.0,491.5,1,35657,1
611,1120397,1726.5,511.0,1,35657,2
611,1120398,1076.5833740234375,489.0833435058594,2,35657,3
611,1120399,1220.0,360.0,1,35658,0
611,1120400,1232.0,361.5,1,35658,1
611,1120401,824.0,562.5,1,35659,0
611,1120402,390.0,499.0,1,35660,0
611,1120403,1106.25,496.5,2,35660,1
611,1120404,520.0,481.0,1,35660,2
611,1120405,584.5,312.0,1,35661,0
611,1120406,709.5,323.0,1,35661,1
611,1120407,952.5,359.5,1,35661,2
611,1120408,430.25,359.75,2,35662,0
611,1120409,1188.6666259765625,451.8333435058594,2,35663,0
611,1120410,1344.5,448.25,2,35663,1
611,1120411,760.0,508.5,2,35663,2
611,1120412,1273.5,586.0,1,35664,0
611,1120413,1086.5,505.0,1,35664,1
621,1120325,1415.5,496.0,1,35639,0
621,1120326,1688.0,512.5,1,35639,1
621,1120327,1087.0,503.5,1,35639,2
621,1120328,897.0,478.0,1,35639,3
621,1120329,1311.5,472.0,1,35639,4
621,1120330,940.0,360.0,1,35640,0
621,1120331,709.5,323.0,1,35640,1
621,1120332,588.5,311.5,1,35640,2
621,1120333,1039.0,528.5,1,35641,0
621,1120334,552.0,478.0,1,35641,1
621,1120335,836.5,492.0,2,35641,2
621,1120336,1087.0,503.5,1,35641,3
621,1120337,430.0,502.5,1,35641,4
621,1120338,1337.0,418.5,1,35642,0
621,1120339,776.0,506.0,1,35642,1
621,1120340,1326.5,423.5,1,35642,2
621,1120341,1650.5,350.5,1,35643,0
621,1120342,647.0,430.0,1,35644,0
621,1120343,1185.5,437.5,1,35644,1
621,1120344,1319.0,447.75,2,35644,2
621,1120345,975.0,469.0,1,35644,3
621,1120346,812.5,495.5,2,35645,0
621,1120347,1337.0,418.5,1,35645,1
621,1120348,1110.25,471.5,4,35645,2
621,1120349,1319.0,447.75,2,35645,3
621,1120350,1213.0,361.0,1,35646,0
621,1120351,1199.5,360.5,1,35646,1
621,1120352,1189.25,447.5,2,35647,0
621,1120353,1311.5,472.0,1,35647,1
621,1120354,552.0,478.0,1,35647,2
621,1120355,647.0,430.0,1,35647,3
621,1120356,776.0,506.0,1,35647,4
621,1120357,1326.5,423.5,1,35648,0
621,1120358,1193.0,457.5,1,35648,1
621,1120359,1337.0,418.5,1,35648,2
621,1120360,647.0,430.0,1,35648,3
621,1120361,776.0,506.0,1,35648,4
621,1120362,975.0,469.0,1,35649,0
621,1120363,552.0,478.0,1,35649,1
621,1120364,1087.0,503.5,1,35649,2
621,1120365,836.5,492.0,2,35649,3
621,1120366,647.0,430.0,1,35649,4
621,1120367,1311.5,472.0,1,35650,0
621,1120368,1189.25,447.5,2,35650,1
621,1120369,1087.0,503.5,1,35650,2
621,1120370,1415.5,496.0,1,35650,3
621,1120371,647.0,430.0,1,35650,4
621,1120372,776.0,506.0,1,35650,5
621,1120373,1688.0,512.5,1,35651,0
621,1120374,1087.0,503.5,1,35651,1
621,1120375,897.0,478.0,1,35651,2
621,1120376,1415.5,496.0,1,35651,3
621,1120377,552.0,478.0,1,35652,0
621,1120378,1007.0,498.75,2,35652,1
621,1120379,1185.5,437.5,1,35652,2
621,1120380,430.0,502.5,1,35652,3
621,1120381,1087.0,503.5,1,35653,0
621,1120382,1415.5,496.0,1,35653,1
621,1120383,1688.0,512.5,1,35653,2
621,1120384,1047.5833740234375,492.3333435058594,2,35653,3
621,1120385,1311.5,472.0,1,35653,4
621,1120386,1267.0,581.0,1,35653,5
621,1120387,1148.75,464.5,2,35654,0
621,1120388,836.5,492.0,2,35654,1
621,1120389,430.0,502.5,1,35654,2
621,1120390,1087.0,503.5,1,35654,3
621,1120391,709.5,323.0,1,35655,0
621,1120392,588.5,311.5,1,35655,1
621,1120393,940.0,360.0,1,35655,2
621,1120394,419.75,361.25,2,35656,0
621,1120395,813.25,492.5,2,35657,0
621,1120396,1415.5,496.0,1,35657,1
621,1120397,1688.0,512.5,1,35657,2
621,1120398,1062.5833740234375,490.41668701171875,3,35657,3
621,1120399,1199.5,360.5,1,35658,0
621,1120400,1213.0,361.0,1,35658,1
621,1120401,881.5,570.5,1,35659,0
621,1120402,430.0,502.5,1,35660,0
621,1120403,1071.75,500.0,2,35660,1
621,1120404,552.0,478.0,1,35660,2
621,1120405,588.5,311.5,1,35661,0
621,1120406,709.5,323.0,1,35661,1
621,1120407,940.0,360.0,1,35661,2
621,1120408,419.75,361.25,2,35662,0
621,1120409,1167.6666259765625,454.8333435058594,2,35663,0
621,1120410,1319.0,447.75,2,35663,1
621,1120411,752.0,509.5,2,35663,2
621,1120412,1267.0,581.0,1,35664,0
621,1120413,1087.0,503.5,1,35664,1
641,1120414,1203.75,543.75,2,35665,0
641,1120415,338.5,487.5,1,35665,1
641,1120416,683.0,474.5,1,35665,2
641,1120417,664.0,359.0,1,35666,0
641,1120418,845.0,360.25,2,35666,1
641,1120419,718.75,316.25,2,35666,2
641,1120420,338.5,487.5,1,35667,0
641,1120421,683.0,474.5,1,35667,1
641,1120422,1203.75,543.75,2,35667,2
641,1120423,1151.5,418.0,1,35668,0
641,1120424,1146.5,445.25,2,35668,1
641,1120425,807.0,461.0,1,35668,2
641,1120426,1650.0,350.5,1,35669,0
641,1120427,1146.5,445.25,2,35670,0
641,1120428,1275.5,439.5,1,35670,1
641,1120429,1441.5,536.0,1,35670,2
641,1120430,1151.5,418.0,1,35670,3
641,1120431,1146.5,445.25,2,35671,0
641,1120432,807.0,461.0,1,35671,1
641,1120433,1275.5,439.5,1,35671,2
641,1120434,1441.5,536.0,1,35671,3
641,1120435,1151.5,418.0,1,35671,4
641,1120436,1850.0,709.5,1,35672,0
641,1120437,845.0,360.25,2,35673,0
641,1120438,664.0,359.0,1,35673,1
641,1120439,718.75,316.25,2,35673,2
641,1120440,683.0,474.5,1,35674,0
641,1120441,1203.75,543.75,2,35674,1
641,1120442,338.5,487.5,1,35674,2
641,1120443,779.0,426.5,2,35675,0
641,1120444,591.0,419.5,1,35675,1
641,1120445,807.0,461.0,1,35675,2
641,1120446,591.0,419.5,1,35676,0
641,1120447,779.0,426.5,2,35676,1
641,1120448,779.0,426.5,2,35677,0
641,1120449,591.0,419.5,1,35677,1
641,1120450,807.0,461.0,1,35677,2
641,1120451,1203.75,543.75,2,35678,0
641,1120452,338.5,487.5,1,35678,1
641,1120453,683.0,474.5,1,35678,2
641,1120454,807.0,461.0,1,35679,0
641,1120455,1174.0,431.0,1,35679,1
641,1120456,1441.5,536.0,1,35679,2
641,1120457,1151.5,418.0,1,35679,3
641,1120458,779.0,426.5,2,35679,4
641,1120459,1679.0,503.0,1,35680,0
641,1120460,718.75,316.25,2,35681,0
641,1120461,845.0,360.25,2,35681,1
641,1120462,664.0,359.0,1,35681,2
641,1120463,845.0,360.25,2,35682,0
641,1120464,664.0,359.0,1,35682,1
641,1120465,715.5,320.0,1,35682,2
641,1120466,462.5,312.5,1,35683,0
641,1120467,460.5,357.0,1,35683,1
641,1120468,718.75,316.25,2,35684,0
641,1120469,664.0,359.0,1,35684,1
641,1120470,886.5,358.0,1,35684,2
641,1120471,460.5,357.0,1,35685,0
641,1120472,462.5,312.5,1,35685,1
641,1120473,1047.0,379.5,1,35686,0
641,1120474,1275.5,439.5,1,35687,0
641,1120475,1146.5,445.25,2,35687,1
641,1120476,1441.5,536.0,1,35688,0
641,1120477,1146.5,445.25,2,35688,1
641,1120478,807.0,461.0,1,35688,2
651,1120414,1203.75,543.75,2,35665,0
651,1120415,338.5,487.5,1,35665,1
651,1120416,683.0,474.5,1,35665,2
651,1120417,664.0,359.0,1,35666,0
651,1120418,845.0,360.25,2,35666,1
651,1120419,718.75,316.25,2,35666,2
651,1120420,338.5,487.5,1,35667,0
651,1120421,683.0,474.5,1,35667,1
651,1120422,1203.75,543.75,2,35667,2
651,1120423,1151.5,418.0,1,35668,0
651,1120424,1146.5,445.25,2,35668,1
651,1120425,807.0,461.0,1,35668,2
651,1120426,1650.0,350.5,1,35669,0
651,1120427,1146.5,445.25,2,35670,0
651,1120428,1275.5,439.5,1,35670,1
651,1120429,1441.5,536.0,1,35670,2
651,1120430,1151.5,418.0,1,35670,3
651,1120431,1146.5,445.25,2,35671,0
651,1120432,807.0,461.0,1,35671,1
651,1120433,1275.5,439.5,1,35671,2
651,1120434,1441.5,536.0,1,35671,3
651,1120435,1151.5,418.0,1,35671,4
651,1120436,1850.0,709.5,1,35672,0
651,1120437,845.0,360.25,2,35673,0
651,1120438,664.0,359.0,1,35673,1
651,1120439,718.75,316.25,2,35673,2
651,1120440,683.0,474.5,1,35674,0
651,1120441,1203.75,543.75,2,35674,1
651,1120442,338.5,487.5,1,35674,2
651,1120443,779.0,426.5,2,35675,0
651,1120444,591.0,419.5,1,35675,1
651,1120445,807.0,461.0,1,35675,2
651,1120446,591.0,419.5,1,35676,0
651,1120447,779.0,426.5,2,35676,1
651,1120448,779.0,426.5,2,35677,0
651,1120449,591.0,419.5,1,35677,1
651,1120450,807.0,461.0,1,35677,2
651,1120451,1203.75,543.75,2,35678,0
651,1120452,338.5,487.5,1,35678,1
651,1120453,683.0,474.5,1,35678,2
651,1120454,807.0,461.0,1,35679,0
651,1120455,1174.0,431.0,1,35679,1
651,1120456,1441.5,536.0,1,35679,2
651,1120457,1151.5,418.0,1,35679,3
651,1120458,779.0,426.5,2,35679,4
651,1120459,1679.0,503.0,1,35680,0
651,1120460,718.75,316.25,2,35681,0
651,1120461,845.0,360.25,2,35681,1
651,1120462,664.0,359.0,1,35681,2
651,1120463,845.0,360.25,2,35682,0
651,1120464,664.0,359.0,1,35682,1
651,1120465,715.5,320.0,1,35682,2
651,1120466,462.5,312.5,1,35683,0
651,1120467,460.5,357.0,1,35683,1
651,1120468,718.75,316.25,2,35684,0
651,1120469,664.0,359.0,1,35684,1
651,1120470,886.5,358.0,1,35684,2
651,1120471,460.5,357.0,1,35685,0
651,1120472,462.5,312.5,1,35685,1
651,1120473,1047.0,379.5,1,35686,0
651,1120474,1275.5,439.5,1,35687,0
651,1120475,1146.5,445.25,2,35687,1
651,1120476,1441.5,536.0,1,35688,0
651,1120477,1146.5,445.25,2,35688,1
651,1120478,807.0,461.0,1,35688,2
661,1120414,1203.75,543.75,2,35665,0
661,1120415,338.5,487.5,1,35665,1
661,1120416,683.0,474.5,1,35665,2
661,1120417,664.0,359.0,1,35666,0
661,1120418,845.0,360.25,2,35666,1
661,1120419,718.75,316.25,2,35666,2
661,1120420,338.5,487.5,1,35667,0
661,1120421,683.0,474.5,1,35667,1
661,1120422,1203.75,543.75,2,35667,2
661,1120423,1151.5,418.0,1,35668,0
661,1120424,1146.5,445.25,2,35668,1
661,1120425,807.0,461.0,1,35668,2
661,1120426,1650.0,350.5,1,35669,0
661,1120427,1146.5,445.25,2,35670,0
661,1120428,1275.5,439.5,1,35670,1
661,1120429,1441.5,536.0,1,35670,2
661,1120430,1151.5,418.0,1,35670,3
661,1120431,1146.5,445.25,2,35671,0
661,1120432,807.0,461.0,1,35671,1
661,1120433,1275.5,439.5,1,35671,2
661,1120434,1441.5,536.0,1,35671,3
661,1120435,1151.5,418.0,1,35671,4
661,1120436,1850.0,709.5,1,35672,0
661,1120437,845.0,360.25,2,35673,0
661,1120438,664.0,359.0,1,35673,1
661,1120439,718.75,316.25,2,35673,2
661,1120440,683.0,474.5,1,35674,0
661,1120441,1203.75,543.75,2,35674,1
661,1120442,338.5,487.5,1,35674,2
661,1120443,779.0,426.5,2,35675,0
661,1120444,591.0,419.5,1,35675,1
661,1120445,807.0,461.0,1,35675,2
661,1120446,591.0,419.5,1,35676,0
661,1120447,779.0,426.5,2,35676,1
661,1120448,779.0,426.5,2,35677,0
661,1120449,591.0,419.5,1,35677,1
661,1120450,807.0,461.0,1,35677,2
661,1120451,1203.75,543.75,2,35678,0
661,1120452,338.5,487.5,1,35678,1
661,1120453,683.0,474.5,1,35678,2
661,1120454,807.0,461.0,1,35679,0
661,1120455,1174.0,431.0,1,35679,1
661,1120456,1441.5,536.0,1,35679,2
661,1120457,1151.5,418.0,1,35679,3
661,1120458,779.0,426.5,2,35679,4
661,1120459,1679.0,503.0,1,35680,0
661,1120460,718.75,316.25,2,35681,0
661,1120461,845.0,360.25,2,35681,1
661,1120462,664.0,359.0,1,35681,2
661,1120463,845.0,360.25,2,35682,0
661,1120464,664.0,359.0,1,35682,1
661,1120465,715.5,320.0,1,35682,2
661,1120466,462.5,312.5,1,35683,0
661,1120467,460.5,357.0,1,35683,1
661,1120468,718.75,316.25,2,35684,0
661,1120469,664.0,359.0,1,35684,1
661,1120470,886.5,358.0,1,35684,2
661,1120471,460.5,357.0,1,35685,0
661,1120472,462.5,312.5,1,35685,1
661,1120473,1047.0,379.5,1,35686,0
661,1120474,1275.5,439.5,1,35687,0
661,1120475,1146.5,445.25,2,35687,1
661,1120476,1441.5,536.0,1,35688,0
661,1120477,1146.5,445.25,2,35688,1
661,1120478,807.0,461.0,1,35688,2
671,1120414,1203.75,543.75,2,35665,0
671,1120415,338.5,487.5,1,35665,1
671,1120416,683.0,474.5,1,35665,2
671,1120417,664.0,359.0,1,35666,0
671,1120418,845.0,360.25,2,35666,1
671,1120419,718.75,316.25,2,35666,2
671,1120420,338.5,487.5,1,35667,0
671,1120421,683.0,474.5,1,35667,1
671,1120422,1203.75,543.75,2,35667,2
671,1120423,1151.5,418.0,1,35668,0
671,1120424,1146.5,445.25,2,35668,1
671,1120425,807.0,461.0,1,35668,2
671,1120426,1650.0,350.5,1,35669,0
671,1120427,1146.5,445.25,2,35670,0
671,1120428,1275.5,439.5,1,35670,1
671,1120429,1441.5,536.0,1,35670,2
671,1120430,1151.5,418.0,1,35670,3
671,1120431,1146.5,445.25,2,35671,0
671,1120432,807.0,461.0,1,35671,1
671,1120433,1275.5,439.5,1,35671,2
671,1120434,1441.5,536.0,1,35671,3
671,1120435,1151.5,418.0,1,35671,4
671,1120436,1850.0,709.5,1,35672,0
671,1120437,845.0,360.25,2,35673,0
671,1120438,664.0,359.0,1,35673,1
671,1120439,718.75,316.25,2,35673,2
671,1120440,683.0,474.5,1,35674,0
671,1120441,1203.75,543.75,2,35674,1
671,1120442,338.5,487.5,1,35674,2
671,1120443,779.0,426.5,2,35675,0
671,1120444,591.0,419.5,1,35675,1
671,1120445,807.0,461.0,1,35675,2
671,1120446,591.0,419.5,1,35676,0
671,1120447,779.0,426.5,2,35676,1
671,1120448,779.0,426.5,2,35677,0
671,1120449,591.0,419.5,1,35677,1
671,1120450,807.0,461.0,1,35677,2
671,1120451,1203.75,543.75,2,35678,0
671,1120452,338.5,487.5,1,35678,1
671,1120453,683.0,474.5,1,35678,2
671,1120454,807.0,461.0,1,35679,0
671,1120455,1174.0,431.0,1,35679,1
671,1120456,1441.5,536.0,1,35679,2
671,1120457,1151.5,418.0,1,35679,3
671,1120458,779.0,426.5,2,35679,4
671,1120459,1679.0,503.0,1,35680,0
671,1120460,718.75,316.25,2,35681,0
671,1120461,845.0,360.25,2,35681,1
671,1120462,664.0,359.0,1,35681,2
671,1120463,845.0,360.25,2,35682,0
671,1120464,664.0,359.0,1,35682,1
671,1120465,715.5,320.0,1,35682,2
671,1120466,462.5,312.5,1,35683,0
671,1120467,460.5,357.0,1,35683,1
671,1120468,718.75,316.25,2,35684,0
671,1120469,664.0,359.0,1,35684,1
671,1120470,886.5,358.0,1,35684,2
671,1120471,460.5,357.0,1,35685,0
671,1120472,462.5,312.5,1,35685,1
671,1120473,1047.0,379.5,1,35686,0
671,1120474,1275.5,439.5,1,35687,0
671,1120475,1146.5,445.25,2,35687,1
671,1120476,1441.5,536.0,1,35688,0
671,1120477,1146.5,445.25,2,35688,1
671,1120478,807.0,461.0,1,35688,2
681,1120414,1203.75,543.75,2,35665,0
681,1120415,338.5,487.5,1,35665,1
681,1120416,683.0,474.5,1,35665,2
681,1120417,664.0,359.0,1,35666,0
681,1120418,845.0,360.25,2,35666,1
681,1120419,718.75,316.25,2,35666,2
681,1120420,338.5,487.5,1,35667,0
681,1120421,683.0,474.5,1,35667,1
681,1120422,1203.75,543.75,2,35667,2
681,1120423,1151.5,418.0,1,35668,0
681,1120424,1146.5,445.25,2,35668,1
681,1120425,807.0,461.0,1,35668,2
681,1120426,1650.0,350.5,1,35669,0
681,1120427,1146.5,445.25,2,35670,0
681,1120428,1275.5,439.5,1,35670,1
681,1120429,1441.5,536.0,1,35670,2
681,1120430,1151.5,418.0,1,35670,3
681,1120431,1146.5,445.25,2,35671,0
681,1120432,807.0,461.0,1,35671,1
681,1120433,1275.5,439.5,1,35671,2
681,1120434,1441.5,536.0,1,35671,3
681,1120435,1151.5,418.0,1,35671,4
681,1120436,1850.0,709.5,1,35672,0
681,1120437,845.0,360.25,2,35673,0
681,1120438,664.0,359.0,1,35673,1
681,1120439,718.75,316.25,2,35673,2
681,1120440,683.0,474.5,1,35674,0
681,1120441,1203.75,543.75,2,35674,1
681,1120442,338.5,487.5,1,35674,2
681,1120443,779.0,426.5,2,35675,0
681,1120444,591.0,419.5,1,35675,1
681,1120445,807.0,461.0,1,35675,2
681,1120446,591.0,419.5,1,35676,0
681,1120447,779.0,426.5,2,35676,1
681,1120448,779.0,426.5,2,35677,0
681,1120449,591.0,419.5,1,35677,1
681,1120450,807.0,461.0,1,35677,2
681,1120451,1203.75,543.75,2,35678,0
681,1120452,338.5,487.5,1,35678,1
681,1120453,683.0,474.5,1,35678,2
681,1120454,807.0,461.0,1,35679,0
681,1120455,1174.0,431.0,1,35679,1
681,1120456,1441.5,536.0,1,35679,2
681,1120457,1151.5,418.0,1,35679,3
681,1120458,779.0,426.5,2,35679,4
681,1120459,1679.0,503.0,1,35680,0
681,1120460,718.75,316.25,2,35681,0
681,1120461,845.0,360.25,2,35681,1
681,1120462,664.0,359.0,1,35681,2
681,1120463,845.0,360.25,2,35682,0
681,1120464,664.0,359.0,1,35682,1
681,1120465,715.5,320.0,1,35682,2
681,1120466,462.5,312.5,1,35683,0
681,1120467,460.5,357.0,1,35683,1
681,1120468,718.75,316.25,2,35684,0
681,1120469,664.0,359.0,1,35684,1
681,1120470,886.5,358.0,1,35684,2
681,1120471,460.5,357.0,1,35685,0
681,1120472,462.5,312.5,1,35685,1
681,1120473,1047.0,379.5,1,35686,0
681,1120474,1275.5,439.5,1,35687,0
681,1120475,1146.5,445.25,2,35687,1
681,1120476,1441.5,536.0,1,35688,0
681,1120477,1146.5,445.25,2,35688,1
681,1120478,807.0,461.0,1,35688,2
691,1120414,1203.75,543.75,2,35665,0
691,1120415,338.5,487.5,1,35665,1
691,1120416,683.0,474.5,1,35665,2
691,1120417,664.0,359.0,1,35666,0
691,1120418,845.0,360.25,2,35666,1
691,1120419,718.75,316.25,2,35666,2
691,1120420,338.5,487.5,1,35667,0
691,1120421,683.0,474.5,1,35667,1
691,1120422,1203.75,543.75,2,35667,2
691,1120423,1151.5,418.0,1,35668,0
691,1120424,1146.5,445.25,2,35668,1
691,1120425,807.0,461.0,1,35668,2
691,1120426,1650.0,350.5,1,35669,0
691,1120427,1146.5,445.25,2,35670,0
691,1120428,1275.5,439.5,1,35670,1
691,1120429,1441.5,536.0,1,35670,2
691,1120430,1151.5,418.0,1,35670,3
691,1120431,1146.5,445.25,2,35671,0
691,1120432,807.0,461.0,1,35671,1
691,1120433,1275.5,439.5,1,35671,2
691,1120434,1441.5,536.0,1,35671,3
691,1120435,1151.5,418.0,1,35671,4
691,1120436,1850.0,709.5,1,35672,0
691,1120437,845.0,360.25,2,35673,0
691,1120438,664.0,359.0,1,35673,1
691,1120439,718.75,316.25,2,35673,2
691,1120440,683.0,474.5,1,35674,0
691,1120441,1203.75,543.75,2,35674,1
691,1120442,338.5,487.5,1,35674,2
691,1120443,779.0,426.5,2,35675,0
691,1120444,591.0,419.5,1,35675,1
691,1120445,807.0,461.0,1,35675,2
691,1120446,591.0,419.5,1,35676,0
691,1120447,779.0,426.5,2,35676,1
691,1120448,779.0,426.5,2,35677,0
691,1120449,591.0,419.5,1,35677,1
691,1120450,807.0,461.0,1,35677,2
691,1120451,1203.75,543.75,2,35678,0
691,1120452,338.5,487.5,1,35678,1
691,1120453,683.0,474.5,1,35678,2
691,1120454,807.0,461.0,1,35679,0
691,1120455,1174.0,431.0,1,35679,1
691,1120456,1441.5,536.0,1,35679,2
691,1120457,1151.5,418.0,1,35679,3
691,1120458,779.0,426.5,2,35679,4
691,1120459,1679.0,503.0,1,35680,0
691,1120460,718.75,316.25,2,35681,0
691,1120461,845.0,360.25,2,35681,1
691,1120462,664.0,359.0,1,35681,2
691,1120463,845.0,360.25,2,35682,0
691,1120464,664.0,359.0,1,35682,1
691,1120465,715.5,320.0,1,35682,2
691,1120466,462.5,312.5,1,35683,0
691,1120467,460.5,357.0,1,35683,1
691,1120468,718.75,316.25,2,35684,0
691,1120469,664.0,359.0,1,35684,1
691,1120470,886.5,358.0,1,35684,2
691,1120471,460.5,357.0,1,35685,0
691,1120472,462.5,312.5,1,35685,1
691,1120473,1047.0,379.5,1,35686,0
691,1120474,1275.5,439.5,1,35687,0
691,1120475,1146.5,445.25,2,35687,1
691,1120476,1441.5,536.0,1,35688,0
691,1120477,1146.5,445.25,2,35688,1
691,1120478,807.0,461.0,1,35688,2
701,1120414,1203.75,543.75,2,35665,0
701,1120415,338.5,487.5,1,35665,1
701,1120416,683.0,474.5,1,35665,2
701,1120417,664.0,359.0,1,35666,0
701,1120418,845.0,360.25,2,35666,1
701,1120419,718.75,316.25,2,35666,2
701,1120420,338.5,487.5,1,35667,0
701,1120421,683.0,474.5,1,35667,1
701,1120422,1203.75,543.75,2,35667,2
701,1120423,1151.5,418.0,1,35668,0
701,1120424,1146.5,445.25,2,35668,1
701,1120425,807.0,461.0,1,35668,2
701,1120426,1650.0,350.5,1,35669,0
701,1120427,1146.5,445.25,2,35670,0
701,1120428,1275.5,439.5,1,35670,1
701,1120429,1441.5,536.0,1,35670,2
701,1120430,1151.5,418.0,1,35670,3
701,1120431,1146.5,445.25,2,35671,0
701,1120432,807.0,461.0,1,35671,1
701,1120433,1275.5,439.5,1,35671,2
701,1120434,1441.5,536.0,1,35671,3
701,1120435,1151.5,418.0,1,35671,4
701,1120436,1850.0,709.5,1,35672,0
701,1120437,845.0,360.25,2,35673,0
701,1120438,664.0,359.0,1,35673,1
701,1120439,718.75,316.25,2,35673,2
701,1120440,683.0,474.5,1,35674,0
701,1120441,1203.75,543.75,2,35674,1
701,1120442,338.5,487.5,1,35674,2
701,1120443,779.0,426.5,2,35675,0
701,1120444,591.0,419.5,1,35675,1
701,1120445,807.0,461.0,1,35675,2
701,1120446,591.0,419.5,1,35676,0
701,1120447,779.0,426.5,2,35676,1
701,1120448,779.0,426.5,2,35677,0
701,1120449,591.0,419.5,1,35677,1
701,1120450,807.0,461.0,1,35677,2
701,1120451,1203.75,543.75,2,35678,0
701,1120452,338.5,487.5,1,35678,1
701,1120453,683.0,474.5,1,35678,2
701,1120454,807.0,461.0,1,35679,0
701,1120455,1174.0,431.0,1,35679,1
701,1120456,1441.5,536.0,1,35679,2
701,1120457,1151.5,418.0,1,35679,3
701,1120458,779.0,426.5,2,35679,4
701,1120459,1679.0,503.0,1,35680,0
701,1120460,718.75,316.25,2,35681,0
701,1120461,845.0,360.25,2,35681,1
701,1120462,664.0,359.0,1,35681,2
701,1120463,845.0,360.25,2,35682,0
701,1120464,664.0,359.0,1,35682,1
701,1120465,715.5,320.0,1,35682,2
701,1120466,462.5,312.5,1,35683,0
701,1120467,460.5,357.0,1,35683,1
701,1120468,718.75,316.25,2,35684,0
701,1120469,664.0,359.0,1,35684,1
701,1120470,886.5,358.0,1,35684,2
701,1120471,460.5,357.0,1,35685,0
701,1120472,462.5,312.5,1,35685,1
701,1120473,1047.0,379.5,1,35686,0
701,1120474,1275.5,439.5,1,35687,0
701,1120475,1146.5,445.25,2,35687,1
701,1120476,1441.5,536.0,1,35688,0
701,1120477,1146.5,445.25,2,35688,1
701,1120478,807.0,461.0,1,35688,2
711,1120414,1203.75,543.75,2,35665,0
711,1120415,338.5,487.5,1,35665,1
711,1120416,683.0,474.5,1,35665,2
711,1120417,664.0,359.0,1,35666,0
711,1120418,845.0,360.25,2,35666,1
711,1120419,718.75,316.25,2,35666,2
711,1120420,338.5,487.5,1,35667,0
711,1120421,683.0,474.5,1,35667,1
711,1120422,1203.75,543.75,2,35667,2
711,1120423,1151.5,418.0,1,35668,0
711,1120424,1146.5,445.25,2,35668,1
711,1120425,807.0,461.0,1,35668,2
711,1120426,1650.0,350.5,1,35669,0
711,1120427,1146.5,445.25,2,35670,0
711,1120428,1275.5,439.5,1,35670,1
711,1120429,1441.5,536.0,1,35670,2
711,1120430,1151.5,418.0,1,35670,3
711,1120431,1146.5,445.25,2,35671,0
711,1120432,807.0,461.0,1,35671,1
711,1120433,1275.5,439.5,1,35671,2
711,1120434,1441.5,536.0,1,35671,3
711,1120435,1151.5,418.0,1,35671,4
711,1120436,1850.0,709.5,1,35672,0
711,1120437,845.0,360.25,2,35673,0
711,1120438,664.0,359.0,1,35673,1
711,1120439,718.75,316.25,2,35673,2
711,1120440,683.0,474.5,1,35674,0
711,1120441,1203.75,543.75,2,35674,1
711,1120442,338.5,487.5,1,35674,2
711,1120443,779.0,426.5,2,35675,0
711,1120444,591.0,419.5,1,35675,1
711,1120445,807.0,461.0,1,35675,2
711,1120446,591.0,419.5,1,35676,0
711,1120447,779.0,426.5,2,35676,1
711,1120448,779.0,426.5,2,35677,0
711,1120449,591.0,419.5,1,35677,1
711,1120450,807.0,461.0,1,35677,2
711,1120451,1203.75,543.75,2,35678,0
711,1120452,338.5,487.5,1,35678,1
711,1120453,683.0,474.5,1,35678,2
711,1120454,807.0,461.0,1,35679,0
711,1120455,1174.0,431.0,1,35679,1
711,1120456,1441.5,536.0,1,35679,2
711,1120457,1151.5,418.0,1,35679,3
711,1120458,779.0,426.5,2,35679,4
711,1120459,1679.0,503.0,1,35680,0
711,1120460,718.75,316.25,2,35681,0
711,1120461,845.0,360.25,2,35681,1
711,1120462,664.0,359.0,1,35681,2
711,1120463,845.0,360.25,2,35682,0
711,1120464,664.0,359.0,1,35682,1
711,1120465,715.5,320.0,1,35682,2
711,1120466,462.5,312.5,1,35683,0
711,1120467,460.5,357.0,1,35683,1
711,1120468,718.75,316.25,2,35684,0
711,1120469,664.0,359.0,1,35684,1
711,1120470,886.5,358.0,1,35684,2
711,1120471,460.5,357.0,1,35685,0
711,1120472,462.5,312.5,1,35685,1
711,1120473,1047.0,379.5,1,35686,0
711,1120474,1275.5,439.5,1,35687,0
711,1120475,1146.5,445.25,2,35687,1
711,1120476,1441.5,536.0,1,35688,0
711,1120477,1146.5,445.25,2,35688,1
711,1120478,807.0,461.0,1,35688,2
721,1120414,1203.75,543.75,2,35665,0
721,1120415,338.5,487.5,1,35665,1
721,1120416,683.0,474.5,1,35665,2
721,1120417,664.0,359.0,1,35666,0
721,1120418,845.0,360.25,2,35666,1
721,1120419,718.75,316.25,2,35666,2
721,1120420,338.5,487.5,1,35667,0
721,1120421,683.0,474.5,1,35667,1
721,1120422,1203.75,543.75,2,35667,2
721,1120423,1151.5,418.0,1,35668,0
721,1120424,1146.5,445.25,2,35668,1
721,1120425,807.0,461.0,1,35668,2
721,1120426,1650.0,350.5,1,35669,0
721,1120427,1146.5,445.25,2,35670,0
721,1120428,1275.5,439.5,1,35670,1
721,1120429,1441.5,536.0,1,35670,2
721,1120430,1151.5,418.0,1,35670,3
721,1120431,1146.5,445.25,2,35671,0
721,1120432,807.0,461.0,1,35671,1
721,1120433,1275.5,439.5,1,35671,2
721,1120434,1441.5,536.0,1,35671,3
721,1120435,1151.5,418.0,1,35671,4
721,1120436,1850.0,709.5,1,35672,0
721,1120437,845.0,360.25,2,35673,0
721,1120438,664.0,359.0,1,35673,1
721,1120439,718.75,316.25,2,35673,2
721,1120440,683.0,474.5,1,35674,0
721,1120441,1203.75,543.75,2,35674,1
721,1120442,338.5,487.5,1,35674,2
721,1120443,779.0,426.5,2,35675,0
721,1120444,591.0,419.5,1,35675,1
721,1120445,807.0,461.0,1,35675,2
721,1120446,591.0,419.5,1,35676,0
721,1120447,779.0,426.5,2,35676,1
721,1120448,779.0,426.5,2,35677,0
721,1120449,591.0,419.5,1,35677,1
721,1120450,807.0,461.0,1,35677,2
721,1120451,1203.75,543.75,2,35678,0
721,1120452,338.5,487.5,1,35678,1
721,1120453,683.0,474.5,1,35678,2
721,1120454,807.0,461.0,1,35679,0
721,1120455,1174.0,431.0,1,35679,1
721,1120456,1441.5,536.0,1,35679,2
721,1120457,1151.5,418.0,1,35679,3
721,1120458,779.0,426.5,2,35679,4
721,1120459,1679.0,503.0,1,35680,0
721,1120460,718.75,316.25,2,35681,0
721,1120461,845.0,360.25,2,35681,1
721,1120462,664.0,359.0,1,35681,2
721,1120463,845.0,360.25,2,35682,0
721,1120464,664.0,359.0,1,35682,1
721,1120465,715.5,320.0,1,35682,2
721,1120466,462.5,312.5,1,35683,0
721,1120467,460.5,357.0,1,35683,1
721,1120468,718.75,316.25,2,35684,0
721,1120469,664.0,359.0,1,35684,1
721,1120470,886.5,358.0,1,35684,2
721,1120471,460.5,357.0,1,35685,0
721,1120472,462.5,312.5,1,35685,1
721,1120473,1047.0,379.5,1,35686,0
721,1120474,1275.5,439.5,1,35687,0
721,1120475,1146.5,445.25,2,35687,1
721,1120476,1441.5,536.0,1,35688,0
721,1120477,1146.5,445.25,2,35688,1
721,1120478,807.0,461.0,1,35688,2
731,1120414,1164.75,542.75,2,35665,0
731,1120415,368.0,489.0,1,35665,1
731,1120416,685.5,477.0,1,35665,2
731,1120417,679.5,359.0,1,35666,0
731,1120418,838.75,360.0,2,35666,1
731,1120419,721.0,316.75,2,35666,2
731,1120420,368.0,489.0,1,35667,0
731,1120421,685.5,477.0,1,35667,1
731,1120422,1164.75,542.75,2,35667,2
731,1120423,1133.5,418.5,1,35668,0
731,1120424,1164.0,446.5,2,35668,1
731,1120425,831.0,459.5,1,35668,2
731,1120426,1649.5,350.5,1,35669,0
731,1120427,1164.0,446.5,2,35670,0
731,1120428,1259.0,435.5,1,35670,1
731,1120429,1436.5,530.0,1,35670,2
731,1120430,1133.5,418.5,1,35670,3
731,1120431,1164.0,446.5,2,35671,0
731,1120432,831.0,459.5,1,35671,1
731,1120433,1259.0,435.5,1,35671,2
731,1120434,1436.5,530.0,1,35671,3
731,1120435,1133.5,418.5,1,35671,4
731,1120436,1768.5,709.5,1,35672,0
731,1120437,838.75,360.0,2,35673,0
731,1120438,679.5,359.0,1,35673,1
731,1120439,721.0,316.75,2,35673,2
731,1120440,685.5,477.0,1,35674,0
731,1120441,1164.75,542.75,2,35674,1
731,1120442,368.0,489.0,1,35674,2
731,1120443,759.5,426.75,2,35675,0
731,1120444,589.0,424.0,1,35675,1
731,1120445,831.0,459.5,1,35675,2
731,1120446,589.0,424.0,1,35676,0
731,1120447,759.5,426.75,2,35676,1
731,1120448,759.5,426.75,2,35677,0
731,1120449,589.0,424.0,1,35677,1
731,1120450,831.0,459.5,1,35677,2
731,1120451,1164.75,542.75,2,35678,0
731,1120452,368.0,489.0,1,35678,1
731,1120453,685.5,477.0,1,35678,2
731,1120454,831.0,459.5,1,35679,0
731,1120455,1172.5,431.5,1,35679,1
731,1120456,1436.5,530.0,1,35679,2
731,1120457,1133.5,418.5,1,35679,3
731,1120458,759.5,426.75,2,35679,4
731,1120459,1643.5,505.0,1,35680,0
731,1120460,721.0,316.75,2,35681,0
731,1120461,838.75,360.0,2,35681,1
731,1120462,679.5,359.0,1,35681,2
731,1120463,838.75,360.0,2,35682,0
731,1120464,679.5,359.0,1,35682,1
731,1120465,715.5,320.5,1,35682,2
731,1120466,470.0,312.5,1,35683,0
731,1120467,461.0,357.0,1,35683,1
731,1120468,721.0,316.75,2,35684,0
731,1120469,679.5,359.0,1,35684,1
731,1120470,869.5,358.0,1,35684,2
731,1120471,461.0,357.0,1,35685,0
731,1120472,470.0,312.5,1,35685,1
731,1120473,1048.5,380.5,1,35686,0
731,1120474,1259.0,435.5,1,35687,0
731,1120475,1164.0,446.5,2,35687,1
731,1120476,1436.5,530.0,1,35688,0
731,1120477,1164.0,446.5,2,35688,1
731,1120478,831.0,459.5,1,35688,2
741,1120414,1164.75,542.75,2,35665,0
741,1120415,368.0,489.0,1,35665,1
741,1120416,685.5,477.0,1,35665,2
741,1120417,679.5,359.0,1,35666,0
741,1120418,838.75,360.0,2,35666,1
741,1120419,721.0,316.75,2,35666,2
741,1120420,368.0,489.0,1,35667,0
741,1120421,685.5,477.0,1,35667,1
741,1120422,1164.75,542.75,2,35667,2
741,1120423,1133.5,418.5,1,35668,0
741,1120424,1164.0,446.5,2,35668,1
741,1120425,831.0,459.5,1,35668,2
741,1120426,1649.5,350.5,1,35669,0
741,1120427,1164.0,446.5,2,35670,0
741,1120428,1259.0,435.5,1,35670,1
741,1120429,1436.5,530.0,1,35670,2
741,1120430,1133.5,418.5,1,35670,3
741,1120431,1164.0,446.5,2,35671,0
741,1120432,831.0,459.5,1,35671,1
741,1120433,1259.0,435.5,1,35671,2
741,1120434,1436.5,530.0,1,35671,3
741,1120435,1133.5,418.5,1,35671,4
741,1120436,1768.5,709.5,1,35672,0
741,1120437,838.75,360.0,2,35673,0
741,1120438,679.5,359.0,1,35673,1
741,1120439,721.0,316.75,2,35673,2
741,1120440,685.5,477.0,1,35674,0
741,1120441,1164.75,542.75,2,35674,1
741,1120442,368.0,489.0,1,35674,2
741,1120443,759.5,426.75,2,35675,0
741,1120444,589.0,424.0,1,35675,1
741,1120445,831.0,459.5,1,35675,2
741,1120446,589.0,424.0,1,35676,0
741,1120447,759.5,426.75,2,35676,1
741,1120448,759.5,426.75,2,35677,0
741,1120449,589.0,424.0,1,35677,1
741,1120450,831.0,459.5,1,35677,2
741,1120451,1164.75,542.75,2,35678,0
741,1120452,368.0,489.0,1,35678,1
741,1120453,685.5,477.0,1,35678,2
741,1120454,831.0,459.5,1,35679,0
741,1120455,1172.5,431.5,1,35679,1
741,1120456,1436.5,530.0,1,35679,2
741,1120457,1133.5,418.5,1,35679,3
741,1120458,759.5,426.75,2,35679,4
741,1120459,1643.5,505.0,1,35680,0
741,1120460,721.0,316.75,2,35681,0
741,1120461,838.75,360.0,2,35681,1
741,1120462,679.5,359.0,1,35681,2
741,1120463,838.75,360.0,2,35682,0
741,1120464,679.5,359.0,1,35682,1
741,1120465,715.5,320.5,1,35682,2
741,1120466,470.0,312.5,1,35683,0
741,1120467,461.0,357.0,1,35683,1
741,1120468,721.0,316.75,2,35684,0
741,1120469,679.5,359.0,1,35684,1
741,1120470,869.5,358.0,1,35684,2
741,1120471,461.0,357.0,1,35685,0
741,1120472,470.0,312.5,1,35685,1
741,1120473,1048.5,380.5,1,35686,0
741,1120474,1259.0,435.5,1,35687,0
741,1120475,1164.0,446.5,2,35687,1
741,1120476,1436.5,530.0,1,35688,0
741,1120477,1164.0,446.5,2,35688,1
741,1120478,831.0,459.5,1,35688,2
751,1120414,1164.75,542.75,2,35665,0
751,1120415,368.0,489.0,1,35665,1
751,1120416,685.5,477.0,1,35665,2
751,1120417,679.5,359.0,1,35666,0
751,1120418,838.75,360.0,2,35666,1
751,1120419,721.0,316.75,2,35666,2
751,1120420,368.0,489.0,1,35667,0
751,1120421,685.5,477.0,1,35667,1
751,1120422,1164.75,542.75,2,35667,2
751,1120423,1133.5,418.5,1,35668,0
751,1120424,1164.0,446.5,2,35668,1
751,1120425,831.0,459.5,1,35668,2
751,1120426,1649.5,350.5,1,35669,0
751,1120427,1164.0,446.5,2,35670,0
751,1120428,1259.0,435.5,1,35670,1
751,1120429,1436.5,530.0,1,35670,2
751,1120430,1133.5,418.5,1,35670,3
751,1120431,1164.0,446.5,2,35671,0
751,1120432,831.0,459.5,1,35671,1
751,1120433,1259.0,435.5,1,35671,2
751,1120434,1436.5,530.0,1,35671,3
751,1120435,1133.5,418.5,1,35671,4
751,1120436,1768.5,709.5,1,35672,0
751,1120437,838.75,360.0,2,35673,0
751,1120438,679.5,359.0,1,35673,1
751,1120439,721.0,316.75,2,35673,2
751,1120440,685.5,477.0,1,35674,0
751,1120441,1164.75,542.75,2,35674,1
751,1120442,368.0,489.0,1,35674,2
751,1120443,759.5,426.75,2,35675,0
751,1120444,589.0,424.0,1,35675,1
751,1120445,831.0,459.5,1,35675,2
751,1120446,589.0,424.0,1,35676,0
751,1120447,759.5,426.75,2,35676,1
751,1120448,759.5,426.75,2,35677,0
751,1120449,589.0,424.0,1,35677,1
751,1120450,831.0,459.5,1,35677,2
751,1120451,1164.75,542.75,2,35678,0
751,1120452,368.0,489.0,1,35678,1
751,1120453,685.5,477.0,1,35678,2
751,1120454,831.0,459.5,1,35679,0
751,1120455,1172.5,431.5,1,35679,1
751,1120456,1436.5,530.0,1,35679,2
751,1120457,1133.5,418.5,1,35679,3
751,1120458,759.5,426.75,2,35679,4
751,1120459,1643.5,505.0,1,35680,0
751,1120460,721.0,316.75,2,35681,0
751,1120461,838.75,360.0,2,35681,1
751,1120462,679.5,359.0,1,35681,2
751,1120463,838.75,360.0,2,35682,0
751,1120464,679.5,359.0,1,35682,1
751,1120465,715.5,320.5,1,35682,2
751,1120466,470.0,312.5,1,35683,0
751,1120467,461.0,357.0,1,35683,1
751,1120468,721.0,316.75,2,35684,0
751,1120469,679.5,359.0,1,35684,1
751,1120470,869.5,358.0,1,35684,2
751,1120471,461.0,357.0,1,35685,0
751,1120472,470.0,312.5,1,35685,1
751,1120473,1048.5,380.5,1,35686,0
751,1120474,1259.0,435.5,1,35687,0
751,1120475,1164.0,446.5,2,35687,1
751,1120476,1436.5,530.0,1,35688,0
751,1120477,1164.0,446.5,2,35688,1
751,1120478,831.0,459.5,1,35688,2
761,1120414,1164.75,542.75,2,35665,0
761,1120415,368.0,489.0,1,35665,1
761,1120416,685.5,477.0,1,35665,2
761,1120417,679.5,359.0,1,35666,0
761,1120418,838.75,360.0,2,35666,1
761,1120419,721.0,316.75,2,35666,2
761,1120420,368.0,489.0,1,35667,0
761,1120421,685.5,477.0,1,35667,1
761,1120422,1164.75,542.75,2,35667,2
761,1120423,1133.5,418.5,1,35668,0
761,1120424,1164.0,446.5,2,35668,1
761,1120425,831.0,459.5,1,35668,2
761,1120426,1649.5,350.5,1,35669,0
761,1120427,1164.0,446.5,2,35670,0
761,1120428,1259.0,435.5,1,35670,1
761,1120429,1436.5,530.0,1,35670,2
761,1120430,1133.5,418.5,1,35670,3
761,1120431,1164.0,446.5,2,35671,0
761,1120432,831.0,459.5,1,35671,1
761,1120433,1259.0,435.5,1,35671,2
761,1120434,1436.5,530.0,1,35671,3
761,1120435,1133.5,418.5,1,35671,4
761,1120436,1768.5,709.5,1,35672,0
761,1120437,838.75,360.0,2,35673,0
761,1120438,679.5,359.0,1,35673,1
761,1120439,721.0,316.75,2,35673,2
761,1120440,685.5,477.0,1,35674,0
761,1120441,1164.75,542.75,2,35674,1
761,1120442,368.0,489.0,1,35674,2
761,1120443,759.5,426.75,2,35675,0
761,1120444,589.0,424.0,1,35675,1
761,1120445,831.0,459.5,1,35675,2
761,1120446,589.0,424.0,1,35676,0
761,1120447,759.5,426.75,2,35676,1
761,1120448,759.5,426.75,2,35677,0
761,1120449,589.0,424.0,1,35677,1
761,1120450,831.0,459.5,1,35677,2
761,1120451,1164.75,542.75,2,35678,0
761,1120452,368.0,489.0,1,35678,1
761,1120453,685.5,477.0,1,35678,2
761,1120454,831.0,459.5,1,35679,0
761,1120455,1172.5,431.5,1,35679,1
761,1120456,1436.5,530.0,1,35679,2
761,1120457,1133.5,418.5,1,35679,3
761,1120458,759.5,426.75,2,35679,4
761,1120459,1643.5,505.0,1,35680,0
761,1120460,721.0,316.75,2,35681,0
761,1120461,838.75,360.0,2,35681,1
761,1120462,679.5,359.0,1,35681,2
761,1120463,838.75,360.0,2,35682,0
761,1120464,679.5,359.0,1,35682,1
761,1120465,715.5,320.5,1,35682,2
761,1120466,470.0,312.5,1,35683,0
761,1120467,461.0,357.0,1,35683,1
761,1120468,721.0,316.75,2,35684,0
761,1120469,679.5,359.0,1,35684,1
761,1120470,869.5,358.0,1,35684,2
761,1120471,461.0,357.0,1,35685,0
761,1120472,470.0,312.5,1,35685,1
761,1120473,1048.5,380.5,1,35686,0
761,1120474,1259.0,435.5,1,35687,0
761,1120475,1164.0,446.5,2,35687,1
761,1120476,1436.5,530.0,1,35688,0
761,1120477,1164.0,446.5,2,35688,1
761,1120478,831.0,459.5,1,35688,2
771,1120414,1164.75,542.75,2,35665,0
771,1120415,368.0,489.0,1,35665,1
771,1120416,685.5,477.0,1,35665,2
771,1120417,679.5,359.0,1,35666,0
771,1120418,838.75,360.0,2,35666,1
771,1120419,721.0,316.75,2,35666,2
771,1120420,368.0,489.0,1,35667,0
771,1120421,685.5,477.0,1,35667,1
771,1120422,1164.75,542.75,2,35667,2
771,1120423,1133.5,418.5,1,35668,0
771,1120424,1164.0,446.5,2,35668,1
771,1120425,831.0,459.5,1,35668,2
771,1120426,1649.5,350.5,1,35669,0
771,1120427,1164.0,446.5,2,35670,0
771,1120428,1259.0,435.5,1,35670,1
771,1120429,1436.5,530.0,1,35670,2
771,1120430,1133.5,418.5,1,35670,3
771,1120431,1164.0,446.5,2,35671,0
771,1120432,831.0,459.5,1,35671,1
771,1120433,1259.0,435.5,1,35671,2
771,1120434,1436.5,530.0,1,35671,3
771,1120435,1133.5,418.5,1,35671,4
771,1120436,1768.5,709.5,1,35672,0
771,1120437,838.75,360.0,2,35673,0
771,1120438,679.5,359.0,1,35673,1
771,1120439,721.0,316.75,2,35673,2
771,1120440,685.5,477.0,1,35674,0
771,1120441,1164.75,542.75,2,35674,1
771,1120442,368.0,489.0,1,35674,2
771,1120443,759.5,426.75,2,35675,0
771,1120444,589.0,424.0,1,35675,1
771,1120445,831.0,459.5,1,35675,2
771,1120446,589.0,424.0,1,35676,0
771,1120447,759.5,426.75,2,35676,1
771,1120448,759.5,426.75,2,35677,0
771,1120449,589.0,424.0,1,35677,1
771,1120450,831.0,459.5,1,35677,2
771,1120451,1164.75,542.75,2,35678,0
771,1120452,368.0,489.0,1,35678,1
771,1120453,685.5,477.0,1,35678,2
771,1120454,831.0,459.5,1,35679,0
771,1120455,1172.5,431.5,1,35679,1
771,1120456,1436.5,530.0,1,35679,2
771,1120457,1133.5,418.5,1,35679,3
771,1120458,759.5,426.75,2,35679,4
771,1120459,1643.5,505.0,1,35680,0
771,1120460,721.0,316.75,2,35681,0
771,1120461,838.75,360.0,2,35681,1
771,1120462,679.5,359.0,1,35681,2
771,1120463,838.75,360.0,2,35682,0
771,1120464,679.5,359.0,1,35682,1
771,1120465,715.5,320.5,1,35682,2
771,1120466,470.0,312.5,1,35683,0
771,1120467,461.0,357.0,1,35683,1
771,1120468,721.0,316.75,2,35684,0
771,1120469,679.5,359.0,1,35684,1
771,1120470,869.5,358.0,1,35684,2
771,1120471,461.0,357.0,1,35685,0
771,1120472,470.0,312.5,1,35685,1
771,1120473,1048.5,380.5,1,35686,0
771,1120474,1259.0,435.5,1,35687,0
771,1120475,1164.0,446.5,2,35687,1
771,1120476,1436.5,530.0,1,35688,0
771,1120477,1164.0,446.5,2,35688,1
771,1120478,831.0,459.5,1,35688,2
781,1120414,1164.75,542.75,2,35665,0
781,1120415,368.0,489.0,1,35665,1
781,1120416,685.5,477.0,1,35665,2
781,1120417,679.5,359.0,1,35666,0
781,1120418,838.75,360.0,2,35666,1
781,1120419,721.0,316.75,2,35666,2
781,1120420,368.0,489.0,1,35667,0
781,1120421,685.5,477.0,1,35667,1
781,1120422,1164.75,542.75,2,35667,2
781,1120423,1133.5,418.5,1,35668,0
781,1120424,1164.0,446.5,2,35668,1
781,1120425,831.0,459.5,1,35668,2
781,1120426,1649.5,350.5,1,35669,0
781,1120427,1164.0,446.5,2,35670,0
781,1120428,1259.0,435.5,1,35670,1
781,1120429,1436.5,530.0,1,35670,2
781,1120430,1133.5,418.5,1,35670,3
781,1120431,1164.0,446.5,2,35671,0
781,1120432,831.0,459.5,1,35671,1
781,1120433,1259.0,435.5,1,35671,2
781,1120434,1436.5,530.0,1,35671,3
781,1120435,1133.5,418.5,1,35671,4
781,1120436,1768.5,709.5,1,35672,0
781,1120437,838.75,360.0,2,35673,0
781,1120438,679.5,359.0,1,35673,1
781,1120439,721.0,316.75,2,35673,2
781,1120440,685.5,477.0,1,35674,0
781,1120441,1164.75,542.75,2,35674,1
781,1120442,368.0,489.0,1,35674,2
781,1120443,759.5,426.75,2,35675,0
781,1120444,589.0,424.0,1,35675,1
781,1120445,831.0,459.5,1,35675,2
781,1120446,589.0,424.0,1,35676,0
781,1120447,759.5,426.75,2,35676,1
781,1120448,759.5,426.75,2,35677,0
781,1120449,589.0,424.0,1,35677,1
781,1120450,831.0,459.5,1,35677,2
781,1120451,1164.75,542.75,2,35678,0
781,1120452,368.0,489.0,1,35678,1
781,1120453,685.5,477.0,1,35678,2
781,1120454,831.0,459.5,1,35679,0
781,1120455,1172.5,431.5,1,35679,1
781,1120456,1436.5,530.0,1,35679,2
781,1120457,1133.5,418.5,1,35679,3
781,1120458,759.5,426.75,2,35679,4
781,1120459,1643.5,505.0,1,35680,0
781,1120460,721.0,316.75,2,35681,0
781,1120461,838.75,360.0,2,35681,1
781,1120462,679.5,359.0,1,35681,2
781,1120463,838.75,360.0,2,35682,0
781,1120464,679.5,359.0,1,35682,1
781,1120465,715.5,320.5,1,35682,2
781,1120466,470.0,312.5,1,35683,0
781,1120467,461.0,357.0,1,35683,1
781,1120468,721.0,316.75,2,35684,0
781,1120469,679.5,359.0,1,35684,1
781,1120470,869.5,358.0,1,35684,2
781,1120471,461.0,357.0,1,35685,0
781,1120472,470.0,312.5,1,35685,1
781,1120473,1048.5,380.5,1,35686,0
781,1120474,1259.0,435.5,1,35687,0
781,1120475,1164.0,446.5,2,35687,1
781,1120476,1436.5,530.0,1,35688,0
781,1120477,1164.0,446.5,2,35688,1
781,1120478,831.0,459.5,1,35688,2
791,1120414,1164.75,542.75,2,35665,0
791,1120415,368.0,489.0,1,35665,1
791,1120416,685.5,477.0,1,35665,2
791,1120417,679.5,359.0,1,35666,0
791,1120418,838.75,360.0,2,35666,1
791,1120419,721.0,316.75,2,35666,2
791,1120420,368.0,489.0,1,35667,0
791,1120421,685.5,477.0,1,35667,1
791,1120422,1164.75,542.75,2,35667,2
791,1120423,1133.5,418.5,1,35668,0
791,1120424,1164.0,446.5,2,35668,1
791,1120425,831.0,459.5,1,35668,2
791,1120426,1649.5,350.5,1,35669,0
791,1120427,1164.0,446.5,2,35670,0
791,1120428,1259.0,435.5,1,35670,1
791,1120429,1436.5,530.0,1,35670,2
791,1120430,1133.5,418.5,1,35670,3
791,1120431,1164.0,446.5,2,35671,0
791,1120432,831.0,459.5,1,35671,1
791,1120433,1259.0,435.5,1,35671,2
791,1120434,1436.5,530.0,1,35671,3
791,1120435,1133.5,418.5,1,35671,4
791,1120436,1768.5,709.5,1,35672,0
791,1120437,838.75,360.0,2,35673,0
791,1120438,679.5,359.0,1,35673,1
791,1120439,721.0,316.75,2,35673,2
791,1120440,685.5,477.0,1,35674,0
791,1120441,1164.75,542.75,2,35674,1
791,1120442,368.0,489.0,1,35674,2
791,1120443,759.5,426.75,2,35675,0
791,1120444,589.0,424.0,1,35675,1
791,1120445,831.0,459.5,1,35675,2
791,1120446,589.0,424.0,1,35676,0
791,1120447,759.5,426.75,2,35676,1
791,1120448,759.5,426.75,2,35677,0
791,1120449,589.0,424.0,1,35677,1
791,1120450,831.0,459.5,1,35677,2
791,1120451,1164.75,542.75,2,35678,0
791,1120452,368.0,489.0,1,35678,1
791,1120453,685.5,477.0,1,35678,2
791,1120454,831.0,459.5,1,35679,0
791,1120455,1172.5,431.5,1,35679,1
791,1120456,1436.5,530.0,1,35679,2
791,1120457,1133.5,418.5,1,35679,3
791,1120458,759.5,426.75,2,35679,4
791,1120459,1643.5,505.0,1,35680,0
791,1120460,721.0,316.75,2,35681,0
791,1120461,838.75,360.0,2,35681,1
791,1120462,679.5,359.0,1,35681,2
791,1120463,838.75,360.0,2,35682,0
791,1120464,679.5,359.0,1,35682,1
791,1120465,715.5,320.5,1,35682,2
791,1120466,470.0,312.5,1,35683,0
791,1120467,461.0,357.0,1,35683,1
791,1120468,721.0,316.75,2,35684,0
791,1120469,679.5,359.0,1,35684,1
791,1120470,869.5,358.0,1,35684,2
791,1120471,461.0,357.0,1,35685,0
791,1120472,470.0,312.5,1,35685,1
791,1120473,1048.5,380.5,1,35686,0
791,1120474,1259.0,435.5,1,35687,0
791,1120475,1164.0,446.5,2,35687,1
791,1120476,1436.5,530.0,1,35688,0
791,1120477,1164.0,446.5,2,35688,1
791,1120478,831.0,459.5,1,35688,2
801,1120414,1164.75,542.75,2,35665,0
801,1120415,368.0,489.0,1,35665,1
801,1120416,685.5,477.0,1,35665,2
801,1120417,679.5,359.0,1,35666,0
801,1120418,838.75,360.0,2,35666,1
801,1120419,721.0,316.75,2,35666,2
801,1120420,368.0,489.0,1,35667,0
801,1120421,685.5,477.0,1,35667,1
801,1120422,1164.75,542.75,2,35667,2
801,1120423,1133.5,418.5,1,35668,0
801,1120424,1164.0,446.5,2,35668,1
801,1120425,831.0,459.5,1,35668,2
801,1120426,1649.5,350.5,1,35669,0
801,1120427,1164.0,446.5,2,35670,0
801,1120428,1259.0,435.5,1,35670,1
801,1120429,1436.5,530.0,1,35670,2
801,1120430,1133.5,418.5,1,35670,3
801,1120431,1164.0,446.5,2,35671,0
801,1120432,831.0,459.5,1,35671,1
801,1120433,1259.0,435.5,1,35671,2
801,1120434,1436.5,530.0,1,35671,3
801,1120435,1133.5,418.5,1,35671,4
801,1120436,1768.5,709.5,1,35672,0
801,1120437,838.75,360.0,2,35673,0
801,1120438,679.5,359.0,1,35673,1
801,1120439,721.0,316.75,2,35673,2
801,1120440,685.5,477.0,1,35674,0
801,1120441,1164.75,542.75,2,35674,1
801,1120442,368.0,489.0,1,35674,2
801,1120443,759.5,426.75,2,35675,0
801,1120444,589.0,424.0,1,35675,1
801,1120445,831.0,459.5,1,35675,2
801,1120446,589.0,424.0,1,35676,0
801,1120447,759.5,426.75,2,35676,1
801,1120448,759.5,426.75,2,35677,0
801,1120449,589.0,424.0,1,35677,1
801,1120450,831.0,459.5,1,35677,2
801,1120451,1164.75,542.75,2,35678,0
801,1120452,368.0,489.0,1,35678,1
801,1120453,685.5,477.0,1,35678,2
801,1120454,831.0,459.5,1,35679,0
801,1120455,1172.5,431.5,1,35679,1
801,1120456,1436.5,530.0,1,35679,2
801,1120457,1133.5,418.5,1,35679,3
801,1120458,759.5,426.75,2,35679,4
801,1120459,1643.5,505.0,1,35680,0
801,1120460,721.0,316.75,2,35681,0
801,1120461,838.75,360.0,2,35681,1
801,1120462,679.5,359.0,1,35681,2
801,1120463,838.75,360.0,2,35682,0
801,1120464,679.5,359.0,1,35682,1
801,1120465,715.5,320.5,1,35682,2
801,1120466,470.0,312.5,1,35683,0
801,1120467,461.0,357.0,1,35683,1
801,1120468,721.0,316.75,2,35684,0
801,1120469,679.5,359.0,1,35684,1
801,1120470,869.5,358.0,1,35684,2
801,1120471,461.0,357.0,1,35685,0
801,1120472,470.0,312.5,1,35685,1
801,1120473,1048.5,380.5,1,35686,0
801,1120474,1259.0,435.5,1,35687,0
801,1120475,1164.0,446.5,2,35687,1
801,1120476,1436.5,530.0,1,35688,0
801,1120477,1164.0,446.5,2,35688,1
801,1120478,831.0,459.5,1,35688,2
811,1120414,1164.75,542.75,2,35665,0
811,1120415,368.0,489.0,1,35665,1
811,1120416,685.5,477.0,1,35665,2
811,1120417,679.5,359.0,1,35666,0
811,1120418,838.75,360.0,2,35666,1
811,1120419,721.0,316.75,2,35666,2
811,1120420,368.0,489.0,1,35667,0
811,1120421,685.5,477.0,1,35667,1
811,1120422,1164.75,542.75,2,35667,2
811,1120423,1133.5,418.5,1,35668,0
811,1120424,1164.0,446.5,2,35668,1
811,1120425,831.0,459.5,1,35668,2
811,1120426,1649.5,350.5,1,35669,0
811,1120427,1164.0,446.5,2,35670,0
811,1120428,1259.0,435.5,1,35670,1
811,1120429,1436.5,530.0,1,35670,2
811,1120430,1133.5,418.5,1,35670,3
811,1120431,1164.0,446.5,2,35671,0
811,1120432,831.0,459.5,1,35671,1
811,1120433,1259.0,435.5,1,35671,2
811,1120434,1436.5,530.0,1,35671,3
811,1120435,1133.5,418.5,1,35671,4
811,1120436,1768.5,709.5,1,35672,0
811,1120437,838.75,360.0,2,35673,0
811,1120438,679.5,359.0,1,35673,1
811,1120439,721.0,316.75,2,35673,2
811,1120440,685.5,477.0,1,35674,0
811,1120441,1164.75,542.75,2,35674,1
811,1120442,368.0,489.0,1,35674,2
811,1120443,759.5,426.75,2,35675,0
811,1120444,589.0,424.0,1,35675,1
811,1120445,831.0,459.5,1,35675,2
811,1120446,589.0,424.0,1,35676,0
811,1120447,759.5,426.75,2,35676,1
811,1120448,759.5,426.75,2,35677,0
811,1120449,589.0,424.0,1,35677,1
811,1120450,831.0,459.5,1,35677,2
811,1120451,1164.75,542.75,2,35678,0
811,1120452,368.0,489.0,1,35678,1
811,1120453,685.5,477.0,1,35678,2
811,1120454,831.0,459.5,1,35679,0
811,1120455,1172.5,431.5,1,35679,1
811,1120456,1436.5,530.0,1,35679,2
811,1120457,1133.5,418.5,1,35679,3
811,1120458,759.5,426.75,2,35679,4
811,1120459,1643.5,505.0,1,35680,0
811,1120460,721.0,316.75,2,35681,0
811,1120461,838.75,360.0,2,35681,1
811,1120462,679.5,359.0,1,35681,2
811,1120463,838.75,360.0,2,35682,0
811,1120464,679.5,359.0,1,35682,1
811,1120465,715.5,320.5,1,35682,2
811,1120466,470.0,312.5,1,35683,0
811,1120467,461.0,357.0,1,35683,1
811,1120468,721.0,316.75,2,35684,0
811,1120469,679.5,359.0,1,35684,1
811,1120470,869.5,358.0,1,35684,2
811,1120471,461.0,357.0,1,35685,0
811,1120472,470.0,312.5,1,35685,1
811,1120473,1048.5,380.5,1,35686,0
811,1120474,1259.0,435.5,1,35687,0
811,1120475,1164.0,446.5,2,35687,1
811,1120476,1436.5,530.0,1,35688,0
811,1120477,1164.0,446.5,2,35688,1
811,1120478,831.0,459.5,1,35688,2
821,1120414,1164.75,542.75,2,35665,0
821,1120415,368.0,489.0,1,35665,1
821,1120416,685.5,477.0,1,35665,2
821,1120417,679.5,359.0,1,35666,0
821,1120418,838.75,360.0,2,35666,1
821,1120419,721.0,316.75,2,35666,2
821,1120420,368.0,489.0,1,35667,0
821,1120421,685.5,477.0,1,35667,1
821,1120422,1164.75,542.75,2,35667,2
821,1120423,1133.5,418.5,1,35668,0
821,1120424,1164.0,446.5,2,35668,1
821,1120425,831.0,459.5,1,35668,2
821,1120426,1649.5,350.5,1,35669,0
821,1120427,1164.0,446.5,2,35670,0
821,1120428,1259.0,435.5,1,35670,1
821,1120429,1436.5,530.0,1,35670,2
821,1120430,1133.5,418.5,1,35670,3
821,1120431,1164.0,446.5,2,35671,0
821,1120432,831.0,459.5,1,35671,1
821,1120433,1259.0,435.5,1,35671,2
821,1120434,1436.5,530.0,1,35671,3
821,1120435,1133.5,418.5,1,35671,4
821,1120436,1768.5,709.5,1,35672,0
821,1120437,838.75,360.0,2,35673,0
821,1120438,679.5,359.0,1,35673,1
821,1120439,721.0,316.75,2,35673,2
821,1120440,685.5,477.0,1,35674,0
821,1120441,1164.75,542.75,2,35674,1
821,1120442,368.0,489.0,1,35674,2
821,1120443,759.5,426.75,2,35675,0
821,1120444,589.0,424.0,1,35675,1
821,1120445,831.0,459.5,1,35675,2
821,1120446,589.0,424.0,1,35676,0
821,1120447,759.5,426.75,2,35676,1
821,1120448,759.5,426.75,2,35677,0
821,1120449,589.0,424.0,1,35677,1
821,1120450,831.0,459.5,1,35677,2
821,1120451,1164.75,542.75,2,35678,0
821,1120452,368.0,489.0,1,35678,1
821,1120453,685.5,477.0,1,35678,2
821,1120454,831.0,459.5,1,35679,0
821,1120455,1172.5,431.5,1,35679,1
821,1120456,1436.5,530.0,1,35679,2
821,1120457,1133.5,418.5,1,35679,3
821,1120458,759.5,426.75,2,35679,4
821,1120459,1643.5,505.0,1,35680,0
821,1120460,721.0,316.75,2,35681,0
821,1120461,838.75,360.0,2,35681,1
821,1120462,679.5,359.0,1,35681,2
821,1120463,838.75,360.0,2,35682,0
821,1120464,679.5,359.0,1,35682,1
821,1120465,715.5,320.5,1,35682,2
821,1120466,470.0,312.5,1,35683,0
821,1120467,461.0,357.0,1,35683,1
821,1120468,721.0,316.75,2,35684,0
821,1120469,679.5,359.0,1,35684,1
821,1120470,869.5,358.0,1,35684,2
821,1120471,461.0,357.0,1,35685,0
821,1120472,470.0,312.5,1,35685,1
821,1120473,1048.5,380.5,1,35686,0
821,1120474,1259.0,435.5,1,35687,0
821,1120475,1164.0,446.5,2,35687,1
821,1120476,1436.5,530.0,1,35688,0
821,1120477,1164.0,446.5,2,35688,1
821,1120478,831.0,459.5,1,35688,2
831,1120414,1135.75,541.25,2,35665,0
831,1120415,404.0,489.5,1,35665,1
831,1120416,720.0,475.0,1,35665,2
831,1120417,695.5,359.0,1,35666,0
831,1120418,858.0,360.0,2,35666,1
831,1120419,722.5,316.75,2,35666,2
831,1120420,404.0,489.5,1,35667,0
831,1120421,720.0,475.0,1,35667,1
831,1120422,1135.75,541.25,2,35667,2
831,1120423,1117.5,417.5,1,35668,0
831,1120424,1140.0,447.5,2,35668,1
831,1120425,846.5,459.0,1,35668,2
831,1120426,1649.5,350.5,1,35669,0
831,1120427,1140.0,447.5,2,35670,0
831,1120428,1256.0,434.5,1,35670,1
831,1120429,1433.5,526.0,1,35670,2
831,1120430,1117.5,417.5,1,35670,3
831,1120431,1140.0,447.5,2,35671,0
831,1120432,846.5,459.0,1,35671,1
831,1120433,1256.0,434.5,1,35671,2
831,1120434,1433.5,526.0,1,35671,3
831,1120435,1117.5,417.5,1,35671,4
831,1120436,1695.5,709.0,1,35672,0
831,1120437,858.0,360.0,2,35673,0
831,1120438,695.5,359.0,1,35673,1
831,1120439,722.5,316.75,2,35673,2
831,1120440,720.0,475.0,1,35674,0
831,1120441,1135.75,541.25,2,35674,1
831,1120442,404.0,489.5,1,35674,2
831,1120443,784.75,427.0,2,35675,0
831,1120444,602.5,426.5,1,35675,1
831,1120445,846.5,459.0,1,35675,2
831,1120446,602.5,426.5,1,35676,0
831,1120447,784.75,427.0,2,35676,1
831,1120448,784.75,427.0,2,35677,0
831,1120449,602.5,426.5,1,35677,1
831,1120450,846.5,459.0,1,35677,2
831,1120451,1135.75,541.25,2,35678,0
831,1120452,404.0,489.5,1,35678,1
831,1120453,720.0,475.0,1,35678,2
831,1120454,846.5,459.0,1,35679,0
831,1120455,1160.5,436.0,1,35679,1
831,1120456,1433.5,526.0,1,35679,2
831,1120457,1117.5,417.5,1,35679,3
831,1120458,784.75,427.0,2,35679,4
831,1120459,1599.5,501.5,1,35680,0
831,1120460,722.5,316.75,2,35681,0
831,1120461,858.0,360.0,2,35681,1
831,1120462,695.5,359.0,1,35681,2
831,1120463,858.0,360.0,2,35682,0
831,1120464,695.5,359.0,1,35682,1
831,1120465,715.5,320.5,1,35682,2
831,1120466,478.0,312.5,1,35683,0
831,1120467,460.5,357.0,1,35683,1
831,1120468,722.5,316.75,2,35684,0
831,1120469,695.5,359.0,1,35684,1
831,1120470,887.5,358.0,1,35684,2
831,1120471,460.5,357.0,1,35685,0
831,1120472,478.0,312.5,1,35685,1
831,1120473,1051.0,384.0,1,35686,0
831,1120474,1256.0,434.5,1,35687,0
831,1120475,1140.0,447.5,2,35687,1
831,1120476,1433.5,526.0,1,35688,0
831,1120477,1140.0,447.5,2,35688,1
831,1120478,846.5,459.0,1,35688,2
851,1120479,466.5,496.25,2,35689,0
851,1120480,934.5,525.0,1,35689,1
851,1120481,937.25,360.25,2,35690,0
851,1120482,974.0,490.0,1,35691,0
851,1120483,1477.75,526.25,2,35691,1
851,1120484,1165.5,451.0,1,35691,2
851,1120485,934.5,525.0,1,35691,3
851,1120486,776.0,418.5,1,35692,0
851,1120487,740.6666870117188,434.0,3,35692,1
851,1120488,1650.0,350.5,1,35693,0
851,1120489,1477.75,526.25,2,35694,0
851,1120490,732.1666870117188,441.8333435058594,3,35694,1
851,1120491,1271.5,425.5,1,35694,2
851,1120492,974.0,490.0,1,35694,3
851,1120493,1036.0,415.0,1,35694,4
851,1120494,1165.5,451.0,1,35695,0
851,1120495,732.3333129882812,450.5,3,35695,1
851,1120496,174.0,683.0,1,35695,2
851,1120497,974.0,490.0,1,35695,3
851,1120498,1036.0,415.0,1,35695,4
851,1120499,759.0,337.5,2,35696,0
851,1120500,733.0,315.0,1,35696,1
851,1120501,734.0,443.125,4,35697,0
851,1120502,1477.75,526.25,2,35697,1
851,1120503,1165.5,451.0,1,35697,2
851,1120504,1036.0,415.0,1,35697,3
851,1120505,734.0,443.125,4,35698,0
851,1120506,1271.5,425.5,1,35698,1
851,1120507,1036.0,415.0,1,35698,2
851,1120508,1235.0,363.0,1,35698,3
851,1120509,776.0,418.5,1,35698,4
851,1120510,1462.5,480.0,1,35698,5
851,1120511,734.0,443.125,4,35699,0
851,1120512,1493.0,572.5,1,35699,1
851,1120513,776.0,418.5,1,35699,2
851,1120514,1165.5,451.0,1,35699,3
851,1120515,1036.0,415.0,1,35699,4
851,1120516,734.0,443.125,4,35700,0
851,1120517,1271.5,425.5,1,35700,1
851,1120518,1477.75,526.25,2,35700,2
851,1120519,776.0,418.5,1,35700,3
851,1120520,1165.5,451.0,1,35700,4
851,1120521,1036.0,415.0,1,35700,5
851,1120522,1273.5,426.5,1,35700,6
851,1120523,466.5,496.25,2,35701,0
851,1120524,934.5,525.0,1,35701,1
851,1120525,1477.0,646.5,1,35701,2
851,1120526,1271.5,425.5,1,35702,0
851,1120527,741.25,427.5,2,35702,1
851,1120528,1254.25,394.75,2,35702,2
851,1120529,1462.5,480.0,1,35702,3
851,1120530,934.5,525.0,1,35703,0
851,1120531,466.5,496.25,2,35703,1
851,1120532,974.0,490.0,1,35703,2
851,1120533,174.0,683.0,1,35704,0
851,1120534,1485.0,609.5,2,35704,1
851,1120535,1165.5,451.0,1,35704,2
851,1120536,696.0,317.0,3,35705,0
851,1120537,733.0,315.0,1,35705,1
851,1120538,1477.75,526.25,2,35706,0
851,1120539,1036.0,415.0,1,35706,1
851,1120540,974.0,490.0,1,35706,2
851,1120541,732.3333129882812,450.5,3,35706,3
851,1120542,174.0,683.0,1,35706,4
851,1120543,937.25,360.25,2,35707,0
851,1120544,1235.0,363.0,1,35707,1
851,1120545,1477.0,646.5,1,35708,0
851,1120546,475.0,502.5,1,35708,1
851,1120547,174.0,683.0,1,35708,2
851,1120548,696.0,317.0,3,35709,0
851,1120549,733.0,315.0,1,35709,1
851,1120550,804.5,307.5,1,35710,0
851,1120551,460.0,356.5,1,35711,0
851,1120552,1036.0,415.0,1,35712,0
851,1120553,1477.75,526.25,2,35712,1
851,1120554,1165.5,451.0,1,35712,2
851,1120555,734.0,443.125,4,35712,3
851,1120556,1235.0,363.0,1,35713,0
851,1120557,739.0,421.0,1,35713,1
851,1120558,1271.5,425.5,1,35713,2
851,1120559,907.5,361.0,1,35713,3
851,1120560,714.875,327.25,4,35714,0
851,1120561,733.0,315.0,1,35714,1
851,1120562,1273.5,426.5,1,35715,0
851,1120563,743.5,434.0,1,35715,1
851,1120564,1271.5,425.5,1,35715,2
851,1120565,733.0,315.0,1,35716,0
851,1120566,714.875,327.25,4,35716,1
851,1120567,287.5,323.0,1,35717,0
861,1120479,466.5,496.25,2,35689,0
861,1120480,934.5,525.0,1,35689,1
861,1120481,937.25,360.25,2,35690,0
861,1120482,974.0,490.0,1,35691,0
861,1120483,1477.75,526.25,2,35691,1
861,1120484,1165.5,451.0,1,35691,2
861,1120485,934.5,525.0,1,35691,3
861,1120486,776.0,418.5,1,35692,0
861,1120487,740.6666870117188,434.0,3,35692,1
861,1120488,1650.0,350.5,1,35693,0
861,1120489,1477.75,526.25,2,35694,0
861,1120490,732.1666870117188,441.8333435058594,3,35694,1
861,1120491,1271.5,425.5,1,35694,2
861,1120492,974.0,490.0,1,35694,3
861,1120493,1036.0,415.0,1,35694,4
861,1120494,1165.5,451.0,1,35695,0
861,1120495,732.3333129882812,450.5,3,35695,1
861,1120496,174.0,683.0,1,35695,2
861,1120497,974.0,490.0,1,35695,3
861,1120498,1036.0,415.0,1,35695,4
861,1120499,759.0,337.5,2,35696,0
861,1120500,733.0,315.0,1,35696,1
861,1120501,734.0,443.125,4,35697,0
861,1120502,1477.75,526.25,2,35697,1
861,1120503,1165.5,451.0,1,35697,2
861,1120504,1036.0,415.0,1,35697,3
861,1120505,734.0,443.125,4,35698,0
861,1120506,1271.5,425.5,1,35698,1
861,1120507,1036.0,415.0,1,35698,2
861,1120508,1235.0,363.0,1,35698,3
861,1120509,776.0,418.5,1,35698,4
861,1120510,1462.5,480.0,1,35698,5
861,1120511,734.0,443.125,4,35699,0
861,1120512,1493.0,572.5,1,35699,1
861,1120513,776.0,418.5,1,35699,2
861,1120514,1165.5,451.0,1,35699,3
861,1120515,1036.0,415.0,1,35699,4
861,1120516,734.0,443.125,4,35700,0
861,1120517,1271.5,425.5,1,35700,1
861,1120518,1477.75,526.25,2,35700,2
861,1120519,776.0,418.5,1,35700,3
861,1120520,1165.5,451.0,1,35700,4
861,1120521,1036.0,415.0,1,35700,5
861,1120522,1273.5,426.5,1,35700,6
861,1120523,466.5,496.25,2,35701,0
861,1120524,934.5,525.0,1,35701,1
861,1120525,1477.0,646.5,1,35701,2
861,1120526,1271.5,425.5,1,35702,0
861,1120527,741.25,427.5,2,35702,1
861,1120528,1254.25,394.75,2,35702,2
861,1120529,1462.5,480.0,1,35702,3
861,1120530,934.5,525.0,1,35703,0
861,1120531,466.5,496.25,2,35703,1
861,1120532,974.0,490.0,1,35703,2
861,1120533,174.0,683.0,1,35704,0
861,1120534,1485.0,609.5,2,35704,1
861,1120535,1165.5,451.0,1,35704,2
861,1120536,696.0,317.0,3,35705,0
861,1120537,733.0,315.0,1,35705,1
861,1120538,1477.75,526.25,2,35706,0
861,1120539,1036.0,415.0,1,35706,1
861,1120540,974.0,490.0,1,35706,2
861,1120541,732.3333129882812,450.5,3,35706,3
861,1120542,174.0,683.0,1,35706,4
861,1120543,937.25,360.25,2,35707,0
861,1120544,1235.0,363.0,1,35707,1
861,1120545,1477.0,646.5,1,35708,0
861,1120546,475.0,502.5,1,35708,1
861,1120547,174.0,683.0,1,35708,2
861,1120548,696.0,317.0,3,35709,0
861,1120549,733.0,315.0,1,35709,1
861,1120550,804.5,307.5,1,35710,0
861,1120551,460.0,356.5,1,35711,0
861,1120552,1036.0,415.0,1,35712,0
861,1120553,1477.75,526.25,2,35712,1
861,1120554,1165.5,451.0,1,35712,2
861,1120555,734.0,443.125,4,35712,3
861,1120556,1235.0,363.0,1,35713,0
861,1120557,739.0,421.0,1,35713,1
861,1120558,1271.5,425.5,1,35713,2
861,1120559,907.5,361.0,1,35713,3
861,1120560,714.875,327.25,4,35714,0
861,1120561,733.0,315.0,1,35714,1
861,1120562,1273.5,426.5,1,35715,0
861,1120563,743.5,434.0,1,35715,1
861,1120564,1271.5,425.5,1,35715,2
861,1120565,733.0,315.0,1,35716,0
861,1120566,714.875,327.25,4,35716,1
861,1120567,287.5,323.0,1,35717,0
871,1120479,466.5,496.25,2,35689,0
871,1120480,934.5,525.0,1,35689,1
871,1120481,937.25,360.25,2,35690,0
871,1120482,974.0,490.0,1,35691,0
871,1120483,1477.75,526.25,2,35691,1
871,1120484,1165.5,451.0,1,35691,2
871,1120485,934.5,525.0,1,35691,3
871,1120486,776.0,418.5,1,35692,0
871,1120487,740.6666870117188,434.0,3,35692,1
871,1120488,1650.0,350.5,1,35693,0
871,1120489,1477.75,526.25,2,35694,0
871,1120490,732.1666870117188,441.8333435058594,3,35694,1
871,1120491,1271.5,425.5,1,35694,2
871,1120492,974.0,490.0,1,35694,3
871,1120493,1036.0,415.0,1,35694,4
871,1120494,1165.5,451.0,1,35695,0
871,1120495,732.3333129882812,450.5,3,35695,1
871,1120496,174.0,683.0,1,35695,2
871,1120497,974.0,490.0,1,35695,3
871,1120498,1036.0,415.0,1,35695,4
871,1120499,759.0,337.5,2,35696,0
871,1120500,733.0,315.0,1,35696,1
871,1120501,734.0,443.125,4,35697,0
871,1120502,1477.75,526.25,2,35697,1
871,1120503,1165.5,451.0,1,35697,2
871,1120504,1036.0,415.0,1,35697,3
871,1120505,734.0,443.125,4,35698,0
871,1120506,1271.5,425.5,1,35698,1
871,1120507,1036.0,415.0,1,35698,2
871,1120508,1235.0,363.0,1,35698,3
871,1120509,776.0,418.5,1,35698,4
871,1120510,1462.5,480.0,1,35698,5
871,1120511,734.0,443.125,4,35699,0
871,1120512,1493.0,572.5,1,35699,1
871,1120513,776.0,418.5,1,35699,2
871,1120514,1165.5,451.0,1,35699,3
871,1120515,1036.0,415.0,1,35699,4
871,1120516,734.0,443.125,4,35700,0
871,1120517,1271.5,425.5,1,35700,1
871,1120518,1477.75,526.25,2,35700,2
871,1120519,776.0,418.5,1,35700,3
871,1120520,1165.5,451.0,1,35700,4
871,1120521,1036.0,415.0,1,35700,5
871,1120522,1273.5,426.5,1,35700,6
871,1120523,466.5,496.25,2,35701,0
871,1120524,934.5,525.0,1,35701,1
871,1120525,1477.0,646.5,1,35701,2
871,1120526,1271.5,425.5,1,35702,0
871,1120527,741.25,427.5,2,35702,1
871,1120528,1254.25,394.75,2,35702,2
871,1120529,1462.5,480.0,1,35702,3
871,1120530,934.5,525.0,1,35703,0
871,1120531,466.5,496.25,2,35703,1
871,1120532,974.0,490.0,1,35703,2
871,1120533,174.0,683.0,1,35704,0
871,1120534,1485.0,609.5,2,35704,1
871,1120535,1165.5,451.0,1,35704,2
871,1120536,696.0,317.0,3,35705,0
871,1120537,733.0,315.0,1,35705,1
871,1120538,1477.75,526.25,2,35706,0
871,1120539,1036.0,415.0,1,35706,1
871,1120540,974.0,490.0,1,35706,2
871,1120541,732.3333129882812,450.5,3,35706,3
871,1120542,174.0,683.0,1,35706,4
871,1120543,937.25,360.25,2,35707,0
871,1120544,1235.0,363.0,1,35707,1
871,1120545,1477.0,646.5,1,35708,0
871,1120546,475.0,502.5,1,35708,1
871,1120547,174.0,683.0,1,35708,2
871,1120548,696.0,317.0,3,35709,0
871,1120549,733.0,315.0,1,35709,1
871,1120550,804.5,307.5,1,35710,0
871,1120551,460.0,356.5,1,35711,0
871,1120552,1036.0,415.0,1,35712,0
871,1120553,1477.75,526.25,2,35712,1
871,1120554,1165.5,451.0,1,35712,2
871,1120555,734.0,443.125,4,35712,3
871,1120556,1235.0,363.0,1,35713,0
871,1120557,739.0,421.0,1,35713,1
871,1120558,1271.5,425.5,1,35713,2
871,1120559,907.5,361.0,1,35713,3
871,1120560,714.875,327.25,4,35714,0
871,1120561,733.0,315.0,1,35714,1
871,1120562,1273.5,426.5,1,35715,0
871,1120563,743.5,434.0,1,35715,1
871,1120564,1271.5,425.5,1,35715,2
871,1120565,733.0,315.0,1,35716,0
871,1120566,714.875,327.25,4,35716,1
871,1120567,287.5,323.0,1,35717,0
881,1120479,466.5,496.25,2,35689,0
881,1120480,934.5,525.0,1,35689,1
881,1120481,937.25,360.25,2,35690,0
881,1120482,974.0,490.0,1,35691,0
881,1120483,1477.75,526.25,2,35691,1
881,1120484,1165.5,451.0,1,35691,2
881,1120485,934.5,525.0,1,35691,3
881,1120486,776.0,418.5,1,35692,0
881,1120487,740.6666870117188,434.0,3,35692,1
881,1120488,1650.0,350.5,1,35693,0
881,1120489,1477.75,526.25,2,35694,0
881,1120490,732.1666870117188,441.8333435058594,3,35694,1
881,1120491,1271.5,425.5,1,35694,2
881,1120492,974.0,490.0,1,35694,3
881,1120493,1036.0,415.0,1,35694,4
881,1120494,1165.5,451.0,1,35695,0
881,1120495,732.3333129882812,450.5,3,35695,1
881,1120496,174.0,683.0,1,35695,2
881,1120497,974.0,490.0,1,35695,3
881,1120498,1036.0,415.0,1,35695,4
881,1120499,759.0,337.5,2,35696,0
881,1120500,733.0,315.0,1,35696,1
881,1120501,734.0,443.125,4,35697,0
881,1120502,1477.75,526.25,2,35697,1
881,1120503,1165.5,451.0,1,35697,2
881,1120504,1036.0,415.0,1,35697,3
881,1120505,734.0,443.125,4,35698,0
881,1120506,1271.5,425.5,1,35698,1
881,1120507,1036.0,415.0,1,35698,2
881,1120508,1235.0,363.0,1,35698,3
881,1120509,776.0,418.5,1,35698,4
881,1120510,1462.5,480.0,1,35698,5
881,1120511,734.0,443.125,4,35699,0
881,1120512,1493.0,572.5,1,35699,1
881,1120513,776.0,418.5,1,35699,2
881,1120514,1165.5,451.0,1,35699,3
881,1120515,1036.0,415.0,1,35699,4
881,1120516,734.0,443.125,4,35700,0
881,1120517,1271.5,425.5,1,35700,1
881,1120518,1477.75,526.25,2,35700,2
881,1120519,776.0,418.5,1,35700,3
881,1120520,1165.5,451.0,1,35700,4
881,1120521,1036.0,415.0,1,35700,5
881,1120522,1273.5,426.5,1,35700,6
881,1120523,466.5,496.25,2,35701,0
881,1120524,934.5,525.0,1,35701,1
881,1120525,1477.0,646.5,1,35701,2
881,1120526,1271.5,425.5,1,35702,0
881,1120527,741.25,427.5,2,35702,1
881,1120528,1254.25,394.75,2,35702,2
881,1120529,1462.5,480.0,1,35702,3
881,1120530,934.5,525.0,1,35703,0
881,1120531,466.5,496.25,2,35703,1
881,1120532,974.0,490.0,1,35703,2
881,1120533,174.0,683.0,1,35704,0
881,1120534,1485.0,609.5,2,35704,1
881,1120535,1165.5,451.0,1,35704,2
881,1120536,696.0,317.0,3,35705,0
881,1120537,733.0,315.0,1,35705,1
881,1120538,1477.75,526.25,2,35706,0
881,1120539,1036.0,415.0,1,35706,1
881,1120540,974.0,490.0,1,35706,2
881,1120541,732.3333129882812,450.5,3,35706,3
881,1120542,174.0,683.0,1,35706,4
881,1120543,937.25,360.25,2,35707,0
881,1120544,1235.0,363.0,1,35707,1
881,1120545,1477.0,646.5,1,35708,0
881,1120546,475.0,502.5,1,35708,1
881,1120547,174.0,683.0,1,35708,2
881,1120548,696.0,317.0,3,35709,0
881,1120549,733.0,315.0,1,35709,1
881,1120550,804.5,307.5,1,35710,0
881,1120551,460.0,356.5,1,35711,0
881,1120552,1036.0,415.0,1,35712,0
881,1120553,1477.75,526.25,2,35712,1
881,1120554,1165.5,451.0,1,35712,2
881,1120555,734.0,443.125,4,35712,3
881,1120556,1235.0,363.0,1,35713,0
881,1120557,739.0,421.0,1,35713,1
881,1120558,1271.5,425.5,1,35713,2
881,1120559,907.5,361.0,1,35713,3
881,1120560,714.875,327.25,4,35714,0
881,1120561,733.0,315.0,1,35714,1
881,1120562,1273.5,426.5,1,35715,0
881,1120563,743.5,434.0,1,35715,1
881,1120564,1271.5,425.5,1,35715,2
881,1120565,733.0,315.0,1,35716,0
881,1120566,714.875,327.25,4,35716,1
881,1120567,287.5,323.0,1,35717,0
891,1120479,466.5,496.25,2,35689,0
891,1120480,934.5,525.0,1,35689,1
891,1120481,937.25,360.25,2,35690,0
891,1120482,974.0,490.0,1,35691,0
891,1120483,1477.75,526.25,2,35691,1
891,1120484,1165.5,451.0,1,35691,2
891,1120485,934.5,525.0,1,35691,3
891,1120486,776.0,418.5,1,35692,0
891,1120487,740.6666870117188,434.0,3,35692,1
891,1120488,1650.0,350.5,1,35693,0
891,1120489,1477.75,526.25,2,35694,0
891,1120490,732.1666870117188,441.8333435058594,3,35694,1
891,1120491,1271.5,425.5,1,35694,2
891,1120492,974.0,490.0,1,35694,3
891,1120493,1036.0,415.0,1,35694,4
891,1120494,1165.5,451.0,1,35695,0
891,1120495,732.3333129882812,450.5,3,35695,1
891,1120496,174.0,683.0,1,35695,2
891,1120497,974.0,490.0,1,35695,3
891,1120498,1036.0,415.0,1,35695,4
891,1120499,759.0,337.5,2,35696,0
891,1120500,733.0,315.0,1,35696,1
891,1120501,734.0,443.125,4,35697,0
891,1120502,1477.75,526.25,2,35697,1
891,1120503,1165.5,451.0,1,35697,2
891,1120504,1036.0,415.0,1,35697,3
891,1120505,734.0,443.125,4,35698,0
891,1120506,1271.5,425.5,1,35698,1
891,1120507,1036.0,415.0,1,35698,2
891,1120508,1235.0,363.0,1,35698,3
891,1120509,776.0,418.5,1,35698,4
891,1120510,1462.5,480.0,1,35698,5
891,1120511,734.0,443.125,4,35699,0
891,1120512,1493.0,572.5,1,35699,1
891,1120513,776.0,418.5,1,35699,2
891,1120514,1165.5,451.0,1,35699,3
891,1120515,1036.0,415.0,1,35699,4
891,1120516,734.0,443.125,4,35700,0
891,1120517,1271.5,425.5,1,35700,1
891,1120518,1477.75,526.25,2,35700,2
891,1120519,776.0,418.5,1,35700,3
891,1120520,1165.5,451.0,1,35700,4
891,1120521,1036.0,415.0,1,35700,5
891,1120522,1273.5,426.5,1,35700,6
891,1120523,466.5,496.25,2,35701,0
891,1120524,934.5,525.0,1,35701,1
891,1120525,1477.0,646.5,1,35701,2
891,1120526,1271.5,425.5,1,35702,0
891,1120527,741.25,427.5,2,35702,1
891,1120528,1254.25,394.75,2,35702,2
891,1120529,1462.5,480.0,1,35702,3
891,1120530,934.5,525.0,1,35703,0
891,1120531,466.5,496.25,2,35703,1
891,1120532,974.0,490.0,1,35703,2
891,1120533,174.0,683.0,1,35704,0
891,1120534,1485.0,609.5,2,35704,1
891,1120535,1165.5,451.0,1,35704,2
891,1120536,696.0,317.0,3,35705,0
891,1120537,733.0,315.0,1,35705,1
891,1120538,1477.75,526.25,2,35706,0
891,1120539,1036.0,415.0,1,35706,1
891,1120540,974.0,490.0,1,35706,2
891,1120541,732.3333129882812,450.5,3,35706,3
891,1120542,174.0,683.0,1,35706,4
891,1120543,937.25,360.25,2,35707,0
891,1120544,1235.0,363.0,1,35707,1
891,1120545,1477.0,646.5,1,35708,0
891,1120546,475.0,502.5,1,35708,1
891,1120547,174.0,683.0,1,35708,2
891,1120548,696.0,317.0,3,35709,0
891,1120549,733.0,315.0,1,35709,1
891,1120550,804.5,307.5,1,35710,0
891,1120551,460.0,356.5,1,35711,0
891,1120552,1036.0,415.0,1,35712,0
891,1120553,1477.75,526.25,2,35712,1
891,1120554,1165.5,451.0,1,35712,2
891,1120555,734.0,443.125,4,35712,3
891,1120556,1235.0,363.0,1,35713,0
891,1120557,739.0,421.0,1,35713,1
891,1120558,1271.5,425.5,1,35713,2
891,1120559,907.5,361.0,1,35713,3
891,1120560,714.875,327.25,4,35714,0
891,1120561,733.0,315.0,1,35714,1
891,1120562,1273.5,426.5,1,35715,0
891,1120563,743.5,434.0,1,35715,1
891,1120564,1271.5,425.5,1,35715,2
891,1120565,733.0,315.0,1,35716,0
891,1120566,714.875,327.25,4,35716,1
891,1120567,287.5,323.0,1,35717,0
901,1120479,466.5,496.25,2,35689,0
901,1120480,934.5,525.0,1,35689,1
901,1120481,937.25,360.25,2,35690,0
901,1120482,974.0,490.0,1,35691,0
901,1120483,1477.75,526.25,2,35691,1
901,1120484,1165.5,451.0,1,35691,2
901,1120485,934.5,525.0,1,35691,3
901,1120486,776.0,418.5,1,35692,0
901,1120487,740.6666870117188,434.0,3,35692,1
901,1120488,1650.0,350.5,1,35693,0
901,1120489,1477.75,526.25,2,35694,0
901,1120490,732.1666870117188,441.8333435058594,3,35694,1
901,1120491,1271.5,425.5,1,35694,2
901,1120492,974.0,490.0,1,35694,3
901,1120493,1036.0,415.0,1,35694,4
901,1120494,1165.5,451.0,1,35695,0
901,1120495,732.3333129882812,450.5,3,35695,1
901,1120496,174.0,683.0,1,35695,2
901,1120497,974.0,490.0,1,35695,3
901,1120498,1036.0,415.0,1,35695,4
901,1120499,759.0,337.5,2,35696,0
901,1120500,733.0,315.0,1,35696,1
901,1120501,734.0,443.125,4,35697,0
901,1120502,1477.75,526.25,2,35697,1
901,1120503,1165.5,451.0,1,35697,2
901,1120504,1036.0,415.0,1,35697,3
901,1120505,734.0,443.125,4,35698,0
901,1120506,1271.5,425.5,1,35698,1
901,1120507,1036.0,415.0,1,35698,2
901,1120508,1235.0,363.0,1,35698,3
901,1120509,776.0,418.5,1,35698,4
901,1120510,1462.5,480.0,1,35698,5
901,1120511,734.0,443.125,4,35699,0
901,1120512,1493.0,572.5,1,35699,1
901,1120513,776.0,418.5,1,35699,2
901,1120514,1165.5,451.0,1,35699,3
901,1120515,1036.0,415.0,1,35699,4
901,1120516,734.0,443.125,4,35700,0
901,1120517,1271.5,425.5,1,35700,1
901,1120518,1477.75,526.25,2,35700,2
901,1120519,776.0,418.5,1,35700,3
901,1120520,1165.5,451.0,1,35700,4
901,1120521,1036.0,415.0,1,35700,5
901,1120522,1273.5,426.5,1,35700,6
901,1120523,466.5,496.25,2,35701,0
901,1120524,934.5,525.0,1,35701,1
901,1120525,1477.0,646.5,1,35701,2
901,1120526,1271.5,425.5,1,35702,0
901,1120527,741.25,427.5,2,35702,1
901,1120528,1254.25,394.75,2,35702,2
901,1120529,1462.5,480.0,1,35702,3
901,1120530,934.5,525.0,1,35703,0
901,1120531,466.5,496.25,2,35703,1
901,1120532,974.0,490.0,1,35703,2
901,1120533,174.0,683.0,1,35704,0
901,1120534,1485.0,609.5,2,35704,1
901,1120535,1165.5,451.0,1,35704,2
901,1120536,696.0,317.0,3,35705,0
901,1120537,733.0,315.0,1,35705,1
901,1120538,1477.75,526.25,2,35706,0
901,1120539,1036.0,415.0,1,35706,1
901,1120540,974.0,490.0,1,35706,2
901,1120541,732.3333129882812,450.5,3,35706,3
901,1120542,174.0,683.0,1,35706,4
901,1120543,937.25,360.25,2,35707,0
901,1120544,1235.0,363.0,1,35707,1
901,1120545,1477.0,646.5,1,35708,0
901,1120546,475.0,502.5,1,35708,1
901,1120547,174.0,683.0,1,35708,2
901,1120548,696.0,317.0,3,35709,0
901,1120549,733.0,315.0,1,35709,1
901,1120550,804.5,307.5,1,35710,0
901,1120551,460.0,356.5,1,35711,0
901,1120552,1036.0,415.0,1,35712,0
901,1120553,1477.75,526.25,2,35712,1
901,1120554,1165.5,451.0,1,35712,2
901,1120555,734.0,443.125,4,35712,3
901,1120556,1235.0,363.0,1,35713,0
901,1120557,739.0,421.0,1,35713,1
901,1120558,1271.5,425.5,1,35713,2
901,1120559,907.5,361.0,1,35713,3
901,1120560,714.875,327.25,4,35714,0
901,1120561,733.0,315.0,1,35714,1
901,1120562,1273.5,426.5,1,35715,0
901,1120563,743.5,434.0,1,35715,1
901,1120564,1271.5,425.5,1,35715,2
901,1120565,733.0,315.0,1,35716,0
901,1120566,714.875,327.25,4,35716,1
901,1120567,287.5,323.0,1,35717,0
911,1120479,466.5,496.25,2,35689,0
911,1120480,934.5,525.0,1,35689,1
911,1120481,937.25,360.25,2,35690,0
911,1120482,974.0,490.0,1,35691,0
911,1120483,1477.75,526.25,2,35691,1
911,1120484,1165.5,451.0,1,35691,2
911,1120485,934.5,525.0,1,35691,3
911,1120486,776.0,418.5,1,35692,0
911,1120487,740.6666870117188,434.0,3,35692,1
911,1120488,1650.0,350.5,1,35693,0
911,1120489,1477.75,526.25,2,35694,0
911,1120490,732.1666870117188,441.8333435058594,3,35694,1
911,1120491,1271.5,425.5,1,35694,2
911,1120492,974.0,490.0,1,35694,3
911,1120493,1036.0,415.0,1,35694,4
911,1120494,1165.5,451.0,1,35695,0
911,1120495,732.3333129882812,450.5,3,35695,1
911,1120496,174.0,683.0,1,35695,2
911,1120497,974.0,490.0,1,35695,3
911,1120498,1036.0,415.0,1,35695,4
911,1120499,759.0,337.5,2,35696,0
911,1120500,733.0,315.0,1,35696,1
911,1120501,734.0,443.125,4,35697,0
911,1120502,1477.75,526.25,2,35697,1
911,1120503,1165.5,451.0,1,35697,2
911,1120504,1036.0,415.0,1,35697,3
911,1120505,734.0,443.125,4,35698,0
911,1120506,1271.5,425.5,1,35698,1
911,1120507,1036.0,415.0,1,35698,2
911,1120508,1235.0,363.0,1,35698,3
911,1120509,776.0,418.5,1,35698,4
911,1120510,1462.5,480.0,1,35698,5
911,1120511,734.0,443.125,4,35699,0
911,1120512,1493.0,572.5,1,35699,1
911,1120513,776.0,418.5,1,35699,2
911,1120514,1165.5,451.0,1,35699,3
911,1120515,1036.0,415.0,1,35699,4
911,1120516,734.0,443.125,4,35700,0
911,1120517,1271.5,425.5,1,35700,1
911,1120518,1477.75,526.25,2,35700,2
911,1120519,776.0,418.5,1,35700,3
911,1120520,1165.5,451.0,1,35700,4
911,1120521,1036.0,415.0,1,35700,5
911,1120522,1273.5,426.5,1,35700,6
911,1120523,466.5,496.25,2,35701,0
911,1120524,934.5,525.0,1,35701,1
911,1120525,1477.0,646.5,1,35701,2
911,1120526,1271.5,425.5,1,35702,0
911,1120527,741.25,427.5,2,35702,1
911,1120528,1254.25,394.75,2,35702,2
911,1120529,1462.5,480.0,1,35702,3
911,1120530,934.5,525.0,1,35703,0
911,1120531,466.5,496.25,2,35703,1
911,1120532,974.0,490.0,1,35703,2
911,1120533,174.0,683.0,1,35704,0
911,1120534,1485.0,609.5,2,35704,1
911,1120535,1165.5,451.0,1,35704,2
911,1120536,696.0,317.0,3,35705,0
911,1120537,733.0,315.0,1,35705,1
911,1120538,1477.75,526.25,2,35706,0
911,1120539,1036.0,415.0,1,35706,1
911,1120540,974.0,490.0,1,35706,2
911,1120541,732.3333129882812,450.5,3,35706,3
911,1120542,174.0,683.0,1,35706,4
911,1120543,937.25,360.25,2,35707,0
911,1120544,1235.0,363.0,1,35707,1
911,1120545,1477.0,646.5,1,35708,0
911,1120546,475.0,502.5,1,35708,1
911,1120547,174.0,683.0,1,35708,2
911,1120548,696.0,317.0,3,35709,0
911,1120549,733.0,315.0,1,35709,1
911,1120550,804.5,307.5,1,35710,0
911,1120551,460.0,356.5,1,35711,0
911,1120552,1036.0,415.0,1,35712,0
911,1120553,1477.75,526.25,2,35712,1
911,1120554,1165.5,451.0,1,35712,2
911,1120555,734.0,443.125,4,35712,3
911,1120556,1235.0,363.0,1,35713,0
911,1120557,739.0,421.0,1,35713,1
911,1120558,1271.5,425.5,1,35713,2
911,1120559,907.5,361.0,1,35713,3
911,1120560,714.875,327.25,4,35714,0
911,1120561,733.0,315.0,1,35714,1
911,1120562,1273.5,426.5,1,35715,0
911,1120563,743.5,434.0,1,35715,1
911,1120564,1271.5,425.5,1,35715,2
911,1120565,733.0,315.0,1,35716,0
911,1120566,714.875,327.25,4,35716,1
911,1120567,287.5,323.0,1,35717,0
921,1120479,466.5,496.25,2,35689,0
921,1120480,934.5,525.0,1,35689,1
921,1120481,937.25,360.25,2,35690,0
921,1120482,974.0,490.0,1,35691,0
921,1120483,1477.75,526.25,2,35691,1
921,1120484,1165.5,451.0,1,35691,2
921,1120485,934.5,525.0,1,35691,3
921,1120486,776.0,418.5,1,35692,0
921,1120487,740.6666870117188,434.0,3,35692,1
921,1120488,1650.0,350.5,1,35693,0
921,1120489,1477.75,526.25,2,35694,0
921,1120490,732.1666870117188,441.8333435058594,3,35694,1
921,1120491,1271.5,425.5,1,35694,2
921,1120492,974.0,490.0,1,35694,3
921,1120493,1036.0,415.0,1,35694,4
921,1120494,1165.5,451.0,1,35695,0
921,1120495,732.3333129882812,450.5,3,35695,1
921,1120496,174.0,683.0,1,35695,2
921,1120497,974.0,490.0,1,35695,3
921,1120498,1036.0,415.0,1,35695,4
921,1120499,759.0,337.5,2,35696,0
921,1120500,733.0,315.0,1,35696,1
921,1120501,734.0,443.125,4,35697,0
921,1120502,1477.75,526.25,2,35697,1
921,1120503,1165.5,451.0,1,35697,2
921,1120504,1036.0,415.0,1,35697,3
921,1120505,734.0,443.125,4,35698,0
921,1120506,1271.5,425.5,1,35698,1
921,1120507,1036.0,415.0,1,35698,2
921,1120508,1235.0,363.0,1,35698,3
921,1120509,776.0,418.5,1,35698,4
921,1120510,1462.5,480.0,1,35698,5
921,1120511,734.0,443.125,4,35699,0
921,1120512,1493.0,572.5,1,35699,1
921,1120513,776.0,418.5,1,35699,2
921,1120514,1165.5,451.0,1,35699,3
921,1120515,1036.0,415.0,1,35699,4
921,1120516,734.0,443.125,4,35700,0
921,1120517,1271.5,425.5,1,35700,1
921,1120518,1477.75,526.25,2,35700,2
921,1120519,776.0,418.5,1,35700,3
921,1120520,1165.5,451.0,1,35700,4
921,1120521,1036.0,415.0,1,35700,5
921,1120522,1273.5,426.5,1,35700,6
921,1120523,466.5,496.25,2,35701,0
921,1120524,934.5,525.0,1,35701,1
921,1120525,1477.0,646.5,1,35701,2
921,1120526,1271.5,425.5,1,35702,0
921,1120527,741.25,427.5,2,35702,1
921,1120528,1254.25,394.75,2,35702,2
921,1120529,1462.5,480.0,1,35702,3
921,1120530,934.5,525.0,1,35703,0
921,1120531,466.5,496.25,2,35703,1
921,1120532,974.0,490.0,1,35703,2
921,1120533,174.0,683.0,1,35704,0
921,1120534,1485.0,609.5,2,35704,1
921,1120535,1165.5,451.0,1,35704,2
921,1120536,696.0,317.0,3,35705,0
921,1120537,733.0,315.0,1,35705,1
921,1120538,1477.75,526.25,2,35706,0
921,1120539,1036.0,415.0,1,35706,1
921,1120540,974.0,490.0,1,35706,2
921,1120541,732.3333129882812,450.5,3,35706,3
921,1120542,174.0,683.0,1,35706,4
921,1120543,937.25,360.25,2,35707,0
921,1120544,1235.0,363.0,1,35707,1
921,1120545,1477.0,646.5,1,35708,0
921,1120546,475.0,502.5,1,35708,1
921,1120547,174.0,683.0,1,35708,2
921,1120548,696.0,317.0,3,35709,0
921,1120549,733.0,315.0,1,35709,1
921,1120550,804.5,307.5,1,35710,0
921,1120551,460.0,356.5,1,35711,0
921,1120552,1036.0,415.0,1,35712,0
921,1120553,1477.75,526.25,2,35712,1
921,1120554,1165.5,451.0,1,35712,2
921,1120555,734.0,443.125,4,35712,3
921,1120556,1235.0,363.0,1,35713,0
921,1120557,739.0,421.0,1,35713,1
921,1120558,1271.5,425.5,1,35713,2
921,1120559,907.5,361.0,1,35713,3
921,1120560,714.875,327.25,4,35714,0
921,1120561,733.0,315.0,1,35714,1
921,1120562,1273.5,426.5,1,35715,0
921,1120563,743.5,434.0,1,35715,1
921,1120564,1271.5,425.5,1,35715,2
921,1120565,733.0,315.0,1,35716,0
921,1120566,714.875,327.25,4,35716,1
921,1120567,287.5,323.0,1,35717,0
931,1120479,466.5,496.25,2,35689,0
931,1120480,934.5,525.0,1,35689,1
931,1120481,937.25,360.25,2,35690,0
931,1120482,974.0,490.0,1,35691,0
931,1120483,1477.75,526.25,2,35691,1
931,1120484,1165.5,451.0,1,35691,2
931,1120485,934.5,525.0,1,35691,3
931,1120486,776.0,418.5,1,35692,0
931,1120487,740.6666870117188,434.0,3,35692,1
931,1120488,1650.0,350.5,1,35693,0
931,1120489,1477.75,526.25,2,35694,0
931,1120490,732.1666870117188,441.8333435058594,3,35694,1
931,1120491,1271.5,425.5,1,35694,2
931,1120492,974.0,490.0,1,35694,3
931,1120493,1036.0,415.0,1,35694,4
931,1120494,1165.5,451.0,1,35695,0
931,1120495,732.3333129882812,450.5,3,35695,1
931,1120496,174.0,683.0,1,35695,2
931,1120497,974.0,490.0,1,35695,3
931,1120498,1036.0,415.0,1,35695,4
931,1120499,759.0,337.5,2,35696,0
931,1120500,733.0,315.0,1,35696,1
931,1120501,734.0,443.125,4,35697,0
931,1120502,1477.75,526.25,2,35697,1
931,1120503,1165.5,451.0,1,35697,2
931,1120504,1036.0,415.0,1,35697,3
931,1120505,734.0,443.125,4,35698,0
931,1120506,1271.5,425.5,1,35698,1
931,1120507,1036.0,415.0,1,35698,2
931,1120508,1235.0,363.0,1,35698,3
931,1120509,776.0,418.5,1,35698,4
931,1120510,1462.5,480.0,1,35698,5
931,1120511,734.0,443.125,4,35699,0
931,1120512,1493.0,572.5,1,35699,1
931,1120513,776.0,418.5,1,35699,2
931,1120514,1165.5,451.0,1,35699,3
931,1120515,1036.0,415.0,1,35699,4
931,1120516,734.0,443.125,4,35700,0
931,1120517,1271.5,425.5,1,35700,1
931,1120518,1477.75,526.25,2,35700,2
931,1120519,776.0,418.5,1,35700,3
931,1120520,1165.5,451.0,1,35700,4
931,1120521,1036.0,415.0,1,35700,5
931,1120522,1273.5,426.5,1,35700,6
931,1120523,466.5,496.25,2,35701,0
931,1120524,934.5,525.0,1,35701,1
931,1120525,1477.0,646.5,1,35701,2
931,1120526,1271.5,425.5,1,35702,0
931,1120527,741.25,427.5,2,35702,1
931,1120528,1254.25,394.75,2,35702,2
931,1120529,1462.5,480.0,1,35702,3
931,1120530,934.5,525.0,1,35703,0
931,1120531,466.5,496.25,2,35703,1
931,1120532,974.0,490.0,1,35703,2
931,1120533,174.0,683.0,1,35704,0
931,1120534,1485.0,609.5,2,35704,1
931,1120535,1165.5,451.0,1,35704,2
931,1120536,696.0,317.0,3,35705,0
931,1120537,733.0,315.0,1,35705,1
931,1120538,1477.75,526.25,2,35706,0
931,1120539,1036.0,415.0,1,35706,1
931,1120540,974.0,490.0,1,35706,2
931,1120541,732.3333129882812,450.5,3,35706,3
931,1120542,174.0,683.0,1,35706,4
931,1120543,937.25,360.25,2,35707,0
931,1120544,1235.0,363.0,1,35707,1
931,1120545,1477.0,646.5,1,35708,0
931,1120546,475.0,502.5,1,35708,1
931,1120547,174.0,683.0,1,35708,2
931,1120548,696.0,317.0,3,35709,0
931,1120549,733.0,315.0,1,35709,1
931,1120550,804.5,307.5,1,35710,0
931,1120551,460.0,356.5,1,35711,0
931,1120552,1036.0,415.0,1,35712,0
931,1120553,1477.75,526.25,2,35712,1
931,1120554,1165.5,451.0,1,35712,2
931,1120555,734.0,443.125,4,35712,3
931,1120556,1235.0,363.0,1,35713,0
931,1120557,739.0,421.0,1,35713,1
931,1120558,1271.5,425.5,1,35713,2
931,1120559,907.5,361.0,1,35713,3
931,1120560,714.875,327.25,4,35714,0
931,1120561,733.0,315.0,1,35714,1
931,1120562,1273.5,426.5,1,35715,0
931,1120563,743.5,434.0,1,35715,1
931,1120564,1271.5,425.5,1,35715,2
931,1120565,733.0,315.0,1,35716,0
931,1120566,714.875,327.25,4,35716,1
931,1120567,287.5,323.0,1,35717,0
941,1120479,489.25,495.5,2,35689,0
941,1120480,899.0,524.0,1,35689,1
941,1120481,955.25,360.5,2,35690,0
941,1120482,1015.5,489.5,1,35691,0
941,1120483,1447.0,521.75,2,35691,1
941,1120484,1150.0,456.0,1,35691,2
941,1120485,899.0,524.0,1,35691,3
941,1120486,761.5,418.5,1,35692,0
941,1120487,765.9166870117188,436.0,2,35692,1
941,1120488,1649.5,350.5,1,35693,0
941,1120489,1447.0,521.75,2,35694,0
941,1120490,759.9166870117188,443.0833435058594,2,35694,1
941,1120491,1274.5,424.5,1,35694,2
941,1120492,1015.5,489.5,1,35694,3
941,1120493,1047.0,417.0,2,35694,4
941,1120494,1150.0,456.0,1,35695,0
941,1120495,757.8333129882812,452.5,2,35695,1
941,1120496,215.0,675.5,1,35695,2
941,1120497,1009.0,491.0,2,35695,3
941,1120498,1031.5,419.0,1,35695,4
941,1120499,768.25,338.0,2,35696,0
941,1120500,733.0,315.0,1,35696,1
941,1120501,759.8333129882812,444.4583435058594,3,35697,0
941,1120502,1447.0,521.75,2,35697,1
941,1120503,1150.0,456.0,1,35697,2
941,1120504,1048.0,418.25,2,35697,3
941,1120505,759.8333129882812,444.4583435058594,3,35698,0
941,1120506,1274.5,424.5,1,35698,1
941,1120507,1048.0,418.25,2,35698,2
941,1120508,1236.0,366.0,1,35698,3
941,1120509,761.5,418.5,1,35698,4
941,1120510,1435.0,477.5,1,35698,5
941,1120511,759.8333129882812,444.4583435058594,3,35699,0
941,1120512,1459.0,566.0,1,35699,1
941,1120513,761.5,418.5,1,35699,2
941,1120514,1150.0,456.0,1,35699,3
941,1120515,1048.0,418.25,2,35699,4
941,1120516,759.8333129882812,444.4583435058594,3,35700,0
941,1120517,1274.5,424.5,1,35700,1
941,1120518,1447.0,521.75,2,35700,2
941,1120519,761.5,418.5,1,35700,3
941,1120520,1150.0,456.0,1,35700,4
941,1120521,1048.0,418.25,2,35700,5
941,1120522,1275.5,424.5,1,35700,6
941,1120523,489.25,495.5,2,35701,0
941,1120524,899.0,524.0,1,35701,1
941,1120525,1430.0,642.5,1,35701,2
941,1120526,1274.5,424.5,1,35702,0
941,1120527,768.75,428.75,2,35702,1
941,1120528,1255.75,395.25,2,35702,2
941,1120529,1435.0,477.5,1,35702,3
941,1120530,899.0,524.0,1,35703,0
941,1120531,489.25,495.5,2,35703,1
941,1120532,1015.5,489.5,1,35703,2
941,1120533,215.0,675.5,1,35704,0
941,1120534,1444.5,604.25,2,35704,1
941,1120535,1150.0,456.0,1,35704,2
941,1120536,699.5,317.0,2,35705,0
941,1120537,733.0,315.0,2,35705,1
941,1120538,1447.0,521.75,2,35706,0
941,1120539,1031.5,419.0,1,35706,1
941,1120540,1009.0,491.0,2,35706,2
941,1120541,757.8333129882812,452.5,2,35706,3
941,1120542,215.0,675.5,1,35706,4
941,1120543,955.25,360.5,2,35707,0
941,1120544,1236.0,366.0,1,35707,1
941,1120545,1430.0,642.5,1,35708,0
941,1120546,489.0,501.5,1,35708,1
941,1120547,215.0,675.5,1,35708,2
941,1120548,699.5,317.0,2,35709,0
941,1120549,733.0,315.0,2,35709,1
941,1120550,808.5,307.5,1,35710,0
941,1120551,460.5,357.0,1,35711,0
941,1120552,1048.0,418.25,2,35712,0
941,1120553,1447.0,521.75,2,35712,1
941,1120554,1150.0,456.0,1,35712,2
941,1120555,759.8333129882812,444.4583435058594,3,35712,3
941,1120556,1236.0,366.0,1,35713,0
941,1120557,765.5,421.0,1,35713,1
941,1120558,1274.5,424.5,1,35713,2
941,1120559,927.5,361.5,1,35713,3
941,1120560,723.375,327.4166564941406,3,35714,0
941,1120561,733.0,315.0,2,35714,1
941,1120562,1275.5,424.5,1,35715,0
941,1120563,772.0,436.5,1,35715,1
941,1120564,1274.5,424.5,1,35715,2
941,1120565,733.0,315.0,2,35716,0
941,1120566,723.375,327.4166564941406,3,35716,1
941,1120567,281.0,323.5,1,35717,0
951,1120479,489.25,495.5,2,35689,0
951,1120480,899.0,524.0,1,35689,1
951,1120481,955.25,360.5,2,35690,0
951,1120482,1015.5,489.5,1,35691,0
951,1120483,1447.0,521.75,2,35691,1
951,1120484,1150.0,456.0,1,35691,2
951,1120485,899.0,524.0,1,35691,3
951,1120486,761.5,418.5,1,35692,0
951,1120487,765.9166870117188,436.0,2,35692,1
951,1120488,1649.5,350.5,1,35693,0
951,1120489,1447.0,521.75,2,35694,0
951,1120490,759.9166870117188,443.0833435058594,2,35694,1
951,1120491,1274.5,424.5,1,35694,2
951,1120492,1015.5,489.5,1,35694,3
951,1120493,1047.0,417.0,2,35694,4
951,1120494,1150.0,456.0,1,35695,0
951,1120495,757.8333129882812,452.5,2,35695,1
951,1120496,215.0,675.5,1,35695,2
951,1120497,1009.0,491.0,2,35695,3
951,1120498,1031.5,419.0,1,35695,4
951,1120499,768.25,338.0,2,35696,0
951,1120500,733.0,315.0,1,35696,1
951,1120501,759.8333129882812,444.4583435058594,3,35697,0
951,1120502,1447.0,521.75,2,35697,1
951,1120503,1150.0,456.0,1,35697,2
951,1120504,1048.0,418.25,2,35697,3
951,1120505,759.8333129882812,444.4583435058594,3,35698,0
951,1120506,1274.5,424.5,1,35698,1
951,1120507,1048.0,418.25,2,35698,2
951,1120508,1236.0,366.0,1,35698,3
951,1120509,761.5,418.5,1,35698,4
951,1120510,1435.0,477.5,1,35698,5
951,1120511,759.8333129882812,444.4583435058594,3,35699,0
951,1120512,1459.0,566.0,1,35699,1
951,1120513,761.5,418.5,1,35699,2
951,1120514,1150.0,456.0,1,35699,3
951,1120515,1048.0,418.25,2,35699,4
951,1120516,759.8333129882812,444.4583435058594,3,35700,0
951,1120517,1274.5,424.5,1,35700,1
951,1120518,1447.0,521.75,2,35700,2
951,1120519,761.5,418.5,1,35700,3
951,1120520,1150.0,456.0,1,35700,4
951,1120521,1048.0,418.25,2,35700,5
951,1120522,1275.5,424.5,1,35700,6
951,1120523,489.25,495.5,2,35701,0
951,1120524,899.0,524.0,1,35701,1
951,1120525,1430.0,642.5,1,35701,2
951,1120526,1274.5,424.5,1,35702,0
951,1120527,768.75,428.75,2,35702,1
951,1120528,1255.75,395.25,2,35702,2
951,1120529,1435.0,477.5,1,35702,3
951,1120530,899.0,524.0,1,35703,0
951,1120531,489.25,495.5,2,35703,1
951,1120532,1015.5,489.5,1,35703,2
951,1120533,215.0,675.5,1,35704,0
951,1120534,1444.5,604.25,2,35704,1
951,1120535,1150.0,456.0,1,35704,2
951,1120536,699.5,317.0,2,35705,0
951,1120537,733.0,315.0,2,35705,1
951,1120538,1447.0,521.75,2,35706,0
951,1120539,1031.5,419.0,1,35706,1
951,1120540,1009.0,491.0,2,35706,2
951,1120541,757.8333129882812,452.5,2,35706,3
951,1120542,215.0,675.5,1,35706,4
951,1120543,955.25,360.5,2,35707,0
951,1120544,1236.0,366.0,1,35707,1
951,1120545,1430.0,642.5,1,35708,0
951,1120546,489.0,501.5,1,35708,1
951,1120547,215.0,675.5,1,35708,2
951,1120548,699.5,317.0,2,35709,0
951,1120549,733.0,315.0,2,35709,1
951,1120550,808.5,307.5,1,35710,0
951,1120551,460.5,357.0,1,35711,0
951,1120552,1048.0,418.25,2,35712,0
951,1120553,1447.0,521.75,2,35712,1
951,1120554,1150.0,456.0,1,35712,2
951,1120555,759.8333129882812,444.4583435058594,3,35712,3
951,1120556,1236.0,366.0,1,35713,0
951,1120557,765.5,421.0,1,35713,1
951,1120558,1274.5,424.5,1,35713,2
951,1120559,927.5,361.5,1,35713,3
951,1120560,723.375,327.4166564941406,3,35714,0
951,1120561,733.0,315.0,2,35714,1
951,1120562,1275.5,424.5,1,35715,0
951,1120563,772.0,436.5,1,35715,1
951,1120564,1274.5,424.5,1,35715,2
951,1120565,733.0,315.0,2,35716,0
951,1120566,723.375,327.4166564941406,3,35716,1
951,1120567,281.0,323.5,1,35717,0
961,1120479,489.25,495.5,2,35689,0
961,1120480,899.0,524.0,1,35689,1
961,1120481,955.25,360.5,2,35690,0
961,1120482,1015.5,489.5,1,35691,0
961,1120483,1447.0,521.75,2,35691,1
961,1120484,1150.0,456.0,1,35691,2
961,1120485,899.0,524.0,1,35691,3
961,1120486,761.5,418.5,1,35692,0
961,1120487,765.9166870117188,436.0,2,35692,1
961,1120488,1649.5,350.5,1,35693,0
961,1120489,1447.0,521.75,2,35694,0
961,1120490,759.9166870117188,443.0833435058594,2,35694,1
961,1120491,1274.5,424.5,1,35694,2
961,1120492,1015.5,489.5,1,35694,3
961,1120493,1047.0,417.0,2,35694,4
961,1120494,1150.0,456.0,1,35695,0
961,1120495,757.8333129882812,452.5,2,35695,1
961,1120496,215.0,675.5,1,35695,2
961,1120497,1009.0,491.0,2,35695,3
961,1120498,1031.5,419.0,1,35695,4
961,1120499,768.25,338.0,2,35696,0
961,1120500,733.0,315.0,1,35696,1
961,1120501,759.8333129882812,444.4583435058594,3,35697,0
961,1120502,1447.0,521.75,2,35697,1
961,1120503,1150.0,456.0,1,35697,2
961,1120504,1048.0,418.25,2,35697,3
961,1120505,759.8333129882812,444.4583435058594,3,35698,0
961,1120506,1274.5,424.5,1,35698,1
961,1120507,1048.0,418.25,2,35698,2
961,1120508,1236.0,366.0,1,35698,3
961,1120509,761.5,418.5,1,35698,4
961,1120510,1435.0,477.5,1,35698,5
961,1120511,759.8333129882812,444.4583435058594,3,35699,0
961,1120512,1459.0,566.0,1,35699,1
961,1120513,761.5,418.5,1,35699,2
961,1120514,1150.0,456.0,1,35699,3
961,1120515,1048.0,418.25,2,35699,4
961,1120516,759.8333129882812,444.4583435058594,3,35700,0
961,1120517,1274.5,424.5,1,35700,1
961,1120518,1447.0,521.75,2,35700,2
961,1120519,761.5,418.5,1,35700,3
961,1120520,1150.0,456.0,1,35700,4
961,1120521,1048.0,418.25,2,35700,5
961,1120522,1275.5,424.5,1,35700,6
961,1120523,489.25,495.5,2,35701,0
961,1120524,899.0,524.0,1,35701,1
961,1120525,1430.0,642.5,1,35701,2
961,1120526,1274.5,424.5,1,35702,0
961,1120527,768.75,428.75,2,35702,1
961,1120528,1255.75,395.25,2,35702,2
961,1120529,1435.0,477.5,1,35702,3
961,1120530,899.0,524.0,1,35703,0
961,1120531,489.25,495.5,2,35703,1
961,1120532,1015.5,489.5,1,35703,2
961,1120533,215.0,675.5,1,35704,0
961,1120534,1444.5,604.25,2,35704,1
961,1120535,1150.0,456.0,1,35704,2
961,1120536,699.5,317.0,2,35705,0
961,1120537,733.0,315.0,2,35705,1
961,1120538,1447.0,521.75,2,35706,0
961,1120539,1031.5,419.0,1,35706,1
961,1120540,1009.0,491.0,2,35706,2
961,1120541,757.8333129882812,452.5,2,35706,3
961,1120542,215.0,675.5,1,35706,4
961,1120543,955.25,360.5,2,35707,0
961,1120544,1236.0,366.0,1,35707,1
961,1120545,1430.0,642.5,1,35708,0
961,1120546,489.0,501.5,1,35708,1
961,1120547,215.0,675.5,1,35708,2
961,1120548,699.5,317.0,2,35709,0
961,1120549,733.0,315.0,2,35709,1
961,1120550,808.5,307.5,1,35710,0
961,1120551,460.5,357.0,1,35711,0
961,1120552,1048.0,418.25,2,35712,0
961,1120553,1447.0,521.75,2,35712,1
961,1120554,1150.0,456.0,1,35712,2
961,1120555,759.8333129882812,444.4583435058594,3,35712,3
961,1120556,1236.0,366.0,1,35713,0
961,1120557,765.5,421.0,1,35713,1
961,1120558,1274.5,424.5,1,35713,2
961,1120559,927.5,361.5,1,35713,3
961,1120560,723.375,327.4166564941406,3,35714,0
961,1120561,733.0,315.0,2,35714,1
961,1120562,1275.5,424.5,1,35715,0
961,1120563,772.0,436.5,1,35715,1
961,1120564,1274.5,424.5,1,35715,2
961,1120565,733.0,315.0,2,35716,0
961,1120566,723.375,327.4166564941406,3,35716,1
961,1120567,281.0,323.5,1,35717,0
971,1120479,489.25,495.5,2,35689,0
971,1120480,899.0,524.0,1,35689,1
971,1120481,955.25,360.5,2,35690,0
971,1120482,1015.5,489.5,1,35691,0
971,1120483,1447.0,521.75,2,35691,1
971,1120484,1150.0,456.0,1,35691,2
971,1120485,899.0,524.0,1,35691,3
971,1120486,761.5,418.5,1,35692,0
971,1120487,765.9166870117188,436.0,2,35692,1
971,1120488,1649.5,350.5,1,35693,0
971,1120489,1447.0,521.75,2,35694,0
971,1120490,759.9166870117188,443.0833435058594,2,35694,1
971,1120491,1274.5,424.5,1,35694,2
971,1120492,1015.5,489.5,1,35694,3
971,1120493,1047.0,417.0,2,35694,4
971,1120494,1150.0,456.0,1,35695,0
971,1120495,757.8333129882812,452.5,2,35695,1
971,1120496,215.0,675.5,1,35695,2
971,1120497,1009.0,491.0,2,35695,3
971,1120498,1031.5,419.0,1,35695,4
971,1120499,768.25,338.0,2,35696,0
971,1120500,733.0,315.0,1,35696,1
971,1120501,759.8333129882812,444.4583435058594,3,35697,0
971,1120502,1447.0,521.75,2,35697,1
971,1120503,1150.0,456.0,1,35697,2
971,1120504,1048.0,418.25,2,35697,3
971,1120505,759.8333129882812,444.4583435058594,3,35698,0
971,1120506,1274.5,424.5,1,35698,1
971,1120507,1048.0,418.25,2,35698,2
971,1120508,1236.0,366.0,1,35698,3
971,1120509,761.5,418.5,1,35698,4
971,1120510,1435.0,477.5,1,35698,5
971,1120511,759.8333129882812,444.4583435058594,3,35699,0
971,1120512,1459.0,566.0,1,35699,1
971,1120513,761.5,418.5,1,35699,2
971,1120514,1150.0,456.0,1,35699,3
971,1120515,1048.0,418.25,2,35699,4
971,1120516,759.8333129882812,444.4583435058594,3,35700,0
971,1120517,1274.5,424.5,1,35700,1
971,1120518,1447.0,521.75,2,35700,2
971,1120519,761.5,418.5,1,35700,3
971,1120520,1150.0,456.0,1,35700,4
971,1120521,1048.0,418.25,2,35700,5
971,1120522,1275.5,424.5,1,35700,6
971,1120523,489.25,495.5,2,35701,0
971,1120524,899.0,524.0,1,35701,1
971,1120525,1430.0,642.5,1,35701,2
971,1120526,1274.5,424.5,1,35702,0
971,1120527,768.75,428.75,2,35702,1
971,1120528,1255.75,395.25,2,35702,2
971,1120529,1435.0,477.5,1,35702,3
971,1120530,899.0,524.0,1,35703,0
971,1120531,489.25,495.5,2,35703,1
971,1120532,1015.5,489.5,1,35703,2
971,1120533,215.0,675.5,1,35704,0
971,1120534,1444.5,604.25,2,35704,1
971,1120535,1150.0,456.0,1,35704,2
971,1120536,699.5,317.0,2,35705,0
971,1120537,733.0,315.0,2,35705,1
971,1120538,1447.0,521.75,2,35706,0
971,1120539,1031.5,419.0,1,35706,1
971,1120540,1009.0,491.0,2,35706,2
971,1120541,757.8333129882812,452.5,2,35706,3
971,1120542,215.0,675.5,1,35706,4
971,1120543,955.25,360.5,2,35707,0
971,1120544,1236.0,366.0,1,35707,1
971,1120545,1430.0,642.5,1,35708,0
971,1120546,489.0,501.5,1,35708,1
971,1120547,215.0,675.5,1,35708,2
971,1120548,699.5,317.0,2,35709,0
971,1120549,733.0,315.0,2,35709,1
971,1120550,808.5,307.5,1,35710,0
971,1120551,460.5,357.0,1,35711,0
971,1120552,1048.0,418.25,2,35712,0
971,1120553,1447.0,521.75,2,35712,1
971,1120554,1150.0,456.0,1,35712,2
971,1120555,759.8333129882812,444.4583435058594,3,35712,3
971,1120556,1236.0,366.0,1,35713,0
971,1120557,765.5,421.0,1,35713,1
971,1120558,1274.5,424.5,1,35713,2
971,1120559,927.5,361.5,1,35713,3
971,1120560,723.375,327.4166564941406,3,35714,0
971,1120561,733.0,315.0,2,35714,1
971,1120562,1275.5,424.5,1,35715,0
971,1120563,772.0,436.5,1,35715,1
971,1120564,1274.5,424.5,1,35715,2
971,1120565,733.0,315.0,2,35716,0
971,1120566,723.375,327.4166564941406,3,35716,1
971,1120567,281.0,323.5,1,35717,0
981,1120479,489.25,495.5,2,35689,0
981,1120480,899.0,524.0,1,35689,1
981,1120481,955.25,360.5,2,35690,0
981,1120482,1015.5,489.5,1,35691,0
981,1120483,1447.0,521.75,2,35691,1
981,1120484,1150.0,456.0,1,35691,2
981,1120485,899.0,524.0,1,35691,3
981,1120486,761.5,418.5,1,35692,0
981,1120487,765.9166870117188,436.0,2,35692,1
981,1120488,1649.5,350.5,1,35693,0
981,1120489,1447.0,521.75,2,35694,0
981,1120490,759.9166870117188,443.0833435058594,2,35694,1
981,1120491,1274.5,424.5,1,35694,2
981,1120492,1015.5,489.5,1,35694,3
981,1120493,1047.0,417.0,2,35694,4
981,1120494,1150.0,456.0,1,35695,0
981,1120495,757.8333129882812,452.5,2,35695,1
981,1120496,215.0,675.5,1,35695,2
981,1120497,1009.0,491.0,2,35695,3
981,1120498,1031.5,419.0,1,35695,4
981,1120499,768.25,338.0,2,35696,0
981,1120500,733.0,315.0,1,35696,1
981,1120501,759.8333129882812,444.4583435058594,3,35697,0
981,1120502,1447.0,521.75,2,35697,1
981,1120503,1150.0,456.0,1,35697,2
981,1120504,1048.0,418.25,2,35697,3
981,1120505,759.8333129882812,444.4583435058594,3,35698,0
981,1120506,1274.5,424.5,1,35698,1
981,1120507,1048.0,418.25,2,35698,2
981,1120508,1236.0,366.0,1,35698,3
981,1120509,761.5,418.5,1,35698,4
981,1120510,1435.0,477.5,1,35698,5
981,1120511,759.8333129882812,444.4583435058594,3,35699,0
981,1120512,1459.0,566.0,1,35699,1
981,1120513,761.5,418.5,1,35699,2
981,1120514,1150.0,456.0,1,35699,3
981,1120515,1048.0,418.25,2,35699,4
981,1120516,759.8333129882812,444.4583435058594,3,35700,0
981,1120517,1274.5,424.5,1,35700,1
981,1120518,1447.0,521.75,2,35700,2
981,1120519,761.5,418.5,1,35700,3
981,1120520,1150.0,456.0,1,35700,4
981,1120521,1048.0,418.25,2,35700,5
981,1120522,1275.5,424.5,1,35700,6
981,1120523,489.25,495.5,2,35701,0
981,1120524,899.0,524.0,1,35701,1
981,1120525,1430.0,642.5,1,35701,2
981,1120526,1274.5,424.5,1,35702,0
981,1120527,768.75,428.75,2,35702,1
981,1120528,1255.75,395.25,2,35702,2
981,1120529,1435.0,477.5,1,35702,3
981,1120530,899.0,524.0,1,35703,0
981,1120531,489.25,495.5,2,35703,1
981,1120532,1015.5,489.5,1,35703,2
981,1120533,215.0,675.5,1,35704,0
981,1120534,1444.5,604.25,2,35704,1
981,1120535,1150.0,456.0,1,35704,2
981,1120536,699.5,317.0,2,35705,0
981,1120537,733.0,315.0,2,35705,1
981,1120538,1447.0,521.75,2,35706,0
981,1120539,1031.5,419.0,1,35706,1
981,1120540,1009.0,491.0,2,35706,2
981,1120541,757.8333129882812,452.5,2,35706,3
981,1120542,215.0,675.5,1,35706,4
981,1120543,955.25,360.5,2,35707,0
981,1120544,1236.0,366.0,1,35707,1
981,1120545,1430.0,642.5,1,35708,0
981,1120546,489.0,501.5,1,35708,1
981,1120547,215.0,675.5,1,35708,2
981,1120548,699.5,317.0,2,35709,0
981,1120549,733.0,315.0,2,35709,1
981,1120550,808.5,307.5,1,35710,0
981,1120551,460.5,357.0,1,35711,0
981,1120552,1048.0,418.25,2,35712,0
981,1120553,1447.0,521.75,2,35712,1
981,1120554,1150.0,456.0,1,35712,2
981,1120555,759.8333129882812,444.4583435058594,3,35712,3
981,1120556,1236.0,366.0,1,35713,0
981,1120557,765.5,421.0,1,35713,1
981,1120558,1274.5,424.5,1,35713,2
981,1120559,927.5,361.5,1,35713,3
981,1120560,723.375,327.4166564941406,3,35714,0
981,1120561,733.0,315.0,2,35714,1
981,1120562,1275.5,424.5,1,35715,0
981,1120563,772.0,436.5,1,35715,1
981,1120564,1274.5,424.5,1,35715,2
981,1120565,733.0,315.0,2,35716,0
981,1120566,723.375,327.4166564941406,3,35716,1
981,1120567,281.0,323.5,1,35717,0
991,1120479,489.25,495.5,2,35689,0
991,1120480,899.0,524.0,1,35689,1
991,1120481,955.25,360.5,2,35690,0
991,1120482,1015.5,489.5,1,35691,0
991,1120483,1447.0,521.75,2,35691,1
991,1120484,1150.0,456.0,1,35691,2
991,1120485,899.0,524.0,1,35691,3
991,1120486,761.5,418.5,1,35692,0
991,1120487,765.9166870117188,436.0,2,35692,1
991,1120488,1649.5,350.5,1,35693,0
991,1120489,1447.0,521.75,2,35694,0
991,1120490,759.9166870117188,443.0833435058594,2,35694,1
991,1120491,1274.5,424.5,1,35694,2
991,1120492,1015.5,489.5,1,35694,3
991,1120493,1047.0,417.0,2,35694,4
991,1120494,1150.0,456.0,1,35695,0
991,1120495,757.8333129882812,452.5,2,35695,1
991,1120496,215.0,675.5,1,35695,2
991,1120497,1009.0,491.0,2,35695,3
991,1120498,1031.5,419.0,1,35695,4
991,1120499,768.25,338.0,2,35696,0
991,1120500,733.0,315.0,1,35696,1
991,1120501,759.8333129882812,444.4583435058594,3,35697,0
991,1120502,1447.0,521.75,2,35697,1
991,1120503,1150.0,456.0,1,35697,2
991,1120504,1048.0,418.25,2,35697,3
991,1120505,759.8333129882812,444.4583435058594,3,35698,0
991,1120506,1274.5,424.5,1,35698,1
991,1120507,1048.0,418.25,2,35698,2
991,1120508,1236.0,366.0,1,35698,3
991,1120509,761.5,418.5,1,35698,4
991,1120510,1435.0,477.5,1,35698,5
991,1120511,759.8333129882812,444.4583435058594,3,35699,0
991,1120512,1459.0,566.0,1,35699,1
991,1120513,761.5,418.5,1,35699,2
991,1120514,1150.0,456.0,1,35699,3
991,1120515,1048.0,418.25,2,35699,4
991,1120516,759.8333129882812,444.4583435058594,3,35700,0
991,1120517,1274.5,424.5,1,35700,1
991,1120518,1447.0,521.75,2,35700,2
991,1120519,761.5,418.5,1,35700,3
991,1120520,1150.0,456.0,1,35700,4
991,1120521,1048.0,418.25,2,35700,5
991,1120522,1275.5,424.5,1,35700,6
991,1120523,489.25,495.5,2,35701,0
991,1120524,899.0,524.0,1,35701,1
991,1120525,1430.0,642.5,1,35701,2
991,1120526,1274.5,424.5,1,35702,0
991,1120527,768.75,428.75,2,35702,1
991,1120528,1255.75,395.25,2,35702,2
991,1120529,1435.0,477.5,1,35702,3
991,1120530,899.0,524.0,1,35703,0
991,1120531,489.25,495.5,2,35703,1
991,1120532,1015.5,489.5,1,35703,2
991,1120533,215.0,675.5,1,35704,0
991,1120534,1444.5,604.25,2,35704,1
991,1120535,1150.0,456.0,1,35704,2
991,1120536,699.5,317.0,2,35705,0
991,1120537,733.0,315.0,2,35705,1
991,1120538,1447.0,521.75,2,35706,0
991,1120539,1031.5,419.0,1,35706,1
991,1120540,1009.0,491.0,2,35706,2
991,1120541,757.8333129882812,452.5,2,35706,3
991,1120542,215.0,675.5,1,35706,4
991,1120543,955.25,360.5,2,35707,0
991,1120544,1236.0,366.0,1,35707,1
991,1120545,1430.0,642.5,1,35708,0
991,1120546,489.0,501.5,1,35708,1
991,1120547,215.0,675.5,1,35708,2
991,1120548,699.5,317.0,2,35709,0
991,1120549,733.0,315.0,2,35709,1
991,1120550,808.5,307.5,1,35710,0
991,1120551,460.5,357.0,1,35711,0
991,1120552,1048.0,418.25,2,35712,0
991,1120553,1447.0,521.75,2,35712,1
991,1120554,1150.0,456.0,1,35712,2
991,1120555,759.8333129882812,444.4583435058594,3,35712,3
991,1120556,1236.0,366.0,1,35713,0
991,1120557,765.5,421.0,1,35713,1
991,1120558,1274.5,424.5,1,35713,2
991,1120559,927.5,361.5,1,35713,3
991,1120560,723.375,327.4166564941406,3,35714,0
991,1120561,733.0,315.0,2,35714,1
991,1120562,1275.5,424.5,1,35715,0
991,1120563,772.0,436.5,1,35715,1
991,1120564,1274.5,424.5,1,35715,2
991,1120565,733.0,315.0,2,35716,0
991,1120566,723.375,327.4166564941406,3,35716,1
991,1120567,281.0,323.5,1,35717,0
1001,1120479,489.25,495.5,2,35689,0
1001,1120480,899.0,524.0,1,35689,1
1001,1120481,955.25,360.5,2,35690,0
1001,1120482,1015.5,489.5,1,35691,0
1001,1120483,1447.0,521.75,2,35691,1
1001,1120484,1150.0,456.0,1,35691,2
1001,1120485,899.0,524.0,1,35691,3
1001,1120486,761.5,418.5,1,35692,0
1001,1120487,765.9166870117188,436.0,2,35692,1
1001,1120488,1649.5,350.5,1,35693,0
1001,1120489,1447.0,521.75,2,35694,0
1001,1120490,759.9166870117188,443.0833435058594,2,35694,1
1001,1120491,1274.5,424.5,1,35694,2
1001,1120492,1015.5,489.5,1,35694,3
1001,1120493,1047.0,417.0,2,35694,4
1001,1120494,1150.0,456.0,1,35695,0
1001,1120495,757.8333129882812,452.5,2,35695,1
1001,1120496,215.0,675.5,1,35695,2
1001,1120497,1009.0,491.0,2,35695,3
1001,1120498,1031.5,419.0,1,35695,4
1001,1120499,768.25,338.0,2,35696,0
1001,1120500,733.0,315.0,1,35696,1
1001,1120501,759.8333129882812,444.4583435058594,3,35697,0
1001,1120502,1447.0,521.75,2,35697,1
1001,1120503,1150.0,456.0,1,35697,2
1001,1120504,1048.0,418.25,2,35697,3
1001,1120505,759.8333129882812,444.4583435058594,3,35698,0
1001,1120506,1274.5,424.5,1,35698,1
1001,1120507,1048.0,418.25,2,35698,2
1001,1120508,1236.0,366.0,1,35698,3
1001,1120509,761.5,418.5,1,35698,4
1001,1120510,1435.0,477.5,1,35698,5
1001,1120511,759.8333129882812,444.4583435058594,3,35699,0
1001,1120512,1459.0,566.0,1,35699,1
1001,1120513,761.5,418.5,1,35699,2
1001,1120514,1150.0,456.0,1,35699,3
1001,1120515,1048.0,418.25,2,35699,4
1001,1120516,759.8333129882812,444.4583435058594,3,35700,0
1001,1120517,1274.5,424.5,1,35700,1
1001,1120518,1447.0,521.75,2,35700,2
1001,1120519,761.5,418.5,1,35700,3
1001,1120520,1150.0,456.0,1,35700,4
1001,1120521,1048.0,418.25,2,35700,5
1001,1120522,1275.5,424.5,1,35700,6
1001,1120523,489.25,495.5,2,35701,0
1001,1120524,899.0,524.0,1,35701,1
1001,1120525,1430.0,642.5,1,35701,2
1001,1120526,1274.5,424.5,1,35702,0
1001,1120527,768.75,428.75,2,35702,1
1001,1120528,1255.75,395.25,2,35702,2
1001,1120529,1435.0,477.5,1,35702,3
1001,1120530,899.0,524.0,1,35703,0
1001,1120531,489.25,495.5,2,35703,1
1001,1120532,1015.5,489.5,1,35703,2
1001,1120533,215.0,675.5,1,35704,0
1001,1120534,1444.5,604.25,2,35704,1
1001,1120535,1150.0,456.0,1,35704,2
1001,1120536,699.5,317.0,2,35705,0
1001,1120537,733.0,315.0,2,35705,1
1001,1120538,1447.0,521.75,2,35706,0
1001,1120539,1031.5,419.0,1,35706,1
1001,1120540,1009.0,491.0,2,35706,2
1001,1120541,757.8333129882812,452.5,2,35706,3
1001,1120542,215.0,675.5,1,35706,4
1001,1120543,955.25,360.5,2,35707,0
1001,1120544,1236.0,366.0,1,35707,1
1001,1120545,1430.0,642.5,1,35708,0
1001,1120546,489.0,501.5,1,35708,1
1001,1120547,215.0,675.5,1,35708,2
1001,1120548,699.5,317.0,2,35709,0
1001,1120549,733.0,315.0,2,35709,1
1001,1120550,808.5,307.5,1,35710,0
1001,1120551,460.5,357.0,1,35711,0
1001,1120552,1048.0,418.25,2,35712,0
1001,1120553,1447.0,521.75,2,35712,1
1001,1120554,1150.0,456.0,1,35712,2
1001,1120555,759.8333129882812,444.4583435058594,3,35712,3
1001,1120556,1236.0,366.0,1,35713,0
1001,1120557,765.5,421.0,1,35713,1
1001,1120558,1274.5,424.5,1,35713,2
1001,1120559,927.5,361.5,1,35713,3
1001,1120560,723.375,327.4166564941406,3,35714,0
1001,1120561,733.0,315.0,2,35714,1
1001,1120562,1275.5,424.5,1,35715,0
1001,1120563,772.0,436.5,1,35715,1
1001,1120564,1274.5,424.5,1,35715,2
1001,1120565,733.0,315.0,2,35716,0
1001,1120566,723.375,327.4166564941406,3,35716,1
1001,1120567,281.0,323.5,1,35717,0
1011,1120479,489.25,495.5,2,35689,0
1011,1120480,899.0,524.0,1,35689,1
1011,1120481,955.25,360.5,2,35690,0
1011,1120482,1015.5,489.5,1,35691,0
1011,1120483,1447.0,521.75,2,35691,1
1011,1120484,1150.0,456.0,1,35691,2
1011,1120485,899.0,524.0,1,35691,3
1011,1120486,761.5,418.5,1,35692,0
1011,1120487,765.9166870117188,436.0,2,35692,1
1011,1120488,1649.5,350.5,1,35693,0
1011,1120489,1447.0,521.75,2,35694,0
1011,1120490,759.9166870117188,443.0833435058594,2,35694,1
1011,1120491,1274.5,424.5,1,35694,2
1011,1120492,1015.5,489.5,1,35694,3
1011,1120493,1047.0,417.0,2,35694,4
1011,1120494,1150.0,456.0,1,35695,0
1011,1120495,757.8333129882812,452.5,2,35695,1
1011,1120496,215.0,675.5,1,35695,2
1011,1120497,1009.0,491.0,2,35695,3
1011,1120498,1031.5,419.0,1,35695,4
1011,1120499,768.25,338.0,2,35696,0
1011,1120500,733.0,315.0,1,35696,1
1011,1120501,759.8333129882812,444.4583435058594,3,35697,0
1011,1120502,1447.0,521.75,2,35697,1
1011,1120503,1150.0,456.0,1,35697,2
1011,1120504,1048.0,418.25,2,35697,3
1011,1120505,759.8333129882812,444.4583435058594,3,35698,0
1011,1120506,1274.5,424.5,1,35698,1
1011,1120507,1048.0,418.25,2,35698,2
1011,1120508,1236.0,366.0,1,35698,3
1011,1120509,761.5,418.5,1,35698,4
1011,1120510,1435.0,477.5,1,35698,5
1011,1120511,759.8333129882812,444.4583435058594,3,35699,0
1011,1120512,1459.0,566.0,1,35699,1
1011,1120513,761.5,418.5,1,35699,2
1011,1120514,1150.0,456.0,1,35699,3
1011,1120515,1048.0,418.25,2,35699,4
1011,1120516,759.8333129882812,444.4583435058594,3,35700,0
1011,1120517,1274.5,424.5,1,35700,1
1011,1120518,1447.0,521.75,2,35700,2
1011,1120519,761.5,418.5,1,35700,3
1011,1120520,1150.0,456.0,1,35700,4
1011,1120521,1048.0,418.25,2,35700,5
1011,1120522,1275.5,424.5,1,35700,6
1011,1120523,489.25,495.5,2,35701,0
1011,1120524,899.0,524.0,1,35701,1
1011,1120525,1430.0,642.5,1,35701,2
1011,1120526,1274.5,424.5,1,35702,0
1011,1120527,768.75,428.75,2,35702,1
1011,1120528,1255.75,395.25,2,35702,2
1011,1120529,1435.0,477.5,1,35702,3
1011,1120530,899.0,524.0,1,35703,0
1011,1120531,489.25,495.5,2,35703,1
1011,1120532,1015.5,489.5,1,35703,2
1011,1120533,215.0,675.5,1,35704,0
1011,1120534,1444.5,604.25,2,35704,1
1011,1120535,1150.0,456.0,1,35704,2
1011,1120536,699.5,317.0,2,35705,0
1011,1120537,733.0,315.0,2,35705,1
1011,1120538,1447.0,521.75,2,35706,0
1011,1120539,1031.5,419.0,1,35706,1
1011,1120540,1009.0,491.0,2,35706,2
1011,1120541,757.8333129882812,452.5,2,35706,3
1011,1120542,215.0,675.5,1,35706,4
1011,1120543,955.25,360.5,2,35707,0
1011,1120544,1236.0,366.0,1,35707,1
1011,1120545,1430.0,642.5,1,35708,0
1011,1120546,489.0,501.5,1,35708,1
1011,1120547,215.0,675.5,1,35708,2
1011,1120548,699.5,317.0,2,35709,0
1011,1120549,733.0,315.0,2,35709,1
1011,1120550,808.5,307.5,1,35710,0
1011,1120551,460.5,357.0,1,35711,0
1011,1120552,1048.0,418.25,2,35712,0
1011,1120553,1447.0,521.75,2,35712,1
1011,1120554,1150.0,456.0,1,35712,2
1011,1120555,759.8333129882812,444.4583435058594,3,35712,3
1011,1120556,1236.0,366.0,1,35713,0
1011,1120557,765.5,421.0,1,35713,1
1011,1120558,1274.5,424.5,1,35713,2
1011,1120559,927.5,361.5,1,35713,3
1011,1120560,723.375,327.4166564941406,3,35714,0
1011,1120561,733.0,315.0,2,35714,1
1011,1120562,1275.5,424.5,1,35715,0
1011,1120563,772.0,436.5,1,35715,1
1011,1120564,1274.5,424.5,1,35715,2
1011,1120565,733.0,315.0,2,35716,0
1011,1120566,723.375,327.4166564941406,3,35716,1
1011,1120567,281.0,323.5,1,35717,0
1021,1120479,489.25,495.5,2,35689,0
1021,1120480,899.0,524.0,1,35689,1
1021,1120481,955.25,360.5,2,35690,0
1021,1120482,1015.5,489.5,1,35691,0
1021,1120483,1447.0,521.75,2,35691,1
1021,1120484,1150.0,456.0,1,35691,2
1021,1120485,899.0,524.0,1,35691,3
1021,1120486,761.5,418.5,1,35692,0
1021,1120487,765.9166870117188,436.0,2,35692,1
1021,1120488,1649.5,350.5,1,35693,0
1021,1120489,1447.0,521.75,2,35694,0
1021,1120490,759.9166870117188,443.0833435058594,2,35694,1
1021,1120491,1274.5,424.5,1,35694,2
1021,1120492,1015.5,489.5,1,35694,3
1021,1120493,1047.0,417.0,2,35694,4
1021,1120494,1150.0,456.0,1,35695,0
1021,1120495,757.8333129882812,452.5,2,35695,1
1021,1120496,215.0,675.5,1,35695,2
1021,1120497,1009.0,491.0,2,35695,3
1021,1120498,1031.5,419.0,1,35695,4
1021,1120499,768.25,338.0,2,35696,0
1021,1120500,733.0,315.0,1,35696,1
1021,1120501,759.8333129882812,444.4583435058594,3,35697,0
1021,1120502,1447.0,521.75,2,35697,1
1021,1120503,1150.0,456.0,1,35697,2
1021,1120504,1048.0,418.25,2,35697,3
1021,1120505,759.8333129882812,444.4583435058594,3,35698,0
1021,1120506,1274.5,424.5,1,35698,1
1021,1120507,1048.0,418.25,2,35698,2
1021,1120508,1236.0,366.0,1,35698,3
1021,1120509,761.5,418.5,1,35698,4
1021,1120510,1435.0,477.5,1,35698,5
1021,1120511,759.8333129882812,444.4583435058594,3,35699,0
1021,1120512,1459.0,566.0,1,35699,1
1021,1120513,761.5,418.5,1,35699,2
1021,1120514,1150.0,456.0,1,35699,3
1021,1120515,1048.0,418.25,2,35699,4
1021,1120516,759.8333129882812,444.4583435058594,3,35700,0
1021,1120517,1274.5,424.5,1,35700,1
1021,1120518,1447.0,521.75,2,35700,2
1021,1120519,761.5,418.5,1,35700,3
1021,1120520,1150.0,456.0,1,35700,4
1021,1120521,1048.0,418.25,2,35700,5
1021,1120522,1275.5,424.5,1,35700,6
1021,1120523,489.25,495.5,2,35701,0
1021,1120524,899.0,524.0,1,35701,1
1021,1120525,1430.0,642.5,1,35701,2
1021,1120526,1274.5,424.5,1,35702,0
1021,1120527,768.75,428.75,2,35702,1
1021,1120528,1255.75,395.25,2,35702,2
1021,1120529,1435.0,477.5,1,35702,3
1021,1120530,899.0,524.0,1,35703,0
1021,1120531,489.25,495.5,2,35703,1
1021,1120532,1015.5,489.5,1,35703,2
1021,1120533,215.0,675.5,1,35704,0
1021,1120534,1444.5,604.25,2,35704,1
1021,1120535,1150.0,456.0,1,35704,2
1021,1120536,699.5,317.0,2,35705,0
1021,1120537,733.0,315.0,2,35705,1
1021,1120538,1447.0,521.75,2,35706,0
1021,1120539,1031.5,419.0,1,35706,1
1021,1120540,1009.0,491.0,2,35706,2
1021,1120541,757.8333129882812,452.5,2,35706,3
1021,1120542,215.0,675.5,1,35706,4
1021,1120543,955.25,360.5,2,35707,0
1021,1120544,1236.0,366.0,1,35707,1
1021,1120545,1430.0,642.5,1,35708,0
1021,1120546,489.0,501.5,1,35708,1
1021,1120547,215.0,675.5,1,35708,2
1021,1120548,699.5,317.0,2,35709,0
1021,1120549,733.0,315.0,2,35709,1
1021,1120550,808.5,307.5,1,35710,0
1021,1120551,460.5,357.0,1,35711,0
1021,1120552,1048.0,418.25,2,35712,0
1021,1120553,1447.0,521.75,2,35712,1
1021,1120554,1150.0,456.0,1,35712,2
1021,1120555,759.8333129882812,444.4583435058594,3,35712,3
1021,1120556,1236.0,366.0,1,35713,0
1021,1120557,765.5,421.0,1,35713,1
1021,1120558,1274.5,424.5,1,35713,2
1021,1120559,927.5,361.5,1,35713,3
1021,1120560,723.375,327.4166564941406,3,35714,0
1021,1120561,733.0,315.0,2,35714,1
1021,1120562,1275.5,424.5,1,35715,0
1021,1120563,772.0,436.5,1,35715,1
1021,1120564,1274.5,424.5,1,35715,2
1021,1120565,733.0,315.0,2,35716,0
1021,1120566,723.375,327.4166564941406,3,35716,1
1021,1120567,281.0,323.5,1,35717,0
1031,1120479,489.25,495.5,2,35689,0
1031,1120480,899.0,524.0,1,35689,1
1031,1120481,955.25,360.5,2,35690,0
1031,1120482,1015.5,489.5,1,35691,0
1031,1120483,1447.0,521.75,2,35691,1
1031,1120484,1150.0,456.0,1,35691,2
1031,1120485,899.0,524.0,1,35691,3
1031,1120486,761.5,418.5,1,35692,0
1031,1120487,765.9166870117188,436.0,2,35692,1
1031,1120488,1649.5,350.5,1,35693,0
1031,1120489,1447.0,521.75,2,35694,0
1031,1120490,759.9166870117188,443.0833435058594,2,35694,1
1031,1120491,1274.5,424.5,1,35694,2
1031,1120492,1015.5,489.5,1,35694,3
1031,1120493,1047.0,417.0,2,35694,4
1031,1120494,1150.0,456.0,1,35695,0
1031,1120495,757.8333129882812,452.5,2,35695,1
1031,1120496,215.0,675.5,1,35695,2
1031,1120497,1009.0,491.0,2,35695,3
1031,1120498,1031.5,419.0,1,35695,4
1031,1120499,768.25,338.0,2,35696,0
1031,1120500,733.0,315.0,1,35696,1
1031,1120501,759.8333129882812,444.4583435058594,3,35697,0
1031,1120502,1447.0,521.75,2,35697,1
1031,1120503,1150.0,456.0,1,35697,2
1031,1120504,1048.0,418.25,2,35697,3
1031,1120505,759.8333129882812,444.4583435058594,3,35698,0
1031,1120506,1274.5,424.5,1,35698,1
1031,1120507,1048.0,418.25,2,35698,2
1031,1120508,1236.0,366.0,1,35698,3
1031,1120509,761.5,418.5,1,35698,4
1031,1120510,1435.0,477.5,1,35698,5
1031,1120511,759.8333129882812,444.4583435058594,3,35699,0
1031,1120512,1459.0,566.0,1,35699,1
1031,1120513,761.5,418.5,1,35699,2
1031,1120514,1150.0,456.0,1,35699,3
1031,1120515,1048.0,418.25,2,35699,4
1031,1120516,759.8333129882812,444.4583435058594,3,35700,0
1031,1120517,1274.5,424.5,1,35700,1
1031,1120518,1447.0,521.75,2,35700,2
1031,1120519,761.5,418.5,1,35700,3
1031,1120520,1150.0,456.0,1,35700,4
1031,1120521,1048.0,418.25,2,35700,5
1031,1120522,1275.5,424.5,1,35700,6
1031,1120523,489.25,495.5,2,35701,0
1031,1120524,899.0,524.0,1,35701,1
1031,1120525,1430.0,642.5,1,35701,2
1031,1120526,1274.5,424.5,1,35702,0
1031,1120527,768.75,428.75,2,35702,1
1031,1120528,1255.75,395.25,2,35702,2
1031,1120529,1435.0,477.5,1,35702,3
1031,1120530,899.0,524.0,1,35703,0
1031,1120531,489.25,495.5,2,35703,1
1031,1120532,1015.5,489.5,1,35703,2
1031,1120533,215.0,675.5,1,35704,0
1031,1120534,1444.5,604.25,2,35704,1
1031,1120535,1150.0,456.0,1,35704,2
1031,1120536,699.5,317.0,2,35705,0
1031,1120537,733.0,315.0,2,35705,1
1031,1120538,1447.0,521.75,2,35706,0
1031,1120539,1031.5,419.0,1,35706,1
1031,1120540,1009.0,491.0,2,35706,2
1031,1120541,757.8333129882812,452.5,2,35706,3
1031,1120542,215.0,675.5,1,35706,4
1031,1120543,955.25,360.5,2,35707,0
1031,1120544,1236.0,366.0,1,35707,1
1031,1120545,1430.0,642.5,1,35708,0
1031,1120546,489.0,501.5,1,35708,1
1031,1120547,215.0,675.5,1,35708,2
1031,1120548,699.5,317.0,2,35709,0
1031,1120549,733.0,315.0,2,35709,1
1031,1120550,808.5,307.5,1,35710,0
1031,1120551,460.5,357.0,1,35711,0
1031,1120552,1048.0,418.25,2,35712,0
1031,1120553,1447.0,521.75,2,35712,1
1031,1120554,1150.0,456.0,1,35712,2
1031,1120555,759.8333129882812,444.4583435058594,3,35712,3
1031,1120556,1236.0,366.0,1,35713,0
1031,1120557,765.5,421.0,1,35713,1
1031,1120558,1274.5,424.5,1,35713,2
1031,1120559,927.5,361.5,1,35713,3
1031,1120560,723.375,327.4166564941406,3,35714,0
1031,1120561,733.0,315.0,2,35714,1
1031,1120562,1275.5,424.5,1,35715,0
1031,1120563,772.0,436.5,1,35715,1
1031,1120564,1274.5,424.5,1,35715,2
1031,1120565,733.0,315.0,2,35716,0
1031,1120566,723.375,327.4166564941406,3,35716,1
1031,1120567,281.0,323.5,1,35717,0
1041,1120479,526.25,495.5,2,35689,0
1041,1120480,894.5,524.0,1,35689,1
1041,1120481,964.75,360.25,2,35690,0
1041,1120482,1014.5,490.0,1,35691,0
1041,1120483,1422.5,519.25,2,35691,1
1041,1120484,1115.0,464.0,1,35691,2
1041,1120485,894.5,524.0,1,35691,3
1041,1120486,779.5,419.5,1,35692,0
1041,1120487,795.1666870117188,442.0,2,35692,1
1041,1120488,1649.0,350.5,1,35693,0
1041,1120489,1422.5,519.25,2,35694,0
1041,1120490,782.6666870117188,442.3333435058594,2,35694,1
1041,1120491,1256.0,426.5,1,35694,2
1041,1120492,1014.5,490.0,1,35694,3
1041,1120493,1060.25,421.0,2,35694,4
1041,1120494,1115.0,464.0,1,35695,0
1041,1120495,779.3333129882812,455.25,2,35695,1
1041,1120496,241.0,669.5,1,35695,2
1041,1120497,1027.75,492.0,2,35695,3
1041,1120498,1035.5,423.5,1,35695,4
1041,1120499,778.75,338.0,2,35696,0
1041,1120500,733.5,314.5,1,35696,1
1041,1120501,774.5833129882812,444.7083435058594,2,35697,0
1041,1120502,1422.5,519.25,2,35697,1
1041,1120503,1150.5,464.25,2,35697,2
1041,1120504,1069.25,421.25,2,35697,3
1041,1120505,774.5833129882812,444.7083435058594,2,35698,0
1041,1120506,1256.0,426.5,1,35698,1
1041,1120507,1069.25,421.25,2,35698,2
1041,1120508,1238.0,367.5,1,35698,3
1041,1120509,779.5,419.5,1,35698,4
1041,1120510,1410.0,476.0,1,35698,5
1041,1120511,774.5833129882812,444.7083435058594,2,35699,0
1041,1120512,1435.0,562.5,1,35699,1
1041,1120513,779.5,419.5,1,35699,2
1041,1120514,1150.5,464.25,2,35699,3
1041,1120515,1069.25,421.25,2,35699,4
1041,1120516,774.5833129882812,444.7083435058594,2,35700,0
1041,1120517,1256.0,426.5,1,35700,1
1041,1120518,1422.5,519.25,2,35700,2
1041,1120519,779.5,419.5,1,35700,3
1041,1120520,1150.5,464.25,2,35700,4
1041,1120521,1069.25,421.25,2,35700,5
1041,1120522,1270.5,427.0,1,35700,6
1041,1120523,526.25,495.5,2,35701,0
1041,1120524,894.5,524.0,1,35701,1
1041,1120525,1399.0,639.0,1,35701,2
1041,1120526,1256.0,426.5,1,35702,0
1041,1120527,799.25,431.25,2,35702,1
1041,1120528,1254.25,397.25,2,35702,2
1041,1120529,1410.0,476.0,1,35702,3
1041,1120530,894.5,524.0,1,35703,0
1041,1120531,526.25,495.5,2,35703,1
1041,1120532,1014.5,490.0,1,35703,2
1041,1120533,241.0,669.5,1,35704,0
1041,1120534,1417.0,600.75,2,35704,1
1041,1120535,1115.0,464.0,1,35704,2
1041,1120536,699.5,317.0,2,35705,0
1041,1120537,733.25,314.75,2,35705,1
1041,1120538,1422.5,519.25,2,35706,0
1041,1120539,1035.5,423.5,1,35706,1
1041,1120540,1027.75,492.0,2,35706,2
1041,1120541,779.3333129882812,455.25,2,35706,3
1041,1120542,241.0,669.5,1,35706,4
1041,1120543,964.75,360.25,2,35707,0
1041,1120544,1238.0,367.5,1,35707,1
1041,1120545,1399.0,639.0,1,35708,0
1041,1120546,526.0,502.0,1,35708,1
1041,1120547,241.0,669.5,1,35708,2
1041,1120548,699.5,317.0,2,35709,0
1041,1120549,733.25,314.75,2,35709,1
1041,1120550,810.5,307.5,1,35710,0
1041,1120551,460.5,357.0,1,35711,0
1041,1120552,1069.25,421.25,2,35712,0
1041,1120553,1422.5,519.25,2,35712,1
1041,1120554,1150.5,464.25,2,35712,2
1041,1120555,774.5833129882812,444.7083435058594,2,35712,3
1041,1120556,1238.0,367.5,1,35713,0
1041,1120557,788.0,424.5,1,35713,1
1041,1120558,1256.0,426.5,1,35713,2
1041,1120559,947.0,361.5,1,35713,3
1041,1120560,733.875,327.4166564941406,2,35714,0
1041,1120561,733.1666870117188,314.8333435058594,3,35714,1
1041,1120562,1270.5,427.0,1,35715,0
1041,1120563,810.5,438.0,1,35715,1
1041,1120564,1256.0,426.5,1,35715,2
1041,1120565,733.1666870117188,314.8333435058594,3,35716,0
1041,1120566,733.875,327.4166564941406,2,35716,1
1041,1120567,274.5,325.0,1,35717,0
1061,1120568,811.0,485.0,1,35718,0
1061,1120569,1360.0,474.0,1,35718,1
1061,1120570,1028.5,489.5,1,35718,2
1061,1120571,1249.5,423.0,1,35718,3
1061,1120572,1505.0,533.5,2,35718,4
1061,1120573,830.75,446.75,2,35718,5
1061,1120574,1221.5,435.5,1,35718,6
1061,1120575,1226.5,362.5,1,35719,0
1061,1120576,1170.0,359.5,1,35719,1
1061,1120577,1313.5,361.5,1,35719,2
1061,1120578,1620.0,490.0,1,35720,0
1061,1120579,1505.0,533.5,2,35720,1
1061,1120580,1360.0,474.0,1,35720,2
1061,1120581,711.0,510.5,1,35720,3
1061,1120582,300.5,501.5,1,35720,4
1061,1120583,630.0,418.0,1,35721,0
1061,1120584,830.75,446.75,2,35721,1
1061,1120585,1221.5,435.5,1,35721,2
1061,1120586,1650.0,350.5,1,35722,0
1061,1120587,1505.0,533.5,2,35723,0
1061,1120588,1296.0,437.5,1,35723,1
1061,1120589,1620.0,490.0,1,35723,2
1061,1120590,1284.1666259765625,443.6666564941406,3,35723,3
1061,1120591,1028.5,489.5,1,35723,4
1061,1120592,811.0,485.0,1,35723,5
1061,1120593,830.75,446.75,2,35724,0
1061,1120594,1221.5,435.5,1,35724,1
1061,1120595,811.0,485.0,1,35724,2
1061,1120596,630.0,418.0,1,35724,3
1061,1120597,1170.0,359.5,1,35725,0
1061,1120598,1313.5,361.5,1,35725,1
1061,1120599,1232.75,417.0,2,35725,2
1061,1120600,1247.3333740234375,426.6666564941406,3,35726,0
1061,1120601,1028.5,489.5,1,35726,1
1061,1120602,1252.1666259765625,448.1666564941406,3,35726,2
1061,1120603,1517.0,585.0,1,35726,3
1061,1120604,1247.3333740234375,426.6666564941406,3,35727,0
1061,1120605,1028.5,489.5,1,35727,1
1061,1120606,1258.75,436.5,2,35727,2
1061,1120607,1517.0,585.0,1,35727,3
1061,1120608,1360.0,474.0,1,35728,0
1061,1120609,761.0,497.75,2,35728,1
1061,1120610,1028.5,489.5,1,35728,2
1061,1120611,1249.5,423.0,1,35728,3
1061,1120612,1296.0,437.5,1,35728,4
1061,1120613,1505.0,533.5,2,35728,5
1061,1120614,1620.0,490.0,1,35728,6
1061,1120615,711.0,510.5,1,35729,0
1061,1120616,1249.5,423.0,1,35729,1
1061,1120617,1360.0,474.0,1,35729,2
1061,1120618,603.5,541.0,1,35729,3
1061,1120619,1493.0,482.0,1,35729,4
1061,1120620,1620.0,490.0,1,35729,5
1061,1120621,1230.25,453.5,2,35730,0
1061,1120622,821.5,439.0,1,35730,1
1061,1120623,300.5,501.5,1,35730,2
1061,1120624,1028.5,489.5,1,35730,3
1061,1120625,1247.3333740234375,426.6666564941406,3,35730,4
1061,1120626,811.0,485.0,1,35730,5
1061,1120627,630.0,418.0,1,35730,6
1061,1120628,300.5,501.5,1,35731,0
1061,1120629,603.5,541.0,1,35731,1
1061,1120630,966.0,568.0,1,35731,2
1061,1120631,1493.0,482.0,1,35731,3
1061,1120632,1620.0,490.0,1,35731,4
1061,1120633,1221.5,435.5,1,35731,5
1061,1120634,1052.5,493.25,2,35732,0
1061,1120635,1275.5,438.5,4,35732,1
1061,1120636,811.0,485.0,1,35732,2
1061,1120637,1230.25,453.5,2,35732,3
1061,1120638,1505.0,533.5,2,35732,4
1061,1120639,712.5,318.25,2,35733,0
1061,1120640,736.5,317.25,2,35733,1
1061,1120641,830.75,446.75,2,35734,0
1061,1120642,811.0,485.0,1,35734,1
1061,1120643,630.0,418.0,1,35734,2
1061,1120644,1313.5,361.5,1,35735,0
1061,1120645,1170.0,359.5,1,35735,1
1061,1120646,1226.5,362.5,1,35735,2
1061,1120647,603.5,541.0,1,35736,0
1061,1120648,966.0,568.0,1,35736,1
1061,1120649,711.0,510.5,1,35736,2
1061,1120650,300.5,501.5,1,35736,3
1061,1120651,1230.25,453.5,2,35737,0
1061,1120652,1206.1666259765625,405.1666564941406,3,35737,1
1061,1120653,1028.5,489.5,1,35737,2
1061,1120654,712.5,318.25,2,35738,0
1061,1120655,736.5,317.25,2,35738,1
1061,1120656,1418.0,721.5,1,35739,0
1061,1120657,966.0,568.0,1,35740,0
1061,1120658,603.5,541.0,1,35740,1
1061,1120659,300.5,501.5,1,35740,2
1061,1120660,460.0,356.5,1,35741,0
1061,1120661,1076.5,497.0,1,35742,0
1061,1120662,514.0,664.5,1,35742,1
1061,1120663,1028.5,489.5,1,35742,2
1061,1120664,1275.5,438.5,4,35743,0
1061,1120665,761.0,497.75,2,35743,1
1061,1120666,1028.5,489.5,1,35743,2
1061,1120667,1252.1666259765625,448.1666564941406,3,35743,3
1061,1120668,1493.0,482.0,1,35743,4
1061,1120669,736.5,317.25,2,35744,0
1061,1120670,712.5,318.25,2,35744,1
1061,1120671,1296.0,437.5,1,35745,0
1061,1120672,1505.0,533.5,2,35745,1
1061,1120673,1275.5,438.5,4,35745,2
1061,1120674,736.5,317.25,2,35746,0
1061,1120675,712.5,318.25,2,35746,1
1061,1120676,167.5,335.5,1,35747,0
1061,1120677,1505.0,533.5,2,35748,0
1061,1120678,1620.0,490.0,1,35748,1
1061,1120679,1296.0,437.5,1,35748,2
1061,1120680,761.0,497.75,2,35748,3
1061,1120681,1360.0,474.0,1,35748,4
1061,1120682,300.5,501.5,1,35748,5
1061,1120683,1028.5,489.5,1,35748,6
1061,1120684,1249.5,423.0,1,35748,7
1061,1120685,514.0,664.5,1,35749,0
1061,1120686,1076.5,497.0,1,35749,1
1071,1120568,811.0,485.0,1,35718,0
1071,1120569,1360.0,474.0,1,35718,1
1071,1120570,1028.5,489.5,1,35718,2
1071,1120571,1249.5,423.0,1,35718,3
1071,1120572,1505.0,533.5,2,35718,4
1071,1120573,830.75,446.75,2,35718,5
1071,1120574,1221.5,435.5,1,35718,6
1071,1120575,1226.5,362.5,1,35719,0
1071,1120576,1170.0,359.5,1,35719,1
1071,1120577,1313.5,361.5,1,35719,2
1071,1120578,1620.0,490.0,1,35720,0
1071,1120579,1505.0,533.5,2,35720,1
1071,1120580,1360.0,474.0,1,35720,2
1071,1120581,711.0,510.5,1,35720,3
1071,1120582,300.5,501.5,1,35720,4
1071,1120583,630.0,418.0,1,35721,0
1071,1120584,830.75,446.75,2,35721,1
1071,1120585,1221.5,435.5,1,35721,2
1071,1120586,1650.0,350.5,1,35722,0
1071,1120587,1505.0,533.5,2,35723,0
1071,1120588,1296.0,437.5,1,35723,1
1071,1120589,1620.0,490.0,1,35723,2
1071,1120590,1284.1666259765625,443.6666564941406,3,35723,3
1071,1120591,1028.5,489.5,1,35723,4
1071,1120592,811.0,485.0,1,35723,5
1071,1120593,830.75,446.75,2,35724,0
1071,1120594,1221.5,435.5,1,35724,1
1071,1120595,811.0,485.0,1,35724,2
1071,1120596,630.0,418.0,1,35724,3
1071,1120597,1170.0,359.5,1,35725,0
1071,1120598,1313.5,361.5,1,35725,1
1071,1120599,1232.75,417.0,2,35725,2
1071,1120600,1247.3333740234375,426.6666564941406,3,35726,0
1071,1120601,1028.5,489.5,1,35726,1
1071,1120602,1252.1666259765625,448.1666564941406,3,35726,2
1071,1120603,1517.0,585.0,1,35726,3
1071,1120604,1247.3333740234375,426.6666564941406,3,35727,0
1071,1120605,1028.5,489.5,1,35727,1
1071,1120606,1258.75,436.5,2,35727,2
1071,1120607,1517.0,585.0,1,35727,3
1071,1120608,1360.0,474.0,1,35728,0
1071,1120609,761.0,497.75,2,35728,1
1071,1120610,1028.5,489.5,1,35728,2
1071,1120611,1249.5,423.0,1,35728,3
1071,1120612,1296.0,437.5,1,35728,4
1071,1120613,1505.0,533.5,2,35728,5
1071,1120614,1620.0,490.0,1,35728,6
1071,1120615,711.0,510.5,1,35729,0
1071,1120616,1249.5,423.0,1,35729,1
1071,1120617,1360.0,474.0,1,35729,2
1071,1120618,603.5,541.0,1,35729,3
1071,1120619,1493.0,482.0,1,35729,4
1071,1120620,1620.0,490.0,1,35729,5
1071,1120621,1230.25,453.5,2,35730,0
1071,1120622,821.5,439.0,1,35730,1
1071,1120623,300.5,501.5,1,35730,2
1071,1120624,1028.5,489.5,1,35730,3
1071,1120625,1247.3333740234375,426.6666564941406,3,35730,4
1071,1120626,811.0,485.0,1,35730,5
1071,1120627,630.0,418.0,1,35730,6
1071,1120628,300.5,501.5,1,35731,0
1071,1120629,603.5,541.0,1,35731,1
1071,1120630,966.0,568.0,1,35731,2
1071,1120631,1493.0,482.0,1,35731,3
1071,1120632,1620.0,490.0,1,35731,4
1071,1120633,1221.5,435.5,1,35731,5
1071,1120634,1052.5,493.25,2,35732,0
1071,1120635,1275.5,438.5,4,35732,1
1071,1120636,811.0,485.0,1,35732,2
1071,1120637,1230.25,453.5,2,35732,3
1071,1120638,1505.0,533.5,2,35732,4
1071,1120639,712.5,318.25,2,35733,0
1071,1120640,736.5,317.25,2,35733,1
1071,1120641,830.75,446.75,2,35734,0
1071,1120642,811.0,485.0,1,35734,1
1071,1120643,630.0,418.0,1,35734,2
1071,1120644,1313.5,361.5,1,35735,0
1071,1120645,1170.0,359.5,1,35735,1
1071,1120646,1226.5,362.5,1,35735,2
1071,1120647,603.5,541.0,1,35736,0
1071,1120648,966.0,568.0,1,35736,1
1071,1120649,711.0,510.5,1,35736,2
1071,1120650,300.5,501.5,1,35736,3
1071,1120651,1230.25,453.5,2,35737,0
1071,1120652,1206.1666259765625,405.1666564941406,3,35737,1
1071,1120653,1028.5,489.5,1,35737,2
1071,1120654,712.5,318.25,2,35738,0
1071,1120655,736.5,317.25,2,35738,1
1071,1120656,1418.0,721.5,1,35739,0
1071,1120657,966.0,568.0,1,35740,0
1071,1120658,603.5,541.0,1,35740,1
1071,1120659,300.5,501.5,1,35740,2
1071,1120660,460.0,356.5,1,35741,0
1071,1120661,1076.5,497.0,1,35742,0
1071,1120662,514.0,664.5,1,35742,1
1071,1120663,1028.5,489.5,1,35742,2
1071,1120664,1275.5,438.5,4,35743,0
1071,1120665,761.0,497.75,2,35743,1
1071,1120666,1028.5,489.5,1,35743,2
1071,1120667,1252.1666259765625,448.1666564941406,3,35743,3
1071,1120668,1493.0,482.0,1,35743,4
1071,1120669,736.5,317.25,2,35744,0
1071,1120670,712.5,318.25,2,35744,1
1071,1120671,1296.0,437.5,1,35745,0
1071,1120672,1505.0,533.5,2,35745,1
1071,1120673,1275.5,438.5,4,35745,2
1071,1120674,736.5,317.25,2,35746,0
1071,1120675,712.5,318.25,2,35746,1
1071,1120676,167.5,335.5,1,35747,0
1071,1120677,1505.0,533.5,2,35748,0
1071,1120678,1620.0,490.0,1,35748,1
1071,1120679,1296.0,437.5,1,35748,2
1071,1120680,761.0,497.75,2,35748,3
1071,1120681,1360.0,474.0,1,35748,4
1071,1120682,300.5,501.5,1,35748,5
1071,1120683,1028.5,489.5,1,35748,6
1071,1120684,1249.5,423.0,1,35748,7
1071,1120685,514.0,664.5,1,35749,0
1071,1120686,1076.5,497.0,1,35749,1
1081,1120568,811.0,485.0,1,35718,0
1081,1120569,1360.0,474.0,1,35718,1
1081,1120570,1028.5,489.5,1,35718,2
1081,1120571,1249.5,423.0,1,35718,3
1081,1120572,1505.0,533.5,2,35718,4
1081,1120573,830.75,446.75,2,35718,5
1081,1120574,1221.5,435.5,1,35718,6
1081,1120575,1226.5,362.5,1,35719,0
1081,1120576,1170.0,359.5,1,35719,1
1081,1120577,1313.5,361.5,1,35719,2
1081,1120578,1620.0,490.0,1,35720,0
1081,1120579,1505.0,533.5,2,35720,1
1081,1120580,1360.0,474.0,1,35720,2
1081,1120581,711.0,510.5,1,35720,3
1081,1120582,300.5,501.5,1,35720,4
1081,1120583,630.0,418.0,1,35721,0
1081,1120584,830.75,446.75,2,35721,1
1081,1120585,1221.5,435.5,1,35721,2
1081,1120586,1650.0,350.5,1,35722,0
1081,1120587,1505.0,533.5,2,35723,0
1081,1120588,1296.0,437.5,1,35723,1
1081,1120589,1620.0,490.0,1,35723,2
1081,1120590,1284.1666259765625,443.6666564941406,3,35723,3
1081,1120591,1028.5,489.5,1,35723,4
1081,1120592,811.0,485.0,1,35723,5
1081,1120593,830.75,446.75,2,35724,0
1081,1120594,1221.5,435.5,1,35724,1
1081,1120595,811.0,485.0,1,35724,2
1081,1120596,630.0,418.0,1,35724,3
1081,1120597,1170.0,359.5,1,35725,0
1081,1120598,1313.5,361.5,1,35725,1
1081,1120599,1232.75,417.0,2,35725,2
1081,1120600,1247.3333740234375,426.6666564941406,3,35726,0
1081,1120601,1028.5,489.5,1,35726,1
1081,1120602,1252.1666259765625,448.1666564941406,3,35726,2
1081,1120603,1517.0,585.0,1,35726,3
1081,1120604,1247.3333740234375,426.6666564941406,3,35727,0
1081,1120605,1028.5,489.5,1,35727,1
1081,1120606,1258.75,436.5,2,35727,2
1081,1120607,1517.0,585.0,1,35727,3
1081,1120608,1360.0,474.0,1,35728,0
1081,1120609,761.0,497.75,2,35728,1
1081,1120610,1028.5,489.5,1,35728,2
1081,1120611,1249.5,423.0,1,35728,3
1081,1120612,1296.0,437.5,1,35728,4
1081,1120613,1505.0,533.5,2,35728,5
1081,1120614,1620.0,490.0,1,35728,6
1081,1120615,711.0,510.5,1,35729,0
1081,1120616,1249.5,423.0,1,35729,1
1081,1120617,1360.0,474.0,1,35729,2
1081,1120618,603.5,541.0,1,35729,3
1081,1120619,1493.0,482.0,1,35729,4
1081,1120620,1620.0,490.0,1,35729,5
1081,1120621,1230.25,453.5,2,35730,0
1081,1120622,821.5,439.0,1,35730,1
1081,1120623,300.5,501.5,1,35730,2
1081,1120624,1028.5,489.5,1,35730,3
1081,1120625,1247.3333740234375,426.6666564941406,3,35730,4
1081,1120626,811.0,485.0,1,35730,5
1081,1120627,630.0,418.0,1,35730,6
1081,1120628,300.5,501.5,1,35731,0
1081,1120629,603.5,541.0,1,35731,1
1081,1120630,966.0,568.0,1,35731,2
1081,1120631,1493.0,482.0,1,35731,3
1081,1120632,1620.0,490.0,1,35731,4
1081,1120633,1221.5,435.5,1,35731,5
1081,1120634,1052.5,493.25,2,35732,0
1081,1120635,1275.5,438.5,4,35732,1
1081,1120636,811.0,485.0,1,35732,2
1081,1120637,1230.25,453.5,2,35732,3
1081,1120638,1505.0,533.5,2,35732,4
1081,1120639,712.5,318.25,2,35733,0
1081,1120640,736.5,317.25,2,35733,1
1081,1120641,830.75,446.75,2,35734,0
1081,1120642,811.0,485.0,1,35734,1
1081,1120643,630.0,418.0,1,35734,2
1081,1120644,1313.5,361.5,1,35735,0
1081,1120645,1170.0,359.5,1,35735,1
1081,1120646,1226.5,362.5,1,35735,2
1081,1120647,603.5,541.0,1,35736,0
1081,1120648,966.0,568.0,1,35736,1
1081,1120649,711.0,510.5,1,35736,2
1081,1120650,300.5,501.5,1,35736,3
1081,1120651,1230.25,453.5,2,35737,0
1081,1120652,1206.1666259765625,405.1666564941406,3,35737,1
1081,1120653,1028.5,489.5,1,35737,2
1081,1120654,712.5,318.25,2,35738,0
1081,1120655,736.5,317.25,2,35738,1
1081,1120656,1418.0,721.5,1,35739,0
1081,1120657,966.0,568.0,1,35740,0
1081,1120658,603.5,541.0,1,35740,1
1081,1120659,300.5,501.5,1,35740,2
1081,1120660,460.0,356.5,1,35741,0
1081,1120661,1076.5,497.0,1,35742,0
1081,1120662,514.0,664.5,1,35742,1
1081,1120663,1028.5,489.5,1,35742,2
1081,1120664,1275.5,438.5,4,35743,0
1081,1120665,761.0,497.75,2,35743,1
1081,1120666,1028.5,489.5,1,35743,2
1081,1120667,1252.1666259765625,448.1666564941406,3,35743,3
1081,1120668,1493.0,482.0,1,35743,4
1081,1120669,736.5,317.25,2,35744,0
1081,1120670,712.5,318.25,2,35744,1
1081,1120671,1296.0,437.5,1,35745,0
1081,1120672,1505.0,533.5,2,35745,1
1081,1120673,1275.5,438.5,4,35745,2
1081,1120674,736.5,317.25,2,35746,0
1081,1120675,712.5,318.25,2,35746,1
1081,1120676,167.5,335.5,1,35747,0
1081,1120677,1505.0,533.5,2,35748,0
1081,1120678,1620.0,490.0,1,35748,1
1081,1120679,1296.0,437.5,1,35748,2
1081,1120680,761.0,497.75,2,35748,3
1081,1120681,1360.0,474.0,1,35748,4
1081,1120682,300.5,501.5,1,35748,5
1081,1120683,1028.5,489.5,1,35748,6
1081,1120684,1249.5,423.0,1,35748,7
1081,1120685,514.0,664.5,1,35749,0
1081,1120686,1076.5,497.0,1,35749,1
1091,1120568,811.0,485.0,1,35718,0
1091,1120569,1360.0,474.0,1,35718,1
1091,1120570,1028.5,489.5,1,35718,2
1091,1120571,1249.5,423.0,1,35718,3
1091,1120572,1505.0,533.5,2,35718,4
1091,1120573,830.75,446.75,2,35718,5
1091,1120574,1221.5,435.5,1,35718,6
1091,1120575,1226.5,362.5,1,35719,0
1091,1120576,1170.0,359.5,1,35719,1
1091,1120577,1313.5,361.5,1,35719,2
1091,1120578,1620.0,490.0,1,35720,0
1091,1120579,1505.0,533.5,2,35720,1
1091,1120580,1360.0,474.0,1,35720,2
1091,1120581,711.0,510.5,1,35720,3
1091,1120582,300.5,501.5,1,35720,4
1091,1120583,630.0,418.0,1,35721,0
1091,1120584,830.75,446.75,2,35721,1
1091,1120585,1221.5,435.5,1,35721,2
1091,1120586,1650.0,350.5,1,35722,0
1091,1120587,1505.0,533.5,2,35723,0
1091,1120588,1296.0,437.5,1,35723,1
1091,1120589,1620.0,490.0,1,35723,2
1091,1120590,1284.1666259765625,443.6666564941406,3,35723,3
1091,1120591,1028.5,489.5,1,35723,4
1091,1120592,811.0,485.0,1,35723,5
1091,1120593,830.75,446.75,2,35724,0
1091,1120594,1221.5,435.5,1,35724,1
1091,1120595,811.0,485.0,1,35724,2
1091,1120596,630.0,418.0,1,35724,3
1091,1120597,1170.0,359.5,1,35725,0
1091,1120598,1313.5,361.5,1,35725,1
1091,1120599,1232.75,417.0,2,35725,2
1091,1120600,1247.3333740234375,426.6666564941406,3,35726,0
1091,1120601,1028.5,489.5,1,35726,1
1091,1120602,1252.1666259765625,448.1666564941406,3,35726,2
1091,1120603,1517.0,585.0,1,35726,3
1091,1120604,1247.3333740234375,426.6666564941406,3,35727,0
1091,1120605,1028.5,489.5,1,35727,1
1091,1120606,1258.75,436.5,2,35727,2
1091,1120607,1517.0,585.0,1,35727,3
1091,1120608,1360.0,474.0,1,35728,0
1091,1120609,761.0,497.75,2,35728,1
1091,1120610,1028.5,489.5,1,35728,2
1091,1120611,1249.5,423.0,1,35728,3
1091,1120612,1296.0,437.5,1,35728,4
1091,1120613,1505.0,533.5,2,35728,5
1091,1120614,1620.0,490.0,1,35728,6
1091,1120615,711.0,510.5,1,35729,0
1091,1120616,1249.5,423.0,1,35729,1
1091,1120617,1360.0,474.0,1,35729,2
1091,1120618,603.5,541.0,1,35729,3
1091,1120619,1493.0,482.0,1,35729,4
1091,1120620,1620.0,490.0,1,35729,5
1091,1120621,1230.25,453.5,2,35730,0
1091,1120622,821.5,439.0,1,35730,1
1091,1120623,300.5,501.5,1,35730,2
1091,1120624,1028.5,489.5,1,35730,3
1091,1120625,1247.3333740234375,426.6666564941406,3,35730,4
1091,1120626,811.0,485.0,1,35730,5
1091,1120627,630.0,418.0,1,35730,6
1091,1120628,300.5,501.5,1,35731,0
1091,1120629,603.5,541.0,1,35731,1
1091,1120630,966.0,568.0,1,35731,2
1091,1120631,1493.0,482.0,1,35731,3
1091,1120632,1620.0,490.0,1,35731,4
1091,1120633,1221.5,435.5,1,35731,5
1091,1120634,1052.5,493.25,2,35732,0
1091,1120635,1275.5,438.5,4,35732,1
1091,1120636,811.0,485.0,1,35732,2
1091,1120637,1230.25,453.5,2,35732,3
1091,1120638,1505.0,533.5,2,35732,4
1091,1120639,712.5,318.25,2,35733,0
1091,1120640,736.5,317.25,2,35733,1
1091,1120641,830.75,446.75,2,35734,0
1091,1120642,811.0,485.0,1,35734,1
1091,1120643,630.0,418.0,1,35734,2
1091,1120644,1313.5,361.5,1,35735,0
1091,1120645,1170.0,359.5,1,35735,1
1091,1120646,1226.5,362.5,1,35735,2
1091,1120647,603.5,541.0,1,35736,0
1091,1120648,966.0,568.0,1,35736,1
1091,1120649,711.0,510.5,1,35736,2
1091,1120650,300.5,501.5,1,35736,3
1091,1120651,1230.25,453.5,2,35737,0
1091,1120652,1206.1666259765625,405.1666564941406,3,35737,1
1091,1120653,1028.5,489.5,1,35737,2
1091,1120654,712.5,318.25,2,35738,0
1091,1120655,736.5,317.25,2,35738,1
1091,1120656,1418.0,721.5,1,35739,0
1091,1120657,966.0,568.0,1,35740,0
1091,1120658,603.5,541.0,1,35740,1
1091,1120659,300.5,501.5,1,35740,2
1091,1120660,460.0,356.5,1,35741,0
1091,1120661,1076.5,497.0,1,35742,0
1091,1120662,514.0,664.5,1,35742,1
1091,1120663,1028.5,489.5,1,35742,2
1091,1120664,1275.5,438.5,4,35743,0
1091,1120665,761.0,497.75,2,35743,1
1091,1120666,1028.5,489.5,1,35743,2
1091,1120667,1252.1666259765625,448.1666564941406,3,35743,3
1091,1120668,1493.0,482.0,1,35743,4
1091,1120669,736.5,317.25,2,35744,0
1091,1120670,712.5,318.25,2,35744,1
1091,1120671,1296.0,437.5,1,35745,0
1091,1120672,1505.0,533.5,2,35745,1
1091,1120673,1275.5,438.5,4,35745,2
1091,1120674,736.5,317.25,2,35746,0
1091,1120675,712.5,318.25,2,35746,1
1091,1120676,167.5,335.5,1,35747,0
1091,1120677,1505.0,533.5,2,35748,0
1091,1120678,1620.0,490.0,1,35748,1
1091,1120679,1296.0,437.5,1,35748,2
1091,1120680,761.0,497.75,2,35748,3
1091,1120681,1360.0,474.0,1,35748,4
1091,1120682,300.5,501.5,1,35748,5
1091,1120683,1028.5,489.5,1,35748,6
1091,1120684,1249.5,423.0,1,35748,7
1091,1120685,514.0,664.5,1,35749,0
1091,1120686,1076.5,497.0,1,35749,1
1101,1120568,811.0,485.0,1,35718,0
1101,1120569,1360.0,474.0,1,35718,1
1101,1120570,1028.5,489.5,1,35718,2
1101,1120571,1249.5,423.0,1,35718,3
1101,1120572,1505.0,533.5,2,35718,4
1101,1120573,830.75,446.75,2,35718,5
1101,1120574,1221.5,435.5,1,35718,6
1101,1120575,1226.5,362.5,1,35719,0
1101,1120576,1170.0,359.5,1,35719,1
1101,1120577,1313.5,361.5,1,35719,2
1101,1120578,1620.0,490.0,1,35720,0
1101,1120579,1505.0,533.5,2,35720,1
1101,1120580,1360.0,474.0,1,35720,2
1101,1120581,711.0,510.5,1,35720,3
1101,1120582,300.5,501.5,1,35720,4
1101,1120583,630.0,418.0,1,35721,0
1101,1120584,830.75,446.75,2,35721,1
1101,1120585,1221.5,435.5,1,35721,2
1101,1120586,1650.0,350.5,1,35722,0
1101,1120587,1505.0,533.5,2,35723,0
1101,1120588,1296.0,437.5,1,35723,1
1101,1120589,1620.0,490.0,1,35723,2
1101,1120590,1284.1666259765625,443.6666564941406,3,35723,3
1101,1120591,1028.5,489.5,1,35723,4
1101,1120592,811.0,485.0,1,35723,5
1101,1120593,830.75,446.75,2,35724,0
1101,1120594,1221.5,435.5,1,35724,1
1101,1120595,811.0,485.0,1,35724,2
1101,1120596,630.0,418.0,1,35724,3
1101,1120597,1170.0,359.5,1,35725,0
1101,1120598,1313.5,361.5,1,35725,1
1101,1120599,1232.75,417.0,2,35725,2
1101,1120600,1247.3333740234375,426.6666564941406,3,35726,0
1101,1120601,1028.5,489.5,1,35726,1
1101,1120602,1252.1666259765625,448.1666564941406,3,35726,2
1101,1120603,1517.0,585.0,1,35726,3
1101,1120604,1247.3333740234375,426.6666564941406,3,35727,0
1101,1120605,1028.5,489.5,1,35727,1
1101,1120606,1258.75,436.5,2,35727,2
1101,1120607,1517.0,585.0,1,35727,3
1101,1120608,1360.0,474.0,1,35728,0
1101,1120609,761.0,497.75,2,35728,1
1101,1120610,1028.5,489.5,1,35728,2
1101,1120611,1249.5,423.0,1,35728,3
1101,1120612,1296.0,437.5,1,35728,4
1101,1120613,1505.0,533.5,2,35728,5
1101,1120614,1620.0,490.0,1,35728,6
1101,1120615,711.0,510.5,1,35729,0
1101,1120616,1249.5,423.0,1,35729,1
1101,1120617,1360.0,474.0,1,35729,2
1101,1120618,603.5,541.0,1,35729,3
1101,1120619,1493.0,482.0,1,35729,4
1101,1120620,1620.0,490.0,1,35729,5
1101,1120621,1230.25,453.5,2,35730,0
1101,1120622,821.5,439.0,1,35730,1
1101,1120623,300.5,501.5,1,35730,2
1101,1120624,1028.5,489.5,1,35730,3
1101,1120625,1247.3333740234375,426.6666564941406,3,35730,4
1101,1120626,811.0,485.0,1,35730,5
1101,1120627,630.0,418.0,1,35730,6
1101,1120628,300.5,501.5,1,35731,0
1101,1120629,603.5,541.0,1,35731,1
1101,1120630,966.0,568.0,1,35731,2
1101,1120631,1493.0,482.0,1,35731,3
1101,1120632,1620.0,490.0,1,35731,4
1101,1120633,1221.5,435.5,1,35731,5
1101,1120634,1052.5,493.25,2,35732,0
1101,1120635,1275.5,438.5,4,35732,1
1101,1120636,811.0,485.0,1,35732,2
1101,1120637,1230.25,453.5,2,35732,3
1101,1120638,1505.0,533.5,2,35732,4
1101,1120639,712.5,318.25,2,35733,0
1101,1120640,736.5,317.25,2,35733,1
1101,1120641,830.75,446.75,2,35734,0
1101,1120642,811.0,485.0,1,35734,1
1101,1120643,630.0,418.0,1,35734,2
1101,1120644,1313.5,361.5,1,35735,0
1101,1120645,1170.0,359.5,1,35735,1
1101,1120646,1226.5,362.5,1,35735,2
1101,1120647,603.5,541.0,1,35736,0
1101,1120648,966.0,568.0,1,35736,1
1101,1120649,711.0,510.5,1,35736,2
1101,1120650,300.5,501.5,1,35736,3
1101,1120651,1230.25,453.5,2,35737,0
1101,1120652,1206.1666259765625,405.1666564941406,3,35737,1
1101,1120653,1028.5,489.5,1,35737,2
1101,1120654,712.5,318.25,2,35738,0
1101,1120655,736.5,317.25,2,35738,1
1101,1120656,1418.0,721.5,1,35739,0
1101,1120657,966.0,568.0,1,35740,0
1101,1120658,603.5,541.0,1,35740,1
1101,1120659,300.5,501.5,1,35740,2
1101,1120660,460.0,356.5,1,35741,0
1101,1120661,1076.5,497.0,1,35742,0
1101,1120662,514.0,664.5,1,35742,1
1101,1120663,1028.5,489.5,1,35742,2
1101,1120664,1275.5,438.5,4,35743,0
1101,1120665,761.0,497.75,2,35743,1
1101,1120666,1028.5,489.5,1,35743,2
1101,1120667,1252.1666259765625,448.1666564941406,3,35743,3
1101,1120668,1493.0,482.0,1,35743,4
1101,1120669,736.5,317.25,2,35744,0
1101,1120670,712.5,318.25,2,35744,1
1101,1120671,1296.0,437.5,1,35745,0
1101,1120672,1505.0,533.5,2,35745,1
1101,1120673,1275.5,438.5,4,35745,2
1101,1120674,736.5,317.25,2,35746,0
1101,1120675,712.5,318.25,2,35746,1
1101,1120676,167.5,335.5,1,35747,0
1101,1120677,1505.0,533.5,2,35748,0
1101,1120678,1620.0,490.0,1,35748,1
1101,1120679,1296.0,437.5,1,35748,2
1101,1120680,761.0,497.75,2,35748,3
1101,1120681,1360.0,474.0,1,35748,4
1101,1120682,300.5,501.5,1,35748,5
1101,1120683,1028.5,489.5,1,35748,6
1101,1120684,1249.5,423.0,1,35748,7
1101,1120685,514.0,664.5,1,35749,0
1101,1120686,1076.5,497.0,1,35749,1
1111,1120568,811.0,485.0,1,35718,0
1111,1120569,1360.0,474.0,1,35718,1
1111,1120570,1028.5,489.5,1,35718,2
1111,1120571,1249.5,423.0,1,35718,3
1111,1120572,1505.0,533.5,2,35718,4
1111,1120573,830.75,446.75,2,35718,5
1111,1120574,1221.5,435.5,1,35718,6
1111,1120575,1226.5,362.5,1,35719,0
1111,1120576,1170.0,359.5,1,35719,1
1111,1120577,1313.5,361.5,1,35719,2
1111,1120578,1620.0,490.0,1,35720,0
1111,1120579,1505.0,533.5,2,35720,1
1111,1120580,1360.0,474.0,1,35720,2
1111,1120581,711.0,510.5,1,35720,3
1111,1120582,300.5,501.5,1,35720,4
1111,1120583,630.0,418.0,1,35721,0
1111,1120584,830.75,446.75,2,35721,1
1111,1120585,1221.5,435.5,1,35721,2
1111,1120586,1650.0,350.5,1,35722,0
1111,1120587,1505.0,533.5,2,35723,0
1111,1120588,1296.0,437.5,1,35723,1
1111,1120589,1620.0,490.0,1,35723,2
1111,1120590,1284.1666259765625,443.6666564941406,3,35723,3
1111,1120591,1028.5,489.5,1,35723,4
1111,1120592,811.0,485.0,1,35723,5
1111,1120593,830.75,446.75,2,35724,0
1111,1120594,1221.5,435.5,1,35724,1
1111,1120595,811.0,485.0,1,35724,2
1111,1120596,630.0,418.0,1,35724,3
1111,1120597,1170.0,359.5,1,35725,0
1111,1120598,1313.5,361.5,1,35725,1
1111,1120599,1232.75,417.0,2,35725,2
1111,1120600,1247.3333740234375,426.6666564941406,3,35726,0
1111,1120601,1028.5,489.5,1,35726,1
1111,1120602,1252.1666259765625,448.1666564941406,3,35726,2
1111,1120603,1517.0,585.0,1,35726,3
1111,1120604,1247.3333740234375,426.6666564941406,3,35727,0
1111,1120605,1028.5,489.5,1,35727,1
1111,1120606,1258.75,436.5,2,35727,2
1111,1120607,1517.0,585.0,1,35727,3
1111,1120608,1360.0,474.0,1,35728,0
1111,1120609,761.0,497.75,2,35728,1
1111,1120610,1028.5,489.5,1,35728,2
1111,1120611,1249.5,423.0,1,35728,3
1111,1120612,1296.0,437.5,1,35728,4
1111,1120613,1505.0,533.5,2,35728,5
1111,1120614,1620.0,490.0,1,35728,6
1111,1120615,711.0,510.5,1,35729,0
1111,1120616,1249.5,423.0,1,35729,1
1111,1120617,1360.0,474.0,1,35729,2
1111,1120618,603.5,541.0,1,35729,3
1111,1120619,1493.0,482.0,1,35729,4
1111,1120620,1620.0,490.0,1,35729,5
1111,1120621,1230.25,453.5,2,35730,0
1111,1120622,821.5,439.0,1,35730,1
1111,1120623,300.5,501.5,1,35730,2
1111,1120624,1028.5,489.5,1,35730,3
1111,1120625,1247.3333740234375,426.6666564941406,3,35730,4
1111,1120626,811.0,485.0,1,35730,5
1111,1120627,630.0,418.0,1,35730,6
1111,1120628,300.5,501.5,1,35731,0
1111,1120629,603.5,541.0,1,35731,1
1111,1120630,966.0,568.0,1,35731,2
1111,1120631,1493.0,482.0,1,35731,3
1111,1120632,1620.0,490.0,1,35731,4
1111,1120633,1221.5,435.5,1,35731,5
1111,1120634,1052.5,493.25,2,35732,0
1111,1120635,1275.5,438.5,4,35732,1
1111,1120636,811.0,485.0,1,35732,2
1111,1120637,1230.25,453.5,2,35732,3
1111,1120638,1505.0,533.5,2,35732,4
1111,1120639,712.5,318.25,2,35733,0
1111,1120640,736.5,317.25,2,35733,1
1111,1120641,830.75,446.75,2,35734,0
1111,1120642,811.0,485.0,1,35734,1
1111,1120643,630.0,418.0,1,35734,2
1111,1120644,1313.5,361.5,1,35735,0
1111,1120645,1170.0,359.5,1,35735,1
1111,1120646,1226.5,362.5,1,35735,2
1111,1120647,603.5,541.0,1,35736,0
1111,1120648,966.0,568.0,1,35736,1
1111,1120649,711.0,510.5,1,35736,2
1111,1120650,300.5,501.5,1,35736,3
1111,1120651,1230.25,453.5,2,35737,0
1111,1120652,1206.1666259765625,405.1666564941406,3,35737,1
1111,1120653,1028.5,489.5,1,35737,2
1111,1120654,712.5,318.25,2,35738,0
1111,1120655,736.5,317.25,2,35738,1
1111,1120656,1418.0,721.5,1,35739,0
1111,1120657,966.0,568.0,1,35740,0
1111,1120658,603.5,541.0,1,35740,1
1111,1120659,300.5,501.5,1,35740,2
1111,1120660,460.0,356.5,1,35741,0
1111,1120661,1076.5,497.0,1,35742,0
1111,1120662,514.0,664.5,1,35742,1
1111,1120663,1028.5,489.5,1,35742,2
1111,1120664,1275.5,438.5,4,35743,0
1111,1120665,761.0,497.75,2,35743,1
1111,1120666,1028.5,489.5,1,35743,2
1111,1120667,1252.1666259765625,448.1666564941406,3,35743,3
1111,1120668,1493.0,482.0,1,35743,4
1111,1120669,736.5,317.25,2,35744,0
1111,1120670,712.5,318.25,2,35744,1
1111,1120671,1296.0,437.5,1,35745,0
1111,1120672,1505.0,533.5,2,35745,1
1111,1120673,1275.5,438.5,4,35745,2
1111,1120674,736.5,317.25,2,35746,0
1111,1120675,712.5,318.25,2,35746,1
1111,1120676,167.5,335.5,1,35747,0
1111,1120677,1505.0,533.5,2,35748,0
1111,1120678,1620.0,490.0,1,35748,1
1111,1120679,1296.0,437.5,1,35748,2
1111,1120680,761.0,497.75,2,35748,3
1111,1120681,1360.0,474.0,1,35748,4
1111,1120682,300.5,501.5,1,35748,5
1111,1120683,1028.5,489.5,1,35748,6
1111,1120684,1249.5,423.0,1,35748,7
1111,1120685,514.0,664.5,1,35749,0
1111,1120686,1076.5,497.0,1,35749,1
1121,1120568,811.0,485.0,1,35718,0
1121,1120569,1360.0,474.0,1,35718,1
1121,1120570,1028.5,489.5,1,35718,2
1121,1120571,1249.5,423.0,1,35718,3
1121,1120572,1505.0,533.5,2,35718,4
1121,1120573,830.75,446.75,2,35718,5
1121,1120574,1221.5,435.5,1,35718,6
1121,1120575,1226.5,362.5,1,35719,0
1121,1120576,1170.0,359.5,1,35719,1
1121,1120577,1313.5,361.5,1,35719,2
1121,1120578,1620.0,490.0,1,35720,0
1121,1120579,1505.0,533.5,2,35720,1
1121,1120580,1360.0,474.0,1,35720,2
1121,1120581,711.0,510.5,1,35720,3
1121,1120582,300.5,501.5,1,35720,4
1121,1120583,630.0,418.0,1,35721,0
1121,1120584,830.75,446.75,2,35721,1
1121,1120585,1221.5,435.5,1,35721,2
1121,1120586,1650.0,350.5,1,35722,0
1121,1120587,1505.0,533.5,2,35723,0
1121,1120588,1296.0,437.5,1,35723,1
1121,1120589,1620.0,490.0,1,35723,2
1121,1120590,1284.1666259765625,443.6666564941406,3,35723,3
1121,1120591,1028.5,489.5,1,35723,4
1121,1120592,811.0,485.0,1,35723,5
1121,1120593,830.75,446.75,2,35724,0
1121,1120594,1221.5,435.5,1,35724,1
1121,1120595,811.0,485.0,1,35724,2
1121,1120596,630.0,418.0,1,35724,3
1121,1120597,1170.0,359.5,1,35725,0
1121,1120598,1313.5,361.5,1,35725,1
1121,1120599,1232.75,417.0,2,35725,2
1121,1120600,1247.3333740234375,426.6666564941406,3,35726,0
1121,1120601,1028.5,489.5,1,35726,1
1121,1120602,1252.1666259765625,448.1666564941406,3,35726,2
1121,1120603,1517.0,585.0,1,35726,3
1121,1120604,1247.3333740234375,426.6666564941406,3,35727,0
1121,1120605,1028.5,489.5,1,35727,1
1121,1120606,1258.75,436.5,2,35727,2
1121,1120607,1517.0,585.0,1,35727,3
1121,1120608,1360.0,474.0,1,35728,0
1121,1120609,761.0,497.75,2,35728,1
1121,1120610,1028.5,489.5,1,35728,2
1121,1120611,1249.5,423.0,1,35728,3
1121,1120612,1296.0,437.5,1,35728,4
1121,1120613,1505.0,533.5,2,35728,5
1121,1120614,1620.0,490.0,1,35728,6
1121,1120615,711.0,510.5,1,35729,0
1121,1120616,1249.5,423.0,1,35729,1
1121,1120617,1360.0,474.0,1,35729,2
1121,1120618,603.5,541.0,1,35729,3
1121,1120619,1493.0,482.0,1,35729,4
1121,1120620,1620.0,490.0,1,35729,5
1121,1120621,1230.25,453.5,2,35730,0
1121,1120622,821.5,439.0,1,35730,1
1121,1120623,300.5,501.5,1,35730,2
1121,1120624,1028.5,489.5,1,35730,3
1121,1120625,1247.3333740234375,426.6666564941406,3,35730,4
1121,1120626,811.0,485.0,1,35730,5
1121,1120627,630.0,418.0,1,35730,6
1121,1120628,300.5,501.5,1,35731,0
1121,1120629,603.5,541.0,1,35731,1
1121,1120630,966.0,568.0,1,35731,2
1121,1120631,1493.0,482.0,1,35731,3
1121,1120632,1620.0,490.0,1,35731,4
1121,1120633,1221.5,435.5,1,35731,5
1121,1120634,1052.5,493.25,2,35732,0
1121,1120635,1275.5,438.5,4,35732,1
1121,1120636,811.0,485.0,1,35732,2
1121,1120637,1230.25,453.5,2,35732,3
1121,1120638,1505.0,533.5,2,35732,4
1121,1120639,712.5,318.25,2,35733,0
1121,1120640,736.5,317.25,2,35733,1
1121,1120641,830.75,446.75,2,35734,0
1121,1120642,811.0,485.0,1,35734,1
1121,1120643,630.0,418.0,1,35734,2
1121,1120644,1313.5,361.5,1,35735,0
1121,1120645,1170.0,359.5,1,35735,1
1121,1120646,1226.5,362.5,1,35735,2
1121,1120647,603.5,541.0,1,35736,0
1121,1120648,966.0,568.0,1,35736,1
1121,1120649,711.0,510.5,1,35736,2
1121,1120650,300.5,501.5,1,35736,3
1121,1120651,1230.25,453.5,2,35737,0
1121,1120652,1206.1666259765625,405.1666564941406,3,35737,1
1121,1120653,1028.5,489.5,1,35737,2
1121,1120654,712.5,318.25,2,35738,0
1121,1120655,736.5,317.25,2,35738,1
1121,1120656,1418.0,721.5,1,35739,0
1121,1120657,966.0,568.0,1,35740,0
1121,1120658,603.5,541.0,1,35740,1
1121,1120659,300.5,501.5,1,35740,2
1121,1120660,460.0,356.5,1,35741,0
1121,1120661,1076.5,497.0,1,35742,0
1121,1120662,514.0,664.5,1,35742,1
1121,1120663,1028.5,489.5,1,35742,2
1121,1120664,1275.5,438.5,4,35743,0
1121,1120665,761.0,497.75,2,35743,1
1121,1120666,1028.5,489.5,1,35743,2
1121,1120667,1252.1666259765625,448.1666564941406,3,35743,3
1121,1120668,1493.0,482.0,1,35743,4
1121,1120669,736.5,317.25,2,35744,0
1121,1120670,712.5,318.25,2,35744,1
1121,1120671,1296.0,437.5,1,35745,0
1121,1120672,1505.0,533.5,2,35745,1
1121,1120673,1275.5,438.5,4,35745,2
1121,1120674,736.5,317.25,2,35746,0
1121,1120675,712.5,318.25,2,35746,1
1121,1120676,167.5,335.5,1,35747,0
1121,1120677,1505.0,533.5,2,35748,0
1121,1120678,1620.0,490.0,1,35748,1
1121,1120679,1296.0,437.5,1,35748,2
1121,1120680,761.0,497.75,2,35748,3
1121,1120681,1360.0,474.0,1,35748,4
1121,1120682,300.5,501.5,1,35748,5
1121,1120683,1028.5,489.5,1,35748,6
1121,1120684,1249.5,423.0,1,35748,7
1121,1120685,514.0,664.5,1,35749,0
1121,1120686,1076.5,497.0,1,35749,1
1131,1120568,811.0,485.0,1,35718,0
1131,1120569,1360.0,474.0,1,35718,1
1131,1120570,1028.5,489.5,1,35718,2
1131,1120571,1249.5,423.0,1,35718,3
1131,1120572,1505.0,533.5,2,35718,4
1131,1120573,830.75,446.75,2,35718,5
1131,1120574,1221.5,435.5,1,35718,6
1131,1120575,1226.5,362.5,1,35719,0
1131,1120576,1170.0,359.5,1,35719,1
1131,1120577,1313.5,361.5,1,35719,2
1131,1120578,1620.0,490.0,1,35720,0
1131,1120579,1505.0,533.5,2,35720,1
1131,1120580,1360.0,474.0,1,35720,2
1131,1120581,711.0,510.5,1,35720,3
1131,1120582,300.5,501.5,1,35720,4
1131,1120583,630.0,418.0,1,35721,0
1131,1120584,830.75,446.75,2,35721,1
1131,1120585,1221.5,435.5,1,35721,2
1131,1120586,1650.0,350.5,1,35722,0
1131,1120587,1505.0,533.5,2,35723,0
1131,1120588,1296.0,437.5,1,35723,1
1131,1120589,1620.0,490.0,1,35723,2
1131,1120590,1284.1666259765625,443.6666564941406,3,35723,3
1131,1120591,1028.5,489.5,1,35723,4
1131,1120592,811.0,485.0,1,35723,5
1131,1120593,830.75,446.75,2,35724,0
1131,1120594,1221.5,435.5,1,35724,1
1131,1120595,811.0,485.0,1,35724,2
1131,1120596,630.0,418.0,1,35724,3
1131,1120597,1170.0,359.5,1,35725,0
1131,1120598,1313.5,361.5,1,35725,1
1131,1120599,1232.75,417.0,2,35725,2
1131,1120600,1247.3333740234375,426.6666564941406,3,35726,0
1131,1120601,1028.5,489.5,1,35726,1
1131,1120602,1252.1666259765625,448.1666564941406,3,35726,2
1131,1120603,1517.0,585.0,1,35726,3
1131,1120604,1247.3333740234375,426.6666564941406,3,35727,0
1131,1120605,1028.5,489.5,1,35727,1
1131,1120606,1258.75,436.5,2,35727,2
1131,1120607,1517.0,585.0,1,35727,3
1131,1120608,1360.0,474.0,1,35728,0
1131,1120609,761.0,497.75,2,35728,1
1131,1120610,1028.5,489.5,1,35728,2
1131,1120611,1249.5,423.0,1,35728,3
1131,1120612,1296.0,437.5,1,35728,4
1131,1120613,1505.0,533.5,2,35728,5
1131,1120614,1620.0,490.0,1,35728,6
1131,1120615,711.0,510.5,1,35729,0
1131,1120616,1249.5,423.0,1,35729,1
1131,1120617,1360.0,474.0,1,35729,2
1131,1120618,603.5,541.0,1,35729,3
1131,1120619,1493.0,482.0,1,35729,4
1131,1120620,1620.0,490.0,1,35729,5
1131,1120621,1230.25,453.5,2,35730,0
1131,1120622,821.5,439.0,1,35730,1
1131,1120623,300.5,501.5,1,35730,2
1131,1120624,1028.5,489.5,1,35730,3
1131,1120625,1247.3333740234375,426.6666564941406,3,35730,4
1131,1120626,811.0,485.0,1,35730,5
1131,1120627,630.0,418.0,1,35730,6
1131,1120628,300.5,501.5,1,35731,0
1131,1120629,603.5,541.0,1,35731,1
1131,1120630,966.0,568.0,1,35731,2
1131,1120631,1493.0,482.0,1,35731,3
1131,1120632,1620.0,490.0,1,35731,4
1131,1120633,1221.5,435.5,1,35731,5
1131,1120634,1052.5,493.25,2,35732,0
1131,1120635,1275.5,438.5,4,35732,1
1131,1120636,811.0,485.0,1,35732,2
1131,1120637,1230.25,453.5,2,35732,3
1131,1120638,1505.0,533.5,2,35732,4
1131,1120639,712.5,318.25,2,35733,0
1131,1120640,736.5,317.25,2,35733,1
1131,1120641,830.75,446.75,2,35734,0
1131,1120642,811.0,485.0,1,35734,1
1131,1120643,630.0,418.0,1,35734,2
1131,1120644,1313.5,361.5,1,35735,0
1131,1120645,1170.0,359.5,1,35735,1
1131,1120646,1226.5,362.5,1,35735,2
1131,1120647,603.5,541.0,1,35736,0
1131,1120648,966.0,568.0,1,35736,1
1131,1120649,711.0,510.5,1,35736,2
1131,1120650,300.5,501.5,1,35736,3
1131,1120651,1230.25,453.5,2,35737,0
1131,1120652,1206.1666259765625,405.1666564941406,3,35737,1
1131,1120653,1028.5,489.5,1,35737,2
1131,1120654,712.5,318.25,2,35738,0
1131,1120655,736.5,317.25,2,35738,1
1131,1120656,1418.0,721.5,1,35739,0
1131,1120657,966.0,568.0,1,35740,0
1131,1120658,603.5,541.0,1,35740,1
1131,1120659,300.5,501.5,1,35740,2
1131,1120660,460.0,356.5,1,35741,0
1131,1120661,1076.5,497.0,1,35742,0
1131,1120662,514.0,664.5,1,35742,1
1131,1120663,1028.5,489.5,1,35742,2
1131,1120664,1275.5,438.5,4,35743,0
1131,1120665,761.0,497.75,2,35743,1
1131,1120666,1028.5,489.5,1,35743,2
1131,1120667,1252.1666259765625,448.1666564941406,3,35743,3
1131,1120668,1493.0,482.0,1,35743,4
1131,1120669,736.5,317.25,2,35744,0
1131,1120670,712.5,318.25,2,35744,1
1131,1120671,1296.0,437.5,1,35745,0
1131,1120672,1505.0,533.5,2,35745,1
1131,1120673,1275.5,438.5,4,35745,2
1131,1120674,736.5,317.25,2,35746,0
1131,1120675,712.5,318.25,2,35746,1
1131,1120676,167.5,335.5,1,35747,0
1131,1120677,1505.0,533.5,2,35748,0
1131,1120678,1620.0,490.0,1,35748,1
1131,1120679,1296.0,437.5,1,35748,2
1131,1120680,761.0,497.75,2,35748,3
1131,1120681,1360.0,474.0,1,35748,4
1131,1120682,300.5,501.5,1,35748,5
1131,1120683,1028.5,489.5,1,35748,6
1131,1120684,1249.5,423.0,1,35748,7
1131,1120685,514.0,664.5,1,35749,0
1131,1120686,1076.5,497.0,1,35749,1
1141,1120568,811.0,485.0,1,35718,0
1141,1120569,1360.0,474.0,1,35718,1
1141,1120570,1028.5,489.5,1,35718,2
1141,1120571,1249.5,423.0,1,35718,3
1141,1120572,1505.0,533.5,2,35718,4
1141,1120573,830.75,446.75,2,35718,5
1141,1120574,1221.5,435.5,1,35718,6
1141,1120575,1226.5,362.5,1,35719,0
1141,1120576,1170.0,359.5,1,35719,1
1141,1120577,1313.5,361.5,1,35719,2
1141,1120578,1620.0,490.0,1,35720,0
1141,1120579,1505.0,533.5,2,35720,1
1141,1120580,1360.0,474.0,1,35720,2
1141,1120581,711.0,510.5,1,35720,3
1141,1120582,300.5,501.5,1,35720,4
1141,1120583,630.0,418.0,1,35721,0
1141,1120584,830.75,446.75,2,35721,1
1141,1120585,1221.5,435.5,1,35721,2
1141,1120586,1650.0,350.5,1,35722,0
1141,1120587,1505.0,533.5,2,35723,0
1141,1120588,1296.0,437.5,1,35723,1
1141,1120589,1620.0,490.0,1,35723,2
1141,1120590,1284.1666259765625,443.6666564941406,3,35723,3
1141,1120591,1028.5,489.5,1,35723,4
1141,1120592,811.0,485.0,1,35723,5
1141,1120593,830.75,446.75,2,35724,0
1141,1120594,1221.5,435.5,1,35724,1
1141,1120595,811.0,485.0,1,35724,2
1141,1120596,630.0,418.0,1,35724,3
1141,1120597,1170.0,359.5,1,35725,0
1141,1120598,1313.5,361.5,1,35725,1
1141,1120599,1232.75,417.0,2,35725,2
1141,1120600,1247.3333740234375,426.6666564941406,3,35726,0
1141,1120601,1028.5,489.5,1,35726,1
1141,1120602,1252.1666259765625,448.1666564941406,3,35726,2
1141,1120603,1517.0,585.0,1,35726,3
1141,1120604,1247.3333740234375,426.6666564941406,3,35727,0
1141,1120605,1028.5,489.5,1,35727,1
1141,1120606,1258.75,436.5,2,35727,2
1141,1120607,1517.0,585.0,1,35727,3
1141,1120608,1360.0,474.0,1,35728,0
1141,1120609,761.0,497.75,2,35728,1
1141,1120610,1028.5,489.5,1,35728,2
1141,1120611,1249.5,423.0,1,35728,3
1141,1120612,1296.0,437.5,1,35728,4
1141,1120613,1505.0,533.5,2,35728,5
1141,1120614,1620.0,490.0,1,35728,6
1141,1120615,711.0,510.5,1,35729,0
1141,1120616,1249.5,423.0,1,35729,1
1141,1120617,1360.0,474.0,1,35729,2
1141,1120618,603.5,541.0,1,35729,3
1141,1120619,1493.0,482.0,1,35729,4
1141,1120620,1620.0,490.0,1,35729,5
1141,1120621,1230.25,453.5,2,35730,0
1141,1120622,821.5,439.0,1,35730,1
1141,1120623,300.5,501.5,1,35730,2
1141,1120624,1028.5,489.5,1,35730,3
1141,1120625,1247.3333740234375,426.6666564941406,3,35730,4
1141,1120626,811.0,485.0,1,35730,5
1141,1120627,630.0,418.0,1,35730,6
1141,1120628,300.5,501.5,1,35731,0
1141,1120629,603.5,541.0,1,35731,1
1141,1120630,966.0,568.0,1,35731,2
1141,1120631,1493.0,482.0,1,35731,3
1141,1120632,1620.0,490.0,1,35731,4
1141,1120633,1221.5,435.5,1,35731,5
1141,1120634,1052.5,493.25,2,35732,0
1141,1120635,1275.5,438.5,4,35732,1
1141,1120636,811.0,485.0,1,35732,2
1141,1120637,1230.25,453.5,2,35732,3
1141,1120638,1505.0,533.5,2,35732,4
1141,1120639,712.5,318.25,2,35733,0
1141,1120640,736.5,317.25,2,35733,1
1141,1120641,830.75,446.75,2,35734,0
1141,1120642,811.0,485.0,1,35734,1
1141,1120643,630.0,418.0,1,35734,2
1141,1120644,1313.5,361.5,1,35735,0
1141,1120645,1170.0,359.5,1,35735,1
1141,1120646,1226.5,362.5,1,35735,2
1141,1120647,603.5,541.0,1,35736,0
1141,1120648,966.0,568.0,1,35736,1
1141,1120649,711.0,510.5,1,35736,2
1141,1120650,300.5,501.5,1,35736,3
1141,1120651,1230.25,453.5,2,35737,0
1141,1120652,1206.1666259765625,405.1666564941406,3,35737,1
1141,1120653,1028.5,489.5,1,35737,2
1141,1120654,712.5,318.25,2,35738,0
1141,1120655,736.5,317.25,2,35738,1
1141,1120656,1418.0,721.5,1,35739,0
1141,1120657,966.0,568.0,1,35740,0
1141,1120658,603.5,541.0,1,35740,1
1141,1120659,300.5,501.5,1,35740,2
1141,1120660,460.0,356.5,1,35741,0
1141,1120661,1076.5,497.0,1,35742,0
1141,1120662,514.0,664.5,1,35742,1
1141,1120663,1028.5,489.5,1,35742,2
1141,1120664,1275.5,438.5,4,35743,0
1141,1120665,761.0,497.75,2,35743,1
1141,1120666,1028.5,489.5,1,35743,2
1141,1120667,1252.1666259765625,448.1666564941406,3,35743,3
1141,1120668,1493.0,482.0,1,35743,4
1141,1120669,736.5,317.25,2,35744,0
1141,1120670,712.5,318.25,2,35744,1
1141,1120671,1296.0,437.5,1,35745,0
1141,1120672,1505.0,533.5,2,35745,1
1141,1120673,1275.5,438.5,4,35745,2
1141,1120674,736.5,317.25,2,35746,0
1141,1120675,712.5,318.25,2,35746,1
1141,1120676,167.5,335.5,1,35747,0
1141,1120677,1505.0,533.5,2,35748,0
1141,1120678,1620.0,490.0,1,35748,1
1141,1120679,1296.0,437.5,1,35748,2
1141,1120680,761.0,497.75,2,35748,3
1141,1120681,1360.0,474.0,1,35748,4
1141,1120682,300.5,501.5,1,35748,5
1141,1120683,1028.5,489.5,1,35748,6
1141,1120684,1249.5,423.0,1,35748,7
1141,1120685,514.0,664.5,1,35749,0
1141,1120686,1076.5,497.0,1,35749,1
1151,1120568,848.5,484.5,1,35718,0
1151,1120569,1336.0,473.0,1,35718,1
1151,1120570,1042.5,486.0,1,35718,2
1151,1120571,1245.5,427.5,1,35718,3
1151,1120572,1485.75,530.0,2,35718,4
1151,1120573,811.25,444.5,2,35718,5
1151,1120574,1197.5,437.0,1,35718,6
1151,1120575,1210.5,363.0,1,35719,0
1151,1120576,1153.0,360.0,1,35719,1
1151,1120577,1293.5,362.0,1,35719,2
1151,1120578,1590.5,494.0,1,35720,0
1151,1120579,1485.75,530.0,2,35720,1
1151,1120580,1336.0,473.0,1,35720,2
1151,1120581,745.5,511.0,1,35720,3
1151,1120582,340.5,502.0,1,35720,4
1151,1120583,646.0,418.0,1,35721,0
1151,1120584,811.25,444.5,2,35721,1
1151,1120585,1197.5,437.0,1,35721,2
1151,1120586,1649.5,350.5,1,35722,0
1151,1120587,1485.75,530.0,2,35723,0
1151,1120588,1330.5,440.0,1,35723,1
1151,1120589,1590.5,494.0,1,35723,2
1151,1120590,1284.4166259765625,441.9166564941406,2,35723,3
1151,1120591,1042.5,486.0,1,35723,4
1151,1120592,848.5,484.5,1,35723,5
1151,1120593,811.25,444.5,2,35724,0
1151,1120594,1197.5,437.0,1,35724,1
1151,1120595,848.5,484.5,1,35724,2
1151,1120596,646.0,418.0,1,35724,3
1151,1120597,1153.0,360.0,1,35725,0
1151,1120598,1293.5,362.0,1,35725,1
1151,1120599,1221.75,415.0,2,35725,2
1151,1120600,1257.5833740234375,427.6666564941406,2,35726,0
1151,1120601,1042.5,486.0,1,35726,1
1151,1120602,1266.4166259765625,447.1666564941406,2,35726,2
1151,1120603,1506.5,577.5,1,35726,3
1151,1120604,1257.5833740234375,427.6666564941406,2,35727,0
1151,1120605,1042.5,486.0,1,35727,1
1151,1120606,1264.0,438.5,2,35727,2
1151,1120607,1506.5,577.5,1,35727,3
1151,1120608,1336.0,473.0,1,35728,0
1151,1120609,797.0,497.75,2,35728,1
1151,1120610,1042.5,486.0,1,35728,2
1151,1120611,1245.5,427.5,1,35728,3
1151,1120612,1330.5,440.0,1,35728,4
1151,1120613,1485.75,530.0,2,35728,5
1151,1120614,1590.5,494.0,1,35728,6
1151,1120615,745.5,511.0,1,35729,0
1151,1120616,1245.5,427.5,1,35729,1
1151,1120617,1336.0,473.0,1,35729,2
1151,1120618,570.5,538.0,1,35729,3
1151,1120619,1465.0,482.5,1,35729,4
1151,1120620,1590.5,494.0,1,35729,5
1151,1120621,1215.25,452.0,2,35730,0
1151,1120622,798.0,437.0,1,35730,1
1151,1120623,340.5,502.0,1,35730,2
1151,1120624,1042.5,486.0,1,35730,3
1151,1120625,1257.5833740234375,427.6666564941406,2,35730,4
1151,1120626,848.5,484.5,1,35730,5
1151,1120627,646.0,418.0,1,35730,6
1151,1120628,340.5,502.0,1,35731,0
1151,1120629,570.5,538.0,1,35731,1
1151,1120630,931.5,565.5,1,35731,2
1151,1120631,1465.0,482.5,1,35731,3
1151,1120632,1590.5,494.0,1,35731,4
1151,1120633,1197.5,437.0,1,35731,5
1151,1120634,1064.5,496.5,2,35732,0
1151,1120635,1274.3333740234375,438.8333435058594,3,35732,1
1151,1120636,848.5,484.5,1,35732,2
1151,1120637,1215.25,452.0,2,35732,3
1151,1120638,1485.75,530.0,2,35732,4
1151,1120639,712.5,318.25,2,35733,0
1151,1120640,736.5,316.75,2,35733,1
1151,1120641,811.25,444.5,2,35734,0
1151,1120642,848.5,484.5,1,35734,1
1151,1120643,646.0,418.0,1,35734,2
1151,1120644,1293.5,362.0,1,35735,0
1151,1120645,1153.0,360.0,1,35735,1
1151,1120646,1210.5,363.0,1,35735,2
1151,1120647,570.5,538.0,1,35736,0
1151,1120648,931.5,565.5,1,35736,1
1151,1120649,745.5,511.0,1,35736,2
1151,1120650,340.5,502.0,1,35736,3
1151,1120651,1215.25,452.0,2,35737,0
1151,1120652,1209.9166259765625,404.1666564941406,2,35737,1
1151,1120653,1042.5,486.0,1,35737,2
1151,1120654,712.5,318.25,2,35738,0
1151,1120655,736.5,316.75,2,35738,1
1151,1120656,1360.5,719.0,1,35739,0
1151,1120657,931.5,565.5,1,35740,0
1151,1120658,570.5,538.0,1,35740,1
1151,1120659,340.5,502.0,1,35740,2
1151,1120660,459.5,356.5,1,35741,0
1151,1120661,1086.5,507.0,1,35742,0
1151,1120662,560.0,667.0,1,35742,1
1151,1120663,1042.5,486.0,1,35742,2
1151,1120664,1274.3333740234375,438.8333435058594,3,35743,0
1151,1120665,797.0,497.75,2,35743,1
1151,1120666,1042.5,486.0,1,35743,2
1151,1120667,1266.4166259765625,447.1666564941406,2,35743,3
1151,1120668,1465.0,482.5,1,35743,4
1151,1120669,736.5,316.75,2,35744,0
1151,1120670,712.5,318.25,2,35744,1
1151,1120671,1330.5,440.0,1,35745,0
1151,1120672,1485.75,530.0,2,35745,1
1151,1120673,1274.3333740234375,438.8333435058594,3,35745,2
1151,1120674,736.5,316.75,2,35746,0
1151,1120675,712.5,318.25,2,35746,1
1151,1120676,160.0,337.0,1,35747,0
1151,1120677,1485.75,530.0,2,35748,0
1151,1120678,1590.5,494.0,1,35748,1
1151,1120679,1330.5,440.0,1,35748,2
1151,1120680,797.0,497.75,2,35748,3
1151,1120681,1336.0,473.0,1,35748,4
1151,1120682,340.5,502.0,1,35748,5
1151,1120683,1042.5,486.0,1,35748,6
1151,1120684,1245.5,427.5,1,35748,7
1151,1120685,560.0,667.0,1,35749,0
1151,1120686,1086.5,507.0,1,35749,1
1161,1120568,848.5,484.5,1,35718,0
1161,1120569,1336.0,473.0,1,35718,1
1161,1120570,1042.5,486.0,1,35718,2
1161,1120571,1245.5,427.5,1,35718,3
1161,1120572,1485.75,530.0,2,35718,4
1161,1120573,811.25,444.5,2,35718,5
1161,1120574,1197.5,437.0,1,35718,6
1161,1120575,1210.5,363.0,1,35719,0
1161,1120576,1153.0,360.0,1,35719,1
1161,1120577,1293.5,362.0,1,35719,2
1161,1120578,1590.5,494.0,1,35720,0
1161,1120579,1485.75,530.0,2,35720,1
1161,1120580,1336.0,473.0,1,35720,2
1161,1120581,745.5,511.0,1,35720,3
1161,1120582,340.5,502.0,1,35720,4
1161,1120583,646.0,418.0,1,35721,0
1161,1120584,811.25,444.5,2,35721,1
1161,1120585,1197.5,437.0,1,35721,2
1161,1120586,1649.5,350.5,1,35722,0
1161,1120587,1485.75,530.0,2,35723,0
1161,1120588,1330.5,440.0,2,35723,1
1161,1120589,1590.5,494.0,1,35723,2
1161,1120590,1284.4166259765625,441.9166564941406,2,35723,3
1161,1120591,1042.5,486.0,1,35723,4
1161,1120592,848.5,484.5,1,35723,5
1161,1120593,811.25,444.5,2,35724,0
1161,1120594,1197.5,437.0,1,35724,1
1161,1120595,848.5,484.5,1,35724,2
1161,1120596,646.0,418.0,1,35724,3
1161,1120597,1153.0,360.0,1,35725,0
1161,1120598,1293.5,362.0,1,35725,1
1161,1120599,1221.75,415.0,2,35725,2
1161,1120600,1257.5833740234375,427.6666564941406,2,35726,0
1161,1120601,1042.5,486.0,2,35726,1
1161,1120602,1266.4166259765625,447.1666564941406,2,35726,2
1161,1120603,1506.5,577.5,1,35726,3
1161,1120604,1257.5833740234375,427.6666564941406,2,35727,0
1161,1120605,1042.5,486.0,1,35727,1
1161,1120606,1264.0,438.5,2,35727,2
1161,1120607,1506.5,577.5,1,35727,3
1161,1120608,1336.0,473.0,1,35728,0
1161,1120609,797.0,497.75,2,35728,1
1161,1120610,1042.5,486.0,1,35728,2
1161,1120611,1245.5,427.5,1,35728,3
1161,1120612,1330.5,440.0,1,35728,4
1161,1120613,1485.75,530.0,2,35728,5
1161,1120614,1590.5,494.0,1,35728,6
1161,1120615,745.5,511.0,1,35729,0
1161,1120616,1245.5,427.5,1,35729,1
1161,1120617,1336.0,473.0,1,35729,2
1161,1120618,570.5,538.0,1,35729,3
1161,1120619,1465.0,482.5,1,35729,4
1161,1120620,1590.5,494.0,1,35729,5
1161,1120621,1215.25,452.0,2,35730,0
1161,1120622,798.0,437.0,1,35730,1
1161,1120623,340.5,502.0,1,35730,2
1161,1120624,1042.5,486.0,1,35730,3
1161,1120625,1257.5833740234375,427.6666564941406,2,35730,4
1161,1120626,848.5,484.5,1,35730,5
1161,1120627,646.0,418.0,1,35730,6
1161,1120628,340.5,502.0,1,35731,0
1161,1120629,570.5,538.0,1,35731,1
1161,1120630,931.5,565.5,1,35731,2
1161,1120631,1465.0,482.5,1,35731,3
1161,1120632,1590.5,494.0,1,35731,4
1161,1120633,1197.5,437.0,1,35731,5
1161,1120634,1064.5,496.5,2,35732,0
1161,1120635,1274.3333740234375,438.8333435058594,3,35732,1
1161,1120636,848.5,484.5,1,35732,2
1161,1120637,1215.25,452.0,2,35732,3
1161,1120638,1485.75,530.0,2,35732,4
1161,1120639,712.5,318.25,2,35733,0
1161,1120640,736.5,316.75,2,35733,1
1161,1120641,811.25,444.5,2,35734,0
1161,1120642,848.5,484.5,1,35734,1
1161,1120643,646.0,418.0,1,35734,2
1161,1120644,1293.5,362.0,1,35735,0
1161,1120645,1153.0,360.0,1,35735,1
1161,1120646,1210.5,363.0,1,35735,2
1161,1120647,570.5,538.0,1,35736,0
1161,1120648,931.5,565.5,1,35736,1
1161,1120649,745.5,511.0,1,35736,2
1161,1120650,340.5,502.0,1,35736,3
1161,1120651,1215.25,452.0,2,35737,0
1161,1120652,1209.9166259765625,404.1666564941406,2,35737,1
1161,1120653,1042.5,486.0,1,35737,2
1161,1120654,712.5,318.25,2,35738,0
1161,1120655,736.5,316.75,2,35738,1
1161,1120656,1360.5,719.0,1,35739,0
1161,1120657,931.5,565.5,1,35740,0
1161,1120658,570.5,538.0,1,35740,1
1161,1120659,340.5,502.0,1,35740,2
1161,1120660,459.5,356.5,1,35741,0
1161,1120661,1086.5,507.0,1,35742,0
1161,1120662,560.0,667.0,1,35742,1
1161,1120663,1042.5,486.0,1,35742,2
1161,1120664,1274.3333740234375,438.8333435058594,3,35743,0
1161,1120665,797.0,497.75,2,35743,1
1161,1120666,1042.5,486.0,2,35743,2
1161,1120667,1266.4166259765625,447.1666564941406,2,35743,3
1161,1120668,1465.0,482.5,1,35743,4
1161,1120669,736.5,316.75,2,35744,0
1161,1120670,712.5,318.25,2,35744,1
1161,1120671,1330.5,440.0,2,35745,0
1161,1120672,1485.75,530.0,2,35745,1
1161,1120673,1274.3333740234375,438.8333435058594,3,35745,2
1161,1120674,736.5,316.75,2,35746,0
1161,1120675,712.5,318.25,2,35746,1
1161,1120676,160.0,337.0,1,35747,0
1161,1120677,1485.75,530.0,2,35748,0
1161,1120678,1590.5,494.0,1,35748,1
1161,1120679,1330.5,440.0,1,35748,2
1161,1120680,797.0,497.75,2,35748,3
1161,1120681,1336.0,473.0,1,35748,4
1161,1120682,340.5,502.0,1,35748,5
1161,1120683,1042.5,486.0,1,35748,6
1161,1120684,1245.5,427.5,1,35748,7
1161,1120685,560.0,667.0,1,35749,0
1161,1120686,1086.5,507.0,1,35749,1
1171,1120568,848.5,484.5,1,35718,0
1171,1120569,1336.0,473.0,1,35718,1
1171,1120570,1042.5,486.0,1,35718,2
1171,1120571,1245.5,427.5,1,35718,3
1171,1120572,1485.75,530.0,2,35718,4
1171,1120573,811.25,444.5,2,35718,5
1171,1120574,1197.5,437.0,1,35718,6
1171,1120575,1210.5,363.0,1,35719,0
1171,1120576,1153.0,360.0,1,35719,1
1171,1120577,1293.5,362.0,1,35719,2
1171,1120578,1590.5,494.0,1,35720,0
1171,1120579,1485.75,530.0,2,35720,1
1171,1120580,1336.0,473.0,1,35720,2
1171,1120581,745.5,511.0,1,35720,3
1171,1120582,340.5,502.0,1,35720,4
1171,1120583,646.0,418.0,1,35721,0
1171,1120584,811.25,444.5,2,35721,1
1171,1120585,1197.5,437.0,1,35721,2
1171,1120586,1649.5,350.5,1,35722,0
1171,1120587,1485.75,530.0,2,35723,0
1171,1120588,1330.5,440.0,2,35723,1
1171,1120589,1590.5,494.0,1,35723,2
1171,1120590,1284.4166259765625,441.9166564941406,2,35723,3
1171,1120591,1042.5,486.0,1,35723,4
1171,1120592,848.5,484.5,1,35723,5
1171,1120593,811.25,444.5,2,35724,0
1171,1120594,1197.5,437.0,1,35724,1
1171,1120595,848.5,484.5,1,35724,2
1171,1120596,646.0,418.0,1,35724,3
1171,1120597,1153.0,360.0,1,35725,0
1171,1120598,1293.5,362.0,1,35725,1
1171,1120599,1221.75,415.0,2,35725,2
1171,1120600,1257.5833740234375,427.6666564941406,2,35726,0
1171,1120601,1042.5,486.0,2,35726,1
1171,1120602,1266.4166259765625,447.1666564941406,2,35726,2
1171,1120603,1506.5,577.5,1,35726,3
1171,1120604,1257.5833740234375,427.6666564941406,2,35727,0
1171,1120605,1042.5,486.0,1,35727,1
1171,1120606,1264.0,438.5,2,35727,2
1171,1120607,1506.5,577.5,1,35727,3
1171,1120608,1336.0,473.0,1,35728,0
1171,1120609,797.0,497.75,2,35728,1
1171,1120610,1042.5,486.0,1,35728,2
1171,1120611,1245.5,427.5,1,35728,3
1171,1120612,1330.5,440.0,1,35728,4
1171,1120613,1485.75,530.0,2,35728,5
1171,1120614,1590.5,494.0,1,35728,6
1171,1120615,745.5,511.0,1,35729,0
1171,1120616,1245.5,427.5,1,35729,1
1171,1120617,1336.0,473.0,1,35729,2
1171,1120618,570.5,538.0,1,35729,3
1171,1120619,1465.0,482.5,1,35729,4
1171,1120620,1590.5,494.0,1,35729,5
1171,1120621,1215.25,452.0,2,35730,0
1171,1120622,798.0,437.0,1,35730,1
1171,1120623,340.5,502.0,1,35730,2
1171,1120624,1042.5,486.0,1,35730,3
1171,1120625,1257.5833740234375,427.6666564941406,2,35730,4
1171,1120626,848.5,484.5,1,35730,5
1171,1120627,646.0,418.0,1,35730,6
1171,1120628,340.5,502.0,1,35731,0
1171,1120629,570.5,538.0,1,35731,1
1171,1120630,931.5,565.5,1,35731,2
1171,1120631,1465.0,482.5,1,35731,3
1171,1120632,1590.5,494.0,1,35731,4
1171,1120633,1197.5,437.0,1,35731,5
1171,1120634,1064.5,496.5,2,35732,0
1171,1120635,1274.3333740234375,438.8333435058594,3,35732,1
1171,1120636,848.5,484.5,1,35732,2
1171,1120637,1215.25,452.0,2,35732,3
1171,1120638,1485.75,530.0,2,35732,4
1171,1120639,712.5,318.25,2,35733,0
1171,1120640,736.5,316.75,2,35733,1
1171,1120641,811.25,444.5,2,35734,0
1171,1120642,848.5,484.5,1,35734,1
1171,1120643,646.0,418.0,1,35734,2
1171,1120644,1293.5,362.0,1,35735,0
1171,1120645,1153.0,360.0,1,35735,1
1171,1120646,1210.5,363.0,1,35735,2
1171,1120647,570.5,538.0,1,35736,0
1171,1120648,931.5,565.5,1,35736,1
1171,1120649,745.5,511.0,1,35736,2
1171,1120650,340.5,502.0,1,35736,3
1171,1120651,1215.25,452.0,2,35737,0
1171,1120652,1209.9166259765625,404.1666564941406,2,35737,1
1171,1120653,1042.5,486.0,1,35737,2
1171,1120654,712.5,318.25,2,35738,0
1171,1120655,736.5,316.75,2,35738,1
1171,1120656,1360.5,719.0,1,35739,0
1171,1120657,931.5,565.5,1,35740,0
1171,1120658,570.5,538.0,1,35740,1
1171,1120659,340.5,502.0,1,35740,2
1171,1120660,459.5,356.5,1,35741,0
1171,1120661,1086.5,507.0,1,35742,0
1171,1120662,560.0,667.0,1,35742,1
1171,1120663,1042.5,486.0,1,35742,2
1171,1120664,1274.3333740234375,438.8333435058594,3,35743,0
1171,1120665,797.0,497.75,2,35743,1
1171,1120666,1042.5,486.0,2,35743,2
1171,1120667,1266.4166259765625,447.1666564941406,2,35743,3
1171,1120668,1465.0,482.5,1,35743,4
1171,1120669,736.5,316.75,2,35744,0
1171,1120670,712.5,318.25,2,35744,1
1171,1120671,1330.5,440.0,2,35745,0
1171,1120672,1485.75,530.0,2,35745,1
1171,1120673,1274.3333740234375,438.8333435058594,3,35745,2
1171,1120674,736.5,316.75,2,35746,0
1171,1120675,712.5,318.25,2,35746,1
1171,1120676,160.0,337.0,1,35747,0
1171,1120677,1485.75,530.0,2,35748,0
1171,1120678,1590.5,494.0,1,35748,1
1171,1120679,1330.5,440.0,1,35748,2
1171,1120680,797.0,497.75,2,35748,3
1171,1120681,1336.0,473.0,1,35748,4
1171,1120682,340.5,502.0,1,35748,5
1171,1120683,1042.5,486.0,1,35748,6
1171,1120684,1245.5,427.5,1,35748,7
1171,1120685,560.0,667.0,1,35749,0
1171,1120686,1086.5,507.0,1,35749,1
1181,1120568,848.5,484.5,1,35718,0
1181,1120569,1336.0,473.0,1,35718,1
1181,1120570,1042.5,486.0,1,35718,2
1181,1120571,1245.5,427.5,1,35718,3
1181,1120572,1485.75,530.0,2,35718,4
1181,1120573,811.25,444.5,2,35718,5
1181,1120574,1197.5,437.0,1,35718,6
1181,1120575,1210.5,363.0,1,35719,0
1181,1120576,1153.0,360.0,1,35719,1
1181,1120577,1293.5,362.0,1,35719,2
1181,1120578,1590.5,494.0,1,35720,0
1181,1120579,1485.75,530.0,2,35720,1
1181,1120580,1336.0,473.0,1,35720,2
1181,1120581,745.5,511.0,1,35720,3
1181,1120582,340.5,502.0,1,35720,4
1181,1120583,646.0,418.0,1,35721,0
1181,1120584,811.25,444.5,2,35721,1
1181,1120585,1197.5,437.0,1,35721,2
1181,1120586,1649.5,350.5,1,35722,0
1181,1120587,1485.75,530.0,2,35723,0
1181,1120588,1330.5,440.0,2,35723,1
1181,1120589,1590.5,494.0,1,35723,2
1181,1120590,1284.4166259765625,441.9166564941406,2,35723,3
1181,1120591,1042.5,486.0,1,35723,4
1181,1120592,848.5,484.5,1,35723,5
1181,1120593,811.25,444.5,2,35724,0
1181,1120594,1197.5,437.0,1,35724,1
1181,1120595,848.5,484.5,1,35724,2
1181,1120596,646.0,418.0,1,35724,3
1181,1120597,1153.0,360.0,1,35725,0
1181,1120598,1293.5,362.0,1,35725,1
1181,1120599,1221.75,415.0,2,35725,2
1181,1120600,1257.5833740234375,427.6666564941406,2,35726,0
1181,1120601,1042.5,486.0,2,35726,1
1181,1120602,1266.4166259765625,447.1666564941406,2,35726,2
1181,1120603,1506.5,577.5,1,35726,3
1181,1120604,1257.5833740234375,427.6666564941406,2,35727,0
1181,1120605,1042.5,486.0,1,35727,1
1181,1120606,1264.0,438.5,2,35727,2
1181,1120607,1506.5,577.5,1,35727,3
1181,1120608,1336.0,473.0,1,35728,0
1181,1120609,797.0,497.75,2,35728,1
1181,1120610,1042.5,486.0,1,35728,2
1181,1120611,1245.5,427.5,1,35728,3
1181,1120612,1330.5,440.0,1,35728,4
1181,1120613,1485.75,530.0,2,35728,5
1181,1120614,1590.5,494.0,1,35728,6
1181,1120615,745.5,511.0,1,35729,0
1181,1120616,1245.5,427.5,1,35729,1
1181,1120617,1336.0,473.0,1,35729,2
1181,1120618,570.5,538.0,1,35729,3
1181,1120619,1465.0,482.5,1,35729,4
1181,1120620,1590.5,494.0,1,35729,5
1181,1120621,1215.25,452.0,2,35730,0
1181,1120622,798.0,437.0,1,35730,1
1181,1120623,340.5,502.0,1,35730,2
1181,1120624,1042.5,486.0,1,35730,3
1181,1120625,1257.5833740234375,427.6666564941406,2,35730,4
1181,1120626,848.5,484.5,1,35730,5
1181,1120627,646.0,418.0,1,35730,6
1181,1120628,340.5,502.0,1,35731,0
1181,1120629,570.5,538.0,1,35731,1
1181,1120630,931.5,565.5,1,35731,2
1181,1120631,1465.0,482.5,1,35731,3
1181,1120632,1590.5,494.0,1,35731,4
1181,1120633,1197.5,437.0,1,35731,5
1181,1120634,1064.5,496.5,2,35732,0
1181,1120635,1274.3333740234375,438.8333435058594,3,35732,1
1181,1120636,848.5,484.5,1,35732,2
1181,1120637,1215.25,452.0,2,35732,3
1181,1120638,1485.75,530.0,2,35732,4
1181,1120639,712.5,318.25,2,35733,0
1181,1120640,736.5,316.75,2,35733,1
1181,1120641,811.25,444.5,2,35734,0
1181,1120642,848.5,484.5,1,35734,1
1181,1120643,646.0,418.0,1,35734,2
1181,1120644,1293.5,362.0,1,35735,0
1181,1120645,1153.0,360.0,1,35735,1
1181,1120646,1210.5,363.0,1,35735,2
1181,1120647,570.5,538.0,1,35736,0
1181,1120648,931.5,565.5,1,35736,1
1181,1120649,745.5,511.0,1,35736,2
1181,1120650,340.5,502.0,1,35736,3
1181,1120651,1215.25,452.0,2,35737,0
1181,1120652,1209.9166259765625,404.1666564941406,2,35737,1
1181,1120653,1042.5,486.0,1,35737,2
1181,1120654,712.5,318.25,2,35738,0
1181,1120655,736.5,316.75,2,35738,1
1181,1120656,1360.5,719.0,1,35739,0
1181,1120657,931.5,565.5,1,35740,0
1181,1120658,570.5,538.0,1,35740,1
1181,1120659,340.5,502.0,1,35740,2
1181,1120660,459.5,356.5,1,35741,0
1181,1120661,1086.5,507.0,1,35742,0
1181,1120662,560.0,667.0,1,35742,1
1181,1120663,1042.5,486.0,1,35742,2
1181,1120664,1274.3333740234375,438.8333435058594,3,35743,0
1181,1120665,797.0,497.75,2,35743,1
1181,1120666,1042.5,486.0,2,35743,2
1181,1120667,1266.4166259765625,447.1666564941406,2,35743,3
1181,1120668,1465.0,482.5,1,35743,4
1181,1120669,736.5,316.75,2,35744,0
1181,1120670,712.5,318.25,2,35744,1
1181,1120671,1330.5,440.0,2,35745,0
1181,1120672,1485.75,530.0,2,35745,1
1181,1120673,1274.3333740234375,438.8333435058594,3,35745,2
1181,1120674,736.5,316.75,2,35746,0
1181,1120675,712.5,318.25,2,35746,1
1181,1120676,160.0,337.0,1,35747,0
1181,1120677,1485.75,530.0,2,35748,0
1181,1120678,1590.5,494.0,1,35748,1
1181,1120679,1330.5,440.0,1,35748,2
1181,1120680,797.0,497.75,2,35748,3
1181,1120681,1336.0,473.0,1,35748,4
1181,1120682,340.5,502.0,1,35748,5
1181,1120683,1042.5,486.0,1,35748,6
1181,1120684,1245.5,427.5,1,35748,7
1181,1120685,560.0,667.0,1,35749,0
1181,1120686,1086.5,507.0,1,35749,1
1191,1120568,848.5,484.5,1,35718,0
1191,1120569,1336.0,473.0,1,35718,1
1191,1120570,1042.5,486.0,1,35718,2
1191,1120571,1245.5,427.5,1,35718,3
1191,1120572,1485.75,530.0,2,35718,4
1191,1120573,811.25,444.5,2,35718,5
1191,1120574,1197.5,437.0,1,35718,6
1191,1120575,1210.5,363.0,1,35719,0
1191,1120576,1153.0,360.0,1,35719,1
1191,1120577,1293.5,362.0,1,35719,2
1191,1120578,1590.5,494.0,1,35720,0
1191,1120579,1485.75,530.0,2,35720,1
1191,1120580,1336.0,473.0,1,35720,2
1191,1120581,745.5,511.0,1,35720,3
1191,1120582,340.5,502.0,1,35720,4
1191,1120583,646.0,418.0,1,35721,0
1191,1120584,811.25,444.5,2,35721,1
1191,1120585,1197.5,437.0,1,35721,2
1191,1120586,1649.5,350.5,1,35722,0
1191,1120587,1485.75,530.0,2,35723,0
1191,1120588,1330.5,440.0,2,35723,1
1191,1120589,1590.5,494.0,1,35723,2
1191,1120590,1284.4166259765625,441.9166564941406,2,35723,3
1191,1120591,1042.5,486.0,1,35723,4
1191,1120592,848.5,484.5,1,35723,5
1191,1120593,811.25,444.5,2,35724,0
1191,1120594,1197.5,437.0,1,35724,1
1191,1120595,848.5,484.5,1,35724,2
1191,1120596,646.0,418.0,1,35724,3
1191,1120597,1153.0,360.0,1,35725,0
1191,1120598,1293.5,362.0,1,35725,1
1191,1120599,1221.75,415.0,2,35725,2
1191,1120600,1257.5833740234375,427.6666564941406,2,35726,0
1191,1120601,1042.5,486.0,2,35726,1
1191,1120602,1266.4166259765625,447.1666564941406,3,35726,2
1191,1120603,1506.5,577.5,1,35726,3
1191,1120604,1257.5833740234375,427.6666564941406,2,35727,0
1191,1120605,1042.5,486.0,1,35727,1
1191,1120606,1264.0,438.5,3,35727,2
1191,1120607,1506.5,577.5,1,35727,3
1191,1120608,1336.0,473.0,1,35728,0
1191,1120609,797.0,497.75,2,35728,1
1191,1120610,1042.5,486.0,1,35728,2
1191,1120611,1245.5,427.5,1,35728,3
1191,1120612,1330.5,440.0,1,35728,4
1191,1120613,1485.75,530.0,2,35728,5
1191,1120614,1590.5,494.0,1,35728,6
1191,1120615,745.5,511.0,1,35729,0
1191,1120616,1245.5,427.5,1,35729,1
1191,1120617,1336.0,473.0,1,35729,2
1191,1120618,570.5,538.0,1,35729,3
1191,1120619,1465.0,482.5,1,35729,4
1191,1120620,1590.5,494.0,1,35729,5
1191,1120621,1215.25,452.0,2,35730,0
1191,1120622,798.0,437.0,1,35730,1
1191,1120623,340.5,502.0,1,35730,2
1191,1120624,1042.5,486.0,1,35730,3
1191,1120625,1257.5833740234375,427.6666564941406,3,35730,4
1191,1120626,848.5,484.5,1,35730,5
1191,1120627,646.0,418.0,1,35730,6
1191,1120628,340.5,502.0,1,35731,0
1191,1120629,570.5,538.0,1,35731,1
1191,1120630,931.5,565.5,1,35731,2
1191,1120631,1465.0,482.5,1,35731,3
1191,1120632,1590.5,494.0,1,35731,4
1191,1120633,1197.5,437.0,1,35731,5
1191,1120634,1064.5,496.5,2,35732,0
1191,1120635,1274.3333740234375,438.8333435058594,3,35732,1
1191,1120636,848.5,484.5,1,35732,2
1191,1120637,1215.25,452.0,2,35732,3
1191,1120638,1485.75,530.0,2,35732,4
1191,1120639,712.5,318.25,2,35733,0
1191,1120640,736.5,316.75,2,35733,1
1191,1120641,811.25,444.5,2,35734,0
1191,1120642,848.5,484.5,1,35734,1
1191,1120643,646.0,418.0,1,35734,2
1191,1120644,1293.5,362.0,1,35735,0
1191,1120645,1153.0,360.0,1,35735,1
1191,1120646,1210.5,363.0,1,35735,2
1191,1120647,570.5,538.0,1,35736,0
1191,1120648,931.5,565.5,1,35736,1
1191,1120649,745.5,511.0,1,35736,2
1191,1120650,340.5,502.0,1,35736,3
1191,1120651,1215.25,452.0,2,35737,0
1191,1120652,1209.9166259765625,404.1666564941406,3,35737,1
1191,1120653,1042.5,486.0,1,35737,2
1191,1120654,712.5,318.25,2,35738,0
1191,1120655,736.5,316.75,2,35738,1
1191,1120656,1360.5,719.0,1,35739,0
1191,1120657,931.5,565.5,1,35740,0
1191,1120658,570.5,538.0,1,35740,1
1191,1120659,340.5,502.0,1,35740,2
1191,1120660,459.5,356.5,1,35741,0
1191,1120661,1086.5,507.0,1,35742,0
1191,1120662,560.0,667.0,1,35742,1
1191,1120663,1042.5,486.0,1,35742,2
1191,1120664,1274.3333740234375,438.8333435058594,3,35743,0
1191,1120665,797.0,497.75,2,35743,1
1191,1120666,1042.5,486.0,2,35743,2
1191,1120667,1266.4166259765625,447.1666564941406,3,35743,3
1191,1120668,1465.0,482.5,1,35743,4
1191,1120669,736.5,316.75,2,35744,0
1191,1120670,712.5,318.25,2,35744,1
1191,1120671,1330.5,440.0,2,35745,0
1191,1120672,1485.75,530.0,2,35745,1
1191,1120673,1274.3333740234375,438.8333435058594,3,35745,2
1191,1120674,736.5,316.75,2,35746,0
1191,1120675,712.5,318.25,2,35746,1
1191,1120676,160.0,337.0,1,35747,0
1191,1120677,1485.75,530.0,2,35748,0
1191,1120678,1590.5,494.0,1,35748,1
1191,1120679,1330.5,440.0,1,35748,2
1191,1120680,797.0,497.75,2,35748,3
1191,1120681,1336.0,473.0,1,35748,4
1191,1120682,340.5,502.0,1,35748,5
1191,1120683,1042.5,486.0,1,35748,6
1191,1120684,1245.5,427.5,1,35748,7
1191,1120685,560.0,667.0,1,35749,0
1191,1120686,1086.5,507.0,1,35749,1
1201,1120568,848.5,484.5,1,35718,0
1201,1120569,1336.0,473.0,1,35718,1
1201,1120570,1042.5,486.0,1,35718,2
1201,1120571,1245.5,427.5,1,35718,3
1201,1120572,1485.75,530.0,2,35718,4
1201,1120573,811.25,444.5,2,35718,5
1201,1120574,1197.5,437.0,1,35718,6
1201,1120575,1210.5,363.0,1,35719,0
1201,1120576,1153.0,360.0,1,35719,1
1201,1120577,1293.5,362.0,1,35719,2
1201,1120578,1590.5,494.0,1,35720,0
1201,1120579,1485.75,530.0,2,35720,1
1201,1120580,1336.0,473.0,1,35720,2
1201,1120581,745.5,511.0,1,35720,3
1201,1120582,340.5,502.0,1,35720,4
1201,1120583,646.0,418.0,1,35721,0
1201,1120584,811.25,444.5,2,35721,1
1201,1120585,1197.5,437.0,1,35721,2
1201,1120586,1649.5,350.5,1,35722,0
1201,1120587,1485.75,530.0,2,35723,0
1201,1120588,1330.5,440.0,2,35723,1
1201,1120589,1590.5,494.0,1,35723,2
1201,1120590,1284.4166259765625,441.9166564941406,2,35723,3
1201,1120591,1042.5,486.0,1,35723,4
1201,1120592,848.5,484.5,1,35723,5
1201,1120593,811.25,444.5,2,35724,0
1201,1120594,1197.5,437.0,1,35724,1
1201,1120595,848.5,484.5,1,35724,2
1201,1120596,646.0,418.0,1,35724,3
1201,1120597,1153.0,360.0,1,35725,0
1201,1120598,1293.5,362.0,1,35725,1
1201,1120599,1221.75,415.0,2,35725,2
1201,1120600,1257.5833740234375,427.6666564941406,2,35726,0
1201,1120601,1042.5,486.0,2,35726,1
1201,1120602,1266.4166259765625,447.1666564941406,3,35726,2
1201,1120603,1506.5,577.5,1,35726,3
1201,1120604,1257.5833740234375,427.6666564941406,2,35727,0
1201,1120605,1042.5,486.0,1,35727,1
1201,1120606,1264.0,438.5,3,35727,2
1201,1120607,1506.5,577.5,1,35727,3
1201,1120608,1336.0,473.0,1,35728,0
1201,1120609,797.0,497.75,2,35728,1
1201,1120610,1042.5,486.0,1,35728,2
1201,1120611,1245.5,427.5,1,35728,3
1201,1120612,1330.5,440.0,1,35728,4
1201,1120613,1485.75,530.0,2,35728,5
1201,1120614,1590.5,494.0,1,35728,6
1201,1120615,745.5,511.0,1,35729,0
1201,1120616,1245.5,427.5,1,35729,1
1201,1120617,1336.0,473.0,1,35729,2
1201,1120618,570.5,538.0,1,35729,3
1201,1120619,1465.0,482.5,1,35729,4
1201,1120620,1590.5,494.0,1,35729,5
1201,1120621,1215.25,452.0,2,35730,0
1201,1120622,798.0,437.0,1,35730,1
1201,1120623,340.5,502.0,1,35730,2
1201,1120624,1042.5,486.0,1,35730,3
1201,1120625,1257.5833740234375,427.6666564941406,3,35730,4
1201,1120626,848.5,484.5,1,35730,5
1201,1120627,646.0,418.0,1,35730,6
1201,1120628,340.5,502.0,1,35731,0
1201,1120629,570.5,538.0,1,35731,1
1201,1120630,931.5,565.5,1,35731,2
1201,1120631,1465.0,482.5,1,35731,3
1201,1120632,1590.5,494.0,1,35731,4
1201,1120633,1197.5,437.0,1,35731,5
1201,1120634,1064.5,496.5,2,35732,0
1201,1120635,1274.3333740234375,438.8333435058594,3,35732,1
1201,1120636,848.5,484.5,1,35732,2
1201,1120637,1215.25,452.0,2,35732,3
1201,1120638,1485.75,530.0,2,35732,4
1201,1120639,712.5,318.25,2,35733,0
1201,1120640,736.5,316.75,2,35733,1
1201,1120641,811.25,444.5,2,35734,0
1201,1120642,848.5,484.5,1,35734,1
1201,1120643,646.0,418.0,1,35734,2
1201,1120644,1293.5,362.0,1,35735,0
1201,1120645,1153.0,360.0,1,35735,1
1201,1120646,1210.5,363.0,1,35735,2
1201,1120647,570.5,538.0,1,35736,0
1201,1120648,931.5,565.5,1,35736,1
1201,1120649,745.5,511.0,1,35736,2
1201,1120650,340.5,502.0,1,35736,3
1201,1120651,1215.25,452.0,2,35737,0
1201,1120652,1209.9166259765625,404.1666564941406,3,35737,1
1201,1120653,1042.5,486.0,1,35737,2
1201,1120654,712.5,318.25,2,35738,0
1201,1120655,736.5,316.75,2,35738,1
1201,1120656,1360.5,719.0,1,35739,0
1201,1120657,931.5,565.5,1,35740,0
1201,1120658,570.5,538.0,1,35740,1
1201,1120659,340.5,502.0,1,35740,2
1201,1120660,459.5,356.5,1,35741,0
1201,1120661,1086.5,507.0,1,35742,0
1201,1120662,560.0,667.0,1,35742,1
1201,1120663,1042.5,486.0,1,35742,2
1201,1120664,1274.3333740234375,438.8333435058594,3,35743,0
1201,1120665,797.0,497.75,2,35743,1
1201,1120666,1042.5,486.0,2,35743,2
1201,1120667,1266.4166259765625,447.1666564941406,3,35743,3
1201,1120668,1465.0,482.5,1,35743,4
1201,1120669,736.5,316.75,2,35744,0
1201,1120670,712.5,318.25,2,35744,1
1201,1120671,1330.5,440.0,2,35745,0
1201,1120672,1485.75,530.0,2,35745,1
1201,1120673,1274.3333740234375,438.8333435058594,3,35745,2
1201,1120674,736.5,316.75,2,35746,0
1201,1120675,712.5,318.25,2,35746,1
1201,1120676,160.0,337.0,1,35747,0
1201,1120677,1485.75,530.0,2,35748,0
1201,1120678,1590.5,494.0,1,35748,1
1201,1120679,1330.5,440.0,1,35748,2
1201,1120680,797.0,497.75,2,35748,3
1201,1120681,1336.0,473.0,1,35748,4
1201,1120682,340.5,502.0,1,35748,5
1201,1120683,1042.5,486.0,1,35748,6
1201,1120684,1245.5,427.5,1,35748,7
1201,1120685,560.0,667.0,1,35749,0
1201,1120686,1086.5,507.0,1,35749,1
1211,1120568,848.5,484.5,1,35718,0
1211,1120569,1336.0,473.0,1,35718,1
1211,1120570,1042.5,486.0,1,35718,2
1211,1120571,1245.5,427.5,1,35718,3
1211,1120572,1485.75,530.0,2,35718,4
1211,1120573,811.25,444.5,2,35718,5
1211,1120574,1197.5,437.0,1,35718,6
1211,1120575,1210.5,363.0,1,35719,0
1211,1120576,1153.0,360.0,1,35719,1
1211,1120577,1293.5,362.0,1,35719,2
1211,1120578,1590.5,494.0,1,35720,0
1211,1120579,1485.75,530.0,2,35720,1
1211,1120580,1336.0,473.0,1,35720,2
1211,1120581,745.5,511.0,1,35720,3
1211,1120582,340.5,502.0,1,35720,4
1211,1120583,646.0,418.0,1,35721,0
1211,1120584,811.25,444.5,2,35721,1
1211,1120585,1197.5,437.0,1,35721,2
1211,1120586,1649.5,350.5,1,35722,0
1211,1120587,1485.75,530.0,2,35723,0
1211,1120588,1330.5,440.0,2,35723,1
1211,1120589,1590.5,494.0,1,35723,2
1211,1120590,1284.4166259765625,441.9166564941406,2,35723,3
1211,1120591,1042.5,486.0,1,35723,4
1211,1120592,848.5,484.5,1,35723,5
1211,1120593,811.25,444.5,2,35724,0
1211,1120594,1197.5,437.0,1,35724,1
1211,1120595,848.5,484.5,1,35724,2
1211,1120596,646.0,418.0,1,35724,3
1211,1120597,1153.0,360.0,1,35725,0
1211,1120598,1293.5,362.0,1,35725,1
1211,1120599,1221.75,415.0,2,35725,2
1211,1120600,1257.5833740234375,427.6666564941406,2,35726,0
1211,1120601,1042.5,486.0,2,35726,1
1211,1120602,1266.4166259765625,447.1666564941406,3,35726,2
1211,1120603,1506.5,577.5,1,35726,3
1211,1120604,1257.5833740234375,427.6666564941406,2,35727,0
1211,1120605,1042.5,486.0,1,35727,1
1211,1120606,1264.0,438.5,3,35727,2
1211,1120607,1506.5,577.5,1,35727,3
1211,1120608,1336.0,473.0,1,35728,0
1211,1120609,797.0,497.75,2,35728,1
1211,1120610,1042.5,486.0,1,35728,2
1211,1120611,1245.5,427.5,1,35728,3
1211,1120612,1330.5,440.0,1,35728,4
1211,1120613,1485.75,530.0,2,35728,5
1211,1120614,1590.5,494.0,1,35728,6
1211,1120615,745.5,511.0,1,35729,0
1211,1120616,1245.5,427.5,1,35729,1
1211,1120617,1336.0,473.0,1,35729,2
1211,1120618,570.5,538.0,1,35729,3
1211,1120619,1465.0,482.5,1,35729,4
1211,1120620,1590.5,494.0,1,35729,5
1211,1120621,1215.25,452.0,2,35730,0
1211,1120622,798.0,437.0,1,35730,1
1211,1120623,340.5,502.0,1,35730,2
1211,1120624,1042.5,486.0,1,35730,3
1211,1120625,1257.5833740234375,427.6666564941406,3,35730,4
1211,1120626,848.5,484.5,1,35730,5
1211,1120627,646.0,418.0,1,35730,6
1211,1120628,340.5,502.0,1,35731,0
1211,1120629,570.5,538.0,1,35731,1
1211,1120630,931.5,565.5,1,35731,2
1211,1120631,1465.0,482.5,1,35731,3
1211,1120632,1590.5,494.0,1,35731,4
1211,1120633,1197.5,437.0,1,35731,5
1211,1120634,1064.5,496.5,2,35732,0
1211,1120635,1274.3333740234375,438.8333435058594,3,35732,1
1211,1120636,848.5,484.5,1,35732,2
1211,1120637,1215.25,452.0,2,35732,3
1211,1120638,1485.75,530.0,2,35732,4
1211,1120639,712.5,318.25,2,35733,0
1211,1120640,736.5,316.75,2,35733,1
1211,1120641,811.25,444.5,2,35734,0
1211,1120642,848.5,484.5,1,35734,1
1211,1120643,646.0,418.0,1,35734,2
1211,1120644,1293.5,362.0,1,35735,0
1211,1120645,1153.0,360.0,1,35735,1
1211,1120646,1210.5,363.0,1,35735,2
1211,1120647,570.5,538.0,1,35736,0
1211,1120648,931.5,565.5,1,35736,1
1211,1120649,745.5,511.0,1,35736,2
1211,1120650,340.5,502.0,1,35736,3
1211,1120651,1215.25,452.0,2,35737,0
1211,1120652,1209.9166259765625,404.1666564941406,3,35737,1
1211,1120653,1042.5,486.0,1,35737,2
1211,1120654,712.5,318.25,2,35738,0
1211,1120655,736.5,316.75,2,35738,1
1211,1120656,1360.5,719.0,1,35739,0
1211,1120657,931.5,565.5,1,35740,0
1211,1120658,570.5,538.0,1,35740,1
1211,1120659,340.5,502.0,1,35740,2
1211,1120660,459.5,356.5,1,35741,0
1211,1120661,1086.5,507.0,1,35742,0
1211,1120662,560.0,667.0,1,35742,1
1211,1120663,1042.5,486.0,1,35742,2
1211,1120664,1274.3333740234375,438.8333435058594,3,35743,0
1211,1120665,797.0,497.75,2,35743,1
1211,1120666,1042.5,486.0,2,35743,2
1211,1120667,1266.4166259765625,447.1666564941406,3,35743,3
1211,1120668,1465.0,482.5,1,35743,4
1211,1120669,736.5,316.75,2,35744,0
1211,1120670,712.5,318.25,2,35744,1
1211,1120671,1330.5,440.0,2,35745,0
1211,1120672,1485.75,530.0,2,35745,1
1211,1120673,1274.3333740234375,438.8333435058594,3,35745,2
1211,1120674,736.5,316.75,2,35746,0
1211,1120675,712.5,318.25,2,35746,1
1211,1120676,160.0,337.0,1,35747,0
1211,1120677,1485.75,530.0,2,35748,0
1211,1120678,1590.5,494.0,1,35748,1
1211,1120679,1330.5,440.0,1,35748,2
1211,1120680,797.0,497.75,2,35748,3
1211,1120681,1336.0,473.0,1,35748,4
1211,1120682,340.5,502.0,1,35748,5
1211,1120683,1042.5,486.0,1,35748,6
1211,1120684,1245.5,427.5,1,35748,7
1211,1120685,560.0,667.0,1,35749,0
1211,1120686,1086.5,507.0,1,35749,1
1221,1120568,848.5,484.5,1,35718,0
1221,1120569,1336.0,473.0,1,35718,1
1221,1120570,1042.5,486.0,1,35718,2
1221,1120571,1245.5,427.5,1,35718,3
1221,1120572,1485.75,530.0,2,35718,4
1221,1120573,811.25,444.5,2,35718,5
1221,1120574,1197.5,437.0,1,35718,6
1221,1120575,1210.5,363.0,1,35719,0
1221,1120576,1153.0,360.0,1,35719,1
1221,1120577,1293.5,362.0,1,35719,2
1221,1120578,1590.5,494.0,1,35720,0
1221,1120579,1485.75,530.0,2,35720,1
1221,1120580,1336.0,473.0,1,35720,2
1221,1120581,745.5,511.0,1,35720,3
1221,1120582,340.5,502.0,1,35720,4
1221,1120583,646.0,418.0,1,35721,0
1221,1120584,811.25,444.5,2,35721,1
1221,1120585,1197.5,437.0,1,35721,2
1221,1120586,1649.5,350.5,1,35722,0
1221,1120587,1485.75,530.0,2,35723,0
1221,1120588,1330.5,440.0,2,35723,1
1221,1120589,1590.5,494.0,1,35723,2
1221,1120590,1284.4166259765625,441.9166564941406,2,35723,3
1221,1120591,1042.5,486.0,1,35723,4
1221,1120592,848.5,484.5,1,35723,5
1221,1120593,811.25,444.5,2,35724,0
1221,1120594,1197.5,437.0,1,35724,1
1221,1120595,848.5,484.5,1,35724,2
1221,1120596,646.0,418.0,1,35724,3
1221,1120597,1153.0,360.0,1,35725,0
1221,1120598,1293.5,362.0,1,35725,1
1221,1120599,1221.75,415.0,2,35725,2
1221,1120600,1257.5833740234375,427.6666564941406,2,35726,0
1221,1120601,1042.5,486.0,2,35726,1
1221,1120602,1266.4166259765625,447.1666564941406,3,35726,2
1221,1120603,1506.5,577.5,1,35726,3
1221,1120604,1257.5833740234375,427.6666564941406,2,35727,0
1221,1120605,1042.5,486.0,1,35727,1
1221,1120606,1264.0,438.5,3,35727,2
1221,1120607,1506.5,577.5,1,35727,3
1221,1120608,1336.0,473.0,1,35728,0
1221,1120609,797.0,497.75,2,35728,1
1221,1120610,1042.5,486.0,1,35728,2
1221,1120611,1245.5,427.5,1,35728,3
1221,1120612,1330.5,440.0,1,35728,4
1221,1120613,1485.75,530.0,2,35728,5
1221,1120614,1590.5,494.0,1,35728,6
1221,1120615,745.5,511.0,1,35729,0
1221,1120616,1245.5,427.5,1,35729,1
1221,1120617,1336.0,473.0,1,35729,2
1221,1120618,570.5,538.0,1,35729,3
1221,1120619,1465.0,482.5,1,35729,4
1221,1120620,1590.5,494.0,1,35729,5
1221,1120621,1215.25,452.0,2,35730,0
1221,1120622,798.0,437.0,1,35730,1
1221,1120623,340.5,502.0,1,35730,2
1221,1120624,1042.5,486.0,1,35730,3
1221,1120625,1257.5833740234375,427.6666564941406,3,35730,4
1221,1120626,848.5,484.5,1,35730,5
1221,1120627,646.0,418.0,1,35730,6
1221,1120628,340.5,502.0,1,35731,0
1221,1120629,570.5,538.0,1,35731,1
1221,1120630,931.5,565.5,1,35731,2
1221,1120631,1465.0,482.5,1,35731,3
1221,1120632,1590.5,494.0,1,35731,4
1221,1120633,1197.5,437.0,1,35731,5
1221,1120634,1064.5,496.5,2,35732,0
1221,1120635,1274.3333740234375,438.8333435058594,3,35732,1
1221,1120636,848.5,484.5,1,35732,2
1221,1120637,1215.25,452.0,2,35732,3
1221,1120638,1485.75,530.0,2,35732,4
1221,1120639,712.5,318.25,2,35733,0
1221,1120640,736.5,316.75,2,35733,1
1221,1120641,811.25,444.5,2,35734,0
1221,1120642,848.5,484.5,1,35734,1
1221,1120643,646.0,418.0,1,35734,2
1221,1120644,1293.5,362.0,1,35735,0
1221,1120645,1153.0,360.0,1,35735,1
1221,1120646,1210.5,363.0,1,35735,2
1221,1120647,570.5,538.0,1,35736,0
1221,1120648,931.5,565.5,1,35736,1
1221,1120649,745.5,511.0,1,35736,2
1221,1120650,340.5,502.0,1,35736,3
1221,1120651,1215.25,452.0,2,35737,0
1221,1120652,1209.9166259765625,404.1666564941406,3,35737,1
1221,1120653,1042.5,486.0,1,35737,2
1221,1120654,712.5,318.25,2,35738,0
1221,1120655,736.5,316.75,2,35738,1
1221,1120656,1360.5,719.0,1,35739,0
1221,1120657,931.5,565.5,1,35740,0
1221,1120658,570.5,538.0,1,35740,1
1221,1120659,340.5,502.0,1,35740,2
1221,1120660,459.5,356.5,1,35741,0
1221,1120661,1086.5,507.0,1,35742,0
1221,1120662,560.0,667.0,1,35742,1
1221,1120663,1042.5,486.0,1,35742,2
1221,1120664,1274.3333740234375,438.8333435058594,3,35743,0
1221,1120665,797.0,497.75,2,35743,1
1221,1120666,1042.5,486.0,2,35743,2
1221,1120667,1266.4166259765625,447.1666564941406,3,35743,3
1221,1120668,1465.0,482.5,1,35743,4
1221,1120669,736.5,316.75,2,35744,0
1221,1120670,712.5,318.25,2,35744,1
1221,1120671,1330.5,440.0,2,35745,0
1221,1120672,1485.75,530.0,2,35745,1
1221,1120673,1274.3333740234375,438.8333435058594,3,35745,2
1221,1120674,736.5,316.75,2,35746,0
1221,1120675,712.5,318.25,2,35746,1
1221,1120676,160.0,337.0,1,35747,0
1221,1120677,1485.75,530.0,2,35748,0
1221,1120678,1590.5,494.0,1,35748,1
1221,1120679,1330.5,440.0,1,35748,2
1221,1120680,797.0,497.75,2,35748,3
1221,1120681,1336.0,473.0,1,35748,4
1221,1120682,340.5,502.0,1,35748,5
1221,1120683,1042.5,486.0,1,35748,6
1221,1120684,1245.5,427.5,1,35748,7
1221,1120685,560.0,667.0,1,35749,0
1221,1120686,1086.5,507.0,1,35749,1
1231,1120568,848.5,484.5,1,35718,0
1231,1120569,1336.0,473.0,1,35718,1
1231,1120570,1042.5,486.0,1,35718,2
1231,1120571,1245.5,427.5,1,35718,3
1231,1120572,1485.75,530.0,2,35718,4
1231,1120573,811.25,444.5,2,35718,5
1231,1120574,1197.5,437.0,1,35718,6
1231,1120575,1210.5,363.0,1,35719,0
1231,1120576,1153.0,360.0,1,35719,1
1231,1120577,1293.5,362.0,1,35719,2
1231,1120578,1590.5,494.0,1,35720,0
1231,1120579,1485.75,530.0,2,35720,1
1231,1120580,1336.0,473.0,1,35720,2
1231,1120581,745.5,511.0,1,35720,3
1231,1120582,340.5,502.0,1,35720,4
1231,1120583,646.0,418.0,1,35721,0
1231,1120584,811.25,444.5,2,35721,1
1231,1120585,1197.5,437.0,1,35721,2
1231,1120586,1649.5,350.5,1,35722,0
1231,1120587,1485.75,530.0,2,35723,0
1231,1120588,1330.5,440.0,2,35723,1
1231,1120589,1590.5,494.0,1,35723,2
1231,1120590,1284.4166259765625,441.9166564941406,2,35723,3
1231,1120591,1042.5,486.0,1,35723,4
1231,1120592,848.5,484.5,1,35723,5
1231,1120593,811.25,444.5,2,35724,0
1231,1120594,1197.5,437.0,1,35724,1
1231,1120595,848.5,484.5,1,35724,2
1231,1120596,646.0,418.0,1,35724,3
1231,1120597,1153.0,360.0,1,35725,0
1231,1120598,1293.5,362.0,1,35725,1
1231,1120599,1221.75,415.0,2,35725,2
1231,1120600,1257.5833740234375,427.6666564941406,2,35726,0
1231,1120601,1042.5,486.0,2,35726,1
1231,1120602,1266.4166259765625,447.1666564941406,3,35726,2
1231,1120603,1506.5,577.5,1,35726,3
1231,1120604,1257.5833740234375,427.6666564941406,2,35727,0
1231,1120605,1042.5,486.0,1,35727,1
1231,1120606,1264.0,438.5,3,35727,2
1231,1120607,1506.5,577.5,1,35727,3
1231,1120608,1336.0,473.0,1,35728,0
1231,1120609,797.0,497.75,2,35728,1
1231,1120610,1042.5,486.0,1,35728,2
1231,1120611,1245.5,427.5,1,35728,3
1231,1120612,1330.5,440.0,1,35728,4
1231,1120613,1485.75,530.0,2,35728,5
1231,1120614,1590.5,494.0,1,35728,6
1231,1120615,745.5,511.0,1,35729,0
1231,1120616,1245.5,427.5,1,35729,1
1231,1120617,1336.0,473.0,1,35729,2
1231,1120618,570.5,538.0,1,35729,3
1231,1120619,1465.0,482.5,1,35729,4
1231,1120620,1590.5,494.0,1,35729,5
1231,1120621,1215.25,452.0,2,35730,0
1231,1120622,798.0,437.0,1,35730,1
1231,1120623,340.5,502.0,1,35730,2
1231,1120624,1042.5,486.0,1,35730,3
1231,1120625,1257.5833740234375,427.6666564941406,3,35730,4
1231,1120626,848.5,484.5,1,35730,5
1231,1120627,646.0,418.0,1,35730,6
1231,1120628,340.5,502.0,1,35731,0
1231,1120629,570.5,538.0,1,35731,1
1231,1120630,931.5,565.5,1,35731,2
1231,1120631,1465.0,482.5,1,35731,3
1231,1120632,1590.5,494.0,1,35731,4
1231,1120633,1197.5,437.0,1,35731,5
1231,1120634,1064.5,496.5,2,35732,0
1231,1120635,1274.3333740234375,438.8333435058594,3,35732,1
1231,1120636,848.5,484.5,1,35732,2
1231,1120637,1215.25,452.0,2,35732,3
1231,1120638,1485.75,530.0,2,35732,4
1231,1120639,712.5,318.25,2,35733,0
1231,1120640,736.5,316.75,2,35733,1
1231,1120641,811.25,444.5,2,35734,0
1231,1120642,848.5,484.5,1,35734,1
1231,1120643,646.0,418.0,1,35734,2
1231,1120644,1293.5,362.0,1,35735,0
1231,1120645,1153.0,360.0,1,35735,1
1231,1120646,1210.5,363.0,1,35735,2
1231,1120647,570.5,538.0,1,35736,0
1231,1120648,931.5,565.5,1,35736,1
1231,1120649,745.5,511.0,1,35736,2
1231,1120650,340.5,502.0,1,35736,3
1231,1120651,1215.25,452.0,2,35737,0
1231,1120652,1209.9166259765625,404.1666564941406,3,35737,1
1231,1120653,1042.5,486.0,1,35737,2
1231,1120654,712.5,318.25,2,35738,0
1231,1120655,736.5,316.75,2,35738,1
1231,1120656,1360.5,719.0,1,35739,0
1231,1120657,931.5,565.5,1,35740,0
1231,1120658,570.5,538.0,1,35740,1
1231,1120659,340.5,502.0,1,35740,2
1231,1120660,459.5,356.5,1,35741,0
1231,1120661,1086.5,507.0,1,35742,0
1231,1120662,560.0,667.0,1,35742,1
1231,1120663,1042.5,486.0,1,35742,2
1231,1120664,1274.3333740234375,438.8333435058594,3,35743,0
1231,1120665,797.0,497.75,2,35743,1
1231,1120666,1042.5,486.0,2,35743,2
1231,1120667,1266.4166259765625,447.1666564941406,3,35743,3
1231,1120668,1465.0,482.5,1,35743,4
1231,1120669,736.5,316.75,2,35744,0
1231,1120670,712.5,318.25,2,35744,1
1231,1120671,1330.5,440.0,2,35745,0
1231,1120672,1485.75,530.0,2,35745,1
1231,1120673,1274.3333740234375,438.8333435058594,3,35745,2
1231,1120674,736.5,316.75,2,35746,0
1231,1120675,712.5,318.25,2,35746,1
1231,1120676,160.0,337.0,1,35747,0
1231,1120677,1485.75,530.0,2,35748,0
1231,1120678,1590.5,494.0,1,35748,1
1231,1120679,1330.5,440.0,1,35748,2
1231,1120680,797.0,497.75,2,35748,3
1231,1120681,1336.0,473.0,1,35748,4
1231,1120682,340.5,502.0,1,35748,5
1231,1120683,1042.5,486.0,1,35748,6
1231,1120684,1245.5,427.5,1,35748,7
1231,1120685,560.0,667.0,1,35749,0
1231,1120686,1086.5,507.0,1,35749,1
1241,1120568,848.5,484.5,1,35718,0
1241,1120569,1336.0,473.0,1,35718,1
1241,1120570,1042.5,486.0,1,35718,2
1241,1120571,1245.5,427.5,1,35718,3
1241,1120572,1485.75,530.0,2,35718,4
1241,1120573,811.25,444.5,2,35718,5
1241,1120574,1197.5,437.0,1,35718,6
1241,1120575,1210.5,363.0,1,35719,0
1241,1120576,1153.0,360.0,1,35719,1
1241,1120577,1293.5,362.0,1,35719,2
1241,1120578,1590.5,494.0,1,35720,0
1241,1120579,1485.75,530.0,2,35720,1
1241,1120580,1336.0,473.0,1,35720,2
1241,1120581,745.5,511.0,1,35720,3
1241,1120582,340.5,502.0,1,35720,4
1241,1120583,646.0,418.0,1,35721,0
1241,1120584,811.25,444.5,2,35721,1
1241,1120585,1197.5,437.0,1,35721,2
1241,1120586,1649.5,350.5,1,35722,0
1241,1120587,1485.75,530.0,2,35723,0
1241,1120588,1330.5,440.0,2,35723,1
1241,1120589,1590.5,494.0,1,35723,2
1241,1120590,1284.4166259765625,441.9166564941406,2,35723,3
1241,1120591,1042.5,486.0,1,35723,4
1241,1120592,848.5,484.5,1,35723,5
1241,1120593,811.25,444.5,2,35724,0
1241,1120594,1197.5,437.0,1,35724,1
1241,1120595,848.5,484.5,1,35724,2
1241,1120596,646.0,418.0,1,35724,3
1241,1120597,1153.0,360.0,1,35725,0
1241,1120598,1293.5,362.0,1,35725,1
1241,1120599,1221.75,415.0,2,35725,2
1241,1120600,1257.5833740234375,427.6666564941406,2,35726,0
1241,1120601,1042.5,486.0,2,35726,1
1241,1120602,1266.4166259765625,447.1666564941406,3,35726,2
1241,1120603,1506.5,577.5,1,35726,3
1241,1120604,1257.5833740234375,427.6666564941406,2,35727,0
1241,1120605,1042.5,486.0,1,35727,1
1241,1120606,1264.0,438.5,3,35727,2
1241,1120607,1506.5,577.5,1,35727,3
1241,1120608,1336.0,473.0,1,35728,0
1241,1120609,797.0,497.75,2,35728,1
1241,1120610,1042.5,486.0,1,35728,2
1241,1120611,1245.5,427.5,1,35728,3
1241,1120612,1330.5,440.0,1,35728,4
1241,1120613,1485.75,530.0,2,35728,5
1241,1120614,1590.5,494.0,1,35728,6
1241,1120615,745.5,511.0,1,35729,0
1241,1120616,1245.5,427.5,1,35729,1
1241,1120617,1336.0,473.0,1,35729,2
1241,1120618,570.5,538.0,1,35729,3
1241,1120619,1465.0,482.5,1,35729,4
1241,1120620,1590.5,494.0,1,35729,5
1241,1120621,1215.25,452.0,2,35730,0
1241,1120622,798.0,437.0,1,35730,1
1241,1120623,340.5,502.0,1,35730,2
1241,1120624,1042.5,486.0,1,35730,3
1241,1120625,1257.5833740234375,427.6666564941406,3,35730,4
1241,1120626,848.5,484.5,1,35730,5
1241,1120627,646.0,418.0,1,35730,6
1241,1120628,340.5,502.0,1,35731,0
1241,1120629,570.5,538.0,1,35731,1
1241,1120630,931.5,565.5,1,35731,2
1241,1120631,1465.0,482.5,1,35731,3
1241,1120632,1590.5,494.0,1,35731,4
1241,1120633,1197.5,437.0,1,35731,5
1241,1120634,1064.5,496.5,2,35732,0
1241,1120635,1274.3333740234375,438.8333435058594,3,35732,1
1241,1120636,848.5,484.5,1,35732,2
1241,1120637,1215.25,452.0,2,35732,3
1241,1120638,1485.75,530.0,2,35732,4
1241,1120639,712.5,318.25,2,35733,0
1241,1120640,736.5,316.75,2,35733,1
1241,1120641,811.25,444.5,2,35734,0
1241,1120642,848.5,484.5,1,35734,1
1241,1120643,646.0,418.0,1,35734,2
1241,1120644,1293.5,362.0,1,35735,0
1241,1120645,1153.0,360.0,1,35735,1
1241,1120646,1210.5,363.0,1,35735,2
1241,1120647,570.5,538.0,1,35736,0
1241,1120648,931.5,565.5,1,35736,1
1241,1120649,745.5,511.0,1,35736,2
1241,1120650,340.5,502.0,1,35736,3
1241,1120651,1215.25,452.0,2,35737,0
1241,1120652,1209.9166259765625,404.1666564941406,3,35737,1
1241,1120653,1042.5,486.0,1,35737,2
1241,1120654,712.5,318.25,2,35738,0
1241,1120655,736.5,316.75,2,35738,1
1241,1120656,1360.5,719.0,1,35739,0
1241,1120657,931.5,565.5,1,35740,0
1241,1120658,570.5,538.0,1,35740,1
1241,1120659,340.5,502.0,1,35740,2
1241,1120660,459.5,356.5,1,35741,0
1241,1120661,1086.5,507.0,1,35742,0
1241,1120662,560.0,667.0,1,35742,1
1241,1120663,1042.5,486.0,1,35742,2
1241,1120664,1274.3333740234375,438.8333435058594,3,35743,0
1241,1120665,797.0,497.75,2,35743,1
1241,1120666,1042.5,486.0,2,35743,2
1241,1120667,1266.4166259765625,447.1666564941406,3,35743,3
1241,1120668,1465.0,482.5,1,35743,4
1241,1120669,736.5,316.75,2,35744,0
1241,1120670,712.5,318.25,2,35744,1
1241,1120671,1330.5,440.0,2,35745,0
1241,1120672,1485.75,530.0,2,35745,1
1241,1120673,1274.3333740234375,438.8333435058594,3,35745,2
1241,1120674,736.5,316.75,2,35746,0
1241,1120675,712.5,318.25,2,35746,1
1241,1120676,160.0,337.0,1,35747,0
1241,1120677,1485.75,530.0,2,35748,0
1241,1120678,1590.5,494.0,1,35748,1
1241,1120679,1330.5,440.0,1,35748,2
1241,1120680,797.0,497.75,2,35748,3
1241,1120681,1336.0,473.0,1,35748,4
1241,1120682,340.5,502.0,1,35748,5
1241,1120683,1042.5,486.0,1,35748,6
1241,1120684,1245.5,427.5,1,35748,7
1241,1120685,560.0,667.0,1,35749,0
1241,1120686,1086.5,507.0,1,35749,1
1251,1120568,885.0,484.5,1,35718,0
1251,1120569,1303.5,470.0,1,35718,1
1251,1120570,1052.5,483.5,1,35718,2
1251,1120571,1254.0,435.0,1,35718,3
1251,1120572,1469.5,527.5,2,35718,4
1251,1120573,823.75,445.75,2,35718,5
1251,1120574,1167.5,439.0,1,35718,6
1251,1120575,1195.0,363.0,1,35719,0
1251,1120576,1134.0,360.0,1,35719,1
1251,1120577,1273.0,362.5,1,35719,2
1251,1120578,1546.5,492.5,1,35720,0
1251,1120579,1469.5,527.5,2,35720,1
1251,1120580,1303.5,470.0,1,35720,2
1251,1120581,784.0,511.5,1,35720,3
1251,1120582,380.0,501.0,1,35720,4
1251,1120583,661.0,419.0,1,35721,0
1251,1120584,823.75,445.75,2,35721,1
1251,1120585,1167.5,439.0,1,35721,2
1251,1120586,1649.0,350.5,1,35722,0
1251,1120587,1469.5,527.5,2,35723,0
1251,1120588,1337.0,442.75,2,35723,1
1251,1120589,1546.5,492.5,1,35723,2
1251,1120590,1254.4166259765625,440.1666564941406,2,35723,3
1251,1120591,1052.5,483.5,1,35723,4
1251,1120592,885.0,484.5,1,35723,5
1251,1120593,823.75,445.75,2,35724,0
1251,1120594,1167.5,439.0,1,35724,1
1251,1120595,885.0,484.5,1,35724,2
1251,1120596,661.0,419.0,1,35724,3
1251,1120597,1134.0,360.0,1,35725,0
1251,1120598,1273.0,362.5,1,35725,1
1251,1120599,1210.75,410.5,2,35725,2
1251,1120600,1242.25,430.1666564941406,3,35726,0
1251,1120601,1032.5,485.75,2,35726,1
1251,1120602,1283.1666259765625,445.1666564941406,2,35726,2
1251,1120603,1501.5,572.5,1,35726,3
1251,1120604,1248.0833740234375,431.1666564941406,2,35727,0
1251,1120605,1052.5,483.5,1,35727,1
1251,1120606,1270.5,441.25,2,35727,2
1251,1120607,1501.5,572.5,1,35727,3
1251,1120608,1303.5,470.0,1,35728,0
1251,1120609,834.5,498.0,2,35728,1
1251,1120610,1052.5,483.5,1,35728,2
1251,1120611,1254.0,435.0,1,35728,3
1251,1120612,1370.5,445.0,1,35728,4
1251,1120613,1469.5,527.5,2,35728,5
1251,1120614,1546.5,492.5,1,35728,6
1251,1120615,784.0,511.5,1,35729,0
1251,1120616,1254.0,435.0,1,35729,1
1251,1120617,1303.5,470.0,1,35729,2
1251,1120618,601.5,542.0,1,35729,3
1251,1120619,1437.5,482.5,1,35729,4
1251,1120620,1546.5,492.5,1,35729,5
1251,1120621,1197.0,448.5,2,35730,0
1251,1120622,821.0,439.0,1,35730,1
1251,1120623,380.0,501.0,1,35730,2
1251,1120624,1052.5,483.5,1,35730,3
1251,1120625,1242.25,430.1666564941406,3,35730,4
1251,1120626,885.0,484.5,1,35730,5
1251,1120627,661.0,419.0,1,35730,6
1251,1120628,380.0,501.0,1,35731,0
1251,1120629,601.5,542.0,1,35731,1
1251,1120630,904.0,562.5,1,35731,2
1251,1120631,1437.5,482.5,1,35731,3
1251,1120632,1546.5,492.5,1,35731,4
1251,1120633,1167.5,439.0,1,35731,5
1251,1120634,1070.5,510.75,2,35732,0
1251,1120635,1262.3333740234375,441.0833435058594,2,35732,1
1251,1120636,885.0,484.5,1,35732,2
1251,1120637,1197.0,448.5,2,35732,3
1251,1120638,1469.5,527.5,2,35732,4
1251,1120639,707.0,319.0,2,35733,0
1251,1120640,728.25,318.5,2,35733,1
1251,1120641,823.75,445.75,2,35734,0
1251,1120642,885.0,484.5,1,35734,1
1251,1120643,661.0,419.0,1,35734,2
1251,1120644,1273.0,362.5,1,35735,0
1251,1120645,1134.0,360.0,1,35735,1
1251,1120646,1195.0,363.0,1,35735,2
1251,1120647,601.5,542.0,1,35736,0
1251,1120648,904.0,562.5,1,35736,1
1251,1120649,784.0,511.5,1,35736,2
1251,1120650,380.0,501.0,1,35736,3
1251,1120651,1197.0,448.5,2,35737,0
1251,1120652,1197.25,406.5,3,35737,1
1251,1120653,1052.5,483.5,1,35737,2
1251,1120654,707.0,319.0,2,35738,0
1251,1120655,728.25,318.5,2,35738,1
1251,1120656,1307.5,719.0,1,35739,0
1251,1120657,904.0,562.5,1,35740,0
1251,1120658,601.5,542.0,1,35740,1
1251,1120659,380.0,501.0,1,35740,2
1251,1120660,475.5,354.5,1,35741,0
1251,1120661,1088.5,538.0,1,35742,0
1251,1120662,528.0,648.5,1,35742,1
1251,1120663,1052.5,483.5,1,35742,2
1251,1120664,1262.3333740234375,441.0833435058594,2,35743,0
1251,1120665,834.5,498.0,2,35743,1
1251,1120666,1032.5,485.75,2,35743,2
1251,1120667,1261.1666259765625,446.1666564941406,4,35743,3
1251,1120668,1437.5,482.5,1,35743,4
1251,1120669,728.25,318.5,2,35744,0
1251,1120670,707.0,319.0,2,35744,1
1251,1120671,1325.6666259765625,441.6666564941406,3,35745,0
1251,1120672,1469.5,527.5,2,35745,1
1251,1120673,1262.3333740234375,441.0833435058594,2,35745,2
1251,1120674,728.25,318.5,2,35746,0
1251,1120675,707.0,319.0,2,35746,1
1251,1120676,152.5,338.0,1,35747,0
1251,1120677,1469.5,527.5,2,35748,0
1251,1120678,1546.5,492.5,1,35748,1
1251,1120679,1370.5,445.0,1,35748,2
1251,1120680,834.5,498.0,2,35748,3
1251,1120681,1303.5,470.0,1,35748,4
1251,1120682,380.0,501.0,1,35748,5
1251,1120683,1052.5,483.5,1,35748,6
1251,1120684,1254.0,435.0,1,35748,7
1251,1120685,528.0,648.5,1,35749,0
1251,1120686,1088.5,538.0,1,35749,1
1271,1120687,1584.5,481.5,1,35750,0
1271,1120688,1452.5,512.5,1,35750,1
1271,1120689,1062.0,506.0,1,35750,2
1271,1120690,932.3333129882812,359.6666564941406,3,35751,0
1271,1120691,538.5,348.0,1,35751,1
1271,1120692,895.0,521.5,1,35752,0
1271,1120693,664.5,474.5,1,35752,1
1271,1120694,493.5,523.5,1,35752,2
1271,1120695,360.0,496.0,1,35752,3
1271,1120696,1007.5,418.5,1,35753,0
1271,1120697,1228.0,429.8999938964844,5,35753,1
1271,1120698,1649.5,350.5,1,35754,0
1271,1120699,1290.1666259765625,424.6666564941406,3,35755,0
1271,1120700,756.0,438.0,1,35755,1
1271,1120701,1007.5,418.5,1,35755,2
1271,1120702,756.0,438.0,1,35756,0
1271,1120703,1228.0,429.8999938964844,5,35756,1
1271,1120704,913.375,346.125,4,35757,0
1271,1120705,538.5,348.0,1,35757,1
1271,1120706,1290.1666259765625,424.6666564941406,3,35758,0
1271,1120707,541.0,414.5,1,35758,1
1271,1120708,1007.5,418.5,1,35758,2
1271,1120709,756.0,438.0,1,35758,3
1271,1120710,1134.75,437.75,2,35759,0
1271,1120711,541.0,414.5,1,35759,1
1271,1120712,1007.5,418.5,1,35759,2
1271,1120713,756.0,438.0,1,35759,3
1271,1120714,1134.75,437.75,2,35760,0
1271,1120715,541.0,414.5,1,35760,1
1271,1120716,1007.5,418.5,1,35760,2
1271,1120717,756.0,438.0,1,35760,3
1271,1120718,1452.5,512.5,1,35761,0
1271,1120719,1062.0,506.0,1,35761,1
1271,1120720,1584.5,481.5,1,35761,2
1271,1120721,664.5,474.5,1,35762,0
1271,1120722,931.0,511.25,2,35762,1
1271,1120723,360.0,496.0,1,35762,2
1271,1120724,1062.0,506.0,1,35763,0
1271,1120725,1584.5,481.5,1,35763,1
1271,1120726,1452.5,512.5,1,35763,2
1271,1120727,967.0,501.0,1,35763,3
1271,1120728,1290.1666259765625,424.6666564941406,3,35764,0
1271,1120729,1007.5,418.5,1,35764,1
1271,1120730,756.0,438.0,1,35764,2
1271,1120731,690.5,321.5,4,35765,0
1271,1120732,538.5,348.0,1,35765,1
1271,1120733,541.0,414.5,1,35766,0
1271,1120734,1180.3333740234375,432.3333435058594,3,35766,1
1271,1120735,932.3333129882812,359.6666564941406,3,35767,0
1271,1120736,538.5,348.0,1,35767,1
1271,1120737,493.5,523.5,1,35768,0
1271,1120738,931.0,511.25,2,35768,1
1271,1120739,1050.5,373.0,1,35769,0
1271,1120740,690.5,321.5,4,35770,0
1271,1120741,538.5,348.0,1,35770,1
1271,1120742,360.0,496.0,1,35771,0
1271,1120743,931.0,511.25,2,35771,1
1271,1120744,664.5,474.5,1,35771,2
1271,1120745,538.5,348.0,1,35772,0
1271,1120746,690.5,321.5,4,35772,1
1271,1120747,932.3333129882812,359.6666564941406,3,35772,2
1271,1120748,1288.0,540.5,1,35773,0
1271,1120749,690.5,321.5,4,35774,0
1271,1120750,538.5,348.0,1,35774,1
1271,1120751,690.5,321.5,4,35775,0
1271,1120752,538.5,348.0,1,35775,1
1271,1120753,967.0,501.0,1,35776,0
1271,1120754,664.5,474.5,1,35776,1
1271,1120755,1062.0,506.0,1,35776,2
1271,1120756,493.5,523.5,1,35776,3
1271,1120757,360.0,496.0,1,35776,4
1271,1120758,856.5,305.5,1,35777,0
1271,1120759,985.0,359.0,1,35777,1
1281,1120687,1584.5,481.5,1,35750,0
1281,1120688,1452.5,512.5,1,35750,1
1281,1120689,1062.0,506.0,1,35750,2
1281,1120690,932.3333129882812,359.6666564941406,3,35751,0
1281,1120691,538.5,348.0,1,35751,1
1281,1120692,895.0,521.5,1,35752,0
1281,1120693,664.5,474.5,1,35752,1
1281,1120694,493.5,523.5,1,35752,2
1281,1120695,360.0,496.0,1,35752,3
1281,1120696,1007.5,418.5,1,35753,0
1281,1120697,1228.0,429.8999938964844,5,35753,1
1281,1120698,1649.5,350.5,1,35754,0
1281,1120699,1290.1666259765625,424.6666564941406,3,35755,0
1281,1120700,756.0,438.0,1,35755,1
1281,1120701,1007.5,418.5,1,35755,2
1281,1120702,756.0,438.0,1,35756,0
1281,1120703,1228.0,429.8999938964844,5,35756,1
1281,1120704,913.375,346.125,4,35757,0
1281,1120705,538.5,348.0,1,35757,1
1281,1120706,1290.1666259765625,424.6666564941406,3,35758,0
1281,1120707,541.0,414.5,1,35758,1
1281,1120708,1007.5,418.5,1,35758,2
1281,1120709,756.0,438.0,1,35758,3
1281,1120710,1134.75,437.75,2,35759,0
1281,1120711,541.0,414.5,1,35759,1
1281,1120712,1007.5,418.5,1,35759,2
1281,1120713,756.0,438.0,1,35759,3
1281,1120714,1134.75,437.75,2,35760,0
1281,1120715,541.0,414.5,1,35760,1
1281,1120716,1007.5,418.5,1,35760,2
1281,1120717,756.0,438.0,1,35760,3
1281,1120718,1452.5,512.5,1,35761,0
1281,1120719,1062.0,506.0,1,35761,1
1281,1120720,1584.5,481.5,1,35761,2
1281,1120721,664.5,474.5,1,35762,0
1281,1120722,931.0,511.25,2,35762,1
1281,1120723,360.0,496.0,1,35762,2
1281,1120724,1062.0,506.0,1,35763,0
1281,1120725,1584.5,481.5,1,35763,1
1281,1120726,1452.5,512.5,1,35763,2
1281,1120727,967.0,501.0,1,35763,3
1281,1120728,1290.1666259765625,424.6666564941406,3,35764,0
1281,1120729,1007.5,418.5,1,35764,1
1281,1120730,756.0,438.0,1,35764,2
1281,1120731,690.5,321.5,4,35765,0
1281,1120732,538.5,348.0,1,35765,1
1281,1120733,541.0,414.5,1,35766,0
1281,1120734,1180.3333740234375,432.3333435058594,3,35766,1
1281,1120735,932.3333129882812,359.6666564941406,3,35767,0
1281,1120736,538.5,348.0,1,35767,1
1281,1120737,493.5,523.5,1,35768,0
1281,1120738,931.0,511.25,2,35768,1
1281,1120739,1050.5,373.0,1,35769,0
1281,1120740,690.5,321.5,4,35770,0
1281,1120741,538.5,348.0,1,35770,1
1281,1120742,360.0,496.0,1,35771,0
1281,1120743,931.0,511.25,2,35771,1
1281,1120744,664.5,474.5,1,35771,2
1281,1120745,538.5,348.0,1,35772,0
1281,1120746,690.5,321.5,4,35772,1
1281,1120747,932.3333129882812,359.6666564941406,3,35772,2
1281,1120748,1288.0,540.5,1,35773,0
1281,1120749,690.5,321.5,4,35774,0
1281,1120750,538.5,348.0,1,35774,1
1281,1120751,690.5,321.5,4,35775,0
1281,1120752,538.5,348.0,1,35775,1
1281,1120753,967.0,501.0,1,35776,0
1281,1120754,664.5,474.5,1,35776,1
1281,1120755,1062.0,506.0,1,35776,2
1281,1120756,493.5,523.5,1,35776,3
1281,1120757,360.0,496.0,1,35776,4
1281,1120758,856.5,305.5,1,35777,0
1281,1120759,985.0,359.0,1,35777,1
1291,1120687,1584.5,481.5,1,35750,0
1291,1120688,1452.5,512.5,1,35750,1
1291,1120689,1062.0,506.0,1,35750,2
1291,1120690,932.3333129882812,359.6666564941406,3,35751,0
1291,1120691,538.5,348.0,1,35751,1
1291,1120692,895.0,521.5,1,35752,0
1291,1120693,664.5,474.5,1,35752,1
1291,1120694,493.5,523.5,1,35752,2
1291,1120695,360.0,496.0,1,35752,3
1291,1120696,1007.5,418.5,1,35753,0
1291,1120697,1228.0,429.8999938964844,5,35753,1
1291,1120698,1649.5,350.5,1,35754,0
1291,1120699,1290.1666259765625,424.6666564941406,3,35755,0
1291,1120700,756.0,438.0,1,35755,1
1291,1120701,1007.5,418.5,1,35755,2
1291,1120702,756.0,438.0,1,35756,0
1291,1120703,1228.0,429.8999938964844,5,35756,1
1291,1120704,913.375,346.125,4,35757,0
1291,1120705,538.5,348.0,1,35757,1
1291,1120706,1290.1666259765625,424.6666564941406,3,35758,0
1291,1120707,541.0,414.5,1,35758,1
1291,1120708,1007.5,418.5,1,35758,2
1291,1120709,756.0,438.0,1,35758,3
1291,1120710,1134.75,437.75,2,35759,0
1291,1120711,541.0,414.5,1,35759,1
1291,1120712,1007.5,418.5,1,35759,2
1291,1120713,756.0,438.0,1,35759,3
1291,1120714,1134.75,437.75,2,35760,0
1291,1120715,541.0,414.5,1,35760,1
1291,1120716,1007.5,418.5,1,35760,2
1291,1120717,756.0,438.0,1,35760,3
1291,1120718,1452.5,512.5,1,35761,0
1291,1120719,1062.0,506.0,1,35761,1
1291,1120720,1584.5,481.5,1,35761,2
1291,1120721,664.5,474.5,1,35762,0
1291,1120722,931.0,511.25,2,35762,1
1291,1120723,360.0,496.0,1,35762,2
1291,1120724,1062.0,506.0,1,35763,0
1291,1120725,1584.5,481.5,1,35763,1
1291,1120726,1452.5,512.5,1,35763,2
1291,1120727,967.0,501.0,1,35763,3
1291,1120728,1290.1666259765625,424.6666564941406,3,35764,0
1291,1120729,1007.5,418.5,1,35764,1
1291,1120730,756.0,438.0,1,35764,2
1291,1120731,690.5,321.5,4,35765,0
1291,1120732,538.5,348.0,1,35765,1
1291,1120733,541.0,414.5,1,35766,0
1291,1120734,1180.3333740234375,432.3333435058594,3,35766,1
1291,1120735,932.3333129882812,359.6666564941406,3,35767,0
1291,1120736,538.5,348.0,1,35767,1
1291,1120737,493.5,523.5,1,35768,0
1291,1120738,931.0,511.25,2,35768,1
1291,1120739,1050.5,373.0,1,35769,0
1291,1120740,690.5,321.5,4,35770,0
1291,1120741,538.5,348.0,1,35770,1
1291,1120742,360.0,496.0,1,35771,0
1291,1120743,931.0,511.25,2,35771,1
1291,1120744,664.5,474.5,1,35771,2
1291,1120745,538.5,348.0,1,35772,0
1291,1120746,690.5,321.5,4,35772,1
1291,1120747,932.3333129882812,359.6666564941406,3,35772,2
1291,1120748,1288.0,540.5,1,35773,0
1291,1120749,690.5,321.5,4,35774,0
1291,1120750,538.5,348.0,1,35774,1
1291,1120751,690.5,321.5,4,35775,0
1291,1120752,538.5,348.0,1,35775,1
1291,1120753,967.0,501.0,1,35776,0
1291,1120754,664.5,474.5,1,35776,1
1291,1120755,1062.0,506.0,1,35776,2
1291,1120756,493.5,523.5,1,35776,3
1291,1120757,360.0,496.0,1,35776,4
1291,1120758,856.5,305.5,1,35777,0
1291,1120759,985.0,359.0,1,35777,1
1301,1120687,1584.5,481.5,1,35750,0
1301,1120688,1452.5,512.5,1,35750,1
1301,1120689,1062.0,506.0,1,35750,2
1301,1120690,932.3333129882812,359.6666564941406,3,35751,0
1301,1120691,538.5,348.0,1,35751,1
1301,1120692,895.0,521.5,1,35752,0
1301,1120693,664.5,474.5,1,35752,1
1301,1120694,493.5,523.5,1,35752,2
1301,1120695,360.0,496.0,1,35752,3
1301,1120696,1007.5,418.5,1,35753,0
1301,1120697,1228.0,429.8999938964844,5,35753,1
1301,1120698,1649.5,350.5,1,35754,0
1301,1120699,1290.1666259765625,424.6666564941406,3,35755,0
1301,1120700,756.0,438.0,1,35755,1
1301,1120701,1007.5,418.5,1,35755,2
1301,1120702,756.0,438.0,1,35756,0
1301,1120703,1228.0,429.8999938964844,5,35756,1
1301,1120704,913.375,346.125,4,35757,0
1301,1120705,538.5,348.0,1,35757,1
1301,1120706,1290.1666259765625,424.6666564941406,3,35758,0
1301,1120707,541.0,414.5,1,35758,1
1301,1120708,1007.5,418.5,1,35758,2
1301,1120709,756.0,438.0,1,35758,3
1301,1120710,1134.75,437.75,2,35759,0
1301,1120711,541.0,414.5,1,35759,1
1301,1120712,1007.5,418.5,1,35759,2
1301,1120713,756.0,438.0,1,35759,3
1301,1120714,1134.75,437.75,2,35760,0
1301,1120715,541.0,414.5,1,35760,1
1301,1120716,1007.5,418.5,1,35760,2
1301,1120717,756.0,438.0,1,35760,3
1301,1120718,1452.5,512.5,1,35761,0
1301,1120719,1062.0,506.0,1,35761,1
1301,1120720,1584.5,481.5,1,35761,2
1301,1120721,664.5,474.5,1,35762,0
1301,1120722,931.0,511.25,2,35762,1
1301,1120723,360.0,496.0,1,35762,2
1301,1120724,1062.0,506.0,1,35763,0
1301,1120725,1584.5,481.5,1,35763,1
1301,1120726,1452.5,512.5,1,35763,2
1301,1120727,967.0,501.0,1,35763,3
1301,1120728,1290.1666259765625,424.6666564941406,3,35764,0
1301,1120729,1007.5,418.5,1,35764,1
1301,1120730,756.0,438.0,1,35764,2
1301,1120731,690.5,321.5,4,35765,0
1301,1120732,538.5,348.0,1,35765,1
1301,1120733,541.0,414.5,1,35766,0
1301,1120734,1180.3333740234375,432.3333435058594,3,35766,1
1301,1120735,932.3333129882812,359.6666564941406,3,35767,0
1301,1120736,538.5,348.0,1,35767,1
1301,1120737,493.5,523.5,1,35768,0
1301,1120738,931.0,511.25,2,35768,1
1301,1120739,1050.5,373.0,1,35769,0
1301,1120740,690.5,321.5,4,35770,0
1301,1120741,538.5,348.0,1,35770,1
1301,1120742,360.0,496.0,1,35771,0
1301,1120743,931.0,511.25,2,35771,1
1301,1120744,664.5,474.5,1,35771,2
1301,1120745,538.5,348.0,1,35772,0
1301,1120746,690.5,321.5,4,35772,1
1301,1120747,932.3333129882812,359.6666564941406,3,35772,2
1301,1120748,1288.0,540.5,1,35773,0
1301,1120749,690.5,321.5,4,35774,0
1301,1120750,538.5,348.0,1,35774,1
1301,1120751,690.5,321.5,4,35775,0
1301,1120752,538.5,348.0,1,35775,1
1301,1120753,967.0,501.0,1,35776,0
1301,1120754,664.5,474.5,1,35776,1
1301,1120755,1062.0,506.0,1,35776,2
1301,1120756,493.5,523.5,1,35776,3
1301,1120757,360.0,496.0,1,35776,4
1301,1120758,856.5,305.5,1,35777,0
1301,1120759,985.0,359.0,1,35777,1
1311,1120687,1584.5,481.5,1,35750,0
1311,1120688,1452.5,512.5,1,35750,1
1311,1120689,1062.0,506.0,1,35750,2
1311,1120690,932.3333129882812,359.6666564941406,3,35751,0
1311,1120691,538.5,348.0,1,35751,1
1311,1120692,895.0,521.5,1,35752,0
1311,1120693,664.5,474.5,1,35752,1
1311,1120694,493.5,523.5,1,35752,2
1311,1120695,360.0,496.0,1,35752,3
1311,1120696,1007.5,418.5,1,35753,0
1311,1120697,1228.0,429.8999938964844,5,35753,1
1311,1120698,1649.5,350.5,1,35754,0
1311,1120699,1290.1666259765625,424.6666564941406,3,35755,0
1311,1120700,756.0,438.0,1,35755,1
1311,1120701,1007.5,418.5,1,35755,2
1311,1120702,756.0,438.0,1,35756,0
1311,1120703,1228.0,429.8999938964844,5,35756,1
1311,1120704,913.375,346.125,4,35757,0
1311,1120705,538.5,348.0,1,35757,1
1311,1120706,1290.1666259765625,424.6666564941406,3,35758,0
1311,1120707,541.0,414.5,1,35758,1
1311,1120708,1007.5,418.5,1,35758,2
1311,1120709,756.0,438.0,1,35758,3
1311,1120710,1134.75,437.75,2,35759,0
1311,1120711,541.0,414.5,1,35759,1
1311,1120712,1007.5,418.5,1,35759,2
1311,1120713,756.0,438.0,1,35759,3
1311,1120714,1134.75,437.75,2,35760,0
1311,1120715,541.0,414.5,1,35760,1
1311,1120716,1007.5,418.5,1,35760,2
1311,1120717,756.0,438.0,1,35760,3
1311,1120718,1452.5,512.5,1,35761,0
1311,1120719,1062.0,506.0,1,35761,1
1311,1120720,1584.5,481.5,1,35761,2
1311,1120721,664.5,474.5,1,35762,0
1311,1120722,931.0,511.25,2,35762,1
1311,1120723,360.0,496.0,1,35762,2
1311,1120724,1062.0,506.0,1,35763,0
1311,1120725,1584.5,481.5,1,35763,1
1311,1120726,1452.5,512.5,1,35763,2
1311,1120727,967.0,501.0,1,35763,3
1311,1120728,1290.1666259765625,424.6666564941406,3,35764,0
1311,1120729,1007.5,418.5,1,35764,1
1311,1120730,756.0,438.0,1,35764,2
1311,1120731,690.5,321.5,4,35765,0
1311,1120732,538.5,348.0,1,35765,1
1311,1120733,541.0,414.5,1,35766,0
1311,1120734,1180.3333740234375,432.3333435058594,3,35766,1
1311,1120735,932.3333129882812,359.6666564941406,3,35767,0
1311,1120736,538.5,348.0,1,35767,1
1311,1120737,493.5,523.5,1,35768,0
1311,1120738,931.0,511.25,2,35768,1
1311,1120739,1050.5,373.0,1,35769,0
1311,1120740,690.5,321.5,4,35770,0
1311,1120741,538.5,348.0,1,35770,1
1311,1120742,360.0,496.0,1,35771,0
1311,1120743,931.0,511.25,2,35771,1
1311,1120744,664.5,474.5,1,35771,2
1311,1120745,538.5,348.0,1,35772,0
1311,1120746,690.5,321.5,4,35772,1
1311,1120747,932.3333129882812,359.6666564941406,3,35772,2
1311,1120748,1288.0,540.5,1,35773,0
1311,1120749,690.5,321.5,4,35774,0
1311,1120750,538.5,348.0,1,35774,1
1311,1120751,690.5,321.5,4,35775,0
1311,1120752,538.5,348.0,1,35775,1
1311,1120753,967.0,501.0,1,35776,0
1311,1120754,664.5,474.5,1,35776,1
1311,1120755,1062.0,506.0,1,35776,2
1311,1120756,493.5,523.5,1,35776,3
1311,1120757,360.0,496.0,1,35776,4
1311,1120758,856.5,305.5,1,35777,0
1311,1120759,985.0,359.0,1,35777,1
1321,1120687,1584.5,481.5,1,35750,0
1321,1120688,1452.5,512.5,1,35750,1
1321,1120689,1062.0,506.0,1,35750,2
1321,1120690,932.3333129882812,359.6666564941406,3,35751,0
1321,1120691,538.5,348.0,1,35751,1
1321,1120692,895.0,521.5,1,35752,0
1321,1120693,664.5,474.5,1,35752,1
1321,1120694,493.5,523.5,1,35752,2
1321,1120695,360.0,496.0,1,35752,3
1321,1120696,1007.5,418.5,1,35753,0
1321,1120697,1228.0,429.8999938964844,5,35753,1
1321,1120698,1649.5,350.5,1,35754,0
1321,1120699,1290.1666259765625,424.6666564941406,3,35755,0
1321,1120700,756.0,438.0,1,35755,1
1321,1120701,1007.5,418.5,1,35755,2
1321,1120702,756.0,438.0,1,35756,0
1321,1120703,1228.0,429.8999938964844,5,35756,1
1321,1120704,913.375,346.125,4,35757,0
1321,1120705,538.5,348.0,1,35757,1
1321,1120706,1290.1666259765625,424.6666564941406,3,35758,0
1321,1120707,541.0,414.5,1,35758,1
1321,1120708,1007.5,418.5,1,35758,2
1321,1120709,756.0,438.0,1,35758,3
1321,1120710,1134.75,437.75,2,35759,0
1321,1120711,541.0,414.5,1,35759,1
1321,1120712,1007.5,418.5,1,35759,2
1321,1120713,756.0,438.0,1,35759,3
1321,1120714,1134.75,437.75,2,35760,0
1321,1120715,541.0,414.5,1,35760,1
1321,1120716,1007.5,418.5,1,35760,2
1321,1120717,756.0,438.0,1,35760,3
1321,1120718,1452.5,512.5,1,35761,0
1321,1120719,1062.0,506.0,1,35761,1
1321,1120720,1584.5,481.5,1,35761,2
1321,1120721,664.5,474.5,1,35762,0
1321,1120722,931.0,511.25,2,35762,1
1321,1120723,360.0,496.0,1,35762,2
1321,1120724,1062.0,506.0,1,35763,0
1321,1120725,1584.5,481.5,1,35763,1
1321,1120726,1452.5,512.5,1,35763,2
1321,1120727,967.0,501.0,1,35763,3
1321,1120728,1290.1666259765625,424.6666564941406,3,35764,0
1321,1120729,1007.5,418.5,1,35764,1
1321,1120730,756.0,438.0,1,35764,2
1321,1120731,690.5,321.5,4,35765,0
1321,1120732,538.5,348.0,1,35765,1
1321,1120733,541.0,414.5,1,35766,0
1321,1120734,1180.3333740234375,432.3333435058594,3,35766,1
1321,1120735,932.3333129882812,359.6666564941406,3,35767,0
1321,1120736,538.5,348.0,1,35767,1
1321,1120737,493.5,523.5,1,35768,0
1321,1120738,931.0,511.25,2,35768,1
1321,1120739,1050.5,373.0,1,35769,0
1321,1120740,690.5,321.5,4,35770,0
1321,1120741,538.5,348.0,1,35770,1
1321,1120742,360.0,496.0,1,35771,0
1321,1120743,931.0,511.25,2,35771,1
1321,1120744,664.5,474.5,1,35771,2
1321,1120745,538.5,348.0,1,35772,0
1321,1120746,690.5,321.5,4,35772,1
1321,1120747,932.3333129882812,359.6666564941406,3,35772,2
1321,1120748,1288.0,540.5,1,35773,0
1321,1120749,690.5,321.5,4,35774,0
1321,1120750,538.5,348.0,1,35774,1
1321,1120751,690.5,321.5,4,35775,0
1321,1120752,538.5,348.0,1,35775,1
1321,1120753,967.0,501.0,1,35776,0
1321,1120754,664.5,474.5,1,35776,1
1321,1120755,1062.0,506.0,1,35776,2
1321,1120756,493.5,523.5,1,35776,3
1321,1120757,360.0,496.0,1,35776,4
1321,1120758,856.5,305.5,1,35777,0
1321,1120759,985.0,359.0,1,35777,1
1331,1120687,1584.5,481.5,1,35750,0
1331,1120688,1452.5,512.5,1,35750,1
1331,1120689,1062.0,506.0,1,35750,2
1331,1120690,932.3333129882812,359.6666564941406,3,35751,0
1331,1120691,538.5,348.0,1,35751,1
1331,1120692,895.0,521.5,1,35752,0
1331,1120693,664.5,474.5,1,35752,1
1331,1120694,493.5,523.5,1,35752,2
1331,1120695,360.0,496.0,1,35752,3
1331,1120696,1007.5,418.5,1,35753,0
1331,1120697,1228.0,429.8999938964844,5,35753,1
1331,1120698,1649.5,350.5,1,35754,0
1331,1120699,1290.1666259765625,424.6666564941406,3,35755,0
1331,1120700,756.0,438.0,1,35755,1
1331,1120701,1007.5,418.5,1,35755,2
1331,1120702,756.0,438.0,1,35756,0
1331,1120703,1228.0,429.8999938964844,5,35756,1
1331,1120704,913.375,346.125,4,35757,0
1331,1120705,538.5,348.0,1,35757,1
1331,1120706,1290.1666259765625,424.6666564941406,3,35758,0
1331,1120707,541.0,414.5,1,35758,1
1331,1120708,1007.5,418.5,1,35758,2
1331,1120709,756.0,438.0,1,35758,3
1331,1120710,1134.75,437.75,2,35759,0
1331,1120711,541.0,414.5,1,35759,1
1331,1120712,1007.5,418.5,1,35759,2
1331,1120713,756.0,438.0,1,35759,3
1331,1120714,1134.75,437.75,2,35760,0
1331,1120715,541.0,414.5,1,35760,1
1331,1120716,1007.5,418.5,1,35760,2
1331,1120717,756.0,438.0,1,35760,3
1331,1120718,1452.5,512.5,1,35761,0
1331,1120719,1062.0,506.0,1,35761,1
1331,1120720,1584.5,481.5,1,35761,2
1331,1120721,664.5,474.5,1,35762,0
1331,1120722,931.0,511.25,2,35762,1
1331,1120723,360.0,496.0,1,35762,2
1331,1120724,1062.0,506.0,1,35763,0
1331,1120725,1584.5,481.5,1,35763,1
1331,1120726,1452.5,512.5,1,35763,2
1331,1120727,967.0,501.0,1,35763,3
1331,1120728,1290.1666259765625,424.6666564941406,3,35764,0
1331,1120729,1007.5,418.5,1,35764,1
1331,1120730,756.0,438.0,1,35764,2
1331,1120731,690.5,321.5,4,35765,0
1331,1120732,538.5,348.0,1,35765,1
1331,1120733,541.0,414.5,1,35766,0
1331,1120734,1180.3333740234375,432.3333435058594,3,35766,1
1331,1120735,932.3333129882812,359.6666564941406,3,35767,0
1331,1120736,538.5,348.0,1,35767,1
1331,1120737,493.5,523.5,1,35768,0
1331,1120738,931.0,511.25,2,35768,1
1331,1120739,1050.5,373.0,1,35769,0
1331,1120740,690.5,321.5,4,35770,0
1331,1120741,538.5,348.0,1,35770,1
1331,1120742,360.0,496.0,1,35771,0
1331,1120743,931.0,511.25,2,35771,1
1331,1120744,664.5,474.5,1,35771,2
1331,1120745,538.5,348.0,1,35772,0
1331,1120746,690.5,321.5,4,35772,1
1331,1120747,932.3333129882812,359.6666564941406,3,35772,2
1331,1120748,1288.0,540.5,1,35773,0
1331,1120749,690.5,321.5,4,35774,0
1331,1120750,538.5,348.0,1,35774,1
1331,1120751,690.5,321.5,4,35775,0
1331,1120752,538.5,348.0,1,35775,1
1331,1120753,967.0,501.0,1,35776,0
1331,1120754,664.5,474.5,1,35776,1
1331,1120755,1062.0,506.0,1,35776,2
1331,1120756,493.5,523.5,1,35776,3
1331,1120757,360.0,496.0,1,35776,4
1331,1120758,856.5,305.5,1,35777,0
1331,1120759,985.0,359.0,1,35777,1
1341,1120687,1584.5,481.5,1,35750,0
1341,1120688,1452.5,512.5,1,35750,1
1341,1120689,1062.0,506.0,1,35750,2
1341,1120690,932.3333129882812,359.6666564941406,3,35751,0
1341,1120691,538.5,348.0,1,35751,1
1341,1120692,895.0,521.5,1,35752,0
1341,1120693,664.5,474.5,1,35752,1
1341,1120694,493.5,523.5,1,35752,2
1341,1120695,360.0,496.0,1,35752,3
1341,1120696,1007.5,418.5,1,35753,0
1341,1120697,1228.0,429.8999938964844,5,35753,1
1341,1120698,1649.5,350.5,1,35754,0
1341,1120699,1290.1666259765625,424.6666564941406,3,35755,0
1341,1120700,756.0,438.0,1,35755,1
1341,1120701,1007.5,418.5,1,35755,2
1341,1120702,756.0,438.0,1,35756,0
1341,1120703,1228.0,429.8999938964844,5,35756,1
1341,1120704,913.375,346.125,4,35757,0
1341,1120705,538.5,348.0,1,35757,1
1341,1120706,1290.1666259765625,424.6666564941406,3,35758,0
1341,1120707,541.0,414.5,1,35758,1
1341,1120708,1007.5,418.5,1,35758,2
1341,1120709,756.0,438.0,1,35758,3
1341,1120710,1134.75,437.75,2,35759,0
1341,1120711,541.0,414.5,1,35759,1
1341,1120712,1007.5,418.5,1,35759,2
1341,1120713,756.0,438.0,1,35759,3
1341,1120714,1134.75,437.75,2,35760,0
1341,1120715,541.0,414.5,1,35760,1
1341,1120716,1007.5,418.5,1,35760,2
1341,1120717,756.0,438.0,1,35760,3
1341,1120718,1452.5,512.5,1,35761,0
1341,1120719,1062.0,506.0,1,35761,1
1341,1120720,1584.5,481.5,1,35761,2
1341,1120721,664.5,474.5,1,35762,0
1341,1120722,931.0,511.25,2,35762,1
1341,1120723,360.0,496.0,1,35762,2
1341,1120724,1062.0,506.0,1,35763,0
1341,1120725,1584.5,481.5,1,35763,1
1341,1120726,1452.5,512.5,1,35763,2
1341,1120727,967.0,501.0,1,35763,3
1341,1120728,1290.1666259765625,424.6666564941406,3,35764,0
1341,1120729,1007.5,418.5,1,35764,1
1341,1120730,756.0,438.0,1,35764,2
1341,1120731,690.5,321.5,4,35765,0
1341,1120732,538.5,348.0,1,35765,1
1341,1120733,541.0,414.5,1,35766,0
1341,1120734,1180.3333740234375,432.3333435058594,3,35766,1
1341,1120735,932.3333129882812,359.6666564941406,3,35767,0
1341,1120736,538.5,348.0,1,35767,1
1341,1120737,493.5,523.5,1,35768,0
1341,1120738,931.0,511.25,2,35768,1
1341,1120739,1050.5,373.0,1,35769,0
1341,1120740,690.5,321.5,4,35770,0
1341,1120741,538.5,348.0,1,35770,1
1341,1120742,360.0,496.0,1,35771,0
1341,1120743,931.0,511.25,2,35771,1
1341,1120744,664.5,474.5,1,35771,2
1341,1120745,538.5,348.0,1,35772,0
1341,1120746,690.5,321.5,4,35772,1
1341,1120747,932.3333129882812,359.6666564941406,3,35772,2
1341,1120748,1288.0,540.5,1,35773,0
1341,1120749,690.5,321.5,4,35774,0
1341,1120750,538.5,348.0,1,35774,1
1341,1120751,690.5,321.5,4,35775,0
1341,1120752,538.5,348.0,1,35775,1
1341,1120753,967.0,501.0,1,35776,0
1341,1120754,664.5,474.5,1,35776,1
1341,1120755,1062.0,506.0,1,35776,2
1341,1120756,493.5,523.5,1,35776,3
1341,1120757,360.0,496.0,1,35776,4
1341,1120758,856.5,305.5,1,35777,0
1341,1120759,985.0,359.0,1,35777,1
1351,1120687,1584.5,481.5,1,35750,0
1351,1120688,1452.5,512.5,1,35750,1
1351,1120689,1062.0,506.0,1,35750,2
1351,1120690,932.3333129882812,359.6666564941406,3,35751,0
1351,1120691,538.5,348.0,1,35751,1
1351,1120692,895.0,521.5,1,35752,0
1351,1120693,664.5,474.5,1,35752,1
1351,1120694,493.5,523.5,1,35752,2
1351,1120695,360.0,496.0,1,35752,3
1351,1120696,1007.5,418.5,1,35753,0
1351,1120697,1228.0,429.8999938964844,5,35753,1
1351,1120698,1649.5,350.5,1,35754,0
1351,1120699,1290.1666259765625,424.6666564941406,3,35755,0
1351,1120700,756.0,438.0,1,35755,1
1351,1120701,1007.5,418.5,1,35755,2
1351,1120702,756.0,438.0,1,35756,0
1351,1120703,1228.0,429.8999938964844,5,35756,1
1351,1120704,913.375,346.125,4,35757,0
1351,1120705,538.5,348.0,1,35757,1
1351,1120706,1290.1666259765625,424.6666564941406,3,35758,0
1351,1120707,541.0,414.5,1,35758,1
1351,1120708,1007.5,418.5,1,35758,2
1351,1120709,756.0,438.0,1,35758,3
1351,1120710,1134.75,437.75,2,35759,0
1351,1120711,541.0,414.5,1,35759,1
1351,1120712,1007.5,418.5,1,35759,2
1351,1120713,756.0,438.0,1,35759,3
1351,1120714,1134.75,437.75,2,35760,0
1351,1120715,541.0,414.5,1,35760,1
1351,1120716,1007.5,418.5,1,35760,2
1351,1120717,756.0,438.0,1,35760,3
1351,1120718,1452.5,512.5,1,35761,0
1351,1120719,1062.0,506.0,1,35761,1
1351,1120720,1584.5,481.5,1,35761,2
1351,1120721,664.5,474.5,1,35762,0
1351,1120722,931.0,511.25,2,35762,1
1351,1120723,360.0,496.0,1,35762,2
1351,1120724,1062.0,506.0,1,35763,0
1351,1120725,1584.5,481.5,1,35763,1
1351,1120726,1452.5,512.5,1,35763,2
1351,1120727,967.0,501.0,1,35763,3
1351,1120728,1290.1666259765625,424.6666564941406,3,35764,0
1351,1120729,1007.5,418.5,1,35764,1
1351,1120730,756.0,438.0,1,35764,2
1351,1120731,690.5,321.5,4,35765,0
1351,1120732,538.5,348.0,1,35765,1
1351,1120733,541.0,414.5,1,35766,0
1351,1120734,1180.3333740234375,432.3333435058594,3,35766,1
1351,1120735,932.3333129882812,359.6666564941406,3,35767,0
1351,1120736,538.5,348.0,1,35767,1
1351,1120737,493.5,523.5,1,35768,0
1351,1120738,931.0,511.25,2,35768,1
1351,1120739,1050.5,373.0,1,35769,0
1351,1120740,690.5,321.5,4,35770,0
1351,1120741,538.5,348.0,1,35770,1
1351,1120742,360.0,496.0,1,35771,0
1351,1120743,931.0,511.25,2,35771,1
1351,1120744,664.5,474.5,1,35771,2
1351,1120745,538.5,348.0,1,35772,0
1351,1120746,690.5,321.5,4,35772,1
1351,1120747,932.3333129882812,359.6666564941406,3,35772,2
1351,1120748,1288.0,540.5,1,35773,0
1351,1120749,690.5,321.5,4,35774,0
1351,1120750,538.5,348.0,1,35774,1
1351,1120751,690.5,321.5,4,35775,0
1351,1120752,538.5,348.0,1,35775,1
1351,1120753,967.0,501.0,1,35776,0
1351,1120754,664.5,474.5,1,35776,1
1351,1120755,1062.0,506.0,1,35776,2
1351,1120756,493.5,523.5,1,35776,3
1351,1120757,360.0,496.0,1,35776,4
1351,1120758,856.5,305.5,1,35777,0
1351,1120759,985.0,359.0,1,35777,1
1361,1120687,1557.5,485.5,1,35750,0
1361,1120688,1477.5,512.0,1,35750,1
1361,1120689,1101.0,506.0,1,35750,2
1361,1120690,912.0833129882812,359.1666564941406,2,35751,0
1361,1120691,549.5,346.5,1,35751,1
1361,1120692,863.5,519.0,1,35752,0
1361,1120693,645.0,474.0,1,35752,1
1361,1120694,527.0,527.0,1,35752,2
1361,1120695,380.0,501.0,1,35752,3
1361,1120696,1026.0,419.0,1,35753,0
1361,1120697,1212.25,430.8999938964844,4,35753,1
1361,1120698,1649.5,350.5,1,35754,0
1361,1120699,1279.4166259765625,425.4166564941406,2,35755,0
1361,1120700,786.0,439.5,1,35755,1
1361,1120701,1026.0,419.0,1,35755,2
1361,1120702,786.0,439.5,1,35756,0
1361,1120703,1212.25,430.8999938964844,4,35756,1
1361,1120704,899.375,346.125,3,35757,0
1361,1120705,549.5,346.5,1,35757,1
1361,1120706,1279.4166259765625,425.4166564941406,2,35758,0
1361,1120707,555.5,417.0,1,35758,1
1361,1120708,1026.0,419.0,1,35758,2
1361,1120709,786.0,439.5,1,35758,3
1361,1120710,1107.0,437.25,2,35759,0
1361,1120711,555.5,417.0,1,35759,1
1361,1120712,1026.0,419.0,1,35759,2
1361,1120713,786.0,439.5,1,35759,3
1361,1120714,1107.0,437.25,2,35760,0
1361,1120715,555.5,417.0,1,35760,1
1361,1120716,1026.0,419.0,1,35760,2
1361,1120717,786.0,439.5,1,35760,3
1361,1120718,1477.5,512.0,1,35761,0
1361,1120719,1101.0,506.0,1,35761,1
1361,1120720,1557.5,485.5,1,35761,2
1361,1120721,645.0,474.0,1,35762,0
1361,1120722,900.75,511.0,2,35762,1
1361,1120723,380.0,501.0,1,35762,2
1361,1120724,1101.0,506.0,1,35763,0
1361,1120725,1557.5,485.5,1,35763,1
1361,1120726,1477.5,512.0,1,35763,2
1361,1120727,938.0,503.0,1,35763,3
1361,1120728,1279.4166259765625,425.4166564941406,2,35764,0
1361,1120729,1026.0,419.0,1,35764,1
1361,1120730,786.0,439.5,1,35764,2
1361,1120731,680.0,322.6666564941406,3,35765,0
1361,1120732,549.5,346.5,1,35765,1
1361,1120733,555.5,417.0,1,35766,0
1361,1120734,1155.5833740234375,433.3333435058594,2,35766,1
1361,1120735,912.0833129882812,359.1666564941406,2,35767,0
1361,1120736,549.5,346.5,1,35767,1
1361,1120737,527.0,527.0,1,35768,0
1361,1120738,900.75,511.0,2,35768,1
1361,1120739,1053.0,374.0,1,35769,0
1361,1120740,680.0,322.6666564941406,3,35770,0
1361,1120741,549.5,346.5,1,35770,1
1361,1120742,380.0,501.0,1,35771,0
1361,1120743,900.75,511.0,2,35771,1
1361,1120744,645.0,474.0,1,35771,2
1361,1120745,549.5,346.5,1,35772,0
1361,1120746,680.0,322.6666564941406,3,35772,1
1361,1120747,912.0833129882812,359.1666564941406,2,35772,2
1361,1120748,1295.0,560.5,1,35773,0
1361,1120749,680.0,322.6666564941406,3,35774,0
1361,1120750,549.5,346.5,1,35774,1
1361,1120751,680.0,322.6666564941406,3,35775,0
1361,1120752,549.5,346.5,1,35775,1
1361,1120753,938.0,503.0,1,35776,0
1361,1120754,645.0,474.0,1,35776,1
1361,1120755,1101.0,506.0,1,35776,2
1361,1120756,527.0,527.0,1,35776,3
1361,1120757,380.0,501.0,1,35776,4
1361,1120758,851.5,306.5,1,35777,0
1361,1120759,966.5,359.0,1,35777,1
1371,1120687,1557.5,485.5,1,35750,0
1371,1120688,1477.5,512.0,1,35750,1
1371,1120689,1101.0,506.0,1,35750,2
1371,1120690,912.0833129882812,359.1666564941406,2,35751,0
1371,1120691,549.5,346.5,1,35751,1
1371,1120692,863.5,519.0,1,35752,0
1371,1120693,645.0,474.0,1,35752,1
1371,1120694,527.0,527.0,1,35752,2
1371,1120695,380.0,501.0,1,35752,3
1371,1120696,1026.0,419.0,1,35753,0
1371,1120697,1212.25,430.8999938964844,4,35753,1
1371,1120698,1649.5,350.5,1,35754,0
1371,1120699,1279.4166259765625,425.4166564941406,2,35755,0
1371,1120700,786.0,439.5,1,35755,1
1371,1120701,1026.0,419.0,1,35755,2
1371,1120702,786.0,439.5,2,35756,0
1371,1120703,1212.25,430.8999938964844,4,35756,1
1371,1120704,899.375,346.125,3,35757,0
1371,1120705,549.5,346.5,1,35757,1
1371,1120706,1279.4166259765625,425.4166564941406,2,35758,0
1371,1120707,555.5,417.0,1,35758,1
1371,1120708,1026.0,419.0,1,35758,2
1371,1120709,786.0,439.5,1,35758,3
1371,1120710,1107.0,437.25,2,35759,0
1371,1120711,555.5,417.0,1,35759,1
1371,1120712,1026.0,419.0,1,35759,2
1371,1120713,786.0,439.5,1,35759,3
1371,1120714,1107.0,437.25,2,35760,0
1371,1120715,555.5,417.0,1,35760,1
1371,1120716,1026.0,419.0,1,35760,2
1371,1120717,786.0,439.5,1,35760,3
1371,1120718,1477.5,512.0,1,35761,0
1371,1120719,1101.0,506.0,1,35761,1
1371,1120720,1557.5,485.5,1,35761,2
1371,1120721,645.0,474.0,1,35762,0
1371,1120722,900.75,511.0,2,35762,1
1371,1120723,380.0,501.0,1,35762,2
1371,1120724,1101.0,506.0,1,35763,0
1371,1120725,1557.5,485.5,1,35763,1
1371,1120726,1477.5,512.0,1,35763,2
1371,1120727,938.0,503.0,1,35763,3
1371,1120728,1279.4166259765625,425.4166564941406,2,35764,0
1371,1120729,1026.0,419.0,1,35764,1
1371,1120730,786.0,439.5,1,35764,2
1371,1120731,680.0,322.6666564941406,3,35765,0
1371,1120732,549.5,346.5,2,35765,1
1371,1120733,555.5,417.0,1,35766,0
1371,1120734,1155.5833740234375,433.3333435058594,2,35766,1
1371,1120735,912.0833129882812,359.1666564941406,2,35767,0
1371,1120736,549.5,346.5,1,35767,1
1371,1120737,527.0,527.0,1,35768,0
1371,1120738,900.75,511.0,2,35768,1
1371,1120739,1053.0,374.0,1,35769,0
1371,1120740,680.0,322.6666564941406,3,35770,0
1371,1120741,549.5,346.5,2,35770,1
1371,1120742,380.0,501.0,1,35771,0
1371,1120743,900.75,511.0,2,35771,1
1371,1120744,645.0,474.0,1,35771,2
1371,1120745,549.5,346.5,2,35772,0
1371,1120746,680.0,322.6666564941406,3,35772,1
1371,1120747,912.0833129882812,359.1666564941406,2,35772,2
1371,1120748,1295.0,560.5,1,35773,0
1371,1120749,680.0,322.6666564941406,3,35774,0
1371,1120750,549.5,346.5,2,35774,1
1371,1120751,680.0,322.6666564941406,3,35775,0
1371,1120752,549.5,346.5,2,35775,1
1371,1120753,938.0,503.0,1,35776,0
1371,1120754,645.0,474.0,1,35776,1
1371,1120755,1101.0,506.0,1,35776,2
1371,1120756,527.0,527.0,1,35776,3
1371,1120757,380.0,501.0,1,35776,4
1371,1120758,851.5,306.5,1,35777,0
1371,1120759,966.5,359.0,1,35777,1
1381,1120687,1557.5,485.5,1,35750,0
1381,1120688,1477.5,512.0,1,35750,1
1381,1120689,1101.0,506.0,1,35750,2
1381,1120690,912.0833129882812,359.1666564941406,2,35751,0
1381,1120691,549.5,346.5,1,35751,1
1381,1120692,863.5,519.0,1,35752,0
1381,1120693,645.0,474.0,1,35752,1
1381,1120694,527.0,527.0,1,35752,2
1381,1120695,380.0,501.0,1,35752,3
1381,1120696,1026.0,419.0,1,35753,0
1381,1120697,1212.25,430.8999938964844,4,35753,1
1381,1120698,1649.5,350.5,1,35754,0
1381,1120699,1279.4166259765625,425.4166564941406,2,35755,0
1381,1120700,786.0,439.5,1,35755,1
1381,1120701,1026.0,419.0,1,35755,2
1381,1120702,786.0,439.5,2,35756,0
1381,1120703,1212.25,430.8999938964844,4,35756,1
1381,1120704,899.375,346.125,3,35757,0
1381,1120705,549.5,346.5,1,35757,1
1381,1120706,1279.4166259765625,425.4166564941406,2,35758,0
1381,1120707,555.5,417.0,1,35758,1
1381,1120708,1026.0,419.0,1,35758,2
1381,1120709,786.0,439.5,1,35758,3
1381,1120710,1107.0,437.25,2,35759,0
1381,1120711,555.5,417.0,1,35759,1
1381,1120712,1026.0,419.0,1,35759,2
1381,1120713,786.0,439.5,1,35759,3
1381,1120714,1107.0,437.25,2,35760,0
1381,1120715,555.5,417.0,1,35760,1
1381,1120716,1026.0,419.0,1,35760,2
1381,1120717,786.0,439.5,1,35760,3
1381,1120718,1477.5,512.0,1,35761,0
1381,1120719,1101.0,506.0,1,35761,1
1381,1120720,1557.5,485.5,1,35761,2
1381,1120721,645.0,474.0,1,35762,0
1381,1120722,900.75,511.0,2,35762,1
1381,1120723,380.0,501.0,1,35762,2
1381,1120724,1101.0,506.0,1,35763,0
1381,1120725,1557.5,485.5,1,35763,1
1381,1120726,1477.5,512.0,1,35763,2
1381,1120727,938.0,503.0,1,35763,3
1381,1120728,1279.4166259765625,425.4166564941406,2,35764,0
1381,1120729,1026.0,419.0,1,35764,1
1381,1120730,786.0,439.5,1,35764,2
1381,1120731,680.0,322.6666564941406,3,35765,0
1381,1120732,549.5,346.5,2,35765,1
1381,1120733,555.5,417.0,1,35766,0
1381,1120734,1155.5833740234375,433.3333435058594,2,35766,1
1381,1120735,912.0833129882812,359.1666564941406,2,35767,0
1381,1120736,549.5,346.5,1,35767,1
1381,1120737,527.0,527.0,1,35768,0
1381,1120738,900.75,511.0,2,35768,1
1381,1120739,1053.0,374.0,1,35769,0
1381,1120740,680.0,322.6666564941406,3,35770,0
1381,1120741,549.5,346.5,2,35770,1
1381,1120742,380.0,501.0,1,35771,0
1381,1120743,900.75,511.0,2,35771,1
1381,1120744,645.0,474.0,1,35771,2
1381,1120745,549.5,346.5,2,35772,0
1381,1120746,680.0,322.6666564941406,3,35772,1
1381,1120747,912.0833129882812,359.1666564941406,2,35772,2
1381,1120748,1295.0,560.5,1,35773,0
1381,1120749,680.0,322.6666564941406,3,35774,0
1381,1120750,549.5,346.5,2,35774,1
1381,1120751,680.0,322.6666564941406,3,35775,0
1381,1120752,549.5,346.5,2,35775,1
1381,1120753,938.0,503.0,1,35776,0
1381,1120754,645.0,474.0,1,35776,1
1381,1120755,1101.0,506.0,1,35776,2
1381,1120756,527.0,527.0,1,35776,3
1381,1120757,380.0,501.0,1,35776,4
1381,1120758,851.5,306.5,1,35777,0
1381,1120759,966.5,359.0,1,35777,1
1391,1120687,1557.5,485.5,1,35750,0
1391,1120688,1477.5,512.0,1,35750,1
1391,1120689,1101.0,506.0,1,35750,2
1391,1120690,912.0833129882812,359.1666564941406,2,35751,0
1391,1120691,549.5,346.5,1,35751,1
1391,1120692,863.5,519.0,1,35752,0
1391,1120693,645.0,474.0,1,35752,1
1391,1120694,527.0,527.0,1,35752,2
1391,1120695,380.0,501.0,1,35752,3
1391,1120696,1026.0,419.0,1,35753,0
1391,1120697,1212.25,430.8999938964844,4,35753,1
1391,1120698,1649.5,350.5,1,35754,0
1391,1120699,1279.4166259765625,425.4166564941406,2,35755,0
1391,1120700,786.0,439.5,1,35755,1
1391,1120701,1026.0,419.0,1,35755,2
1391,1120702,786.0,439.5,2,35756,0
1391,1120703,1212.25,430.8999938964844,4,35756,1
1391,1120704,899.375,346.125,3,35757,0
1391,1120705,549.5,346.5,1,35757,1
1391,1120706,1279.4166259765625,425.4166564941406,2,35758,0
1391,1120707,555.5,417.0,1,35758,1
1391,1120708,1026.0,419.0,1,35758,2
1391,1120709,786.0,439.5,1,35758,3
1391,1120710,1107.0,437.25,2,35759,0
1391,1120711,555.5,417.0,1,35759,1
1391,1120712,1026.0,419.0,1,35759,2
1391,1120713,786.0,439.5,1,35759,3
1391,1120714,1107.0,437.25,2,35760,0
1391,1120715,555.5,417.0,1,35760,1
1391,1120716,1026.0,419.0,1,35760,2
1391,1120717,786.0,439.5,1,35760,3
1391,1120718,1477.5,512.0,1,35761,0
1391,1120719,1101.0,506.0,1,35761,1
1391,1120720,1557.5,485.5,1,35761,2
1391,1120721,645.0,474.0,1,35762,0
1391,1120722,900.75,511.0,2,35762,1
1391,1120723,380.0,501.0,1,35762,2
1391,1120724,1101.0,506.0,1,35763,0
1391,1120725,1557.5,485.5,1,35763,1
1391,1120726,1477.5,512.0,1,35763,2
1391,1120727,938.0,503.0,1,35763,3
1391,1120728,1279.4166259765625,425.4166564941406,2,35764,0
1391,1120729,1026.0,419.0,1,35764,1
1391,1120730,786.0,439.5,1,35764,2
1391,1120731,680.0,322.6666564941406,3,35765,0
1391,1120732,549.5,346.5,2,35765,1
1391,1120733,555.5,417.0,1,35766,0
1391,1120734,1155.5833740234375,433.3333435058594,2,35766,1
1391,1120735,912.0833129882812,359.1666564941406,2,35767,0
1391,1120736,549.5,346.5,1,35767,1
1391,1120737,527.0,527.0,1,35768,0
1391,1120738,900.75,511.0,2,35768,1
1391,1120739,1053.0,374.0,1,35769,0
1391,1120740,680.0,322.6666564941406,3,35770,0
1391,1120741,549.5,346.5,2,35770,1
1391,1120742,380.0,501.0,1,35771,0
1391,1120743,900.75,511.0,2,35771,1
1391,1120744,645.0,474.0,1,35771,2
1391,1120745,549.5,346.5,2,35772,0
1391,1120746,680.0,322.6666564941406,3,35772,1
1391,1120747,912.0833129882812,359.1666564941406,2,35772,2
1391,1120748,1295.0,560.5,1,35773,0
1391,1120749,680.0,322.6666564941406,3,35774,0
1391,1120750,549.5,346.5,2,35774,1
1391,1120751,680.0,322.6666564941406,3,35775,0
1391,1120752,549.5,346.5,2,35775,1
1391,1120753,938.0,503.0,1,35776,0
1391,1120754,645.0,474.0,1,35776,1
1391,1120755,1101.0,506.0,1,35776,2
1391,1120756,527.0,527.0,1,35776,3
1391,1120757,380.0,501.0,1,35776,4
1391,1120758,851.5,306.5,1,35777,0
1391,1120759,966.5,359.0,1,35777,1
1401,1120687,1557.5,485.5,1,35750,0
1401,1120688,1477.5,512.0,1,35750,1
1401,1120689,1101.0,506.0,1,35750,2
1401,1120690,912.0833129882812,359.1666564941406,2,35751,0
1401,1120691,549.5,346.5,1,35751,1
1401,1120692,863.5,519.0,1,35752,0
1401,1120693,645.0,474.0,1,35752,1
1401,1120694,527.0,527.0,1,35752,2
1401,1120695,380.0,501.0,1,35752,3
1401,1120696,1026.0,419.0,1,35753,0
1401,1120697,1212.25,430.8999938964844,4,35753,1
1401,1120698,1649.5,350.5,1,35754,0
1401,1120699,1279.4166259765625,425.4166564941406,2,35755,0
1401,1120700,786.0,439.5,1,35755,1
1401,1120701,1026.0,419.0,1,35755,2
1401,1120702,786.0,439.5,2,35756,0
1401,1120703,1212.25,430.8999938964844,4,35756,1
1401,1120704,899.375,346.125,3,35757,0
1401,1120705,549.5,346.5,1,35757,1
1401,1120706,1279.4166259765625,425.4166564941406,2,35758,0
1401,1120707,555.5,417.0,1,35758,1
1401,1120708,1026.0,419.0,1,35758,2
1401,1120709,786.0,439.5,1,35758,3
1401,1120710,1107.0,437.25,2,35759,0
1401,1120711,555.5,417.0,1,35759,1
1401,1120712,1026.0,419.0,1,35759,2
1401,1120713,786.0,439.5,1,35759,3
1401,1120714,1107.0,437.25,2,35760,0
1401,1120715,555.5,417.0,1,35760,1
1401,1120716,1026.0,419.0,1,35760,2
1401,1120717,786.0,439.5,1,35760,3
1401,1120718,1477.5,512.0,1,35761,0
1401,1120719,1101.0,506.0,1,35761,1
1401,1120720,1557.5,485.5,1,35761,2
1401,1120721,645.0,474.0,1,35762,0
1401,1120722,900.75,511.0,2,35762,1
1401,1120723,380.0,501.0,1,35762,2
1401,1120724,1101.0,506.0,1,35763,0
1401,1120725,1557.5,485.5,1,35763,1
1401,1120726,1477.5,512.0,1,35763,2
1401,1120727,938.0,503.0,1,35763,3
1401,1120728,1279.4166259765625,425.4166564941406,2,35764,0
1401,1120729,1026.0,419.0,1,35764,1
1401,1120730,786.0,439.5,1,35764,2
1401,1120731,680.0,322.6666564941406,3,35765,0
1401,1120732,549.5,346.5,2,35765,1
1401,1120733,555.5,417.0,1,35766,0
1401,1120734,1155.5833740234375,433.3333435058594,2,35766,1
1401,1120735,912.0833129882812,359.1666564941406,2,35767,0
1401,1120736,549.5,346.5,1,35767,1
1401,1120737,527.0,527.0,1,35768,0
1401,1120738,900.75,511.0,2,35768,1
1401,1120739,1053.0,374.0,1,35769,0
1401,1120740,680.0,322.6666564941406,3,35770,0
1401,1120741,549.5,346.5,2,35770,1
1401,1120742,380.0,501.0,1,35771,0
1401,1120743,900.75,511.0,2,35771,1
1401,1120744,645.0,474.0,1,35771,2
1401,1120745,549.5,346.5,2,35772,0
1401,1120746,680.0,322.6666564941406,3,35772,1
1401,1120747,912.0833129882812,359.1666564941406,2,35772,2
1401,1120748,1295.0,560.5,1,35773,0
1401,1120749,680.0,322.6666564941406,3,35774,0
1401,1120750,549.5,346.5,2,35774,1
1401,1120751,680.0,322.6666564941406,3,35775,0
1401,1120752,549.5,346.5,2,35775,1
1401,1120753,938.0,503.0,1,35776,0
1401,1120754,645.0,474.0,1,35776,1
1401,1120755,1101.0,506.0,1,35776,2
1401,1120756,527.0,527.0,1,35776,3
1401,1120757,380.0,501.0,1,35776,4
1401,1120758,851.5,306.5,1,35777,0
1401,1120759,966.5,359.0,1,35777,1
1411,1120687,1557.5,485.5,1,35750,0
1411,1120688,1477.5,512.0,1,35750,1
1411,1120689,1101.0,506.0,1,35750,2
1411,1120690,912.0833129882812,359.1666564941406,2,35751,0
1411,1120691,549.5,346.5,1,35751,1
1411,1120692,863.5,519.0,1,35752,0
1411,1120693,645.0,474.0,1,35752,1
1411,1120694,527.0,527.0,1,35752,2
1411,1120695,380.0,501.0,1,35752,3
1411,1120696,1026.0,419.0,1,35753,0
1411,1120697,1212.25,430.8999938964844,4,35753,1
1411,1120698,1649.5,350.5,1,35754,0
1411,1120699,1279.4166259765625,425.4166564941406,2,35755,0
1411,1120700,786.0,439.5,1,35755,1
1411,1120701,1026.0,419.0,2,35755,2
1411,1120702,786.0,439.5,2,35756,0
1411,1120703,1212.25,430.8999938964844,4,35756,1
1411,1120704,899.375,346.125,3,35757,0
1411,1120705,549.5,346.5,1,35757,1
1411,1120706,1279.4166259765625,425.4166564941406,2,35758,0
1411,1120707,555.5,417.0,1,35758,1
1411,1120708,1026.0,419.0,2,35758,2
1411,1120709,786.0,439.5,1,35758,3
1411,1120710,1107.0,437.25,2,35759,0
1411,1120711,555.5,417.0,1,35759,1
1411,1120712,1026.0,419.0,1,35759,2
1411,1120713,786.0,439.5,1,35759,3
1411,1120714,1107.0,437.25,2,35760,0
1411,1120715,555.5,417.0,1,35760,1
1411,1120716,1026.0,419.0,1,35760,2
1411,1120717,786.0,439.5,1,35760,3
1411,1120718,1477.5,512.0,1,35761,0
1411,1120719,1101.0,506.0,1,35761,1
1411,1120720,1557.5,485.5,1,35761,2
1411,1120721,645.0,474.0,1,35762,0
1411,1120722,900.75,511.0,2,35762,1
1411,1120723,380.0,501.0,1,35762,2
1411,1120724,1101.0,506.0,1,35763,0
1411,1120725,1557.5,485.5,1,35763,1
1411,1120726,1477.5,512.0,1,35763,2
1411,1120727,938.0,503.0,1,35763,3
1411,1120728,1279.4166259765625,425.4166564941406,2,35764,0
1411,1120729,1026.0,419.0,2,35764,1
1411,1120730,786.0,439.5,1,35764,2
1411,1120731,680.0,322.6666564941406,3,35765,0
1411,1120732,549.5,346.5,2,35765,1
1411,1120733,555.5,417.0,1,35766,0
1411,1120734,1155.5833740234375,433.3333435058594,2,35766,1
1411,1120735,912.0833129882812,359.1666564941406,2,35767,0
1411,1120736,549.5,346.5,1,35767,1
1411,1120737,527.0,527.0,1,35768,0
1411,1120738,900.75,511.0,2,35768,1
1411,1120739,1053.0,374.0,1,35769,0
1411,1120740,680.0,322.6666564941406,3,35770,0
1411,1120741,549.5,346.5,2,35770,1
1411,1120742,380.0,501.0,1,35771,0
1411,1120743,900.75,511.0,2,35771,1
1411,1120744,645.0,474.0,1,35771,2
1411,1120745,549.5,346.5,2,35772,0
1411,1120746,680.0,322.6666564941406,3,35772,1
1411,1120747,912.0833129882812,359.1666564941406,2,35772,2
1411,1120748,1295.0,560.5,1,35773,0
1411,1120749,680.0,322.6666564941406,3,35774,0
1411,1120750,549.5,346.5,2,35774,1
1411,1120751,680.0,322.6666564941406,3,35775,0
1411,1120752,549.5,346.5,2,35775,1
1411,1120753,938.0,503.0,1,35776,0
1411,1120754,645.0,474.0,1,35776,1
1411,1120755,1101.0,506.0,1,35776,2
1411,1120756,527.0,527.0,1,35776,3
1411,1120757,380.0,501.0,1,35776,4
1411,1120758,851.5,306.5,1,35777,0
1411,1120759,966.5,359.0,1,35777,1
1421,1120687,1557.5,485.5,1,35750,0
1421,1120688,1477.5,512.0,1,35750,1
1421,1120689,1101.0,506.0,1,35750,2
1421,1120690,912.0833129882812,359.1666564941406,2,35751,0
1421,1120691,549.5,346.5,2,35751,1
1421,1120692,863.5,519.0,1,35752,0
1421,1120693,645.0,474.0,1,35752,1
1421,1120694,527.0,527.0,1,35752,2
1421,1120695,380.0,501.0,1,35752,3
1421,1120696,1026.0,419.0,1,35753,0
1421,1120697,1212.25,430.8999938964844,4,35753,1
1421,1120698,1649.5,350.5,1,35754,0
1421,1120699,1279.4166259765625,425.4166564941406,2,35755,0
1421,1120700,786.0,439.5,1,35755,1
1421,1120701,1026.0,419.0,2,35755,2
1421,1120702,786.0,439.5,2,35756,0
1421,1120703,1212.25,430.8999938964844,4,35756,1
1421,1120704,899.375,346.125,3,35757,0
1421,1120705,549.5,346.5,1,35757,1
1421,1120706,1279.4166259765625,425.4166564941406,2,35758,0
1421,1120707,555.5,417.0,1,35758,1
1421,1120708,1026.0,419.0,2,35758,2
1421,1120709,786.0,439.5,1,35758,3
1421,1120710,1107.0,437.25,2,35759,0
1421,1120711,555.5,417.0,1,35759,1
1421,1120712,1026.0,419.0,1,35759,2
1421,1120713,786.0,439.5,1,35759,3
1421,1120714,1107.0,437.25,2,35760,0
1421,1120715,555.5,417.0,1,35760,1
1421,1120716,1026.0,419.0,1,35760,2
1421,1120717,786.0,439.5,1,35760,3
1421,1120718,1477.5,512.0,1,35761,0
1421,1120719,1101.0,506.0,1,35761,1
1421,1120720,1557.5,485.5,1,35761,2
1421,1120721,645.0,474.0,1,35762,0
1421,1120722,900.75,511.0,2,35762,1
1421,1120723,380.0,501.0,1,35762,2
1421,1120724,1101.0,506.0,1,35763,0
1421,1120725,1557.5,485.5,1,35763,1
1421,1120726,1477.5,512.0,1,35763,2
1421,1120727,938.0,503.0,1,35763,3
1421,1120728,1279.4166259765625,425.4166564941406,2,35764,0
1421,1120729,1026.0,419.0,2,35764,1
1421,1120730,786.0,439.5,1,35764,2
1421,1120731,680.0,322.6666564941406,3,35765,0
1421,1120732,549.5,346.5,2,35765,1
1421,1120733,555.5,417.0,1,35766,0
1421,1120734,1155.5833740234375,433.3333435058594,2,35766,1
1421,1120735,912.0833129882812,359.1666564941406,2,35767,0
1421,1120736,549.5,346.5,2,35767,1
1421,1120737,527.0,527.0,1,35768,0
1421,1120738,900.75,511.0,2,35768,1
1421,1120739,1053.0,374.0,1,35769,0
1421,1120740,680.0,322.6666564941406,3,35770,0
1421,1120741,549.5,346.5,2,35770,1
1421,1120742,380.0,501.0,1,35771,0
1421,1120743,900.75,511.0,2,35771,1
1421,1120744,645.0,474.0,1,35771,2
1421,1120745,549.5,346.5,3,35772,0
1421,1120746,680.0,322.6666564941406,3,35772,1
1421,1120747,912.0833129882812,359.1666564941406,2,35772,2
1421,1120748,1295.0,560.5,1,35773,0
1421,1120749,680.0,322.6666564941406,3,35774,0
1421,1120750,549.5,346.5,2,35774,1
1421,1120751,680.0,322.6666564941406,3,35775,0
1421,1120752,549.5,346.5,2,35775,1
1421,1120753,938.0,503.0,1,35776,0
1421,1120754,645.0,474.0,1,35776,1
1421,1120755,1101.0,506.0,1,35776,2
1421,1120756,527.0,527.0,1,35776,3
1421,1120757,380.0,501.0,1,35776,4
1421,1120758,851.5,306.5,1,35777,0
1421,1120759,966.5,359.0,1,35777,1
1431,1120687,1557.5,485.5,1,35750,0
1431,1120688,1477.5,512.0,1,35750,1
1431,1120689,1101.0,506.0,1,35750,2
1431,1120690,912.0833129882812,359.1666564941406,2,35751,0
1431,1120691,549.5,346.5,2,35751,1
1431,1120692,863.5,519.0,1,35752,0
1431,1120693,645.0,474.0,1,35752,1
1431,1120694,527.0,527.0,1,35752,2
1431,1120695,380.0,501.0,1,35752,3
1431,1120696,1026.0,419.0,1,35753,0
1431,1120697,1212.25,430.8999938964844,4,35753,1
1431,1120698,1649.5,350.5,1,35754,0
1431,1120699,1279.4166259765625,425.4166564941406,2,35755,0
1431,1120700,786.0,439.5,1,35755,1
1431,1120701,1026.0,419.0,2,35755,2
1431,1120702,786.0,439.5,2,35756,0
1431,1120703,1212.25,430.8999938964844,4,35756,1
1431,1120704,899.375,346.125,3,35757,0
1431,1120705,549.5,346.5,1,35757,1
1431,1120706,1279.4166259765625,425.4166564941406,2,35758,0
1431,1120707,555.5,417.0,1,35758,1
1431,1120708,1026.0,419.0,2,35758,2
1431,1120709,786.0,439.5,1,35758,3
1431,1120710,1107.0,437.25,2,35759,0
1431,1120711,555.5,417.0,1,35759,1
1431,1120712,1026.0,419.0,1,35759,2
1431,1120713,786.0,439.5,1,35759,3
1431,1120714,1107.0,437.25,2,35760,0
1431,1120715,555.5,417.0,1,35760,1
1431,1120716,1026.0,419.0,1,35760,2
1431,1120717,786.0,439.5,1,35760,3
1431,1120718,1477.5,512.0,1,35761,0
1431,1120719,1101.0,506.0,1,35761,1
1431,1120720,1557.5,485.5,1,35761,2
1431,1120721,645.0,474.0,1,35762,0
1431,1120722,900.75,511.0,2,35762,1
1431,1120723,380.0,501.0,1,35762,2
1431,1120724,1101.0,506.0,1,35763,0
1431,1120725,1557.5,485.5,1,35763,1
1431,1120726,1477.5,512.0,1,35763,2
1431,1120727,938.0,503.0,1,35763,3
1431,1120728,1279.4166259765625,425.4166564941406,2,35764,0
1431,1120729,1026.0,419.0,2,35764,1
1431,1120730,786.0,439.5,1,35764,2
1431,1120731,680.0,322.6666564941406,3,35765,0
1431,1120732,549.5,346.5,2,35765,1
1431,1120733,555.5,417.0,1,35766,0
1431,1120734,1155.5833740234375,433.3333435058594,2,35766,1
1431,1120735,912.0833129882812,359.1666564941406,2,35767,0
1431,1120736,549.5,346.5,2,35767,1
1431,1120737,527.0,527.0,1,35768,0
1431,1120738,900.75,511.0,2,35768,1
1431,1120739,1053.0,374.0,1,35769,0
1431,1120740,680.0,322.6666564941406,3,35770,0
1431,1120741,549.5,346.5,2,35770,1
1431,1120742,380.0,501.0,1,35771,0
1431,1120743,900.75,511.0,2,35771,1
1431,1120744,645.0,474.0,1,35771,2
1431,1120745,549.5,346.5,3,35772,0
1431,1120746,680.0,322.6666564941406,3,35772,1
1431,1120747,912.0833129882812,359.1666564941406,2,35772,2
1431,1120748,1295.0,560.5,1,35773,0
1431,1120749,680.0,322.6666564941406,3,35774,0
1431,1120750,549.5,346.5,2,35774,1
1431,1120751,680.0,322.6666564941406,3,35775,0
1431,1120752,549.5,346.5,2,35775,1
1431,1120753,938.0,503.0,1,35776,0
1431,1120754,645.0,474.0,1,35776,1
1431,1120755,1101.0,506.0,1,35776,2
1431,1120756,527.0,527.0,1,35776,3
1431,1120757,380.0,501.0,1,35776,4
1431,1120758,851.5,306.5,1,35777,0
1431,1120759,966.5,359.0,1,35777,1
1441,1120687,1557.5,485.5,1,35750,0
1441,1120688,1477.5,512.0,1,35750,1
1441,1120689,1101.0,506.0,1,35750,2
1441,1120690,912.0833129882812,359.1666564941406,2,35751,0
1441,1120691,549.5,346.5,2,35751,1
1441,1120692,863.5,519.0,1,35752,0
1441,1120693,645.0,474.0,1,35752,1
1441,1120694,527.0,527.0,1,35752,2
1441,1120695,380.0,501.0,1,35752,3
1441,1120696,1026.0,419.0,1,35753,0
1441,1120697,1212.25,430.8999938964844,4,35753,1
1441,1120698,1649.5,350.5,1,35754,0
1441,1120699,1279.4166259765625,425.4166564941406,2,35755,0
1441,1120700,786.0,439.5,1,35755,1
1441,1120701,1026.0,419.0,2,35755,2
1441,1120702,786.0,439.5,2,35756,0
1441,1120703,1212.25,430.8999938964844,4,35756,1
1441,1120704,899.375,346.125,3,35757,0
1441,1120705,549.5,346.5,2,35757,1
1441,1120706,1279.4166259765625,425.4166564941406,2,35758,0
1441,1120707,555.5,417.0,1,35758,1
1441,1120708,1026.0,419.0,2,35758,2
1441,1120709,786.0,439.5,1,35758,3
1441,1120710,1107.0,437.25,2,35759,0
1441,1120711,555.5,417.0,1,35759,1
1441,1120712,1026.0,419.0,1,35759,2
1441,1120713,786.0,439.5,1,35759,3
1441,1120714,1107.0,437.25,2,35760,0
1441,1120715,555.5,417.0,1,35760,1
1441,1120716,1026.0,419.0,1,35760,2
1441,1120717,786.0,439.5,1,35760,3
1441,1120718,1477.5,512.0,1,35761,0
1441,1120719,1101.0,506.0,1,35761,1
1441,1120720,1557.5,485.5,1,35761,2
1441,1120721,645.0,474.0,1,35762,0
1441,1120722,900.75,511.0,2,35762,1
1441,1120723,380.0,501.0,1,35762,2
1441,1120724,1101.0,506.0,1,35763,0
1441,1120725,1557.5,485.5,1,35763,1
1441,1120726,1477.5,512.0,1,35763,2
1441,1120727,938.0,503.0,1,35763,3
1441,1120728,1279.4166259765625,425.4166564941406,2,35764,0
1441,1120729,1026.0,419.0,2,35764,1
1441,1120730,786.0,439.5,1,35764,2
1441,1120731,680.0,322.6666564941406,3,35765,0
1441,1120732,549.5,346.5,2,35765,1
1441,1120733,555.5,417.0,2,35766,0
1441,1120734,1155.5833740234375,433.3333435058594,2,35766,1
1441,1120735,912.0833129882812,359.1666564941406,2,35767,0
1441,1120736,549.5,346.5,2,35767,1
1441,1120737,527.0,527.0,1,35768,0
1441,1120738,900.75,511.0,2,35768,1
1441,1120739,1053.0,374.0,1,35769,0
1441,1120740,680.0,322.6666564941406,3,35770,0
1441,1120741,549.5,346.5,2,35770,1
1441,1120742,380.0,501.0,1,35771,0
1441,1120743,900.75,511.0,2,35771,1
1441,1120744,645.0,474.0,1,35771,2
1441,1120745,549.5,346.5,3,35772,0
1441,1120746,680.0,322.6666564941406,3,35772,1
1441,1120747,912.0833129882812,359.1666564941406,2,35772,2
1441,1120748,1295.0,560.5,1,35773,0
1441,1120749,680.0,322.6666564941406,3,35774,0
1441,1120750,549.5,346.5,2,35774,1
1441,1120751,680.0,322.6666564941406,3,35775,0
1441,1120752,549.5,346.5,2,35775,1
1441,1120753,938.0,503.0,1,35776,0
1441,1120754,645.0,474.0,1,35776,1
1441,1120755,1101.0,506.0,1,35776,2
1441,1120756,527.0,527.0,1,35776,3
1441,1120757,380.0,501.0,1,35776,4
1441,1120758,851.5,306.5,1,35777,0
1441,1120759,966.5,359.0,1,35777,1
1451,1120687,1557.5,485.5,1,35750,0
1451,1120688,1477.5,512.0,1,35750,1
1451,1120689,1101.0,506.0,1,35750,2
1451,1120690,912.0833129882812,359.1666564941406,2,35751,0
1451,1120691,549.5,346.5,2,35751,1
1451,1120692,863.5,519.0,1,35752,0
1451,1120693,645.0,474.0,1,35752,1
1451,1120694,527.0,527.0,1,35752,2
1451,1120695,380.0,501.0,1,35752,3
1451,1120696,1026.0,419.0,1,35753,0
1451,1120697,1212.25,430.8999938964844,4,35753,1
1451,1120698,1649.5,350.5,1,35754,0
1451,1120699,1279.4166259765625,425.4166564941406,2,35755,0
1451,1120700,786.0,439.5,1,35755,1
1451,1120701,1026.0,419.0,2,35755,2
1451,1120702,786.0,439.5,2,35756,0
1451,1120703,1212.25,430.8999938964844,4,35756,1
1451,1120704,899.375,346.125,3,35757,0
1451,1120705,549.5,346.5,2,35757,1
1451,1120706,1279.4166259765625,425.4166564941406,2,35758,0
1451,1120707,555.5,417.0,1,35758,1
1451,1120708,1026.0,419.0,2,35758,2
1451,1120709,786.0,439.5,1,35758,3
1451,1120710,1107.0,437.25,2,35759,0
1451,1120711,555.5,417.0,1,35759,1
1451,1120712,1026.0,419.0,1,35759,2
1451,1120713,786.0,439.5,1,35759,3
1451,1120714,1107.0,437.25,2,35760,0
1451,1120715,555.5,417.0,1,35760,1
1451,1120716,1026.0,419.0,1,35760,2
1451,1120717,786.0,439.5,1,35760,3
1451,1120718,1477.5,512.0,1,35761,0
1451,1120719,1101.0,506.0,1,35761,1
1451,1120720,1557.5,485.5,1,35761,2
1451,1120721,645.0,474.0,1,35762,0
1451,1120722,900.75,511.0,2,35762,1
1451,1120723,380.0,501.0,1,35762,2
1451,1120724,1101.0,506.0,1,35763,0
1451,1120725,1557.5,485.5,1,35763,1
1451,1120726,1477.5,512.0,1,35763,2
1451,1120727,938.0,503.0,1,35763,3
1451,1120728,1279.4166259765625,425.4166564941406,2,35764,0
1451,1120729,1026.0,419.0,2,35764,1
1451,1120730,786.0,439.5,1,35764,2
1451,1120731,680.0,322.6666564941406,3,35765,0
1451,1120732,549.5,346.5,2,35765,1
1451,1120733,555.5,417.0,2,35766,0
1451,1120734,1155.5833740234375,433.3333435058594,2,35766,1
1451,1120735,912.0833129882812,359.1666564941406,2,35767,0
1451,1120736,549.5,346.5,2,35767,1
1451,1120737,527.0,527.0,1,35768,0
1451,1120738,900.75,511.0,2,35768,1
1451,1120739,1053.0,374.0,1,35769,0
1451,1120740,680.0,322.6666564941406,3,35770,0
1451,1120741,549.5,346.5,2,35770,1
1451,1120742,380.0,501.0,1,35771,0
1451,1120743,900.75,511.0,2,35771,1
1451,1120744,645.0,474.0,1,35771,2
1451,1120745,549.5,346.5,3,35772,0
1451,1120746,680.0,322.6666564941406,3,35772,1
1451,1120747,912.0833129882812,359.1666564941406,2,35772,2
1451,1120748,1295.0,560.5,1,35773,0
1451,1120749,680.0,322.6666564941406,3,35774,0
1451,1120750,549.5,346.5,2,35774,1
1451,1120751,680.0,322.6666564941406,3,35775,0
1451,1120752,549.5,346.5,2,35775,1
1451,1120753,938.0,503.0,1,35776,0
1451,1120754,645.0,474.0,1,35776,1
1451,1120755,1101.0,506.0,1,35776,2
1451,1120756,527.0,527.0,1,35776,3
1451,1120757,380.0,501.0,1,35776,4
1451,1120758,851.5,306.5,1,35777,0
1451,1120759,966.5,359.0,1,35777,1
1461,1120687,1510.5,484.5,1,35750,0
1461,1120688,1453.5,515.0,1,35750,1
1461,1120689,1101.5,506.0,1,35750,2
1461,1120690,922.0833129882812,359.1666564941406,2,35751,0
1461,1120691,549.75,346.0,2,35751,1
1461,1120692,871.5,519.5,1,35752,0
1461,1120693,677.0,471.5,1,35752,1
1461,1120694,573.5,532.5,1,35752,2
1461,1120695,418.0,504.0,1,35752,3
1461,1120696,1026.5,421.25,2,35753,0
1461,1120697,1193.0833740234375,431.566650390625,3,35753,1
1461,1120698,1649.5,350.5,1,35754,0
1461,1120699,1262.9166259765625,427.6666564941406,2,35755,0
1461,1120700,820.5,442.5,1,35755,1
1461,1120701,1026.5,421.25,2,35755,2
1461,1120702,789.75,441.0,2,35756,0
1461,1120703,1193.0833740234375,431.566650390625,3,35756,1
1461,1120704,897.375,346.625,2,35757,0
1461,1120705,549.75,346.75,2,35757,1
1461,1120706,1262.9166259765625,427.6666564941406,2,35758,0
1461,1120707,574.0,421.5,1,35758,1
1461,1120708,1026.5,421.25,2,35758,2
1461,1120709,820.5,442.5,1,35758,3
1461,1120710,1081.25,436.0,2,35759,0
1461,1120711,574.0,421.5,1,35759,1
1461,1120712,1046.0,418.5,1,35759,2
1461,1120713,820.5,442.5,1,35759,3
1461,1120714,1081.25,436.0,2,35760,0
1461,1120715,574.0,421.5,1,35760,1
1461,1120716,1046.0,418.5,1,35760,2
1461,1120717,820.5,442.5,1,35760,3
1461,1120718,1453.5,515.0,1,35761,0
1461,1120719,1101.5,506.0,1,35761,1
1461,1120720,1510.5,484.5,1,35761,2
1461,1120721,677.0,471.5,1,35762,0
1461,1120722,890.0,511.0,2,35762,1
1461,1120723,418.0,504.0,1,35762,2
1461,1120724,1101.5,506.0,1,35763,0
1461,1120725,1510.5,484.5,1,35763,1
1461,1120726,1453.5,515.0,1,35763,2
1461,1120727,908.5,502.5,1,35763,3
1461,1120728,1262.9166259765625,427.6666564941406,2,35764,0
1461,1120729,1026.5,421.25,2,35764,1
1461,1120730,820.5,442.5,1,35764,2
1461,1120731,670.5,324.1666564941406,2,35765,0
1461,1120732,543.0,348.1666564941406,3,35765,1
1461,1120733,552.5,418.0,2,35766,0
1461,1120734,1127.0833740234375,434.0833435058594,2,35766,1
1461,1120735,922.0833129882812,359.1666564941406,2,35767,0
1461,1120736,549.75,346.0,2,35767,1
1461,1120737,573.5,532.5,1,35768,0
1461,1120738,890.0,511.0,2,35768,1
1461,1120739,1056.5,377.0,1,35769,0
1461,1120740,670.5,324.1666564941406,2,35770,0
1461,1120741,543.0,348.1666564941406,3,35770,1
1461,1120742,418.0,504.0,1,35771,0
1461,1120743,890.0,511.0,2,35771,1
1461,1120744,677.0,471.5,1,35771,2
1461,1120745,543.0,348.1666564941406,3,35772,0
1461,1120746,670.5,324.1666564941406,2,35772,1
1461,1120747,922.0833129882812,359.1666564941406,2,35772,2
1461,1120748,1301.5,601.0,1,35773,0
1461,1120749,670.5,324.1666564941406,2,35774,0
1461,1120750,543.0,348.1666564941406,3,35774,1
1461,1120751,670.5,324.1666564941406,2,35775,0
1461,1120752,543.0,348.1666564941406,3,35775,1
1461,1120753,908.5,502.5,1,35776,0
1461,1120754,677.0,471.5,1,35776,1
1461,1120755,1101.5,506.0,1,35776,2
1461,1120756,573.5,532.5,1,35776,3
1461,1120757,418.0,504.0,1,35776,4
1461,1120758,847.0,308.5,1,35777,0
1461,1120759,967.0,359.5,1,35777,1
1481,1120760,992.5,511.5,2,35778,0
1481,1120761,788.0,466.5,1,35778,1
1481,1120762,402.0,486.5,1,35778,2
1481,1120763,884.75,481.0,2,35778,3
1481,1120764,653.0,358.5,1,35779,0
1481,1120765,697.5,339.25,2,35779,1
1481,1120766,799.5,310.0,2,35779,2
1481,1120767,402.0,486.5,1,35780,0
1481,1120768,788.0,466.5,1,35780,1
1481,1120769,1035.25,504.75,2,35780,2
1481,1120770,1473.5,526.0,1,35780,3
1481,1120771,1666.0,505.5,1,35780,4
1481,1120772,1089.5,610.0,1,35780,5
1481,1120773,1389.0,418.5,1,35781,0
1481,1120774,898.5,486.0,1,35781,1
1481,1120775,652.5,471.5,1,35781,2
1481,1120776,1089.5,610.0,1,35781,3
1481,1120777,1649.5,350.5,1,35782,0
1481,1120778,1373.0,476.0,1,35783,0
1481,1120779,1666.0,505.5,1,35783,1
1481,1120780,884.75,481.0,2,35784,0
1481,1120781,1046.5,429.5,1,35784,1
1481,1120782,1389.0,418.5,1,35784,2
1481,1120783,1089.5,610.0,1,35784,3
1481,1120784,1019.3333129882812,502.0,3,35784,4
1481,1120785,697.5,339.25,2,35785,0
1481,1120786,761.5,313.5,1,35785,1
1481,1120787,653.0,358.5,1,35785,2
1481,1120788,788.0,466.5,1,35786,0
1481,1120789,997.5,526.5,1,35786,1
1481,1120790,652.5,471.5,1,35786,2
1481,1120791,871.0,476.0,1,35786,3
1481,1120792,402.0,486.5,1,35786,4
1481,1120793,1089.5,610.0,1,35787,0
1481,1120794,1473.5,526.0,1,35787,1
1481,1120795,652.5,471.5,1,35787,2
1481,1120796,884.75,481.0,2,35787,3
1481,1120797,1046.5,429.5,1,35787,4
1481,1120798,402.0,486.5,1,35787,5
1481,1120799,1389.0,418.5,1,35787,6
1481,1120800,590.0,421.5,2,35788,0
1481,1120801,1073.0,483.0,1,35788,1
1481,1120802,1073.0,483.0,1,35789,0
1481,1120803,590.0,421.5,2,35789,1
1481,1120804,652.5,471.5,1,35789,2
1481,1120805,884.75,481.0,2,35789,3
1481,1120806,1046.5,429.5,1,35789,4
1481,1120807,402.0,486.5,1,35789,5
1481,1120808,590.0,421.5,2,35790,0
1481,1120809,1073.0,483.0,1,35790,1
1481,1120810,1473.5,526.0,1,35791,0
1481,1120811,871.0,476.0,1,35791,1
1481,1120812,402.0,486.5,1,35791,2
1481,1120813,1089.5,610.0,1,35791,3
1481,1120814,652.5,471.5,1,35792,0
1481,1120815,1389.0,418.5,1,35792,1
1481,1120816,788.0,466.5,1,35792,2
1481,1120817,1073.0,483.0,1,35792,3
1481,1120818,1089.5,610.0,1,35792,4
1481,1120819,1666.0,505.5,1,35793,0
1481,1120820,871.0,476.0,1,35793,1
1481,1120821,1046.5,429.5,1,35793,2
1481,1120822,402.0,486.5,1,35793,3
1481,1120823,1373.0,476.0,1,35793,4
1481,1120824,992.5,511.5,2,35794,0
1481,1120825,884.75,481.0,2,35794,1
1481,1120826,522.25,331.5,2,35795,0
1481,1120827,884.75,481.0,2,35796,0
1481,1120828,1019.3333129882812,502.0,3,35796,1
1481,1120829,788.0,466.5,1,35796,2
1481,1120830,1473.5,526.0,1,35796,3
1481,1120831,1666.0,505.5,1,35796,4
1481,1120832,1089.5,610.0,1,35796,5
1481,1120833,776.0,362.5,1,35797,0
1481,1120834,1046.5,429.5,1,35798,0
1481,1120835,898.5,486.0,1,35798,1
1481,1120836,1089.5,610.0,1,35798,2
1481,1120837,1073.0,483.0,1,35798,3
1481,1120838,1666.0,505.5,1,35798,4
1481,1120839,522.25,331.5,2,35799,0
1481,1120840,664.0,714.5,1,35800,0
1481,1120841,697.5,339.25,2,35801,0
1481,1120842,799.5,310.0,2,35801,1
1481,1120843,653.0,358.5,1,35801,2
1481,1120844,439.75,357.75,2,35802,0
1481,1120845,439.75,357.75,2,35803,0
1481,1120846,799.5,310.0,2,35804,0
1481,1120847,653.0,358.5,1,35804,1
1481,1120848,697.5,339.25,2,35804,2
1481,1120849,799.5,310.0,2,35805,0
1481,1120850,653.0,358.5,1,35805,1
1481,1120851,713.5,320.0,1,35805,2
1491,1120760,992.5,511.5,2,35778,0
1491,1120761,788.0,466.5,1,35778,1
1491,1120762,402.0,486.5,1,35778,2
1491,1120763,884.75,481.0,2,35778,3
1491,1120764,653.0,358.5,1,35779,0
1491,1120765,697.5,339.25,2,35779,1
1491,1120766,799.5,310.0,2,35779,2
1491,1120767,402.0,486.5,1,35780,0
1491,1120768,788.0,466.5,1,35780,1
1491,1120769,1035.25,504.75,2,35780,2
1491,1120770,1473.5,526.0,1,35780,3
1491,1120771,1666.0,505.5,1,35780,4
1491,1120772,1089.5,610.0,1,35780,5
1491,1120773,1389.0,418.5,1,35781,0
1491,1120774,898.5,486.0,1,35781,1
1491,1120775,652.5,471.5,1,35781,2
1491,1120776,1089.5,610.0,1,35781,3
1491,1120777,1649.5,350.5,1,35782,0
1491,1120778,1373.0,476.0,1,35783,0
1491,1120779,1666.0,505.5,1,35783,1
1491,1120780,884.75,481.0,2,35784,0
1491,1120781,1046.5,429.5,1,35784,1
1491,1120782,1389.0,418.5,1,35784,2
1491,1120783,1089.5,610.0,1,35784,3
1491,1120784,1019.3333129882812,502.0,3,35784,4
1491,1120785,697.5,339.25,2,35785,0
1491,1120786,761.5,313.5,1,35785,1
1491,1120787,653.0,358.5,1,35785,2
1491,1120788,788.0,466.5,1,35786,0
1491,1120789,997.5,526.5,1,35786,1
1491,1120790,652.5,471.5,1,35786,2
1491,1120791,871.0,476.0,1,35786,3
1491,1120792,402.0,486.5,1,35786,4
1491,1120793,1089.5,610.0,1,35787,0
1491,1120794,1473.5,526.0,1,35787,1
1491,1120795,652.5,471.5,1,35787,2
1491,1120796,884.75,481.0,2,35787,3
1491,1120797,1046.5,429.5,1,35787,4
1491,1120798,402.0,486.5,1,35787,5
1491,1120799,1389.0,418.5,1,35787,6
1491,1120800,590.0,421.5,2,35788,0
1491,1120801,1073.0,483.0,1,35788,1
1491,1120802,1073.0,483.0,1,35789,0
1491,1120803,590.0,421.5,2,35789,1
1491,1120804,652.5,471.5,1,35789,2
1491,1120805,884.75,481.0,2,35789,3
1491,1120806,1046.5,429.5,1,35789,4
1491,1120807,402.0,486.5,1,35789,5
1491,1120808,590.0,421.5,2,35790,0
1491,1120809,1073.0,483.0,1,35790,1
1491,1120810,1473.5,526.0,1,35791,0
1491,1120811,871.0,476.0,1,35791,1
1491,1120812,402.0,486.5,1,35791,2
1491,1120813,1089.5,610.0,1,35791,3
1491,1120814,652.5,471.5,1,35792,0
1491,1120815,1389.0,418.5,1,35792,1
1491,1120816,788.0,466.5,1,35792,2
1491,1120817,1073.0,483.0,1,35792,3
1491,1120818,1089.5,610.0,1,35792,4
1491,1120819,1666.0,505.5,1,35793,0
1491,1120820,871.0,476.0,1,35793,1
1491,1120821,1046.5,429.5,1,35793,2
1491,1120822,402.0,486.5,1,35793,3
1491,1120823,1373.0,476.0,1,35793,4
1491,1120824,992.5,511.5,2,35794,0
1491,1120825,884.75,481.0,2,35794,1
1491,1120826,522.25,331.5,2,35795,0
1491,1120827,884.75,481.0,2,35796,0
1491,1120828,1019.3333129882812,502.0,3,35796,1
1491,1120829,788.0,466.5,1,35796,2
1491,1120830,1473.5,526.0,1,35796,3
1491,1120831,1666.0,505.5,1,35796,4
1491,1120832,1089.5,610.0,1,35796,5
1491,1120833,776.0,362.5,1,35797,0
1491,1120834,1046.5,429.5,1,35798,0
1491,1120835,898.5,486.0,1,35798,1
1491,1120836,1089.5,610.0,1,35798,2
1491,1120837,1073.0,483.0,1,35798,3
1491,1120838,1666.0,505.5,1,35798,4
1491,1120839,522.25,331.5,2,35799,0
1491,1120840,664.0,714.5,1,35800,0
1491,1120841,697.5,339.25,2,35801,0
1491,1120842,799.5,310.0,2,35801,1
1491,1120843,653.0,358.5,1,35801,2
1491,1120844,439.75,357.75,2,35802,0
1491,1120845,439.75,357.75,2,35803,0
1491,1120846,799.5,310.0,2,35804,0
1491,1120847,653.0,358.5,1,35804,1
1491,1120848,697.5,339.25,2,35804,2
1491,1120849,799.5,310.0,2,35805,0
1491,1120850,653.0,358.5,1,35805,1
1491,1120851,713.5,320.0,1,35805,2
1501,1120760,992.5,511.5,2,35778,0
1501,1120761,788.0,466.5,1,35778,1
1501,1120762,402.0,486.5,1,35778,2
1501,1120763,884.75,481.0,2,35778,3
1501,1120764,653.0,358.5,1,35779,0
1501,1120765,697.5,339.25,2,35779,1
1501,1120766,799.5,310.0,2,35779,2
1501,1120767,402.0,486.5,1,35780,0
1501,1120768,788.0,466.5,1,35780,1
1501,1120769,1035.25,504.75,2,35780,2
1501,1120770,1473.5,526.0,1,35780,3
1501,1120771,1666.0,505.5,1,35780,4
1501,1120772,1089.5,610.0,1,35780,5
1501,1120773,1389.0,418.5,1,35781,0
1501,1120774,898.5,486.0,1,35781,1
1501,1120775,652.5,471.5,1,35781,2
1501,1120776,1089.5,610.0,1,35781,3
1501,1120777,1649.5,350.5,1,35782,0
1501,1120778,1373.0,476.0,1,35783,0
1501,1120779,1666.0,505.5,1,35783,1
1501,1120780,884.75,481.0,2,35784,0
1501,1120781,1046.5,429.5,1,35784,1
1501,1120782,1389.0,418.5,1,35784,2
1501,1120783,1089.5,610.0,1,35784,3
1501,1120784,1019.3333129882812,502.0,3,35784,4
1501,1120785,697.5,339.25,2,35785,0
1501,1120786,761.5,313.5,1,35785,1
1501,1120787,653.0,358.5,1,35785,2
1501,1120788,788.0,466.5,1,35786,0
1501,1120789,997.5,526.5,1,35786,1
1501,1120790,652.5,471.5,1,35786,2
1501,1120791,871.0,476.0,1,35786,3
1501,1120792,402.0,486.5,1,35786,4
1501,1120793,1089.5,610.0,1,35787,0
1501,1120794,1473.5,526.0,1,35787,1
1501,1120795,652.5,471.5,1,35787,2
1501,1120796,884.75,481.0,2,35787,3
1501,1120797,1046.5,429.5,1,35787,4
1501,1120798,402.0,486.5,1,35787,5
1501,1120799,1389.0,418.5,1,35787,6
1501,1120800,590.0,421.5,2,35788,0
1501,1120801,1073.0,483.0,1,35788,1
1501,1120802,1073.0,483.0,1,35789,0
1501,1120803,590.0,421.5,2,35789,1
1501,1120804,652.5,471.5,1,35789,2
1501,1120805,884.75,481.0,2,35789,3
1501,1120806,1046.5,429.5,1,35789,4
1501,1120807,402.0,486.5,1,35789,5
1501,1120808,590.0,421.5,2,35790,0
1501,1120809,1073.0,483.0,1,35790,1
1501,1120810,1473.5,526.0,1,35791,0
1501,1120811,871.0,476.0,1,35791,1
1501,1120812,402.0,486.5,1,35791,2
1501,1120813,1089.5,610.0,1,35791,3
1501,1120814,652.5,471.5,1,35792,0
1501,1120815,1389.0,418.5,1,35792,1
1501,1120816,788.0,466.5,1,35792,2
1501,1120817,1073.0,483.0,1,35792,3
1501,1120818,1089.5,610.0,1,35792,4
1501,1120819,1666.0,505.5,1,35793,0
1501,1120820,871.0,476.0,1,35793,1
1501,1120821,1046.5,429.5,1,35793,2
1501,1120822,402.0,486.5,1,35793,3
1501,1120823,1373.0,476.0,1,35793,4
1501,1120824,992.5,511.5,2,35794,0
1501,1120825,884.75,481.0,2,35794,1
1501,1120826,522.25,331.5,2,35795,0
1501,1120827,884.75,481.0,2,35796,0
1501,1120828,1019.3333129882812,502.0,3,35796,1
1501,1120829,788.0,466.5,1,35796,2
1501,1120830,1473.5,526.0,1,35796,3
1501,1120831,1666.0,505.5,1,35796,4
1501,1120832,1089.5,610.0,1,35796,5
1501,1120833,776.0,362.5,1,35797,0
1501,1120834,1046.5,429.5,1,35798,0
1501,1120835,898.5,486.0,1,35798,1
1501,1120836,1089.5,610.0,1,35798,2
1501,1120837,1073.0,483.0,1,35798,3
1501,1120838,1666.0,505.5,1,35798,4
1501,1120839,522.25,331.5,2,35799,0
1501,1120840,664.0,714.5,1,35800,0
1501,1120841,697.5,339.25,2,35801,0
1501,1120842,799.5,310.0,2,35801,1
1501,1120843,653.0,358.5,1,35801,2
1501,1120844,439.75,357.75,2,35802,0
1501,1120845,439.75,357.75,2,35803,0
1501,1120846,799.5,310.0,2,35804,0
1501,1120847,653.0,358.5,1,35804,1
1501,1120848,697.5,339.25,2,35804,2
1501,1120849,799.5,310.0,2,35805,0
1501,1120850,653.0,358.5,1,35805,1
1501,1120851,713.5,320.0,1,35805,2
1511,1120760,992.5,511.5,2,35778,0
1511,1120761,788.0,466.5,1,35778,1
1511,1120762,402.0,486.5,1,35778,2
1511,1120763,884.75,481.0,2,35778,3
1511,1120764,653.0,358.5,1,35779,0
1511,1120765,697.5,339.25,2,35779,1
1511,1120766,799.5,310.0,2,35779,2
1511,1120767,402.0,486.5,1,35780,0
1511,1120768,788.0,466.5,1,35780,1
1511,1120769,1035.25,504.75,2,35780,2
1511,1120770,1473.5,526.0,1,35780,3
1511,1120771,1666.0,505.5,1,35780,4
1511,1120772,1089.5,610.0,1,35780,5
1511,1120773,1389.0,418.5,1,35781,0
1511,1120774,898.5,486.0,1,35781,1
1511,1120775,652.5,471.5,1,35781,2
1511,1120776,1089.5,610.0,1,35781,3
1511,1120777,1649.5,350.5,1,35782,0
1511,1120778,1373.0,476.0,1,35783,0
1511,1120779,1666.0,505.5,1,35783,1
1511,1120780,884.75,481.0,2,35784,0
1511,1120781,1046.5,429.5,1,35784,1
1511,1120782,1389.0,418.5,1,35784,2
1511,1120783,1089.5,610.0,1,35784,3
1511,1120784,1019.3333129882812,502.0,3,35784,4
1511,1120785,697.5,339.25,2,35785,0
1511,1120786,761.5,313.5,1,35785,1
1511,1120787,653.0,358.5,1,35785,2
1511,1120788,788.0,466.5,1,35786,0
1511,1120789,997.5,526.5,1,35786,1
1511,1120790,652.5,471.5,1,35786,2
1511,1120791,871.0,476.0,1,35786,3
1511,1120792,402.0,486.5,1,35786,4
1511,1120793,1089.5,610.0,1,35787,0
1511,1120794,1473.5,526.0,1,35787,1
1511,1120795,652.5,471.5,1,35787,2
1511,1120796,884.75,481.0,2,35787,3
1511,1120797,1046.5,429.5,1,35787,4
1511,1120798,402.0,486.5,1,35787,5
1511,1120799,1389.0,418.5,1,35787,6
1511,1120800,590.0,421.5,2,35788,0
1511,1120801,1073.0,483.0,1,35788,1
1511,1120802,1073.0,483.0,1,35789,0
1511,1120803,590.0,421.5,2,35789,1
1511,1120804,652.5,471.5,1,35789,2
1511,1120805,884.75,481.0,2,35789,3
1511,1120806,1046.5,429.5,1,35789,4
1511,1120807,402.0,486.5,1,35789,5
1511,1120808,590.0,421.5,2,35790,0
1511,1120809,1073.0,483.0,1,35790,1
1511,1120810,1473.5,526.0,1,35791,0
1511,1120811,871.0,476.0,1,35791,1
1511,1120812,402.0,486.5,1,35791,2
1511,1120813,1089.5,610.0,1,35791,3
1511,1120814,652.5,471.5,1,35792,0
1511,1120815,1389.0,418.5,1,35792,1
1511,1120816,788.0,466.5,1,35792,2
1511,1120817,1073.0,483.0,1,35792,3
1511,1120818,1089.5,610.0,1,35792,4
1511,1120819,1666.0,505.5,1,35793,0
1511,1120820,871.0,476.0,1,35793,1
1511,1120821,1046.5,429.5,1,35793,2
1511,1120822,402.0,486.5,1,35793,3
1511,1120823,1373.0,476.0,1,35793,4
1511,1120824,992.5,511.5,2,35794,0
1511,1120825,884.75,481.0,2,35794,1
1511,1120826,522.25,331.5,2,35795,0
1511,1120827,884.75,481.0,2,35796,0
1511,1120828,1019.3333129882812,502.0,3,35796,1
1511,1120829,788.0,466.5,1,35796,2
1511,1120830,1473.5,526.0,1,35796,3
1511,1120831,1666.0,505.5,1,35796,4
1511,1120832,1089.5,610.0,1,35796,5
1511,1120833,776.0,362.5,1,35797,0
1511,1120834,1046.5,429.5,1,35798,0
1511,1120835,898.5,486.0,1,35798,1
1511,1120836,1089.5,610.0,1,35798,2
1511,1120837,1073.0,483.0,1,35798,3
1511,1120838,1666.0,505.5,1,35798,4
1511,1120839,522.25,331.5,2,35799,0
1511,1120840,664.0,714.5,1,35800,0
1511,1120841,697.5,339.25,2,35801,0
1511,1120842,799.5,310.0,2,35801,1
1511,1120843,653.0,358.5,1,35801,2
1511,1120844,439.75,357.75,2,35802,0
1511,1120845,439.75,357.75,2,35803,0
1511,1120846,799.5,310.0,2,35804,0
1511,1120847,653.0,358.5,1,35804,1
1511,1120848,697.5,339.25,2,35804,2
1511,1120849,799.5,310.0,2,35805,0
1511,1120850,653.0,358.5,1,35805,1
1511,1120851,713.5,320.0,1,35805,2
1521,1120760,992.5,511.5,2,35778,0
1521,1120761,788.0,466.5,1,35778,1
1521,1120762,402.0,486.5,1,35778,2
1521,1120763,884.75,481.0,2,35778,3
1521,1120764,653.0,358.5,1,35779,0
1521,1120765,697.5,339.25,2,35779,1
1521,1120766,799.5,310.0,2,35779,2
1521,1120767,402.0,486.5,1,35780,0
1521,1120768,788.0,466.5,1,35780,1
1521,1120769,1035.25,504.75,2,35780,2
1521,1120770,1473.5,526.0,1,35780,3
1521,1120771,1666.0,505.5,1,35780,4
1521,1120772,1089.5,610.0,1,35780,5
1521,1120773,1389.0,418.5,1,35781,0
1521,1120774,898.5,486.0,1,35781,1
1521,1120775,652.5,471.5,1,35781,2
1521,1120776,1089.5,610.0,1,35781,3
1521,1120777,1649.5,350.5,1,35782,0
1521,1120778,1373.0,476.0,1,35783,0
1521,1120779,1666.0,505.5,1,35783,1
1521,1120780,884.75,481.0,2,35784,0
1521,1120781,1046.5,429.5,1,35784,1
1521,1120782,1389.0,418.5,1,35784,2
1521,1120783,1089.5,610.0,1,35784,3
1521,1120784,1019.3333129882812,502.0,3,35784,4
1521,1120785,697.5,339.25,2,35785,0
1521,1120786,761.5,313.5,1,35785,1
1521,1120787,653.0,358.5,1,35785,2
1521,1120788,788.0,466.5,1,35786,0
1521,1120789,997.5,526.5,1,35786,1
1521,1120790,652.5,471.5,1,35786,2
1521,1120791,871.0,476.0,1,35786,3
1521,1120792,402.0,486.5,1,35786,4
1521,1120793,1089.5,610.0,1,35787,0
1521,1120794,1473.5,526.0,1,35787,1
1521,1120795,652.5,471.5,1,35787,2
1521,1120796,884.75,481.0,2,35787,3
1521,1120797,1046.5,429.5,1,35787,4
1521,1120798,402.0,486.5,1,35787,5
1521,1120799,1389.0,418.5,1,35787,6
1521,1120800,590.0,421.5,2,35788,0
1521,1120801,1073.0,483.0,1,35788,1
1521,1120802,1073.0,483.0,1,35789,0
1521,1120803,590.0,421.5,2,35789,1
1521,1120804,652.5,471.5,1,35789,2
1521,1120805,884.75,481.0,2,35789,3
1521,1120806,1046.5,429.5,1,35789,4
1521,1120807,402.0,486.5,1,35789,5
1521,1120808,590.0,421.5,2,35790,0
1521,1120809,1073.0,483.0,1,35790,1
1521,1120810,1473.5,526.0,1,35791,0
1521,1120811,871.0,476.0,1,35791,1
1521,1120812,402.0,486.5,1,35791,2
1521,1120813,1089.5,610.0,1,35791,3
1521,1120814,652.5,471.5,1,35792,0
1521,1120815,1389.0,418.5,1,35792,1
1521,1120816,788.0,466.5,1,35792,2
1521,1120817,1073.0,483.0,1,35792,3
1521,1120818,1089.5,610.0,1,35792,4
1521,1120819,1666.0,505.5,1,35793,0
1521,1120820,871.0,476.0,1,35793,1
1521,1120821,1046.5,429.5,1,35793,2
1521,1120822,402.0,486.5,1,35793,3
1521,1120823,1373.0,476.0,1,35793,4
1521,1120824,992.5,511.5,2,35794,0
1521,1120825,884.75,481.0,2,35794,1
1521,1120826,522.25,331.5,2,35795,0
1521,1120827,884.75,481.0,2,35796,0
1521,1120828,1019.3333129882812,502.0,3,35796,1
1521,1120829,788.0,466.5,1,35796,2
1521,1120830,1473.5,526.0,1,35796,3
1521,1120831,1666.0,505.5,1,35796,4
1521,1120832,1089.5,610.0,1,35796,5
1521,1120833,776.0,362.5,1,35797,0
1521,1120834,1046.5,429.5,1,35798,0
1521,1120835,898.5,486.0,1,35798,1
1521,1120836,1089.5,610.0,1,35798,2
1521,1120837,1073.0,483.0,1,35798,3
1521,1120838,1666.0,505.5,1,35798,4
1521,1120839,522.25,331.5,2,35799,0
1521,1120840,664.0,714.5,1,35800,0
1521,1120841,697.5,339.25,2,35801,0
1521,1120842,799.5,310.0,2,35801,1
1521,1120843,653.0,358.5,1,35801,2
1521,1120844,439.75,357.75,2,35802,0
1521,1120845,439.75,357.75,2,35803,0
1521,1120846,799.5,310.0,2,35804,0
1521,1120847,653.0,358.5,1,35804,1
1521,1120848,697.5,339.25,2,35804,2
1521,1120849,799.5,310.0,2,35805,0
1521,1120850,653.0,358.5,1,35805,1
1521,1120851,713.5,320.0,1,35805,2
1531,1120760,992.5,511.5,2,35778,0
1531,1120761,788.0,466.5,1,35778,1
1531,1120762,402.0,486.5,1,35778,2
1531,1120763,884.75,481.0,2,35778,3
1531,1120764,653.0,358.5,1,35779,0
1531,1120765,697.5,339.25,2,35779,1
1531,1120766,799.5,310.0,2,35779,2
1531,1120767,402.0,486.5,1,35780,0
1531,1120768,788.0,466.5,1,35780,1
1531,1120769,1035.25,504.75,2,35780,2
1531,1120770,1473.5,526.0,1,35780,3
1531,1120771,1666.0,505.5,1,35780,4
1531,1120772,1089.5,610.0,1,35780,5
1531,1120773,1389.0,418.5,1,35781,0
1531,1120774,898.5,486.0,1,35781,1
1531,1120775,652.5,471.5,1,35781,2
1531,1120776,1089.5,610.0,1,35781,3
1531,1120777,1649.5,350.5,1,35782,0
1531,1120778,1373.0,476.0,1,35783,0
1531,1120779,1666.0,505.5,1,35783,1
1531,1120780,884.75,481.0,2,35784,0
1531,1120781,1046.5,429.5,1,35784,1
1531,1120782,1389.0,418.5,1,35784,2
1531,1120783,1089.5,610.0,1,35784,3
1531,1120784,1019.3333129882812,502.0,3,35784,4
1531,1120785,697.5,339.25,2,35785,0
1531,1120786,761.5,313.5,1,35785,1
1531,1120787,653.0,358.5,1,35785,2
1531,1120788,788.0,466.5,1,35786,0
1531,1120789,997.5,526.5,1,35786,1
1531,1120790,652.5,471.5,1,35786,2
1531,1120791,871.0,476.0,1,35786,3
1531,1120792,402.0,486.5,1,35786,4
1531,1120793,1089.5,610.0,1,35787,0
1531,1120794,1473.5,526.0,1,35787,1
1531,1120795,652.5,471.5,1,35787,2
1531,1120796,884.75,481.0,2,35787,3
1531,1120797,1046.5,429.5,1,35787,4
1531,1120798,402.0,486.5,1,35787,5
1531,1120799,1389.0,418.5,1,35787,6
1531,1120800,590.0,421.5,2,35788,0
1531,1120801,1073.0,483.0,1,35788,1
1531,1120802,1073.0,483.0,1,35789,0
1531,1120803,590.0,421.5,2,35789,1
1531,1120804,652.5,471.5,1,35789,2
1531,1120805,884.75,481.0,2,35789,3
1531,1120806,1046.5,429.5,1,35789,4
1531,1120807,402.0,486.5,1,35789,5
1531,1120808,590.0,421.5,2,35790,0
1531,1120809,1073.0,483.0,1,35790,1
1531,1120810,1473.5,526.0,1,35791,0
1531,1120811,871.0,476.0,1,35791,1
1531,1120812,402.0,486.5,1,35791,2
1531,1120813,1089.5,610.0,1,35791,3
1531,1120814,652.5,471.5,1,35792,0
1531,1120815,1389.0,418.5,1,35792,1
1531,1120816,788.0,466.5,1,35792,2
1531,1120817,1073.0,483.0,1,35792,3
1531,1120818,1089.5,610.0,1,35792,4
1531,1120819,1666.0,505.5,1,35793,0
1531,1120820,871.0,476.0,1,35793,1
1531,1120821,1046.5,429.5,1,35793,2
1531,1120822,402.0,486.5,1,35793,3
1531,1120823,1373.0,476.0,1,35793,4
1531,1120824,992.5,511.5,2,35794,0
1531,1120825,884.75,481.0,2,35794,1
1531,1120826,522.25,331.5,2,35795,0
1531,1120827,884.75,481.0,2,35796,0
1531,1120828,1019.3333129882812,502.0,3,35796,1
1531,1120829,788.0,466.5,1,35796,2
1531,1120830,1473.5,526.0,1,35796,3
1531,1120831,1666.0,505.5,1,35796,4
1531,1120832,1089.5,610.0,1,35796,5
1531,1120833,776.0,362.5,1,35797,0
1531,1120834,1046.5,429.5,1,35798,0
1531,1120835,898.5,486.0,1,35798,1
1531,1120836,1089.5,610.0,1,35798,2
1531,1120837,1073.0,483.0,1,35798,3
1531,1120838,1666.0,505.5,1,35798,4
1531,1120839,522.25,331.5,2,35799,0
1531,1120840,664.0,714.5,1,35800,0
1531,1120841,697.5,339.25,2,35801,0
1531,1120842,799.5,310.0,2,35801,1
1531,1120843,653.0,358.5,1,35801,2
1531,1120844,439.75,357.75,2,35802,0
1531,1120845,439.75,357.75,2,35803,0
1531,1120846,799.5,310.0,2,35804,0
1531,1120847,653.0,358.5,1,35804,1
1531,1120848,697.5,339.25,2,35804,2
1531,1120849,799.5,310.0,2,35805,0
1531,1120850,653.0,358.5,1,35805,1
1531,1120851,713.5,320.0,1,35805,2
1541,1120760,992.5,511.5,2,35778,0
1541,1120761,788.0,466.5,1,35778,1
1541,1120762,402.0,486.5,1,35778,2
1541,1120763,884.75,481.0,2,35778,3
1541,1120764,653.0,358.5,1,35779,0
1541,1120765,697.5,339.25,2,35779,1
1541,1120766,799.5,310.0,2,35779,2
1541,1120767,402.0,486.5,1,35780,0
1541,1120768,788.0,466.5,1,35780,1
1541,1120769,1035.25,504.75,2,35780,2
1541,1120770,1473.5,526.0,1,35780,3
1541,1120771,1666.0,505.5,1,35780,4
1541,1120772,1089.5,610.0,1,35780,5
1541,1120773,1389.0,418.5,1,35781,0
1541,1120774,898.5,486.0,1,35781,1
1541,1120775,652.5,471.5,1,35781,2
1541,1120776,1089.5,610.0,1,35781,3
1541,1120777,1649.5,350.5,1,35782,0
1541,1120778,1373.0,476.0,1,35783,0
1541,1120779,1666.0,505.5,1,35783,1
1541,1120780,884.75,481.0,2,35784,0
1541,1120781,1046.5,429.5,1,35784,1
1541,1120782,1389.0,418.5,1,35784,2
1541,1120783,1089.5,610.0,1,35784,3
1541,1120784,1019.3333129882812,502.0,3,35784,4
1541,1120785,697.5,339.25,2,35785,0
1541,1120786,761.5,313.5,1,35785,1
1541,1120787,653.0,358.5,1,35785,2
1541,1120788,788.0,466.5,1,35786,0
1541,1120789,997.5,526.5,1,35786,1
1541,1120790,652.5,471.5,1,35786,2
1541,1120791,871.0,476.0,1,35786,3
1541,1120792,402.0,486.5,1,35786,4
1541,1120793,1089.5,610.0,1,35787,0
1541,1120794,1473.5,526.0,1,35787,1
1541,1120795,652.5,471.5,1,35787,2
1541,1120796,884.75,481.0,2,35787,3
1541,1120797,1046.5,429.5,1,35787,4
1541,1120798,402.0,486.5,1,35787,5
1541,1120799,1389.0,418.5,1,35787,6
1541,1120800,590.0,421.5,2,35788,0
1541,1120801,1073.0,483.0,1,35788,1
1541,1120802,1073.0,483.0,1,35789,0
1541,1120803,590.0,421.5,2,35789,1
1541,1120804,652.5,471.5,1,35789,2
1541,1120805,884.75,481.0,2,35789,3
1541,1120806,1046.5,429.5,1,35789,4
1541,1120807,402.0,486.5,1,35789,5
1541,1120808,590.0,421.5,2,35790,0
1541,1120809,1073.0,483.0,1,35790,1
1541,1120810,1473.5,526.0,1,35791,0
1541,1120811,871.0,476.0,1,35791,1
1541,1120812,402.0,486.5,1,35791,2
1541,1120813,1089.5,610.0,1,35791,3
1541,1120814,652.5,471.5,1,35792,0
1541,1120815,1389.0,418.5,1,35792,1
1541,1120816,788.0,466.5,1,35792,2
1541,1120817,1073.0,483.0,1,35792,3
1541,1120818,1089.5,610.0,1,35792,4
1541,1120819,1666.0,505.5,1,35793,0
1541,1120820,871.0,476.0,1,35793,1
1541,1120821,1046.5,429.5,1,35793,2
1541,1120822,402.0,486.5,1,35793,3
1541,1120823,1373.0,476.0,1,35793,4
1541,1120824,992.5,511.5,2,35794,0
1541,1120825,884.75,481.0,2,35794,1
1541,1120826,522.25,331.5,2,35795,0
1541,1120827,884.75,481.0,2,35796,0
1541,1120828,1019.3333129882812,502.0,3,35796,1
1541,1120829,788.0,466.5,1,35796,2
1541,1120830,1473.5,526.0,1,35796,3
1541,1120831,1666.0,505.5,1,35796,4
1541,1120832,1089.5,610.0,1,35796,5
1541,1120833,776.0,362.5,1,35797,0
1541,1120834,1046.5,429.5,1,35798,0
1541,1120835,898.5,486.0,1,35798,1
1541,1120836,1089.5,610.0,1,35798,2
1541,1120837,1073.0,483.0,1,35798,3
1541,1120838,1666.0,505.5,1,35798,4
1541,1120839,522.25,331.5,2,35799,0
1541,1120840,664.0,714.5,1,35800,0
1541,1120841,697.5,339.25,2,35801,0
1541,1120842,799.5,310.0,2,35801,1
1541,1120843,653.0,358.5,1,35801,2
1541,1120844,439.75,357.75,2,35802,0
1541,1120845,439.75,357.75,2,35803,0
1541,1120846,799.5,310.0,2,35804,0
1541,1120847,653.0,358.5,1,35804,1
1541,1120848,697.5,339.25,2,35804,2
1541,1120849,799.5,310.0,2,35805,0
1541,1120850,653.0,358.5,1,35805,1
1541,1120851,713.5,320.0,1,35805,2
1551,1120760,992.5,511.5,2,35778,0
1551,1120761,788.0,466.5,1,35778,1
1551,1120762,402.0,486.5,1,35778,2
1551,1120763,884.75,481.0,2,35778,3
1551,1120764,653.0,358.5,1,35779,0
1551,1120765,697.5,339.25,2,35779,1
1551,1120766,799.5,310.0,2,35779,2
1551,1120767,402.0,486.5,1,35780,0
1551,1120768,788.0,466.5,1,35780,1
1551,1120769,1035.25,504.75,2,35780,2
1551,1120770,1473.5,526.0,1,35780,3
1551,1120771,1666.0,505.5,1,35780,4
1551,1120772,1089.5,610.0,1,35780,5
1551,1120773,1389.0,418.5,1,35781,0
1551,1120774,898.5,486.0,1,35781,1
1551,1120775,652.5,471.5,1,35781,2
1551,1120776,1089.5,610.0,1,35781,3
1551,1120777,1649.5,350.5,1,35782,0
1551,1120778,1373.0,476.0,1,35783,0
1551,1120779,1666.0,505.5,1,35783,1
1551,1120780,884.75,481.0,2,35784,0
1551,1120781,1046.5,429.5,1,35784,1
1551,1120782,1389.0,418.5,1,35784,2
1551,1120783,1089.5,610.0,1,35784,3
1551,1120784,1019.3333129882812,502.0,3,35784,4
1551,1120785,697.5,339.25,2,35785,0
1551,1120786,761.5,313.5,1,35785,1
1551,1120787,653.0,358.5,1,35785,2
1551,1120788,788.0,466.5,1,35786,0
1551,1120789,997.5,526.5,1,35786,1
1551,1120790,652.5,471.5,1,35786,2
1551,1120791,871.0,476.0,1,35786,3
1551,1120792,402.0,486.5,1,35786,4
1551,1120793,1089.5,610.0,1,35787,0
1551,1120794,1473.5,526.0,1,35787,1
1551,1120795,652.5,471.5,1,35787,2
1551,1120796,884.75,481.0,2,35787,3
1551,1120797,1046.5,429.5,1,35787,4
1551,1120798,402.0,486.5,1,35787,5
1551,1120799,1389.0,418.5,1,35787,6
1551,1120800,590.0,421.5,2,35788,0
1551,1120801,1073.0,483.0,1,35788,1
1551,1120802,1073.0,483.0,1,35789,0
1551,1120803,590.0,421.5,2,35789,1
1551,1120804,652.5,471.5,1,35789,2
1551,1120805,884.75,481.0,2,35789,3
1551,1120806,1046.5,429.5,1,35789,4
1551,1120807,402.0,486.5,1,35789,5
1551,1120808,590.0,421.5,2,35790,0
1551,1120809,1073.0,483.0,1,35790,1
1551,1120810,1473.5,526.0,1,35791,0
1551,1120811,871.0,476.0,1,35791,1
1551,1120812,402.0,486.5,1,35791,2
1551,1120813,1089.5,610.0,1,35791,3
1551,1120814,652.5,471.5,1,35792,0
1551,1120815,1389.0,418.5,1,35792,1
1551,1120816,788.0,466.5,1,35792,2
1551,1120817,1073.0,483.0,1,35792,3
1551,1120818,1089.5,610.0,1,35792,4
1551,1120819,1666.0,505.5,1,35793,0
1551,1120820,871.0,476.0,1,35793,1
1551,1120821,1046.5,429.5,1,35793,2
1551,1120822,402.0,486.5,1,35793,3
1551,1120823,1373.0,476.0,1,35793,4
1551,1120824,992.5,511.5,2,35794,0
1551,1120825,884.75,481.0,2,35794,1
1551,1120826,522.25,331.5,2,35795,0
1551,1120827,884.75,481.0,2,35796,0
1551,1120828,1019.3333129882812,502.0,3,35796,1
1551,1120829,788.0,466.5,1,35796,2
1551,1120830,1473.5,526.0,1,35796,3
1551,1120831,1666.0,505.5,1,35796,4
1551,1120832,1089.5,610.0,1,35796,5
1551,1120833,776.0,362.5,1,35797,0
1551,1120834,1046.5,429.5,1,35798,0
1551,1120835,898.5,486.0,1,35798,1
1551,1120836,1089.5,610.0,1,35798,2
1551,1120837,1073.0,483.0,1,35798,3
1551,1120838,1666.0,505.5,1,35798,4
1551,1120839,522.25,331.5,2,35799,0
1551,1120840,664.0,714.5,1,35800,0
1551,1120841,697.5,339.25,2,35801,0
1551,1120842,799.5,310.0,2,35801,1
1551,1120843,653.0,358.5,1,35801,2
1551,1120844,439.75,357.75,2,35802,0
1551,1120845,439.75,357.75,2,35803,0
1551,1120846,799.5,310.0,2,35804,0
1551,1120847,653.0,358.5,1,35804,1
1551,1120848,697.5,339.25,2,35804,2
1551,1120849,799.5,310.0,2,35805,0
1551,1120850,653.0,358.5,1,35805,1
1551,1120851,713.5,320.0,1,35805,2
1561,1120760,992.5,511.5,2,35778,0
1561,1120761,788.0,466.5,1,35778,1
1561,1120762,402.0,486.5,1,35778,2
1561,1120763,884.75,481.0,2,35778,3
1561,1120764,653.0,358.5,1,35779,0
1561,1120765,697.5,339.25,2,35779,1
1561,1120766,799.5,310.0,2,35779,2
1561,1120767,402.0,486.5,1,35780,0
1561,1120768,788.0,466.5,1,35780,1
1561,1120769,1035.25,504.75,2,35780,2
1561,1120770,1473.5,526.0,1,35780,3
1561,1120771,1666.0,505.5,1,35780,4
1561,1120772,1089.5,610.0,1,35780,5
1561,1120773,1389.0,418.5,1,35781,0
1561,1120774,898.5,486.0,1,35781,1
1561,1120775,652.5,471.5,1,35781,2
1561,1120776,1089.5,610.0,1,35781,3
1561,1120777,1649.5,350.5,1,35782,0
1561,1120778,1373.0,476.0,1,35783,0
1561,1120779,1666.0,505.5,1,35783,1
1561,1120780,884.75,481.0,2,35784,0
1561,1120781,1046.5,429.5,1,35784,1
1561,1120782,1389.0,418.5,1,35784,2
1561,1120783,1089.5,610.0,1,35784,3
1561,1120784,1019.3333129882812,502.0,3,35784,4
1561,1120785,697.5,339.25,2,35785,0
1561,1120786,761.5,313.5,1,35785,1
1561,1120787,653.0,358.5,1,35785,2
1561,1120788,788.0,466.5,1,35786,0
1561,1120789,997.5,526.5,1,35786,1
1561,1120790,652.5,471.5,1,35786,2
1561,1120791,871.0,476.0,1,35786,3
1561,1120792,402.0,486.5,1,35786,4
1561,1120793,1089.5,610.0,1,35787,0
1561,1120794,1473.5,526.0,1,35787,1
1561,1120795,652.5,471.5,1,35787,2
1561,1120796,884.75,481.0,2,35787,3
1561,1120797,1046.5,429.5,1,35787,4
1561,1120798,402.0,486.5,1,35787,5
1561,1120799,1389.0,418.5,1,35787,6
1561,1120800,590.0,421.5,2,35788,0
1561,1120801,1073.0,483.0,1,35788,1
1561,1120802,1073.0,483.0,1,35789,0
1561,1120803,590.0,421.5,2,35789,1
1561,1120804,652.5,471.5,1,35789,2
1561,1120805,884.75,481.0,2,35789,3
1561,1120806,1046.5,429.5,1,35789,4
1561,1120807,402.0,486.5,1,35789,5
1561,1120808,590.0,421.5,2,35790,0
1561,1120809,1073.0,483.0,1,35790,1
1561,1120810,1473.5,526.0,1,35791,0
1561,1120811,871.0,476.0,1,35791,1
1561,1120812,402.0,486.5,1,35791,2
1561,1120813,1089.5,610.0,1,35791,3
1561,1120814,652.5,471.5,1,35792,0
1561,1120815,1389.0,418.5,1,35792,1
1561,1120816,788.0,466.5,1,35792,2
1561,1120817,1073.0,483.0,1,35792,3
1561,1120818,1089.5,610.0,1,35792,4
1561,1120819,1666.0,505.5,1,35793,0
1561,1120820,871.0,476.0,1,35793,1
1561,1120821,1046.5,429.5,1,35793,2
1561,1120822,402.0,486.5,1,35793,3
1561,1120823,1373.0,476.0,1,35793,4
1561,1120824,992.5,511.5,2,35794,0
1561,1120825,884.75,481.0,2,35794,1
1561,1120826,522.25,331.5,2,35795,0
1561,1120827,884.75,481.0,2,35796,0
1561,1120828,1019.3333129882812,502.0,3,35796,1
1561,1120829,788.0,466.5,1,35796,2
1561,1120830,1473.5,526.0,1,35796,3
1561,1120831,1666.0,505.5,1,35796,4
1561,1120832,1089.5,610.0,1,35796,5
1561,1120833,776.0,362.5,1,35797,0
1561,1120834,1046.5,429.5,1,35798,0
1561,1120835,898.5,486.0,1,35798,1
1561,1120836,1089.5,610.0,1,35798,2
1561,1120837,1073.0,483.0,1,35798,3
1561,1120838,1666.0,505.5,1,35798,4
1561,1120839,522.25,331.5,2,35799,0
1561,1120840,664.0,714.5,1,35800,0
1561,1120841,697.5,339.25,2,35801,0
1561,1120842,799.5,310.0,2,35801,1
1561,1120843,653.0,358.5,1,35801,2
1561,1120844,439.75,357.75,2,35802,0
1561,1120845,439.75,357.75,2,35803,0
1561,1120846,799.5,310.0,2,35804,0
1561,1120847,653.0,358.5,1,35804,1
1561,1120848,697.5,339.25,2,35804,2
1561,1120849,799.5,310.0,2,35805,0
1561,1120850,653.0,358.5,1,35805,1
1561,1120851,713.5,320.0,1,35805,2
1571,1120760,958.25,514.5,2,35778,0
1571,1120761,749.5,470.0,1,35778,1
1571,1120762,441.0,486.5,1,35778,2
1571,1120763,901.0,482.25,2,35778,3
1571,1120764,669.5,358.5,1,35779,0
1571,1120765,706.75,339.75,2,35779,1
1571,1120766,797.0,310.25,2,35779,2
1571,1120767,441.0,486.5,1,35780,0
1571,1120768,749.5,470.0,1,35780,1
1571,1120769,1009.0,502.25,2,35780,2
1571,1120770,1437.0,525.5,1,35780,3
1571,1120771,1634.5,507.5,1,35780,4
1571,1120772,1093.0,601.0,1,35780,5
1571,1120773,1371.0,418.5,1,35781,0
1571,1120774,901.5,481.0,1,35781,1
1571,1120775,680.5,469.0,1,35781,2
1571,1120776,1093.0,601.0,1,35781,3
1571,1120777,1650.0,350.5,1,35782,0
1571,1120778,1392.5,480.5,1,35783,0
1571,1120779,1634.5,507.5,1,35783,1
1571,1120780,901.0,482.25,2,35784,0
1571,1120781,1046.0,435.0,1,35784,1
1571,1120782,1371.0,418.5,1,35784,2
1571,1120783,1093.0,601.0,1,35784,3
1571,1120784,991.3333129882812,504.0,2,35784,4
1571,1120785,706.75,339.75,2,35785,0
1571,1120786,761.5,313.5,1,35785,1
1571,1120787,669.5,358.5,1,35785,2
1571,1120788,749.5,470.0,1,35786,0
1571,1120789,965.0,525.0,1,35786,1
1571,1120790,680.5,469.0,1,35786,2
1571,1120791,900.5,483.5,1,35786,3
1571,1120792,441.0,486.5,1,35786,4
1571,1120793,1093.0,601.0,1,35787,0
1571,1120794,1437.0,525.5,1,35787,1
1571,1120795,680.5,469.0,1,35787,2
1571,1120796,901.0,482.25,2,35787,3
1571,1120797,1046.0,435.0,1,35787,4
1571,1120798,441.0,486.5,1,35787,5
1571,1120799,1371.0,418.5,1,35787,6
1571,1120800,614.5,422.0,2,35788,0
1571,1120801,1053.0,479.5,1,35788,1
1571,1120802,1053.0,479.5,1,35789,0
1571,1120803,614.5,422.0,2,35789,1
1571,1120804,680.5,469.0,1,35789,2
1571,1120805,901.0,482.25,2,35789,3
1571,1120806,1046.0,435.0,1,35789,4
1571,1120807,441.0,486.5,1,35789,5
1571,1120808,614.5,422.0,2,35790,0
1571,1120809,1053.0,479.5,1,35790,1
1571,1120810,1437.0,525.5,1,35791,0
1571,1120811,900.5,483.5,1,35791,1
1571,1120812,441.0,486.5,1,35791,2
1571,1120813,1093.0,601.0,1,35791,3
1571,1120814,680.5,469.0,1,35792,0
1571,1120815,1371.0,418.5,1,35792,1
1571,1120816,749.5,470.0,1,35792,2
1571,1120817,1053.0,479.5,1,35792,3
1571,1120818,1093.0,601.0,1,35792,4
1571,1120819,1634.5,507.5,1,35793,0
1571,1120820,900.5,483.5,1,35793,1
1571,1120821,1046.0,435.0,1,35793,2
1571,1120822,441.0,486.5,1,35793,3
1571,1120823,1392.5,480.5,1,35793,4
1571,1120824,958.25,514.5,2,35794,0
1571,1120825,901.0,482.25,2,35794,1
1571,1120826,521.5,331.75,2,35795,0
1571,1120827,901.0,482.25,2,35796,0
1571,1120828,991.3333129882812,504.0,2,35796,1
1571,1120829,749.5,470.0,1,35796,2
1571,1120830,1437.0,525.5,1,35796,3
1571,1120831,1634.5,507.5,1,35796,4
1571,1120832,1093.0,601.0,1,35796,5
1571,1120833,798.5,362.5,1,35797,0
1571,1120834,1046.0,435.0,1,35798,0
1571,1120835,901.5,481.0,1,35798,1
1571,1120836,1093.0,601.0,1,35798,2
1571,1120837,1053.0,479.5,1,35798,3
1571,1120838,1634.5,507.5,1,35798,4
1571,1120839,521.5,331.75,2,35799,0
1571,1120840,716.5,718.5,1,35800,0
1571,1120841,706.75,339.75,2,35801,0
1571,1120842,797.0,310.25,2,35801,1
1571,1120843,669.5,358.5,1,35801,2
1571,1120844,423.0,360.25,2,35802,0
1571,1120845,423.0,360.25,2,35803,0
1571,1120846,797.0,310.25,2,35804,0
1571,1120847,669.5,358.5,1,35804,1
1571,1120848,706.75,339.75,2,35804,2
1571,1120849,797.0,310.25,2,35805,0
1571,1120850,669.5,358.5,1,35805,1
1571,1120851,713.5,320.5,1,35805,2
1581,1120760,958.25,514.5,2,35778,0
1581,1120761,749.5,470.0,1,35778,1
1581,1120762,441.0,486.5,1,35778,2
1581,1120763,901.0,482.25,2,35778,3
1581,1120764,669.5,358.5,1,35779,0
1581,1120765,706.75,339.75,2,35779,1
1581,1120766,797.0,310.25,2,35779,2
1581,1120767,441.0,486.5,1,35780,0
1581,1120768,749.5,470.0,1,35780,1
1581,1120769,1009.0,502.25,2,35780,2
1581,1120770,1437.0,525.5,1,35780,3
1581,1120771,1634.5,507.5,1,35780,4
1581,1120772,1093.0,601.0,1,35780,5
1581,1120773,1371.0,418.5,1,35781,0
1581,1120774,901.5,481.0,1,35781,1
1581,1120775,680.5,469.0,1,35781,2
1581,1120776,1093.0,601.0,1,35781,3
1581,1120777,1650.0,350.5,1,35782,0
1581,1120778,1392.5,480.5,1,35783,0
1581,1120779,1634.5,507.5,1,35783,1
1581,1120780,901.0,482.25,2,35784,0
1581,1120781,1046.0,435.0,1,35784,1
1581,1120782,1371.0,418.5,1,35784,2
1581,1120783,1093.0,601.0,1,35784,3
1581,1120784,991.3333129882812,504.0,2,35784,4
1581,1120785,706.75,339.75,2,35785,0
1581,1120786,761.5,313.5,1,35785,1
1581,1120787,669.5,358.5,1,35785,2
1581,1120788,749.5,470.0,1,35786,0
1581,1120789,965.0,525.0,1,35786,1
1581,1120790,680.5,469.0,1,35786,2
1581,1120791,900.5,483.5,1,35786,3
1581,1120792,441.0,486.5,1,35786,4
1581,1120793,1093.0,601.0,1,35787,0
1581,1120794,1437.0,525.5,1,35787,1
1581,1120795,680.5,469.0,1,35787,2
1581,1120796,901.0,482.25,2,35787,3
1581,1120797,1046.0,435.0,1,35787,4
1581,1120798,441.0,486.5,1,35787,5
1581,1120799,1371.0,418.5,1,35787,6
1581,1120800,614.5,422.0,2,35788,0
1581,1120801,1053.0,479.5,1,35788,1
1581,1120802,1053.0,479.5,1,35789,0
1581,1120803,614.5,422.0,2,35789,1
1581,1120804,680.5,469.0,1,35789,2
1581,1120805,901.0,482.25,2,35789,3
1581,1120806,1046.0,435.0,1,35789,4
1581,1120807,441.0,486.5,1,35789,5
1581,1120808,614.5,422.0,2,35790,0
1581,1120809,1053.0,479.5,1,35790,1
1581,1120810,1437.0,525.5,1,35791,0
1581,1120811,900.5,483.5,1,35791,1
1581,1120812,441.0,486.5,1,35791,2
1581,1120813,1093.0,601.0,1,35791,3
1581,1120814,680.5,469.0,1,35792,0
1581,1120815,1371.0,418.5,1,35792,1
1581,1120816,749.5,470.0,1,35792,2
1581,1120817,1053.0,479.5,1,35792,3
1581,1120818,1093.0,601.0,1,35792,4
1581,1120819,1634.5,507.5,1,35793,0
1581,1120820,900.5,483.5,1,35793,1
1581,1120821,1046.0,435.0,1,35793,2
1581,1120822,441.0,486.5,1,35793,3
1581,1120823,1392.5,480.5,1,35793,4
1581,1120824,958.25,514.5,2,35794,0
1581,1120825,901.0,482.25,2,35794,1
1581,1120826,521.5,331.75,2,35795,0
1581,1120827,901.0,482.25,2,35796,0
1581,1120828,991.3333129882812,504.0,2,35796,1
1581,1120829,749.5,470.0,1,35796,2
1581,1120830,1437.0,525.5,1,35796,3
1581,1120831,1634.5,507.5,1,35796,4
1581,1120832,1093.0,601.0,1,35796,5
1581,1120833,798.5,362.5,1,35797,0
1581,1120834,1046.0,435.0,1,35798,0
1581,1120835,901.5,481.0,1,35798,1
1581,1120836,1093.0,601.0,1,35798,2
1581,1120837,1053.0,479.5,1,35798,3
1581,1120838,1634.5,507.5,1,35798,4
1581,1120839,521.5,331.75,2,35799,0
1581,1120840,716.5,718.5,1,35800,0
1581,1120841,706.75,339.75,2,35801,0
1581,1120842,797.0,310.25,2,35801,1
1581,1120843,669.5,358.5,1,35801,2
1581,1120844,423.0,360.25,2,35802,0
1581,1120845,423.0,360.25,2,35803,0
1581,1120846,797.0,310.25,2,35804,0
1581,1120847,669.5,358.5,1,35804,1
1581,1120848,706.75,339.75,2,35804,2
1581,1120849,797.0,310.25,2,35805,0
1581,1120850,669.5,358.5,1,35805,1
1581,1120851,713.5,320.5,1,35805,2
1591,1120760,958.25,514.5,2,35778,0
1591,1120761,749.5,470.0,1,35778,1
1591,1120762,441.0,486.5,1,35778,2
1591,1120763,901.0,482.25,2,35778,3
1591,1120764,669.5,358.5,1,35779,0
1591,1120765,706.75,339.75,2,35779,1
1591,1120766,797.0,310.25,2,35779,2
1591,1120767,441.0,486.5,1,35780,0
1591,1120768,749.5,470.0,1,35780,1
1591,1120769,1009.0,502.25,2,35780,2
1591,1120770,1437.0,525.5,1,35780,3
1591,1120771,1634.5,507.5,1,35780,4
1591,1120772,1093.0,601.0,1,35780,5
1591,1120773,1371.0,418.5,1,35781,0
1591,1120774,901.5,481.0,1,35781,1
1591,1120775,680.5,469.0,1,35781,2
1591,1120776,1093.0,601.0,1,35781,3
1591,1120777,1650.0,350.5,1,35782,0
1591,1120778,1392.5,480.5,1,35783,0
1591,1120779,1634.5,507.5,1,35783,1
1591,1120780,901.0,482.25,2,35784,0
1591,1120781,1046.0,435.0,1,35784,1
1591,1120782,1371.0,418.5,1,35784,2
1591,1120783,1093.0,601.0,1,35784,3
1591,1120784,991.3333129882812,504.0,2,35784,4
1591,1120785,706.75,339.75,2,35785,0
1591,1120786,761.5,313.5,1,35785,1
1591,1120787,669.5,358.5,1,35785,2
1591,1120788,749.5,470.0,1,35786,0
1591,1120789,965.0,525.0,1,35786,1
1591,1120790,680.5,469.0,1,35786,2
1591,1120791,900.5,483.5,1,35786,3
1591,1120792,441.0,486.5,1,35786,4
1591,1120793,1093.0,601.0,1,35787,0
1591,1120794,1437.0,525.5,1,35787,1
1591,1120795,680.5,469.0,1,35787,2
1591,1120796,901.0,482.25,2,35787,3
1591,1120797,1046.0,435.0,1,35787,4
1591,1120798,441.0,486.5,1,35787,5
1591,1120799,1371.0,418.5,1,35787,6
1591,1120800,614.5,422.0,2,35788,0
1591,1120801,1053.0,479.5,1,35788,1
1591,1120802,1053.0,479.5,1,35789,0
1591,1120803,614.5,422.0,2,35789,1
1591,1120804,680.5,469.0,1,35789,2
1591,1120805,901.0,482.25,2,35789,3
1591,1120806,1046.0,435.0,1,35789,4
1591,1120807,441.0,486.5,1,35789,5
1591,1120808,614.5,422.0,2,35790,0
1591,1120809,1053.0,479.5,1,35790,1
1591,1120810,1437.0,525.5,1,35791,0
1591,1120811,900.5,483.5,1,35791,1
1591,1120812,441.0,486.5,1,35791,2
1591,1120813,1093.0,601.0,1,35791,3
1591,1120814,680.5,469.0,1,35792,0
1591,1120815,1371.0,418.5,1,35792,1
1591,1120816,749.5,470.0,1,35792,2
1591,1120817,1053.0,479.5,1,35792,3
1591,1120818,1093.0,601.0,1,35792,4
1591,1120819,1634.5,507.5,1,35793,0
1591,1120820,900.5,483.5,1,35793,1
1591,1120821,1046.0,435.0,1,35793,2
1591,1120822,441.0,486.5,1,35793,3
1591,1120823,1392.5,480.5,1,35793,4
1591,1120824,958.25,514.5,2,35794,0
1591,1120825,901.0,482.25,2,35794,1
1591,1120826,521.5,331.75,2,35795,0
1591,1120827,901.0,482.25,2,35796,0
1591,1120828,991.3333129882812,504.0,2,35796,1
1591,1120829,749.5,470.0,1,35796,2
1591,1120830,1437.0,525.5,1,35796,3
1591,1120831,1634.5,507.5,1,35796,4
1591,1120832,1093.0,601.0,1,35796,5
1591,1120833,798.5,362.5,1,35797,0
1591,1120834,1046.0,435.0,1,35798,0
1591,1120835,901.5,481.0,1,35798,1
1591,1120836,1093.0,601.0,1,35798,2
1591,1120837,1053.0,479.5,1,35798,3
1591,1120838,1634.5,507.5,1,35798,4
1591,1120839,521.5,331.75,2,35799,0
1591,1120840,716.5,718.5,1,35800,0
1591,1120841,706.75,339.75,2,35801,0
1591,1120842,797.0,310.25,2,35801,1
1591,1120843,669.5,358.5,1,35801,2
1591,1120844,423.0,360.25,2,35802,0
1591,1120845,423.0,360.25,2,35803,0
1591,1120846,797.0,310.25,2,35804,0
1591,1120847,669.5,358.5,1,35804,1
1591,1120848,706.75,339.75,2,35804,2
1591,1120849,797.0,310.25,2,35805,0
1591,1120850,669.5,358.5,1,35805,1
1591,1120851,713.5,320.5,1,35805,2
1601,1120760,958.25,514.5,2,35778,0
1601,1120761,749.5,470.0,1,35778,1
1601,1120762,441.0,486.5,1,35778,2
1601,1120763,901.0,482.25,2,35778,3
1601,1120764,669.5,358.5,1,35779,0
1601,1120765,706.75,339.75,2,35779,1
1601,1120766,797.0,310.25,2,35779,2
1601,1120767,441.0,486.5,1,35780,0
1601,1120768,749.5,470.0,1,35780,1
1601,1120769,1009.0,502.25,2,35780,2
1601,1120770,1437.0,525.5,1,35780,3
1601,1120771,1634.5,507.5,1,35780,4
1601,1120772,1093.0,601.0,1,35780,5
1601,1120773,1371.0,418.5,1,35781,0
1601,1120774,901.5,481.0,1,35781,1
1601,1120775,680.5,469.0,1,35781,2
1601,1120776,1093.0,601.0,1,35781,3
1601,1120777,1650.0,350.5,1,35782,0
1601,1120778,1392.5,480.5,1,35783,0
1601,1120779,1634.5,507.5,1,35783,1
1601,1120780,901.0,482.25,2,35784,0
1601,1120781,1046.0,435.0,1,35784,1
1601,1120782,1371.0,418.5,1,35784,2
1601,1120783,1093.0,601.0,1,35784,3
1601,1120784,991.3333129882812,504.0,2,35784,4
1601,1120785,706.75,339.75,2,35785,0
1601,1120786,761.5,313.5,1,35785,1
1601,1120787,669.5,358.5,1,35785,2
1601,1120788,749.5,470.0,1,35786,0
1601,1120789,965.0,525.0,1,35786,1
1601,1120790,680.5,469.0,1,35786,2
1601,1120791,900.5,483.5,1,35786,3
1601,1120792,441.0,486.5,1,35786,4
1601,1120793,1093.0,601.0,1,35787,0
1601,1120794,1437.0,525.5,1,35787,1
1601,1120795,680.5,469.0,1,35787,2
1601,1120796,901.0,482.25,2,35787,3
1601,1120797,1046.0,435.0,1,35787,4
1601,1120798,441.0,486.5,1,35787,5
1601,1120799,1371.0,418.5,1,35787,6
1601,1120800,614.5,422.0,2,35788,0
1601,1120801,1053.0,479.5,1,35788,1
1601,1120802,1053.0,479.5,1,35789,0
1601,1120803,614.5,422.0,2,35789,1
1601,1120804,680.5,469.0,1,35789,2
1601,1120805,901.0,482.25,2,35789,3
1601,1120806,1046.0,435.0,1,35789,4
1601,1120807,441.0,486.5,1,35789,5
1601,1120808,614.5,422.0,2,35790,0
1601,1120809,1053.0,479.5,1,35790,1
1601,1120810,1437.0,525.5,1,35791,0
1601,1120811,900.5,483.5,1,35791,1
1601,1120812,441.0,486.5,1,35791,2
1601,1120813,1093.0,601.0,1,35791,3
1601,1120814,680.5,469.0,1,35792,0
1601,1120815,1371.0,418.5,1,35792,1
1601,1120816,749.5,470.0,1,35792,2
1601,1120817,1053.0,479.5,1,35792,3
1601,1120818,1093.0,601.0,1,35792,4
1601,1120819,1634.5,507.5,1,35793,0
1601,1120820,900.5,483.5,1,35793,1
1601,1120821,1046.0,435.0,1,35793,2
1601,1120822,441.0,486.5,1,35793,3
1601,1120823,1392.5,480.5,1,35793,4
1601,1120824,958.25,514.5,2,35794,0
1601,1120825,901.0,482.25,2,35794,1
1601,1120826,521.5,331.75,2,35795,0
1601,1120827,901.0,482.25,2,35796,0
1601,1120828,991.3333129882812,504.0,2,35796,1
1601,1120829,749.5,470.0,1,35796,2
1601,1120830,1437.0,525.5,1,35796,3
1601,1120831,1634.5,507.5,1,35796,4
1601,1120832,1093.0,601.0,1,35796,5
1601,1120833,798.5,362.5,1,35797,0
1601,1120834,1046.0,435.0,1,35798,0
1601,1120835,901.5,481.0,1,35798,1
1601,1120836,1093.0,601.0,1,35798,2
1601,1120837,1053.0,479.5,1,35798,3
1601,1120838,1634.5,507.5,1,35798,4
1601,1120839,521.5,331.75,2,35799,0
1601,1120840,716.5,718.5,1,35800,0
1601,1120841,706.75,339.75,2,35801,0
1601,1120842,797.0,310.25,2,35801,1
1601,1120843,669.5,358.5,1,35801,2
1601,1120844,423.0,360.25,2,35802,0
1601,1120845,423.0,360.25,2,35803,0
1601,1120846,797.0,310.25,2,35804,0
1601,1120847,669.5,358.5,1,35804,1
1601,1120848,706.75,339.75,2,35804,2
1601,1120849,797.0,310.25,2,35805,0
1601,1120850,669.5,358.5,1,35805,1
1601,1120851,713.5,320.5,1,35805,2
1611,1120760,958.25,514.5,2,35778,0
1611,1120761,749.5,470.0,1,35778,1
1611,1120762,441.0,486.5,1,35778,2
1611,1120763,901.0,482.25,2,35778,3
1611,1120764,669.5,358.5,1,35779,0
1611,1120765,706.75,339.75,2,35779,1
1611,1120766,797.0,310.25,2,35779,2
1611,1120767,441.0,486.5,1,35780,0
1611,1120768,749.5,470.0,1,35780,1
1611,1120769,1009.0,502.25,2,35780,2
1611,1120770,1437.0,525.5,1,35780,3
1611,1120771,1634.5,507.5,1,35780,4
1611,1120772,1093.0,601.0,1,35780,5
1611,1120773,1371.0,418.5,1,35781,0
1611,1120774,901.5,481.0,1,35781,1
1611,1120775,680.5,469.0,1,35781,2
1611,1120776,1093.0,601.0,1,35781,3
1611,1120777,1650.0,350.5,1,35782,0
1611,1120778,1392.5,480.5,1,35783,0
1611,1120779,1634.5,507.5,1,35783,1
1611,1120780,901.0,482.25,2,35784,0
1611,1120781,1046.0,435.0,1,35784,1
1611,1120782,1371.0,418.5,1,35784,2
1611,1120783,1093.0,601.0,1,35784,3
1611,1120784,991.3333129882812,504.0,2,35784,4
1611,1120785,706.75,339.75,2,35785,0
1611,1120786,761.5,313.5,1,35785,1
1611,1120787,669.5,358.5,1,35785,2
1611,1120788,749.5,470.0,1,35786,0
1611,1120789,965.0,525.0,1,35786,1
1611,1120790,680.5,469.0,1,35786,2
1611,1120791,900.5,483.5,1,35786,3
1611,1120792,441.0,486.5,1,35786,4
1611,1120793,1093.0,601.0,1,35787,0
1611,1120794,1437.0,525.5,1,35787,1
1611,1120795,680.5,469.0,1,35787,2
1611,1120796,901.0,482.25,2,35787,3
1611,1120797,1046.0,435.0,1,35787,4
1611,1120798,441.0,486.5,1,35787,5
1611,1120799,1371.0,418.5,1,35787,6
1611,1120800,614.5,422.0,2,35788,0
1611,1120801,1053.0,479.5,1,35788,1
1611,1120802,1053.0,479.5,1,35789,0
1611,1120803,614.5,422.0,2,35789,1
1611,1120804,680.5,469.0,1,35789,2
1611,1120805,901.0,482.25,2,35789,3
1611,1120806,1046.0,435.0,1,35789,4
1611,1120807,441.0,486.5,1,35789,5
1611,1120808,614.5,422.0,2,35790,0
1611,1120809,1053.0,479.5,1,35790,1
1611,1120810,1437.0,525.5,1,35791,0
1611,1120811,900.5,483.5,1,35791,1
1611,1120812,441.0,486.5,1,35791,2
1611,1120813,1093.0,601.0,1,35791,3
1611,1120814,680.5,469.0,1,35792,0
1611,1120815,1371.0,418.5,1,35792,1
1611,1120816,749.5,470.0,1,35792,2
1611,1120817,1053.0,479.5,1,35792,3
1611,1120818,1093.0,601.0,1,35792,4
1611,1120819,1634.5,507.5,1,35793,0
1611,1120820,900.5,483.5,1,35793,1
1611,1120821,1046.0,435.0,1,35793,2
1611,1120822,441.0,486.5,1,35793,3
1611,1120823,1392.5,480.5,1,35793,4
1611,1120824,958.25,514.5,2,35794,0
1611,1120825,901.0,482.25,2,35794,1
1611,1120826,521.5,331.75,2,35795,0
1611,1120827,901.0,482.25,2,35796,0
1611,1120828,991.3333129882812,504.0,2,35796,1
1611,1120829,749.5,470.0,1,35796,2
1611,1120830,1437.0,525.5,1,35796,3
1611,1120831,1634.5,507.5,1,35796,4
1611,1120832,1093.0,601.0,1,35796,5
1611,1120833,798.5,362.5,1,35797,0
1611,1120834,1046.0,435.0,1,35798,0
1611,1120835,901.5,481.0,1,35798,1
1611,1120836,1093.0,601.0,1,35798,2
1611,1120837,1053.0,479.5,1,35798,3
1611,1120838,1634.5,507.5,1,35798,4
1611,1120839,521.5,331.75,2,35799,0
1611,1120840,716.5,718.5,1,35800,0
1611,1120841,706.75,339.75,2,35801,0
1611,1120842,797.0,310.25,2,35801,1
1611,1120843,669.5,358.5,1,35801,2
1611,1120844,423.0,360.25,2,35802,0
1611,1120845,423.0,360.25,2,35803,0
1611,1120846,797.0,310.25,2,35804,0
1611,1120847,669.5,358.5,1,35804,1
1611,1120848,706.75,339.75,2,35804,2
1611,1120849,797.0,310.25,2,35805,0
1611,1120850,669.5,358.5,1,35805,1
1611,1120851,713.5,320.5,1,35805,2
1621,1120760,958.25,514.5,2,35778,0
1621,1120761,749.5,470.0,1,35778,1
1621,1120762,441.0,486.5,1,35778,2
1621,1120763,901.0,482.25,2,35778,3
1621,1120764,669.5,358.5,1,35779,0
1621,1120765,706.75,339.75,2,35779,1
1621,1120766,797.0,310.25,2,35779,2
1621,1120767,441.0,486.5,1,35780,0
1621,1120768,749.5,470.0,1,35780,1
1621,1120769,1009.0,502.25,2,35780,2
1621,1120770,1437.0,525.5,1,35780,3
1621,1120771,1634.5,507.5,1,35780,4
1621,1120772,1093.0,601.0,1,35780,5
1621,1120773,1371.0,418.5,1,35781,0
1621,1120774,901.5,481.0,1,35781,1
1621,1120775,680.5,469.0,1,35781,2
1621,1120776,1093.0,601.0,1,35781,3
1621,1120777,1650.0,350.5,1,35782,0
1621,1120778,1392.5,480.5,1,35783,0
1621,1120779,1634.5,507.5,1,35783,1
1621,1120780,901.0,482.25,2,35784,0
1621,1120781,1046.0,435.0,1,35784,1
1621,1120782,1371.0,418.5,1,35784,2
1621,1120783,1093.0,601.0,1,35784,3
1621,1120784,991.3333129882812,504.0,2,35784,4
1621,1120785,706.75,339.75,2,35785,0
1621,1120786,761.5,313.5,1,35785,1
1621,1120787,669.5,358.5,1,35785,2
1621,1120788,749.5,470.0,1,35786,0
1621,1120789,965.0,525.0,1,35786,1
1621,1120790,680.5,469.0,1,35786,2
1621,1120791,900.5,483.5,1,35786,3
1621,1120792,441.0,486.5,1,35786,4
1621,1120793,1093.0,601.0,1,35787,0
1621,1120794,1437.0,525.5,1,35787,1
1621,1120795,680.5,469.0,1,35787,2
1621,1120796,901.0,482.25,2,35787,3
1621,1120797,1046.0,435.0,1,35787,4
1621,1120798,441.0,486.5,1,35787,5
1621,1120799,1371.0,418.5,1,35787,6
1621,1120800,614.5,422.0,2,35788,0
1621,1120801,1053.0,479.5,1,35788,1
1621,1120802,1053.0,479.5,1,35789,0
1621,1120803,614.5,422.0,2,35789,1
1621,1120804,680.5,469.0,1,35789,2
1621,1120805,901.0,482.25,2,35789,3
1621,1120806,1046.0,435.0,1,35789,4
1621,1120807,441.0,486.5,1,35789,5
1621,1120808,614.5,422.0,2,35790,0
1621,1120809,1053.0,479.5,1,35790,1
1621,1120810,1437.0,525.5,1,35791,0
1621,1120811,900.5,483.5,1,35791,1
1621,1120812,441.0,486.5,1,35791,2
1621,1120813,1093.0,601.0,1,35791,3
1621,1120814,680.5,469.0,1,35792,0
1621,1120815,1371.0,418.5,1,35792,1
1621,1120816,749.5,470.0,1,35792,2
1621,1120817,1053.0,479.5,1,35792,3
1621,1120818,1093.0,601.0,1,35792,4
1621,1120819,1634.5,507.5,1,35793,0
1621,1120820,900.5,483.5,1,35793,1
1621,1120821,1046.0,435.0,1,35793,2
1621,1120822,441.0,486.5,1,35793,3
1621,1120823,1392.5,480.5,1,35793,4
1621,1120824,958.25,514.5,2,35794,0
1621,1120825,901.0,482.25,2,35794,1
1621,1120826,521.5,331.75,2,35795,0
1621,1120827,901.0,482.25,2,35796,0
1621,1120828,991.3333129882812,504.0,2,35796,1
1621,1120829,749.5,470.0,1,35796,2
1621,1120830,1437.0,525.5,1,35796,3
1621,1120831,1634.5,507.5,1,35796,4
1621,1120832,1093.0,601.0,1,35796,5
1621,1120833,798.5,362.5,1,35797,0
1621,1120834,1046.0,435.0,1,35798,0
1621,1120835,901.5,481.0,1,35798,1
1621,1120836,1093.0,601.0,1,35798,2
1621,1120837,1053.0,479.5,1,35798,3
1621,1120838,1634.5,507.5,1,35798,4
1621,1120839,521.5,331.75,2,35799,0
1621,1120840,716.5,718.5,1,35800,0
1621,1120841,706.75,339.75,2,35801,0
1621,1120842,797.0,310.25,2,35801,1
1621,1120843,669.5,358.5,1,35801,2
1621,1120844,423.0,360.25,2,35802,0
1621,1120845,423.0,360.25,2,35803,0
1621,1120846,797.0,310.25,2,35804,0
1621,1120847,669.5,358.5,1,35804,1
1621,1120848,706.75,339.75,2,35804,2
1621,1120849,797.0,310.25,2,35805,0
1621,1120850,669.5,358.5,1,35805,1
1621,1120851,713.5,320.5,1,35805,2
1631,1120760,958.25,514.5,2,35778,0
1631,1120761,749.5,470.0,1,35778,1
1631,1120762,441.0,486.5,1,35778,2
1631,1120763,901.0,482.25,2,35778,3
1631,1120764,669.5,358.5,1,35779,0
1631,1120765,706.75,339.75,2,35779,1
1631,1120766,797.0,310.25,2,35779,2
1631,1120767,441.0,486.5,1,35780,0
1631,1120768,749.5,470.0,1,35780,1
1631,1120769,1009.0,502.25,2,35780,2
1631,1120770,1437.0,525.5,1,35780,3
1631,1120771,1634.5,507.5,1,35780,4
1631,1120772,1093.0,601.0,1,35780,5
1631,1120773,1371.0,418.5,1,35781,0
1631,1120774,901.5,481.0,1,35781,1
1631,1120775,680.5,469.0,1,35781,2
1631,1120776,1093.0,601.0,1,35781,3
1631,1120777,1650.0,350.5,1,35782,0
1631,1120778,1392.5,480.5,1,35783,0
1631,1120779,1634.5,507.5,1,35783,1
1631,1120780,901.0,482.25,2,35784,0
1631,1120781,1046.0,435.0,1,35784,1
1631,1120782,1371.0,418.5,1,35784,2
1631,1120783,1093.0,601.0,1,35784,3
1631,1120784,991.3333129882812,504.0,2,35784,4
1631,1120785,706.75,339.75,2,35785,0
1631,1120786,761.5,313.5,1,35785,1
1631,1120787,669.5,358.5,1,35785,2
1631,1120788,749.5,470.0,1,35786,0
1631,1120789,965.0,525.0,1,35786,1
1631,1120790,680.5,469.0,1,35786,2
1631,1120791,900.5,483.5,1,35786,3
1631,1120792,441.0,486.5,1,35786,4
1631,1120793,1093.0,601.0,1,35787,0
1631,1120794,1437.0,525.5,1,35787,1
1631,1120795,680.5,469.0,1,35787,2
1631,1120796,901.0,482.25,2,35787,3
1631,1120797,1046.0,435.0,1,35787,4
1631,1120798,441.0,486.5,1,35787,5
1631,1120799,1371.0,418.5,1,35787,6
1631,1120800,614.5,422.0,2,35788,0
1631,1120801,1053.0,479.5,1,35788,1
1631,1120802,1053.0,479.5,1,35789,0
1631,1120803,614.5,422.0,2,35789,1
1631,1120804,680.5,469.0,1,35789,2
1631,1120805,901.0,482.25,2,35789,3
1631,1120806,1046.0,435.0,1,35789,4
1631,1120807,441.0,486.5,1,35789,5
1631,1120808,614.5,422.0,2,35790,0
1631,1120809,1053.0,479.5,1,35790,1
1631,1120810,1437.0,525.5,1,35791,0
1631,1120811,900.5,483.5,1,35791,1
1631,1120812,441.0,486.5,1,35791,2
1631,1120813,1093.0,601.0,1,35791,3
1631,1120814,680.5,469.0,1,35792,0
1631,1120815,1371.0,418.5,1,35792,1
1631,1120816,749.5,470.0,1,35792,2
1631,1120817,1053.0,479.5,1,35792,3
1631,1120818,1093.0,601.0,1,35792,4
1631,1120819,1634.5,507.5,1,35793,0
1631,1120820,900.5,483.5,1,35793,1
1631,1120821,1046.0,435.0,1,35793,2
1631,1120822,441.0,486.5,1,35793,3
1631,1120823,1392.5,480.5,1,35793,4
1631,1120824,958.25,514.5,2,35794,0
1631,1120825,901.0,482.25,2,35794,1
1631,1120826,521.5,331.75,2,35795,0
1631,1120827,901.0,482.25,2,35796,0
1631,1120828,991.3333129882812,504.0,2,35796,1
1631,1120829,749.5,470.0,1,35796,2
1631,1120830,1437.0,525.5,1,35796,3
1631,1120831,1634.5,507.5,1,35796,4
1631,1120832,1093.0,601.0,1,35796,5
1631,1120833,798.5,362.5,1,35797,0
1631,1120834,1046.0,435.0,1,35798,0
1631,1120835,901.5,481.0,1,35798,1
1631,1120836,1093.0,601.0,1,35798,2
1631,1120837,1053.0,479.5,1,35798,3
1631,1120838,1634.5,507.5,1,35798,4
1631,1120839,521.5,331.75,2,35799,0
1631,1120840,716.5,718.5,1,35800,0
1631,1120841,706.75,339.75,2,35801,0
1631,1120842,797.0,310.25,2,35801,1
1631,1120843,669.5,358.5,1,35801,2
1631,1120844,423.0,360.25,2,35802,0
1631,1120845,423.0,360.25,2,35803,0
1631,1120846,797.0,310.25,2,35804,0
1631,1120847,669.5,358.5,1,35804,1
1631,1120848,706.75,339.75,2,35804,2
1631,1120849,797.0,310.25,2,35805,0
1631,1120850,669.5,358.5,1,35805,1
1631,1120851,713.5,320.5,1,35805,2
1641,1120760,958.25,514.5,2,35778,0
1641,1120761,749.5,470.0,1,35778,1
1641,1120762,441.0,486.5,1,35778,2
1641,1120763,901.0,482.25,2,35778,3
1641,1120764,669.5,358.5,1,35779,0
1641,1120765,706.75,339.75,2,35779,1
1641,1120766,797.0,310.25,2,35779,2
1641,1120767,441.0,486.5,1,35780,0
1641,1120768,749.5,470.0,1,35780,1
1641,1120769,1009.0,502.25,2,35780,2
1641,1120770,1437.0,525.5,1,35780,3
1641,1120771,1634.5,507.5,1,35780,4
1641,1120772,1093.0,601.0,1,35780,5
1641,1120773,1371.0,418.5,1,35781,0
1641,1120774,901.5,481.0,1,35781,1
1641,1120775,680.5,469.0,1,35781,2
1641,1120776,1093.0,601.0,1,35781,3
1641,1120777,1650.0,350.5,1,35782,0
1641,1120778,1392.5,480.5,1,35783,0
1641,1120779,1634.5,507.5,1,35783,1
1641,1120780,901.0,482.25,2,35784,0
1641,1120781,1046.0,435.0,1,35784,1
1641,1120782,1371.0,418.5,1,35784,2
1641,1120783,1093.0,601.0,1,35784,3
1641,1120784,991.3333129882812,504.0,2,35784,4
1641,1120785,706.75,339.75,2,35785,0
1641,1120786,761.5,313.5,1,35785,1
1641,1120787,669.5,358.5,1,35785,2
1641,1120788,749.5,470.0,1,35786,0
1641,1120789,965.0,525.0,1,35786,1
1641,1120790,680.5,469.0,1,35786,2
1641,1120791,900.5,483.5,1,35786,3
1641,1120792,441.0,486.5,1,35786,4
1641,1120793,1093.0,601.0,1,35787,0
1641,1120794,1437.0,525.5,1,35787,1
1641,1120795,680.5,469.0,1,35787,2
1641,1120796,901.0,482.25,2,35787,3
1641,1120797,1046.0,435.0,1,35787,4
1641,1120798,441.0,486.5,1,35787,5
1641,1120799,1371.0,418.5,1,35787,6
1641,1120800,614.5,422.0,2,35788,0
1641,1120801,1053.0,479.5,1,35788,1
1641,1120802,1053.0,479.5,1,35789,0
1641,1120803,614.5,422.0,2,35789,1
1641,1120804,680.5,469.0,1,35789,2
1641,1120805,901.0,482.25,2,35789,3
1641,1120806,1046.0,435.0,1,35789,4
1641,1120807,441.0,486.5,1,35789,5
1641,1120808,614.5,422.0,2,35790,0
1641,1120809,1053.0,479.5,1,35790,1
1641,1120810,1437.0,525.5,1,35791,0
1641,1120811,900.5,483.5,1,35791,1
1641,1120812,441.0,486.5,1,35791,2
1641,1120813,1093.0,601.0,1,35791,3
1641,1120814,680.5,469.0,1,35792,0
1641,1120815,1371.0,418.5,1,35792,1
1641,1120816,749.5,470.0,1,35792,2
1641,1120817,1053.0,479.5,1,35792,3
1641,1120818,1093.0,601.0,1,35792,4
1641,1120819,1634.5,507.5,1,35793,0
1641,1120820,900.5,483.5,1,35793,1
1641,1120821,1046.0,435.0,1,35793,2
1641,1120822,441.0,486.5,1,35793,3
1641,1120823,1392.5,480.5,1,35793,4
1641,1120824,958.25,514.5,2,35794,0
1641,1120825,901.0,482.25,2,35794,1
1641,1120826,521.5,331.75,2,35795,0
1641,1120827,901.0,482.25,2,35796,0
1641,1120828,991.3333129882812,504.0,2,35796,1
1641,1120829,749.5,470.0,1,35796,2
1641,1120830,1437.0,525.5,1,35796,3
1641,1120831,1634.5,507.5,1,35796,4
1641,1120832,1093.0,601.0,1,35796,5
1641,1120833,798.5,362.5,1,35797,0
1641,1120834,1046.0,435.0,1,35798,0
1641,1120835,901.5,481.0,1,35798,1
1641,1120836,1093.0,601.0,1,35798,2
1641,1120837,1053.0,479.5,1,35798,3
1641,1120838,1634.5,507.5,1,35798,4
1641,1120839,521.5,331.75,2,35799,0
1641,1120840,716.5,718.5,1,35800,0
1641,1120841,706.75,339.75,2,35801,0
1641,1120842,797.0,310.25,2,35801,1
1641,1120843,669.5,358.5,1,35801,2
1641,1120844,423.0,360.25,2,35802,0
1641,1120845,423.0,360.25,2,35803,0
1641,1120846,797.0,310.25,2,35804,0
1641,1120847,669.5,358.5,1,35804,1
1641,1120848,706.75,339.75,2,35804,2
1641,1120849,797.0,310.25,2,35805,0
1641,1120850,669.5,358.5,1,35805,1
1641,1120851,713.5,320.5,1,35805,2
1651,1120760,958.25,514.5,2,35778,0
1651,1120761,749.5,470.0,1,35778,1
1651,1120762,441.0,486.5,1,35778,2
1651,1120763,901.0,482.25,2,35778,3
1651,1120764,669.5,358.5,1,35779,0
1651,1120765,706.75,339.75,2,35779,1
1651,1120766,797.0,310.25,2,35779,2
1651,1120767,441.0,486.5,1,35780,0
1651,1120768,749.5,470.0,1,35780,1
1651,1120769,1009.0,502.25,2,35780,2
1651,1120770,1437.0,525.5,1,35780,3
1651,1120771,1634.5,507.5,1,35780,4
1651,1120772,1093.0,601.0,1,35780,5
1651,1120773,1371.0,418.5,1,35781,0
1651,1120774,901.5,481.0,1,35781,1
1651,1120775,680.5,469.0,1,35781,2
1651,1120776,1093.0,601.0,1,35781,3
1651,1120777,1650.0,350.5,1,35782,0
1651,1120778,1392.5,480.5,1,35783,0
1651,1120779,1634.5,507.5,1,35783,1
1651,1120780,901.0,482.25,2,35784,0
1651,1120781,1046.0,435.0,1,35784,1
1651,1120782,1371.0,418.5,1,35784,2
1651,1120783,1093.0,601.0,1,35784,3
1651,1120784,991.3333129882812,504.0,2,35784,4
1651,1120785,706.75,339.75,2,35785,0
1651,1120786,761.5,313.5,1,35785,1
1651,1120787,669.5,358.5,1,35785,2
1651,1120788,749.5,470.0,1,35786,0
1651,1120789,965.0,525.0,1,35786,1
1651,1120790,680.5,469.0,1,35786,2
1651,1120791,900.5,483.5,1,35786,3
1651,1120792,441.0,486.5,1,35786,4
1651,1120793,1093.0,601.0,1,35787,0
1651,1120794,1437.0,525.5,1,35787,1
1651,1120795,680.5,469.0,1,35787,2
1651,1120796,901.0,482.25,2,35787,3
1651,1120797,1046.0,435.0,1,35787,4
1651,1120798,441.0,486.5,1,35787,5
1651,1120799,1371.0,418.5,1,35787,6
1651,1120800,614.5,422.0,2,35788,0
1651,1120801,1053.0,479.5,1,35788,1
1651,1120802,1053.0,479.5,1,35789,0
1651,1120803,614.5,422.0,2,35789,1
1651,1120804,680.5,469.0,1,35789,2
1651,1120805,901.0,482.25,2,35789,3
1651,1120806,1046.0,435.0,1,35789,4
1651,1120807,441.0,486.5,1,35789,5
1651,1120808,614.5,422.0,2,35790,0
1651,1120809,1053.0,479.5,1,35790,1
1651,1120810,1437.0,525.5,1,35791,0
1651,1120811,900.5,483.5,1,35791,1
1651,1120812,441.0,486.5,1,35791,2
1651,1120813,1093.0,601.0,1,35791,3
1651,1120814,680.5,469.0,1,35792,0
1651,1120815,1371.0,418.5,1,35792,1
1651,1120816,749.5,470.0,1,35792,2
1651,1120817,1053.0,479.5,1,35792,3
1651,1120818,1093.0,601.0,1,35792,4
1651,1120819,1634.5,507.5,1,35793,0
1651,1120820,900.5,483.5,1,35793,1
1651,1120821,1046.0,435.0,1,35793,2
1651,1120822,441.0,486.5,1,35793,3
1651,1120823,1392.5,480.5,1,35793,4
1651,1120824,958.25,514.5,2,35794,0
1651,1120825,901.0,482.25,2,35794,1
1651,1120826,521.5,331.75,2,35795,0
1651,1120827,901.0,482.25,2,35796,0
1651,1120828,991.3333129882812,504.0,2,35796,1
1651,1120829,749.5,470.0,1,35796,2
1651,1120830,1437.0,525.5,1,35796,3
1651,1120831,1634.5,507.5,1,35796,4
1651,1120832,1093.0,601.0,1,35796,5
1651,1120833,798.5,362.5,1,35797,0
1651,1120834,1046.0,435.0,1,35798,0
1651,1120835,901.5,481.0,1,35798,1
1651,1120836,1093.0,601.0,1,35798,2
1651,1120837,1053.0,479.5,1,35798,3
1651,1120838,1634.5,507.5,1,35798,4
1651,1120839,521.5,331.75,2,35799,0
1651,1120840,716.5,718.5,1,35800,0
1651,1120841,706.75,339.75,2,35801,0
1651,1120842,797.0,310.25,2,35801,1
1651,1120843,669.5,358.5,1,35801,2
1651,1120844,423.0,360.25,2,35802,0
1651,1120845,423.0,360.25,2,35803,0
1651,1120846,797.0,310.25,2,35804,0
1651,1120847,669.5,358.5,1,35804,1
1651,1120848,706.75,339.75,2,35804,2
1651,1120849,797.0,310.25,2,35805,0
1651,1120850,669.5,358.5,1,35805,1
1651,1120851,713.5,320.5,1,35805,2
1661,1120760,958.25,514.5,2,35778,0
1661,1120761,749.5,470.0,1,35778,1
1661,1120762,441.0,486.5,1,35778,2
1661,1120763,901.0,482.25,2,35778,3
1661,1120764,669.5,358.5,1,35779,0
1661,1120765,706.75,339.75,2,35779,1
1661,1120766,797.0,310.25,2,35779,2
1661,1120767,441.0,486.5,1,35780,0
1661,1120768,749.5,470.0,1,35780,1
1661,1120769,1009.0,502.25,2,35780,2
1661,1120770,1437.0,525.5,1,35780,3
1661,1120771,1634.5,507.5,1,35780,4
1661,1120772,1093.0,601.0,1,35780,5
1661,1120773,1371.0,418.5,1,35781,0
1661,1120774,901.5,481.0,1,35781,1
1661,1120775,680.5,469.0,1,35781,2
1661,1120776,1093.0,601.0,1,35781,3
1661,1120777,1650.0,350.5,1,35782,0
1661,1120778,1392.5,480.5,1,35783,0
1661,1120779,1634.5,507.5,1,35783,1
1661,1120780,901.0,482.25,2,35784,0
1661,1120781,1046.0,435.0,1,35784,1
1661,1120782,1371.0,418.5,1,35784,2
1661,1120783,1093.0,601.0,1,35784,3
1661,1120784,991.3333129882812,504.0,2,35784,4
1661,1120785,706.75,339.75,2,35785,0
1661,1120786,761.5,313.5,1,35785,1
1661,1120787,669.5,358.5,1,35785,2
1661,1120788,749.5,470.0,1,35786,0
1661,1120789,965.0,525.0,1,35786,1
1661,1120790,680.5,469.0,1,35786,2
1661,1120791,900.5,483.5,1,35786,3
1661,1120792,441.0,486.5,1,35786,4
1661,1120793,1093.0,601.0,1,35787,0
1661,1120794,1437.0,525.5,1,35787,1
1661,1120795,680.5,469.0,1,35787,2
1661,1120796,901.0,482.25,2,35787,3
1661,1120797,1046.0,435.0,1,35787,4
1661,1120798,441.0,486.5,1,35787,5
1661,1120799,1371.0,418.5,1,35787,6
1661,1120800,614.5,422.0,2,35788,0
1661,1120801,1053.0,479.5,1,35788,1
1661,1120802,1053.0,479.5,1,35789,0
1661,1120803,614.5,422.0,2,35789,1
1661,1120804,680.5,469.0,1,35789,2
1661,1120805,901.0,482.25,2,35789,3
1661,1120806,1046.0,435.0,1,35789,4
1661,1120807,441.0,486.5,1,35789,5
1661,1120808,614.5,422.0,2,35790,0
1661,1120809,1053.0,479.5,1,35790,1
1661,1120810,1437.0,525.5,1,35791,0
1661,1120811,900.5,483.5,1,35791,1
1661,1120812,441.0,486.5,1,35791,2
1661,1120813,1093.0,601.0,1,35791,3
1661,1120814,680.5,469.0,1,35792,0
1661,1120815,1371.0,418.5,1,35792,1
1661,1120816,749.5,470.0,1,35792,2
1661,1120817,1053.0,479.5,1,35792,3
1661,1120818,1093.0,601.0,1,35792,4
1661,1120819,1634.5,507.5,1,35793,0
1661,1120820,900.5,483.5,1,35793,1
1661,1120821,1046.0,435.0,1,35793,2
1661,1120822,441.0,486.5,1,35793,3
1661,1120823,1392.5,480.5,1,35793,4
1661,1120824,958.25,514.5,2,35794,0
1661,1120825,901.0,482.25,2,35794,1
1661,1120826,521.5,331.75,2,35795,0
1661,1120827,901.0,482.25,2,35796,0
1661,1120828,991.3333129882812,504.0,2,35796,1
1661,1120829,749.5,470.0,1,35796,2
1661,1120830,1437.0,525.5,1,35796,3
1661,1120831,1634.5,507.5,1,35796,4
1661,1120832,1093.0,601.0,1,35796,5
1661,1120833,798.5,362.5,1,35797,0
1661,1120834,1046.0,435.0,1,35798,0
1661,1120835,901.5,481.0,1,35798,1
1661,1120836,1093.0,601.0,1,35798,2
1661,1120837,1053.0,479.5,1,35798,3
1661,1120838,1634.5,507.5,1,35798,4
1661,1120839,521.5,331.75,2,35799,0
1661,1120840,716.5,718.5,1,35800,0
1661,1120841,706.75,339.75,2,35801,0
1661,1120842,797.0,310.25,2,35801,1
1661,1120843,669.5,358.5,1,35801,2
1661,1120844,423.0,360.25,2,35802,0
1661,1120845,423.0,360.25,2,35803,0
1661,1120846,797.0,310.25,2,35804,0
1661,1120847,669.5,358.5,1,35804,1
1661,1120848,706.75,339.75,2,35804,2
1661,1120849,797.0,310.25,2,35805,0
1661,1120850,669.5,358.5,1,35805,1
1661,1120851,713.5,320.5,1,35805,2
1671,1120760,904.25,523.25,2,35778,0
1671,1120761,785.0,467.5,1,35778,1
1671,1120762,481.0,484.5,1,35778,2
1671,1120763,935.25,488.75,2,35778,3
1671,1120764,685.5,359.0,1,35779,0
1671,1120765,715.75,339.5,2,35779,1
1671,1120766,794.25,310.75,2,35779,2
1671,1120767,481.0,484.5,1,35780,0
1671,1120768,785.0,467.5,1,35780,1
1671,1120769,982.5,501.5,2,35780,2
1671,1120770,1404.0,523.0,1,35780,3
1671,1120771,1591.5,505.0,1,35780,4
1671,1120772,1096.5,596.0,1,35780,5
1671,1120773,1355.0,419.0,1,35781,0
1671,1120774,914.5,479.5,1,35781,1
1671,1120775,706.5,468.0,1,35781,2
1671,1120776,1096.5,596.0,1,35781,3
1671,1120777,1650.5,350.5,1,35782,0
1671,1120778,1357.0,478.0,1,35783,0
1671,1120779,1591.5,505.0,1,35783,1
1671,1120780,935.25,488.75,2,35784,0
1671,1120781,1047.0,446.5,1,35784,1
1671,1120782,1355.0,419.0,1,35784,2
1671,1120783,1096.5,596.0,1,35784,3
1671,1120784,947.3333129882812,511.5,2,35784,4
1671,1120785,715.75,339.5,2,35785,0
1671,1120786,762.0,313.5,1,35785,1
1671,1120787,685.5,359.0,1,35785,2
1671,1120788,785.0,467.5,1,35786,0
1671,1120789,928.5,525.5,1,35786,1
1671,1120790,706.5,468.0,1,35786,2
1671,1120791,956.0,498.0,1,35786,3
1671,1120792,481.0,484.5,1,35786,4
1671,1120793,1096.5,596.0,1,35787,0
1671,1120794,1404.0,523.0,1,35787,1
1671,1120795,706.5,468.0,1,35787,2
1671,1120796,935.25,488.75,2,35787,3
1671,1120797,1047.0,446.5,1,35787,4
1671,1120798,481.0,484.5,1,35787,5
1671,1120799,1355.0,419.0,1,35787,6
1671,1120800,642.0,423.5,2,35788,0
1671,1120801,1036.5,477.5,1,35788,1
1671,1120802,1036.5,477.5,1,35789,0
1671,1120803,642.0,423.5,2,35789,1
1671,1120804,706.5,468.0,1,35789,2
1671,1120805,935.25,488.75,2,35789,3
1671,1120806,1047.0,446.5,1,35789,4
1671,1120807,481.0,484.5,1,35789,5
1671,1120808,642.0,423.5,2,35790,0
1671,1120809,1036.5,477.5,1,35790,1
1671,1120810,1404.0,523.0,1,35791,0
1671,1120811,956.0,498.0,1,35791,1
1671,1120812,481.0,484.5,1,35791,2
1671,1120813,1096.5,596.0,1,35791,3
1671,1120814,706.5,468.0,1,35792,0
1671,1120815,1355.0,419.0,1,35792,1
1671,1120816,785.0,467.5,1,35792,2
1671,1120817,1036.5,477.5,1,35792,3
1671,1120818,1096.5,596.0,1,35792,4
1671,1120819,1591.5,505.0,1,35793,0
1671,1120820,956.0,498.0,1,35793,1
1671,1120821,1047.0,446.5,1,35793,2
1671,1120822,481.0,484.5,1,35793,3
1671,1120823,1357.0,478.0,1,35793,4
1671,1120824,904.25,523.25,2,35794,0
1671,1120825,935.25,488.75,2,35794,1
1671,1120826,521.75,332.5,2,35795,0
1671,1120827,935.25,488.75,2,35796,0
1671,1120828,947.3333129882812,511.5,2,35796,1
1671,1120829,785.0,467.5,1,35796,2
1671,1120830,1404.0,523.0,1,35796,3
1671,1120831,1591.5,505.0,1,35796,4
1671,1120832,1096.5,596.0,1,35796,5
1671,1120833,819.0,362.5,1,35797,0
1671,1120834,1047.0,446.5,1,35798,0
1671,1120835,914.5,479.5,1,35798,1
1671,1120836,1096.5,596.0,1,35798,2
1671,1120837,1036.5,477.5,1,35798,3
1671,1120838,1591.5,505.0,1,35798,4
1671,1120839,521.75,332.5,2,35799,0
1671,1120840,777.5,716.5,1,35800,0
1671,1120841,715.75,339.5,2,35801,0
1671,1120842,794.25,310.75,2,35801,1
1671,1120843,685.5,359.0,1,35801,2
1671,1120844,397.5,363.5,2,35802,0
1671,1120845,397.5,363.5,2,35803,0
1671,1120846,794.25,310.75,2,35804,0
1671,1120847,685.5,359.0,1,35804,1
1671,1120848,715.75,339.5,2,35804,2
1671,1120849,794.25,310.75,2,35805,0
1671,1120850,685.5,359.0,1,35805,1
1671,1120851,713.0,320.5,1,35805,2
