frame,cluster_id,x,y,cluster_size,source_sample_index,source_local_cluster_id
11,1123000,1902.5,478.0,1,36573,0
11,1123001,469.0,728.0,1,36574,0
11,1123002,1181.0,494.5,1,36574,1
11,1123003,1642.0,551.0,1,36574,2
11,1123004,1406.0,555.5,1,36574,3
11,1123005,1796.75,476.75,2,36574,4
11,1123006,1205.5,505.0,1,36575,0
11,1123007,1180.5,500.5,2,36575,1
11,1123008,511.5,606.0,1,36575,2
11,1123009,1180.5,500.5,2,36576,0
11,1123010,1642.0,551.0,1,36576,1
11,1123011,1406.0,555.5,1,36576,2
11,1123012,469.0,728.0,1,36576,3
11,1123013,1796.75,476.75,2,36576,4
11,1123014,1205.5,505.0,1,36576,5
11,1123015,1796.75,476.75,2,36577,0
11,1123016,1642.0,551.0,1,36577,1
11,1123017,1406.0,555.5,1,36577,2
11,1123018,469.0,728.0,1,36577,3
11,1123019,1181.0,494.5,1,36577,4
11,1123020,1642.0,551.0,1,36578,0
11,1123021,1406.0,555.5,1,36578,1
11,1123022,469.0,728.0,1,36578,2
11,1123023,1181.0,494.5,1,36578,3
11,1123024,1828.5,477.0,1,36578,4
11,1123025,1180.5,500.5,2,36579,0
11,1123026,511.5,606.0,1,36579,1
11,1123027,1205.5,505.0,1,36579,2
11,1123028,1406.0,555.5,1,36580,0
11,1123029,469.0,728.0,1,36580,1
11,1123030,1181.0,494.5,1,36580,2
11,1123031,1642.0,551.0,1,36580,3
11,1123032,1796.75,476.75,2,36580,4
11,1123033,1796.75,476.75,2,36581,0
11,1123034,469.0,728.0,1,36581,1
11,1123035,1181.0,494.5,1,36581,2
11,1123036,1406.0,555.5,1,36581,3
11,1123037,511.5,606.0,1,36582,0
11,1123038,1180.0,506.5,1,36582,1
11,1123039,1205.5,505.0,1,36582,2
21,1123000,1902.5,478.0,1,36573,0
21,1123001,469.0,728.0,1,36574,0
21,1123002,1181.0,494.5,1,36574,1
21,1123003,1642.0,551.0,1,36574,2
21,1123004,1406.0,555.5,1,36574,3
21,1123005,1796.75,476.75,2,36574,4
21,1123006,1205.5,505.0,1,36575,0
21,1123007,1180.5,500.5,2,36575,1
21,1123008,511.5,606.0,1,36575,2
21,1123009,1180.5,500.5,2,36576,0
21,1123010,1642.0,551.0,1,36576,1
21,1123011,1406.0,555.5,1,36576,2
21,1123012,469.0,728.0,1,36576,3
21,1123013,1796.75,476.75,2,36576,4
21,1123014,1205.5,505.0,1,36576,5
21,1123015,1796.75,476.75,2,36577,0
21,1123016,1642.0,551.0,1,36577,1
21,1123017,1406.0,555.5,1,36577,2
21,1123018,469.0,728.0,1,36577,3
21,1123019,1181.0,494.5,1,36577,4
21,1123020,1642.0,551.0,1,36578,0
21,1123021,1406.0,555.5,1,36578,1
21,1123022,469.0,728.0,1,36578,2
21,1123023,1181.0,494.5,1,36578,3
21,1123024,1828.5,477.0,1,36578,4
21,1123025,1180.5,500.5,2,36579,0
21,1123026,511.5,606.0,1,36579,1
21,1123027,1205.5,505.0,1,36579,2
21,1123028,1406.0,555.5,1,36580,0
21,1123029,469.0,728.0,1,36580,1
21,1123030,1181.0,494.5,1,36580,2
21,1123031,1642.0,551.0,1,36580,3
21,1123032,1796.75,476.75,2,36580,4
21,1123033,1796.75,476.75,2,36581,0
21,1123034,469.0,728.0,1,36581,1
21,1123035,1181.0,494.5,1,36581,2
21,1123036,1406.0,555.5,1,36581,3
21,1123037,511.5,606.0,1,36582,0
21,1123038,1180.0,506.5,1,36582,1
21,1123039,1205.5,505.0,1,36582,2
31,1123000,1902.5,478.0,1,36573,0
31,1123001,469.0,728.0,1,36574,0
31,1123002,1181.0,494.5,1,36574,1
31,1123003,1642.0,551.0,1,36574,2
31,1123004,1406.0,555.5,1,36574,3
31,1123005,1796.75,476.75,2,36574,4
31,1123006,1205.5,505.0,1,36575,0
31,1123007,1180.5,500.5,2,36575,1
31,1123008,511.5,606.0,1,36575,2
31,1123009,1180.5,500.5,2,36576,0
31,1123010,1642.0,551.0,1,36576,1
31,1123011,1406.0,555.5,1,36576,2
31,1123012,469.0,728.0,1,36576,3
31,1123013,1796.75,476.75,2,36576,4
31,1123014,1205.5,505.0,1,36576,5
31,1123015,1796.75,476.75,2,36577,0
31,1123016,1642.0,551.0,1,36577,1
31,1123017,1406.0,555.5,1,36577,2
31,1123018,469.0,728.0,1,36577,3
31,1123019,1181.0,494.5,1,36577,4
31,1123020,1642.0,551.0,1,36578,0
31,1123021,1406.0,555.5,1,36578,1
31,1123022,469.0,728.0,1,36578,2
31,1123023,1181.0,494.5,1,36578,3
31,1123024,1828.5,477.0,1,36578,4
31,1123025,1180.5,500.5,2,36579,0
31,1123026,511.5,606.0,1,36579,1
31,1123027,1205.5,505.0,1,36579,2
31,1123028,1406.0,555.5,1,36580,0
31,1123029,469.0,728.0,1,36580,1
31,1123030,1181.0,494.5,1,36580,2
31,1123031,1642.0,551.0,1,36580,3
31,1123032,1796.75,476.75,2,36580,4
31,1123033,1796.75,476.75,2,36581,0
31,1123034,469.0,728.0,1,36581,1
31,1123035,1181.0,494.5,1,36581,2
31,1123036,1406.0,555.5,1,36581,3
31,1123037,511.5,606.0,1,36582,0
31,1123038,1180.0,506.5,1,36582,1
31,1123039,1205.5,505.0,1,36582,2
41,1123000,1902.5,478.0,1,36573,0
41,1123001,469.0,728.0,1,36574,0
41,1123002,1181.0,494.5,1,36574,1
41,1123003,1642.0,551.0,1,36574,2
41,1123004,1406.0,555.5,1,36574,3
41,1123005,1796.75,476.75,2,36574,4
41,1123006,1205.5,505.0,1,36575,0
41,1123007,1180.5,500.5,2,36575,1
41,1123008,511.5,606.0,1,36575,2
41,1123009,1180.5,500.5,2,36576,0
41,1123010,1642.0,551.0,1,36576,1
41,1123011,1406.0,555.5,1,36576,2
41,1123012,469.0,728.0,1,36576,3
41,1123013,1796.75,476.75,2,36576,4
41,1123014,1205.5,505.0,1,36576,5
41,1123015,1796.75,476.75,2,36577,0
41,1123016,1642.0,551.0,1,36577,1
41,1123017,1406.0,555.5,1,36577,2
41,1123018,469.0,728.0,1,36577,3
41,1123019,1181.0,494.5,1,36577,4
41,1123020,1642.0,551.0,1,36578,0
41,1123021,1406.0,555.5,1,36578,1
41,1123022,469.0,728.0,1,36578,2
41,1123023,1181.0,494.5,1,36578,3
41,1123024,1828.5,477.0,1,36578,4
41,1123025,1180.5,500.5,2,36579,0
41,1123026,511.5,606.0,1,36579,1
41,1123027,1205.5,505.0,1,36579,2
41,1123028,1406.0,555.5,1,36580,0
41,1123029,469.0,728.0,1,36580,1
41,1123030,1181.0,494.5,1,36580,2
41,1123031,1642.0,551.0,1,36580,3
41,1123032,1796.75,476.75,2,36580,4
41,1123033,1796.75,476.75,2,36581,0
41,1123034,469.0,728.0,1,36581,1
41,1123035,1181.0,494.5,1,36581,2
41,1123036,1406.0,555.5,1,36581,3
41,1123037,511.5,606.0,1,36582,0
41,1123038,1180.0,506.5,1,36582,1
41,1123039,1205.5,505.0,1,36582,2
51,1123000,1902.5,478.0,1,36573,0
51,1123001,469.0,728.0,1,36574,0
51,1123002,1181.0,494.5,1,36574,1
51,1123003,1642.0,551.0,1,36574,2
51,1123004,1406.0,555.5,1,36574,3
51,1123005,1796.75,476.75,2,36574,4
51,1123006,1205.5,505.0,1,36575,0
51,1123007,1180.5,500.5,2,36575,1
51,1123008,511.5,606.0,1,36575,2
51,1123009,1180.5,500.5,2,36576,0
51,1123010,1642.0,551.0,1,36576,1
51,1123011,1406.0,555.5,1,36576,2
51,1123012,469.0,728.0,1,36576,3
51,1123013,1796.75,476.75,2,36576,4
51,1123014,1205.5,505.0,1,36576,5
51,1123015,1796.75,476.75,2,36577,0
51,1123016,1642.0,551.0,1,36577,1
51,1123017,1406.0,555.5,1,36577,2
51,1123018,469.0,728.0,1,36577,3
51,1123019,1181.0,494.5,1,36577,4
51,1123020,1642.0,551.0,1,36578,0
51,1123021,1406.0,555.5,1,36578,1
51,1123022,469.0,728.0,1,36578,2
51,1123023,1181.0,494.5,1,36578,3
51,1123024,1828.5,477.0,1,36578,4
51,1123025,1180.5,500.5,2,36579,0
51,1123026,511.5,606.0,1,36579,1
51,1123027,1205.5,505.0,1,36579,2
51,1123028,1406.0,555.5,1,36580,0
51,1123029,469.0,728.0,1,36580,1
51,1123030,1181.0,494.5,1,36580,2
51,1123031,1642.0,551.0,1,36580,3
51,1123032,1796.75,476.75,2,36580,4
51,1123033,1796.75,476.75,2,36581,0
51,1123034,469.0,728.0,1,36581,1
51,1123035,1181.0,494.5,1,36581,2
51,1123036,1406.0,555.5,1,36581,3
51,1123037,511.5,606.0,1,36582,0
51,1123038,1180.0,506.5,1,36582,1
51,1123039,1205.5,505.0,1,36582,2
61,1123000,1902.5,478.0,1,36573,0
61,1123001,469.0,728.0,1,36574,0
61,1123002,1181.0,494.5,1,36574,1
61,1123003,1642.0,551.0,1,36574,2
61,1123004,1406.0,555.5,1,36574,3
61,1123005,1796.75,476.75,2,36574,4
61,1123006,1205.5,505.0,1,36575,0
61,1123007,1180.5,500.5,2,36575,1
61,1123008,511.5,606.0,1,36575,2
61,1123009,1180.5,500.5,2,36576,0
61,1123010,1642.0,551.0,1,36576,1
61,1123011,1406.0,555.5,1,36576,2
61,1123012,469.0,728.0,1,36576,3
61,1123013,1796.75,476.75,2,36576,4
61,1123014,1205.5,505.0,1,36576,5
61,1123015,1796.75,476.75,2,36577,0
61,1123016,1642.0,551.0,1,36577,1
61,1123017,1406.0,555.5,1,36577,2
61,1123018,469.0,728.0,1,36577,3
61,1123019,1181.0,494.5,1,36577,4
61,1123020,1642.0,551.0,1,36578,0
61,1123021,1406.0,555.5,1,36578,1
61,1123022,469.0,728.0,1,36578,2
61,1123023,1181.0,494.5,1,36578,3
61,1123024,1828.5,477.0,1,36578,4
61,1123025,1180.5,500.5,2,36579,0
61,1123026,511.5,606.0,1,36579,1
61,1123027,1205.5,505.0,1,36579,2
61,1123028,1406.0,555.5,1,36580,0
61,1123029,469.0,728.0,1,36580,1
61,1123030,1181.0,494.5,1,36580,2
61,1123031,1642.0,551.0,1,36580,3
61,1123032,1796.75,476.75,2,36580,4
61,1123033,1796.75,476.75,2,36581,0
61,1123034,469.0,728.0,1,36581,1
61,1123035,1181.0,494.5,1,36581,2
61,1123036,1406.0,555.5,1,36581,3
61,1123037,511.5,606.0,1,36582,0
61,1123038,1180.0,506.5,1,36582,1
61,1123039,1205.5,505.0,1,36582,2
71,1123000,1902.5,478.0,1,36573,0
71,1123001,469.0,728.0,1,36574,0
71,1123002,1181.0,494.5,1,36574,1
71,1123003,1642.0,551.0,1,36574,2
71,1123004,1406.0,555.5,1,36574,3
71,1123005,1796.75,476.75,2,36574,4
71,1123006,1205.5,505.0,1,36575,0
71,1123007,1180.5,500.5,2,36575,1
71,1123008,511.5,606.0,1,36575,2
71,1123009,1180.5,500.5,2,36576,0
71,1123010,1642.0,551.0,1,36576,1
71,1123011,1406.0,555.5,1,36576,2
71,1123012,469.0,728.0,1,36576,3
71,1123013,1796.75,476.75,2,36576,4
71,1123014,1205.5,505.0,1,36576,5
71,1123015,1796.75,476.75,2,36577,0
71,1123016,1642.0,551.0,1,36577,1
71,1123017,1406.0,555.5,1,36577,2
71,1123018,469.0,728.0,1,36577,3
71,1123019,1181.0,494.5,1,36577,4
71,1123020,1642.0,551.0,1,36578,0
71,1123021,1406.0,555.5,1,36578,1
71,1123022,469.0,728.0,1,36578,2
71,1123023,1181.0,494.5,1,36578,3
71,1123024,1828.5,477.0,1,36578,4
71,1123025,1180.5,500.5,2,36579,0
71,1123026,511.5,606.0,1,36579,1
71,1123027,1205.5,505.0,1,36579,2
71,1123028,1406.0,555.5,1,36580,0
71,1123029,469.0,728.0,1,36580,1
71,1123030,1181.0,494.5,1,36580,2
71,1123031,1642.0,551.0,1,36580,3
71,1123032,1796.75,476.75,2,36580,4
71,1123033,1796.75,476.75,2,36581,0
71,1123034,469.0,728.0,1,36581,1
71,1123035,1181.0,494.5,1,36581,2
71,1123036,1406.0,555.5,1,36581,3
71,1123037,511.5,606.0,1,36582,0
71,1123038,1180.0,506.5,1,36582,1
71,1123039,1205.5,505.0,1,36582,2
81,1123000,1902.5,478.0,1,36573,0
81,1123001,469.0,728.0,1,36574,0
81,1123002,1181.0,494.5,1,36574,1
81,1123003,1642.0,551.0,1,36574,2
81,1123004,1406.0,555.5,1,36574,3
81,1123005,1796.75,476.75,2,36574,4
81,1123006,1205.5,505.0,1,36575,0
81,1123007,1180.5,500.5,2,36575,1
81,1123008,511.5,606.0,1,36575,2
81,1123009,1180.5,500.5,2,36576,0
81,1123010,1642.0,551.0,1,36576,1
81,1123011,1406.0,555.5,1,36576,2
81,1123012,469.0,728.0,1,36576,3
81,1123013,1796.75,476.75,2,36576,4
81,1123014,1205.5,505.0,1,36576,5
81,1123015,1796.75,476.75,2,36577,0
81,1123016,1642.0,551.0,1,36577,1
81,1123017,1406.0,555.5,1,36577,2
81,1123018,469.0,728.0,1,36577,3
81,1123019,1181.0,494.5,1,36577,4
81,1123020,1642.0,551.0,1,36578,0
81,1123021,1406.0,555.5,1,36578,1
81,1123022,469.0,728.0,1,36578,2
81,1123023,1181.0,494.5,1,36578,3
81,1123024,1828.5,477.0,1,36578,4
81,1123025,1180.5,500.5,2,36579,0
81,1123026,511.5,606.0,1,36579,1
81,1123027,1205.5,505.0,1,36579,2
81,1123028,1406.0,555.5,1,36580,0
81,1123029,469.0,728.0,1,36580,1
81,1123030,1181.0,494.5,1,36580,2
81,1123031,1642.0,551.0,1,36580,3
81,1123032,1796.75,476.75,2,36580,4
81,1123033,1796.75,476.75,2,36581,0
81,1123034,469.0,728.0,1,36581,1
81,1123035,1181.0,494.5,1,36581,2
81,1123036,1406.0,555.5,1,36581,3
81,1123037,511.5,606.0,1,36582,0
81,1123038,1180.0,506.5,1,36582,1
81,1123039,1205.5,505.0,1,36582,2
91,1123000,1902.5,478.0,1,36573,0
91,1123001,469.0,728.0,1,36574,0
91,1123002,1181.0,494.5,1,36574,1
91,1123003,1642.0,551.0,1,36574,2
91,1123004,1406.0,555.5,1,36574,3
91,1123005,1796.75,476.75,2,36574,4
91,1123006,1205.5,505.0,1,36575,0
91,1123007,1180.5,500.5,2,36575,1
91,1123008,511.5,606.0,1,36575,2
91,1123009,1180.5,500.5,2,36576,0
91,1123010,1642.0,551.0,1,36576,1
91,1123011,1406.0,555.5,1,36576,2
91,1123012,469.0,728.0,1,36576,3
91,1123013,1796.75,476.75,2,36576,4
91,1123014,1205.5,505.0,1,36576,5
91,1123015,1796.75,476.75,2,36577,0
91,1123016,1642.0,551.0,1,36577,1
91,1123017,1406.0,555.5,1,36577,2
91,1123018,469.0,728.0,1,36577,3
91,1123019,1181.0,494.5,1,36577,4
91,1123020,1642.0,551.0,1,36578,0
91,1123021,1406.0,555.5,1,36578,1
91,1123022,469.0,728.0,1,36578,2
91,1123023,1181.0,494.5,1,36578,3
91,1123024,1828.5,477.0,1,36578,4
91,1123025,1180.5,500.5,2,36579,0
91,1123026,511.5,606.0,1,36579,1
91,1123027,1205.5,505.0,1,36579,2
91,1123028,1406.0,555.5,1,36580,0
91,1123029,469.0,728.0,1,36580,1
91,1123030,1181.0,494.5,1,36580,2
91,1123031,1642.0,551.0,1,36580,3
91,1123032,1796.75,476.75,2,36580,4
91,1123033,1796.75,476.75,2,36581,0
91,1123034,469.0,728.0,1,36581,1
91,1123035,1181.0,494.5,1,36581,2
91,1123036,1406.0,555.5,1,36581,3
91,1123037,511.5,606.0,1,36582,0
91,1123038,1180.0,506.5,1,36582,1
91,1123039,1205.5,505.0,1,36582,2
101,1123000,1895.0,479.0,1,36573,0
101,1123001,499.0,725.5,1,36574,0
101,1123002,1216.5,494.5,1,36574,1
101,1123003,1651.0,547.5,1,36574,2
101,1123004,1420.5,553.0,1,36574,3
101,1123005,1794.75,477.75,2,36574,4
101,1123006,1176.5,511.0,1,36575,0
101,1123007,1176.75,502.25,2,36575,1
101,1123008,550.5,602.0,1,36575,2
101,1123009,1176.75,502.25,2,36576,0
101,1123010,1651.0,547.5,1,36576,1
101,1123011,1420.5,553.0,1,36576,2
101,1123012,499.0,725.5,1,36576,3
101,1123013,1794.75,477.75,2,36576,4
101,1123014,1176.5,511.0,1,36576,5
101,1123015,1794.75,477.75,2,36577,0
101,1123016,1651.0,547.5,1,36577,1
101,1123017,1420.5,553.0,1,36577,2
101,1123018,499.0,725.5,1,36577,3
101,1123019,1216.5,494.5,1,36577,4
101,1123020,1651.0,547.5,1,36578,0
101,1123021,1420.5,553.0,1,36578,1
101,1123022,499.0,725.5,1,36578,2
101,1123023,1216.5,494.5,1,36578,3
101,1123024,1821.5,478.5,1,36578,4
101,1123025,1176.75,502.25,2,36579,0
101,1123026,550.5,602.0,1,36579,1
101,1123027,1176.5,511.0,1,36579,2
101,1123028,1420.5,553.0,1,36580,0
101,1123029,499.0,725.5,1,36580,1
101,1123030,1216.5,494.5,1,36580,2
101,1123031,1651.0,547.5,1,36580,3
101,1123032,1794.75,477.75,2,36580,4
101,1123033,1794.75,477.75,2,36581,0
101,1123034,499.0,725.5,1,36581,1
101,1123035,1216.5,494.5,1,36581,2
101,1123036,1420.5,553.0,1,36581,3
101,1123037,550.5,602.0,1,36582,0
101,1123038,1137.0,510.0,1,36582,1
101,1123039,1176.5,511.0,1,36582,2
111,1123000,1895.0,479.0,1,36573,0
111,1123001,499.0,725.5,1,36574,0
111,1123002,1216.5,494.5,1,36574,1
111,1123003,1651.0,547.5,1,36574,2
111,1123004,1420.5,553.0,1,36574,3
111,1123005,1794.75,477.75,2,36574,4
111,1123006,1176.5,511.0,1,36575,0
111,1123007,1176.75,502.25,2,36575,1
111,1123008,550.5,602.0,1,36575,2
111,1123009,1176.75,502.25,2,36576,0
111,1123010,1651.0,547.5,1,36576,1
111,1123011,1420.5,553.0,1,36576,2
111,1123012,499.0,725.5,1,36576,3
111,1123013,1794.75,477.75,2,36576,4
111,1123014,1176.5,511.0,1,36576,5
111,1123015,1794.75,477.75,2,36577,0
111,1123016,1651.0,547.5,1,36577,1
111,1123017,1420.5,553.0,1,36577,2
111,1123018,499.0,725.5,1,36577,3
111,1123019,1216.5,494.5,1,36577,4
111,1123020,1651.0,547.5,1,36578,0
111,1123021,1420.5,553.0,1,36578,1
111,1123022,499.0,725.5,1,36578,2
111,1123023,1216.5,494.5,1,36578,3
111,1123024,1821.5,478.5,1,36578,4
111,1123025,1176.75,502.25,2,36579,0
111,1123026,550.5,602.0,1,36579,1
111,1123027,1176.5,511.0,1,36579,2
111,1123028,1420.5,553.0,1,36580,0
111,1123029,499.0,725.5,1,36580,1
111,1123030,1216.5,494.5,1,36580,2
111,1123031,1651.0,547.5,1,36580,3
111,1123032,1794.75,477.75,2,36580,4
111,1123033,1794.75,477.75,2,36581,0
111,1123034,499.0,725.5,1,36581,1
111,1123035,1216.5,494.5,1,36581,2
111,1123036,1420.5,553.0,1,36581,3
111,1123037,550.5,602.0,1,36582,0
111,1123038,1137.0,510.0,1,36582,1
111,1123039,1176.5,511.0,1,36582,2
121,1123000,1895.0,479.0,1,36573,0
121,1123001,499.0,725.5,1,36574,0
121,1123002,1216.5,494.5,1,36574,1
121,1123003,1651.0,547.5,1,36574,2
121,1123004,1420.5,553.0,1,36574,3
121,1123005,1794.75,477.75,2,36574,4
121,1123006,1176.5,511.0,1,36575,0
121,1123007,1176.75,502.25,2,36575,1
121,1123008,550.5,602.0,1,36575,2
121,1123009,1176.75,502.25,2,36576,0
121,1123010,1651.0,547.5,1,36576,1
121,1123011,1420.5,553.0,1,36576,2
121,1123012,499.0,725.5,1,36576,3
121,1123013,1794.75,477.75,2,36576,4
121,1123014,1176.5,511.0,1,36576,5
121,1123015,1794.75,477.75,2,36577,0
121,1123016,1651.0,547.5,1,36577,1
121,1123017,1420.5,553.0,1,36577,2
121,1123018,499.0,725.5,1,36577,3
121,1123019,1216.5,494.5,1,36577,4
121,1123020,1651.0,547.5,1,36578,0
121,1123021,1420.5,553.0,1,36578,1
121,1123022,499.0,725.5,1,36578,2
121,1123023,1216.5,494.5,1,36578,3
121,1123024,1821.5,478.5,1,36578,4
121,1123025,1176.75,502.25,2,36579,0
121,1123026,550.5,602.0,1,36579,1
121,1123027,1176.5,511.0,1,36579,2
121,1123028,1420.5,553.0,1,36580,0
121,1123029,499.0,725.5,1,36580,1
121,1123030,1216.5,494.5,1,36580,2
121,1123031,1651.0,547.5,1,36580,3
121,1123032,1794.75,477.75,2,36580,4
121,1123033,1794.75,477.75,2,36581,0
121,1123034,499.0,725.5,1,36581,1
121,1123035,1216.5,494.5,1,36581,2
121,1123036,1420.5,553.0,1,36581,3
121,1123037,550.5,602.0,1,36582,0
121,1123038,1137.0,510.0,1,36582,1
121,1123039,1176.5,511.0,1,36582,2
131,1123000,1895.0,479.0,1,36573,0
131,1123001,499.0,725.5,1,36574,0
131,1123002,1216.5,494.5,1,36574,1
131,1123003,1651.0,547.5,1,36574,2
131,1123004,1420.5,553.0,1,36574,3
131,1123005,1794.75,477.75,2,36574,4
131,1123006,1176.5,511.0,1,36575,0
131,1123007,1176.75,502.25,2,36575,1
131,1123008,550.5,602.0,1,36575,2
131,1123009,1176.75,502.25,2,36576,0
131,1123010,1651.0,547.5,1,36576,1
131,1123011,1420.5,553.0,1,36576,2
131,1123012,499.0,725.5,1,36576,3
131,1123013,1794.75,477.75,2,36576,4
131,1123014,1176.5,511.0,1,36576,5
131,1123015,1794.75,477.75,2,36577,0
131,1123016,1651.0,547.5,1,36577,1
131,1123017,1420.5,553.0,1,36577,2
131,1123018,499.0,725.5,1,36577,3
131,1123019,1216.5,494.5,1,36577,4
131,1123020,1651.0,547.5,1,36578,0
131,1123021,1420.5,553.0,1,36578,1
131,1123022,499.0,725.5,1,36578,2
131,1123023,1216.5,494.5,1,36578,3
131,1123024,1821.5,478.5,1,36578,4
131,1123025,1176.75,502.25,2,36579,0
131,1123026,550.5,602.0,1,36579,1
131,1123027,1176.5,511.0,1,36579,2
131,1123028,1420.5,553.0,1,36580,0
131,1123029,499.0,725.5,1,36580,1
131,1123030,1216.5,494.5,1,36580,2
131,1123031,1651.0,547.5,1,36580,3
131,1123032,1794.75,477.75,2,36580,4
131,1123033,1794.75,477.75,2,36581,0
131,1123034,499.0,725.5,1,36581,1
131,1123035,1216.5,494.5,1,36581,2
131,1123036,1420.5,553.0,1,36581,3
131,1123037,550.5,602.0,1,36582,0
131,1123038,1137.0,510.0,1,36582,1
131,1123039,1176.5,511.0,1,36582,2
141,1123000,1895.0,479.0,1,36573,0
141,1123001,499.0,725.5,1,36574,0
141,1123002,1216.5,494.5,1,36574,1
141,1123003,1651.0,547.5,1,36574,2
141,1123004,1420.5,553.0,1,36574,3
141,1123005,1794.75,477.75,2,36574,4
141,1123006,1176.5,511.0,1,36575,0
141,1123007,1176.75,502.25,2,36575,1
141,1123008,550.5,602.0,1,36575,2
141,1123009,1176.75,502.25,2,36576,0
141,1123010,1651.0,547.5,1,36576,1
141,1123011,1420.5,553.0,1,36576,2
141,1123012,499.0,725.5,1,36576,3
141,1123013,1794.75,477.75,2,36576,4
141,1123014,1176.5,511.0,1,36576,5
141,1123015,1794.75,477.75,2,36577,0
141,1123016,1651.0,547.5,1,36577,1
141,1123017,1420.5,553.0,1,36577,2
141,1123018,499.0,725.5,1,36577,3
141,1123019,1216.5,494.5,1,36577,4
141,1123020,1651.0,547.5,1,36578,0
141,1123021,1420.5,553.0,1,36578,1
141,1123022,499.0,725.5,1,36578,2
141,1123023,1216.5,494.5,1,36578,3
141,1123024,1821.5,478.5,1,36578,4
141,1123025,1176.75,502.25,2,36579,0
141,1123026,550.5,602.0,1,36579,1
141,1123027,1176.5,511.0,1,36579,2
141,1123028,1420.5,553.0,1,36580,0
141,1123029,499.0,725.5,1,36580,1
141,1123030,1216.5,494.5,1,36580,2
141,1123031,1651.0,547.5,1,36580,3
141,1123032,1794.75,477.75,2,36580,4
141,1123033,1794.75,477.75,2,36581,0
141,1123034,499.0,725.5,1,36581,1
141,1123035,1216.5,494.5,1,36581,2
141,1123036,1420.5,553.0,1,36581,3
141,1123037,550.5,602.0,1,36582,0
141,1123038,1137.0,510.0,1,36582,1
141,1123039,1176.5,511.0,1,36582,2
151,1123000,1895.0,479.0,1,36573,0
151,1123001,499.0,725.5,1,36574,0
151,1123002,1216.5,494.5,1,36574,1
151,1123003,1651.0,547.5,1,36574,2
151,1123004,1420.5,553.0,1,36574,3
151,1123005,1794.75,477.75,2,36574,4
151,1123006,1176.5,511.0,1,36575,0
151,1123007,1176.75,502.25,2,36575,1
151,1123008,550.5,602.0,1,36575,2
151,1123009,1176.75,502.25,2,36576,0
151,1123010,1651.0,547.5,1,36576,1
151,1123011,1420.5,553.0,1,36576,2
151,1123012,499.0,725.5,1,36576,3
151,1123013,1794.75,477.75,2,36576,4
151,1123014,1176.5,511.0,1,36576,5
151,1123015,1794.75,477.75,2,36577,0
151,1123016,1651.0,547.5,1,36577,1
151,1123017,1420.5,553.0,1,36577,2
151,1123018,499.0,725.5,1,36577,3
151,1123019,1216.5,494.5,1,36577,4
151,1123020,1651.0,547.5,1,36578,0
151,1123021,1420.5,553.0,1,36578,1
151,1123022,499.0,725.5,1,36578,2
151,1123023,1216.5,494.5,1,36578,3
151,1123024,1821.5,478.5,1,36578,4
151,1123025,1176.75,502.25,2,36579,0
151,1123026,550.5,602.0,1,36579,1
151,1123027,1176.5,511.0,1,36579,2
151,1123028,1420.5,553.0,1,36580,0
151,1123029,499.0,725.5,1,36580,1
151,1123030,1216.5,494.5,1,36580,2
151,1123031,1651.0,547.5,1,36580,3
151,1123032,1794.75,477.75,2,36580,4
151,1123033,1794.75,477.75,2,36581,0
151,1123034,499.0,725.5,1,36581,1
151,1123035,1216.5,494.5,1,36581,2
151,1123036,1420.5,553.0,1,36581,3
151,1123037,550.5,602.0,1,36582,0
151,1123038,1137.0,510.0,1,36582,1
151,1123039,1176.5,511.0,1,36582,2
161,1123000,1895.0,479.0,1,36573,0
161,1123001,499.0,725.5,1,36574,0
161,1123002,1216.5,494.5,1,36574,1
161,1123003,1651.0,547.5,1,36574,2
161,1123004,1420.5,553.0,1,36574,3
161,1123005,1794.75,477.75,2,36574,4
161,1123006,1176.5,511.0,1,36575,0
161,1123007,1176.75,502.25,2,36575,1
161,1123008,550.5,602.0,1,36575,2
161,1123009,1176.75,502.25,2,36576,0
161,1123010,1651.0,547.5,1,36576,1
161,1123011,1420.5,553.0,1,36576,2
161,1123012,499.0,725.5,1,36576,3
161,1123013,1794.75,477.75,2,36576,4
161,1123014,1176.5,511.0,1,36576,5
161,1123015,1794.75,477.75,2,36577,0
161,1123016,1651.0,547.5,1,36577,1
161,1123017,1420.5,553.0,1,36577,2
161,1123018,499.0,725.5,1,36577,3
161,1123019,1216.5,494.5,1,36577,4
161,1123020,1651.0,547.5,1,36578,0
161,1123021,1420.5,553.0,1,36578,1
161,1123022,499.0,725.5,1,36578,2
161,1123023,1216.5,494.5,1,36578,3
161,1123024,1821.5,478.5,1,36578,4
161,1123025,1176.75,502.25,2,36579,0
161,1123026,550.5,602.0,1,36579,1
161,1123027,1176.5,511.0,1,36579,2
161,1123028,1420.5,553.0,1,36580,0
161,1123029,499.0,725.5,1,36580,1
161,1123030,1216.5,494.5,1,36580,2
161,1123031,1651.0,547.5,1,36580,3
161,1123032,1794.75,477.75,2,36580,4
161,1123033,1794.75,477.75,2,36581,0
161,1123034,499.0,725.5,1,36581,1
161,1123035,1216.5,494.5,1,36581,2
161,1123036,1420.5,553.0,1,36581,3
161,1123037,550.5,602.0,1,36582,0
161,1123038,1137.0,510.0,1,36582,1
161,1123039,1176.5,511.0,1,36582,2
171,1123000,1895.0,479.0,1,36573,0
171,1123001,499.0,725.5,1,36574,0
171,1123002,1216.5,494.5,1,36574,1
171,1123003,1651.0,547.5,1,36574,2
171,1123004,1420.5,553.0,1,36574,3
171,1123005,1794.75,477.75,2,36574,4
171,1123006,1176.5,511.0,1,36575,0
171,1123007,1176.75,502.25,2,36575,1
171,1123008,550.5,602.0,1,36575,2
171,1123009,1176.75,502.25,2,36576,0
171,1123010,1651.0,547.5,1,36576,1
171,1123011,1420.5,553.0,1,36576,2
171,1123012,499.0,725.5,1,36576,3
171,1123013,1794.75,477.75,2,36576,4
171,1123014,1176.5,511.0,1,36576,5
171,1123015,1794.75,477.75,2,36577,0
171,1123016,1651.0,547.5,1,36577,1
171,1123017,1420.5,553.0,1,36577,2
171,1123018,499.0,725.5,1,36577,3
171,1123019,1216.5,494.5,1,36577,4
171,1123020,1651.0,547.5,1,36578,0
171,1123021,1420.5,553.0,1,36578,1
171,1123022,499.0,725.5,1,36578,2
171,1123023,1216.5,494.5,1,36578,3
171,1123024,1821.5,478.5,1,36578,4
171,1123025,1176.75,502.25,2,36579,0
171,1123026,550.5,602.0,1,36579,1
171,1123027,1176.5,511.0,1,36579,2
171,1123028,1420.5,553.0,1,36580,0
171,1123029,499.0,725.5,1,36580,1
171,1123030,1216.5,494.5,1,36580,2
171,1123031,1651.0,547.5,1,36580,3
171,1123032,1794.75,477.75,2,36580,4
171,1123033,1794.75,477.75,2,36581,0
171,1123034,499.0,725.5,1,36581,1
171,1123035,1216.5,494.5,1,36581,2
171,1123036,1420.5,553.0,1,36581,3
171,1123037,550.5,602.0,1,36582,0
171,1123038,1137.0,510.0,1,36582,1
171,1123039,1176.5,511.0,1,36582,2
181,1123000,1895.0,479.0,1,36573,0
181,1123001,499.0,725.5,1,36574,0
181,1123002,1216.5,494.5,1,36574,1
181,1123003,1651.0,547.5,1,36574,2
181,1123004,1420.5,553.0,1,36574,3
181,1123005,1794.75,477.75,2,36574,4
181,1123006,1176.5,511.0,1,36575,0
181,1123007,1176.75,502.25,2,36575,1
181,1123008,550.5,602.0,1,36575,2
181,1123009,1176.75,502.25,2,36576,0
181,1123010,1651.0,547.5,1,36576,1
181,1123011,1420.5,553.0,1,36576,2
181,1123012,499.0,725.5,1,36576,3
181,1123013,1794.75,477.75,2,36576,4
181,1123014,1176.5,511.0,1,36576,5
181,1123015,1794.75,477.75,2,36577,0
181,1123016,1651.0,547.5,1,36577,1
181,1123017,1420.5,553.0,1,36577,2
181,1123018,499.0,725.5,1,36577,3
181,1123019,1216.5,494.5,1,36577,4
181,1123020,1651.0,547.5,1,36578,0
181,1123021,1420.5,553.0,1,36578,1
181,1123022,499.0,725.5,1,36578,2
181,1123023,1216.5,494.5,1,36578,3
181,1123024,1821.5,478.5,1,36578,4
181,1123025,1176.75,502.25,2,36579,0
181,1123026,550.5,602.0,1,36579,1
181,1123027,1176.5,511.0,1,36579,2
181,1123028,1420.5,553.0,1,36580,0
181,1123029,499.0,725.5,1,36580,1
181,1123030,1216.5,494.5,1,36580,2
181,1123031,1651.0,547.5,1,36580,3
181,1123032,1794.75,477.75,2,36580,4
181,1123033,1794.75,477.75,2,36581,0
181,1123034,499.0,725.5,1,36581,1
181,1123035,1216.5,494.5,1,36581,2
181,1123036,1420.5,553.0,1,36581,3
181,1123037,550.5,602.0,1,36582,0
181,1123038,1137.0,510.0,1,36582,1
181,1123039,1176.5,511.0,1,36582,2
191,1123000,1895.0,479.0,1,36573,0
191,1123001,499.0,725.5,1,36574,0
191,1123002,1216.5,494.5,1,36574,1
191,1123003,1651.0,547.5,1,36574,2
191,1123004,1420.5,553.0,1,36574,3
191,1123005,1794.75,477.75,2,36574,4
191,1123006,1176.5,511.0,1,36575,0
191,1123007,1176.75,502.25,2,36575,1
191,1123008,550.5,602.0,1,36575,2
191,1123009,1176.75,502.25,2,36576,0
191,1123010,1651.0,547.5,1,36576,1
191,1123011,1420.5,553.0,1,36576,2
191,1123012,499.0,725.5,1,36576,3
191,1123013,1794.75,477.75,2,36576,4
191,1123014,1176.5,511.0,1,36576,5
191,1123015,1794.75,477.75,2,36577,0
191,1123016,1651.0,547.5,1,36577,1
191,1123017,1420.5,553.0,1,36577,2
191,1123018,499.0,725.5,1,36577,3
191,1123019,1216.5,494.5,1,36577,4
191,1123020,1651.0,547.5,1,36578,0
191,1123021,1420.5,553.0,1,36578,1
191,1123022,499.0,725.5,1,36578,2
191,1123023,1216.5,494.5,1,36578,3
191,1123024,1821.5,478.5,1,36578,4
191,1123025,1176.75,502.25,2,36579,0
191,1123026,550.5,602.0,1,36579,1
191,1123027,1176.5,511.0,1,36579,2
191,1123028,1420.5,553.0,1,36580,0
191,1123029,499.0,725.5,1,36580,1
191,1123030,1216.5,494.5,1,36580,2
191,1123031,1651.0,547.5,1,36580,3
191,1123032,1794.75,477.75,2,36580,4
191,1123033,1794.75,477.75,2,36581,0
191,1123034,499.0,725.5,1,36581,1
191,1123035,1216.5,494.5,1,36581,2
191,1123036,1420.5,553.0,1,36581,3
191,1123037,550.5,602.0,1,36582,0
191,1123038,1137.0,510.0,1,36582,1
191,1123039,1176.5,511.0,1,36582,2
201,1123000,1887.0,479.0,1,36573,0
201,1123001,547.5,730.0,1,36574,0
201,1123002,1238.0,494.5,1,36574,1
201,1123003,1665.0,550.0,1,36574,2
201,1123004,1425.5,552.0,1,36574,3
201,1123005,1788.75,478.75,2,36574,4
201,1123006,1082.0,521.0,1,36575,0
201,1123007,1150.25,502.5,2,36575,1
201,1123008,517.0,599.5,1,36575,2
201,1123009,1150.25,502.5,2,36576,0
201,1123010,1665.0,550.0,1,36576,1
201,1123011,1425.5,552.0,1,36576,2
201,1123012,547.5,730.0,1,36576,3
201,1123013,1788.75,478.75,2,36576,4
201,1123014,1082.0,521.0,1,36576,5
201,1123015,1788.75,478.75,2,36577,0
201,1123016,1665.0,550.0,1,36577,1
201,1123017,1425.5,552.0,1,36577,2
201,1123018,547.5,730.0,1,36577,3
201,1123019,1238.0,494.5,1,36577,4
201,1123020,1665.0,550.0,1,36578,0
201,1123021,1425.5,552.0,1,36578,1
201,1123022,547.5,730.0,1,36578,2
201,1123023,1238.0,494.5,1,36578,3
201,1123024,1812.5,478.5,1,36578,4
201,1123025,1150.25,502.5,2,36579,0
201,1123026,517.0,599.5,1,36579,1
201,1123027,1082.0,521.0,1,36579,2
201,1123028,1425.5,552.0,1,36580,0
201,1123029,547.5,730.0,1,36580,1
201,1123030,1238.0,494.5,1,36580,2
201,1123031,1665.0,550.0,1,36580,3
201,1123032,1788.75,478.75,2,36580,4
201,1123033,1788.75,478.75,2,36581,0
201,1123034,547.5,730.0,1,36581,1
201,1123035,1238.0,494.5,1,36581,2
201,1123036,1425.5,552.0,1,36581,3
201,1123037,517.0,599.5,1,36582,0
201,1123038,1062.5,510.5,1,36582,1
201,1123039,1082.0,521.0,1,36582,2
221,1123040,1826.5,488.0,1,36583,0
221,1123041,1748.0,491.0,1,36583,1
221,1123042,1757.5,475.5,1,36583,2
221,1123043,1675.0,547.0,1,36583,3
221,1123044,1653.5,484.5,1,36584,0
221,1123045,1717.0,487.5,1,36584,1
221,1123046,1748.0,491.0,1,36585,0
221,1123047,1757.5,475.5,1,36585,1
221,1123048,1771.75,487.75,2,36585,2
221,1123049,1675.0,547.0,1,36585,3
221,1123050,1757.5,475.5,1,36586,0
221,1123051,1771.75,487.75,2,36586,1
221,1123052,1675.0,547.0,1,36586,2
221,1123053,1748.0,491.0,1,36586,3
221,1123054,1717.0,487.5,1,36587,0
221,1123055,1705.5,480.0,2,36587,1
221,1123056,1748.0,491.0,1,36587,2
221,1123057,1675.0,547.0,1,36588,0
221,1123058,1826.5,488.0,1,36588,1
221,1123059,1748.0,491.0,1,36588,2
221,1123060,1757.5,475.5,1,36588,3
231,1123040,1826.5,488.0,1,36583,0
231,1123041,1748.0,491.0,1,36583,1
231,1123042,1757.5,475.5,1,36583,2
231,1123043,1675.0,547.0,1,36583,3
231,1123044,1653.5,484.5,1,36584,0
231,1123045,1717.0,487.5,1,36584,1
231,1123046,1748.0,491.0,1,36585,0
231,1123047,1757.5,475.5,1,36585,1
231,1123048,1771.75,487.75,2,36585,2
231,1123049,1675.0,547.0,1,36585,3
231,1123050,1757.5,475.5,1,36586,0
231,1123051,1771.75,487.75,2,36586,1
231,1123052,1675.0,547.0,1,36586,2
231,1123053,1748.0,491.0,1,36586,3
231,1123054,1717.0,487.5,1,36587,0
231,1123055,1705.5,480.0,2,36587,1
231,1123056,1748.0,491.0,1,36587,2
231,1123057,1675.0,547.0,1,36588,0
231,1123058,1826.5,488.0,1,36588,1
231,1123059,1748.0,491.0,1,36588,2
231,1123060,1757.5,475.5,1,36588,3
241,1123040,1826.5,488.0,1,36583,0
241,1123041,1748.0,491.0,1,36583,1
241,1123042,1757.5,475.5,1,36583,2
241,1123043,1675.0,547.0,1,36583,3
241,1123044,1653.5,484.5,1,36584,0
241,1123045,1717.0,487.5,1,36584,1
241,1123046,1748.0,491.0,1,36585,0
241,1123047,1757.5,475.5,1,36585,1
241,1123048,1771.75,487.75,2,36585,2
241,1123049,1675.0,547.0,1,36585,3
241,1123050,1757.5,475.5,1,36586,0
241,1123051,1771.75,487.75,2,36586,1
241,1123052,1675.0,547.0,1,36586,2
241,1123053,1748.0,491.0,1,36586,3
241,1123054,1717.0,487.5,1,36587,0
241,1123055,1705.5,480.0,2,36587,1
241,1123056,1748.0,491.0,1,36587,2
241,1123057,1675.0,547.0,1,36588,0
241,1123058,1826.5,488.0,1,36588,1
241,1123059,1748.0,491.0,1,36588,2
241,1123060,1757.5,475.5,1,36588,3
251,1123040,1826.5,488.0,1,36583,0
251,1123041,1748.0,491.0,1,36583,1
251,1123042,1757.5,475.5,1,36583,2
251,1123043,1675.0,547.0,1,36583,3
251,1123044,1653.5,484.5,1,36584,0
251,1123045,1717.0,487.5,1,36584,1
251,1123046,1748.0,491.0,1,36585,0
251,1123047,1757.5,475.5,1,36585,1
251,1123048,1771.75,487.75,2,36585,2
251,1123049,1675.0,547.0,1,36585,3
251,1123050,1757.5,475.5,1,36586,0
251,1123051,1771.75,487.75,2,36586,1
251,1123052,1675.0,547.0,1,36586,2
251,1123053,1748.0,491.0,1,36586,3
251,1123054,1717.0,487.5,1,36587,0
251,1123055,1705.5,480.0,2,36587,1
251,1123056,1748.0,491.0,1,36587,2
251,1123057,1675.0,547.0,1,36588,0
251,1123058,1826.5,488.0,1,36588,1
251,1123059,1748.0,491.0,1,36588,2
251,1123060,1757.5,475.5,1,36588,3
261,1123040,1826.5,488.0,1,36583,0
261,1123041,1748.0,491.0,1,36583,1
261,1123042,1757.5,475.5,1,36583,2
261,1123043,1675.0,547.0,1,36583,3
261,1123044,1653.5,484.5,1,36584,0
261,1123045,1717.0,487.5,1,36584,1
261,1123046,1748.0,491.0,1,36585,0
261,1123047,1757.5,475.5,1,36585,1
261,1123048,1771.75,487.75,2,36585,2
261,1123049,1675.0,547.0,1,36585,3
261,1123050,1757.5,475.5,1,36586,0
261,1123051,1771.75,487.75,2,36586,1
261,1123052,1675.0,547.0,1,36586,2
261,1123053,1748.0,491.0,1,36586,3
261,1123054,1717.0,487.5,1,36587,0
261,1123055,1705.5,480.0,2,36587,1
261,1123056,1748.0,491.0,1,36587,2
261,1123057,1675.0,547.0,1,36588,0
261,1123058,1826.5,488.0,1,36588,1
261,1123059,1748.0,491.0,1,36588,2
261,1123060,1757.5,475.5,1,36588,3
271,1123040,1826.5,488.0,1,36583,0
271,1123041,1748.0,491.0,1,36583,1
271,1123042,1757.5,475.5,1,36583,2
271,1123043,1675.0,547.0,1,36583,3
271,1123044,1653.5,484.5,1,36584,0
271,1123045,1717.0,487.5,1,36584,1
271,1123046,1748.0,491.0,1,36585,0
271,1123047,1757.5,475.5,1,36585,1
271,1123048,1771.75,487.75,2,36585,2
271,1123049,1675.0,547.0,1,36585,3
271,1123050,1757.5,475.5,1,36586,0
271,1123051,1771.75,487.75,2,36586,1
271,1123052,1675.0,547.0,1,36586,2
271,1123053,1748.0,491.0,1,36586,3
271,1123054,1717.0,487.5,1,36587,0
271,1123055,1705.5,480.0,2,36587,1
271,1123056,1748.0,491.0,1,36587,2
271,1123057,1675.0,547.0,1,36588,0
271,1123058,1826.5,488.0,1,36588,1
271,1123059,1748.0,491.0,1,36588,2
271,1123060,1757.5,475.5,1,36588,3
281,1123040,1826.5,488.0,1,36583,0
281,1123041,1748.0,491.0,1,36583,1
281,1123042,1757.5,475.5,1,36583,2
281,1123043,1675.0,547.0,1,36583,3
281,1123044,1653.5,484.5,1,36584,0
281,1123045,1717.0,487.5,1,36584,1
281,1123046,1748.0,491.0,1,36585,0
281,1123047,1757.5,475.5,1,36585,1
281,1123048,1771.75,487.75,2,36585,2
281,1123049,1675.0,547.0,1,36585,3
281,1123050,1757.5,475.5,1,36586,0
281,1123051,1771.75,487.75,2,36586,1
281,1123052,1675.0,547.0,1,36586,2
281,1123053,1748.0,491.0,1,36586,3
281,1123054,1717.0,487.5,1,36587,0
281,1123055,1705.5,480.0,2,36587,1
281,1123056,1748.0,491.0,1,36587,2
281,1123057,1675.0,547.0,1,36588,0
281,1123058,1826.5,488.0,1,36588,1
281,1123059,1748.0,491.0,1,36588,2
281,1123060,1757.5,475.5,1,36588,3
291,1123040,1826.5,488.0,1,36583,0
291,1123041,1748.0,491.0,1,36583,1
291,1123042,1757.5,475.5,1,36583,2
291,1123043,1675.0,547.0,1,36583,3
291,1123044,1653.5,484.5,1,36584,0
291,1123045,1717.0,487.5,1,36584,1
291,1123046,1748.0,491.0,1,36585,0
291,1123047,1757.5,475.5,1,36585,1
291,1123048,1771.75,487.75,2,36585,2
291,1123049,1675.0,547.0,1,36585,3
291,1123050,1757.5,475.5,1,36586,0
291,1123051,1771.75,487.75,2,36586,1
291,1123052,1675.0,547.0,1,36586,2
291,1123053,1748.0,491.0,1,36586,3
291,1123054,1717.0,487.5,1,36587,0
291,1123055,1705.5,480.0,2,36587,1
291,1123056,1748.0,491.0,1,36587,2
291,1123057,1675.0,547.0,1,36588,0
291,1123058,1826.5,488.0,1,36588,1
291,1123059,1748.0,491.0,1,36588,2
291,1123060,1757.5,475.5,1,36588,3
301,1123040,1826.5,488.0,1,36583,0
301,1123041,1748.0,491.0,1,36583,1
301,1123042,1757.5,475.5,1,36583,2
301,1123043,1675.0,547.0,1,36583,3
301,1123044,1653.5,484.5,1,36584,0
301,1123045,1717.0,487.5,1,36584,1
301,1123046,1748.0,491.0,1,36585,0
301,1123047,1757.5,475.5,1,36585,1
301,1123048,1771.75,487.75,2,36585,2
301,1123049,1675.0,547.0,1,36585,3
301,1123050,1757.5,475.5,1,36586,0
301,1123051,1771.75,487.75,2,36586,1
301,1123052,1675.0,547.0,1,36586,2
301,1123053,1748.0,491.0,1,36586,3
301,1123054,1717.0,487.5,1,36587,0
301,1123055,1705.5,480.0,2,36587,1
301,1123056,1748.0,491.0,1,36587,2
301,1123057,1675.0,547.0,1,36588,0
301,1123058,1826.5,488.0,1,36588,1
301,1123059,1748.0,491.0,1,36588,2
301,1123060,1757.5,475.5,1,36588,3
311,1123040,1807.0,492.0,1,36583,0
311,1123041,1750.5,492.0,1,36583,1
311,1123042,1752.5,475.0,1,36583,2
311,1123043,1670.5,541.5,1,36583,3
311,1123044,1636.0,484.0,1,36584,0
311,1123045,1687.0,487.5,1,36584,1
311,1123046,1750.5,492.0,1,36585,0
311,1123047,1752.5,475.0,1,36585,1
311,1123048,1747.0,489.75,2,36585,2
311,1123049,1670.5,541.5,1,36585,3
311,1123050,1752.5,475.0,1,36586,0
311,1123051,1747.0,489.75,2,36586,1
311,1123052,1670.5,541.5,1,36586,2
311,1123053,1750.5,492.0,1,36586,3
311,1123054,1687.0,487.5,1,36587,0
311,1123055,1694.25,479.5,2,36587,1
311,1123056,1750.5,492.0,1,36587,2
311,1123057,1670.5,541.5,1,36588,0
311,1123058,1807.0,492.0,1,36588,1
311,1123059,1750.5,492.0,1,36588,2
311,1123060,1752.5,475.0,1,36588,3
321,1123040,1807.0,492.0,1,36583,0
321,1123041,1750.5,492.0,1,36583,1
321,1123042,1752.5,475.0,1,36583,2
321,1123043,1670.5,541.5,1,36583,3
321,1123044,1636.0,484.0,1,36584,0
321,1123045,1687.0,487.5,1,36584,1
321,1123046,1750.5,492.0,1,36585,0
321,1123047,1752.5,475.0,1,36585,1
321,1123048,1747.0,489.75,2,36585,2
321,1123049,1670.5,541.5,1,36585,3
321,1123050,1752.5,475.0,1,36586,0
321,1123051,1747.0,489.75,2,36586,1
321,1123052,1670.5,541.5,1,36586,2
321,1123053,1750.5,492.0,1,36586,3
321,1123054,1687.0,487.5,1,36587,0
321,1123055,1694.25,479.5,2,36587,1
321,1123056,1750.5,492.0,1,36587,2
321,1123057,1670.5,541.5,1,36588,0
321,1123058,1807.0,492.0,1,36588,1
321,1123059,1750.5,492.0,1,36588,2
321,1123060,1752.5,475.0,1,36588,3
331,1123040,1807.0,492.0,1,36583,0
331,1123041,1750.5,492.0,1,36583,1
331,1123042,1752.5,475.0,1,36583,2
331,1123043,1670.5,541.5,1,36583,3
331,1123044,1636.0,484.0,1,36584,0
331,1123045,1687.0,487.5,1,36584,1
331,1123046,1750.5,492.0,1,36585,0
331,1123047,1752.5,475.0,1,36585,1
331,1123048,1747.0,489.75,2,36585,2
331,1123049,1670.5,541.5,1,36585,3
331,1123050,1752.5,475.0,1,36586,0
331,1123051,1747.0,489.75,2,36586,1
331,1123052,1670.5,541.5,1,36586,2
331,1123053,1750.5,492.0,1,36586,3
331,1123054,1687.0,487.5,1,36587,0
331,1123055,1694.25,479.5,2,36587,1
331,1123056,1750.5,492.0,1,36587,2
331,1123057,1670.5,541.5,1,36588,0
331,1123058,1807.0,492.0,1,36588,1
331,1123059,1750.5,492.0,1,36588,2
331,1123060,1752.5,475.0,1,36588,3
341,1123040,1807.0,492.0,1,36583,0
341,1123041,1750.5,492.0,1,36583,1
341,1123042,1752.5,475.0,1,36583,2
341,1123043,1670.5,541.5,1,36583,3
341,1123044,1636.0,484.0,1,36584,0
341,1123045,1687.0,487.5,1,36584,1
341,1123046,1750.5,492.0,1,36585,0
341,1123047,1752.5,475.0,1,36585,1
341,1123048,1747.0,489.75,2,36585,2
341,1123049,1670.5,541.5,1,36585,3
341,1123050,1752.5,475.0,1,36586,0
341,1123051,1747.0,489.75,2,36586,1
341,1123052,1670.5,541.5,1,36586,2
341,1123053,1750.5,492.0,1,36586,3
341,1123054,1687.0,487.5,1,36587,0
341,1123055,1694.25,479.5,2,36587,1
341,1123056,1750.5,492.0,1,36587,2
341,1123057,1670.5,541.5,1,36588,0
341,1123058,1807.0,492.0,1,36588,1
341,1123059,1750.5,492.0,1,36588,2
341,1123060,1752.5,475.0,1,36588,3
351,1123040,1807.0,492.0,1,36583,0
351,1123041,1750.5,492.0,1,36583,1
351,1123042,1752.5,475.0,1,36583,2
351,1123043,1670.5,541.5,1,36583,3
351,1123044,1636.0,484.0,1,36584,0
351,1123045,1687.0,487.5,1,36584,1
351,1123046,1750.5,492.0,1,36585,0
351,1123047,1752.5,475.0,1,36585,1
351,1123048,1747.0,489.75,2,36585,2
351,1123049,1670.5,541.5,1,36585,3
351,1123050,1752.5,475.0,1,36586,0
351,1123051,1747.0,489.75,2,36586,1
351,1123052,1670.5,541.5,1,36586,2
351,1123053,1750.5,492.0,1,36586,3
351,1123054,1687.0,487.5,1,36587,0
351,1123055,1694.25,479.5,2,36587,1
351,1123056,1750.5,492.0,1,36587,2
351,1123057,1670.5,541.5,1,36588,0
351,1123058,1807.0,492.0,1,36588,1
351,1123059,1750.5,492.0,1,36588,2
351,1123060,1752.5,475.0,1,36588,3
361,1123040,1807.0,492.0,1,36583,0
361,1123041,1750.5,492.0,1,36583,1
361,1123042,1752.5,475.0,1,36583,2
361,1123043,1670.5,541.5,1,36583,3
361,1123044,1636.0,484.0,1,36584,0
361,1123045,1687.0,487.5,1,36584,1
361,1123046,1750.5,492.0,1,36585,0
361,1123047,1752.5,475.0,1,36585,1
361,1123048,1747.0,489.75,2,36585,2
361,1123049,1670.5,541.5,1,36585,3
361,1123050,1752.5,475.0,1,36586,0
361,1123051,1747.0,489.75,2,36586,1
361,1123052,1670.5,541.5,1,36586,2
361,1123053,1750.5,492.0,1,36586,3
361,1123054,1687.0,487.5,1,36587,0
361,1123055,1694.25,479.5,2,36587,1
361,1123056,1750.5,492.0,1,36587,2
361,1123057,1670.5,541.5,1,36588,0
361,1123058,1807.0,492.0,1,36588,1
361,1123059,1750.5,492.0,1,36588,2
361,1123060,1752.5,475.0,1,36588,3
371,1123040,1807.0,492.0,1,36583,0
371,1123041,1750.5,492.0,1,36583,1
371,1123042,1752.5,475.0,1,36583,2
371,1123043,1670.5,541.5,1,36583,3
371,1123044,1636.0,484.0,1,36584,0
371,1123045,1687.0,487.5,1,36584,1
371,1123046,1750.5,492.0,1,36585,0
371,1123047,1752.5,475.0,1,36585,1
371,1123048,1747.0,489.75,2,36585,2
371,1123049,1670.5,541.5,1,36585,3
371,1123050,1752.5,475.0,1,36586,0
371,1123051,1747.0,489.75,2,36586,1
371,1123052,1670.5,541.5,1,36586,2
371,1123053,1750.5,492.0,1,36586,3
371,1123054,1687.0,487.5,1,36587,0
371,1123055,1694.25,479.5,2,36587,1
371,1123056,1750.5,492.0,1,36587,2
371,1123057,1670.5,541.5,1,36588,0
371,1123058,1807.0,492.0,1,36588,1
371,1123059,1750.5,492.0,1,36588,2
371,1123060,1752.5,475.0,1,36588,3
381,1123040,1807.0,492.0,1,36583,0
381,1123041,1750.5,492.0,1,36583,1
381,1123042,1752.5,475.0,1,36583,2
381,1123043,1670.5,541.5,1,36583,3
381,1123044,1636.0,484.0,1,36584,0
381,1123045,1687.0,487.5,1,36584,1
381,1123046,1750.5,492.0,1,36585,0
381,1123047,1752.5,475.0,1,36585,1
381,1123048,1747.0,489.75,2,36585,2
381,1123049,1670.5,541.5,1,36585,3
381,1123050,1752.5,475.0,1,36586,0
381,1123051,1747.0,489.75,2,36586,1
381,1123052,1670.5,541.5,1,36586,2
381,1123053,1750.5,492.0,1,36586,3
381,1123054,1687.0,487.5,1,36587,0
381,1123055,1694.25,479.5,2,36587,1
381,1123056,1750.5,492.0,1,36587,2
381,1123057,1670.5,541.5,1,36588,0
381,1123058,1807.0,492.0,1,36588,1
381,1123059,1750.5,492.0,1,36588,2
381,1123060,1752.5,475.0,1,36588,3
391,1123040,1807.0,492.0,1,36583,0
391,1123041,1750.5,492.0,1,36583,1
391,1123042,1752.5,475.0,1,36583,2
391,1123043,1670.5,541.5,1,36583,3
391,1123044,1636.0,484.0,1,36584,0
391,1123045,1687.0,487.5,1,36584,1
391,1123046,1750.5,492.0,1,36585,0
391,1123047,1752.5,475.0,1,36585,1
391,1123048,1747.0,489.75,2,36585,2
391,1123049,1670.5,541.5,1,36585,3
391,1123050,1752.5,475.0,1,36586,0
391,1123051,1747.0,489.75,2,36586,1
391,1123052,1670.5,541.5,1,36586,2
391,1123053,1750.5,492.0,1,36586,3
391,1123054,1687.0,487.5,1,36587,0
391,1123055,1694.25,479.5,2,36587,1
391,1123056,1750.5,492.0,1,36587,2
391,1123057,1670.5,541.5,1,36588,0
391,1123058,1807.0,492.0,1,36588,1
391,1123059,1750.5,492.0,1,36588,2
391,1123060,1752.5,475.0,1,36588,3
401,1123040,1807.0,492.0,1,36583,0
401,1123041,1750.5,492.0,1,36583,1
401,1123042,1752.5,475.0,1,36583,2
401,1123043,1670.5,541.5,1,36583,3
401,1123044,1636.0,484.0,1,36584,0
401,1123045,1687.0,487.5,1,36584,1
401,1123046,1750.5,492.0,1,36585,0
401,1123047,1752.5,475.0,1,36585,1
401,1123048,1747.0,489.75,2,36585,2
401,1123049,1670.5,541.5,1,36585,3
401,1123050,1752.5,475.0,1,36586,0
401,1123051,1747.0,489.75,2,36586,1
401,1123052,1670.5,541.5,1,36586,2
401,1123053,1750.5,492.0,1,36586,3
401,1123054,1687.0,487.5,1,36587,0
401,1123055,1694.25,479.5,2,36587,1
401,1123056,1750.5,492.0,1,36587,2
401,1123057,1670.5,541.5,1,36588,0
401,1123058,1807.0,492.0,1,36588,1
401,1123059,1750.5,492.0,1,36588,2
401,1123060,1752.5,475.0,1,36588,3
411,1123040,1862.0,500.5,1,36583,0
411,1123041,1751.0,492.0,1,36583,1
411,1123042,1751.0,475.0,1,36583,2
411,1123043,1683.0,539.5,1,36583,3
411,1123044,1623.0,493.0,1,36584,0
411,1123045,1634.0,487.5,1,36584,1
411,1123046,1751.0,492.0,1,36585,0
411,1123047,1751.0,475.0,1,36585,1
411,1123048,1748.0,494.0,2,36585,2
411,1123049,1683.0,539.5,1,36585,3
411,1123050,1751.0,475.0,1,36586,0
411,1123051,1748.0,494.0,2,36586,1
411,1123052,1683.0,539.5,1,36586,2
411,1123053,1751.0,492.0,1,36586,3
411,1123054,1634.0,487.5,1,36587,0
411,1123055,1687.0,484.0,2,36587,1
411,1123056,1751.0,492.0,1,36587,2
411,1123057,1683.0,539.5,1,36588,0
411,1123058,1862.0,500.5,1,36588,1
411,1123059,1751.0,492.0,1,36588,2
411,1123060,1751.0,475.0,1,36588,3
431,1123061,1881.0,478.5,1,36589,0
431,1123062,913.0,507.0,1,36589,1
431,1123063,1833.0,479.5,1,36589,2
431,1123064,1678.0,483.5,1,36589,3
431,1123065,1836.0,486.5,1,36589,4
431,1123066,1571.5,545.5,1,36589,5
431,1123067,1833.0,479.5,1,36590,0
431,1123068,1678.0,483.5,1,36590,1
431,1123069,1836.0,486.5,1,36590,2
431,1123070,1881.0,478.5,1,36590,3
431,1123071,1678.0,483.5,1,36591,0
431,1123072,1836.0,486.5,1,36591,1
431,1123073,1881.0,478.5,1,36591,2
431,1123074,1833.0,479.5,1,36591,3
431,1123075,913.0,507.0,1,36592,0
431,1123076,1881.0,478.5,1,36592,1
431,1123077,1571.5,545.5,1,36592,2
431,1123078,1836.0,486.5,1,36593,0
431,1123079,1678.0,483.5,1,36593,1
431,1123080,1881.0,478.5,1,36593,2
431,1123081,1833.0,479.5,1,36593,3
431,1123082,1604.0,546.5,1,36594,0
431,1123083,1571.5,545.5,1,36594,1
431,1123084,1571.5,545.5,1,36595,0
431,1123085,1881.0,478.5,1,36595,1
431,1123086,913.0,507.0,1,36595,2
431,1123087,1604.0,546.5,1,36595,3
441,1123061,1881.0,478.5,1,36589,0
441,1123062,913.0,507.0,1,36589,1
441,1123063,1833.0,479.5,1,36589,2
441,1123064,1678.0,483.5,1,36589,3
441,1123065,1836.0,486.5,1,36589,4
441,1123066,1571.5,545.5,1,36589,5
441,1123067,1833.0,479.5,1,36590,0
441,1123068,1678.0,483.5,1,36590,1
441,1123069,1836.0,486.5,1,36590,2
441,1123070,1881.0,478.5,1,36590,3
441,1123071,1678.0,483.5,1,36591,0
441,1123072,1836.0,486.5,1,36591,1
441,1123073,1881.0,478.5,1,36591,2
441,1123074,1833.0,479.5,1,36591,3
441,1123075,913.0,507.0,1,36592,0
441,1123076,1881.0,478.5,1,36592,1
441,1123077,1571.5,545.5,1,36592,2
441,1123078,1836.0,486.5,1,36593,0
441,1123079,1678.0,483.5,1,36593,1
441,1123080,1881.0,478.5,1,36593,2
441,1123081,1833.0,479.5,1,36593,3
441,1123082,1604.0,546.5,1,36594,0
441,1123083,1571.5,545.5,1,36594,1
441,1123084,1571.5,545.5,1,36595,0
441,1123085,1881.0,478.5,1,36595,1
441,1123086,913.0,507.0,1,36595,2
441,1123087,1604.0,546.5,1,36595,3
451,1123061,1881.0,478.5,1,36589,0
451,1123062,913.0,507.0,1,36589,1
451,1123063,1833.0,479.5,1,36589,2
451,1123064,1678.0,483.5,1,36589,3
451,1123065,1836.0,486.5,1,36589,4
451,1123066,1571.5,545.5,1,36589,5
451,1123067,1833.0,479.5,1,36590,0
451,1123068,1678.0,483.5,1,36590,1
451,1123069,1836.0,486.5,1,36590,2
451,1123070,1881.0,478.5,1,36590,3
451,1123071,1678.0,483.5,1,36591,0
451,1123072,1836.0,486.5,1,36591,1
451,1123073,1881.0,478.5,1,36591,2
451,1123074,1833.0,479.5,1,36591,3
451,1123075,913.0,507.0,1,36592,0
451,1123076,1881.0,478.5,1,36592,1
451,1123077,1571.5,545.5,1,36592,2
451,1123078,1836.0,486.5,1,36593,0
451,1123079,1678.0,483.5,1,36593,1
451,1123080,1881.0,478.5,1,36593,2
451,1123081,1833.0,479.5,1,36593,3
451,1123082,1604.0,546.5,1,36594,0
451,1123083,1571.5,545.5,1,36594,1
451,1123084,1571.5,545.5,1,36595,0
451,1123085,1881.0,478.5,1,36595,1
451,1123086,913.0,507.0,1,36595,2
451,1123087,1604.0,546.5,1,36595,3
461,1123061,1881.0,478.5,1,36589,0
461,1123062,913.0,507.0,1,36589,1
461,1123063,1833.0,479.5,1,36589,2
461,1123064,1678.0,483.5,1,36589,3
461,1123065,1836.0,486.5,1,36589,4
461,1123066,1571.5,545.5,1,36589,5
461,1123067,1833.0,479.5,1,36590,0
461,1123068,1678.0,483.5,1,36590,1
461,1123069,1836.0,486.5,1,36590,2
461,1123070,1881.0,478.5,1,36590,3
461,1123071,1678.0,483.5,1,36591,0
461,1123072,1836.0,486.5,1,36591,1
461,1123073,1881.0,478.5,1,36591,2
461,1123074,1833.0,479.5,1,36591,3
461,1123075,913.0,507.0,1,36592,0
461,1123076,1881.0,478.5,1,36592,1
461,1123077,1571.5,545.5,1,36592,2
461,1123078,1836.0,486.5,1,36593,0
461,1123079,1678.0,483.5,1,36593,1
461,1123080,1881.0,478.5,1,36593,2
461,1123081,1833.0,479.5,1,36593,3
461,1123082,1604.0,546.5,1,36594,0
461,1123083,1571.5,545.5,1,36594,1
461,1123084,1571.5,545.5,1,36595,0
461,1123085,1881.0,478.5,1,36595,1
461,1123086,913.0,507.0,1,36595,2
461,1123087,1604.0,546.5,1,36595,3
471,1123061,1881.0,478.5,1,36589,0
471,1123062,913.0,507.0,1,36589,1
471,1123063,1833.0,479.5,1,36589,2
471,1123064,1678.0,483.5,1,36589,3
471,1123065,1836.0,486.5,1,36589,4
471,1123066,1571.5,545.5,1,36589,5
471,1123067,1833.0,479.5,1,36590,0
471,1123068,1678.0,483.5,1,36590,1
471,1123069,1836.0,486.5,1,36590,2
471,1123070,1881.0,478.5,1,36590,3
471,1123071,1678.0,483.5,1,36591,0
471,1123072,1836.0,486.5,1,36591,1
471,1123073,1881.0,478.5,1,36591,2
471,1123074,1833.0,479.5,1,36591,3
471,1123075,913.0,507.0,1,36592,0
471,1123076,1881.0,478.5,1,36592,1
471,1123077,1571.5,545.5,1,36592,2
471,1123078,1836.0,486.5,1,36593,0
471,1123079,1678.0,483.5,1,36593,1
471,1123080,1881.0,478.5,1,36593,2
471,1123081,1833.0,479.5,1,36593,3
471,1123082,1604.0,546.5,1,36594,0
471,1123083,1571.5,545.5,1,36594,1
471,1123084,1571.5,545.5,1,36595,0
471,1123085,1881.0,478.5,1,36595,1
471,1123086,913.0,507.0,1,36595,2
471,1123087,1604.0,546.5,1,36595,3
481,1123061,1881.0,478.5,1,36589,0
481,1123062,913.0,507.0,1,36589,1
481,1123063,1833.0,479.5,1,36589,2
481,1123064,1678.0,483.5,1,36589,3
481,1123065,1836.0,486.5,1,36589,4
481,1123066,1571.5,545.5,1,36589,5
481,1123067,1833.0,479.5,1,36590,0
481,1123068,1678.0,483.5,1,36590,1
481,1123069,1836.0,486.5,1,36590,2
481,1123070,1881.0,478.5,1,36590,3
481,1123071,1678.0,483.5,1,36591,0
481,1123072,1836.0,486.5,1,36591,1
481,1123073,1881.0,478.5,1,36591,2
481,1123074,1833.0,479.5,1,36591,3
481,1123075,913.0,507.0,1,36592,0
481,1123076,1881.0,478.5,1,36592,1
481,1123077,1571.5,545.5,1,36592,2
481,1123078,1836.0,486.5,1,36593,0
481,1123079,1678.0,483.5,1,36593,1
481,1123080,1881.0,478.5,1,36593,2
481,1123081,1833.0,479.5,1,36593,3
481,1123082,1604.0,546.5,1,36594,0
481,1123083,1571.5,545.5,1,36594,1
481,1123084,1571.5,545.5,1,36595,0
481,1123085,1881.0,478.5,1,36595,1
481,1123086,913.0,507.0,1,36595,2
481,1123087,1604.0,546.5,1,36595,3
491,1123061,1881.0,478.5,1,36589,0
491,1123062,913.0,507.0,1,36589,1
491,1123063,1833.0,479.5,1,36589,2
491,1123064,1678.0,483.5,1,36589,3
491,1123065,1836.0,486.5,1,36589,4
491,1123066,1571.5,545.5,1,36589,5
491,1123067,1833.0,479.5,1,36590,0
491,1123068,1678.0,483.5,1,36590,1
491,1123069,1836.0,486.5,1,36590,2
491,1123070,1881.0,478.5,1,36590,3
491,1123071,1678.0,483.5,1,36591,0
491,1123072,1836.0,486.5,1,36591,1
491,1123073,1881.0,478.5,1,36591,2
491,1123074,1833.0,479.5,1,36591,3
491,1123075,913.0,507.0,1,36592,0
491,1123076,1881.0,478.5,1,36592,1
491,1123077,1571.5,545.5,1,36592,2
491,1123078,1836.0,486.5,1,36593,0
491,1123079,1678.0,483.5,1,36593,1
491,1123080,1881.0,478.5,1,36593,2
491,1123081,1833.0,479.5,1,36593,3
491,1123082,1604.0,546.5,1,36594,0
491,1123083,1571.5,545.5,1,36594,1
491,1123084,1571.5,545.5,1,36595,0
491,1123085,1881.0,478.5,1,36595,1
491,1123086,913.0,507.0,1,36595,2
491,1123087,1604.0,546.5,1,36595,3
501,1123061,1881.0,478.5,1,36589,0
501,1123062,913.0,507.0,1,36589,1
501,1123063,1833.0,479.5,1,36589,2
501,1123064,1678.0,483.5,1,36589,3
501,1123065,1836.0,486.5,1,36589,4
501,1123066,1571.5,545.5,1,36589,5
501,1123067,1833.0,479.5,1,36590,0
501,1123068,1678.0,483.5,1,36590,1
501,1123069,1836.0,486.5,1,36590,2
501,1123070,1881.0,478.5,1,36590,3
501,1123071,1678.0,483.5,1,36591,0
501,1123072,1836.0,486.5,1,36591,1
501,1123073,1881.0,478.5,1,36591,2
501,1123074,1833.0,479.5,1,36591,3
501,1123075,913.0,507.0,1,36592,0
501,1123076,1881.0,478.5,1,36592,1
501,1123077,1571.5,545.5,1,36592,2
501,1123078,1836.0,486.5,1,36593,0
501,1123079,1678.0,483.5,1,36593,1
501,1123080,1881.0,478.5,1,36593,2
501,1123081,1833.0,479.5,1,36593,3
501,1123082,1604.0,546.5,1,36594,0
501,1123083,1571.5,545.5,1,36594,1
501,1123084,1571.5,545.5,1,36595,0
501,1123085,1881.0,478.5,1,36595,1
501,1123086,913.0,507.0,1,36595,2
501,1123087,1604.0,546.5,1,36595,3
511,1123061,1881.0,478.5,1,36589,0
511,1123062,913.0,507.0,1,36589,1
511,1123063,1833.0,479.5,1,36589,2
511,1123064,1678.0,483.5,1,36589,3
511,1123065,1836.0,486.5,1,36589,4
511,1123066,1571.5,545.5,1,36589,5
511,1123067,1833.0,479.5,1,36590,0
511,1123068,1678.0,483.5,1,36590,1
511,1123069,1836.0,486.5,1,36590,2
511,1123070,1881.0,478.5,1,36590,3
511,1123071,1678.0,483.5,1,36591,0
511,1123072,1836.0,486.5,1,36591,1
511,1123073,1881.0,478.5,1,36591,2
511,1123074,1833.0,479.5,1,36591,3
511,1123075,913.0,507.0,1,36592,0
511,1123076,1881.0,478.5,1,36592,1
511,1123077,1571.5,545.5,1,36592,2
511,1123078,1836.0,486.5,1,36593,0
511,1123079,1678.0,483.5,1,36593,1
511,1123080,1881.0,478.5,1,36593,2
511,1123081,1833.0,479.5,1,36593,3
511,1123082,1604.0,546.5,1,36594,0
511,1123083,1571.5,545.5,1,36594,1
511,1123084,1571.5,545.5,1,36595,0
511,1123085,1881.0,478.5,1,36595,1
511,1123086,913.0,507.0,1,36595,2
511,1123087,1604.0,546.5,1,36595,3
521,1123061,1861.0,473.5,1,36589,0
521,1123062,952.0,505.5,1,36589,1
521,1123063,1837.0,479.5,1,36589,2
521,1123064,1692.0,481.5,1,36589,3
521,1123065,1835.5,488.0,1,36589,4
521,1123066,1580.5,543.0,1,36589,5
521,1123067,1837.0,479.5,1,36590,0
521,1123068,1692.0,481.5,1,36590,1
521,1123069,1835.5,488.0,1,36590,2
521,1123070,1861.0,473.5,1,36590,3
521,1123071,1692.0,481.5,1,36591,0
521,1123072,1835.5,488.0,1,36591,1
521,1123073,1861.0,473.5,1,36591,2
521,1123074,1837.0,479.5,1,36591,3
521,1123075,952.0,505.5,1,36592,0
521,1123076,1861.0,473.5,1,36592,1
521,1123077,1580.5,543.0,1,36592,2
521,1123078,1835.5,488.0,1,36593,0
521,1123079,1692.0,481.5,1,36593,1
521,1123080,1861.0,473.5,1,36593,2
521,1123081,1837.0,479.5,1,36593,3
521,1123082,1604.5,543.5,1,36594,0
521,1123083,1580.5,543.0,1,36594,1
521,1123084,1580.5,543.0,1,36595,0
521,1123085,1861.0,473.5,1,36595,1
521,1123086,952.0,505.5,1,36595,2
521,1123087,1604.5,543.5,1,36595,3
531,1123061,1861.0,473.5,1,36589,0
531,1123062,952.0,505.5,1,36589,1
531,1123063,1837.0,479.5,1,36589,2
531,1123064,1692.0,481.5,1,36589,3
531,1123065,1835.5,488.0,1,36589,4
531,1123066,1580.5,543.0,1,36589,5
531,1123067,1837.0,479.5,1,36590,0
531,1123068,1692.0,481.5,1,36590,1
531,1123069,1835.5,488.0,1,36590,2
531,1123070,1861.0,473.5,1,36590,3
531,1123071,1692.0,481.5,1,36591,0
531,1123072,1835.5,488.0,1,36591,1
531,1123073,1861.0,473.5,1,36591,2
531,1123074,1837.0,479.5,1,36591,3
531,1123075,952.0,505.5,1,36592,0
531,1123076,1861.0,473.5,1,36592,1
531,1123077,1580.5,543.0,1,36592,2
531,1123078,1835.5,488.0,1,36593,0
531,1123079,1692.0,481.5,1,36593,1
531,1123080,1861.0,473.5,1,36593,2
531,1123081,1837.0,479.5,1,36593,3
531,1123082,1604.5,543.5,1,36594,0
531,1123083,1580.5,543.0,1,36594,1
531,1123084,1580.5,543.0,1,36595,0
531,1123085,1861.0,473.5,1,36595,1
531,1123086,952.0,505.5,1,36595,2
531,1123087,1604.5,543.5,1,36595,3
541,1123061,1861.0,473.5,1,36589,0
541,1123062,952.0,505.5,1,36589,1
541,1123063,1837.0,479.5,1,36589,2
541,1123064,1692.0,481.5,1,36589,3
541,1123065,1835.5,488.0,1,36589,4
541,1123066,1580.5,543.0,1,36589,5
541,1123067,1837.0,479.5,1,36590,0
541,1123068,1692.0,481.5,1,36590,1
541,1123069,1835.5,488.0,1,36590,2
541,1123070,1861.0,473.5,1,36590,3
541,1123071,1692.0,481.5,1,36591,0
541,1123072,1835.5,488.0,1,36591,1
541,1123073,1861.0,473.5,1,36591,2
541,1123074,1837.0,479.5,1,36591,3
541,1123075,952.0,505.5,1,36592,0
541,1123076,1861.0,473.5,1,36592,1
541,1123077,1580.5,543.0,1,36592,2
541,1123078,1835.5,488.0,1,36593,0
541,1123079,1692.0,481.5,1,36593,1
541,1123080,1861.0,473.5,1,36593,2
541,1123081,1837.0,479.5,1,36593,3
541,1123082,1604.5,543.5,1,36594,0
541,1123083,1580.5,543.0,1,36594,1
541,1123084,1580.5,543.0,1,36595,0
541,1123085,1861.0,473.5,1,36595,1
541,1123086,952.0,505.5,1,36595,2
541,1123087,1604.5,543.5,1,36595,3
551,1123061,1861.0,473.5,1,36589,0
551,1123062,952.0,505.5,1,36589,1
551,1123063,1837.0,479.5,1,36589,2
551,1123064,1692.0,481.5,1,36589,3
551,1123065,1835.5,488.0,1,36589,4
551,1123066,1580.5,543.0,1,36589,5
551,1123067,1837.0,479.5,1,36590,0
551,1123068,1692.0,481.5,1,36590,1
551,1123069,1835.5,488.0,1,36590,2
551,1123070,1861.0,473.5,1,36590,3
551,1123071,1692.0,481.5,1,36591,0
551,1123072,1835.5,488.0,1,36591,1
551,1123073,1861.0,473.5,1,36591,2
551,1123074,1837.0,479.5,1,36591,3
551,1123075,952.0,505.5,1,36592,0
551,1123076,1861.0,473.5,1,36592,1
551,1123077,1580.5,543.0,1,36592,2
551,1123078,1835.5,488.0,1,36593,0
551,1123079,1692.0,481.5,1,36593,1
551,1123080,1861.0,473.5,1,36593,2
551,1123081,1837.0,479.5,1,36593,3
551,1123082,1604.5,543.5,1,36594,0
551,1123083,1580.5,543.0,1,36594,1
551,1123084,1580.5,543.0,1,36595,0
551,1123085,1861.0,473.5,1,36595,1
551,1123086,952.0,505.5,1,36595,2
551,1123087,1604.5,543.5,1,36595,3
561,1123061,1861.0,473.5,1,36589,0
561,1123062,952.0,505.5,1,36589,1
561,1123063,1837.0,479.5,1,36589,2
561,1123064,1692.0,481.5,1,36589,3
561,1123065,1835.5,488.0,1,36589,4
561,1123066,1580.5,543.0,1,36589,5
561,1123067,1837.0,479.5,1,36590,0
561,1123068,1692.0,481.5,1,36590,1
561,1123069,1835.5,488.0,1,36590,2
561,1123070,1861.0,473.5,1,36590,3
561,1123071,1692.0,481.5,1,36591,0
561,1123072,1835.5,488.0,1,36591,1
561,1123073,1861.0,473.5,1,36591,2
561,1123074,1837.0,479.5,1,36591,3
561,1123075,952.0,505.5,1,36592,0
561,1123076,1861.0,473.5,1,36592,1
561,1123077,1580.5,543.0,1,36592,2
561,1123078,1835.5,488.0,1,36593,0
561,1123079,1692.0,481.5,1,36593,1
561,1123080,1861.0,473.5,1,36593,2
561,1123081,1837.0,479.5,1,36593,3
561,1123082,1604.5,543.5,1,36594,0
561,1123083,1580.5,543.0,1,36594,1
561,1123084,1580.5,543.0,1,36595,0
561,1123085,1861.0,473.5,1,36595,1
561,1123086,952.0,505.5,1,36595,2
561,1123087,1604.5,543.5,1,36595,3
571,1123061,1861.0,473.5,1,36589,0
571,1123062,952.0,505.5,1,36589,1
571,1123063,1837.0,479.5,1,36589,2
571,1123064,1692.0,481.5,1,36589,3
571,1123065,1835.5,488.0,1,36589,4
571,1123066,1580.5,543.0,1,36589,5
571,1123067,1837.0,479.5,1,36590,0
571,1123068,1692.0,481.5,1,36590,1
571,1123069,1835.5,488.0,1,36590,2
571,1123070,1861.0,473.5,1,36590,3
571,1123071,1692.0,481.5,1,36591,0
571,1123072,1835.5,488.0,1,36591,1
571,1123073,1861.0,473.5,1,36591,2
571,1123074,1837.0,479.5,1,36591,3
571,1123075,952.0,505.5,1,36592,0
571,1123076,1861.0,473.5,1,36592,1
571,1123077,1580.5,543.0,1,36592,2
571,1123078,1835.5,488.0,1,36593,0
571,1123079,1692.0,481.5,1,36593,1
571,1123080,1861.0,473.5,1,36593,2
571,1123081,1837.0,479.5,1,36593,3
571,1123082,1604.5,543.5,1,36594,0
571,1123083,1580.5,543.0,1,36594,1
571,1123084,1580.5,543.0,1,36595,0
571,1123085,1861.0,473.5,1,36595,1
571,1123086,952.0,505.5,1,36595,2
571,1123087,1604.5,543.5,1,36595,3
581,1123061,1861.0,473.5,1,36589,0
581,1123062,952.0,505.5,1,36589,1
581,1123063,1837.0,479.5,1,36589,2
581,1123064,1692.0,481.5,1,36589,3
581,1123065,1835.5,488.0,1,36589,4
581,1123066,1580.5,543.0,1,36589,5
581,1123067,1837.0,479.5,1,36590,0
581,1123068,1692.0,481.5,1,36590,1
581,1123069,1835.5,488.0,1,36590,2
581,1123070,1861.0,473.5,1,36590,3
581,1123071,1692.0,481.5,1,36591,0
581,1123072,1835.5,488.0,1,36591,1
581,1123073,1861.0,473.5,1,36591,2
581,1123074,1837.0,479.5,1,36591,3
581,1123075,952.0,505.5,1,36592,0
581,1123076,1861.0,473.5,1,36592,1
581,1123077,1580.5,543.0,1,36592,2
581,1123078,1835.5,488.0,1,36593,0
581,1123079,1692.0,481.5,1,36593,1
581,1123080,1861.0,473.5,1,36593,2
581,1123081,1837.0,479.5,1,36593,3
581,1123082,1604.5,543.5,1,36594,0
581,1123083,1580.5,543.0,1,36594,1
581,1123084,1580.5,543.0,1,36595,0
581,1123085,1861.0,473.5,1,36595,1
581,1123086,952.0,505.5,1,36595,2
581,1123087,1604.5,543.5,1,36595,3
591,1123061,1861.0,473.5,1,36589,0
591,1123062,952.0,505.5,1,36589,1
591,1123063,1837.0,479.5,1,36589,2
591,1123064,1692.0,481.5,1,36589,3
591,1123065,1835.5,488.0,1,36589,4
591,1123066,1580.5,543.0,1,36589,5
591,1123067,1837.0,479.5,1,36590,0
591,1123068,1692.0,481.5,1,36590,1
591,1123069,1835.5,488.0,1,36590,2
591,1123070,1861.0,473.5,1,36590,3
591,1123071,1692.0,481.5,1,36591,0
591,1123072,1835.5,488.0,1,36591,1
591,1123073,1861.0,473.5,1,36591,2
591,1123074,1837.0,479.5,1,36591,3
591,1123075,952.0,505.5,1,36592,0
591,1123076,1861.0,473.5,1,36592,1
591,1123077,1580.5,543.0,1,36592,2
591,1123078,1835.5,488.0,1,36593,0
591,1123079,1692.0,481.5,1,36593,1
591,1123080,1861.0,473.5,1,36593,2
591,1123081,1837.0,479.5,1,36593,3
591,1123082,1604.5,543.5,1,36594,0
591,1123083,1580.5,543.0,1,36594,1
591,1123084,1580.5,543.0,1,36595,0
591,1123085,1861.0,473.5,1,36595,1
591,1123086,952.0,505.5,1,36595,2
591,1123087,1604.5,543.5,1,36595,3
601,1123061,1861.0,473.5,1,36589,0
601,1123062,952.0,505.5,1,36589,1
601,1123063,1837.0,479.5,1,36589,2
601,1123064,1692.0,481.5,1,36589,3
601,1123065,1835.5,488.0,1,36589,4
601,1123066,1580.5,543.0,1,36589,5
601,1123067,1837.0,479.5,1,36590,0
601,1123068,1692.0,481.5,1,36590,1
601,1123069,1835.5,488.0,1,36590,2
601,1123070,1861.0,473.5,1,36590,3
601,1123071,1692.0,481.5,1,36591,0
601,1123072,1835.5,488.0,1,36591,1
601,1123073,1861.0,473.5,1,36591,2
601,1123074,1837.0,479.5,1,36591,3
601,1123075,952.0,505.5,1,36592,0
601,1123076,1861.0,473.5,1,36592,1
601,1123077,1580.5,543.0,1,36592,2
601,1123078,1835.5,488.0,1,36593,0
601,1123079,1692.0,481.5,1,36593,1
601,1123080,1861.0,473.5,1,36593,2
601,1123081,1837.0,479.5,1,36593,3
601,1123082,1604.5,543.5,1,36594,0
601,1123083,1580.5,543.0,1,36594,1
601,1123084,1580.5,543.0,1,36595,0
601,1123085,1861.0,473.5,1,36595,1
601,1123086,952.0,505.5,1,36595,2
601,1123087,1604.5,543.5,1,36595,3
611,1123061,1861.0,473.5,1,36589,0
611,1123062,952.0,505.5,1,36589,1
611,1123063,1837.0,479.5,1,36589,2
611,1123064,1692.0,481.5,1,36589,3
611,1123065,1835.5,488.0,1,36589,4
611,1123066,1580.5,543.0,1,36589,5
611,1123067,1837.0,479.5,1,36590,0
611,1123068,1692.0,481.5,1,36590,1
611,1123069,1835.5,488.0,1,36590,2
611,1123070,1861.0,473.5,1,36590,3
611,1123071,1692.0,481.5,1,36591,0
611,1123072,1835.5,488.0,1,36591,1
611,1123073,1861.0,473.5,1,36591,2
611,1123074,1837.0,479.5,1,36591,3
611,1123075,952.0,505.5,1,36592,0
611,1123076,1861.0,473.5,1,36592,1
611,1123077,1580.5,543.0,1,36592,2
611,1123078,1835.5,488.0,1,36593,0
611,1123079,1692.0,481.5,1,36593,1
611,1123080,1861.0,473.5,1,36593,2
611,1123081,1837.0,479.5,1,36593,3
611,1123082,1604.5,543.5,1,36594,0
611,1123083,1580.5,543.0,1,36594,1
611,1123084,1580.5,543.0,1,36595,0
611,1123085,1861.0,473.5,1,36595,1
611,1123086,952.0,505.5,1,36595,2
611,1123087,1604.5,543.5,1,36595,3
621,1123061,1824.5,474.0,1,36589,0
621,1123062,975.0,505.5,1,36589,1
621,1123063,1840.5,481.0,1,36589,2
621,1123064,1707.0,481.5,1,36589,3
621,1123065,1847.0,490.5,1,36589,4
621,1123066,1575.5,542.5,1,36589,5
621,1123067,1840.5,481.0,1,36590,0
621,1123068,1707.0,481.5,1,36590,1
621,1123069,1847.0,490.5,1,36590,2
621,1123070,1824.5,474.0,1,36590,3
621,1123071,1707.0,481.5,1,36591,0
621,1123072,1847.0,490.5,1,36591,1
621,1123073,1824.5,474.0,1,36591,2
621,1123074,1840.5,481.0,1,36591,3
621,1123075,975.0,505.5,1,36592,0
621,1123076,1824.5,474.0,1,36592,1
621,1123077,1575.5,542.5,1,36592,2
621,1123078,1847.0,490.5,1,36593,0
621,1123079,1707.0,481.5,1,36593,1
621,1123080,1824.5,474.0,1,36593,2
621,1123081,1840.5,481.0,1,36593,3
621,1123082,1598.5,560.5,1,36594,0
621,1123083,1575.5,542.5,1,36594,1
621,1123084,1575.5,542.5,1,36595,0
621,1123085,1824.5,474.0,1,36595,1
621,1123086,975.0,505.5,1,36595,2
621,1123087,1598.5,560.5,1,36595,3
641,1123088,1321.0,494.5,1,36596,0
641,1123089,622.0,584.5,1,36596,1
641,1123090,1873.5,477.5,1,36597,0
641,1123091,1913.5,481.5,1,36597,1
641,1123092,622.0,584.5,1,36598,0
641,1123093,1321.0,494.5,1,36598,1
641,1123094,1629.5,485.5,1,36599,0
641,1123095,1913.5,481.5,1,36600,0
641,1123096,1873.5,477.5,1,36600,1
651,1123088,1321.0,494.5,1,36596,0
651,1123089,622.0,584.5,1,36596,1
651,1123090,1873.5,477.5,1,36597,0
651,1123091,1913.5,481.5,1,36597,1
651,1123092,622.0,584.5,1,36598,0
651,1123093,1321.0,494.5,1,36598,1
651,1123094,1629.5,485.5,1,36599,0
651,1123095,1913.5,481.5,1,36600,0
651,1123096,1873.5,477.5,1,36600,1
661,1123088,1321.0,494.5,1,36596,0
661,1123089,622.0,584.5,1,36596,1
661,1123090,1873.5,477.5,1,36597,0
661,1123091,1913.5,481.5,1,36597,1
661,1123092,622.0,584.5,1,36598,0
661,1123093,1321.0,494.5,1,36598,1
661,1123094,1629.5,485.5,1,36599,0
661,1123095,1913.5,481.5,1,36600,0
661,1123096,1873.5,477.5,1,36600,1
671,1123088,1321.0,494.5,1,36596,0
671,1123089,622.0,584.5,1,36596,1
671,1123090,1873.5,477.5,1,36597,0
671,1123091,1913.5,481.5,1,36597,1
671,1123092,622.0,584.5,1,36598,0
671,1123093,1321.0,494.5,1,36598,1
671,1123094,1629.5,485.5,1,36599,0
671,1123095,1913.5,481.5,1,36600,0
671,1123096,1873.5,477.5,1,36600,1
681,1123088,1321.0,494.5,1,36596,0
681,1123089,622.0,584.5,1,36596,1
681,1123090,1873.5,477.5,1,36597,0
681,1123091,1913.5,481.5,1,36597,1
681,1123092,622.0,584.5,1,36598,0
681,1123093,1321.0,494.5,1,36598,1
681,1123094,1629.5,485.5,1,36599,0
681,1123095,1913.5,481.5,1,36600,0
681,1123096,1873.5,477.5,1,36600,1
691,1123088,1321.0,494.5,1,36596,0
691,1123089,622.0,584.5,1,36596,1
691,1123090,1873.5,477.5,1,36597,0
691,1123091,1913.5,481.5,1,36597,1
691,1123092,622.0,584.5,1,36598,0
691,1123093,1321.0,494.5,1,36598,1
691,1123094,1629.5,485.5,1,36599,0
691,1123095,1913.5,481.5,1,36600,0
691,1123096,1873.5,477.5,1,36600,1
701,1123088,1321.0,494.5,1,36596,0
701,1123089,622.0,584.5,1,36596,1
701,1123090,1873.5,477.5,1,36597,0
701,1123091,1913.5,481.5,1,36597,1
701,1123092,622.0,584.5,1,36598,0
701,1123093,1321.0,494.5,1,36598,1
701,1123094,1629.5,485.5,1,36599,0
701,1123095,1913.5,481.5,1,36600,0
701,1123096,1873.5,477.5,1,36600,1
711,1123088,1321.0,494.5,1,36596,0
711,1123089,622.0,584.5,1,36596,1
711,1123090,1873.5,477.5,1,36597,0
711,1123091,1913.5,481.5,1,36597,1
711,1123092,622.0,584.5,1,36598,0
711,1123093,1321.0,494.5,1,36598,1
711,1123094,1629.5,485.5,1,36599,0
711,1123095,1913.5,481.5,1,36600,0
711,1123096,1873.5,477.5,1,36600,1
721,1123088,1321.0,494.5,1,36596,0
721,1123089,622.0,584.5,1,36596,1
721,1123090,1873.5,477.5,1,36597,0
721,1123091,1913.5,481.5,1,36597,1
721,1123092,622.0,584.5,1,36598,0
721,1123093,1321.0,494.5,1,36598,1
721,1123094,1629.5,485.5,1,36599,0
721,1123095,1913.5,481.5,1,36600,0
721,1123096,1873.5,477.5,1,36600,1
731,1123088,1281.5,492.5,1,36596,0
731,1123089,654.5,585.5,1,36596,1
731,1123090,1880.0,469.0,1,36597,0
731,1123091,1905.5,483.0,1,36597,1
731,1123092,654.5,585.5,1,36598,0
731,1123093,1281.5,492.5,1,36598,1
731,1123094,1617.5,487.5,1,36599,0
731,1123095,1905.5,483.0,1,36600,0
731,1123096,1880.0,469.0,1,36600,1
741,1123088,1281.5,492.5,1,36596,0
741,1123089,654.5,585.5,1,36596,1
741,1123090,1880.0,469.0,1,36597,0
741,1123091,1905.5,483.0,1,36597,1
741,1123092,654.5,585.5,1,36598,0
741,1123093,1281.5,492.5,1,36598,1
741,1123094,1617.5,487.5,1,36599,0
741,1123095,1905.5,483.0,1,36600,0
741,1123096,1880.0,469.0,1,36600,1
751,1123088,1281.5,492.5,1,36596,0
751,1123089,654.5,585.5,1,36596,1
751,1123090,1880.0,469.0,1,36597,0
751,1123091,1905.5,483.0,1,36597,1
751,1123092,654.5,585.5,1,36598,0
751,1123093,1281.5,492.5,1,36598,1
751,1123094,1617.5,487.5,1,36599,0
751,1123095,1905.5,483.0,1,36600,0
751,1123096,1880.0,469.0,1,36600,1
761,1123088,1281.5,492.5,1,36596,0
761,1123089,654.5,585.5,1,36596,1
761,1123090,1880.0,469.0,1,36597,0
761,1123091,1905.5,483.0,1,36597,1
761,1123092,654.5,585.5,1,36598,0
761,1123093,1281.5,492.5,1,36598,1
761,1123094,1617.5,487.5,1,36599,0
761,1123095,1905.5,483.0,1,36600,0
761,1123096,1880.0,469.0,1,36600,1
771,1123088,1281.5,492.5,1,36596,0
771,1123089,654.5,585.5,1,36596,1
771,1123090,1880.0,469.0,1,36597,0
771,1123091,1905.5,483.0,1,36597,1
771,1123092,654.5,585.5,1,36598,0
771,1123093,1281.5,492.5,1,36598,1
771,1123094,1617.5,487.5,1,36599,0
771,1123095,1905.5,483.0,1,36600,0
771,1123096,1880.0,469.0,1,36600,1
781,1123088,1281.5,492.5,1,36596,0
781,1123089,654.5,585.5,1,36596,1
781,1123090,1880.0,469.0,1,36597,0
781,1123091,1905.5,483.0,1,36597,1
781,1123092,654.5,585.5,1,36598,0
781,1123093,1281.5,492.5,1,36598,1
781,1123094,1617.5,487.5,1,36599,0
781,1123095,1905.5,483.0,1,36600,0
781,1123096,1880.0,469.0,1,36600,1
791,1123088,1281.5,492.5,1,36596,0
791,1123089,654.5,585.5,1,36596,1
791,1123090,1880.0,469.0,1,36597,0
791,1123091,1905.5,483.0,1,36597,1
791,1123092,654.5,585.5,1,36598,0
791,1123093,1281.5,492.5,1,36598,1
791,1123094,1617.5,487.5,1,36599,0
791,1123095,1905.5,483.0,1,36600,0
791,1123096,1880.0,469.0,1,36600,1
801,1123088,1281.5,492.5,1,36596,0
801,1123089,654.5,585.5,1,36596,1
801,1123090,1880.0,469.0,1,36597,0
801,1123091,1905.5,483.0,1,36597,1
801,1123092,654.5,585.5,1,36598,0
801,1123093,1281.5,492.5,1,36598,1
801,1123094,1617.5,487.5,1,36599,0
801,1123095,1905.5,483.0,1,36600,0
801,1123096,1880.0,469.0,1,36600,1
811,1123088,1281.5,492.5,1,36596,0
811,1123089,654.5,585.5,1,36596,1
811,1123090,1880.0,469.0,1,36597,0
811,1123091,1905.5,483.0,1,36597,1
811,1123092,654.5,585.5,1,36598,0
811,1123093,1281.5,492.5,1,36598,1
811,1123094,1617.5,487.5,1,36599,0
811,1123095,1905.5,483.0,1,36600,0
811,1123096,1880.0,469.0,1,36600,1
821,1123088,1281.5,492.5,1,36596,0
821,1123089,654.5,585.5,1,36596,1
821,1123090,1880.0,469.0,1,36597,0
821,1123091,1905.5,483.0,1,36597,1
821,1123092,654.5,585.5,1,36598,0
821,1123093,1281.5,492.5,1,36598,1
821,1123094,1617.5,487.5,1,36599,0
821,1123095,1905.5,483.0,1,36600,0
821,1123096,1880.0,469.0,1,36600,1
831,1123088,1324.0,492.5,1,36596,0
831,1123089,628.5,592.0,1,36596,1
831,1123090,1880.5,469.5,1,36597,0
831,1123091,1919.0,482.5,1,36597,1
831,1123092,628.5,592.0,1,36598,0
831,1123093,1324.0,492.5,1,36598,1
831,1123094,1581.0,499.0,1,36599,0
831,1123095,1919.0,482.5,1,36600,0
831,1123096,1880.5,469.5,1,36600,1
851,1123097,1325.0,485.5,1,36601,0
851,1123098,1633.0,515.5,1,36601,1
851,1123099,1793.5,480.0,1,36601,2
851,1123100,1868.5,476.5,1,36601,3
851,1123101,1817.5,484.0,1,36601,4
851,1123102,1793.5,480.0,1,36602,0
851,1123103,1817.5,484.0,1,36602,1
851,1123104,1810.5,498.5,1,36602,2
851,1123105,1633.0,515.5,1,36602,3
851,1123106,1325.0,485.5,1,36602,4
851,1123107,1192.0,503.5,1,36603,0
851,1123108,652.5,569.0,1,36603,1
851,1123109,1868.5,476.5,1,36604,0
851,1123110,1325.0,485.5,1,36604,1
851,1123111,1817.5,484.0,1,36605,0
851,1123112,1810.5,498.5,1,36605,1
851,1123113,1633.0,515.5,1,36605,2
851,1123114,1325.0,485.5,1,36605,3
851,1123115,1793.5,480.0,1,36605,4
851,1123116,652.5,569.0,1,36606,0
851,1123117,1192.0,503.5,1,36606,1
851,1123118,1810.5,498.5,1,36607,0
851,1123119,1633.0,515.5,1,36607,1
851,1123120,1793.5,480.0,1,36607,2
851,1123121,1817.5,484.0,1,36607,3
851,1123122,1633.0,515.5,1,36608,0
851,1123123,1325.0,485.5,1,36608,1
851,1123124,1810.5,498.5,1,36608,2
851,1123125,1793.5,480.0,1,36608,3
851,1123126,1817.5,484.0,1,36608,4
861,1123097,1325.0,485.5,1,36601,0
861,1123098,1633.0,515.5,1,36601,1
861,1123099,1793.5,480.0,1,36601,2
861,1123100,1868.5,476.5,1,36601,3
861,1123101,1817.5,484.0,1,36601,4
861,1123102,1793.5,480.0,1,36602,0
861,1123103,1817.5,484.0,1,36602,1
861,1123104,1810.5,498.5,1,36602,2
861,1123105,1633.0,515.5,1,36602,3
861,1123106,1325.0,485.5,1,36602,4
861,1123107,1192.0,503.5,1,36603,0
861,1123108,652.5,569.0,1,36603,1
861,1123109,1868.5,476.5,1,36604,0
861,1123110,1325.0,485.5,1,36604,1
861,1123111,1817.5,484.0,1,36605,0
861,1123112,1810.5,498.5,1,36605,1
861,1123113,1633.0,515.5,1,36605,2
861,1123114,1325.0,485.5,1,36605,3
861,1123115,1793.5,480.0,1,36605,4
861,1123116,652.5,569.0,1,36606,0
861,1123117,1192.0,503.5,1,36606,1
861,1123118,1810.5,498.5,1,36607,0
861,1123119,1633.0,515.5,1,36607,1
861,1123120,1793.5,480.0,1,36607,2
861,1123121,1817.5,484.0,1,36607,3
861,1123122,1633.0,515.5,1,36608,0
861,1123123,1325.0,485.5,1,36608,1
861,1123124,1810.5,498.5,1,36608,2
861,1123125,1793.5,480.0,1,36608,3
861,1123126,1817.5,484.0,1,36608,4
871,1123097,1325.0,485.5,1,36601,0
871,1123098,1633.0,515.5,1,36601,1
871,1123099,1793.5,480.0,1,36601,2
871,1123100,1868.5,476.5,1,36601,3
871,1123101,1817.5,484.0,1,36601,4
871,1123102,1793.5,480.0,1,36602,0
871,1123103,1817.5,484.0,1,36602,1
871,1123104,1810.5,498.5,1,36602,2
871,1123105,1633.0,515.5,1,36602,3
871,1123106,1325.0,485.5,1,36602,4
871,1123107,1192.0,503.5,1,36603,0
871,1123108,652.5,569.0,1,36603,1
871,1123109,1868.5,476.5,1,36604,0
871,1123110,1325.0,485.5,1,36604,1
871,1123111,1817.5,484.0,1,36605,0
871,1123112,1810.5,498.5,1,36605,1
871,1123113,1633.0,515.5,1,36605,2
871,1123114,1325.0,485.5,1,36605,3
871,1123115,1793.5,480.0,1,36605,4
871,1123116,652.5,569.0,1,36606,0
871,1123117,1192.0,503.5,1,36606,1
871,1123118,1810.5,498.5,1,36607,0
871,1123119,1633.0,515.5,1,36607,1
871,1123120,1793.5,480.0,1,36607,2
871,1123121,1817.5,484.0,1,36607,3
871,1123122,1633.0,515.5,1,36608,0
871,1123123,1325.0,485.5,1,36608,1
871,1123124,1810.5,498.5,1,36608,2
871,1123125,1793.5,480.0,1,36608,3
871,1123126,1817.5,484.0,1,36608,4
881,1123097,1325.0,485.5,1,36601,0
881,1123098,1633.0,515.5,1,36601,1
881,1123099,1793.5,480.0,1,36601,2
881,1123100,1868.5,476.5,1,36601,3
881,1123101,1817.5,484.0,1,36601,4
881,1123102,1793.5,480.0,1,36602,0
881,1123103,1817.5,484.0,1,36602,1
881,1123104,1810.5,498.5,1,36602,2
881,1123105,1633.0,515.5,1,36602,3
881,1123106,1325.0,485.5,1,36602,4
881,1123107,1192.0,503.5,1,36603,0
881,1123108,652.5,569.0,1,36603,1
881,1123109,1868.5,476.5,1,36604,0
881,1123110,1325.0,485.5,1,36604,1
881,1123111,1817.5,484.0,1,36605,0
881,1123112,1810.5,498.5,1,36605,1
881,1123113,1633.0,515.5,1,36605,2
881,1123114,1325.0,485.5,1,36605,3
881,1123115,1793.5,480.0,1,36605,4
881,1123116,652.5,569.0,1,36606,0
881,1123117,1192.0,503.5,1,36606,1
881,1123118,1810.5,498.5,1,36607,0
881,1123119,1633.0,515.5,1,36607,1
881,1123120,1793.5,480.0,1,36607,2
881,1123121,1817.5,484.0,1,36607,3
881,1123122,1633.0,515.5,1,36608,0
881,1123123,1325.0,485.5,1,36608,1
881,1123124,1810.5,498.5,1,36608,2
881,1123125,1793.5,480.0,1,36608,3
881,1123126,1817.5,484.0,1,36608,4
891,1123097,1325.0,485.5,1,36601,0
891,1123098,1633.0,515.5,1,36601,1
891,1123099,1793.5,480.0,1,36601,2
891,1123100,1868.5,476.5,1,36601,3
891,1123101,1817.5,484.0,1,36601,4
891,1123102,1793.5,480.0,1,36602,0
891,1123103,1817.5,484.0,1,36602,1
891,1123104,1810.5,498.5,1,36602,2
891,1123105,1633.0,515.5,1,36602,3
891,1123106,1325.0,485.5,1,36602,4
891,1123107,1192.0,503.5,1,36603,0
891,1123108,652.5,569.0,1,36603,1
891,1123109,1868.5,476.5,1,36604,0
891,1123110,1325.0,485.5,1,36604,1
891,1123111,1817.5,484.0,1,36605,0
891,1123112,1810.5,498.5,1,36605,1
891,1123113,1633.0,515.5,1,36605,2
891,1123114,1325.0,485.5,1,36605,3
891,1123115,1793.5,480.0,1,36605,4
891,1123116,652.5,569.0,1,36606,0
891,1123117,1192.0,503.5,1,36606,1
891,1123118,1810.5,498.5,1,36607,0
891,1123119,1633.0,515.5,1,36607,1
891,1123120,1793.5,480.0,1,36607,2
891,1123121,1817.5,484.0,1,36607,3
891,1123122,1633.0,515.5,1,36608,0
891,1123123,1325.0,485.5,1,36608,1
891,1123124,1810.5,498.5,1,36608,2
891,1123125,1793.5,480.0,1,36608,3
891,1123126,1817.5,484.0,1,36608,4
901,1123097,1325.0,485.5,1,36601,0
901,1123098,1633.0,515.5,1,36601,1
901,1123099,1793.5,480.0,1,36601,2
901,1123100,1868.5,476.5,1,36601,3
901,1123101,1817.5,484.0,1,36601,4
901,1123102,1793.5,480.0,1,36602,0
901,1123103,1817.5,484.0,1,36602,1
901,1123104,1810.5,498.5,1,36602,2
901,1123105,1633.0,515.5,1,36602,3
901,1123106,1325.0,485.5,1,36602,4
901,1123107,1192.0,503.5,1,36603,0
901,1123108,652.5,569.0,1,36603,1
901,1123109,1868.5,476.5,1,36604,0
901,1123110,1325.0,485.5,1,36604,1
901,1123111,1817.5,484.0,1,36605,0
901,1123112,1810.5,498.5,1,36605,1
901,1123113,1633.0,515.5,1,36605,2
901,1123114,1325.0,485.5,1,36605,3
901,1123115,1793.5,480.0,1,36605,4
901,1123116,652.5,569.0,1,36606,0
901,1123117,1192.0,503.5,1,36606,1
901,1123118,1810.5,498.5,1,36607,0
901,1123119,1633.0,515.5,1,36607,1
901,1123120,1793.5,480.0,1,36607,2
901,1123121,1817.5,484.0,1,36607,3
901,1123122,1633.0,515.5,1,36608,0
901,1123123,1325.0,485.5,1,36608,1
901,1123124,1810.5,498.5,1,36608,2
901,1123125,1793.5,480.0,1,36608,3
901,1123126,1817.5,484.0,1,36608,4
911,1123097,1325.0,485.5,1,36601,0
911,1123098,1633.0,515.5,1,36601,1
911,1123099,1793.5,480.0,1,36601,2
911,1123100,1868.5,476.5,1,36601,3
911,1123101,1817.5,484.0,1,36601,4
911,1123102,1793.5,480.0,1,36602,0
911,1123103,1817.5,484.0,1,36602,1
911,1123104,1810.5,498.5,1,36602,2
911,1123105,1633.0,515.5,1,36602,3
911,1123106,1325.0,485.5,1,36602,4
911,1123107,1192.0,503.5,1,36603,0
911,1123108,652.5,569.0,1,36603,1
911,1123109,1868.5,476.5,1,36604,0
911,1123110,1325.0,485.5,1,36604,1
911,1123111,1817.5,484.0,1,36605,0
911,1123112,1810.5,498.5,1,36605,1
911,1123113,1633.0,515.5,1,36605,2
911,1123114,1325.0,485.5,1,36605,3
911,1123115,1793.5,480.0,1,36605,4
911,1123116,652.5,569.0,1,36606,0
911,1123117,1192.0,503.5,1,36606,1
911,1123118,1810.5,498.5,1,36607,0
911,1123119,1633.0,515.5,1,36607,1
911,1123120,1793.5,480.0,1,36607,2
911,1123121,1817.5,484.0,1,36607,3
911,1123122,1633.0,515.5,1,36608,0
911,1123123,1325.0,485.5,1,36608,1
911,1123124,1810.5,498.5,1,36608,2
911,1123125,1793.5,480.0,1,36608,3
911,1123126,1817.5,484.0,1,36608,4
921,1123097,1325.0,485.5,1,36601,0
921,1123098,1633.0,515.5,1,36601,1
921,1123099,1793.5,480.0,1,36601,2
921,1123100,1868.5,476.5,1,36601,3
921,1123101,1817.5,484.0,1,36601,4
921,1123102,1793.5,480.0,1,36602,0
921,1123103,1817.5,484.0,1,36602,1
921,1123104,1810.5,498.5,1,36602,2
921,1123105,1633.0,515.5,1,36602,3
921,1123106,1325.0,485.5,1,36602,4
921,1123107,1192.0,503.5,1,36603,0
921,1123108,652.5,569.0,1,36603,1
921,1123109,1868.5,476.5,1,36604,0
921,1123110,1325.0,485.5,1,36604,1
921,1123111,1817.5,484.0,1,36605,0
921,1123112,1810.5,498.5,1,36605,1
921,1123113,1633.0,515.5,1,36605,2
921,1123114,1325.0,485.5,1,36605,3
921,1123115,1793.5,480.0,1,36605,4
921,1123116,652.5,569.0,1,36606,0
921,1123117,1192.0,503.5,1,36606,1
921,1123118,1810.5,498.5,1,36607,0
921,1123119,1633.0,515.5,1,36607,1
921,1123120,1793.5,480.0,1,36607,2
921,1123121,1817.5,484.0,1,36607,3
921,1123122,1633.0,515.5,1,36608,0
921,1123123,1325.0,485.5,1,36608,1
921,1123124,1810.5,498.5,1,36608,2
921,1123125,1793.5,480.0,1,36608,3
921,1123126,1817.5,484.0,1,36608,4
931,1123097,1325.0,485.5,1,36601,0
931,1123098,1633.0,515.5,1,36601,1
931,1123099,1793.5,480.0,1,36601,2
931,1123100,1868.5,476.5,1,36601,3
931,1123101,1817.5,484.0,1,36601,4
931,1123102,1793.5,480.0,1,36602,0
931,1123103,1817.5,484.0,1,36602,1
931,1123104,1810.5,498.5,1,36602,2
931,1123105,1633.0,515.5,1,36602,3
931,1123106,1325.0,485.5,1,36602,4
931,1123107,1192.0,503.5,1,36603,0
931,1123108,652.5,569.0,1,36603,1
931,1123109,1868.5,476.5,1,36604,0
931,1123110,1325.0,485.5,1,36604,1
931,1123111,1817.5,484.0,1,36605,0
931,1123112,1810.5,498.5,1,36605,1
931,1123113,1633.0,515.5,1,36605,2
931,1123114,1325.0,485.5,1,36605,3
931,1123115,1793.5,480.0,1,36605,4
931,1123116,652.5,569.0,1,36606,0
931,1123117,1192.0,503.5,1,36606,1
931,1123118,1810.5,498.5,1,36607,0
931,1123119,1633.0,515.5,1,36607,1
931,1123120,1793.5,480.0,1,36607,2
931,1123121,1817.5,484.0,1,36607,3
931,1123122,1633.0,515.5,1,36608,0
931,1123123,1325.0,485.5,1,36608,1
931,1123124,1810.5,498.5,1,36608,2
931,1123125,1793.5,480.0,1,36608,3
931,1123126,1817.5,484.0,1,36608,4
941,1123097,1350.5,485.0,1,36601,0
941,1123098,1643.0,512.5,1,36601,1
941,1123099,1786.0,479.0,1,36601,2
941,1123100,1865.5,476.0,1,36601,3
941,1123101,1814.0,484.5,1,36601,4
941,1123102,1786.0,479.0,1,36602,0
941,1123103,1814.0,484.5,1,36602,1
941,1123104,1806.0,504.0,1,36602,2
941,1123105,1643.0,512.5,1,36602,3
941,1123106,1350.5,485.0,1,36602,4
941,1123107,1166.5,507.5,1,36603,0
941,1123108,699.0,567.0,1,36603,1
941,1123109,1865.5,476.0,1,36604,0
941,1123110,1350.5,485.0,1,36604,1
941,1123111,1814.0,484.5,1,36605,0
941,1123112,1806.0,504.0,1,36605,1
941,1123113,1643.0,512.5,1,36605,2
941,1123114,1350.5,485.0,1,36605,3
941,1123115,1786.0,479.0,1,36605,4
941,1123116,699.0,567.0,1,36606,0
941,1123117,1166.5,507.5,1,36606,1
941,1123118,1806.0,504.0,1,36607,0
941,1123119,1643.0,512.5,1,36607,1
941,1123120,1786.0,479.0,1,36607,2
941,1123121,1814.0,484.5,1,36607,3
941,1123122,1643.0,512.5,1,36608,0
941,1123123,1350.5,485.0,1,36608,1
941,1123124,1806.0,504.0,1,36608,2
941,1123125,1786.0,479.0,1,36608,3
941,1123126,1814.0,484.5,1,36608,4
951,1123097,1350.5,485.0,1,36601,0
951,1123098,1643.0,512.5,1,36601,1
951,1123099,1786.0,479.0,1,36601,2
951,1123100,1865.5,476.0,1,36601,3
951,1123101,1814.0,484.5,1,36601,4
951,1123102,1786.0,479.0,1,36602,0
951,1123103,1814.0,484.5,1,36602,1
951,1123104,1806.0,504.0,1,36602,2
951,1123105,1643.0,512.5,1,36602,3
951,1123106,1350.5,485.0,1,36602,4
951,1123107,1166.5,507.5,1,36603,0
951,1123108,699.0,567.0,1,36603,1
951,1123109,1865.5,476.0,1,36604,0
951,1123110,1350.5,485.0,1,36604,1
951,1123111,1814.0,484.5,1,36605,0
951,1123112,1806.0,504.0,1,36605,1
951,1123113,1643.0,512.5,1,36605,2
951,1123114,1350.5,485.0,1,36605,3
951,1123115,1786.0,479.0,1,36605,4
951,1123116,699.0,567.0,1,36606,0
951,1123117,1166.5,507.5,1,36606,1
951,1123118,1806.0,504.0,1,36607,0
951,1123119,1643.0,512.5,1,36607,1
951,1123120,1786.0,479.0,1,36607,2
951,1123121,1814.0,484.5,1,36607,3
951,1123122,1643.0,512.5,1,36608,0
951,1123123,1350.5,485.0,1,36608,1
951,1123124,1806.0,504.0,1,36608,2
951,1123125,1786.0,479.0,1,36608,3
951,1123126,1814.0,484.5,1,36608,4
961,1123097,1350.5,485.0,1,36601,0
961,1123098,1643.0,512.5,1,36601,1
961,1123099,1786.0,479.0,1,36601,2
961,1123100,1865.5,476.0,1,36601,3
961,1123101,1814.0,484.5,1,36601,4
961,1123102,1786.0,479.0,1,36602,0
961,1123103,1814.0,484.5,1,36602,1
961,1123104,1806.0,504.0,1,36602,2
961,1123105,1643.0,512.5,1,36602,3
961,1123106,1350.5,485.0,1,36602,4
961,1123107,1166.5,507.5,1,36603,0
961,1123108,699.0,567.0,1,36603,1
961,1123109,1865.5,476.0,1,36604,0
961,1123110,1350.5,485.0,1,36604,1
961,1123111,1814.0,484.5,1,36605,0
961,1123112,1806.0,504.0,1,36605,1
961,1123113,1643.0,512.5,1,36605,2
961,1123114,1350.5,485.0,1,36605,3
961,1123115,1786.0,479.0,1,36605,4
961,1123116,699.0,567.0,1,36606,0
961,1123117,1166.5,507.5,1,36606,1
961,1123118,1806.0,504.0,1,36607,0
961,1123119,1643.0,512.5,1,36607,1
961,1123120,1786.0,479.0,1,36607,2
961,1123121,1814.0,484.5,1,36607,3
961,1123122,1643.0,512.5,1,36608,0
961,1123123,1350.5,485.0,1,36608,1
961,1123124,1806.0,504.0,1,36608,2
961,1123125,1786.0,479.0,1,36608,3
961,1123126,1814.0,484.5,1,36608,4
971,1123097,1350.5,485.0,1,36601,0
971,1123098,1643.0,512.5,1,36601,1
971,1123099,1786.0,479.0,1,36601,2
971,1123100,1865.5,476.0,1,36601,3
971,1123101,1814.0,484.5,1,36601,4
971,1123102,1786.0,479.0,1,36602,0
971,1123103,1814.0,484.5,1,36602,1
971,1123104,1806.0,504.0,1,36602,2
971,1123105,1643.0,512.5,1,36602,3
971,1123106,1350.5,485.0,1,36602,4
971,1123107,1166.5,507.5,1,36603,0
971,1123108,699.0,567.0,1,36603,1
971,1123109,1865.5,476.0,1,36604,0
971,1123110,1350.5,485.0,1,36604,1
971,1123111,1814.0,484.5,1,36605,0
971,1123112,1806.0,504.0,1,36605,1
971,1123113,1643.0,512.5,1,36605,2
971,1123114,1350.5,485.0,1,36605,3
971,1123115,1786.0,479.0,1,36605,4
971,1123116,699.0,567.0,1,36606,0
971,1123117,1166.5,507.5,1,36606,1
971,1123118,1806.0,504.0,1,36607,0
971,1123119,1643.0,512.5,1,36607,1
971,1123120,1786.0,479.0,1,36607,2
971,1123121,1814.0,484.5,1,36607,3
971,1123122,1643.0,512.5,1,36608,0
971,1123123,1350.5,485.0,1,36608,1
971,1123124,1806.0,504.0,1,36608,2
971,1123125,1786.0,479.0,1,36608,3
971,1123126,1814.0,484.5,1,36608,4
981,1123097,1350.5,485.0,1,36601,0
981,1123098,1643.0,512.5,1,36601,1
981,1123099,1786.0,479.0,1,36601,2
981,1123100,1865.5,476.0,1,36601,3
981,1123101,1814.0,484.5,1,36601,4
981,1123102,1786.0,479.0,1,36602,0
981,1123103,1814.0,484.5,1,36602,1
981,1123104,1806.0,504.0,1,36602,2
981,1123105,1643.0,512.5,1,36602,3
981,1123106,1350.5,485.0,1,36602,4
981,1123107,1166.5,507.5,1,36603,0
981,1123108,699.0,567.0,1,36603,1
981,1123109,1865.5,476.0,1,36604,0
981,1123110,1350.5,485.0,1,36604,1
981,1123111,1814.0,484.5,1,36605,0
981,1123112,1806.0,504.0,1,36605,1
981,1123113,1643.0,512.5,1,36605,2
981,1123114,1350.5,485.0,1,36605,3
981,1123115,1786.0,479.0,1,36605,4
981,1123116,699.0,567.0,1,36606,0
981,1123117,1166.5,507.5,1,36606,1
981,1123118,1806.0,504.0,1,36607,0
981,1123119,1643.0,512.5,1,36607,1
981,1123120,1786.0,479.0,1,36607,2
981,1123121,1814.0,484.5,1,36607,3
981,1123122,1643.0,512.5,1,36608,0
981,1123123,1350.5,485.0,1,36608,1
981,1123124,1806.0,504.0,1,36608,2
981,1123125,1786.0,479.0,1,36608,3
981,1123126,1814.0,484.5,1,36608,4
991,1123097,1350.5,485.0,1,36601,0
991,1123098,1643.0,512.5,1,36601,1
991,1123099,1786.0,479.0,1,36601,2
991,1123100,1865.5,476.0,1,36601,3
991,1123101,1814.0,484.5,1,36601,4
991,1123102,1786.0,479.0,1,36602,0
991,1123103,1814.0,484.5,1,36602,1
991,1123104,1806.0,504.0,1,36602,2
991,1123105,1643.0,512.5,1,36602,3
991,1123106,1350.5,485.0,1,36602,4
991,1123107,1166.5,507.5,1,36603,0
991,1123108,699.0,567.0,1,36603,1
991,1123109,1865.5,476.0,1,36604,0
991,1123110,1350.5,485.0,1,36604,1
991,1123111,1814.0,484.5,1,36605,0
991,1123112,1806.0,504.0,1,36605,1
991,1123113,1643.0,512.5,1,36605,2
991,1123114,1350.5,485.0,1,36605,3
991,1123115,1786.0,479.0,1,36605,4
991,1123116,699.0,567.0,1,36606,0
991,1123117,1166.5,507.5,1,36606,1
991,1123118,1806.0,504.0,1,36607,0
991,1123119,1643.0,512.5,1,36607,1
991,1123120,1786.0,479.0,1,36607,2
991,1123121,1814.0,484.5,1,36607,3
991,1123122,1643.0,512.5,1,36608,0
991,1123123,1350.5,485.0,1,36608,1
991,1123124,1806.0,504.0,1,36608,2
991,1123125,1786.0,479.0,1,36608,3
991,1123126,1814.0,484.5,1,36608,4
1001,1123097,1350.5,485.0,1,36601,0
1001,1123098,1643.0,512.5,1,36601,1
1001,1123099,1786.0,479.0,1,36601,2
1001,1123100,1865.5,476.0,1,36601,3
1001,1123101,1814.0,484.5,1,36601,4
1001,1123102,1786.0,479.0,1,36602,0
1001,1123103,1814.0,484.5,1,36602,1
1001,1123104,1806.0,504.0,1,36602,2
1001,1123105,1643.0,512.5,1,36602,3
1001,1123106,1350.5,485.0,1,36602,4
1001,1123107,1166.5,507.5,1,36603,0
1001,1123108,699.0,567.0,1,36603,1
1001,1123109,1865.5,476.0,1,36604,0
1001,1123110,1350.5,485.0,1,36604,1
1001,1123111,1814.0,484.5,1,36605,0
1001,1123112,1806.0,504.0,1,36605,1
1001,1123113,1643.0,512.5,1,36605,2
1001,1123114,1350.5,485.0,1,36605,3
1001,1123115,1786.0,479.0,1,36605,4
1001,1123116,699.0,567.0,1,36606,0
1001,1123117,1166.5,507.5,1,36606,1
1001,1123118,1806.0,504.0,1,36607,0
1001,1123119,1643.0,512.5,1,36607,1
1001,1123120,1786.0,479.0,1,36607,2
1001,1123121,1814.0,484.5,1,36607,3
1001,1123122,1643.0,512.5,1,36608,0
1001,1123123,1350.5,485.0,1,36608,1
1001,1123124,1806.0,504.0,1,36608,2
1001,1123125,1786.0,479.0,1,36608,3
1001,1123126,1814.0,484.5,1,36608,4
1011,1123097,1350.5,485.0,1,36601,0
1011,1123098,1643.0,512.5,1,36601,1
1011,1123099,1786.0,479.0,1,36601,2
1011,1123100,1865.5,476.0,1,36601,3
1011,1123101,1814.0,484.5,1,36601,4
1011,1123102,1786.0,479.0,1,36602,0
1011,1123103,1814.0,484.5,1,36602,1
1011,1123104,1806.0,504.0,1,36602,2
1011,1123105,1643.0,512.5,1,36602,3
1011,1123106,1350.5,485.0,1,36602,4
1011,1123107,1166.5,507.5,1,36603,0
1011,1123108,699.0,567.0,1,36603,1
1011,1123109,1865.5,476.0,1,36604,0
1011,1123110,1350.5,485.0,1,36604,1
1011,1123111,1814.0,484.5,1,36605,0
1011,1123112,1806.0,504.0,1,36605,1
1011,1123113,1643.0,512.5,1,36605,2
1011,1123114,1350.5,485.0,1,36605,3
1011,1123115,1786.0,479.0,1,36605,4
1011,1123116,699.0,567.0,1,36606,0
1011,1123117,1166.5,507.5,1,36606,1
1011,1123118,1806.0,504.0,1,36607,0
1011,1123119,1643.0,512.5,1,36607,1
1011,1123120,1786.0,479.0,1,36607,2
1011,1123121,1814.0,484.5,1,36607,3
1011,1123122,1643.0,512.5,1,36608,0
1011,1123123,1350.5,485.0,1,36608,1
1011,1123124,1806.0,504.0,1,36608,2
1011,1123125,1786.0,479.0,1,36608,3
1011,1123126,1814.0,484.5,1,36608,4
1021,1123097,1350.5,485.0,1,36601,0
1021,1123098,1643.0,512.5,1,36601,1
1021,1123099,1786.0,479.0,1,36601,2
1021,1123100,1865.5,476.0,1,36601,3
1021,1123101,1814.0,484.5,1,36601,4
1021,1123102,1786.0,479.0,1,36602,0
1021,1123103,1814.0,484.5,1,36602,1
1021,1123104,1806.0,504.0,1,36602,2
1021,1123105,1643.0,512.5,1,36602,3
1021,1123106,1350.5,485.0,1,36602,4
1021,1123107,1166.5,507.5,1,36603,0
1021,1123108,699.0,567.0,1,36603,1
1021,1123109,1865.5,476.0,1,36604,0
1021,1123110,1350.5,485.0,1,36604,1
1021,1123111,1814.0,484.5,1,36605,0
1021,1123112,1806.0,504.0,1,36605,1
1021,1123113,1643.0,512.5,1,36605,2
1021,1123114,1350.5,485.0,1,36605,3
1021,1123115,1786.0,479.0,1,36605,4
1021,1123116,699.0,567.0,1,36606,0
1021,1123117,1166.5,507.5,1,36606,1
1021,1123118,1806.0,504.0,1,36607,0
1021,1123119,1643.0,512.5,1,36607,1
1021,1123120,1786.0,479.0,1,36607,2
1021,1123121,1814.0,484.5,1,36607,3
1021,1123122,1643.0,512.5,1,36608,0
1021,1123123,1350.5,485.0,1,36608,1
1021,1123124,1806.0,504.0,1,36608,2
1021,1123125,1786.0,479.0,1,36608,3
1021,1123126,1814.0,484.5,1,36608,4
1031,1123097,1350.5,485.0,1,36601,0
1031,1123098,1643.0,512.5,1,36601,1
1031,1123099,1786.0,479.0,1,36601,2
1031,1123100,1865.5,476.0,1,36601,3
1031,1123101,1814.0,484.5,1,36601,4
1031,1123102,1786.0,479.0,1,36602,0
1031,1123103,1814.0,484.5,1,36602,1
1031,1123104,1806.0,504.0,1,36602,2
1031,1123105,1643.0,512.5,1,36602,3
1031,1123106,1350.5,485.0,1,36602,4
1031,1123107,1166.5,507.5,1,36603,0
1031,1123108,699.0,567.0,1,36603,1
1031,1123109,1865.5,476.0,1,36604,0
1031,1123110,1350.5,485.0,1,36604,1
1031,1123111,1814.0,484.5,1,36605,0
1031,1123112,1806.0,504.0,1,36605,1
1031,1123113,1643.0,512.5,1,36605,2
1031,1123114,1350.5,485.0,1,36605,3
1031,1123115,1786.0,479.0,1,36605,4
1031,1123116,699.0,567.0,1,36606,0
1031,1123117,1166.5,507.5,1,36606,1
1031,1123118,1806.0,504.0,1,36607,0
1031,1123119,1643.0,512.5,1,36607,1
1031,1123120,1786.0,479.0,1,36607,2
1031,1123121,1814.0,484.5,1,36607,3
1031,1123122,1643.0,512.5,1,36608,0
1031,1123123,1350.5,485.0,1,36608,1
1031,1123124,1806.0,504.0,1,36608,2
1031,1123125,1786.0,479.0,1,36608,3
1031,1123126,1814.0,484.5,1,36608,4
1041,1123097,1363.5,484.5,1,36601,0
1041,1123098,1642.5,512.5,1,36601,1
1041,1123099,1795.5,481.5,1,36601,2
1041,1123100,1868.0,475.5,1,36601,3
1041,1123101,1810.5,485.5,1,36601,4
1041,1123102,1795.5,481.5,1,36602,0
1041,1123103,1810.5,485.5,1,36602,1
1041,1123104,1753.5,515.0,1,36602,2
1041,1123105,1642.5,512.5,1,36602,3
1041,1123106,1363.5,484.5,1,36602,4
1041,1123107,1094.5,507.5,1,36603,0
1041,1123108,656.5,570.0,1,36603,1
1041,1123109,1868.0,475.5,1,36604,0
1041,1123110,1363.5,484.5,1,36604,1
1041,1123111,1810.5,485.5,1,36605,0
1041,1123112,1753.5,515.0,1,36605,1
1041,1123113,1642.5,512.5,1,36605,2
1041,1123114,1363.5,484.5,1,36605,3
1041,1123115,1795.5,481.5,1,36605,4
1041,1123116,656.5,570.0,1,36606,0
1041,1123117,1094.5,507.5,1,36606,1
1041,1123118,1753.5,515.0,1,36607,0
1041,1123119,1642.5,512.5,1,36607,1
1041,1123120,1795.5,481.5,1,36607,2
1041,1123121,1810.5,485.5,1,36607,3
1041,1123122,1642.5,512.5,1,36608,0
1041,1123123,1363.5,484.5,1,36608,1
1041,1123124,1753.5,515.0,1,36608,2
1041,1123125,1795.5,481.5,1,36608,3
1041,1123126,1810.5,485.5,1,36608,4
1061,1123127,552.5,563.5,1,36609,0
1061,1123128,1647.0,485.5,1,36609,1
1061,1123129,1809.25,479.0,2,36610,0
1061,1123130,1792.0,484.5,1,36610,1
1061,1123131,1291.5,504.5,1,36610,2
1061,1123132,1590.5,529.5,1,36611,0
1061,1123133,1291.5,504.5,1,36611,1
1061,1123134,1647.0,485.5,1,36611,2
1061,1123135,1809.25,479.0,2,36612,0
1061,1123136,1792.0,484.5,1,36612,1
1061,1123137,1291.5,504.5,1,36612,2
1061,1123138,1647.0,485.5,1,36613,0
1061,1123139,1291.5,504.5,1,36613,1
1061,1123140,552.5,563.5,1,36613,2
1061,1123141,1590.5,529.5,1,36613,3
1061,1123142,1792.0,484.5,1,36614,0
1061,1123143,1809.25,479.0,2,36614,1
1061,1123144,1291.5,504.5,1,36615,0
1061,1123145,1590.5,529.5,1,36615,1
1061,1123146,1755.1666259765625,481.1666564941406,3,36615,2
1071,1123127,552.5,563.5,1,36609,0
1071,1123128,1647.0,485.5,1,36609,1
1071,1123129,1809.25,479.0,2,36610,0
1071,1123130,1792.0,484.5,1,36610,1
1071,1123131,1291.5,504.5,1,36610,2
1071,1123132,1590.5,529.5,1,36611,0
1071,1123133,1291.5,504.5,1,36611,1
1071,1123134,1647.0,485.5,1,36611,2
1071,1123135,1809.25,479.0,2,36612,0
1071,1123136,1792.0,484.5,1,36612,1
1071,1123137,1291.5,504.5,1,36612,2
1071,1123138,1647.0,485.5,1,36613,0
1071,1123139,1291.5,504.5,1,36613,1
1071,1123140,552.5,563.5,1,36613,2
1071,1123141,1590.5,529.5,1,36613,3
1071,1123142,1792.0,484.5,1,36614,0
1071,1123143,1809.25,479.0,2,36614,1
1071,1123144,1291.5,504.5,1,36615,0
1071,1123145,1590.5,529.5,1,36615,1
1071,1123146,1755.1666259765625,481.1666564941406,3,36615,2
1081,1123127,552.5,563.5,1,36609,0
1081,1123128,1647.0,485.5,1,36609,1
1081,1123129,1809.25,479.0,2,36610,0
1081,1123130,1792.0,484.5,1,36610,1
1081,1123131,1291.5,504.5,1,36610,2
1081,1123132,1590.5,529.5,1,36611,0
1081,1123133,1291.5,504.5,1,36611,1
1081,1123134,1647.0,485.5,1,36611,2
1081,1123135,1809.25,479.0,2,36612,0
1081,1123136,1792.0,484.5,1,36612,1
1081,1123137,1291.5,504.5,1,36612,2
1081,1123138,1647.0,485.5,1,36613,0
1081,1123139,1291.5,504.5,1,36613,1
1081,1123140,552.5,563.5,1,36613,2
1081,1123141,1590.5,529.5,1,36613,3
1081,1123142,1792.0,484.5,1,36614,0
1081,1123143,1809.25,479.0,2,36614,1
1081,1123144,1291.5,504.5,1,36615,0
1081,1123145,1590.5,529.5,1,36615,1
1081,1123146,1755.1666259765625,481.1666564941406,3,36615,2
1091,1123127,552.5,563.5,1,36609,0
1091,1123128,1647.0,485.5,1,36609,1
1091,1123129,1809.25,479.0,2,36610,0
1091,1123130,1792.0,484.5,1,36610,1
1091,1123131,1291.5,504.5,1,36610,2
1091,1123132,1590.5,529.5,1,36611,0
1091,1123133,1291.5,504.5,1,36611,1
1091,1123134,1647.0,485.5,1,36611,2
1091,1123135,1809.25,479.0,2,36612,0
1091,1123136,1792.0,484.5,1,36612,1
1091,1123137,1291.5,504.5,1,36612,2
1091,1123138,1647.0,485.5,1,36613,0
1091,1123139,1291.5,504.5,1,36613,1
1091,1123140,552.5,563.5,1,36613,2
1091,1123141,1590.5,529.5,1,36613,3
1091,1123142,1792.0,484.5,1,36614,0
1091,1123143,1809.25,479.0,2,36614,1
1091,1123144,1291.5,504.5,1,36615,0
1091,1123145,1590.5,529.5,1,36615,1
1091,1123146,1755.1666259765625,481.1666564941406,3,36615,2
1101,1123127,552.5,563.5,1,36609,0
1101,1123128,1647.0,485.5,1,36609,1
1101,1123129,1809.25,479.0,2,36610,0
1101,1123130,1792.0,484.5,1,36610,1
1101,1123131,1291.5,504.5,1,36610,2
1101,1123132,1590.5,529.5,1,36611,0
1101,1123133,1291.5,504.5,1,36611,1
1101,1123134,1647.0,485.5,1,36611,2
1101,1123135,1809.25,479.0,2,36612,0
1101,1123136,1792.0,484.5,1,36612,1
1101,1123137,1291.5,504.5,1,36612,2
1101,1123138,1647.0,485.5,1,36613,0
1101,1123139,1291.5,504.5,1,36613,1
1101,1123140,552.5,563.5,1,36613,2
1101,1123141,1590.5,529.5,1,36613,3
1101,1123142,1792.0,484.5,1,36614,0
1101,1123143,1809.25,479.0,2,36614,1
1101,1123144,1291.5,504.5,1,36615,0
1101,1123145,1590.5,529.5,1,36615,1
1101,1123146,1755.1666259765625,481.1666564941406,3,36615,2
1111,1123127,552.5,563.5,1,36609,0
1111,1123128,1647.0,485.5,1,36609,1
1111,1123129,1809.25,479.0,2,36610,0
1111,1123130,1792.0,484.5,1,36610,1
1111,1123131,1291.5,504.5,1,36610,2
1111,1123132,1590.5,529.5,1,36611,0
1111,1123133,1291.5,504.5,1,36611,1
1111,1123134,1647.0,485.5,1,36611,2
1111,1123135,1809.25,479.0,2,36612,0
1111,1123136,1792.0,484.5,1,36612,1
1111,1123137,1291.5,504.5,1,36612,2
1111,1123138,1647.0,485.5,1,36613,0
1111,1123139,1291.5,504.5,1,36613,1
1111,1123140,552.5,563.5,1,36613,2
1111,1123141,1590.5,529.5,1,36613,3
1111,1123142,1792.0,484.5,1,36614,0
1111,1123143,1809.25,479.0,2,36614,1
1111,1123144,1291.5,504.5,1,36615,0
1111,1123145,1590.5,529.5,1,36615,1
1111,1123146,1755.1666259765625,481.1666564941406,3,36615,2
1121,1123127,552.5,563.5,1,36609,0
1121,1123128,1647.0,485.5,1,36609,1
1121,1123129,1809.25,479.0,2,36610,0
1121,1123130,1792.0,484.5,1,36610,1
1121,1123131,1291.5,504.5,1,36610,2
1121,1123132,1590.5,529.5,1,36611,0
1121,1123133,1291.5,504.5,1,36611,1
1121,1123134,1647.0,485.5,1,36611,2
1121,1123135,1809.25,479.0,2,36612,0
1121,1123136,1792.0,484.5,1,36612,1
1121,1123137,1291.5,504.5,1,36612,2
1121,1123138,1647.0,485.5,1,36613,0
1121,1123139,1291.5,504.5,1,36613,1
1121,1123140,552.5,563.5,1,36613,2
1121,1123141,1590.5,529.5,1,36613,3
1121,1123142,1792.0,484.5,1,36614,0
1121,1123143,1809.25,479.0,2,36614,1
1121,1123144,1291.5,504.5,1,36615,0
1121,1123145,1590.5,529.5,1,36615,1
1121,1123146,1755.1666259765625,481.1666564941406,3,36615,2
1131,1123127,552.5,563.5,1,36609,0
1131,1123128,1647.0,485.5,1,36609,1
1131,1123129,1809.25,479.0,2,36610,0
1131,1123130,1792.0,484.5,1,36610,1
1131,1123131,1291.5,504.5,1,36610,2
1131,1123132,1590.5,529.5,1,36611,0
1131,1123133,1291.5,504.5,1,36611,1
1131,1123134,1647.0,485.5,1,36611,2
1131,1123135,1809.25,479.0,2,36612,0
1131,1123136,1792.0,484.5,1,36612,1
1131,1123137,1291.5,504.5,1,36612,2
1131,1123138,1647.0,485.5,1,36613,0
1131,1123139,1291.5,504.5,1,36613,1
1131,1123140,552.5,563.5,1,36613,2
1131,1123141,1590.5,529.5,1,36613,3
1131,1123142,1792.0,484.5,1,36614,0
1131,1123143,1809.25,479.0,2,36614,1
1131,1123144,1291.5,504.5,1,36615,0
1131,1123145,1590.5,529.5,1,36615,1
1131,1123146,1755.1666259765625,481.1666564941406,3,36615,2
1141,1123127,552.5,563.5,1,36609,0
1141,1123128,1647.0,485.5,1,36609,1
1141,1123129,1809.25,479.0,2,36610,0
1141,1123130,1792.0,484.5,1,36610,1
1141,1123131,1291.5,504.5,1,36610,2
1141,1123132,1590.5,529.5,1,36611,0
1141,1123133,1291.5,504.5,1,36611,1
1141,1123134,1647.0,485.5,1,36611,2
1141,1123135,1809.25,479.0,2,36612,0
1141,1123136,1792.0,484.5,1,36612,1
1141,1123137,1291.5,504.5,1,36612,2
1141,1123138,1647.0,485.5,1,36613,0
1141,1123139,1291.5,504.5,1,36613,1
1141,1123140,552.5,563.5,1,36613,2
1141,1123141,1590.5,529.5,1,36613,3
1141,1123142,1792.0,484.5,1,36614,0
1141,1123143,1809.25,479.0,2,36614,1
1141,1123144,1291.5,504.5,1,36615,0
1141,1123145,1590.5,529.5,1,36615,1
1141,1123146,1755.1666259765625,481.1666564941406,3,36615,2
1151,1123127,584.5,558.5,1,36609,0
1151,1123128,1607.0,485.0,1,36609,1
1151,1123129,1806.0,478.25,2,36610,0
1151,1123130,1797.0,490.0,1,36610,1
1151,1123131,1312.5,503.5,1,36610,2
1151,1123132,1585.0,527.0,1,36611,0
1151,1123133,1312.5,503.5,1,36611,1
1151,1123134,1607.0,485.0,1,36611,2
1151,1123135,1806.0,478.25,2,36612,0
1151,1123136,1797.0,490.0,1,36612,1
1151,1123137,1312.5,503.5,1,36612,2
1151,1123138,1607.0,485.0,1,36613,0
1151,1123139,1312.5,503.5,1,36613,1
1151,1123140,584.5,558.5,1,36613,2
1151,1123141,1585.0,527.0,1,36613,3
1151,1123142,1797.0,490.0,1,36614,0
1151,1123143,1806.0,478.25,2,36614,1
1151,1123144,1312.5,503.5,1,36615,0
1151,1123145,1585.0,527.0,1,36615,1
1151,1123146,1735.4166259765625,479.9166564941406,2,36615,2
1161,1123127,584.5,558.5,1,36609,0
1161,1123128,1607.0,485.0,1,36609,1
1161,1123129,1806.0,478.25,2,36610,0
1161,1123130,1797.0,490.0,1,36610,1
1161,1123131,1312.5,503.5,1,36610,2
1161,1123132,1585.0,527.0,1,36611,0
1161,1123133,1312.5,503.5,1,36611,1
1161,1123134,1607.0,485.0,1,36611,2
1161,1123135,1806.0,478.25,2,36612,0
1161,1123136,1797.0,490.0,1,36612,1
1161,1123137,1312.5,503.5,1,36612,2
1161,1123138,1607.0,485.0,1,36613,0
1161,1123139,1312.5,503.5,1,36613,1
1161,1123140,584.5,558.5,1,36613,2
1161,1123141,1585.0,527.0,1,36613,3
1161,1123142,1797.0,490.0,1,36614,0
1161,1123143,1806.0,478.25,2,36614,1
1161,1123144,1312.5,503.5,1,36615,0
1161,1123145,1585.0,527.0,1,36615,1
1161,1123146,1735.4166259765625,479.9166564941406,2,36615,2
1171,1123127,584.5,558.5,1,36609,0
1171,1123128,1607.0,485.0,1,36609,1
1171,1123129,1806.0,478.25,2,36610,0
1171,1123130,1797.0,490.0,1,36610,1
1171,1123131,1312.5,503.5,1,36610,2
1171,1123132,1585.0,527.0,1,36611,0
1171,1123133,1312.5,503.5,1,36611,1
1171,1123134,1607.0,485.0,1,36611,2
1171,1123135,1806.0,478.25,2,36612,0
1171,1123136,1797.0,490.0,1,36612,1
1171,1123137,1312.5,503.5,1,36612,2
1171,1123138,1607.0,485.0,1,36613,0
1171,1123139,1312.5,503.5,1,36613,1
1171,1123140,584.5,558.5,1,36613,2
1171,1123141,1585.0,527.0,1,36613,3
1171,1123142,1797.0,490.0,1,36614,0
1171,1123143,1806.0,478.25,2,36614,1
1171,1123144,1312.5,503.5,1,36615,0
1171,1123145,1585.0,527.0,1,36615,1
1171,1123146,1735.4166259765625,479.9166564941406,2,36615,2
1181,1123127,584.5,558.5,1,36609,0
1181,1123128,1607.0,485.0,1,36609,1
1181,1123129,1806.0,478.25,2,36610,0
1181,1123130,1797.0,490.0,1,36610,1
1181,1123131,1312.5,503.5,1,36610,2
1181,1123132,1585.0,527.0,1,36611,0
1181,1123133,1312.5,503.5,1,36611,1
1181,1123134,1607.0,485.0,1,36611,2
1181,1123135,1806.0,478.25,2,36612,0
1181,1123136,1797.0,490.0,1,36612,1
1181,1123137,1312.5,503.5,1,36612,2
1181,1123138,1607.0,485.0,1,36613,0
1181,1123139,1312.5,503.5,1,36613,1
1181,1123140,584.5,558.5,1,36613,2
1181,1123141,1585.0,527.0,1,36613,3
1181,1123142,1797.0,490.0,1,36614,0
1181,1123143,1806.0,478.25,2,36614,1
1181,1123144,1312.5,503.5,1,36615,0
1181,1123145,1585.0,527.0,1,36615,1
1181,1123146,1735.4166259765625,479.9166564941406,2,36615,2
1191,1123127,584.5,558.5,1,36609,0
1191,1123128,1607.0,485.0,1,36609,1
1191,1123129,1806.0,478.25,2,36610,0
1191,1123130,1797.0,490.0,1,36610,1
1191,1123131,1312.5,503.5,1,36610,2
1191,1123132,1585.0,527.0,1,36611,0
1191,1123133,1312.5,503.5,1,36611,1
1191,1123134,1607.0,485.0,1,36611,2
1191,1123135,1806.0,478.25,2,36612,0
1191,1123136,1797.0,490.0,1,36612,1
1191,1123137,1312.5,503.5,1,36612,2
1191,1123138,1607.0,485.0,1,36613,0
1191,1123139,1312.5,503.5,1,36613,1
1191,1123140,584.5,558.5,1,36613,2
1191,1123141,1585.0,527.0,1,36613,3
1191,1123142,1797.0,490.0,1,36614,0
1191,1123143,1806.0,478.25,2,36614,1
1191,1123144,1312.5,503.5,1,36615,0
1191,1123145,1585.0,527.0,1,36615,1
1191,1123146,1735.4166259765625,479.9166564941406,2,36615,2
1201,1123127,584.5,558.5,1,36609,0
1201,1123128,1607.0,485.0,1,36609,1
1201,1123129,1806.0,478.25,2,36610,0
1201,1123130,1797.0,490.0,1,36610,1
1201,1123131,1312.5,503.5,1,36610,2
1201,1123132,1585.0,527.0,1,36611,0
1201,1123133,1312.5,503.5,1,36611,1
1201,1123134,1607.0,485.0,1,36611,2
1201,1123135,1806.0,478.25,2,36612,0
1201,1123136,1797.0,490.0,1,36612,1
1201,1123137,1312.5,503.5,1,36612,2
1201,1123138,1607.0,485.0,1,36613,0
1201,1123139,1312.5,503.5,1,36613,1
1201,1123140,584.5,558.5,1,36613,2
1201,1123141,1585.0,527.0,1,36613,3
1201,1123142,1797.0,490.0,1,36614,0
1201,1123143,1806.0,478.25,2,36614,1
1201,1123144,1312.5,503.5,1,36615,0
1201,1123145,1585.0,527.0,1,36615,1
1201,1123146,1735.4166259765625,479.9166564941406,2,36615,2
1211,1123127,584.5,558.5,1,36609,0
1211,1123128,1607.0,485.0,1,36609,1
1211,1123129,1806.0,478.25,2,36610,0
1211,1123130,1797.0,490.0,1,36610,1
1211,1123131,1312.5,503.5,1,36610,2
1211,1123132,1585.0,527.0,1,36611,0
1211,1123133,1312.5,503.5,1,36611,1
1211,1123134,1607.0,485.0,1,36611,2
1211,1123135,1806.0,478.25,2,36612,0
1211,1123136,1797.0,490.0,1,36612,1
1211,1123137,1312.5,503.5,1,36612,2
1211,1123138,1607.0,485.0,1,36613,0
1211,1123139,1312.5,503.5,1,36613,1
1211,1123140,584.5,558.5,1,36613,2
1211,1123141,1585.0,527.0,1,36613,3
1211,1123142,1797.0,490.0,1,36614,0
1211,1123143,1806.0,478.25,2,36614,1
1211,1123144,1312.5,503.5,1,36615,0
1211,1123145,1585.0,527.0,1,36615,1
1211,1123146,1735.4166259765625,479.9166564941406,2,36615,2
1221,1123127,584.5,558.5,1,36609,0
1221,1123128,1607.0,485.0,1,36609,1
1221,1123129,1806.0,478.25,2,36610,0
1221,1123130,1797.0,490.0,1,36610,1
1221,1123131,1312.5,503.5,1,36610,2
1221,1123132,1585.0,527.0,1,36611,0
1221,1123133,1312.5,503.5,1,36611,1
1221,1123134,1607.0,485.0,1,36611,2
1221,1123135,1806.0,478.25,2,36612,0
1221,1123136,1797.0,490.0,1,36612,1
1221,1123137,1312.5,503.5,1,36612,2
1221,1123138,1607.0,485.0,1,36613,0
1221,1123139,1312.5,503.5,1,36613,1
1221,1123140,584.5,558.5,1,36613,2
1221,1123141,1585.0,527.0,1,36613,3
1221,1123142,1797.0,490.0,1,36614,0
1221,1123143,1806.0,478.25,2,36614,1
1221,1123144,1312.5,503.5,1,36615,0
1221,1123145,1585.0,527.0,1,36615,1
1221,1123146,1735.4166259765625,479.9166564941406,2,36615,2
1231,1123127,584.5,558.5,1,36609,0
1231,1123128,1607.0,485.0,1,36609,1
1231,1123129,1806.0,478.25,2,36610,0
1231,1123130,1797.0,490.0,1,36610,1
1231,1123131,1312.5,503.5,1,36610,2
1231,1123132,1585.0,527.0,1,36611,0
1231,1123133,1312.5,503.5,1,36611,1
1231,1123134,1607.0,485.0,1,36611,2
1231,1123135,1806.0,478.25,2,36612,0
1231,1123136,1797.0,490.0,1,36612,1
1231,1123137,1312.5,503.5,1,36612,2
1231,1123138,1607.0,485.0,1,36613,0
1231,1123139,1312.5,503.5,1,36613,1
1231,1123140,584.5,558.5,1,36613,2
1231,1123141,1585.0,527.0,1,36613,3
1231,1123142,1797.0,490.0,1,36614,0
1231,1123143,1806.0,478.25,2,36614,1
1231,1123144,1312.5,503.5,1,36615,0
1231,1123145,1585.0,527.0,1,36615,1
1231,1123146,1735.4166259765625,479.9166564941406,2,36615,2
1241,1123127,584.5,558.5,1,36609,0
1241,1123128,1607.0,485.0,1,36609,1
1241,1123129,1806.0,478.25,2,36610,0
1241,1123130,1797.0,490.0,1,36610,1
1241,1123131,1312.5,503.5,1,36610,2
1241,1123132,1585.0,527.0,1,36611,0
1241,1123133,1312.5,503.5,1,36611,1
1241,1123134,1607.0,485.0,1,36611,2
1241,1123135,1806.0,478.25,2,36612,0
1241,1123136,1797.0,490.0,1,36612,1
1241,1123137,1312.5,503.5,1,36612,2
1241,1123138,1607.0,485.0,1,36613,0
1241,1123139,1312.5,503.5,1,36613,1
1241,1123140,584.5,558.5,1,36613,2
1241,1123141,1585.0,527.0,1,36613,3
1241,1123142,1797.0,490.0,1,36614,0
1241,1123143,1806.0,478.25,2,36614,1
1241,1123144,1312.5,503.5,1,36615,0
1241,1123145,1585.0,527.0,1,36615,1
1241,1123146,1735.4166259765625,479.9166564941406,2,36615,2
1251,1123127,583.5,557.0,1,36609,0
1251,1123128,1577.5,489.5,1,36609,1
1251,1123129,1799.5,479.75,2,36610,0
1251,1123130,1788.0,499.0,1,36610,1
1251,1123131,1310.5,505.0,1,36610,2
1251,1123132,1565.5,529.5,1,36611,0
1251,1123133,1310.5,505.0,1,36611,1
1251,1123134,1577.5,489.5,1,36611,2
1251,1123135,1799.5,479.75,2,36612,0
1251,1123136,1788.0,499.0,1,36612,1
1251,1123137,1310.5,505.0,1,36612,2
1251,1123138,1577.5,489.5,1,36613,0
1251,1123139,1310.5,505.0,1,36613,1
1251,1123140,583.5,557.0,1,36613,2
1251,1123141,1565.5,529.5,1,36613,3
1251,1123142,1788.0,499.0,1,36614,0
1251,1123143,1799.5,479.75,2,36614,1
1251,1123144,1310.5,505.0,1,36615,0
1251,1123145,1565.5,529.5,1,36615,1
1251,1123146,1719.9166259765625,482.6666564941406,2,36615,2
1271,1123147,1513.5,557.0,1,36616,0
1271,1123148,1713.875,491.75,4,36616,1
1271,1123149,1144.5,499.5,1,36617,0
1271,1123150,901.5,507.0,1,36617,1
1271,1123151,1719.5999755859375,488.3999938964844,5,36618,0
1271,1123152,901.5,507.0,1,36618,1
1271,1123153,1513.5,557.0,1,36618,2
1271,1123154,1719.5999755859375,488.3999938964844,5,36619,0
1271,1123155,1513.5,557.0,1,36619,1
1271,1123156,1713.875,491.75,4,36620,0
1271,1123157,1513.5,557.0,1,36620,1
1271,1123158,1741.25,487.375,4,36621,0
1271,1123159,901.5,507.0,1,36622,0
1271,1123160,1144.5,499.5,1,36622,1
1271,1123161,1815.0,481.0,1,36622,2
1271,1123162,1719.5999755859375,488.3999938964844,5,36623,0
1271,1123163,1513.5,557.0,1,36623,1
1281,1123147,1513.5,557.0,1,36616,0
1281,1123148,1713.875,491.75,4,36616,1
1281,1123149,1144.5,499.5,1,36617,0
1281,1123150,901.5,507.0,1,36617,1
1281,1123151,1719.5999755859375,488.3999938964844,5,36618,0
1281,1123152,901.5,507.0,1,36618,1
1281,1123153,1513.5,557.0,1,36618,2
1281,1123154,1719.5999755859375,488.3999938964844,5,36619,0
1281,1123155,1513.5,557.0,1,36619,1
1281,1123156,1713.875,491.75,4,36620,0
1281,1123157,1513.5,557.0,1,36620,1
1281,1123158,1741.25,487.375,4,36621,0
1281,1123159,901.5,507.0,1,36622,0
1281,1123160,1144.5,499.5,1,36622,1
1281,1123161,1815.0,481.0,1,36622,2
1281,1123162,1719.5999755859375,488.3999938964844,5,36623,0
1281,1123163,1513.5,557.0,1,36623,1
1291,1123147,1513.5,557.0,1,36616,0
1291,1123148,1713.875,491.75,4,36616,1
1291,1123149,1144.5,499.5,1,36617,0
1291,1123150,901.5,507.0,1,36617,1
1291,1123151,1719.5999755859375,488.3999938964844,5,36618,0
1291,1123152,901.5,507.0,1,36618,1
1291,1123153,1513.5,557.0,1,36618,2
1291,1123154,1719.5999755859375,488.3999938964844,5,36619,0
1291,1123155,1513.5,557.0,1,36619,1
1291,1123156,1713.875,491.75,4,36620,0
1291,1123157,1513.5,557.0,1,36620,1
1291,1123158,1741.25,487.375,4,36621,0
1291,1123159,901.5,507.0,1,36622,0
1291,1123160,1144.5,499.5,1,36622,1
1291,1123161,1815.0,481.0,1,36622,2
1291,1123162,1719.5999755859375,488.3999938964844,5,36623,0
1291,1123163,1513.5,557.0,1,36623,1
1301,1123147,1513.5,557.0,1,36616,0
1301,1123148,1713.875,491.75,4,36616,1
1301,1123149,1144.5,499.5,1,36617,0
1301,1123150,901.5,507.0,1,36617,1
1301,1123151,1719.5999755859375,488.3999938964844,5,36618,0
1301,1123152,901.5,507.0,1,36618,1
1301,1123153,1513.5,557.0,1,36618,2
1301,1123154,1719.5999755859375,488.3999938964844,5,36619,0
1301,1123155,1513.5,557.0,1,36619,1
1301,1123156,1713.875,491.75,4,36620,0
1301,1123157,1513.5,557.0,1,36620,1
1301,1123158,1741.25,487.375,4,36621,0
1301,1123159,901.5,507.0,1,36622,0
1301,1123160,1144.5,499.5,1,36622,1
1301,1123161,1815.0,481.0,1,36622,2
1301,1123162,1719.5999755859375,488.3999938964844,5,36623,0
1301,1123163,1513.5,557.0,1,36623,1
1311,1123147,1513.5,557.0,1,36616,0
1311,1123148,1713.875,491.75,4,36616,1
1311,1123149,1144.5,499.5,1,36617,0
1311,1123150,901.5,507.0,1,36617,1
1311,1123151,1719.5999755859375,488.3999938964844,5,36618,0
1311,1123152,901.5,507.0,1,36618,1
1311,1123153,1513.5,557.0,1,36618,2
1311,1123154,1719.5999755859375,488.3999938964844,5,36619,0
1311,1123155,1513.5,557.0,1,36619,1
1311,1123156,1713.875,491.75,4,36620,0
1311,1123157,1513.5,557.0,1,36620,1
1311,1123158,1741.25,487.375,4,36621,0
1311,1123159,901.5,507.0,1,36622,0
1311,1123160,1144.5,499.5,1,36622,1
1311,1123161,1815.0,481.0,1,36622,2
1311,1123162,1719.5999755859375,488.3999938964844,5,36623,0
1311,1123163,1513.5,557.0,1,36623,1
1321,1123147,1513.5,557.0,1,36616,0
1321,1123148,1713.875,491.75,4,36616,1
1321,1123149,1144.5,499.5,1,36617,0
1321,1123150,901.5,507.0,1,36617,1
1321,1123151,1719.5999755859375,488.3999938964844,5,36618,0
1321,1123152,901.5,507.0,1,36618,1
1321,1123153,1513.5,557.0,1,36618,2
1321,1123154,1719.5999755859375,488.3999938964844,5,36619,0
1321,1123155,1513.5,557.0,1,36619,1
1321,1123156,1713.875,491.75,4,36620,0
1321,1123157,1513.5,557.0,1,36620,1
1321,1123158,1741.25,487.375,4,36621,0
1321,1123159,901.5,507.0,1,36622,0
1321,1123160,1144.5,499.5,1,36622,1
1321,1123161,1815.0,481.0,1,36622,2
1321,1123162,1719.5999755859375,488.3999938964844,5,36623,0
1321,1123163,1513.5,557.0,1,36623,1
1331,1123147,1513.5,557.0,1,36616,0
1331,1123148,1713.875,491.75,4,36616,1
1331,1123149,1144.5,499.5,1,36617,0
1331,1123150,901.5,507.0,1,36617,1
1331,1123151,1719.5999755859375,488.3999938964844,5,36618,0
1331,1123152,901.5,507.0,1,36618,1
1331,1123153,1513.5,557.0,1,36618,2
1331,1123154,1719.5999755859375,488.3999938964844,5,36619,0
1331,1123155,1513.5,557.0,1,36619,1
1331,1123156,1713.875,491.75,4,36620,0
1331,1123157,1513.5,557.0,1,36620,1
1331,1123158,1741.25,487.375,4,36621,0
1331,1123159,901.5,507.0,1,36622,0
1331,1123160,1144.5,499.5,1,36622,1
1331,1123161,1815.0,481.0,1,36622,2
1331,1123162,1719.5999755859375,488.3999938964844,5,36623,0
1331,1123163,1513.5,557.0,1,36623,1
1341,1123147,1513.5,557.0,1,36616,0
1341,1123148,1713.875,491.75,4,36616,1
1341,1123149,1144.5,499.5,1,36617,0
1341,1123150,901.5,507.0,1,36617,1
1341,1123151,1719.5999755859375,488.3999938964844,5,36618,0
1341,1123152,901.5,507.0,1,36618,1
1341,1123153,1513.5,557.0,1,36618,2
1341,1123154,1719.5999755859375,488.3999938964844,5,36619,0
1341,1123155,1513.5,557.0,1,36619,1
1341,1123156,1713.875,491.75,4,36620,0
1341,1123157,1513.5,557.0,1,36620,1
1341,1123158,1741.25,487.375,4,36621,0
1341,1123159,901.5,507.0,1,36622,0
1341,1123160,1144.5,499.5,1,36622,1
1341,1123161,1815.0,481.0,1,36622,2
1341,1123162,1719.5999755859375,488.3999938964844,5,36623,0
1341,1123163,1513.5,557.0,1,36623,1
1351,1123147,1513.5,557.0,1,36616,0
1351,1123148,1713.875,491.75,4,36616,1
1351,1123149,1144.5,499.5,1,36617,0
1351,1123150,901.5,507.0,1,36617,1
1351,1123151,1719.5999755859375,488.3999938964844,5,36618,0
1351,1123152,901.5,507.0,1,36618,1
1351,1123153,1513.5,557.0,1,36618,2
1351,1123154,1719.5999755859375,488.3999938964844,5,36619,0
1351,1123155,1513.5,557.0,1,36619,1
1351,1123156,1713.875,491.75,4,36620,0
1351,1123157,1513.5,557.0,1,36620,1
1351,1123158,1741.25,487.375,4,36621,0
1351,1123159,901.5,507.0,1,36622,0
1351,1123160,1144.5,499.5,1,36622,1
1351,1123161,1815.0,481.0,1,36622,2
1351,1123162,1719.5999755859375,488.3999938964844,5,36623,0
1351,1123163,1513.5,557.0,1,36623,1
1361,1123147,1513.0,552.5,1,36616,0
1361,1123148,1692.7083740234375,495.75,3,36616,1
1361,1123149,1108.5,503.0,1,36617,0
1361,1123150,941.0,503.5,1,36617,1
1361,1123151,1703.0999755859375,492.5249938964844,4,36618,0
1361,1123152,941.0,503.5,1,36618,1
1361,1123153,1513.0,552.5,1,36618,2
1361,1123154,1703.0999755859375,492.5249938964844,4,36619,0
1361,1123155,1513.0,552.5,1,36619,1
1361,1123156,1692.7083740234375,495.75,3,36620,0
1361,1123157,1513.0,552.5,1,36620,1
1361,1123158,1723.0833740234375,491.5416564941406,3,36621,0
1361,1123159,941.0,503.5,1,36622,0
1361,1123160,1108.5,503.0,1,36622,1
1361,1123161,1789.5,484.0,1,36622,2
1361,1123162,1703.0999755859375,492.5249938964844,4,36623,0
1361,1123163,1513.0,552.5,1,36623,1
1371,1123147,1513.0,552.5,1,36616,0
1371,1123148,1692.7083740234375,495.75,3,36616,1
1371,1123149,1108.5,503.0,1,36617,0
1371,1123150,941.0,503.5,1,36617,1
1371,1123151,1703.0999755859375,492.5249938964844,4,36618,0
1371,1123152,941.0,503.5,1,36618,1
1371,1123153,1513.0,552.5,1,36618,2
1371,1123154,1703.0999755859375,492.5249938964844,4,36619,0
1371,1123155,1513.0,552.5,1,36619,1
1371,1123156,1692.7083740234375,495.75,3,36620,0
1371,1123157,1513.0,552.5,1,36620,1
1371,1123158,1723.0833740234375,491.5416564941406,3,36621,0
1371,1123159,941.0,503.5,1,36622,0
1371,1123160,1108.5,503.0,1,36622,1
1371,1123161,1789.5,484.0,1,36622,2
1371,1123162,1703.0999755859375,492.5249938964844,4,36623,0
1371,1123163,1513.0,552.5,1,36623,1
1381,1123147,1513.0,552.5,1,36616,0
1381,1123148,1692.7083740234375,495.75,3,36616,1
1381,1123149,1108.5,503.0,1,36617,0
1381,1123150,941.0,503.5,1,36617,1
1381,1123151,1703.0999755859375,492.5249938964844,4,36618,0
1381,1123152,941.0,503.5,1,36618,1
1381,1123153,1513.0,552.5,1,36618,2
1381,1123154,1703.0999755859375,492.5249938964844,4,36619,0
1381,1123155,1513.0,552.5,1,36619,1
1381,1123156,1692.7083740234375,495.75,3,36620,0
1381,1123157,1513.0,552.5,1,36620,1
1381,1123158,1723.0833740234375,491.5416564941406,3,36621,0
1381,1123159,941.0,503.5,1,36622,0
1381,1123160,1108.5,503.0,1,36622,1
1381,1123161,1789.5,484.0,1,36622,2
1381,1123162,1703.0999755859375,492.5249938964844,4,36623,0
1381,1123163,1513.0,552.5,1,36623,1
1391,1123147,1513.0,552.5,1,36616,0
1391,1123148,1692.7083740234375,495.75,3,36616,1
1391,1123149,1108.5,503.0,1,36617,0
1391,1123150,941.0,503.5,1,36617,1
1391,1123151,1703.0999755859375,492.5249938964844,4,36618,0
1391,1123152,941.0,503.5,1,36618,1
1391,1123153,1513.0,552.5,1,36618,2
1391,1123154,1703.0999755859375,492.5249938964844,4,36619,0
1391,1123155,1513.0,552.5,1,36619,1
1391,1123156,1692.7083740234375,495.75,3,36620,0
1391,1123157,1513.0,552.5,1,36620,1
1391,1123158,1723.0833740234375,491.5416564941406,3,36621,0
1391,1123159,941.0,503.5,1,36622,0
1391,1123160,1108.5,503.0,1,36622,1
1391,1123161,1789.5,484.0,1,36622,2
1391,1123162,1703.0999755859375,492.5249938964844,4,36623,0
1391,1123163,1513.0,552.5,1,36623,1
1401,1123147,1513.0,552.5,2,36616,0
1401,1123148,1692.7083740234375,495.75,3,36616,1
1401,1123149,1108.5,503.0,1,36617,0
1401,1123150,941.0,503.5,1,36617,1
1401,1123151,1703.0999755859375,492.5249938964844,4,36618,0
1401,1123152,941.0,503.5,1,36618,1
1401,1123153,1513.0,552.5,2,36618,2
1401,1123154,1703.0999755859375,492.5249938964844,4,36619,0
1401,1123155,1513.0,552.5,2,36619,1
1401,1123156,1692.7083740234375,495.75,3,36620,0
1401,1123157,1513.0,552.5,2,36620,1
1401,1123158,1723.0833740234375,491.5416564941406,3,36621,0
1401,1123159,941.0,503.5,1,36622,0
1401,1123160,1108.5,503.0,1,36622,1
1401,1123161,1789.5,484.0,1,36622,2
1401,1123162,1703.0999755859375,492.5249938964844,4,36623,0
1401,1123163,1513.0,552.5,2,36623,1
1411,1123147,1513.0,552.5,2,36616,0
1411,1123148,1692.7083740234375,495.75,3,36616,1
1411,1123149,1108.5,503.0,1,36617,0
1411,1123150,941.0,503.5,1,36617,1
1411,1123151,1703.0999755859375,492.5249938964844,4,36618,0
1411,1123152,941.0,503.5,1,36618,1
1411,1123153,1513.0,552.5,2,36618,2
1411,1123154,1703.0999755859375,492.5249938964844,4,36619,0
1411,1123155,1513.0,552.5,2,36619,1
1411,1123156,1692.7083740234375,495.75,3,36620,0
1411,1123157,1513.0,552.5,2,36620,1
1411,1123158,1723.0833740234375,491.5416564941406,3,36621,0
1411,1123159,941.0,503.5,1,36622,0
1411,1123160,1108.5,503.0,1,36622,1
1411,1123161,1789.5,484.0,1,36622,2
1411,1123162,1703.0999755859375,492.5249938964844,4,36623,0
1411,1123163,1513.0,552.5,2,36623,1
1421,1123147,1513.0,552.5,2,36616,0
1421,1123148,1692.7083740234375,495.75,3,36616,1
1421,1123149,1108.5,503.0,1,36617,0
1421,1123150,941.0,503.5,1,36617,1
1421,1123151,1703.0999755859375,492.5249938964844,4,36618,0
1421,1123152,941.0,503.5,1,36618,1
1421,1123153,1513.0,552.5,2,36618,2
1421,1123154,1703.0999755859375,492.5249938964844,4,36619,0
1421,1123155,1513.0,552.5,2,36619,1
1421,1123156,1692.7083740234375,495.75,3,36620,0
1421,1123157,1513.0,552.5,2,36620,1
1421,1123158,1723.0833740234375,491.5416564941406,3,36621,0
1421,1123159,941.0,503.5,1,36622,0
1421,1123160,1108.5,503.0,1,36622,1
1421,1123161,1789.5,484.0,1,36622,2
1421,1123162,1703.0999755859375,492.5249938964844,4,36623,0
1421,1123163,1513.0,552.5,2,36623,1
1431,1123147,1513.0,552.5,2,36616,0
1431,1123148,1692.7083740234375,495.75,3,36616,1
1431,1123149,1108.5,503.0,1,36617,0
1431,1123150,941.0,503.5,1,36617,1
1431,1123151,1703.0999755859375,492.5249938964844,4,36618,0
1431,1123152,941.0,503.5,1,36618,1
1431,1123153,1513.0,552.5,2,36618,2
1431,1123154,1703.0999755859375,492.5249938964844,4,36619,0
1431,1123155,1513.0,552.5,2,36619,1
1431,1123156,1692.7083740234375,495.75,3,36620,0
1431,1123157,1513.0,552.5,2,36620,1
1431,1123158,1723.0833740234375,491.5416564941406,3,36621,0
1431,1123159,941.0,503.5,1,36622,0
1431,1123160,1108.5,503.0,1,36622,1
1431,1123161,1789.5,484.0,1,36622,2
1431,1123162,1703.0999755859375,492.5249938964844,4,36623,0
1431,1123163,1513.0,552.5,2,36623,1
1441,1123147,1513.0,552.5,2,36616,0
1441,1123148,1692.7083740234375,495.75,3,36616,1
1441,1123149,1108.5,503.0,1,36617,0
1441,1123150,941.0,503.5,1,36617,1
1441,1123151,1703.0999755859375,492.5249938964844,4,36618,0
1441,1123152,941.0,503.5,1,36618,1
1441,1123153,1513.0,552.5,2,36618,2
1441,1123154,1703.0999755859375,492.5249938964844,4,36619,0
1441,1123155,1513.0,552.5,2,36619,1
1441,1123156,1692.7083740234375,495.75,3,36620,0
1441,1123157,1513.0,552.5,2,36620,1
1441,1123158,1723.0833740234375,491.5416564941406,3,36621,0
1441,1123159,941.0,503.5,1,36622,0
1441,1123160,1108.5,503.0,1,36622,1
1441,1123161,1789.5,484.0,1,36622,2
1441,1123162,1703.0999755859375,492.5249938964844,4,36623,0
1441,1123163,1513.0,552.5,2,36623,1
1451,1123147,1513.0,552.5,2,36616,0
1451,1123148,1692.7083740234375,495.75,3,36616,1
1451,1123149,1108.5,503.0,1,36617,0
1451,1123150,941.0,503.5,1,36617,1
1451,1123151,1703.0999755859375,492.5249938964844,4,36618,0
1451,1123152,941.0,503.5,1,36618,1
1451,1123153,1513.0,552.5,2,36618,2
1451,1123154,1703.0999755859375,492.5249938964844,4,36619,0
1451,1123155,1513.0,552.5,2,36619,1
1451,1123156,1692.7083740234375,495.75,3,36620,0
1451,1123157,1513.0,552.5,2,36620,1
1451,1123158,1723.0833740234375,491.5416564941406,3,36621,0
1451,1123159,941.0,503.5,1,36622,0
1451,1123160,1108.5,503.0,1,36622,1
1451,1123161,1789.5,484.0,1,36622,2
1451,1123162,1703.0999755859375,492.5249938964844,4,36623,0
1451,1123163,1513.0,552.5,2,36623,1
1461,1123147,1491.25,565.25,2,36616,0
1461,1123148,1646.7083740234375,499.5,2,36616,1
1461,1123149,994.5,515.5,1,36617,0
1461,1123150,966.0,503.5,1,36617,1
1461,1123151,1662.7666015625,504.691650390625,3,36618,0
1461,1123152,966.0,503.5,1,36618,1
1461,1123153,1491.25,565.25,2,36618,2
1461,1123154,1662.7666015625,504.691650390625,3,36619,0
1461,1123155,1491.25,565.25,2,36619,1
1461,1123156,1646.7083740234375,499.5,2,36620,0
1461,1123157,1491.25,565.25,2,36620,1
1461,1123158,1686.3333740234375,500.7916564941406,2,36621,0
1461,1123159,966.0,503.5,1,36622,0
1461,1123160,994.5,515.5,1,36622,1
1461,1123161,1745.0,473.5,1,36622,2
1461,1123162,1662.7666015625,504.691650390625,3,36623,0
1461,1123163,1491.25,565.25,2,36623,1
1481,1123164,1907.25,477.75,2,36624,0
1481,1123165,1167.0,492.5,1,36625,0
1481,1123166,1907.25,477.75,2,36626,0
1481,1123167,1639.0,528.0,1,36627,0
1491,1123164,1907.25,477.75,2,36624,0
1491,1123165,1167.0,492.5,1,36625,0
1491,1123166,1907.25,477.75,2,36626,0
1491,1123167,1639.0,528.0,1,36627,0
1501,1123164,1907.25,477.75,2,36624,0
1501,1123165,1167.0,492.5,1,36625,0
1501,1123166,1907.25,477.75,2,36626,0
1501,1123167,1639.0,528.0,1,36627,0
1511,1123164,1907.25,477.75,2,36624,0
1511,1123165,1167.0,492.5,1,36625,0
1511,1123166,1907.25,477.75,2,36626,0
1511,1123167,1639.0,528.0,1,36627,0
1521,1123164,1907.25,477.75,2,36624,0
1521,1123165,1167.0,492.5,1,36625,0
1521,1123166,1907.25,477.75,2,36626,0
1521,1123167,1639.0,528.0,1,36627,0
1531,1123164,1907.25,477.75,2,36624,0
1531,1123165,1167.0,492.5,1,36625,0
1531,1123166,1907.25,477.75,2,36626,0
1531,1123167,1639.0,528.0,1,36627,0
1541,1123164,1907.25,477.75,2,36624,0
1541,1123165,1167.0,492.5,1,36625,0
1541,1123166,1907.25,477.75,2,36626,0
1541,1123167,1639.0,528.0,1,36627,0
1551,1123164,1907.25,477.75,2,36624,0
1551,1123165,1167.0,492.5,1,36625,0
1551,1123166,1907.25,477.75,2,36626,0
1551,1123167,1639.0,528.0,1,36627,0
1561,1123164,1907.25,477.75,2,36624,0
1561,1123165,1167.0,492.5,1,36625,0
1561,1123166,1907.25,477.75,2,36626,0
1561,1123167,1639.0,528.0,1,36627,0
1571,1123164,1899.5,479.5,2,36624,0
1571,1123165,1196.5,494.0,1,36625,0
1571,1123166,1899.5,479.5,2,36626,0
1571,1123167,1628.5,525.5,1,36627,0
1581,1123164,1899.5,479.5,2,36624,0
1581,1123165,1196.5,494.0,1,36625,0
1581,1123166,1899.5,479.5,2,36626,0
1581,1123167,1628.5,525.5,1,36627,0
1591,1123164,1899.5,479.5,2,36624,0
1591,1123165,1196.5,494.0,1,36625,0
1591,1123166,1899.5,479.5,2,36626,0
1591,1123167,1628.5,525.5,1,36627,0
1601,1123164,1899.5,479.5,2,36624,0
1601,1123165,1196.5,494.0,1,36625,0
1601,1123166,1899.5,479.5,2,36626,0
1601,1123167,1628.5,525.5,1,36627,0
1611,1123164,1899.5,479.5,2,36624,0
1611,1123165,1196.5,494.0,1,36625,0
1611,1123166,1899.5,479.5,2,36626,0
1611,1123167,1628.5,525.5,1,36627,0
1621,1123164,1899.5,479.5,2,36624,0
1621,1123165,1196.5,494.0,1,36625,0
1621,1123166,1899.5,479.5,2,36626,0
1621,1123167,1628.5,525.5,1,36627,0
1631,1123164,1899.5,479.5,2,36624,0
1631,1123165,1196.5,494.0,1,36625,0
1631,1123166,1899.5,479.5,2,36626,0
1631,1123167,1628.5,525.5,1,36627,0
1641,1123164,1899.5,479.5,2,36624,0
1641,1123165,1196.5,494.0,1,36625,0
1641,1123166,1899.5,479.5,2,36626,0
1641,1123167,1628.5,525.5,1,36627,0
1651,1123164,1899.5,479.5,2,36624,0
1651,1123165,1196.5,494.0,1,36625,0
1651,1123166,1899.5,479.5,2,36626,0
1651,1123167,1628.5,525.5,1,36627,0
1661,1123164,1899.5,479.5,2,36624,0
1661,1123165,1196.5,494.0,1,36625,0
1661,1123166,1899.5,479.5,2,36626,0
1661,1123167,1628.5,525.5,1,36627,0
1671,1123164,1895.75,478.25,2,36624,0
1671,1123165,1235.5,495.5,1,36625,0
1671,1123166,1895.75,478.25,2,36626,0
1671,1123167,1625.5,527.0,1,36627,0
